binf_chr_start_end	chrom	start	end	row_sum_support	passes_heatmap_filter	heatmap_cluster
chr1_1014432_1014433	chr1	1014432	1014433	103	False	NA
chr1_1045196_1045197	chr1	1045196	1045197	2449	True	1
chr1_1055015_1055016	chr1	1055015	1055016	12450	True	6
chr1_6613870_6613871	chr1	6613870	6613871	121	False	NA
chr1_7961718_7961719	chr1	7961718	7961719	2136	True	3
chr1_7977678_7977679	chr1	7977678	7977679	975	True	3
chr1_8727163_8727164	chr1	8727163	8727164	97	False	NA
chr1_8861382_8861383	chr1	8861382	8861383	22666	True	6
chr1_11012653_11012654	chr1	11012653	11012654	2894	True	6
chr1_17257843_17257844	chr1	17257843	17257844	93	False	NA
chr1_17439666_17439667	chr1	17439666	17439667	3252	True	6
chr1_19622133_19622134	chr1	19622133	19622134	1295	True	3
chr1_21885095_21885096	chr1	21885095	21885096	1429	True	1
chr1_23310975_23310976	chr1	23310975	23310976	7698	True	6
chr1_23311273_23311274	chr1	23311273	23311274	7604	True	6
chr1_23318670_23318671	chr1	23318670	23318671	4500	True	1
chr1_25900671_25900672	chr1	25900671	25900672	15924	True	6
chr1_25901508_25901509	chr1	25901508	25901509	8444	True	6
chr1_25901625_25901626	chr1	25901625	25901626	10952	True	6
chr1_26472514_26472515	chr1	26472514	26472515	12236	True	6
chr1_26472588_26472589	chr1	26472588	26472589	13595	True	6
chr1_26945619_26945620	chr1	26945619	26945620	2412	True	1
chr1_26946176_26946177	chr1	26946176	26946177	3095	True	6
chr1_27834412_27834413	chr1	27834412	27834413	10563	True	3
chr1_27834443_27834444	chr1	27834443	27834444	20515	True	6
chr1_27834546_27834547	chr1	27834546	27834547	15986	True	6
chr1_28506081_28506082	chr1	28506081	28506082	13331	True	6
chr1_28538827_28538828	chr1	28538827	28538828	2394	True	6
chr1_28581022_28581023	chr1	28581022	28581023	39581	True	6
chr1_30949202_30949203	chr1	30949202	30949203	0	False	NA
chr1_30968217_30968218	chr1	30968217	30968218	13577	True	6
chr1_35189008_35189009	chr1	35189008	35189009	7796	True	6
chr1_35189064_35189065	chr1	35189064	35189065	6495	True	6
chr1_35190583_35190584	chr1	35190583	35190584	4267	True	6
chr1_35190878_35190879	chr1	35190878	35190879	7640	True	6
chr1_35808335_35808336	chr1	35808335	35808336	122	False	NA
chr1_39028868_39028869	chr1	39028868	39028869	2809	True	6
chr1_39034536_39034537	chr1	39034536	39034537	3260	True	3
chr1_39560911_39560912	chr1	39560911	39560912	6291	True	4
chr1_39560969_39560970	chr1	39560969	39560970	6138	True	4
chr1_39567393_39567394	chr1	39567393	39567394	29670	True	6
chr1_39567494_39567495	chr1	39567494	39567495	42597	True	6
chr1_40988629_40988630	chr1	40988629	40988630	570	True	1
chr1_41008708_41008709	chr1	41008708	41008709	1556	True	1
chr1_42682690_42682691	chr1	42682690	42682691	6664	True	6
chr1_44418076_44418077	chr1	44418076	44418077	705	True	5
chr1_45511165_45511166	chr1	45511165	45511166	15800	True	6
chr1_46303718_46303719	chr1	46303718	46303719	6938	True	6
chr1_46316730_46316731	chr1	46316730	46316731	9746	True	4
chr1_52754321_52754322	chr1	52754321	52754322	15682	True	2
chr1_55064700_55064701	chr1	55064700	55064701	6301	True	4
chr1_59874555_59874556	chr1	59874555	59874556	77	False	NA
chr1_62025661_62025662	chr1	62025661	62025662	184	False	NA
chr1_62442241_62442242	chr1	62442241	62442242	1475	True	1
chr1_67411482_67411483	chr1	67411482	67411483	3420	True	4
chr1_67424894_67424895	chr1	67424894	67424895	871	True	1
chr1_67425108_67425109	chr1	67425108	67425109	249	True	5
chr1_67430240_67430241	chr1	67430240	67430241	14496	True	6
chr1_67430334_67430335	chr1	67430334	67430335	8923	True	6
chr1_67430387_67430388	chr1	67430387	67430388	5287	True	6
chr1_77962838_77962839	chr1	77962838	77962839	3870	True	6
chr1_77963617_77963618	chr1	77963617	77963618	4127	True	6
chr1_77979074_77979075	chr1	77979074	77979075	1750	True	6
chr1_85580807_85580808	chr1	85580807	85580808	34	False	NA
chr1_85580944_85580945	chr1	85580944	85580945	25	False	NA
chr1_85581463_85581464	chr1	85581463	85581464	64	False	NA
chr1_85581932_85581933	chr1	85581932	85581933	136	False	NA
chr1_85581960_85581961	chr1	85581960	85581961	136	False	NA
chr1_85582112_85582113	chr1	85582112	85582113	173	False	NA
chr1_85582606_85582607	chr1	85582606	85582607	95	False	NA
chr1_85583056_85583057	chr1	85583056	85583057	229	True	2
chr1_85583079_85583080	chr1	85583079	85583080	226	True	2
chr1_85583107_85583108	chr1	85583107	85583108	223	True	2
chr1_85583623_85583624	chr1	85583623	85583624	164	False	NA
chr1_86863460_86863461	chr1	86863460	86863461	2791	True	4
chr1_109621590_109621591	chr1	109621590	109621591	830	True	2
chr1_111461196_111461197	chr1	111461196	111461197	1455	True	3
chr1_112667119_112667120	chr1	112667119	112667120	1222	True	3
chr1_112914082_112914083	chr1	112914082	112914083	3576	True	6
chr1_112917314_112917315	chr1	112917314	112917315	4032	True	6
chr1_112917660_112917661	chr1	112917660	112917661	1965	True	6
chr1_112917870_112917871	chr1	112917870	112917871	3385	True	1
chr1_112956197_112956198	chr1	112956197	112956198	1802	True	1
chr1_114723963_114723964	chr1	114723963	114723964	5268	True	6
chr1_114734105_114734106	chr1	114734105	114734106	4117	True	6
chr1_115085010_115085011	chr1	115085010	115085011	0	False	NA
chr1_116395181_116395182	chr1	116395181	116395182	5810	True	6
chr1_116400897_116400898	chr1	116400897	116400898	8110	True	6
chr1_120850856_120850857	chr1	120850856	120850857	7364	True	6
chr1_144952739_144952740	chr1	144952739	144952740	3256	True	5
chr1_145925782_145925783	chr1	145925782	145925783	1041	True	4
chr1_147203168_147203169	chr1	147203168	147203169	1240	True	2
chr1_148161082_148161083	chr1	148161082	148161083	1030	True	5
chr1_148388629_148388630	chr1	148388629	148388630	2744	True	4
chr1_149886238_149886239	chr1	149886238	149886239	6035	True	3
chr1_149887124_149887125	chr1	149887124	149887125	2620	True	6
chr1_149887276_149887277	chr1	149887276	149887277	4401	True	1
chr1_150218762_150218763	chr1	150218762	150218763	4303	True	4
chr1_150575609_150575610	chr1	150575609	150575610	2941	True	6
chr1_150575875_150575876	chr1	150575875	150575876	5430	True	4
chr1_150575893_150575894	chr1	150575893	150575894	5012	True	4
chr1_150576443_150576444	chr1	150576443	150576444	2317	True	4
chr1_150576616_150576617	chr1	150576616	150576617	3239	True	3
chr1_150576793_150576794	chr1	150576793	150576794	2389	True	4
chr1_150577348_150577349	chr1	150577348	150577349	3594	True	3
chr1_150578895_150578896	chr1	150578895	150578896	4667	True	6
chr1_150622178_150622179	chr1	150622178	150622179	3768	True	6
chr1_152033653_152033654	chr1	152033653	152033654	749	True	3
chr1_152033736_152033737	chr1	152033736	152033737	1034	True	3
chr1_153535210_153535211	chr1	153535210	153535211	259	True	5
chr1_153543892_153543893	chr1	153543892	153543893	81	False	NA
chr1_153991203_153991204	chr1	153991203	153991204	1041	True	1
chr1_153991607_153991608	chr1	153991607	153991608	296	True	5
chr1_154156996_154156997	chr1	154156996	154156997	6460	True	6
chr1_154157490_154157491	chr1	154157490	154157491	5750	True	6
chr1_154157520_154157521	chr1	154157520	154157521	7494	True	6
chr1_154170419_154170420	chr1	154170419	154170420	2136	True	6
chr1_154259758_154259759	chr1	154259758	154259759	17012	True	3
chr1_155919932_155919933	chr1	155919932	155919933	53440	True	6
chr1_155926022_155926023	chr1	155926022	155926023	34536	True	6
chr1_155926074_155926075	chr1	155926074	155926075	34511	True	6
chr1_156009211_156009212	chr1	156009211	156009212	1872	True	3
chr1_156009587_156009588	chr1	156009587	156009588	2707	True	1
chr1_156009615_156009616	chr1	156009615	156009616	2505	True	1
chr1_156011813_156011814	chr1	156011813	156011814	1475	True	1
chr1_156114991_156114992	chr1	156114991	156114992	3391	True	6
chr1_156115114_156115115	chr1	156115114	156115115	3011	True	6
chr1_156115256_156115257	chr1	156115256	156115257	2753	True	3
chr1_156134477_156134478	chr1	156134477	156134478	4351	True	6
chr1_156309005_156309006	chr1	156309005	156309006	2093	True	4
chr1_156317245_156317246	chr1	156317245	156317246	3186	True	6
chr1_156317462_156317463	chr1	156317462	156317463	3365	True	6
chr1_156317536_156317537	chr1	156317536	156317537	3256	True	6
chr1_156318930_156318931	chr1	156318930	156318931	1748	True	3
chr1_156318967_156318968	chr1	156318967	156318968	1765	True	3
chr1_156320925_156320926	chr1	156320925	156320926	4276	True	6
chr1_156333641_156333642	chr1	156333641	156333642	5502	True	6
chr1_156742210_156742211	chr1	156742210	156742211	7028	True	6
chr1_156742337_156742338	chr1	156742337	156742338	12982	True	6
chr1_156742412_156742413	chr1	156742412	156742413	18352	True	6
chr1_156742560_156742561	chr1	156742560	156742561	12359	True	6
chr1_156742653_156742654	chr1	156742653	156742654	4369	True	4
chr1_156743729_156743730	chr1	156743729	156743730	4892	True	6
chr1_159918450_159918451	chr1	159918450	159918451	9807	True	3
chr1_159919820_159919821	chr1	159919820	159919821	2018	True	3
chr1_161100611_161100612	chr1	161100611	161100612	2501	True	4
chr1_161100630_161100631	chr1	161100630	161100631	2572	True	4
chr1_165655567_165655568	chr1	165655567	165655568	1118	True	5
chr1_165759557_165759558	chr1	165759557	165759558	1008	True	1
chr1_173485373_173485374	chr1	173485373	173485374	3989	True	3
chr1_173486385_173486386	chr1	173486385	173486386	5086	True	6
chr1_173487930_173487931	chr1	173487930	173487931	8927	True	6
chr1_173488219_173488220	chr1	173488219	173488220	4216	True	4
chr1_173488761_173488762	chr1	173488761	173488762	871	True	5
chr1_175010021_175010022	chr1	175010021	175010022	3895	True	3
chr1_180349227_180349228	chr1	180349227	180349228	711	True	5
chr1_182866539_182866540	chr1	182866539	182866540	1958	True	6
chr1_183134730_183134731	chr1	183134730	183134731	1429	True	2
chr1_183692319_183692320	chr1	183692319	183692320	86	False	NA
chr1_184690882_184690883	chr1	184690882	184690883	755	True	5
chr1_186977742_186977743	chr1	186977742	186977743	10	False	NA
chr1_193057416_193057417	chr1	193057416	193057417	94	False	NA
chr1_202619949_202619950	chr1	202619949	202619950	0	False	NA
chr1_203729623_203729624	chr1	203729623	203729624	6919	True	5
chr1_204707393_204707394	chr1	204707393	204707394	0	False	NA
chr1_205720534_205720535	chr1	205720534	205720535	12060	True	6
chr1_205727708_205727709	chr1	205727708	205727709	8974	True	6
chr1_205727794_205727795	chr1	205727794	205727795	8918	True	6
chr1_206345709_206345710	chr1	206345709	206345710	680	True	5
chr1_207321767_207321768	chr1	207321767	207321768	1892	True	1
chr1_207322563_207322564	chr1	207322563	207322564	1160	True	3
chr1_207326804_207326805	chr1	207326804	207326805	1576	True	3
chr1_207359734_207359735	chr1	207359734	207359735	853	True	5
chr1_207359754_207359755	chr1	207359754	207359755	838	True	5
chr1_207360075_207360076	chr1	207360075	207360076	825	True	5
chr1_223775135_223775136	chr1	223775135	223775136	1328	True	5
chr1_225789498_225789499	chr1	225789498	225789499	5074	True	4
chr1_226900274_226900275	chr1	226900274	226900275	1252	True	5
chr1_230067238_230067239	chr1	230067238	230067239	1018	True	1
chr1_230082151_230082152	chr1	230082151	230082152	624	True	5
chr1_230178262_230178263	chr1	230178262	230178263	812	True	1
chr1_230236360_230236361	chr1	230236360	230236361	335	True	1
chr1_230236410_230236411	chr1	230236410	230236411	335	True	1
chr1_230246116_230246117	chr1	230246116	230246117	291	True	2
chr1_230249203_230249204	chr1	230249203	230249204	314	True	2
chr1_230249266_230249267	chr1	230249266	230249267	209	True	2
chr1_230262924_230262925	chr1	230262924	230262925	248	True	2
chr1_230262952_230262953	chr1	230262952	230262953	331	True	1
chr1_230274487_230274488	chr1	230274487	230274488	951	True	1
chr1_230279536_230279537	chr1	230279536	230279537	1413	True	2
chr1_230279558_230279559	chr1	230279558	230279559	1480	True	2
chr1_230280589_230280590	chr1	230280589	230280590	1535	True	5
chr1_230280802_230280803	chr1	230280802	230280803	1669	True	2
chr1_230281487_230281488	chr1	230281487	230281488	2111	True	5
chr1_230281889_230281890	chr1	230281889	230281890	1599	True	2
chr1_230281929_230281930	chr1	230281929	230281930	2219	True	2
chr1_230282003_230282004	chr1	230282003	230282004	1623	True	5
chr1_231422321_231422322	chr1	231422321	231422322	1196	True	2
chr1_237603034_237603035	chr1	237603034	237603035	6534	True	6
chr1_242147440_242147441	chr1	242147440	242147441	0	False	NA
chr1_243290782_243290783	chr1	243290782	243290783	25	False	NA
chr1_244853627_244853628	chr1	244853627	244853628	3534	True	4
chr1_244854004_244854005	chr1	244854004	244854005	3907	True	4
chr1_244854237_244854238	chr1	244854237	244854238	14977	True	6
chr1_244854328_244854329	chr1	244854328	244854329	16947	True	6
chr1_244854385_244854386	chr1	244854385	244854386	15019	True	6
chr1_244856077_244856078	chr1	244856077	244856078	10151	True	6
chr1_244856114_244856115	chr1	244856114	244856115	9058	True	6
chr1_244856572_244856573	chr1	244856572	244856573	13044	True	6
chr1_244856807_244856808	chr1	244856807	244856808	13573	True	6
chr1_244857616_244857617	chr1	244857616	244857617	12470	True	6
chr1_244858051_244858052	chr1	244858051	244858052	13411	True	6
chr1_244858081_244858082	chr1	244858081	244858082	13731	True	6
chr1_244858191_244858192	chr1	244858191	244858192	12866	True	6
chr1_244858761_244858762	chr1	244858761	244858762	9650	True	6
chr1_244863859_244863860	chr1	244863859	244863860	23765	True	6
chr1_244864088_244864089	chr1	244864088	244864089	17926	True	6
chr1_244864428_244864429	chr1	244864428	244864429	16766	True	6
chr1_246444467_246444468	chr1	246444467	246444468	20	False	NA
chr10_15371241_15371242	chr10	15371241	15371242	737	True	2
chr10_16965003_16965004	chr10	16965003	16965004	41	False	NA
chr10_17229290_17229291	chr10	17229290	17229291	3520	True	3
chr10_17229358_17229359	chr10	17229358	17229359	5598	True	3
chr10_17229770_17229771	chr10	17229770	17229771	3087	True	3
chr10_17233596_17233597	chr10	17233596	17233597	3161	True	3
chr10_17233828_17233829	chr10	17233828	17233829	4002	True	3
chr10_32901479_32901480	chr10	32901479	32901480	933	True	2
chr10_32911923_32911924	chr10	32911923	32911924	3235	True	6
chr10_32912075_32912076	chr10	32912075	32912076	3785	True	1
chr10_32922301_32922302	chr10	32922301	32922302	1339	True	1
chr10_32922650_32922651	chr10	32922650	32922651	1783	True	1
chr10_32923587_32923588	chr10	32923587	32923588	840	True	1
chr10_32928138_32928139	chr10	32928138	32928139	2319	True	1
chr10_32935545_32935546	chr10	32935545	32935546	2008	True	1
chr10_32958223_32958224	chr10	32958223	32958224	1721	True	1
chr10_43386816_43386817	chr10	43386816	43386817	5510	True	6
chr10_67045522_67045523	chr10	67045522	67045523	11654	True	6
chr10_67045642_67045643	chr10	67045642	67045643	11269	True	6
chr10_68337201_68337202	chr10	68337201	68337202	2750	True	6
chr10_68960200_68960201	chr10	68960200	68960201	4442	True	1
chr10_68973616_68973617	chr10	68973616	68973617	3039	True	6
chr10_68982789_68982790	chr10	68982789	68982790	4344	True	6
chr10_68982828_68982829	chr10	68982828	68982829	2264	True	1
chr10_71816622_71816623	chr10	71816622	71816623	17842	True	6
chr10_71817315_71817316	chr10	71817315	71817316	27862	True	6
chr10_71828087_71828088	chr10	71828087	71828088	8004	True	1
chr10_71851221_71851222	chr10	71851221	71851222	3457	True	6
chr10_72275474_72275475	chr10	72275474	72275475	12873	True	6
chr10_72275919_72275920	chr10	72275919	72275920	12044	True	6
chr10_73126163_73126164	chr10	73126163	73126164	6942	True	3
chr10_73126204_73126205	chr10	73126204	73126205	6942	True	3
chr10_80272064_80272065	chr10	80272064	80272065	333	True	2
chr10_84141612_84141613	chr10	84141612	84141613	3183	True	6
chr10_94562706_94562707	chr10	94562706	94562707	525	True	1
chr10_98837974_98837975	chr10	98837974	98837975	30	False	NA
chr10_100237156_100237157	chr10	100237156	100237157	79537	True	6
chr10_100237302_100237303	chr10	100237302	100237303	67255	True	6
chr10_100348266_100348267	chr10	100348266	100348267	15460	True	6
chr10_100356635_100356636	chr10	100356635	100356636	14443	True	6
chr10_100356749_100356750	chr10	100356749	100356750	13068	True	6
chr10_100362385_100362386	chr10	100362385	100362386	42117	True	6
chr10_101781520_101781521	chr10	101781520	101781521	2036	True	4
chr10_119058059_119058060	chr10	119058059	119058060	5889	True	1
chr11_810008_810009	chr11	810008	810009	38318	True	6
chr11_810307_810308	chr11	810307	810308	34566	True	6
chr11_811691_811692	chr11	811691	811692	92335	True	6
chr11_811792_811793	chr11	811792	811793	39156	True	6
chr11_812554_812555	chr11	812554	812555	40061	True	6
chr11_826876_826877	chr11	826876	826877	1389	True	5
chr11_1854381_1854382	chr11	1854381	1854382	0	False	NA
chr11_2928526_2928527	chr11	2928526	2928527	449	True	5
chr11_2971522_2971523	chr11	2971522	2971523	3730	True	1
chr11_9384650_9384651	chr11	9384650	9384651	2228	True	6
chr11_9410058_9410059	chr11	9410058	9410059	2623	True	1
chr11_9423022_9423023	chr11	9423022	9423023	978	True	1
chr11_9428775_9428776	chr11	9428775	9428776	30964	True	6
chr11_9437853_9437854	chr11	9437853	9437854	3355	True	6
chr11_10797337_10797338	chr11	10797337	10797338	5315	True	4
chr11_10799415_10799416	chr11	10799415	10799416	4704	True	6
chr11_10799560_10799561	chr11	10799560	10799561	3626	True	6
chr11_10799590_10799591	chr11	10799590	10799591	3963	True	6
chr11_10800804_10800805	chr11	10800804	10800805	3460	True	6
chr11_10803521_10803522	chr11	10803521	10803522	5540	True	6
chr11_10804176_10804177	chr11	10804176	10804177	2738	True	6
chr11_10805958_10805959	chr11	10805958	10805959	4277	True	1
chr11_10807261_10807262	chr11	10807261	10807262	9459	True	6
chr11_12764186_12764187	chr11	12764186	12764187	462	True	2
chr11_16974741_16974742	chr11	16974741	16974742	104	False	NA
chr11_17074677_17074678	chr11	17074677	17074678	19189	True	6
chr11_17074731_17074732	chr11	17074731	17074732	19304	True	6
chr11_17077450_17077451	chr11	17077450	17077451	5676	True	3
chr11_18402846_18402847	chr11	18402846	18402847	1433	True	1
chr11_18402935_18402936	chr11	18402935	18402936	3092	True	6
chr11_18403005_18403006	chr11	18403005	18403006	2339	True	6
chr11_18403699_18403700	chr11	18403699	18403700	22830	True	6
chr11_18405532_18405533	chr11	18405532	18405533	13270	True	6
chr11_32097158_32097159	chr11	32097158	32097159	164	False	NA
chr11_32097313_32097314	chr11	32097313	32097314	98	False	NA
chr11_33709502_33709503	chr11	33709502	33709503	1778	True	4
chr11_33709554_33709555	chr11	33709554	33709555	1990	True	4
chr11_33710056_33710057	chr11	33710056	33710057	2669	True	3
chr11_33710178_33710179	chr11	33710178	33710179	2418	True	3
chr11_33717401_33717402	chr11	33717401	33717402	856	True	1
chr11_34079671_34079672	chr11	34079671	34079672	3734	True	1
chr11_35139268_35139269	chr11	35139268	35139269	10	False	NA
chr11_35189882_35189883	chr11	35189882	35189883	66	False	NA
chr11_35214892_35214893	chr11	35214892	35214893	13	False	NA
chr11_35221718_35221719	chr11	35221718	35221719	32	False	NA
chr11_35229381_35229382	chr11	35229381	35229382	266	True	5
chr11_35229486_35229487	chr11	35229486	35229487	326	True	5
chr11_35230229_35230230	chr11	35230229	35230230	191	False	NA
chr11_46762484_46762485	chr11	46762484	46762485	23301	True	6
chr11_47408706_47408707	chr11	47408706	47408707	0	False	NA
chr11_47618760_47618761	chr11	47618760	47618761	1264	True	4
chr11_57420989_57420990	chr11	57420989	57420990	890	True	3
chr11_61299558_61299559	chr11	61299558	61299559	3578	True	6
chr11_61967495_61967496	chr11	61967495	61967496	65317	True	6
chr11_62516425_62516426	chr11	62516425	62516426	4176	True	6
chr11_62516823_62516824	chr11	62516823	62516824	4092	True	1
chr11_62519649_62519650	chr11	62519649	62519650	4110	True	1
chr11_62520284_62520285	chr11	62520284	62520285	3690	True	1
chr11_62524185_62524186	chr11	62524185	62524186	5315	True	1
chr11_62524209_62524210	chr11	62524209	62524210	4715	True	1
chr11_62524505_62524506	chr11	62524505	62524506	3243	True	1
chr11_62524692_62524693	chr11	62524692	62524693	3225	True	1
chr11_62524798_62524799	chr11	62524798	62524799	1772	True	1
chr11_62526718_62526719	chr11	62526718	62526719	3487	True	1
chr11_62527045_62527046	chr11	62527045	62527046	5235	True	1
chr11_62527340_62527341	chr11	62527340	62527341	5603	True	1
chr11_62527396_62527397	chr11	62527396	62527397	4984	True	1
chr11_62527458_62527459	chr11	62527458	62527459	4280	True	1
chr11_62528688_62528689	chr11	62528688	62528689	4412	True	1
chr11_62528988_62528989	chr11	62528988	62528989	6414	True	1
chr11_62529154_62529155	chr11	62529154	62529155	4663	True	1
chr11_62529656_62529657	chr11	62529656	62529657	3973	True	1
chr11_62529754_62529755	chr11	62529754	62529755	4906	True	1
chr11_62530139_62530140	chr11	62530139	62530140	4604	True	1
chr11_62530631_62530632	chr11	62530631	62530632	6583	True	1
chr11_62531214_62531215	chr11	62531214	62531215	5275	True	1
chr11_62531415_62531416	chr11	62531415	62531416	3771	True	1
chr11_62531597_62531598	chr11	62531597	62531598	5510	True	1
chr11_62532266_62532267	chr11	62532266	62532267	5204	True	1
chr11_62567405_62567406	chr11	62567405	62567406	6549	True	6
chr11_62572685_62572686	chr11	62572685	62572686	13006	True	6
chr11_62625498_62625499	chr11	62625498	62625499	11659	True	6
chr11_62625646_62625647	chr11	62625646	62625647	10510	True	6
chr11_62626598_62626599	chr11	62626598	62626599	2058	True	3
chr11_62632584_62632585	chr11	62632584	62632585	2736	True	1
chr11_62723708_62723709	chr11	62723708	62723709	3424	True	1
chr11_62881328_62881329	chr11	62881328	62881329	2008	True	3
chr11_62881918_62881919	chr11	62881918	62881919	6827	True	3
chr11_62884643_62884644	chr11	62884643	62884644	3573	True	1
chr11_62885320_62885321	chr11	62885320	62885321	3732	True	3
chr11_62885559_62885560	chr11	62885559	62885560	4644	True	6
chr11_62888180_62888181	chr11	62888180	62888181	4305	True	3
chr11_62888589_62888590	chr11	62888589	62888590	7372	True	3
chr11_63752611_63752612	chr11	63752611	63752612	1903	True	1
chr11_64193212_64193213	chr11	64193212	64193213	3064	True	6
chr11_64197279_64197280	chr11	64197279	64197280	2817	True	6
chr11_64197317_64197318	chr11	64197317	64197318	2878	True	6
chr11_64197915_64197916	chr11	64197915	64197916	1923	True	6
chr11_64199983_64199984	chr11	64199983	64199984	2382	True	6
chr11_64204243_64204244	chr11	64204243	64204244	5797	True	6
chr11_64244573_64244574	chr11	64244573	64244574	2788	True	6
chr11_64316840_64316841	chr11	64316840	64316841	5058	True	4
chr11_64770277_64770278	chr11	64770277	64770278	3425	True	1
chr11_65120672_65120673	chr11	65120672	65120673	12415	True	6
chr11_65120800_65120801	chr11	65120800	65120801	16187	True	6
chr11_65120986_65120987	chr11	65120986	65120987	1476	True	3
chr11_65121019_65121020	chr11	65121019	65121020	1558	True	3
chr11_65122118_65122119	chr11	65122118	65122119	7629	True	6
chr11_65147608_65147609	chr11	65147608	65147609	12046	True	6
chr11_65424970_65424971	chr11	65424970	65424971	70013	True	4
chr11_65427986_65427987	chr11	65427986	65427987	71063	True	6
chr11_65436250_65436251	chr11	65436250	65436251	53329	True	6
chr11_65445181_65445182	chr11	65445181	65445182	33756	True	6
chr11_65445430_65445431	chr11	65445430	65445431	52552	True	6
chr11_65503587_65503588	chr11	65503587	65503588	237779	True	4
chr11_65505930_65505931	chr11	65505930	65505931	232784	True	6
chr11_65855339_65855340	chr11	65855339	65855340	10118	True	6
chr11_65856033_65856034	chr11	65856033	65856034	11876	True	6
chr11_65921471_65921472	chr11	65921471	65921472	1889	True	3
chr11_66068764_66068765	chr11	66068764	66068765	6724	True	6
chr11_67584556_67584557	chr11	67584556	67584557	3796	True	3
chr11_67586121_67586122	chr11	67586121	67586122	6626	True	3
chr11_73721683_73721684	chr11	73721683	73721684	38	False	NA
chr11_75400695_75400696	chr11	75400695	75400696	25526	True	6
chr11_75401651_75401652	chr11	75401651	75401652	10601	True	6
chr11_75404488_75404489	chr11	75404488	75404489	46450	True	6
chr11_75568947_75568948	chr11	75568947	75568948	1117	True	6
chr11_75572334_75572335	chr11	75572334	75572335	7683	True	3
chr11_77886614_77886615	chr11	77886614	77886615	20478	True	6
chr11_86808378_86808379	chr11	86808378	86808379	17	False	NA
chr11_86808839_86808840	chr11	86808839	86808840	518	True	5
chr11_86808863_86808864	chr11	86808863	86808864	516	True	5
chr11_86808927_86808928	chr11	86808927	86808928	554	True	5
chr11_88293981_88293982	chr11	88293981	88293982	848	True	2
chr11_93721540_93721541	chr11	93721540	93721541	30758	True	6
chr11_93721609_93721610	chr11	93721609	93721610	54533	True	6
chr11_93721641_93721642	chr11	93721641	93721642	46078	True	6
chr11_93732415_93732416	chr11	93732415	93732416	81506	True	6
chr11_93733537_93733538	chr11	93733537	93733538	75448	True	6
chr11_93733550_93733551	chr11	93733550	93733551	75367	True	6
chr11_93735112_93735113	chr11	93735112	93735113	9803	True	6
chr11_93735224_93735225	chr11	93735224	93735225	12533	True	4
chr11_104252596_104252597	chr11	104252596	104252597	507	True	5
chr11_111928411_111928412	chr11	111928411	111928412	105	False	NA
chr11_113241385_113241386	chr11	113241385	113241386	0	False	NA
chr11_119017488_119017489	chr11	119017488	119017489	10411	True	6
chr11_119017506_119017507	chr11	119017506	119017507	10473	True	6
chr11_121467942_121467943	chr11	121467942	121467943	6	False	NA
chr11_123057802_123057803	chr11	123057802	123057803	10290	True	6
chr11_123057870_123057871	chr11	123057870	123057871	9032	True	6
chr11_123058945_123058946	chr11	123058945	123058946	48010	True	6
chr11_123059064_123059065	chr11	123059064	123059065	27734	True	6
chr11_123059095_123059096	chr11	123059095	123059096	14530	True	6
chr11_123059532_123059533	chr11	123059532	123059533	6978	True	6
chr11_123059769_123059770	chr11	123059769	123059770	10797	True	6
chr11_123061264_123061265	chr11	123061264	123061265	7451	True	6
chr11_125620887_125620888	chr11	125620887	125620888	6561	True	6
chr11_133030141_133030142	chr11	133030141	133030142	0	False	NA
chr11_134144215_134144216	chr11	134144215	134144216	0	False	NA
chr12_6510220_6510221	chr12	6510220	6510221	35723	True	6
chr12_6510289_6510290	chr12	6510289	6510290	89286	True	6
chr12_6510302_6510303	chr12	6510302	6510303	107684	True	6
chr12_6510322_6510323	chr12	6510322	6510323	105983	True	6
chr12_6536776_6536777	chr12	6536776	6536777	12089	True	6
chr12_6578867_6578868	chr12	6578867	6578868	3287	True	6
chr12_6581527_6581528	chr12	6581527	6581528	29344	True	6
chr12_6606303_6606304	chr12	6606303	6606304	3194	True	1
chr12_6770726_6770727	chr12	6770726	6770727	18941	True	6
chr12_6867585_6867586	chr12	6867585	6867586	9048	True	6
chr12_6867651_6867652	chr12	6867651	6867652	9469	True	6
chr12_6869111_6869112	chr12	6869111	6869112	2216	True	6
chr12_6928318_6928319	chr12	6928318	6928319	6119	True	1
chr12_6967364_6967365	chr12	6967364	6967365	168938	True	6
chr12_6967530_6967531	chr12	6967530	6967531	136361	True	6
chr12_6967555_6967556	chr12	6967555	6967556	74719	True	6
chr12_6967585_6967586	chr12	6967585	6967586	40010	True	6
chr12_10722896_10722897	chr12	10722896	10722897	1078	True	1
chr12_10723324_10723325	chr12	10723324	10723325	1362	True	1
chr12_14770759_14770760	chr12	14770759	14770760	456	True	2
chr12_15890605_15890606	chr12	15890605	15890606	890	True	1
chr12_16363997_16363998	chr12	16363997	16363998	808	True	2
chr12_20370425_20370426	chr12	20370425	20370426	40	False	NA
chr12_20629933_20629934	chr12	20629933	20629934	96	False	NA
chr12_20680924_20680925	chr12	20680924	20680925	57	False	NA
chr12_20745274_20745275	chr12	20745274	20745275	0	False	NA
chr12_21635496_21635497	chr12	21635496	21635497	6228	True	3
chr12_21635668_21635669	chr12	21635668	21635669	4469	True	3
chr12_21637107_21637108	chr12	21637107	21637108	4354	True	3
chr12_21641977_21641978	chr12	21641977	21641978	3025	True	3
chr12_21642066_21642067	chr12	21642066	21642067	3561	True	3
chr12_21654652_21654653	chr12	21654652	21654653	3401	True	3
chr12_21657807_21657808	chr12	21657807	21657808	2000	True	3
chr12_44514162_44514163	chr12	44514162	44514163	0	False	NA
chr12_46183415_46183416	chr12	46183415	46183416	1444	True	4
chr12_46188706_46188707	chr12	46188706	46188707	2219	True	4
chr12_46188927_46188928	chr12	46188927	46188928	1113	True	1
chr12_46189018_46189019	chr12	46189018	46189019	1497	True	1
chr12_46197767_46197768	chr12	46197767	46197768	986	True	2
chr12_46197927_46197928	chr12	46197927	46197928	683	True	1
chr12_46206085_46206086	chr12	46206085	46206086	477	True	1
chr12_46207182_46207183	chr12	46207182	46207183	426	True	1
chr12_46207562_46207563	chr12	46207562	46207563	666	True	1
chr12_46229632_46229633	chr12	46229632	46229633	381	True	1
chr12_46268536_46268537	chr12	46268536	46268537	709	True	2
chr12_46358430_46358431	chr12	46358430	46358431	13080	True	5
chr12_46358779_46358780	chr12	46358779	46358780	21172	True	4
chr12_46358798_46358799	chr12	46358798	46358799	12550	True	4
chr12_46359604_46359605	chr12	46359604	46359605	8150	True	5
chr12_46359881_46359882	chr12	46359881	46359882	17547	True	4
chr12_46360120_46360121	chr12	46360120	46360121	9120	True	5
chr12_46360676_46360677	chr12	46360676	46360677	7024	True	2
chr12_46361204_46361205	chr12	46361204	46361205	10192	True	1
chr12_46362354_46362355	chr12	46362354	46362355	5068	True	1
chr12_46362625_46362626	chr12	46362625	46362626	5941	True	2
chr12_46364503_46364504	chr12	46364503	46364504	8666	True	1
chr12_46364611_46364612	chr12	46364611	46364612	12446	True	1
chr12_46364664_46364665	chr12	46364664	46364665	9236	True	1
chr12_46364676_46364677	chr12	46364676	46364677	9241	True	1
chr12_46365131_46365132	chr12	46365131	46365132	5783	True	1
chr12_46367096_46367097	chr12	46367096	46367097	8224	True	1
chr12_46370839_46370840	chr12	46370839	46370840	8807	True	1
chr12_46371352_46371353	chr12	46371352	46371353	20763	True	6
chr12_46372521_46372522	chr12	46372521	46372522	34416	True	6
chr12_48654510_48654511	chr12	48654510	48654511	24009	True	6
chr12_48656771_48656772	chr12	48656771	48656772	7952	True	3
chr12_49129547_49129548	chr12	49129547	49129548	5659	True	6
chr12_49129607_49129608	chr12	49129607	49129608	5438	True	6
chr12_49131310_49131311	chr12	49131310	49131311	14506	True	6
chr12_49131339_49131340	chr12	49131339	49131340	14261	True	6
chr12_49265173_49265174	chr12	49265173	49265174	10288	True	6
chr12_49755646_49755647	chr12	49755646	49755647	3646	True	6
chr12_49758394_49758395	chr12	49758394	49758395	3685	True	6
chr12_49758735_49758736	chr12	49758735	49758736	4230	True	6
chr12_49763035_49763036	chr12	49763035	49763036	18611	True	4
chr12_49763115_49763116	chr12	49763115	49763116	18333	True	6
chr12_49763685_49763686	chr12	49763685	49763686	13604	True	4
chr12_51241005_51241006	chr12	51241005	51241006	1759	True	3
chr12_52054356_52054357	chr12	52054356	52054357	19	False	NA
chr12_52054826_52054827	chr12	52054826	52054827	67	False	NA
chr12_52054999_52055000	chr12	52054999	52055000	71	False	NA
chr12_52058870_52058871	chr12	52058870	52058871	64	False	NA
chr12_52233324_52233325	chr12	52233324	52233325	0	False	NA
chr12_52237551_52237552	chr12	52237551	52237552	0	False	NA
chr12_52241500_52241501	chr12	52241500	52241501	0	False	NA
chr12_52243080_52243081	chr12	52243080	52243081	80	False	NA
chr12_52245525_52245526	chr12	52245525	52245526	49	False	NA
chr12_52248600_52248601	chr12	52248600	52248601	8	False	NA
chr12_52904784_52904785	chr12	52904784	52904785	5106	True	1
chr12_52950827_52950828	chr12	52950827	52950828	1482	True	1
chr12_52952755_52952756	chr12	52952755	52952756	584	True	2
chr12_53028153_53028154	chr12	53028153	53028154	6731	True	6
chr12_53041616_53041617	chr12	53041616	53041617	4540	True	6
chr12_53676073_53676074	chr12	53676073	53676074	2664	True	3
chr12_54241720_54241721	chr12	54241720	54241721	2874	True	3
chr12_54241829_54241830	chr12	54241829	54241830	1113	True	3
chr12_54280781_54280782	chr12	54280781	54280782	3053	True	6
chr12_54281443_54281444	chr12	54281443	54281444	2857	True	6
chr12_54281470_54281471	chr12	54281470	54281471	2402	True	6
chr12_54282654_54282655	chr12	54282654	54282655	3207	True	6
chr12_54285904_54285905	chr12	54285904	54285905	13020	True	6
chr12_55726261_55726262	chr12	55726261	55726262	2870	True	6
chr12_55728281_55728282	chr12	55728281	55728282	3636	True	3
chr12_55729010_55729011	chr12	55729010	55729011	3502	True	6
chr12_56042160_56042161	chr12	56042160	56042161	964	True	1
chr12_56043432_56043433	chr12	56043432	56043433	389	True	5
chr12_56110588_56110589	chr12	56110588	56110589	1960	True	3
chr12_56111205_56111206	chr12	56111205	56111206	1655	True	1
chr12_56158693_56158694	chr12	56158693	56158694	3759	True	3
chr12_56160011_56160012	chr12	56160011	56160012	7794	True	6
chr12_56160088_56160089	chr12	56160088	56160089	6528	True	6
chr12_56643881_56643882	chr12	56643881	56643882	7195	True	6
chr12_56645257_56645258	chr12	56645257	56645258	11571	True	6
chr12_56645872_56645873	chr12	56645872	56645873	12262	True	6
chr12_56663769_56663770	chr12	56663769	56663770	12438	True	6
chr12_56688173_56688174	chr12	56688173	56688174	9334	True	6
chr12_56713093_56713094	chr12	56713093	56713094	5266	True	6
chr12_56714613_56714614	chr12	56714613	56714614	12636	True	6
chr12_68659799_68659800	chr12	68659799	68659800	1410	True	4
chr12_69589578_69589579	chr12	69589578	69589579	4091	True	6
chr12_69592125_69592126	chr12	69592125	69592126	1252	True	6
chr12_69593524_69593525	chr12	69593524	69593525	2360	True	6
chr12_73764300_73764301	chr12	73764300	73764301	19	False	NA
chr12_76050587_76050588	chr12	76050587	76050588	17198	True	6
chr12_76050603_76050604	chr12	76050603	76050604	17186	True	6
chr12_76050635_76050636	chr12	76050635	76050636	17147	True	6
chr12_76053784_76053785	chr12	76053784	76053785	10131	True	6
chr12_89672871_89672872	chr12	89672871	89672872	0	False	NA
chr12_98599719_98599720	chr12	98599719	98599720	45820	True	6
chr12_98599835_98599836	chr12	98599835	98599836	41456	True	6
chr12_98601194_98601195	chr12	98601194	98601195	5165	True	6
chr12_101779811_101779812	chr12	101779811	101779812	517	True	5
chr12_103930471_103930472	chr12	103930471	103930472	33526	True	6
chr12_103932846_103932847	chr12	103932846	103932847	12221	True	6
chr12_103932936_103932937	chr12	103932936	103932937	7340	True	6
chr12_103933973_103933974	chr12	103933973	103933974	12552	True	6
chr12_103934177_103934178	chr12	103934177	103934178	14653	True	6
chr12_103934202_103934203	chr12	103934202	103934203	14990	True	6
chr12_103934234_103934235	chr12	103934234	103934235	14629	True	6
chr12_103934262_103934263	chr12	103934262	103934263	10913	True	6
chr12_103938417_103938418	chr12	103938417	103938418	36178	True	6
chr12_103941881_103941882	chr12	103941881	103941882	9595	True	6
chr12_103942531_103942532	chr12	103942531	103942532	8844	True	6
chr12_103942622_103942623	chr12	103942622	103942623	26566	True	6
chr12_103942680_103942681	chr12	103942680	103942681	24666	True	6
chr12_103943271_103943272	chr12	103943271	103943272	26094	True	6
chr12_103943868_103943869	chr12	103943868	103943869	11264	True	6
chr12_103947670_103947671	chr12	103947670	103947671	49486	True	6
chr12_103947737_103947738	chr12	103947737	103947738	60485	True	6
chr12_104311350_104311351	chr12	104311350	104311351	1809	True	1
chr12_104315841_104315842	chr12	104315841	104315842	1406	True	1
chr12_104319499_104319500	chr12	104319499	104319500	1044	True	1
chr12_104321191_104321192	chr12	104321191	104321192	2137	True	1
chr12_104326393_104326394	chr12	104326393	104326394	1202	True	1
chr12_104331619_104331620	chr12	104331619	104331620	666	True	1
chr12_104334245_104334246	chr12	104334245	104334246	746	True	1
chr12_104339157_104339158	chr12	104339157	104339158	874	True	1
chr12_104348366_104348367	chr12	104348366	104348367	927	True	1
chr12_104348848_104348849	chr12	104348848	104348849	4457	True	4
chr12_104349096_104349097	chr12	104349096	104349097	2930	True	4
chr12_104349768_104349769	chr12	104349768	104349769	3543	True	4
chr12_106240098_106240099	chr12	106240098	106240099	1281	True	2
chr12_109995989_109995990	chr12	109995989	109995990	22	False	NA
chr12_110292086_110292087	chr12	110292086	110292087	3320	True	6
chr12_110334060_110334061	chr12	110334060	110334061	2280	True	1
chr12_110342346_110342347	chr12	110342346	110342347	2793	True	1
chr12_110639523_110639524	chr12	110639523	110639524	29	False	NA
chr12_112405889_112405890	chr12	112405889	112405890	4594	True	6
chr12_112406308_112406309	chr12	112406308	112406309	1462	True	2
chr12_112406797_112406798	chr12	112406797	112406798	982	True	2
chr12_118246326_118246327	chr12	118246326	118246327	1906	True	3
chr12_120198678_120198679	chr12	120198678	120198679	13194	True	6
chr12_120199323_120199324	chr12	120199323	120199324	11764	True	6
chr12_120438117_120438118	chr12	120438117	120438118	3244	True	6
chr12_120498206_120498207	chr12	120498206	120498207	2084	True	1
chr12_123586902_123586903	chr12	123586902	123586903	4046	True	6
chr12_123590417_123590418	chr12	123590417	123590418	3375	True	1
chr12_124793838_124793839	chr12	124793838	124793839	0	False	NA
chr12_124914652_124914653	chr12	124914652	124914653	11949	True	6
chr12_130874604_130874605	chr12	130874604	130874605	4340	True	6
chr12_130874723_130874724	chr12	130874723	130874724	2599	True	6
chr12_130875752_130875753	chr12	130875752	130875753	960	True	3
chr12_130875961_130875962	chr12	130875961	130875962	5465	True	6
chr12_132046616_132046617	chr12	132046616	132046617	5	False	NA
chr12_132721260_132721261	chr12	132721260	132721261	4700	True	5
chr13_27253792_27253793	chr13	27253792	27253793	1089	True	5
chr13_30465935_30465936	chr13	30465935	30465936	1282	True	3
chr13_44433809_44433810	chr13	44433809	44433810	560	True	5
chr13_44434105_44434106	chr13	44434105	44434106	346	True	5
chr13_44434850_44434851	chr13	44434850	44434851	519	True	1
chr13_44436585_44436586	chr13	44436585	44436586	614	True	1
chr13_44436660_44436661	chr13	44436660	44436661	512	True	1
chr13_45336434_45336435	chr13	45336434	45336435	27596	True	6
chr13_45340759_45340760	chr13	45340759	45340760	13026	True	6
chr13_45341064_45341065	chr13	45341064	45341065	20585	True	6
chr13_45341080_45341081	chr13	45341080	45341081	22888	True	6
chr13_45341108_45341109	chr13	45341108	45341109	32275	True	6
chr13_48256228_48256229	chr13	48256228	48256229	3967	True	1
chr13_50049049_50049050	chr13	50049049	50049050	5915	True	5
chr13_76756052_76756053	chr13	76756052	76756053	0	False	NA
chr13_81691000_81691001	chr13	81691000	81691001	300	True	5
chr13_97997561_97997562	chr13	97997561	97997562	2638	True	6
chr13_98006232_98006233	chr13	98006232	98006233	4506	True	6
chr13_98010203_98010204	chr13	98010203	98010204	2559	True	1
chr13_98015617_98015618	chr13	98015617	98015618	2370	True	1
chr13_98018585_98018586	chr13	98018585	98018586	3613	True	1
chr13_107320964_107320965	chr13	107320964	107320965	0	False	NA
chr13_113177690_113177691	chr13	113177690	113177691	796	True	2
chr13_113254744_113254745	chr13	113254744	113254745	607	True	1
chr13_113264367_113264368	chr13	113264367	113264368	992	True	4
chr13_113321565_113321566	chr13	113321565	113321566	899	True	2
chr13_113321615_113321616	chr13	113321615	113321616	1712	True	1
chr13_113322940_113322941	chr13	113322940	113322941	2620	True	4
chr14_20326504_20326505	chr14	20326504	20326505	3285	True	3
chr14_21211431_21211432	chr14	21211431	21211432	8887	True	6
chr14_21211835_21211836	chr14	21211835	21211836	5196	True	6
chr14_21234227_21234228	chr14	21234227	21234228	7105	True	6
chr14_21392172_21392173	chr14	21392172	21392173	8163	True	4
chr14_21392204_21392205	chr14	21392204	21392205	8155	True	4
chr14_21397343_21397344	chr14	21397343	21397344	26636	True	6
chr14_23325270_23325271	chr14	23325270	23325271	16203	True	6
chr14_29172408_29172409	chr14	29172408	29172409	0	False	NA
chr14_30791918_30791919	chr14	30791918	30791919	0	False	NA
chr14_35762933_35762934	chr14	35762933	35762934	21428	True	2
chr14_49585959_49585960	chr14	49585959	49585960	2540	True	4
chr14_49586002_49586003	chr14	49586002	49586003	2587	True	4
chr14_51991333_51991334	chr14	51991333	51991334	1554	True	1
chr14_52004642_52004643	chr14	52004642	52004643	690	True	2
chr14_58271925_58271926	chr14	58271925	58271926	2149	True	4
chr14_61695801_61695802	chr14	61695801	61695802	2375	True	1
chr14_61720389_61720390	chr14	61720389	61720390	927	True	1
chr14_61720456_61720457	chr14	61720456	61720457	1095	True	1
chr14_61726756_61726757	chr14	61726756	61726757	866	True	1
chr14_61736907_61736908	chr14	61736907	61736908	529	True	1
chr14_61738126_61738127	chr14	61738126	61738127	886	True	1
chr14_61741063_61741064	chr14	61741063	61741064	674	True	1
chr14_61744796_61744797	chr14	61744796	61744797	285	True	1
chr14_61745741_61745742	chr14	61745741	61745742	602	True	2
chr14_61747103_61747104	chr14	61747103	61747104	2543	True	2
chr14_61748153_61748154	chr14	61748153	61748154	1679	True	5
chr14_69380506_69380507	chr14	69380506	69380507	9230	True	6
chr14_69387035_69387036	chr14	69387035	69387036	3353	True	3
chr14_69879485_69879486	chr14	69879485	69879486	800	True	2
chr14_69992399_69992400	chr14	69992399	69992400	384	True	2
chr14_70023366_70023367	chr14	70023366	70023367	459	True	2
chr14_70815363_70815364	chr14	70815363	70815364	141	False	NA
chr14_75147697_75147698	chr14	75147697	75147698	722	True	1
chr14_75604172_75604173	chr14	75604172	75604173	1803	True	3
chr14_77717506_77717507	chr14	77717506	77717507	1391	True	1
chr14_81202729_81202730	chr14	81202729	81202730	9284	True	3
chr14_81202792_81202793	chr14	81202792	81202793	9778	True	3
chr14_81939002_81939003	chr14	81939002	81939003	104	False	NA
chr14_89712508_89712509	chr14	89712508	89712509	2928	True	5
chr14_89712567_89712568	chr14	89712567	89712568	6062	True	6
chr14_90404481_90404482	chr14	90404481	90404482	1724	True	1
chr14_90404813_90404814	chr14	90404813	90404814	3661	True	6
chr14_90405445_90405446	chr14	90405445	90405446	2213	True	2
chr14_95533531_95533532	chr14	95533531	95533532	159078	True	6
chr14_100537311_100537312	chr14	100537311	100537312	0	False	NA
chr14_100936491_100936492	chr14	100936491	100936492	0	False	NA
chr14_100936512_100936513	chr14	100936512	100936513	0	False	NA
chr14_100938228_100938229	chr14	100938228	100938229	13	False	NA
chr14_100945665_100945666	chr14	100945665	100945666	0	False	NA
chr14_100949873_100949874	chr14	100949873	100949874	0	False	NA
chr14_100968980_100968981	chr14	100968980	100968981	0	False	NA
chr14_100969903_100969904	chr14	100969903	100969904	0	False	NA
chr14_100972703_100972704	chr14	100972703	100972704	0	False	NA
chr14_100972715_100972716	chr14	100972715	100972716	0	False	NA
chr14_100974821_100974822	chr14	100974821	100974822	0	False	NA
chr14_100981175_100981176	chr14	100981175	100981176	6	False	NA
chr14_100981974_100981975	chr14	100981974	100981975	0	False	NA
chr14_100982958_100982959	chr14	100982958	100982959	0	False	NA
chr14_102081383_102081384	chr14	102081383	102081384	21448	True	4
chr14_102081774_102081775	chr14	102081774	102081775	19225	True	6
chr14_102084406_102084407	chr14	102084406	102084407	5211	True	6
chr14_102085872_102085873	chr14	102085872	102085873	13670	True	6
chr14_103386166_103386167	chr14	103386166	103386167	196	False	NA
chr14_103521386_103521387	chr14	103521386	103521387	3145	True	3
chr14_103522166_103522167	chr14	103522166	103522167	2795	True	3
chr14_103921529_103921530	chr14	103921529	103921530	1238	True	3
chr15_22880225_22880226	chr15	22880225	22880226	0	False	NA
chr15_25054209_25054210	chr15	25054209	25054210	357	True	5
chr15_25080141_25080142	chr15	25080141	25080142	970	True	2
chr15_25080164_25080165	chr15	25080164	25080165	914	True	2
chr15_25080205_25080206	chr15	25080205	25080206	809	True	2
chr15_25081308_25081309	chr15	25081308	25081309	1600	True	2
chr15_25081349_25081350	chr15	25081349	25081350	1428	True	2
chr15_25082767_25082768	chr15	25082767	25082768	951	True	2
chr15_25085384_25085385	chr15	25085384	25085385	546	True	2
chr15_25087661_25087662	chr15	25087661	25087662	2525	True	2
chr15_25087685_25087686	chr15	25087685	25087686	2655	True	2
chr15_25087723_25087724	chr15	25087723	25087724	2974	True	2
chr15_25091849_25091850	chr15	25091849	25091850	2293	True	2
chr15_25094054_25094055	chr15	25094054	25094055	2152	True	2
chr15_25097662_25097663	chr15	25097662	25097663	2808	True	2
chr15_25101574_25101575	chr15	25101574	25101575	1841	True	2
chr15_39590556_39590557	chr15	39590556	39590557	550	True	2
chr15_39592772_39592773	chr15	39592772	39592773	626	True	2
chr15_39596795_39596796	chr15	39596795	39596796	531	True	5
chr15_40038316_40038317	chr15	40038316	40038317	3920	True	1
chr15_43753882_43753883	chr15	43753882	43753883	2641	True	1
chr15_43761518_43761519	chr15	43761518	43761519	3225	True	6
chr15_43766870_43766871	chr15	43766870	43766871	4657	True	6
chr15_43770314_43770315	chr15	43770314	43770315	2937	True	1
chr15_43771168_43771169	chr15	43771168	43771169	20255	True	6
chr15_43771213_43771214	chr15	43771213	43771214	28201	True	6
chr15_43771304_43771305	chr15	43771304	43771305	19035	True	6
chr15_43771377_43771378	chr15	43771377	43771378	14041	True	6
chr15_45200501_45200502	chr15	45200501	45200502	2709	True	3
chr15_47734089_47734090	chr15	47734089	47734090	0	False	NA
chr15_48496165_48496166	chr15	48496165	48496166	0	False	NA
chr15_48510065_48510066	chr15	48510065	48510066	0	False	NA
chr15_51869302_51869303	chr15	51869302	51869303	655	True	1
chr15_60352420_60352421	chr15	60352420	60352421	364	True	5
chr15_60382402_60382403	chr15	60382402	60382403	737	True	2
chr15_63071287_63071288	chr15	63071287	63071288	2288	True	4
chr15_63156507_63156508	chr15	63156507	63156508	2082	True	1
chr15_64156899_64156900	chr15	64156899	64156900	4592	True	3
chr15_64162079_64162080	chr15	64162079	64162080	5029	True	1
chr15_64162896_64162897	chr15	64162896	64162897	6924	True	6
chr15_65285548_65285549	chr15	65285548	65285549	1521	True	5
chr15_65285588_65285589	chr15	65285588	65285589	1521	True	5
chr15_66347279_66347280	chr15	66347279	66347280	14519	True	4
chr15_66499651_66499652	chr15	66499651	66499652	20662	True	6
chr15_66501796_66501797	chr15	66501796	66501797	9994	True	6
chr15_66502752_66502753	chr15	66502752	66502753	23890	True	6
chr15_66503087_66503088	chr15	66503087	66503088	9203	True	6
chr15_69455185_69455186	chr15	69455185	69455186	23327	True	6
chr15_71164769_71164770	chr15	71164769	71164770	289	True	5
chr15_72200485_72200486	chr15	72200485	72200486	4964	True	6
chr15_72202619_72202620	chr15	72202619	72202620	8966	True	6
chr15_72206739_72206740	chr15	72206739	72206740	6013	True	6
chr15_72206865_72206866	chr15	72206865	72206866	5575	True	6
chr15_72209757_72209758	chr15	72209757	72209758	8172	True	6
chr15_77046192_77046193	chr15	77046192	77046193	3612	True	2
chr15_77046363_77046364	chr15	77046363	77046364	2056	True	2
chr15_77196366_77196367	chr15	77196366	77196367	499	True	5
chr15_78342016_78342017	chr15	78342016	78342017	72	False	NA
chr15_80440505_80440506	chr15	80440505	80440506	0	False	NA
chr15_82372245_82372246	chr15	82372245	82372246	413	True	5
chr15_82540430_82540431	chr15	82540430	82540431	12652	True	6
chr15_84669751_84669752	chr15	84669751	84669752	2560	True	4
chr15_90433723_90433724	chr15	90433723	90433724	794	True	1
chr15_90453137_90453138	chr15	90453137	90453138	634	True	1
chr15_90456175_90456176	chr15	90456175	90456176	967	True	1
chr15_90467501_90467502	chr15	90467501	90467502	976	True	1
chr15_90476810_90476811	chr15	90476810	90476811	582	True	1
chr15_90966220_90966221	chr15	90966220	90966221	5297	True	6
chr16_1320191_1320192	chr16	1320191	1320192	3099	True	6
chr16_1320238_1320239	chr16	1320238	1320239	2553	True	6
chr16_1587871_1587872	chr16	1587871	1587872	0	False	NA
chr16_2253908_2253909	chr16	2253908	2253909	3080	True	6
chr16_2520129_2520130	chr16	2520129	2520130	10591	True	4
chr16_2520142_2520143	chr16	2520142	2520143	8556	True	6
chr16_2757940_2757941	chr16	2757940	2757941	6699	True	6
chr16_2759381_2759382	chr16	2759381	2759382	4055	True	6
chr16_2759583_2759584	chr16	2759583	2759584	9893	True	6
chr16_2760455_2760456	chr16	2760455	2760456	10235	True	6
chr16_2765289_2765290	chr16	2765289	2765290	6547	True	6
chr16_2765745_2765746	chr16	2765745	2765746	5444	True	6
chr16_2767891_2767892	chr16	2767891	2767892	22686	True	6
chr16_2771096_2771097	chr16	2771096	2771097	24228	True	6
chr16_3120275_3120276	chr16	3120275	3120276	37	False	NA
chr16_3674432_3674433	chr16	3674432	3674433	1952	True	3
chr16_6018917_6018918	chr16	6018917	6018918	0	False	NA
chr16_11841711_11841712	chr16	11841711	11841712	3871	True	1
chr16_11846588_11846589	chr16	11846588	11846589	4052	True	6
chr16_11885251_11885252	chr16	11885251	11885252	1799	True	1
chr16_15055552_15055553	chr16	15055552	15055553	52	False	NA
chr16_18789035_18789036	chr16	18789035	18789036	10421	True	6
chr16_18793325_18793326	chr16	18793325	18793326	2223	True	3
chr16_23585407_23585408	chr16	23585407	23585408	1221	True	3
chr16_28239817_28239818	chr16	28239817	28239818	853	True	2
chr16_28723225_28723226	chr16	28723225	28723226	2764	True	1
chr16_30068694_30068695	chr16	30068694	30068695	22879	True	6
chr16_30069515_30069516	chr16	30069515	30069516	30825	True	6
chr16_30419762_30419763	chr16	30419762	30419763	1775	True	3
chr16_30710630_30710631	chr16	30710630	30710631	6160	True	3
chr16_31090958_31090959	chr16	31090958	31090959	2733	True	2
chr16_31185343_31185344	chr16	31185343	31185344	13908	True	6
chr16_31189201_31189202	chr16	31189201	31189202	7574	True	6
chr16_31189745_31189746	chr16	31189745	31189746	8640	True	6
chr16_31190086_31190087	chr16	31190086	31190087	7177	True	6
chr16_31191434_31191435	chr16	31191434	31191435	10447	True	6
chr16_31191475_31191476	chr16	31191475	31191476	14040	True	6
chr16_33586277_33586278	chr16	33586277	33586278	0	False	NA
chr16_56609313_56609314	chr16	56609313	56609314	4163	True	6
chr16_58261024_58261025	chr16	58261024	58261025	0	False	NA
chr16_58548535_58548536	chr16	58548535	58548536	43775	True	6
chr16_58548587_58548588	chr16	58548587	58548588	43721	True	6
chr16_58548623_58548624	chr16	58548623	58548624	43622	True	6
chr16_58559815_58559816	chr16	58559815	58559816	12565	True	6
chr16_58559864_58559865	chr16	58559864	58559865	14943	True	6
chr16_69710896_69710897	chr16	69710896	69710897	1329	True	2
chr16_69710945_69710946	chr16	69710945	69710946	1726	True	2
chr16_69713109_69713110	chr16	69713109	69713110	1117	True	2
chr16_69726498_69726499	chr16	69726498	69726499	1475	True	2
chr16_70445397_70445398	chr16	70445397	70445398	4191	True	2
chr16_70529566_70529567	chr16	70529566	70529567	7966	True	3
chr16_70538071_70538072	chr16	70538071	70538072	14558	True	6
chr16_71758456_71758457	chr16	71758456	71758457	10496	True	6
chr16_85060353_85060354	chr16	85060353	85060354	44	False	NA
chr16_87384059_87384060	chr16	87384059	87384060	39199	True	6
chr16_87830221_87830222	chr16	87830221	87830222	12884	True	4
chr16_87830557_87830558	chr16	87830557	87830558	8110	True	4
chr16_87830854_87830855	chr16	87830854	87830855	5816	True	2
chr16_87831102_87831103	chr16	87831102	87831103	2978	True	2
chr16_87831395_87831396	chr16	87831395	87831396	5402	True	4
chr16_87831531_87831532	chr16	87831531	87831532	7245	True	2
chr16_87831724_87831725	chr16	87831724	87831725	10918	True	6
chr16_87832321_87832322	chr16	87832321	87832322	11912	True	6
chr16_87834569_87834570	chr16	87834569	87834570	3124	True	1
chr16_87869391_87869392	chr16	87869391	87869392	5034	True	1
chr16_89561317_89561318	chr16	89561317	89561318	16676	True	6
chr16_89561617_89561618	chr16	89561617	89561618	9130	True	6
chr16_89561644_89561645	chr16	89561644	89561645	8979	True	6
chr17_1344906_1344907	chr17	1344906	1344907	10620	True	6
chr17_1361948_1361949	chr17	1361948	1361949	2202	True	6
chr17_1679195_1679196	chr17	1679195	1679196	2277	True	1
chr17_5433160_5433161	chr17	5433160	5433161	3047	True	6
chr17_7307661_7307662	chr17	7307661	7307662	6162	True	6
chr17_7484494_7484495	chr17	7484494	7484495	2713	True	6
chr17_7574623_7574624	chr17	7574623	7574624	13661	True	6
chr17_7576547_7576548	chr17	7576547	7576548	6261	True	6
chr17_7576686_7576687	chr17	7576686	7576687	5724	True	6
chr17_7577138_7577139	chr17	7577138	7577139	2166	True	1
chr17_7577418_7577419	chr17	7577418	7577419	7192	True	6
chr17_7577596_7577597	chr17	7577596	7577597	5441	True	6
chr17_7578198_7578199	chr17	7578198	7578199	3754	True	6
chr17_7578541_7578542	chr17	7578541	7578542	3603	True	6
chr17_7578931_7578932	chr17	7578931	7578932	2916	True	4
chr17_7906087_7906088	chr17	7906087	7906088	4129	True	5
chr17_7906240_7906241	chr17	7906240	7906241	4697	True	5
chr17_7906271_7906272	chr17	7906271	7906272	3948	True	5
chr17_8377587_8377588	chr17	8377587	8377588	16757	True	6
chr17_8382208_8382209	chr17	8382208	8382209	9443	True	6
chr17_8382301_8382302	chr17	8382301	8382302	7780	True	6
chr17_11537365_11537366	chr17	11537365	11537366	0	False	NA
chr17_16381123_16381124	chr17	16381123	16381124	18911	True	6
chr17_16381929_16381930	chr17	16381929	16381930	7869	True	6
chr17_16382402_16382403	chr17	16382402	16382403	4323	True	6
chr17_16439825_16439826	chr17	16439825	16439826	4265	True	4
chr17_16440209_16440210	chr17	16440209	16440210	11125	True	6
chr17_16441871_16441872	chr17	16441871	16441872	12925	True	6
chr17_19061944_19061945	chr17	19061944	19061945	501	True	5
chr17_19112431_19112432	chr17	19112431	19112432	180	False	NA
chr17_19112586_19112587	chr17	19112586	19112587	2201	True	5
chr17_20999851_20999852	chr17	20999851	20999852	2104	True	4
chr17_21206752_21206753	chr17	21206752	21206753	64	False	NA
chr17_28722614_28722615	chr17	28722614	28722615	11074	True	6
chr17_29264261_29264262	chr17	29264261	29264262	4218	True	4
chr17_32350261_32350262	chr17	32350261	32350262	10395	True	6
chr17_40392621_40392622	chr17	40392621	40392622	4629	True	1
chr17_40404830_40404831	chr17	40404830	40404831	4861	True	1
chr17_40411436_40411437	chr17	40411436	40411437	3049	True	6
chr17_40412901_40412902	chr17	40412901	40412902	6753	True	6
chr17_41468010_41468011	chr17	41468010	41468011	5721	True	5
chr17_41468043_41468044	chr17	41468043	41468044	5721	True	5
chr17_41621743_41621744	chr17	41621743	41621744	0	False	NA
chr17_41622373_41622374	chr17	41622373	41622374	0	False	NA
chr17_41622467_41622468	chr17	41622467	41622468	0	False	NA
chr17_41688913_41688914	chr17	41688913	41688914	15178	True	6
chr17_41689905_41689906	chr17	41689905	41689906	9204	True	6
chr17_41691415_41691416	chr17	41691415	41691416	7362	True	6
chr17_41867080_41867081	chr17	41867080	41867081	3483	True	4
chr17_41872052_41872053	chr17	41872052	41872053	1581	True	1
chr17_42843124_42843125	chr17	42843124	42843125	4382	True	4
chr17_42998442_42998443	chr17	42998442	42998443	1267	True	5
chr17_42998761_42998762	chr17	42998761	42998762	5586	True	4
chr17_43000034_43000035	chr17	43000034	43000035	27781	True	6
chr17_43002873_43002874	chr17	43002873	43002874	4349	True	4
chr17_43232560_43232561	chr17	43232560	43232561	2188	True	1
chr17_43360775_43360776	chr17	43360775	43360776	452	True	5
chr17_43361071_43361072	chr17	43361071	43361072	788	True	2
chr17_45148567_45148568	chr17	45148567	45148568	5971	True	6
chr17_47665097_47665098	chr17	47665097	47665098	3561	True	6
chr17_47668294_47668295	chr17	47668294	47668295	7727	True	6
chr17_47668401_47668402	chr17	47668401	47668402	4951	True	6
chr17_47669699_47669700	chr17	47669699	47669700	3229	True	6
chr17_47682457_47682458	chr17	47682457	47682458	7143	True	6
chr17_47682941_47682942	chr17	47682941	47682942	8058	True	6
chr17_47682975_47682976	chr17	47682975	47682976	6878	True	6
chr17_47683255_47683256	chr17	47683255	47683256	20532	True	6
chr17_49036353_49036354	chr17	49036353	49036354	1177	True	2
chr17_51166947_51166948	chr17	51166947	51166948	7981	True	6
chr17_58004293_58004294	chr17	58004293	58004294	6178	True	6
chr17_58004978_58004979	chr17	58004978	58004979	17004	True	6
chr17_58005068_58005069	chr17	58005068	58005069	21969	True	6
chr17_58005313_58005314	chr17	58005313	58005314	23182	True	6
chr17_58005817_58005818	chr17	58005817	58005818	13878	True	6
chr17_58005850_58005851	chr17	58005850	58005851	13554	True	6
chr17_58659308_58659309	chr17	58659308	58659309	1564	True	5
chr17_59663979_59663980	chr17	59663979	59663980	2414	True	6
chr17_59668785_59668786	chr17	59668785	59668786	5081	True	6
chr17_59668808_59668809	chr17	59668808	59668809	5955	True	6
chr17_59668839_59668840	chr17	59668839	59668840	6985	True	6
chr17_59681771_59681772	chr17	59681771	59681772	4417	True	6
chr17_59693879_59693880	chr17	59693879	59693880	6629	True	6
chr17_59694605_59694606	chr17	59694605	59694606	8817	True	4
chr17_59838171_59838172	chr17	59838171	59838172	13585	True	6
chr17_59838336_59838337	chr17	59838336	59838337	15902	True	6
chr17_59839833_59839834	chr17	59839833	59839834	9730	True	1
chr17_60231536_60231537	chr17	60231536	60231537	9069	True	3
chr17_60231580_60231581	chr17	60231580	60231581	11135	True	6
chr17_60231615_60231616	chr17	60231615	60231616	11135	True	6
chr17_60748979_60748980	chr17	60748979	60748980	737	True	5
chr17_64499877_64499878	chr17	64499877	64499878	4542	True	4
chr17_64500150_64500151	chr17	64500150	64500151	15175	True	6
chr17_64503016_64503017	chr17	64503016	64503017	7619	True	6
chr17_64503266_64503267	chr17	64503266	64503267	8776	True	1
chr17_64503290_64503291	chr17	64503290	64503291	8779	True	1
chr17_64503477_64503478	chr17	64503477	64503478	7559	True	6
chr17_64504038_64504039	chr17	64504038	64504039	10190	True	1
chr17_64504104_64504105	chr17	64504104	64504105	10192	True	6
chr17_64506156_64506157	chr17	64506156	64506157	8530	True	6
chr17_66213054_66213055	chr17	66213054	66213055	174	False	NA
chr17_68046621_68046622	chr17	68046621	68046622	3628	True	4
chr17_68528982_68528983	chr17	68528982	68528983	3328	True	6
chr17_75778545_75778546	chr17	75778545	75778546	10346	True	4
chr17_75779080_75779081	chr17	75779080	75779081	10332	True	6
chr17_75779739_75779740	chr17	75779739	75779740	11301	True	6
chr17_76561149_76561150	chr17	76561149	76561150	16216	True	6
chr17_76564090_76564091	chr17	76564090	76564091	10773	True	6
chr17_76734214_76734215	chr17	76734214	76734215	4582	True	4
chr17_76734389_76734390	chr17	76734389	76734390	13419	True	6
chr17_76734418_76734419	chr17	76734418	76734419	10606	True	6
chr17_76735157_76735158	chr17	76735157	76735158	11814	True	6
chr17_76736976_76736977	chr17	76736976	76736977	4426	True	1
chr17_76737328_76737329	chr17	76737328	76737329	4764	True	6
chr17_77089392_77089393	chr17	77089392	77089393	32322	True	6
chr17_78853124_78853125	chr17	78853124	78853125	630	True	5
chr17_78853321_78853322	chr17	78853321	78853322	285	True	5
chr17_78853815_78853816	chr17	78853815	78853816	714	True	5
chr17_81511272_81511273	chr17	81511272	81511273	13117	True	6
chr17_81843312_81843313	chr17	81843312	81843313	22375	True	4
chr17_81844014_81844015	chr17	81844014	81844015	18899	True	6
chr17_81844056_81844057	chr17	81844056	81844057	17351	True	6
chr17_81846504_81846505	chr17	81846504	81846505	18182	True	6
chr17_81847253_81847254	chr17	81847253	81847254	12604	True	6
chr17_81855175_81855176	chr17	81855175	81855176	8154	True	6
chr17_81855253_81855254	chr17	81855253	81855254	7922	True	6
chr17_81867977_81867978	chr17	81867977	81867978	5788	True	6
chr17_81868901_81868902	chr17	81868901	81868902	2901	True	1
chr17_81869853_81869854	chr17	81869853	81869854	3630	True	6
chr17_81888023_81888024	chr17	81888023	81888024	9762	True	4
chr17_82084105_82084106	chr17	82084105	82084106	4896	True	1
chr17_82090139_82090140	chr17	82090139	82090140	3517	True	1
chr17_82092728_82092729	chr17	82092728	82092729	7901	True	6
chr17_82095404_82095405	chr17	82095404	82095405	10746	True	6
chr17_82237457_82237458	chr17	82237457	82237458	6532	True	2
chr17_82237494_82237495	chr17	82237494	82237495	8051	True	2
chr17_82237551_82237552	chr17	82237551	82237552	9024	True	2
chr17_82237677_82237678	chr17	82237677	82237678	10216	True	2
chr17_82237746_82237747	chr17	82237746	82237747	7640	True	2
chr17_82238804_82238805	chr17	82238804	82238805	9124	True	2
chr17_82239041_82239042	chr17	82239041	82239042	17987	True	2
chr18_6729748_6729749	chr18	6729748	6729749	11	False	NA
chr18_9124976_9124977	chr18	9124976	9124977	1924	True	6
chr18_9923921_9923922	chr18	9923921	9923922	9291	True	6
chr18_9936161_9936162	chr18	9936161	9936162	2915	True	6
chr18_9950477_9950478	chr18	9950477	9950478	4931	True	6
chr18_9954753_9954754	chr18	9954753	9954754	7196	True	4
chr18_12116160_12116161	chr18	12116160	12116161	0	False	NA
chr18_21817675_21817676	chr18	21817675	21817676	715	True	5
chr18_32413239_32413240	chr18	32413239	32413240	60	False	NA
chr18_46088247_46088248	chr18	46088247	46088248	3189	True	6
chr18_46098296_46098297	chr18	46098296	46098297	3057	True	6
chr18_49489273_49489274	chr18	49489273	49489274	14511	True	6
chr18_49491409_49491410	chr18	49491409	49491410	18337	True	6
chr18_49814111_49814112	chr18	49814111	49814112	97504	True	6
chr18_49814417_49814418	chr18	49814417	49814418	62476	True	6
chr18_54222308_54222309	chr18	54222308	54222309	8043	True	1
chr18_59347546_59347547	chr18	59347546	59347547	1054	True	1
chr18_59355546_59355547	chr18	59355546	59355547	2427	True	1
chr19_579545_579546	chr19	579545	579546	8064	True	6
chr19_580408_580409	chr19	580408	580409	7460	True	6
chr19_580448_580449	chr19	580448	580449	7503	True	6
chr19_580685_580686	chr19	580685	580686	8123	True	6
chr19_581372_581373	chr19	581372	581373	11060	True	6
chr19_581503_581504	chr19	581503	581504	12724	True	6
chr19_582753_582754	chr19	582753	582754	7110	True	6
chr19_582863_582864	chr19	582863	582864	30149	True	6
chr19_583328_583329	chr19	583328	583329	18931	True	6
chr19_583369_583370	chr19	583369	583370	15952	True	6
chr19_807893_807894	chr19	807893	807894	4760	True	6
chr19_811439_811440	chr19	811439	811440	11842	True	6
chr19_1106567_1106568	chr19	1106567	1106568	8437	True	6
chr19_1438849_1438850	chr19	1438849	1438850	16013	True	6
chr19_2269668_2269669	chr19	2269668	2269669	16525	True	6
chr19_2271386_2271387	chr19	2271386	2271387	22589	True	6
chr19_2273185_2273186	chr19	2273185	2273186	21216	True	6
chr19_3977942_3977943	chr19	3977942	3977943	29091	True	6
chr19_3978126_3978127	chr19	3978126	3978127	19970	True	6
chr19_3979857_3979858	chr19	3979857	3979858	10988	True	6
chr19_3979956_3979957	chr19	3979956	3979957	21347	True	6
chr19_3980670_3980671	chr19	3980670	3980671	27644	True	6
chr19_3983277_3983278	chr19	3983277	3983278	24208	True	6
chr19_3985420_3985421	chr19	3985420	3985421	16758	True	6
chr19_4724648_4724649	chr19	4724648	4724649	5022	True	5
chr19_5690264_5690265	chr19	5690264	5690265	8434	True	6
chr19_5691378_5691379	chr19	5691378	5691379	20271	True	6
chr19_8322337_8322338	chr19	8322337	8322338	857	True	5
chr19_8466276_8466277	chr19	8466276	8466277	8452	True	6
chr19_10467868_10467869	chr19	10467868	10467869	359	True	5
chr19_10681226_10681227	chr19	10681226	10681227	8480	True	6
chr19_10681281_10681282	chr19	10681281	10681282	10664	True	6
chr19_12706495_12706496	chr19	12706495	12706496	10340	True	6
chr19_12793266_12793267	chr19	12793266	12793267	378	True	5
chr19_12938686_12938687	chr19	12938686	12938687	31204	True	6
chr19_12943979_12943980	chr19	12943979	12943980	24601	True	6
chr19_13778382_13778383	chr19	13778382	13778383	2052	True	1
chr19_13842238_13842239	chr19	13842238	13842239	2474	True	5
chr19_14408883_14408884	chr19	14408883	14408884	1097	True	3
chr19_16076804_16076805	chr19	16076804	16076805	1830	True	5
chr19_16101343_16101344	chr19	16101343	16101344	630	True	1
chr19_16101610_16101611	chr19	16101610	16101611	5026	True	4
chr19_16102717_16102718	chr19	16102717	16102718	1686	True	3
chr19_16102909_16102910	chr19	16102909	16102910	398	True	5
chr19_17404181_17404182	chr19	17404181	17404182	1100	True	3
chr19_17404395_17404396	chr19	17404395	17404396	375	True	3
chr19_18307313_18307314	chr19	18307313	18307314	7247	True	6
chr19_18307329_18307330	chr19	18307329	18307330	7199	True	6
chr19_18573310_18573311	chr19	18573310	18573311	14445	True	6
chr19_18574878_18574879	chr19	18574878	18574879	14367	True	6
chr19_18596939_18596940	chr19	18596939	18596940	2876	True	2
chr19_22395231_22395232	chr19	22395231	22395232	0	False	NA
chr19_34399584_34399585	chr19	34399584	34399585	4534	True	6
chr19_34400032_34400033	chr19	34400032	34400033	18698	True	6
chr19_35276801_35276802	chr19	35276801	35276802	53	False	NA
chr19_35575818_35575819	chr19	35575818	35575819	5860	True	6
chr19_36125878_36125879	chr19	36125878	36125879	1727	True	2
chr19_36150292_36150293	chr19	36150292	36150293	2970	True	3
chr19_38700707_38700708	chr19	38700707	38700708	4618	True	1
chr19_38714513_38714514	chr19	38714513	38714514	4126	True	1
chr19_38725793_38725794	chr19	38725793	38725794	4299	True	6
chr19_38836521_38836522	chr19	38836521	38836522	21845	True	6
chr19_38847428_38847429	chr19	38847428	38847429	4879	True	3
chr19_38849942_38849943	chr19	38849942	38849943	4831	True	6
chr19_39433552_39433553	chr19	39433552	39433553	6084	True	3
chr19_39435851_39435852	chr19	39435851	39435852	24343	True	6
chr19_46775123_46775124	chr19	46775123	46775124	20849	True	6
chr19_46775567_46775568	chr19	46775567	46775568	7935	True	6
chr19_46775716_46775717	chr19	46775716	46775717	5322	True	1
chr19_46787563_46787564	chr19	46787563	46787564	5439	True	6
chr19_46788102_46788103	chr19	46788102	46788103	3695	True	6
chr19_46788597_46788598	chr19	46788597	46788598	1608	True	3
chr19_47755902_47755903	chr19	47755902	47755903	20879	True	6
chr19_47755934_47755935	chr19	47755934	47755935	20398	True	6
chr19_48329460_48329461	chr19	48329460	48329461	1886	True	3
chr19_48616761_48616762	chr19	48616761	48616762	21278	True	6
chr19_48616792_48616793	chr19	48616792	48616793	21110	True	6
chr19_48617359_48617360	chr19	48617359	48617360	16299	True	6
chr19_48617421_48617422	chr19	48617421	48617422	16374	True	6
chr19_48619144_48619145	chr19	48619144	48619145	10249	True	6
chr19_49031787_49031788	chr19	49031787	49031788	528	True	5
chr19_49497758_49497759	chr19	49497758	49497759	57597	True	6
chr19_51002538_51002539	chr19	51002538	51002539	43	False	NA
chr19_54201532_54201533	chr19	54201532	54201533	5944	True	6
chr19_54207524_54207525	chr19	54207524	54207525	12406	True	6
chr19_54461114_54461115	chr19	54461114	54461115	28494	True	6
chr19_54868996_54868997	chr19	54868996	54868997	4850	True	2
chr19_55386367_55386368	chr19	55386367	55386368	14434	True	6
chr19_55388298_55388299	chr19	55388298	55388299	13050	True	6
chr19_55674599_55674600	chr19	55674599	55674600	11114	True	6
chr19_58388158_58388159	chr19	58388158	58388159	11206	True	6
chr19_58388183_58388184	chr19	58388183	58388184	11298	True	6
chr19_58393036_58393037	chr19	58393036	58393037	12681	True	3
chr19_58393393_58393394	chr19	58393393	58393394	13968	True	6
chr19_58393421_58393422	chr19	58393421	58393422	14024	True	6
chr19_58545483_58545484	chr19	58545483	58545484	5158	True	6
chr19_58549103_58549104	chr19	58549103	58549104	7292	True	6
chr19_58550204_58550205	chr19	58550204	58550205	7555	True	6
chr19_58558354_58558355	chr19	58558354	58558355	2419	True	6
chr2_1632547_1632548	chr2	1632547	1632548	27	False	NA
chr2_1633032_1633033	chr2	1633032	1633033	158	False	NA
chr2_1683724_1683725	chr2	1683724	1683725	36	False	NA
chr2_9584660_9584661	chr2	9584660	9584661	737	True	5
chr2_9585186_9585187	chr2	9585186	9585187	4270	True	6
chr2_9585336_9585337	chr2	9585336	9585337	1578	True	3
chr2_9588202_9588203	chr2	9588202	9588203	1089	True	3
chr2_9591499_9591500	chr2	9591499	9591500	2160	True	3
chr2_10444557_10444558	chr2	10444557	10444558	2788	True	3
chr2_10788978_10788979	chr2	10788978	10788979	9158	True	6
chr2_10789882_10789883	chr2	10789882	10789883	7014	True	6
chr2_20447191_20447192	chr2	20447191	20447192	4023	True	2
chr2_27393579_27393580	chr2	27393579	27393580	35	False	NA
chr2_28913700_28913701	chr2	28913700	28913701	32464	True	6
chr2_33934501_33934502	chr2	33934501	33934502	5	False	NA
chr2_47161789_47161790	chr2	47161789	47161790	10506	True	6
chr2_47162641_47162642	chr2	47162641	47162642	4173	True	1
chr2_53825890_53825891	chr2	53825890	53825891	34024	True	2
chr2_54655194_54655195	chr2	54655194	54655195	3742	True	1
chr2_54668374_54668375	chr2	54668374	54668375	4957	True	2
chr2_54668973_54668974	chr2	54668973	54668974	6083	True	2
chr2_54953061_54953062	chr2	54953061	54953062	5	False	NA
chr2_54972724_54972725	chr2	54972724	54972725	11014	True	6
chr2_54972775_54972776	chr2	54972775	54972776	12566	True	6
chr2_61490765_61490766	chr2	61490765	61490766	2507	True	6
chr2_61502272_61502273	chr2	61502272	61502273	3686	True	6
chr2_61533820_61533821	chr2	61533820	61533821	5777	True	6
chr2_61868498_61868499	chr2	61868498	61868499	3274	True	3
chr2_61873234_61873235	chr2	61873234	61873235	1636	True	3
chr2_61873254_61873255	chr2	61873254	61873255	1624	True	3
chr2_65088332_65088333	chr2	65088332	65088333	4206	True	4
chr2_69071770_69071771	chr2	69071770	69071771	26	False	NA
chr2_70088922_70088923	chr2	70088922	70088923	7990	True	4
chr2_74214923_74214924	chr2	74214923	74214924	4813	True	4
chr2_85542348_85542349	chr2	85542348	85542349	10623	True	6
chr2_85542592_85542593	chr2	85542592	85542593	10210	True	6
chr2_85542938_85542939	chr2	85542938	85542939	9199	True	6
chr2_85544394_85544395	chr2	85544394	85544395	6332	True	4
chr2_85544865_85544866	chr2	85544865	85544866	3577	True	5
chr2_85544898_85544899	chr2	85544898	85544899	3158	True	5
chr2_88016380_88016381	chr2	88016380	88016381	151	False	NA
chr2_101002748_101002749	chr2	101002748	101002749	28074	True	6
chr2_101004257_101004258	chr2	101004257	101004258	16336	True	6
chr2_101272990_101272991	chr2	101272990	101272991	53459	True	6
chr2_113951754_113951755	chr2	113951754	113951755	1846	True	3
chr2_124267820_124267821	chr2	124267820	124267821	10	False	NA
chr2_130190647_130190648	chr2	130190647	130190648	1497	True	1
chr2_132254449_132254450	chr2	132254449	132254450	1080	True	5
chr2_132256172_132256173	chr2	132256172	132256173	1246	True	6
chr2_142954856_142954857	chr2	142954856	142954857	54	False	NA
chr2_144407257_144407258	chr2	144407257	144407258	30	False	NA
chr2_148881820_148881821	chr2	148881820	148881821	276370	True	3
chr2_167832849_167832850	chr2	167832849	167832850	0	False	NA
chr2_186638452_186638453	chr2	186638452	186638453	610	True	1
chr2_187466824_187466825	chr2	187466824	187466825	4665	True	2
chr2_187466864_187466865	chr2	187466864	187466865	3053	True	2
chr2_187467010_187467011	chr2	187467010	187467011	1614	True	1
chr2_187467791_187467792	chr2	187467791	187467792	3483	True	1
chr2_187484180_187484181	chr2	187484180	187484181	5519	True	1
chr2_187484854_187484855	chr2	187484854	187484855	7648	True	1
chr2_187484889_187484890	chr2	187484889	187484890	9420	True	1
chr2_187484975_187484976	chr2	187484975	187484976	5817	True	1
chr2_187496955_187496956	chr2	187496955	187496956	9551	True	1
chr2_188994735_188994736	chr2	188994735	188994736	0	False	NA
chr2_189011714_189011715	chr2	189011714	189011715	136	False	NA
chr2_197403702_197403703	chr2	197403702	197403703	6494	True	1
chr2_197405312_197405313	chr2	197405312	197405313	2998	True	1
chr2_197421051_197421052	chr2	197421051	197421052	3003	True	1
chr2_197488429_197488430	chr2	197488429	197488430	5791	True	6
chr2_197497275_197497276	chr2	197497275	197497276	10779	True	6
chr2_197499867_197499868	chr2	197499867	197499868	6980	True	6
chr2_197500351_197500352	chr2	197500351	197500352	3994	True	6
chr2_197503054_197503055	chr2	197503054	197503055	546	True	2
chr2_200813249_200813250	chr2	200813249	200813250	780	True	1
chr2_200815439_200815440	chr2	200815439	200815440	1504	True	1
chr2_200815696_200815697	chr2	200815696	200815697	807	True	1
chr2_200817214_200817215	chr2	200817214	200817215	594	True	1
chr2_200818002_200818003	chr2	200818002	200818003	175	False	NA
chr2_200821276_200821277	chr2	200821276	200821277	119	False	NA
chr2_206159925_206159926	chr2	206159925	206159926	6635	True	6
chr2_206160617_206160618	chr2	206160617	206160618	4684	True	6
chr2_206162829_206162830	chr2	206162829	206162830	40	False	NA
chr2_210556707_210556708	chr2	210556707	210556708	641	True	2
chr2_210573348_210573349	chr2	210573348	210573349	932	True	2
chr2_210590819_210590820	chr2	210590819	210590820	497	True	2
chr2_210642650_210642651	chr2	210642650	210642651	70	False	NA
chr2_215346911_215346912	chr2	215346911	215346912	1594	True	1
chr2_216122243_216122244	chr2	216122243	216122244	2344	True	1
chr2_216125964_216125965	chr2	216125964	216125965	2328	True	1
chr2_216127623_216127624	chr2	216127623	216127624	3805	True	1
chr2_216130972_216130973	chr2	216130972	216130973	2301	True	1
chr2_216137201_216137202	chr2	216137201	216137202	1692	True	1
chr2_216148202_216148203	chr2	216148202	216148203	2999	True	1
chr2_216148266_216148267	chr2	216148266	216148267	1885	True	1
chr2_216204366_216204367	chr2	216204366	216204367	1791	True	1
chr2_216205196_216205197	chr2	216205196	216205197	3211	True	4
chr2_222908877_222908878	chr2	222908877	222908878	6364	True	6
chr2_222930665_222930666	chr2	222930665	222930666	4521	True	1
chr2_223975321_223975322	chr2	223975321	223975322	441	True	5
chr2_223977566_223977567	chr2	223977566	223977567	120	False	NA
chr2_223977611_223977612	chr2	223977611	223977612	120	False	NA
chr2_223998328_223998329	chr2	223998328	223998329	172	False	NA
chr2_231455867_231455868	chr2	231455867	231455868	93123	True	6
chr2_231455910_231455911	chr2	231455910	231455911	93327	True	6
chr2_231456075_231456076	chr2	231456075	231456076	9205	True	6
chr2_231457038_231457039	chr2	231457038	231457039	3126	True	1
chr2_231457104_231457105	chr2	231457104	231457105	3537	True	1
chr2_231458319_231458320	chr2	231458319	231458320	8427	True	6
chr2_231459068_231459069	chr2	231459068	231459069	7411	True	6
chr2_231460269_231460270	chr2	231460269	231460270	9856	True	6
chr2_231461841_231461842	chr2	231461841	231461842	16345	True	6
chr2_231708637_231708638	chr2	231708637	231708638	13133	True	6
chr2_231711351_231711352	chr2	231711351	231711352	2229	True	1
chr2_231711409_231711410	chr2	231711409	231711410	2102	True	1
chr2_231711975_231711976	chr2	231711975	231711976	12515	True	6
chr2_233275747_233275748	chr2	233275747	233275748	45274	True	6
chr2_233275806_233275807	chr2	233275806	233275807	145347	True	6
chr2_233275830_233275831	chr2	233275830	233275831	143963	True	6
chr2_233275945_233275946	chr2	233275945	233275946	122846	True	6
chr2_233288732_233288733	chr2	233288732	233288733	38805	True	1
chr2_233288813_233288814	chr2	233288813	233288814	53605	True	6
chr2_233288834_233288835	chr2	233288834	233288835	49640	True	6
chr2_233288884_233288885	chr2	233288884	233288885	40980	True	6
chr2_240466263_240466264	chr2	240466263	240466264	94	False	NA
chr2_241256202_241256203	chr2	241256202	241256203	8197	True	1
chr2_241352083_241352084	chr2	241352083	241352084	7017	True	6
chr20_1369917_1369918	chr20	1369917	1369918	3482	True	4
chr20_2656097_2656098	chr20	2656097	2656098	4848	True	1
chr20_2658348_2658349	chr20	2658348	2658349	2373	True	1
chr20_17962858_17962859	chr20	17962858	17962859	174729	True	6
chr20_17962873_17962874	chr20	17962873	17962874	172255	True	6
chr20_26209369_26209370	chr20	26209369	26209370	7489	True	2
chr20_26209453_26209454	chr20	26209453	26209454	7077	True	2
chr20_29741601_29741602	chr20	29741601	29741602	629	True	2
chr20_30485044_30485045	chr20	30485044	30485045	1263	True	5
chr20_31544965_31544966	chr20	31544965	31544966	2072	True	1
chr20_31569386_31569387	chr20	31569386	31569387	4147	True	1
chr20_31569487_31569488	chr20	31569487	31569488	4511	True	1
chr20_31605346_31605347	chr20	31605346	31605347	8552	True	6
chr20_31792793_31792794	chr20	31792793	31792794	3867	True	1
chr20_33495070_33495071	chr20	33495070	33495071	64	False	NA
chr20_35556043_35556044	chr20	35556043	35556044	2793	True	1
chr20_35664900_35664901	chr20	35664900	35664901	5564	True	6
chr20_35707131_35707132	chr20	35707131	35707132	9001	True	6
chr20_38429758_38429759	chr20	38429758	38429759	19753	True	6
chr20_38449367_38449368	chr20	38449367	38449368	11504	True	2
chr20_43457895_43457896	chr20	43457895	43457896	4921	True	1
chr20_43460034_43460035	chr20	43460034	43460035	5513	True	6
chr20_43473029_43473030	chr20	43473029	43473030	1205	True	5
chr20_50890937_50890938	chr20	50890937	50890938	2351	True	4
chr20_58909179_58909180	chr20	58909179	58909180	6048	True	6
chr20_58909978_58909979	chr20	58909978	58909979	9873	True	6
chr20_58910041_58910042	chr20	58910041	58910042	9997	True	6
chr20_58910973_58910974	chr20	58910973	58910974	30682	True	6
chr20_62137383_62137384	chr20	62137383	62137384	1468	True	3
chr20_62140921_62140922	chr20	62140921	62140922	7122	True	6
chr20_62353383_62353384	chr20	62353383	62353384	839	True	5
chr20_62387902_62387903	chr20	62387902	62387903	19947	True	6
chr20_63891414_63891415	chr20	63891414	63891415	1475	True	2
chr21_8209270_8209271	chr21	8209270	8209271	664	True	5
chr21_8211409_8211410	chr21	8211409	8211410	22	False	NA
chr21_8213616_8213617	chr21	8213616	8213617	2338	True	5
chr21_8215032_8215033	chr21	8215032	8215033	18420	True	5
chr21_8217515_8217516	chr21	8217515	8217516	3394	True	3
chr21_8217590_8217591	chr21	8217590	8217591	3241	True	5
chr21_8217614_8217615	chr21	8217614	8217615	2681	True	5
chr21_8218823_8218824	chr21	8218823	8218824	31672	True	3
chr21_8218923_8218924	chr21	8218923	8218924	6719	True	3
chr21_8391670_8391671	chr21	8391670	8391671	5448	True	5
chr21_8398525_8398526	chr21	8398525	8398526	12	False	NA
chr21_8442324_8442325	chr21	8442324	8442325	3558	True	5
chr21_25880841_25880842	chr21	25880841	25880842	2877	True	2
chr21_25975097_25975098	chr21	25975097	25975098	1780	True	2
chr21_29061301_29061302	chr21	29061301	29061302	6681	True	6
chr21_29063364_29063365	chr21	29063364	29063365	2056	True	3
chr21_29063426_29063427	chr21	29063426	29063427	5927	True	6
chr21_29063491_29063492	chr21	29063491	29063492	4935	True	6
chr21_38823235_38823236	chr21	38823235	38823236	862	True	2
chr21_42568002_42568003	chr21	42568002	42568003	32	False	NA
chr21_43774040_43774041	chr21	43774040	43774041	5201	True	4
chr22_19517995_19517996	chr22	19517995	19517996	137	False	NA
chr22_20127213_20127214	chr22	20127213	20127214	29036	True	6
chr22_23894774_23894775	chr22	23894774	23894775	7411	True	3
chr22_23895167_23895168	chr22	23895167	23895168	9242	True	3
chr22_28563447_28563448	chr22	28563447	28563448	754	True	5
chr22_36299009_36299010	chr22	36299009	36299010	2837	True	1
chr22_36300137_36300138	chr22	36300137	36300138	2334	True	1
chr22_36321803_36321804	chr22	36321803	36321804	678	True	1
chr22_36387968_36387969	chr22	36387968	36387969	1236	True	1
chr22_37678628_37678629	chr22	37678628	37678629	1558	True	3
chr22_37967759_37967760	chr22	37967759	37967760	948	True	1
chr22_38290935_38290936	chr22	38290935	38290936	6077	True	4
chr22_39314825_39314826	chr22	39314825	39314826	14639	True	6
chr22_39520610_39520611	chr22	39520610	39520611	11504	True	6
chr22_39521358_39521359	chr22	39521358	39521359	2158	True	1
chr22_39521546_39521547	chr22	39521546	39521547	6367	True	6
chr22_39522079_39522080	chr22	39522079	39522080	11056	True	6
chr22_39522554_39522555	chr22	39522554	39522555	6436	True	6
chr22_40972554_40972555	chr22	40972554	40972555	3971	True	4
chr22_41636529_41636530	chr22	41636529	41636530	2578	True	1
chr22_41646977_41646978	chr22	41646977	41646978	1909	True	1
chr3_9806461_9806462	chr3	9806461	9806462	12980	True	6
chr3_12839456_12839457	chr3	12839456	12839457	23070	True	6
chr3_14178849_14178850	chr3	14178849	14178850	872	True	3
chr3_14183955_14183956	chr3	14183955	14183956	3136	True	3
chr3_14198303_14198304	chr3	14198303	14198304	2004	True	3
chr3_15052295_15052296	chr3	15052295	15052296	4032	True	6
chr3_18634908_18634909	chr3	18634908	18634909	0	False	NA
chr3_23917147_23917148	chr3	23917147	23917148	2472	True	6
chr3_23919213_23919214	chr3	23919213	23919214	3806	True	3
chr3_23919331_23919332	chr3	23919331	23919332	3796	True	6
chr3_23920676_23920677	chr3	23920676	23920677	2802	True	4
chr3_31576401_31576402	chr3	31576401	31576402	995	True	1
chr3_31614517_31614518	chr3	31614517	31614518	22	False	NA
chr3_31636309_31636310	chr3	31636309	31636310	1910	True	4
chr3_39407635_39407636	chr3	39407635	39407636	308	True	5
chr3_39408616_39408617	chr3	39408616	39408617	10085	True	6
chr3_40461439_40461440	chr3	40461439	40461440	9546	True	6
chr3_40462299_40462300	chr3	40462299	40462300	2511	True	6
chr3_41224029_41224030	chr3	41224029	41224030	1668	True	1
chr3_41227323_41227324	chr3	41227323	41227324	1933	True	1
chr3_41233363_41233364	chr3	41233363	41233364	1745	True	1
chr3_41233423_41233424	chr3	41233423	41233424	1900	True	1
chr3_41239274_41239275	chr3	41239274	41239275	3063	True	1
chr3_41381661_41381662	chr3	41381661	41381662	0	False	NA
chr3_44968820_44968821	chr3	44968820	44968821	40	False	NA
chr3_47852005_47852006	chr3	47852005	47852006	7849	True	6
chr3_48440271_48440272	chr3	48440271	48440272	922	True	1
chr3_49359446_49359447	chr3	49359446	49359447	6676	True	4
chr3_49359926_49359927	chr3	49359926	49359927	7902	True	6
chr3_49411927_49411928	chr3	49411927	49411928	4867	True	6
chr3_52692939_52692940	chr3	52692939	52692940	2517	True	1
chr3_53225675_53225676	chr3	53225675	53225676	3033	True	6
chr3_53229041_53229042	chr3	53229041	53229042	2551	True	1
chr3_53229296_53229297	chr3	53229296	53229297	4087	True	6
chr3_53231459_53231460	chr3	53231459	53231460	4658	True	6
chr3_53235162_53235163	chr3	53235162	53235163	2867	True	6
chr3_53241199_53241200	chr3	53241199	53241200	2640	True	1
chr3_53255898_53255899	chr3	53255898	53255899	5395	True	3
chr3_53255986_53255987	chr3	53255986	53255987	4143	True	6
chr3_57571478_57571479	chr3	57571478	57571479	3298	True	4
chr3_57577380_57577381	chr3	57577380	57577381	1301	True	3
chr3_58168458_58168459	chr3	58168458	58168459	3168	True	1
chr3_99796111_99796112	chr3	99796111	99796112	14	False	NA
chr3_99796179_99796180	chr3	99796179	99796180	14	False	NA
chr3_120394391_120394392	chr3	120394391	120394392	659	True	5
chr3_120394441_120394442	chr3	120394441	120394442	605	True	5
chr3_120394890_120394891	chr3	120394890	120394891	302	True	5
chr3_120395979_120395980	chr3	120395979	120395980	287	True	5
chr3_120396112_120396113	chr3	120396112	120396113	538	True	5
chr3_120396814_120396815	chr3	120396814	120396815	771	True	5
chr3_120399909_120399910	chr3	120399909	120399910	24	False	NA
chr3_120399952_120399953	chr3	120399952	120399953	24	False	NA
chr3_120402862_120402863	chr3	120402862	120402863	66	False	NA
chr3_120404910_120404911	chr3	120404910	120404911	21	False	NA
chr3_120411932_120411933	chr3	120411932	120411933	14	False	NA
chr3_120416820_120416821	chr3	120416820	120416821	0	False	NA
chr3_128067014_128067015	chr3	128067014	128067015	3617	True	6
chr3_128625565_128625566	chr3	128625565	128625566	3519	True	6
chr3_128638051_128638052	chr3	128638051	128638052	1782	True	1
chr3_128813466_128813467	chr3	128813466	128813467	3667	True	4
chr3_128899295_128899296	chr3	128899295	128899296	190	False	NA
chr3_129170296_129170297	chr3	129170296	129170297	12758	True	6
chr3_129170408_129170409	chr3	129170408	129170409	9458	True	6
chr3_129397264_129397265	chr3	129397264	129397265	4722	True	4
chr3_131479133_131479134	chr3	131479133	131479134	16907	True	3
chr3_131479147_131479148	chr3	131479147	131479148	19728	True	3
chr3_131479201_131479202	chr3	131479201	131479202	19688	True	3
chr3_133637535_133637536	chr3	133637535	133637536	40	False	NA
chr3_138670088_138670089	chr3	138670088	138670089	20	False	NA
chr3_140942671_140942672	chr3	140942671	140942672	311	True	5
chr3_141925752_141925753	chr3	141925752	141925753	7035	True	6
chr3_141926082_141926083	chr3	141926082	141926083	3799	True	6
chr3_141977138_141977139	chr3	141977138	141977139	12	False	NA
chr3_143973329_143973330	chr3	143973329	143973330	58	False	NA
chr3_146070622_146070623	chr3	146070622	146070623	3629	True	2
chr3_146071118_146071119	chr3	146071118	146071119	1391	True	2
chr3_146076800_146076801	chr3	146076800	146076801	1087	True	2
chr3_149369155_149369156	chr3	149369155	149369156	4856	True	2
chr3_149369353_149369354	chr3	149369353	149369354	4986	True	2
chr3_149369531_149369532	chr3	149369531	149369532	7268	True	2
chr3_149369721_149369722	chr3	149369721	149369722	11328	True	2
chr3_149371853_149371854	chr3	149371853	149371854	3742	True	2
chr3_149375465_149375466	chr3	149375465	149375466	6079	True	2
chr3_149375493_149375494	chr3	149375493	149375494	6397	True	2
chr3_149375538_149375539	chr3	149375538	149375539	6269	True	2
chr3_149377439_149377440	chr3	149377439	149377440	5397	True	2
chr3_154205077_154205078	chr3	154205077	154205078	10	False	NA
chr3_160399649_160399650	chr3	160399649	160399650	2745	True	3
chr3_160411949_160411950	chr3	160411949	160411950	3329	True	6
chr3_160515026_160515027	chr3	160515026	160515027	223897	True	6
chr3_160515172_160515173	chr3	160515172	160515173	158207	True	6
chr3_169765063_169765064	chr3	169765063	169765064	14562	True	6
chr3_175569547_175569548	chr3	175569547	175569548	0	False	NA
chr3_179570077_179570078	chr3	179570077	179570078	397	True	1
chr3_179779614_179779615	chr3	179779614	179779615	3935	True	4
chr3_183453812_183453813	chr3	183453812	183453813	9612	True	3
chr3_184306431_184306432	chr3	184306431	184306432	1515	True	1
chr3_184317327_184317328	chr3	184317327	184317328	4996	True	6
chr3_184320669_184320670	chr3	184320669	184320670	3420	True	6
chr3_184322400_184322401	chr3	184322400	184322401	2080	True	1
chr3_184323432_184323433	chr3	184323432	184323433	4798	True	6
chr3_184323451_184323452	chr3	184323451	184323452	5204	True	6
chr3_184323477_184323478	chr3	184323477	184323478	5737	True	6
chr3_184323811_184323812	chr3	184323811	184323812	3776	True	1
chr3_184324951_184324952	chr3	184324951	184324952	5696	True	6
chr3_184325101_184325102	chr3	184325101	184325102	3272	True	1
chr3_184325286_184325287	chr3	184325286	184325287	5510	True	6
chr3_184325342_184325343	chr3	184325342	184325343	5667	True	6
chr3_184331586_184331587	chr3	184331586	184331587	2224	True	6
chr3_185937988_185937989	chr3	185937988	185937989	4614	True	6
chr3_186582058_186582059	chr3	186582058	186582059	1225	True	1
chr3_186786719_186786720	chr3	186786719	186786720	412619	True	6
chr3_186787781_186787782	chr3	186787781	186787782	8416	True	6
chr3_194685881_194685882	chr3	194685881	194685882	6	False	NA
chr3_196050182_196050183	chr3	196050182	196050183	10443	True	4
chr3_196050669_196050670	chr3	196050669	196050670	6651	True	4
chr3_196050818_196050819	chr3	196050818	196050819	6092	True	4
chr3_196051060_196051061	chr3	196051060	196051061	6123	True	4
chr3_196051314_196051315	chr3	196051314	196051315	10535	True	4
chr3_196052140_196052141	chr3	196052140	196052141	4372	True	6
chr3_196052156_196052157	chr3	196052156	196052157	3882	True	6
chr3_196053504_196053505	chr3	196053504	196053505	6107	True	6
chr3_196053544_196053545	chr3	196053544	196053545	5259	True	6
chr3_196055098_196055099	chr3	196055098	196055099	5659	True	6
chr3_196065466_196065467	chr3	196065466	196065467	4981	True	6
chr3_196065557_196065558	chr3	196065557	196065558	6001	True	1
chr3_196071400_196071401	chr3	196071400	196071401	5950	True	6
chr3_196072132_196072133	chr3	196072132	196072133	3122	True	6
chr3_196075284_196075285	chr3	196075284	196075285	7383	True	6
chr3_196075337_196075338	chr3	196075337	196075338	7034	True	6
chr3_196082092_196082093	chr3	196082092	196082093	5864	True	6
chr4_1974659_1974660	chr4	1974659	1974660	39591	True	6
chr4_1974684_1974685	chr4	1974684	1974685	39577	True	6
chr4_1974728_1974729	chr4	1974728	1974729	39613	True	6
chr4_5781368_5781369	chr4	5781368	5781369	30	False	NA
chr4_6642606_6642607	chr4	6642606	6642607	2977	True	6
chr4_6997302_6997303	chr4	6997302	6997303	3035	True	6
chr4_7112247_7112248	chr4	7112247	7112248	1467	True	1
chr4_41949335_41949336	chr4	41949335	41949336	559	True	2
chr4_52712683_52712684	chr4	52712683	52712684	52638	True	6
chr4_52712713_52712714	chr4	52712713	52712714	52688	True	6
chr4_56448472_56448473	chr4	56448472	56448473	2618	True	6
chr4_56459758_56459759	chr4	56459758	56459759	5330	True	4
chr4_56459833_56459834	chr4	56459833	56459834	5773	True	4
chr4_57032449_57032450	chr4	57032449	57032450	30	False	NA
chr4_76532285_76532286	chr4	76532285	76532286	64123	True	3
chr4_76532304_76532305	chr4	76532304	76532305	64123	True	3
chr4_79208527_79208528	chr4	79208527	79208528	5	False	NA
chr4_82355315_82355316	chr4	82355315	82355316	7554	True	6
chr4_82359536_82359537	chr4	82359536	82359537	7771	True	6
chr4_82426071_82426072	chr4	82426071	82426072	4596	True	6
chr4_82426594_82426595	chr4	82426594	82426595	7032	True	6
chr4_82427553_82427554	chr4	82427553	82427554	6809	True	6
chr4_82428379_82428380	chr4	82428379	82428380	11042	True	6
chr4_99948323_99948324	chr4	99948323	99948324	4214	True	4
chr4_102797297_102797298	chr4	102797297	102797298	8226	True	6
chr4_108622003_108622004	chr4	108622003	108622004	13810	True	6
chr4_108622166_108622167	chr4	108622166	108622167	10561	True	6
chr4_108652225_108652226	chr4	108652225	108652226	2674	True	1
chr4_118804747_118804748	chr4	118804747	118804748	44	False	NA
chr4_119237433_119237434	chr4	119237433	119237434	6496	True	4
chr4_121669655_121669656	chr4	121669655	121669656	1110	True	2
chr4_123148377_123148378	chr4	123148377	123148378	108	False	NA
chr4_128272464_128272465	chr4	128272464	128272465	1514	True	1
chr4_138171519_138171520	chr4	138171519	138171520	919	True	5
chr4_138171894_138171895	chr4	138171894	138171895	950	True	3
chr4_138236442_138236443	chr4	138236442	138236443	1351	True	1
chr4_138241798_138241799	chr4	138241798	138241799	2001	True	1
chr4_139114689_139114690	chr4	139114689	139114690	710	True	3
chr4_141727545_141727546	chr4	141727545	141727546	0	False	NA
chr4_151099627_151099628	chr4	151099627	151099628	421	True	1
chr5_225528_225529	chr5	225528	225529	2487	True	6
chr5_314857_314858	chr5	314857	314858	1490	True	5
chr5_314889_314890	chr5	314889	314890	1443	True	5
chr5_1802322_1802323	chr5	1802322	1802323	1123	True	3
chr5_6604244_6604245	chr5	6604244	6604245	1654	True	1
chr5_6605321_6605322	chr5	6605321	6605322	2651	True	1
chr5_6611768_6611769	chr5	6611768	6611769	1000	True	1
chr5_6631895_6631896	chr5	6631895	6631896	650	True	1
chr5_6715866_6715867	chr5	6715866	6715867	885	True	5
chr5_10250423_10250424	chr5	10250423	10250424	5327	True	3
chr5_10254149_10254150	chr5	10254149	10254150	1474	True	1
chr5_10254197_10254198	chr5	10254197	10254198	1396	True	1
chr5_10255972_10255973	chr5	10255972	10255973	3898	True	6
chr5_10258297_10258298	chr5	10258297	10258298	2683	True	6
chr5_10262524_10262525	chr5	10262524	10262525	3496	True	6
chr5_10391677_10391678	chr5	10391677	10391678	3698	True	1
chr5_10433626_10433627	chr5	10433626	10433627	1301	True	6
chr5_14509414_14509415	chr5	14509414	14509415	784	True	2
chr5_17221383_17221384	chr5	17221383	17221384	442	True	5
chr5_17275309_17275310	chr5	17275309	17275310	59	False	NA
chr5_17275410_17275411	chr5	17275410	17275411	0	False	NA
chr5_17275842_17275843	chr5	17275842	17275843	27	False	NA
chr5_32125537_32125538	chr5	32125537	32125538	5134	True	4
chr5_32126072_32126073	chr5	32126072	32126073	2669	True	4
chr5_32355504_32355505	chr5	32355504	32355505	5340	True	6
chr5_32591643_32591644	chr5	32591643	32591644	3531	True	3
chr5_32601012_32601013	chr5	32601012	32601013	1341	True	4
chr5_32601281_32601282	chr5	32601281	32601282	4734	True	4
chr5_32786557_32786558	chr5	32786557	32786558	24	False	NA
chr5_32790242_32790243	chr5	32790242	32790243	5	False	NA
chr5_33441054_33441055	chr5	33441054	33441055	4022	True	1
chr5_33448541_33448542	chr5	33448541	33448542	2580	True	6
chr5_33448589_33448590	chr5	33448589	33448590	3179	True	1
chr5_33453380_33453381	chr5	33453380	33453381	5191	True	6
chr5_33455007_33455008	chr5	33455007	33455008	2275	True	3
chr5_33456050_33456051	chr5	33456050	33456051	1350	True	1
chr5_33456204_33456205	chr5	33456204	33456205	1681	True	1
chr5_33458614_33458615	chr5	33458614	33458615	2930	True	3
chr5_33460907_33460908	chr5	33460907	33460908	2690	True	1
chr5_33460971_33460972	chr5	33460971	33460972	3192	True	1
chr5_33461045_33461046	chr5	33461045	33461046	2049	True	1
chr5_33461731_33461732	chr5	33461731	33461732	1526	True	1
chr5_33461993_33461994	chr5	33461993	33461994	1294	True	1
chr5_33462135_33462136	chr5	33462135	33462136	1148	True	1
chr5_33463787_33463788	chr5	33463787	33463788	1918	True	3
chr5_33466977_33466978	chr5	33466977	33466978	751	True	2
chr5_33467595_33467596	chr5	33467595	33467596	2465	True	6
chr5_33467659_33467660	chr5	33467659	33467660	3770	True	6
chr5_33467932_33467933	chr5	33467932	33467933	1676	True	3
chr5_34925543_34925544	chr5	34925543	34925544	4891	True	4
chr5_44815152_44815153	chr5	44815152	44815153	1008	True	1
chr5_56260407_56260408	chr5	56260407	56260408	2174	True	3
chr5_59102725_59102726	chr5	59102725	59102726	11	False	NA
chr5_59105352_59105353	chr5	59105352	59105353	0	False	NA
chr5_59275487_59275488	chr5	59275487	59275488	230	True	5
chr5_74776682_74776683	chr5	74776682	74776683	1090	True	3
chr5_77080469_77080470	chr5	77080469	77080470	4605	True	5
chr5_77691369_77691370	chr5	77691369	77691370	1416	True	6
chr5_80651449_80651450	chr5	80651449	80651450	4729	True	2
chr5_80652121_80652122	chr5	80652121	80652122	5575	True	6
chr5_86620524_86620525	chr5	86620524	86620525	3018	True	5
chr5_91311343_91311344	chr5	91311343	91311344	0	False	NA
chr5_95888724_95888725	chr5	95888724	95888725	1680	True	4
chr5_96737883_96737884	chr5	96737883	96737884	2160	True	1
chr5_96741508_96741509	chr5	96741508	96741509	754	True	1
chr5_112161528_112161529	chr5	112161528	112161529	47027	True	6
chr5_115620582_115620583	chr5	115620582	115620583	1633	True	3
chr5_115774348_115774349	chr5	115774348	115774349	264	True	5
chr5_119072510_119072511	chr5	119072510	119072511	38	False	NA
chr5_123147855_123147856	chr5	123147855	123147856	0	False	NA
chr5_124408801_124408802	chr5	124408801	124408802	0	False	NA
chr5_131159428_131159429	chr5	131159428	131159429	6286	True	4
chr5_131162661_131162662	chr5	131162661	131162662	3686	True	3
chr5_133067421_133067422	chr5	133067421	133067422	898	True	1
chr5_133104262_133104263	chr5	133104262	133104263	1536	True	1
chr5_133556940_133556941	chr5	133556940	133556941	53	False	NA
chr5_134176952_134176953	chr5	134176952	134176953	4060	True	6
chr5_137752762_137752763	chr5	137752762	137752763	16260	True	6
chr5_137753199_137753200	chr5	137753199	137753200	3893	True	6
chr5_138466006_138466007	chr5	138466006	138466007	1794	True	3
chr5_138467096_138467097	chr5	138467096	138467097	2311	True	3
chr5_138468552_138468553	chr5	138468552	138468553	1065	True	5
chr5_138555808_138555809	chr5	138555808	138555809	11258	True	6
chr5_138556024_138556025	chr5	138556024	138556025	5796	True	6
chr5_138556568_138556569	chr5	138556568	138556569	7392	True	6
chr5_138556832_138556833	chr5	138556832	138556833	6098	True	6
chr5_138557458_138557459	chr5	138557458	138557459	5284	True	6
chr5_138558650_138558651	chr5	138558650	138558651	3915	True	6
chr5_138559013_138559014	chr5	138559013	138559014	2256	True	3
chr5_138559907_138559908	chr5	138559907	138559908	3917	True	6
chr5_138567115_138567116	chr5	138567115	138567116	5615	True	6
chr5_138567669_138567670	chr5	138567669	138567670	3425	True	6
chr5_138753484_138753485	chr5	138753484	138753485	1290	True	1
chr5_139276351_139276352	chr5	139276351	139276352	17368	True	3
chr5_139278792_139278793	chr5	139278792	139278793	83223	True	6
chr5_139307930_139307931	chr5	139307930	139307931	5207	True	6
chr5_140436114_140436115	chr5	140436114	140436115	3502	True	6
chr5_140726244_140726245	chr5	140726244	140726245	26358	True	6
chr5_148214927_148214928	chr5	148214927	148214928	311	True	5
chr5_148286010_148286011	chr5	148286010	148286011	18	False	NA
chr5_150444265_150444266	chr5	150444265	150444266	8193	True	6
chr5_151794231_151794232	chr5	151794231	151794232	1191	True	1
chr5_151800238_151800239	chr5	151800238	151800239	905	True	1
chr5_154814848_154814849	chr5	154814848	154814849	3603	True	6
chr5_154817385_154817386	chr5	154817385	154817386	2904	True	4
chr5_157330797_157330798	chr5	157330797	157330798	136	False	NA
chr5_171387965_171387966	chr5	171387965	171387966	8528	True	6
chr5_171406639_171406640	chr5	171406639	171406640	3902	True	4
chr5_171407707_171407708	chr5	171407707	171407708	1889	True	3
chr5_171410561_171410562	chr5	171410561	171410562	2276	True	3
chr5_172768230_172768231	chr5	172768230	172768231	703	True	2
chr5_172768651_172768652	chr5	172768651	172768652	560	True	2
chr5_173020738_173020739	chr5	173020738	173020739	57039	True	3
chr5_173020800_173020801	chr5	173020800	173020801	62559	True	6
chr5_173317798_173317799	chr5	173317798	173317799	2406	True	2
chr5_177592363_177592364	chr5	177592363	177592364	8763	True	6
chr5_177594157_177594158	chr5	177594157	177594158	2055	True	6
chr5_178149521_178149522	chr5	178149521	178149522	337	True	5
chr5_178205979_178205980	chr5	178205979	178205980	3387	True	6
chr5_178210853_178210854	chr5	178210853	178210854	6319	True	6
chr5_179614539_179614540	chr5	179614539	179614540	13437	True	4
chr5_179614579_179614580	chr5	179614579	179614580	9324	True	4
chr5_179617874_179617875	chr5	179617874	179617875	15158	True	6
chr5_179617925_179617926	chr5	179617925	179617926	16013	True	6
chr5_179618201_179618202	chr5	179618201	179618202	17810	True	6
chr5_179618232_179618233	chr5	179618232	179618233	21144	True	6
chr5_179618523_179618524	chr5	179618523	179618524	10389	True	6
chr5_179619375_179619376	chr5	179619375	179619376	22253	True	6
chr5_179621233_179621234	chr5	179621233	179621234	18955	True	6
chr5_179623044_179623045	chr5	179623044	179623045	13897	True	6
chr5_179623123_179623124	chr5	179623123	179623124	17407	True	6
chr5_179698979_179698980	chr5	179698979	179698980	13287	True	6
chr5_179705680_179705681	chr5	179705680	179705681	9649	True	6
chr5_179705729_179705730	chr5	179705729	179705730	11633	True	6
chr5_179708325_179708326	chr5	179708325	179708326	7912	True	6
chr5_179708371_179708372	chr5	179708371	179708372	7263	True	6
chr5_179720413_179720414	chr5	179720413	179720414	9166	True	6
chr5_179720450_179720451	chr5	179720450	179720451	10987	True	6
chr5_179722842_179722843	chr5	179722842	179722843	8049	True	6
chr5_179722937_179722938	chr5	179722937	179722938	19015	True	6
chr5_179726725_179726726	chr5	179726725	179726726	8332	True	6
chr5_179726746_179726747	chr5	179726746	179726747	8310	True	6
chr5_179728651_179728652	chr5	179728651	179728652	20920	True	6
chr5_179728699_179728700	chr5	179728699	179728700	23594	True	6
chr5_179728957_179728958	chr5	179728957	179728958	11660	True	4
chr5_179729610_179729611	chr5	179729610	179729611	26534	True	6
chr5_179729637_179729638	chr5	179729637	179729638	20850	True	6
chr5_179730311_179730312	chr5	179730311	179730312	20488	True	6
chr5_179730395_179730396	chr5	179730395	179730396	18415	True	6
chr5_179820999_179821000	chr5	179820999	179821000	4110	True	3
chr5_179821123_179821124	chr5	179821123	179821124	3902	True	3
chr5_179823005_179823006	chr5	179823005	179823006	2671	True	3
chr5_179825176_179825177	chr5	179825176	179825177	2719	True	6
chr5_179825219_179825220	chr5	179825219	179825220	2765	True	6
chr5_179833073_179833074	chr5	179833073	179833074	2138	True	1
chr5_179833103_179833104	chr5	179833103	179833104	3053	True	3
chr5_179833174_179833175	chr5	179833174	179833175	3178	True	6
chr5_179836637_179836638	chr5	179836637	179836638	5570	True	6
chr5_179836911_179836912	chr5	179836911	179836912	4077	True	6
chr5_181241505_181241506	chr5	181241505	181241506	13539	True	6
chr5_181242179_181242180	chr5	181242179	181242180	13058	True	6
chr5_181242336_181242337	chr5	181242336	181242337	14018	True	6
chr5_181243775_181243776	chr5	181243775	181243776	22069	True	6
chr6_6244838_6244839	chr6	6244838	6244839	0	False	NA
chr6_7289604_7289605	chr6	7289604	7289605	5731	True	4
chr6_7289832_7289833	chr6	7289832	7289833	8112	True	6
chr6_7882913_7882914	chr6	7882913	7882914	3039	True	2
chr6_8686905_8686906	chr6	8686905	8686906	0	False	NA
chr6_15257772_15257773	chr6	15257772	15257773	357	True	5
chr6_18225078_18225079	chr6	18225078	18225079	9787	True	6
chr6_26026989_26026990	chr6	26026989	26026990	5767	True	4
chr6_26027226_26027227	chr6	26027226	26027227	9448	True	6
chr6_26032067_26032068	chr6	26032067	26032068	10048	True	6
chr6_26103930_26103931	chr6	26103930	26103931	4207	True	3
chr6_26104145_26104146	chr6	26104145	26104146	9196	True	3
chr6_26104221_26104222	chr6	26104221	26104222	9731	True	3
chr6_26123710_26123711	chr6	26123710	26123711	7948	True	6
chr6_26124225_26124226	chr6	26124225	26124226	18461	True	6
chr6_26124278_26124279	chr6	26124278	26124279	19653	True	6
chr6_26124401_26124402	chr6	26124401	26124402	6197	True	3
chr6_26156569_26156570	chr6	26156569	26156570	21573	True	6
chr6_26158199_26158200	chr6	26158199	26158200	19433	True	6
chr6_26196892_26196893	chr6	26196892	26196893	5448	True	6
chr6_26198813_26198814	chr6	26198813	26198814	4630	True	6
chr6_26198937_26198938	chr6	26198937	26198938	7906	True	6
chr6_26199073_26199074	chr6	26199073	26199074	6411	True	6
chr6_26199254_26199255	chr6	26199254	26199255	6128	True	6
chr6_26199554_26199555	chr6	26199554	26199555	4081	True	6
chr6_26204626_26204627	chr6	26204626	26204627	14484	True	6
chr6_26216283_26216284	chr6	26216283	26216284	3969	True	3
chr6_26250214_26250215	chr6	26250214	26250215	1035	True	3
chr6_26251771_26251772	chr6	26251771	26251772	884	True	1
chr6_26270972_26270973	chr6	26270972	26270973	32	False	NA
chr6_26273227_26273228	chr6	26273227	26273228	77	False	NA
chr6_26285403_26285404	chr6	26285403	26285404	8333	True	6
chr6_27132633_27132634	chr6	27132633	27132634	12945	True	6
chr6_27146580_27146581	chr6	27146580	27146581	5489	True	3
chr6_27505861_27505862	chr6	27505861	27505862	17981	True	4
chr6_27808516_27808517	chr6	27808516	27808517	4781	True	3
chr6_27810063_27810064	chr6	27810063	27810064	5728	True	3
chr6_27810384_27810385	chr6	27810384	27810385	6696	True	6
chr6_27837929_27837930	chr6	27837929	27837930	1924	True	3
chr6_27866924_27866925	chr6	27866924	27866925	2216	True	1
chr6_27866947_27866948	chr6	27866947	27866948	1557	True	1
chr6_27867103_27867104	chr6	27867103	27867104	2186	True	1
chr6_27867550_27867551	chr6	27867550	27867551	1933	True	1
chr6_28489032_28489033	chr6	28489032	28489033	2330	True	4
chr6_28838460_28838461	chr6	28838460	28838461	4657	True	5
chr6_29943507_29943508	chr6	29943507	29943508	2931	True	2
chr6_30722927_30722928	chr6	30722927	30722928	4529	True	6
chr6_30723560_30723561	chr6	30723560	30723561	12656	True	6
chr6_30723908_30723909	chr6	30723908	30723909	22118	True	6
chr6_30723991_30723992	chr6	30723991	30723992	10845	True	6
chr6_30724367_30724368	chr6	30724367	30724368	12378	True	6
chr6_30724688_30724689	chr6	30724688	30724689	15990	True	6
chr6_30725210_30725211	chr6	30725210	30725211	20598	True	6
chr6_31815665_31815666	chr6	31815665	31815666	10206	True	3
chr6_31835295_31835296	chr6	31835295	31835296	31077	True	6
chr6_33276056_33276057	chr6	33276056	33276057	35089	True	6
chr6_33276242_33276243	chr6	33276242	33276243	1136	True	5
chr6_33290878_33290879	chr6	33290878	33290879	2371	True	6
chr6_35470324_35470325	chr6	35470324	35470325	7516	True	6
chr6_36596799_36596800	chr6	36596799	36596800	3020	True	6
chr6_44249457_44249458	chr6	44249457	44249458	24570	True	6
chr6_44249527_44249528	chr6	44249527	44249528	14527	True	6
chr6_44249816_44249817	chr6	44249816	44249817	21566	True	6
chr6_44251839_44251840	chr6	44251839	44251840	30209	True	6
chr6_44252118_44252119	chr6	44252118	44252119	50955	True	6
chr6_44253491_44253492	chr6	44253491	44253492	20668	True	6
chr6_45458924_45458925	chr6	45458924	45458925	0	False	NA
chr6_63580258_63580259	chr6	63580258	63580259	3867	True	4
chr6_63580718_63580719	chr6	63580718	63580719	10992	True	4
chr6_71403617_71403618	chr6	71403617	71403618	767	True	5
chr6_73518364_73518365	chr6	73518364	73518365	2069	True	6
chr6_85619304_85619305	chr6	85619304	85619305	2604	True	1
chr6_87086375_87086376	chr6	87086375	87086376	34	False	NA
chr6_87088137_87088138	chr6	87088137	87088138	0	False	NA
chr6_89083972_89083973	chr6	89083972	89083973	1217	True	1
chr6_114028759_114028760	chr6	114028759	114028760	0	False	NA
chr6_114853952_114853953	chr6	114853952	114853953	0	False	NA
chr6_116889538_116889539	chr6	116889538	116889539	0	False	NA
chr6_131949243_131949244	chr6	131949243	131949244	6369	True	2
chr6_131950823_131950824	chr6	131950823	131950824	10518	True	2
chr6_131951244_131951245	chr6	131951244	131951245	5905	True	2
chr6_131951279_131951280	chr6	131951279	131951280	6388	True	2
chr6_134169408_134169409	chr6	134169408	134169409	859	True	5
chr6_134169704_134169705	chr6	134169704	134169705	197	False	NA
chr6_134170136_134170137	chr6	134170136	134170137	986	True	2
chr6_134170172_134170173	chr6	134170172	134170173	627	True	2
chr6_134170399_134170400	chr6	134170399	134170400	498	True	2
chr6_134170839_134170840	chr6	134170839	134170840	486	True	5
chr6_134170889_134170890	chr6	134170889	134170890	471	True	5
chr6_134172237_134172238	chr6	134172237	134172238	1136	True	2
chr6_134172719_134172720	chr6	134172719	134172720	681	True	2
chr6_134173080_134173081	chr6	134173080	134173081	561	True	2
chr6_134173144_134173145	chr6	134173144	134173145	493	True	2
chr6_134173498_134173499	chr6	134173498	134173499	1047	True	2
chr6_134174031_134174032	chr6	134174031	134174032	994	True	2
chr6_134174551_134174552	chr6	134174551	134174552	1142	True	2
chr6_134174829_134174830	chr6	134174829	134174830	457	True	1
chr6_138092140_138092141	chr6	138092140	138092141	2051	True	2
chr6_153420471_153420472	chr6	153420471	153420472	636	True	3
chr6_154795096_154795097	chr6	154795096	154795097	1083	True	1
chr6_159783956_159783957	chr6	159783956	159783957	1800	True	1
chr6_161153354_161153355	chr6	161153354	161153355	80	False	NA
chr6_162421457_162421458	chr6	162421457	162421458	80	False	NA
chr6_165943843_165943844	chr6	165943843	165943844	17	False	NA
chr6_165954373_165954374	chr6	165954373	165954374	149	False	NA
chr6_165960069_165960070	chr6	165960069	165960070	221	True	5
chr6_165963164_165963165	chr6	165963164	165963165	353	True	5
chr6_165963204_165963205	chr6	165963204	165963205	366	True	5
chr6_165963232_165963233	chr6	165963232	165963233	152	False	NA
chr6_165964546_165964547	chr6	165964546	165964547	11	False	NA
chr6_165969869_165969870	chr6	165969869	165969870	154	False	NA
chr6_165974629_165974630	chr6	165974629	165974630	391	True	5
chr6_165975674_165975675	chr6	165975674	165975675	236	True	5
chr6_165976374_165976375	chr6	165976374	165976375	161	False	NA
chr6_165977463_165977464	chr6	165977463	165977464	528	True	5
chr6_165980557_165980558	chr6	165980557	165980558	102	False	NA
chr6_165981209_165981210	chr6	165981209	165981210	205	True	5
chr6_165981233_165981234	chr6	165981233	165981234	131	False	NA
chr6_165981996_165981997	chr6	165981996	165981997	218	True	5
chr6_165983517_165983518	chr6	165983517	165983518	20	False	NA
chr6_165983674_165983675	chr6	165983674	165983675	29	False	NA
chr6_165984168_165984169	chr6	165984168	165984169	238	True	5
chr7_2354865_2354866	chr7	2354865	2354866	2333	True	3
chr7_2363643_2363644	chr7	2363643	2363644	3548	True	6
chr7_2366443_2366444	chr7	2366443	2366444	5268	True	6
chr7_5605633_5605634	chr7	5605633	5605634	5311	True	3
chr7_5606344_5606345	chr7	5606344	5606345	8469	True	3
chr7_6016972_6016973	chr7	6016972	6016973	7251	True	5
chr7_6463089_6463090	chr7	6463089	6463090	5748	True	6
chr7_10938877_10938878	chr7	10938877	10938878	3045	True	6
chr7_22818045_22818046	chr7	22818045	22818046	1789	True	3
chr7_25124020_25124021	chr7	25124020	25124021	5352	True	6
chr7_26191151_26191152	chr7	26191151	26191152	17164	True	6
chr7_26197338_26197339	chr7	26197338	26197339	16022	True	6
chr7_26202996_26202997	chr7	26202996	26202997	2196	True	6
chr7_26212270_26212271	chr7	26212270	26212271	6299	True	6
chr7_35903190_35903191	chr7	35903190	35903191	1312	True	1
chr7_44796786_44796787	chr7	44796786	44796787	6954	True	6
chr7_44799802_44799803	chr7	44799802	44799803	3857	True	6
chr7_44834470_44834471	chr7	44834470	44834471	1334	True	3
chr7_45104384_45104385	chr7	45104384	45104385	20781	True	6
chr7_45105010_45105011	chr7	45105010	45105011	25263	True	6
chr7_45105029_45105030	chr7	45105029	45105030	24192	True	6
chr7_53776178_53776179	chr7	53776178	53776179	67656	True	2
chr7_56052428_56052429	chr7	56052428	56052429	2186	True	6
chr7_56054494_56054495	chr7	56054494	56054495	706	True	1
chr7_56061783_56061784	chr7	56061783	56061784	2059	True	3
chr7_56063439_56063440	chr7	56063439	56063440	1259	True	5
chr7_56101652_56101653	chr7	56101652	56101653	5307	True	4
chr7_56101676_56101677	chr7	56101676	56101677	5296	True	4
chr7_56104232_56104233	chr7	56104232	56104233	2903	True	3
chr7_65755553_65755554	chr7	65755553	65755554	7537	True	3
chr7_65755622_65755623	chr7	65755622	65755623	7548	True	3
chr7_70209126_70209127	chr7	70209126	70209127	0	False	NA
chr7_73477850_73477851	chr7	73477850	73477851	3141	True	1
chr7_74191252_74191253	chr7	74191252	74191253	748	True	5
chr7_76326841_76326842	chr7	76326841	76326842	3158	True	4
chr7_77537447_77537448	chr7	77537447	77537448	11966	True	6
chr7_93926397_93926398	chr7	93926397	93926398	7	False	NA
chr7_94668759_94668760	chr7	94668759	94668760	7686	True	2
chr7_94669211_94669212	chr7	94669211	94669212	16947	True	2
chr7_95585158_95585159	chr7	95585158	95585159	10	False	NA
chr7_95592591_95592592	chr7	95592591	95592592	24	False	NA
chr7_97856716_97856717	chr7	97856716	97856717	1964	True	1
chr7_98881750_98881751	chr7	98881750	98881751	184356	True	6
chr7_99396102_99396103	chr7	99396102	99396103	1890	True	3
chr7_99459160_99459161	chr7	99459160	99459161	4901	True	6
chr7_100095807_100095808	chr7	100095807	100095808	2679	True	1
chr7_100099374_100099375	chr7	100099374	100099375	6464	True	6
chr7_100099605_100099606	chr7	100099605	100099606	2441	True	6
chr7_107986070_107986071	chr7	107986070	107986071	213	True	2
chr7_128739403_128739404	chr7	128739403	128739404	4687	True	6
chr7_128759827_128759828	chr7	128759827	128759828	2910	True	6
chr7_128770811_128770812	chr7	128770811	128770812	8276	True	4
chr7_128771395_128771396	chr7	128771395	128771396	10428	True	6
chr7_129484502_129484503	chr7	129484502	129484503	369	True	5
chr7_131557484_131557485	chr7	131557484	131557485	0	False	NA
chr7_134442521_134442522	chr7	134442521	134442522	542	True	2
chr7_139360652_139360653	chr7	139360652	139360653	2816	True	5
chr7_140386825_140386826	chr7	140386825	140386826	50222	True	6
chr7_149003668_149003669	chr7	149003668	149003669	15636	True	6
chr7_149014914_149014915	chr7	149014914	149014915	3897	True	1
chr8_18834335_18834336	chr8	18834335	18834336	14	False	NA
chr8_19948190_19948191	chr8	19948190	19948191	0	False	NA
chr8_19951932_19951933	chr8	19951932	19951933	0	False	NA
chr8_19959334_19959335	chr8	19959334	19959335	0	False	NA
chr8_19965463_19965464	chr8	19965463	19965464	21	False	NA
chr8_19965502_19965503	chr8	19965502	19965503	16	False	NA
chr8_19965676_19965677	chr8	19965676	19965677	17	False	NA
chr8_19965950_19965951	chr8	19965950	19965951	5	False	NA
chr8_19966984_19966985	chr8	19966984	19966985	19	False	NA
chr8_30679277_30679278	chr8	30679277	30679278	4181	True	4
chr8_40153735_40153736	chr8	40153735	40153736	1090	True	2
chr8_47789195_47789196	chr8	47789195	47789196	1670	True	1
chr8_47831903_47831904	chr8	47831903	47831904	1976	True	6
chr8_47857182_47857183	chr8	47857182	47857183	2541	True	6
chr8_47858595_47858596	chr8	47858595	47858596	1887	True	6
chr8_47904885_47904886	chr8	47904885	47904886	1100	True	6
chr8_47915406_47915407	chr8	47915406	47915407	3321	True	1
chr8_47976953_47976954	chr8	47976953	47976954	6743	True	4
chr8_61624997_61624998	chr8	61624997	61624998	510	True	5
chr8_61625886_61625887	chr8	61625886	61625887	706	True	2
chr8_61644624_61644625	chr8	61644624	61644625	1110	True	2
chr8_61646830_61646831	chr8	61646830	61646831	2352	True	1
chr8_61653603_61653604	chr8	61653603	61653604	2226	True	1
chr8_61684107_61684108	chr8	61684107	61684108	2965	True	1
chr8_61684129_61684130	chr8	61684129	61684130	2802	True	1
chr8_66922487_66922488	chr8	66922487	66922488	27895	True	6
chr8_69690147_69690148	chr8	69690147	69690148	4976	True	5
chr8_73292283_73292284	chr8	73292283	73292284	160	False	NA
chr8_73292699_73292700	chr8	73292699	73292700	380	True	5
chr8_81280533_81280534	chr8	81280533	81280534	28	False	NA
chr8_96231118_96231119	chr8	96231118	96231119	1698	True	1
chr8_97724773_97724774	chr8	97724773	97724774	2210	True	4
chr8_97724840_97724841	chr8	97724840	97724841	2133	True	1
chr8_98042679_98042680	chr8	98042679	98042680	14773	True	6
chr8_98045523_98045524	chr8	98045523	98045524	8478	True	6
chr8_99893663_99893664	chr8	99893663	99893664	2152	True	3
chr8_100706743_100706744	chr8	100706743	100706744	18962	True	6
chr8_100706975_100706976	chr8	100706975	100706976	17075	True	6
chr8_100709182_100709183	chr8	100709182	100709183	8534	True	6
chr8_100709485_100709486	chr8	100709485	100709486	14903	True	6
chr8_100715590_100715591	chr8	100715590	100715591	9381	True	6
chr8_100717825_100717826	chr8	100717825	100717826	12465	True	6
chr8_100721822_100721823	chr8	100721822	100721823	65852	True	6
chr8_100918959_100918960	chr8	100918959	100918960	4533	True	4
chr8_100919558_100919559	chr8	100919558	100919559	6904	True	3
chr8_100920186_100920187	chr8	100920186	100920187	1858	True	5
chr8_100920346_100920347	chr8	100920346	100920347	6854	True	6
chr8_100948744_100948745	chr8	100948744	100948745	1843	True	6
chr8_105560861_105560862	chr8	105560861	105560862	0	False	NA
chr8_108228279_108228280	chr8	108228279	108228280	4670	True	6
chr8_108228325_108228326	chr8	108228325	108228326	4792	True	6
chr8_116644977_116644978	chr8	116644977	116644978	5588	True	6
chr8_116846024_116846025	chr8	116846024	116846025	2943	True	4
chr8_118976510_118976511	chr8	118976510	118976511	11520	True	1
chr8_123434542_123434543	chr8	123434542	123434543	868	True	5
chr8_124543110_124543111	chr8	124543110	124543111	5792	True	6
chr8_127174442_127174443	chr8	127174442	127174443	884	True	5
chr8_127187734_127187735	chr8	127187734	127187735	527	True	2
chr8_127202159_127202160	chr8	127202159	127202160	1604	True	2
chr8_127202212_127202213	chr8	127202212	127202213	1699	True	2
chr8_127206915_127206916	chr8	127206915	127206916	819	True	2
chr8_127207709_127207710	chr8	127207709	127207710	938	True	2
chr8_127208557_127208558	chr8	127208557	127208558	674	True	2
chr8_127208669_127208670	chr8	127208669	127208670	1039	True	2
chr8_127208713_127208714	chr8	127208713	127208714	1632	True	2
chr8_127209114_127209115	chr8	127209114	127209115	645	True	2
chr8_127209235_127209236	chr8	127209235	127209236	902	True	2
chr8_127209828_127209829	chr8	127209828	127209829	927	True	5
chr8_127210240_127210241	chr8	127210240	127210241	356	True	5
chr8_127211782_127211783	chr8	127211782	127211783	487	True	5
chr8_127212691_127212692	chr8	127212691	127212692	397	True	5
chr8_127219408_127219409	chr8	127219408	127219409	690	True	5
chr8_127220709_127220710	chr8	127220709	127220710	947	True	5
chr8_127222335_127222336	chr8	127222335	127222336	289	True	5
chr8_127222416_127222417	chr8	127222416	127222417	199	False	NA
chr8_127222492_127222493	chr8	127222492	127222493	240	True	5
chr8_127222928_127222929	chr8	127222928	127222929	416	True	5
chr8_127223159_127223160	chr8	127223159	127223160	1686	True	5
chr8_127223438_127223439	chr8	127223438	127223439	370	True	5
chr8_127223743_127223744	chr8	127223743	127223744	629	True	5
chr8_127224418_127224419	chr8	127224418	127224419	444	True	5
chr8_127225056_127225057	chr8	127225056	127225057	229	True	5
chr8_127225361_127225362	chr8	127225361	127225362	122	False	NA
chr8_127225744_127225745	chr8	127225744	127225745	418	True	5
chr8_127736600_127736601	chr8	127736600	127736601	3608	True	6
chr8_127738274_127738275	chr8	127738274	127738275	7096	True	6
chr8_127738605_127738606	chr8	127738605	127738606	7727	True	6
chr8_127740678_127740679	chr8	127740678	127740679	7131	True	6
chr8_127741234_127741235	chr8	127741234	127741235	5719	True	4
chr8_127741256_127741257	chr8	127741256	127741257	6000	True	4
chr8_127741286_127741287	chr8	127741286	127741287	5087	True	4
chr8_127741340_127741341	chr8	127741340	127741341	3690	True	4
chr8_134804941_134804942	chr8	134804941	134804942	2225	True	5
chr8_140539506_140539507	chr8	140539506	140539507	152	False	NA
chr8_141629758_141629759	chr8	141629758	141629759	0	False	NA
chr8_142703205_142703206	chr8	142703205	142703206	6	False	NA
chr8_143022338_143022339	chr8	143022338	143022339	789	True	5
chr8_143581063_143581064	chr8	143581063	143581064	2364	True	3
chr8_143916063_143916064	chr8	143916063	143916064	2412	True	1
chr8_143916109_143916110	chr8	143916109	143916110	1992	True	1
chr8_143916261_143916262	chr8	143916261	143916262	1261	True	2
chr8_143916731_143916732	chr8	143916731	143916732	1363	True	1
chr8_143918958_143918959	chr8	143918958	143918959	1773	True	1
chr8_143919103_143919104	chr8	143919103	143919104	2382	True	1
chr8_143919343_143919344	chr8	143919343	143919344	1097	True	1
chr8_143921453_143921454	chr8	143921453	143921454	952	True	1
chr8_143921475_143921476	chr8	143921475	143921476	1182	True	1
chr8_143922955_143922956	chr8	143922955	143922956	1518	True	1
chr8_143926990_143926991	chr8	143926990	143926991	1442	True	1
chr8_143929676_143929677	chr8	143929676	143929677	1326	True	1
chr8_144791445_144791446	chr8	144791445	144791446	19544	True	6
chr8_144791485_144791486	chr8	144791485	144791486	14254	True	6
chr8_144791910_144791911	chr8	144791910	144791911	18948	True	6
chr8_144792064_144792065	chr8	144792064	144792065	22492	True	6
chr8_144792108_144792109	chr8	144792108	144792109	21017	True	6
chr9_2162794_2162795	chr9	2162794	2162795	2975	True	5
chr9_6050842_6050843	chr9	6050842	6050843	0	False	NA
chr9_14921822_14921823	chr9	14921822	14921823	5041	True	6
chr9_15776241_15776242	chr9	15776241	15776242	3920	True	2
chr9_19063676_19063677	chr9	19063676	19063677	12850	True	3
chr9_21970973_21970974	chr9	21970973	21970974	100	False	NA
chr9_21971022_21971023	chr9	21971022	21971023	54	False	NA
chr9_32553910_32553911	chr9	32553910	32553911	659	True	2
chr9_33026507_33026508	chr9	33026507	33026508	1340	True	1
chr9_33036677_33036678	chr9	33036677	33036678	1431	True	1
chr9_33038838_33038839	chr9	33038838	33038839	802	True	1
chr9_33110809_33110810	chr9	33110809	33110810	2071	True	5
chr9_33110864_33110865	chr9	33110864	33110865	1521	True	2
chr9_33111214_33111215	chr9	33111214	33111215	4420	True	4
chr9_33112117_33112118	chr9	33112117	33112118	5915	True	4
chr9_33112158_33112159	chr9	33112158	33112159	6166	True	4
chr9_33112700_33112701	chr9	33112700	33112701	2445	True	5
chr9_33112896_33112897	chr9	33112896	33112897	2365	True	2
chr9_33112934_33112935	chr9	33112934	33112935	2337	True	2
chr9_33113782_33113783	chr9	33113782	33113783	662	True	2
chr9_33116100_33116101	chr9	33116100	33116101	341	True	2
chr9_33120467_33120468	chr9	33120467	33120468	129	False	NA
chr9_33120536_33120537	chr9	33120536	33120537	203	True	2
chr9_33120561_33120562	chr9	33120561	33120562	198	False	NA
chr9_33135362_33135363	chr9	33135362	33135363	772	True	2
chr9_33281098_33281099	chr9	33281098	33281099	955	True	1
chr9_35056998_35056999	chr9	35056998	35056999	3954	True	3
chr9_35059124_35059125	chr9	35059124	35059125	2305	True	1
chr9_35060386_35060387	chr9	35060386	35060387	1595	True	1
chr9_35067919_35067920	chr9	35067919	35067920	2215	True	1
chr9_35684262_35684263	chr9	35684262	35684263	472	True	1
chr9_35689730_35689731	chr9	35689730	35689731	741	True	1
chr9_37588883_37588884	chr9	37588883	37588884	3353	True	6
chr9_73165120_73165121	chr9	73165120	73165121	1733	True	3
chr9_73169066_73169067	chr9	73169066	73169067	1061	True	3
chr9_73170151_73170152	chr9	73170151	73170152	1944	True	3
chr9_76571833_76571834	chr9	76571833	76571834	102013	True	6
chr9_83970176_83970177	chr9	83970176	83970177	3039	True	6
chr9_83971719_83971720	chr9	83971719	83971720	3937	True	1
chr9_83971907_83971908	chr9	83971907	83971908	6996	True	6
chr9_83972151_83972152	chr9	83972151	83972152	7517	True	6
chr9_83974587_83974588	chr9	83974587	83974588	6687	True	1
chr9_83975484_83975485	chr9	83975484	83975485	3107	True	1
chr9_83977015_83977016	chr9	83977015	83977016	3454	True	1
chr9_89311273_89311274	chr9	89311273	89311274	5748	True	6
chr9_92263051_92263052	chr9	92263051	92263052	3542	True	6
chr9_92292532_92292533	chr9	92292532	92292533	50852	True	6
chr9_92292557_92292558	chr9	92292557	92292558	50868	True	6
chr9_92989500_92989501	chr9	92989500	92989501	8	False	NA
chr9_97983339_97983340	chr9	97983339	97983340	8081	True	6
chr9_107283659_107283660	chr9	107283659	107283660	3476	True	1
chr9_107330419_107330420	chr9	107330419	107330420	6483	True	4
chr9_107434844_107434845	chr9	107434844	107434845	198	False	NA
chr9_110256466_110256467	chr9	110256466	110256467	4877	True	6
chr9_110256481_110256482	chr9	110256481	110256482	4902	True	6
chr9_110256509_110256510	chr9	110256509	110256510	5049	True	6
chr9_120855816_120855817	chr9	120855816	120855817	999	True	5
chr9_124415380_124415381	chr9	124415380	124415381	1645	True	3
chr9_125236516_125236517	chr9	125236516	125236517	26561	True	6
chr9_125238779_125238780	chr9	125238779	125238780	15935	True	6
chr9_125239095_125239096	chr9	125239095	125239096	13327	True	6
chr9_125239166_125239167	chr9	125239166	125239167	13927	True	6
chr9_125240230_125240231	chr9	125240230	125240231	5399	True	6
chr9_125240286_125240287	chr9	125240286	125240287	4210	True	6
chr9_125240896_125240897	chr9	125240896	125240897	16801	True	6
chr9_125241089_125241090	chr9	125241089	125241090	24846	True	6
chr9_127451370_127451371	chr9	127451370	127451371	4682	True	3
chr9_128166149_128166150	chr9	128166149	128166150	2009	True	3
chr9_128552589_128552590	chr9	128552589	128552590	656	True	2
chr9_128574708_128574709	chr9	128574708	128574709	1086	True	2
chr9_128603576_128603577	chr9	128603576	128603577	908	True	2
chr9_128608193_128608194	chr9	128608193	128608194	1218	True	2
chr9_128618901_128618902	chr9	128618901	128618902	1526	True	2
chr9_128633508_128633509	chr9	128633508	128633509	3023	True	2
chr9_128633571_128633572	chr9	128633571	128633572	2330	True	2
chr9_128689344_128689345	chr9	128689344	128689345	18686	True	6
chr9_128692918_128692919	chr9	128692918	128692919	3652	True	6
chr9_128693777_128693778	chr9	128693777	128693778	1581	True	1
chr9_128693991_128693992	chr9	128693991	128693992	14415	True	6
chr9_128694667_128694668	chr9	128694667	128694668	78211	True	6
chr9_133364872_133364873	chr9	133364872	133364873	1711	True	3
chr9_134659517_134659518	chr9	134659517	134659518	0	False	NA
chr9_134809284_134809285	chr9	134809284	134809285	0	False	NA
chr9_135088083_135088084	chr9	135088083	135088084	0	False	NA
chr9_135090229_135090230	chr9	135090229	135090230	0	False	NA
chr9_135090291_135090292	chr9	135090291	135090292	0	False	NA
chr9_135120054_135120055	chr9	135120054	135120055	5	False	NA
chr9_135120763_135120764	chr9	135120763	135120764	18	False	NA
chr9_136401986_136401987	chr9	136401986	136401987	1020	True	5
chr9_137241377_137241378	chr9	137241377	137241378	5833	True	6
chr9_137241720_137241721	chr9	137241720	137241721	6025	True	6
chr9_137242537_137242538	chr9	137242537	137242538	3451	True	3
chr9_137242907_137242908	chr9	137242907	137242908	5176	True	6
chrM_11703_11704	chrM	11703	11704	102769	True	6
chrM_13958_13959	chrM	13958	13959	66006	True	6
chrM_15586_15587	chrM	15586	15587	41839	True	6
chrX_12976286_12976287	chrX	12976286	12976287	620	True	5
chrX_20136316_20136317	chrX	20136316	20136317	4017	True	5
chrX_20136390_20136391	chrX	20136390	20136391	1978	True	5
chrX_21978042_21978043	chrX	21978042	21978043	766	True	1
chrX_24054954_24054955	chrX	24054954	24054955	3634	True	6
chrX_24744437_24744438	chrX	24744437	24744438	3971	True	3
chrX_34215964_34215965	chrX	34215964	34215965	296	True	5
chrX_41123518_41123519	chrX	41123518	41123519	1326	True	1
chrX_41341495_41341496	chrX	41341495	41341496	3253	True	3
chrX_41343785_41343786	chrX	41343785	41343786	1734	True	1
chrX_41344240_41344241	chrX	41344240	41344241	2640	True	6
chrX_48577043_48577044	chrX	48577043	48577044	2102	True	3
chrX_48777070_48777071	chrX	48777070	48777071	1485	True	2
chrX_49173260_49173261	chrX	49173260	49173261	1114	True	5
chrX_53584272_53584273	chrX	53584272	53584273	2541	True	1
chrX_65729531_65729532	chrX	65729531	65729532	3282	True	3
chrX_65731966_65731967	chrX	65731966	65731967	1172	True	3
chrX_65739964_65739965	chrX	65739964	65739965	6662	True	3
chrX_65740021_65740022	chrX	65740021	65740022	7209	True	3
chrX_65741210_65741211	chrX	65741210	65741211	2752	True	5
chrX_65741896_65741897	chrX	65741896	65741897	2407	True	3
chrX_69672517_69672518	chrX	69672517	69672518	3067	True	4
chrX_70846260_70846261	chrX	70846260	70846261	1785	True	5
chrX_71290708_71290709	chrX	71290708	71290709	3935	True	6
chrX_71296606_71296607	chrX	71296606	71296607	5399	True	6
chrX_71300045_71300046	chrX	71300045	71300046	8188	True	6
chrX_71300181_71300182	chrX	71300181	71300182	8461	True	6
chrX_72276216_72276217	chrX	72276216	72276217	10252	True	6
chrX_72377144_72377145	chrX	72377144	72377145	48605	True	6
chrX_77902749_77902750	chrX	77902749	77902750	3330	True	3
chrX_78113855_78113856	chrX	78113855	78113856	7273	True	6
chrX_78122845_78122846	chrX	78122845	78122846	6363	True	6
chrX_78122918_78122919	chrX	78122918	78122919	6044	True	6
chrX_78123211_78123212	chrX	78123211	78123212	10110	True	6
chrX_78126043_78126044	chrX	78126043	78126044	15205	True	6
chrX_78126085_78126086	chrX	78126085	78126086	20660	True	6
chrX_101391550_101391551	chrX	101391550	101391551	373	True	5
chrX_101395427_101395428	chrX	101395427	101395428	535	True	5
chrX_103676077_103676078	chrX	103676077	103676078	6079	True	4
chrX_103676535_103676536	chrX	103676535	103676536	9534	True	6
chrX_103676684_103676685	chrX	103676684	103676685	11669	True	6
chrX_103676702_103676703	chrX	103676702	103676703	11521	True	6
chrX_103678529_103678530	chrX	103678529	103678530	5246	True	6
chrX_109054541_109054542	chrX	109054541	109054542	257814	True	6
chrX_119470102_119470103	chrX	119470102	119470103	3843	True	3
chrX_119471229_119471230	chrX	119471229	119471230	1531	True	5
chrX_119787405_119787406	chrX	119787405	119787406	31970	True	6
chrX_122840425_122840426	chrX	122840425	122840426	8	False	NA
chrX_132580189_132580190	chrX	132580189	132580190	6592	True	3
chrX_141118139_141118140	chrX	141118139	141118140	2902	True	2
chrX_153723203_153723204	chrX	153723203	153723204	1415	True	1
chrX_154349029_154349030	chrX	154349029	154349030	2556	True	6
chrX_154349660_154349661	chrX	154349660	154349661	3616	True	6
chrX_154350132_154350133	chrX	154350132	154350133	6684	True	6
chrX_154350922_154350923	chrX	154350922	154350923	5925	True	6
chrX_154351002_154351003	chrX	154351002	154351003	8363	True	6
chrX_154351675_154351676	chrX	154351675	154351676	5063	True	6
chrX_154352011_154352012	chrX	154352011	154352012	6312	True	6
chrX_154352270_154352271	chrX	154352270	154352271	6668	True	6
chrX_154352344_154352345	chrX	154352344	154352345	8557	True	6
chrX_154353102_154353103	chrX	154353102	154353103	7048	True	6
chrX_154353408_154353409	chrX	154353408	154353409	4668	True	6
chrX_154354648_154354649	chrX	154354648	154354649	3437	True	6
chrX_154358472_154358473	chrX	154358472	154358473	5110	True	6
chrX_154359277_154359278	chrX	154359277	154359278	2747	True	1
chrX_154359615_154359616	chrX	154359615	154359616	3675	True	6
chrX_154359879_154359880	chrX	154359879	154359880	4956	True	6
chrX_154360347_154360348	chrX	154360347	154360348	5485	True	6
chrX_154360578_154360579	chrX	154360578	154360579	3989	True	6
chrX_154361693_154361694	chrX	154361693	154361694	2129	True	3
chrX_154362120_154362121	chrX	154362120	154362121	3314	True	6
chrX_154364680_154364681	chrX	154364680	154364681	3633	True	6
chrX_154364859_154364860	chrX	154364859	154364860	5673	True	6
chrX_154366041_154366042	chrX	154366041	154366042	3408	True	1
chrX_154367487_154367488	chrX	154367487	154367488	4989	True	6
chrX_154371014_154371015	chrX	154371014	154371015	4709	True	6
chrX_154371058_154371059	chrX	154371058	154371059	4104	True	6
chrX_154371307_154371308	chrX	154371307	154371308	966	True	2
chrX_154399497_154399498	chrX	154399497	154399498	16209	True	6
chrX_154399917_154399918	chrX	154399917	154399918	10440	True	6
chrX_154775010_154775011	chrX	154775010	154775011	8434	True	3
chrX_154775076_154775077	chrX	154775076	154775077	8567	True	3
chrX_154775093_154775094	chrX	154775093	154775094	8597	True	3
