binf_chr_start_end	chrom	start	end	row_sum_support	passes_heatmap_filter	heatmap_cluster
chr1_629360_629361	chr1	629360	629361	142	False	NA
chr1_629378_629379	chr1	629378	629379	142	False	NA
chr1_629403_629404	chr1	629403	629404	134	False	NA
chr1_629920_629921	chr1	629920	629921	28155	True	2
chr1_631353_631354	chr1	631353	631354	308	True	4
chr1_631377_631378	chr1	631377	631378	336	True	4
chr1_631486_631487	chr1	631486	631487	661	True	4
chr1_631506_631507	chr1	631506	631507	631	True	4
chr1_631850_631851	chr1	631850	631851	109	False	NA
chr1_632580_632581	chr1	632580	632581	1624	True	4
chr1_632605_632606	chr1	632605	632606	1556	True	4
chr1_633930_633931	chr1	633930	633931	44068	True	2
chr1_633983_633984	chr1	633983	633984	44075	True	2
chr1_634014_634015	chr1	634014	634015	44069	True	2
chr1_634038_634039	chr1	634038	634039	15208	True	3
chr1_634056_634057	chr1	634056	634057	15225	True	3
chr1_2054579_2054580	chr1	2054579	2054580	31	False	NA
chr1_6199593_6199594	chr1	6199593	6199594	9118	True	2
chr1_6668443_6668444	chr1	6668443	6668444	5	False	NA
chr1_8861056_8861057	chr1	8861056	8861057	42670	True	2
chr1_8861079_8861080	chr1	8861079	8861080	43862	True	2
chr1_8861126_8861127	chr1	8861126	8861127	47323	True	2
chr1_8861273_8861274	chr1	8861273	8861274	31750	True	3
chr1_8863304_8863305	chr1	8863304	8863305	17621	True	3
chr1_8863992_8863993	chr1	8863992	8863993	21366	True	3
chr1_8864036_8864037	chr1	8864036	8864037	15544	True	3
chr1_8865337_8865338	chr1	8865337	8865338	14426	True	3
chr1_8865365_8865366	chr1	8865365	8865366	14881	True	3
chr1_8865440_8865441	chr1	8865440	8865441	12195	True	3
chr1_8866332_8866333	chr1	8866332	8866333	18542	True	3
chr1_8866350_8866351	chr1	8866350	8866351	24359	True	3
chr1_8866381_8866382	chr1	8866381	8866382	24259	True	3
chr1_8866492_8866493	chr1	8866492	8866493	14574	True	3
chr1_8867136_8867137	chr1	8867136	8867137	18976	True	3
chr1_8867230_8867231	chr1	8867230	8867231	28908	True	3
chr1_8867248_8867249	chr1	8867248	8867249	19110	True	3
chr1_8868045_8868046	chr1	8868045	8868046	12906	True	3
chr1_8870476_8870477	chr1	8870476	8870477	18427	True	3
chr1_8871903_8871904	chr1	8871903	8871904	20306	True	3
chr1_8871938_8871939	chr1	8871938	8871939	20113	True	3
chr1_8874836_8874837	chr1	8874836	8874837	25808	True	3
chr1_8874901_8874902	chr1	8874901	8874902	25738	True	3
chr1_8878640_8878641	chr1	8878640	8878641	28520	True	3
chr1_8878688_8878689	chr1	8878688	8878689	28189	True	3
chr1_11908150_11908151	chr1	11908150	11908151	250606	True	2
chr1_11908176_11908177	chr1	11908176	11908177	250677	True	2
chr1_11908193_11908194	chr1	11908193	11908194	250710	True	2
chr1_11908203_11908204	chr1	11908203	11908204	250710	True	2
chr1_11908239_11908240	chr1	11908239	11908240	250720	True	2
chr1_11909840_11909841	chr1	11909840	11909841	13348	True	6
chr1_11909887_11909888	chr1	11909887	11909888	13331	True	6
chr1_11909926_11909927	chr1	11909926	11909927	13155	True	6
chr1_16860188_16860189	chr1	16860188	16860189	39	False	NA
chr1_16872616_16872617	chr1	16872616	16872617	723	True	4
chr1_16889707_16889708	chr1	16889707	16889708	856	True	4
chr1_17408419_17408420	chr1	17408419	17408420	4985	True	6
chr1_19305129_19305130	chr1	19305129	19305130	817	True	4
chr1_19608589_19608590	chr1	19608589	19608590	906	True	1
chr1_23310121_23310122	chr1	23310121	23310122	5629	True	6
chr1_23692750_23692751	chr1	23692750	23692751	21304	True	2
chr1_23693859_23693860	chr1	23693859	23693860	27253	True	2
chr1_23694730_23694731	chr1	23694730	23694731	36776	True	2
chr1_23694769_23694770	chr1	23694769	23694770	36330	True	2
chr1_23695814_23695815	chr1	23695814	23695815	11292	True	2
chr1_23695865_23695866	chr1	23695865	23695866	10737	True	2
chr1_23695898_23695899	chr1	23695898	23695899	9888	True	2
chr1_23696355_23696356	chr1	23696355	23696356	6562	True	5
chr1_23696374_23696375	chr1	23696374	23696375	6598	True	5
chr1_25900636_25900637	chr1	25900636	25900637	7812	True	1
chr1_26475254_26475255	chr1	26475254	26475255	12693	True	2
chr1_27834400_27834401	chr1	27834400	27834401	10556	True	1
chr1_27834491_27834492	chr1	27834491	27834492	20714	True	3
chr1_27834514_27834515	chr1	27834514	27834515	17200	True	3
chr1_28506044_28506045	chr1	28506044	28506045	13064	True	3
chr1_28507364_28507365	chr1	28507364	28507365	276983	True	2
chr1_28507389_28507390	chr1	28507389	28507390	309834	True	3
chr1_28507404_28507405	chr1	28507404	28507405	316030	True	3
chr1_28507439_28507440	chr1	28507439	28507440	419212	True	2
chr1_28507456_28507457	chr1	28507456	28507457	420414	True	2
chr1_28507474_28507475	chr1	28507474	28507475	346825	True	2
chr1_28507491_28507492	chr1	28507491	28507492	321156	True	2
chr1_28507510_28507511	chr1	28507510	28507511	257141	True	2
chr1_28507535_28507536	chr1	28507535	28507536	253025	True	2
chr1_28507549_28507550	chr1	28507549	28507550	209854	True	2
chr1_28508556_28508557	chr1	28508556	28508557	333095	True	3
chr1_28508582_28508583	chr1	28508582	28508583	347192	True	3
chr1_28508599_28508600	chr1	28508599	28508600	352132	True	3
chr1_28508646_28508647	chr1	28508646	28508647	433409	True	3
chr1_28508663_28508664	chr1	28508663	28508664	345283	True	3
chr1_28508683_28508684	chr1	28508683	28508684	334513	True	3
chr1_28508702_28508703	chr1	28508702	28508703	221160	True	3
chr1_28508725_28508726	chr1	28508725	28508726	205028	True	3
chr1_28508741_28508742	chr1	28508741	28508742	148856	True	3
chr1_28578789_28578790	chr1	28578789	28578790	16508	True	3
chr1_28578801_28578802	chr1	28578801	28578802	16282	True	3
chr1_28578821_28578822	chr1	28578821	28578822	16209	True	3
chr1_28579794_28579795	chr1	28579794	28579795	97133	True	3
chr1_28579837_28579838	chr1	28579837	28579838	97527	True	3
chr1_28579861_28579862	chr1	28579861	28579862	97945	True	3
chr1_28579878_28579879	chr1	28579878	28579879	98053	True	3
chr1_28579894_28579895	chr1	28579894	28579895	98142	True	3
chr1_28580419_28580420	chr1	28580419	28580420	58501	True	3
chr1_28580437_28580438	chr1	28580437	28580438	58718	True	3
chr1_28580466_28580467	chr1	28580466	28580467	59186	True	3
chr1_28580484_28580485	chr1	28580484	28580485	59476	True	3
chr1_28580513_28580514	chr1	28580513	28580514	60881	True	3
chr1_28580954_28580955	chr1	28580954	28580955	39753	True	3
chr1_28580976_28580977	chr1	28580976	28580977	39434	True	3
chr1_28581008_28581009	chr1	28581008	28581009	39770	True	3
chr1_28581054_28581055	chr1	28581054	28581055	39842	True	3
chr1_28648597_28648598	chr1	28648597	28648598	105075	True	2
chr1_28648665_28648666	chr1	28648665	28648666	108527	True	2
chr1_28648692_28648693	chr1	28648692	28648693	108561	True	2
chr1_30968236_30968237	chr1	30968236	30968237	13812	True	5
chr1_31656806_31656807	chr1	31656806	31656807	25	False	NA
chr1_32362077_32362078	chr1	32362077	32362078	2190	True	4
chr1_35184157_35184158	chr1	35184157	35184158	17830	True	6
chr1_35184238_35184239	chr1	35184238	35184239	17440	True	6
chr1_35189083_35189084	chr1	35189083	35189084	6492	True	1
chr1_35191441_35191442	chr1	35191441	35191442	11116	True	5
chr1_39560860_39560861	chr1	39560860	39560861	6086	True	6
chr1_39567408_39567409	chr1	39567408	39567409	39013	True	3
chr1_39567510_39567511	chr1	39567510	39567511	34116	True	3
chr1_42682501_42682502	chr1	42682501	42682502	4188	True	3
chr1_42696721_42696722	chr1	42696721	42696722	6509	True	3
chr1_42697247_42697248	chr1	42697247	42697248	3366	True	3
chr1_42700876_42700877	chr1	42700876	42700877	6654	True	3
chr1_42700898_42700899	chr1	42700898	42700899	6540	True	3
chr1_42700928_42700929	chr1	42700928	42700929	6576	True	3
chr1_42702024_42702025	chr1	42702024	42702025	8945	True	3
chr1_42702173_42702174	chr1	42702173	42702174	2280	True	6
chr1_44721813_44721814	chr1	44721813	44721814	51198	True	2
chr1_44721861_44721862	chr1	44721861	44721862	51052	True	2
chr1_44721904_44721905	chr1	44721904	44721905	51031	True	2
chr1_44731130_44731131	chr1	44731130	44731131	27768	True	2
chr1_44731171_44731172	chr1	44731171	44731172	27768	True	2
chr1_44775573_44775574	chr1	44775573	44775574	3043	True	6
chr1_44775863_44775864	chr1	44775863	44775864	38759	True	3
chr1_44775893_44775894	chr1	44775893	44775894	38715	True	3
chr1_44776090_44776091	chr1	44776090	44776091	28252	True	3
chr1_44776491_44776492	chr1	44776491	44776492	41031	True	3
chr1_44776509_44776510	chr1	44776509	44776510	41116	True	3
chr1_44776539_44776540	chr1	44776539	44776540	40973	True	3
chr1_44776761_44776762	chr1	44776761	44776762	20980	True	2
chr1_44777625_44777626	chr1	44777625	44777626	29947	True	3
chr1_44777656_44777657	chr1	44777656	44777657	49372	True	3
chr1_44777705_44777706	chr1	44777705	44777706	48654	True	3
chr1_44777750_44777751	chr1	44777750	44777751	49704	True	3
chr1_44777840_44777841	chr1	44777840	44777841	38577	True	3
chr1_44777865_44777866	chr1	44777865	44777866	22215	True	3
chr1_44778002_44778003	chr1	44778002	44778003	15848	True	3
chr1_44778023_44778024	chr1	44778023	44778024	31819	True	3
chr1_44778038_44778039	chr1	44778038	44778039	31929	True	3
chr1_44778110_44778111	chr1	44778110	44778111	31579	True	3
chr1_44778387_44778388	chr1	44778387	44778388	22972	True	3
chr1_44778414_44778415	chr1	44778414	44778415	22935	True	3
chr1_44778583_44778584	chr1	44778583	44778584	12411	True	2
chr1_44778656_44778657	chr1	44778656	44778657	12024	True	2
chr1_44819914_44819915	chr1	44819914	44819915	47905	True	2
chr1_44819943_44819944	chr1	44819943	44819944	47905	True	2
chr1_44819956_44819957	chr1	44819956	44819957	47905	True	2
chr1_44819972_44819973	chr1	44819972	44819973	47874	True	2
chr1_44819999_44820000	chr1	44819999	44820000	47680	True	2
chr1_45511107_45511108	chr1	45511107	45511108	5927	True	6
chr1_45511260_45511261	chr1	45511260	45511261	17411	True	6
chr1_45511316_45511317	chr1	45511316	45511317	15969	True	6
chr1_45511345_45511346	chr1	45511345	45511346	13489	True	6
chr1_45511378_45511379	chr1	45511378	45511379	6563	True	6
chr1_45514539_45514540	chr1	45514539	45514540	4461	True	5
chr1_45514628_45514629	chr1	45514628	45514629	3673	True	5
chr1_45514911_45514912	chr1	45514911	45514912	3641	True	1
chr1_45514983_45514984	chr1	45514983	45514984	3368	True	1
chr1_45515669_45515670	chr1	45515669	45515670	4797	True	5
chr1_45515741_45515742	chr1	45515741	45515742	8096	True	3
chr1_45515785_45515786	chr1	45515785	45515786	6832	True	3
chr1_45519038_45519039	chr1	45519038	45519039	5514	True	1
chr1_45521852_45521853	chr1	45521852	45521853	9876	True	6
chr1_45850747_45850748	chr1	45850747	45850748	108	False	NA
chr1_47270396_47270397	chr1	47270396	47270397	37	False	NA
chr1_47987866_47987867	chr1	47987866	47987867	0	False	NA
chr1_51973416_51973417	chr1	51973416	51973417	4826	True	1
chr1_54890587_54890588	chr1	54890587	54890588	0	False	NA
chr1_55064803_55064804	chr1	55064803	55064804	5783	True	6
chr1_65415915_65415916	chr1	65415915	65415916	837	True	4
chr1_67413055_67413056	chr1	67413055	67413056	3087	True	6
chr1_67413163_67413164	chr1	67413163	67413164	5328	True	5
chr1_67426223_67426224	chr1	67426223	67426224	11275	True	3
chr1_71067704_71067705	chr1	71067704	71067705	6017	True	4
chr1_75787069_75787070	chr1	75787069	75787070	25400	True	3
chr1_75787093_75787094	chr1	75787093	75787094	25530	True	3
chr1_75787116_75787117	chr1	75787116	75787117	25621	True	3
chr1_75787886_75787887	chr1	75787886	75787887	68287	True	3
chr1_75787917_75787918	chr1	75787917	75787918	68228	True	3
chr1_75787935_75787936	chr1	75787935	75787936	68151	True	3
chr1_75789474_75789475	chr1	75789474	75789475	41087	True	3
chr1_75789487_75789488	chr1	75789487	75789488	41035	True	3
chr1_75789500_75789501	chr1	75789500	75789501	40931	True	3
chr1_75789510_75789511	chr1	75789510	75789511	40774	True	3
chr1_75789526_75789527	chr1	75789526	75789527	40688	True	3
chr1_85580759_85580760	chr1	85580759	85580760	28	False	NA
chr1_85581034_85581035	chr1	85581034	85581035	78	False	NA
chr1_85582062_85582063	chr1	85582062	85582063	147	False	NA
chr1_85582544_85582545	chr1	85582544	85582545	107	False	NA
chr1_85582577_85582578	chr1	85582577	85582578	82	False	NA
chr1_85582961_85582962	chr1	85582961	85582962	125	False	NA
chr1_85582999_85583000	chr1	85582999	85583000	96	False	NA
chr1_85583552_85583553	chr1	85583552	85583553	156	False	NA
chr1_85583572_85583573	chr1	85583572	85583573	159	False	NA
chr1_85583642_85583643	chr1	85583642	85583643	178	False	NA
chr1_88794473_88794474	chr1	88794473	88794474	1966	True	1
chr1_91387318_91387319	chr1	91387318	91387319	17981	True	3
chr1_91387593_91387594	chr1	91387593	91387594	75401	True	3
chr1_92832039_92832040	chr1	92832039	92832040	14464	True	2
chr1_92833409_92833410	chr1	92833409	92833410	8672	True	2
chr1_92833422_92833423	chr1	92833422	92833423	8967	True	2
chr1_92833444_92833445	chr1	92833444	92833445	11323	True	2
chr1_92833562_92833563	chr1	92833562	92833563	24774	True	2
chr1_92837288_92837289	chr1	92837288	92837289	11027	True	3
chr1_92837302_92837303	chr1	92837302	92837303	11034	True	3
chr1_92837359_92837360	chr1	92837359	92837360	11012	True	3
chr1_92837502_92837503	chr1	92837502	92837503	22516	True	2
chr1_92837546_92837547	chr1	92837546	92837547	22525	True	2
chr1_92840593_92840594	chr1	92840593	92840594	2312	True	4
chr1_92840716_92840717	chr1	92840716	92840717	70010	True	3
chr1_92840746_92840747	chr1	92840746	92840747	77247	True	3
chr1_92840779_92840780	chr1	92840779	92840780	77105	True	3
chr1_92840804_92840805	chr1	92840804	92840805	76949	True	3
chr1_92841776_92841777	chr1	92841776	92841777	28866	True	3
chr1_92841813_92841814	chr1	92841813	92841814	30196	True	2
chr1_92841871_92841872	chr1	92841871	92841872	29753	True	2
chr1_93847567_93847568	chr1	93847567	93847568	18112	True	2
chr1_93847621_93847622	chr1	93847621	93847622	18117	True	2
chr1_109100192_109100193	chr1	109100192	109100193	119617	True	3
chr1_109100305_109100306	chr1	109100305	109100306	514913	True	2
chr1_109100332_109100333	chr1	109100332	109100333	557295	True	2
chr1_109100429_109100430	chr1	109100429	109100430	444793	True	2
chr1_109100574_109100575	chr1	109100574	109100575	64978	True	1
chr1_112650813_112650814	chr1	112650813	112650814	1155	True	4
chr1_112670371_112670372	chr1	112670371	112670372	14408	True	6
chr1_112671438_112671439	chr1	112671438	112671439	7197	True	6
chr1_114727788_114727789	chr1	114727788	114727789	1801	True	1
chr1_119331518_119331519	chr1	119331518	119331519	776	True	4
chr1_121016862_121016863	chr1	121016862	121016863	2915	True	1
chr1_121016924_121016925	chr1	121016924	121016925	2915	True	1
chr1_144412603_144412604	chr1	144412603	144412604	3115	True	1
chr1_144412620_144412621	chr1	144412620	144412621	10890	True	5
chr1_144551875_144551876	chr1	144551875	144551876	6764	True	3
chr1_144560794_144560795	chr1	144560794	144560795	59898	True	2
chr1_144560824_144560825	chr1	144560824	144560825	59154	True	2
chr1_145281127_145281128	chr1	145281127	145281128	141502	True	3
chr1_145281186_145281187	chr1	145281186	145281187	141689	True	3
chr1_145465713_145465714	chr1	145465713	145465714	30642	True	3
chr1_145465754_145465755	chr1	145465754	145465755	21905	True	3
chr1_145465781_145465782	chr1	145465781	145465782	20293	True	3
chr1_146052109_146052110	chr1	146052109	146052110	2494	True	1
chr1_148038790_148038791	chr1	148038790	148038791	53072	True	2
chr1_148038814_148038815	chr1	148038814	148038815	54063	True	2
chr1_148522600_148522601	chr1	148522600	148522601	2613	True	1
chr1_148522688_148522689	chr1	148522688	148522689	3477	True	1
chr1_149692877_149692878	chr1	149692877	149692878	634	True	4
chr1_149708736_149708737	chr1	149708736	149708737	5114	True	6
chr1_149886286_149886287	chr1	149886286	149886287	5861	True	1
chr1_149886676_149886677	chr1	149886676	149886677	10444	True	3
chr1_149886922_149886923	chr1	149886922	149886923	4874	True	1
chr1_149887302_149887303	chr1	149887302	149887303	5087	True	1
chr1_149887324_149887325	chr1	149887324	149887325	5096	True	1
chr1_149887358_149887359	chr1	149887358	149887359	5149	True	1
chr1_150576768_150576769	chr1	150576768	150576769	2421	True	1
chr1_150576828_150576829	chr1	150576828	150576829	2287	True	6
chr1_151073634_151073635	chr1	151073634	151073635	65	False	NA
chr1_152032555_152032556	chr1	152032555	152032556	2048	True	1
chr1_152032601_152032602	chr1	152032601	152032602	2195	True	1
chr1_152032641_152032642	chr1	152032641	152032642	2666	True	1
chr1_153534646_153534647	chr1	153534646	153534647	316	True	4
chr1_153534686_153534687	chr1	153534686	153534687	394	True	4
chr1_153534714_153534715	chr1	153534714	153534715	613	True	4
chr1_153534750_153534751	chr1	153534750	153534751	582	True	4
chr1_153535355_153535356	chr1	153535355	153535356	245	True	4
chr1_153535992_153535993	chr1	153535992	153535993	224	True	4
chr1_153543692_153543693	chr1	153543692	153543693	733	True	4
chr1_153545807_153545808	chr1	153545807	153545808	56	False	NA
chr1_153990762_153990763	chr1	153990762	153990763	12631	True	2
chr1_155679217_155679218	chr1	155679217	155679218	6169	True	3
chr1_155679249_155679250	chr1	155679249	155679250	6323	True	3
chr1_155919946_155919947	chr1	155919946	155919947	54624	True	3
chr1_155919962_155919963	chr1	155919962	155919963	58354	True	3
chr1_155919991_155919992	chr1	155919991	155919992	58393	True	3
chr1_155920032_155920033	chr1	155920032	155920033	58334	True	3
chr1_155920049_155920050	chr1	155920049	155920050	44145	True	3
chr1_155925994_155925995	chr1	155925994	155925995	34497	True	3
chr1_155926087_155926088	chr1	155926087	155926088	34427	True	3
chr1_156309023_156309024	chr1	156309023	156309024	2659	True	1
chr1_156325028_156325029	chr1	156325028	156325029	2609	True	5
chr1_156742231_156742232	chr1	156742231	156742232	8952	True	6
chr1_156742628_156742629	chr1	156742628	156742629	4147	True	6
chr1_156745325_156745326	chr1	156745325	156745326	3675	True	3
chr1_159918173_159918174	chr1	159918173	159918174	3013	True	1
chr1_159918615_159918616	chr1	159918615	159918616	6154	True	1
chr1_161531104_161531105	chr1	161531104	161531105	11324	True	1
chr1_161540267_161540268	chr1	161540267	161540268	7054	True	6
chr1_161540299_161540300	chr1	161540299	161540300	7062	True	6
chr1_173864203_173864204	chr1	173864203	173864204	28784	True	3
chr1_173864219_173864220	chr1	173864219	173864220	29479	True	3
chr1_173864407_173864408	chr1	173864407	173864408	65478	True	3
chr1_173864430_173864431	chr1	173864430	173864431	68069	True	3
chr1_173864446_173864447	chr1	173864446	173864447	68401	True	3
chr1_173864858_173864859	chr1	173864858	173864859	42544	True	3
chr1_173864876_173864877	chr1	173864876	173864877	42192	True	3
chr1_173864890_173864891	chr1	173864890	173864891	42136	True	3
chr1_173864905_173864906	chr1	173864905	173864906	42220	True	3
chr1_173865390_173865391	chr1	173865390	173865391	46359	True	3
chr1_173865411_173865412	chr1	173865411	173865412	45981	True	3
chr1_173865430_173865431	chr1	173865430	173865431	46603	True	3
chr1_173865686_173865687	chr1	173865686	173865687	23982	True	5
chr1_173865987_173865988	chr1	173865987	173865988	24145	True	3
chr1_173866029_173866030	chr1	173866029	173866030	20312	True	3
chr1_173866368_173866369	chr1	173866368	173866369	18382	True	3
chr1_173866661_173866662	chr1	173866661	173866662	51355	True	3
chr1_173866675_173866676	chr1	173866675	173866676	53478	True	3
chr1_173866696_173866697	chr1	173866696	173866697	56209	True	3
chr1_173866714_173866715	chr1	173866714	173866715	56797	True	3
chr1_173866925_173866926	chr1	173866925	173866926	52363	True	2
chr1_173866939_173866940	chr1	173866939	173866940	52247	True	2
chr1_173867720_173867721	chr1	173867720	173867721	20719	True	3
chr1_173867745_173867746	chr1	173867745	173867746	20858	True	3
chr1_175968464_175968465	chr1	175968464	175968465	8576	True	5
chr1_175968540_175968541	chr1	175968540	175968541	7892	True	5
chr1_205718089_205718090	chr1	205718089	205718090	11820	True	3
chr1_205750018_205750019	chr1	205750018	205750019	30525	True	3
chr1_206704243_206704244	chr1	206704243	206704244	341	True	4
chr1_207123062_207123063	chr1	207123062	207123063	8	False	NA
chr1_207321680_207321681	chr1	207321680	207321681	1317	True	4
chr1_207321751_207321752	chr1	207321751	207321752	1785	True	4
chr1_207322409_207322410	chr1	207322409	207322410	1559	True	1
chr1_207322441_207322442	chr1	207322441	207322442	1641	True	1
chr1_207322488_207322489	chr1	207322488	207322489	1490	True	1
chr1_207324590_207324591	chr1	207324590	207324591	1354	True	1
chr1_207324624_207324625	chr1	207324624	207324625	1703	True	1
chr1_207324651_207324652	chr1	207324651	207324652	1639	True	1
chr1_207324711_207324712	chr1	207324711	207324712	1308	True	1
chr1_207325632_207325633	chr1	207325632	207325633	704	True	4
chr1_207325685_207325686	chr1	207325685	207325686	696	True	4
chr1_207325708_207325709	chr1	207325708	207325709	704	True	4
chr1_207326759_207326760	chr1	207326759	207326760	1572	True	1
chr1_207326784_207326785	chr1	207326784	207326785	1554	True	1
chr1_207331112_207331113	chr1	207331112	207331113	873	True	1
chr1_207331131_207331132	chr1	207331131	207331132	934	True	1
chr1_207331212_207331213	chr1	207331212	207331213	1371	True	1
chr1_207331237_207331238	chr1	207331237	207331238	1295	True	1
chr1_207331253_207331254	chr1	207331253	207331254	1171	True	1
chr1_207336704_207336705	chr1	207336704	207336705	1166	True	4
chr1_207336762_207336763	chr1	207336762	207336763	1290	True	4
chr1_207336793_207336794	chr1	207336793	207336794	1166	True	4
chr1_207337344_207337345	chr1	207337344	207337345	770	True	4
chr1_207337378_207337379	chr1	207337378	207337379	742	True	4
chr1_207359889_207359890	chr1	207359889	207359890	618	True	1
chr1_207360102_207360103	chr1	207360102	207360103	834	True	4
chr1_207360128_207360129	chr1	207360128	207360129	863	True	4
chr1_207360323_207360324	chr1	207360323	207360324	1006	True	1
chr1_207360387_207360388	chr1	207360387	207360388	990	True	1
chr1_207360425_207360426	chr1	207360425	207360426	1149	True	1
chr1_207360467_207360468	chr1	207360467	207360468	1115	True	1
chr1_210374228_210374229	chr1	210374228	210374229	39184	True	2
chr1_210374270_210374271	chr1	210374270	210374271	39184	True	2
chr1_210502695_210502696	chr1	210502695	210502696	5	False	NA
chr1_220200621_220200622	chr1	220200621	220200622	3910	True	4
chr1_220200677_220200678	chr1	220200677	220200678	3705	True	4
chr1_222208471_222208472	chr1	222208471	222208472	0	False	NA
chr1_228098178_228098179	chr1	228098178	228098179	25346	True	2
chr1_228099045_228099046	chr1	228099045	228099046	13079	True	1
chr1_228628185_228628186	chr1	228628185	228628186	6008	True	3
chr1_228628262_228628263	chr1	228628262	228628263	6008	True	3
chr1_230250497_230250498	chr1	230250497	230250498	1052	True	4
chr1_230274524_230274525	chr1	230274524	230274525	920	True	4
chr1_230280437_230280438	chr1	230280437	230280438	3448	True	1
chr1_230282060_230282061	chr1	230282060	230282061	1112	True	1
chr1_235127822_235127823	chr1	235127822	235127823	44752	True	3
chr1_235127887_235127888	chr1	235127887	235127888	47486	True	3
chr1_235127938_235127939	chr1	235127938	235127939	40301	True	3
chr1_235204788_235204789	chr1	235204788	235204789	160	False	NA
chr1_236267875_236267876	chr1	236267875	236267876	4496	True	4
chr1_236267937_236267938	chr1	236267937	236267938	4151	True	4
chr1_237603094_237603095	chr1	237603094	237603095	15460	True	3
chr1_237603160_237603161	chr1	237603160	237603161	20391	True	3
chr1_244853783_244853784	chr1	244853783	244853784	4692	True	6
chr1_244854165_244854166	chr1	244854165	244854166	12322	True	6
chr1_244854497_244854498	chr1	244854497	244854498	10088	True	6
chr1_244855001_244855002	chr1	244855001	244855002	4713	True	6
chr1_244855500_244855501	chr1	244855500	244855501	10397	True	5
chr1_244856545_244856546	chr1	244856545	244856546	13847	True	5
chr1_244857634_244857635	chr1	244857634	244857635	12678	True	5
chr1_244858133_244858134	chr1	244858133	244858134	14467	True	5
chr1_244858827_244858828	chr1	244858827	244858828	9678	True	5
chr1_244860373_244860374	chr1	244860373	244860374	12110	True	6
chr1_244864484_244864485	chr1	244864484	244864485	12010	True	3
chr1_245133968_245133969	chr1	245133968	245133969	107	False	NA
chr1_247634779_247634780	chr1	247634779	247634780	0	False	NA
chr10_10855718_10855719	chr10	10855718	10855719	0	False	NA
chr10_17229276_17229277	chr10	17229276	17229277	3389	True	1
chr10_17229336_17229337	chr10	17229336	17229337	4861	True	1
chr10_17229583_17229584	chr10	17229583	17229584	2462	True	1
chr10_17229708_17229709	chr10	17229708	17229709	2530	True	1
chr10_17229870_17229871	chr10	17229870	17229871	3721	True	1
chr10_17235215_17235216	chr10	17235215	17235216	5420	True	1
chr10_17235237_17235238	chr10	17235237	17235238	5709	True	1
chr10_17235869_17235870	chr10	17235869	17235870	2190	True	1
chr10_17236325_17236326	chr10	17236325	17236326	2282	True	1
chr10_17237300_17237301	chr10	17237300	17237301	5273	True	1
chr10_17237409_17237410	chr10	17237409	17237410	5262	True	1
chr10_17237498_17237499	chr10	17237498	17237499	4750	True	1
chr10_17237535_17237536	chr10	17237535	17237536	3757	True	1
chr10_27088341_27088342	chr10	27088341	27088342	1034	True	4
chr10_32922723_32922724	chr10	32922723	32922724	1790	True	4
chr10_32928245_32928246	chr10	32928245	32928246	2346	True	6
chr10_32932552_32932553	chr10	32932552	32932553	1341	True	5
chr10_34019398_34019399	chr10	34019398	34019399	0	False	NA
chr10_42734124_42734125	chr10	42734124	42734125	0	False	NA
chr10_59688360_59688361	chr10	59688360	59688361	2013	True	5
chr10_67045579_67045580	chr10	67045579	67045580	12290	True	3
chr10_67045599_67045600	chr10	67045599	67045600	12187	True	3
chr10_68721391_68721392	chr10	68721391	68721392	1007	True	4
chr10_68755170_68755171	chr10	68755170	68755171	16667	True	5
chr10_68755194_68755195	chr10	68755194	68755195	16305	True	5
chr10_70817635_70817636	chr10	70817635	70817636	2144	True	1
chr10_72276005_72276006	chr10	72276005	72276006	2391	True	1
chr10_73422304_73422305	chr10	73422304	73422305	6	False	NA
chr10_77178602_77178603	chr10	77178602	77178603	14	False	NA
chr10_78033863_78033864	chr10	78033863	78033864	17712	True	3
chr10_78035365_78035366	chr10	78035365	78035366	17466	True	2
chr10_78035399_78035400	chr10	78035399	78035400	17569	True	2
chr10_78035666_78035667	chr10	78035666	78035667	3785	True	1
chr10_78035707_78035708	chr10	78035707	78035708	640	True	4
chr10_78037207_78037208	chr10	78037207	78037208	47231	True	3
chr10_78037254_78037255	chr10	78037254	78037255	47789	True	3
chr10_78037285_78037286	chr10	78037285	78037286	47745	True	3
chr10_78040639_78040640	chr10	78040639	78040640	26931	True	2
chr10_78040664_78040665	chr10	78040664	78040665	26805	True	2
chr10_79513677_79513678	chr10	79513677	79513678	11	False	NA
chr10_89285139_89285140	chr10	89285139	89285140	0	False	NA
chr10_90142875_90142876	chr10	90142875	90142876	0	False	NA
chr10_100179595_100179596	chr10	100179595	100179596	229	True	4
chr10_100361181_100361182	chr10	100361181	100361182	62916	True	6
chr10_100364127_100364128	chr10	100364127	100364128	26994	True	6
chr10_101364873_101364874	chr10	101364873	101364874	154105	True	6
chr10_101364936_101364937	chr10	101364936	101364937	161550	True	6
chr10_102010086_102010087	chr10	102010086	102010087	276	True	4
chr10_115094104_115094105	chr10	115094104	115094105	0	False	NA
chr10_119056993_119056994	chr10	119056993	119056994	3253	True	5
chr10_119060060_119060061	chr10	119060060	119060061	17622	True	5
chr10_119060085_119060086	chr10	119060085	119060086	17684	True	3
chr10_119060111_119060112	chr10	119060111	119060112	17722	True	3
chr10_119060136_119060137	chr10	119060136	119060137	17742	True	3
chr10_120354704_120354705	chr10	120354704	120354705	24	False	NA
chr10_120354762_120354763	chr10	120354762	120354763	24	False	NA
chr11_319792_319793	chr11	319792	319793	3456	True	1
chr11_809965_809966	chr11	809965	809966	38279	True	3
chr11_811679_811680	chr11	811679	811680	87617	True	2
chr11_812776_812777	chr11	812776	812777	12052	True	5
chr11_993679_993680	chr11	993679	993680	317	True	4
chr11_2963794_2963795	chr11	2963794	2963795	29837	True	3
chr11_2963834_2963835	chr11	2963834	2963835	29283	True	3
chr11_2963851_2963852	chr11	2963851	2963852	29215	True	3
chr11_2963894_2963895	chr11	2963894	2963895	29052	True	3
chr11_4838650_4838651	chr11	4838650	4838651	0	False	NA
chr11_6641885_6641886	chr11	6641885	6641886	28	False	NA
chr11_8682791_8682792	chr11	8682791	8682792	1627	True	1
chr11_8684226_8684227	chr11	8684226	8684227	46715	True	3
chr11_8684258_8684259	chr11	8684258	8684259	46842	True	3
chr11_8684289_8684290	chr11	8684289	8684290	46673	True	3
chr11_8684303_8684304	chr11	8684303	8684304	46673	True	3
chr11_8684322_8684323	chr11	8684322	8684323	46609	True	3
chr11_8684871_8684872	chr11	8684871	8684872	12096	True	3
chr11_8685437_8685438	chr11	8685437	8685438	89460	True	3
chr11_8685452_8685453	chr11	8685452	8685453	91364	True	3
chr11_8685467_8685468	chr11	8685467	8685468	91207	True	3
chr11_8685489_8685490	chr11	8685489	8685490	91124	True	3
chr11_8685503_8685504	chr11	8685503	8685504	90750	True	3
chr11_8685517_8685518	chr11	8685517	8685518	90511	True	3
chr11_8685534_8685535	chr11	8685534	8685535	90437	True	3
chr11_8685769_8685770	chr11	8685769	8685770	25259	True	2
chr11_8685802_8685803	chr11	8685802	8685803	15998	True	6
chr11_9428764_9428765	chr11	9428764	9428765	30756	True	3
chr11_9428831_9428832	chr11	9428831	9428832	39987	True	3
chr11_9428884_9428885	chr11	9428884	9428885	31720	True	3
chr11_9428919_9428920	chr11	9428919	9428920	23836	True	3
chr11_10192048_10192049	chr11	10192048	10192049	16	False	NA
chr11_10797094_10797095	chr11	10797094	10797095	2095	True	1
chr11_10800159_10800160	chr11	10800159	10800160	5910	True	6
chr11_10801487_10801488	chr11	10801487	10801488	134505	True	2
chr11_10801516_10801517	chr11	10801516	10801517	138857	True	2
chr11_10801536_10801537	chr11	10801536	10801537	138890	True	2
chr11_10801580_10801581	chr11	10801580	10801581	139761	True	2
chr11_10801608_10801609	chr11	10801608	10801609	138434	True	2
chr11_10802138_10802139	chr11	10802138	10802139	8624	True	6
chr11_16974662_16974663	chr11	16974662	16974663	122	False	NA
chr11_17074690_17074691	chr11	17074690	17074691	19201	True	3
chr11_17074745_17074746	chr11	17074745	17074746	19314	True	3
chr11_17075135_17075136	chr11	17075135	17075136	5941	True	6
chr11_17075153_17075154	chr11	17075153	17075154	5976	True	6
chr11_17075499_17075500	chr11	17075499	17075500	5366	True	6
chr11_17075819_17075820	chr11	17075819	17075820	37228	True	3
chr11_17075851_17075852	chr11	17075851	17075852	37258	True	3
chr11_17075869_17075870	chr11	17075869	17075870	37303	True	3
chr11_18394560_18394561	chr11	18394560	18394561	9125	True	3
chr11_18394593_18394594	chr11	18394593	18394594	9270	True	3
chr11_18396838_18396839	chr11	18396838	18396839	15257	True	3
chr11_18396874_18396875	chr11	18396874	18396875	17849	True	3
chr11_18396912_18396913	chr11	18396912	18396913	17728	True	3
chr11_18396956_18396957	chr11	18396956	18396957	13554	True	3
chr11_18400841_18400842	chr11	18400841	18400842	14787	True	3
chr11_18400888_18400889	chr11	18400888	18400889	14634	True	3
chr11_18400912_18400913	chr11	18400912	18400913	14693	True	3
chr11_18403752_18403753	chr11	18403752	18403753	22810	True	2
chr11_18405561_18405562	chr11	18405561	18405562	11984	True	3
chr11_18407121_18407122	chr11	18407121	18407122	5776	True	3
chr11_18407276_18407277	chr11	18407276	18407277	27138	True	2
chr11_18407298_18407299	chr11	18407298	18407299	31786	True	2
chr11_18407322_18407323	chr11	18407322	18407323	30297	True	2
chr11_18407389_18407390	chr11	18407389	18407390	33725	True	2
chr11_18407467_18407468	chr11	18407467	18407468	37617	True	2
chr11_18407600_18407601	chr11	18407600	18407601	29274	True	2
chr11_18407725_18407726	chr11	18407725	18407726	15402	True	2
chr11_18407756_18407757	chr11	18407756	18407757	7748	True	6
chr11_18407775_18407776	chr11	18407775	18407776	7078	True	6
chr11_24881049_24881050	chr11	24881049	24881050	8	False	NA
chr11_29724558_29724559	chr11	29724558	29724559	0	False	NA
chr11_32104696_32104697	chr11	32104696	32104697	465	True	4
chr11_33708953_33708954	chr11	33708953	33708954	1157	True	1
chr11_33710159_33710160	chr11	33710159	33710160	2650	True	1
chr11_33710255_33710256	chr11	33710255	33710256	1709	True	1
chr11_33717382_33717383	chr11	33717382	33717383	835	True	4
chr11_46142547_46142548	chr11	46142547	46142548	0	False	NA
chr11_46762498_46762499	chr11	46762498	46762499	23301	True	3
chr11_59551342_59551343	chr11	59551342	59551343	5962	True	1
chr11_59551822_59551823	chr11	59551822	59551823	6086	True	1
chr11_59556423_59556424	chr11	59556423	59556424	8761	True	1
chr11_59556465_59556466	chr11	59556465	59556466	8774	True	1
chr11_61292568_61292569	chr11	61292568	61292569	54	False	NA
chr11_61964735_61964736	chr11	61964735	61964736	23347	True	2
chr11_61964770_61964771	chr11	61964770	61964771	23252	True	2
chr11_61964810_61964811	chr11	61964810	61964811	24381	True	2
chr11_61964871_61964872	chr11	61964871	61964872	14216	True	2
chr11_61965002_61965003	chr11	61965002	61965003	22857	True	2
chr11_61965033_61965034	chr11	61965033	61965034	22702	True	2
chr11_61965060_61965061	chr11	61965060	61965061	21694	True	2
chr11_61965106_61965107	chr11	61965106	61965107	21690	True	2
chr11_61965380_61965381	chr11	61965380	61965381	2803	True	1
chr11_61965433_61965434	chr11	61965433	61965434	2828	True	1
chr11_61965451_61965452	chr11	61965451	61965452	2445	True	4
chr11_61965466_61965467	chr11	61965466	61965467	2427	True	4
chr11_61965511_61965512	chr11	61965511	61965512	1034	True	1
chr11_61967390_61967391	chr11	61967390	61967391	24940	True	3
chr11_61967438_61967439	chr11	61967438	61967439	51946	True	3
chr11_61967519_61967520	chr11	61967519	61967520	68804	True	2
chr11_61967540_61967541	chr11	61967540	61967541	63659	True	2
chr11_61967565_61967566	chr11	61967565	61967566	58849	True	2
chr11_61967602_61967603	chr11	61967602	61967603	47774	True	2
chr11_61967633_61967634	chr11	61967633	61967634	19424	True	2
chr11_62516323_62516324	chr11	62516323	62516324	6673	True	6
chr11_62529105_62529106	chr11	62529105	62529106	6946	True	5
chr11_62559802_62559803	chr11	62559802	62559803	28360	True	2
chr11_62567003_62567004	chr11	62567003	62567004	6500	True	2
chr11_62567421_62567422	chr11	62567421	62567422	11120	True	3
chr11_62567520_62567521	chr11	62567520	62567521	9801	True	3
chr11_62572637_62572638	chr11	62572637	62572638	12907	True	3
chr11_62624902_62624903	chr11	62624902	62624903	8311	True	6
chr11_62665419_62665420	chr11	62665419	62665420	76784	True	3
chr11_62665470_62665471	chr11	62665470	62665471	88116	True	3
chr11_62665513_62665514	chr11	62665513	62665514	86413	True	3
chr11_62665533_62665534	chr11	62665533	62665534	70385	True	3
chr11_62665548_62665549	chr11	62665548	62665549	70393	True	3
chr11_62841644_62841645	chr11	62841644	62841645	557665	True	2
chr11_62841682_62841683	chr11	62841682	62841683	603981	True	2
chr11_62841715_62841716	chr11	62841715	62841716	607496	True	2
chr11_62841735_62841736	chr11	62841735	62841736	607150	True	2
chr11_62841751_62841752	chr11	62841751	62841752	578680	True	2
chr11_62841783_62841784	chr11	62841783	62841784	521537	True	2
chr11_62841810_62841811	chr11	62841810	62841811	250764	True	2
chr11_62852939_62852940	chr11	62852939	62852940	107721	True	3
chr11_62852981_62852982	chr11	62852981	62852982	106685	True	3
chr11_62852998_62852999	chr11	62852998	62852999	107252	True	3
chr11_62853015_62853016	chr11	62853015	62853016	109947	True	3
chr11_62853037_62853038	chr11	62853037	62853038	105544	True	3
chr11_62853360_62853361	chr11	62853360	62853361	23243	True	3
chr11_62853377_62853378	chr11	62853377	62853378	23249	True	3
chr11_62853394_62853395	chr11	62853394	62853395	24854	True	3
chr11_62853694_62853695	chr11	62853694	62853695	43500	True	3
chr11_62853719_62853720	chr11	62853719	62853720	43834	True	3
chr11_62853733_62853734	chr11	62853733	62853734	44462	True	3
chr11_62853953_62853954	chr11	62853953	62853954	30079	True	3
chr11_62853969_62853970	chr11	62853969	62853970	29516	True	3
chr11_62854648_62854649	chr11	62854648	62854649	54695	True	3
chr11_62854666_62854667	chr11	62854666	62854667	53538	True	3
chr11_62854680_62854681	chr11	62854680	62854681	53338	True	3
chr11_62854696_62854697	chr11	62854696	62854697	53185	True	3
chr11_62855043_62855044	chr11	62855043	62855044	49381	True	3
chr11_62855062_62855063	chr11	62855062	62855063	48957	True	3
chr11_62855084_62855085	chr11	62855084	62855085	49896	True	3
chr11_62855332_62855333	chr11	62855332	62855333	65529	True	3
chr11_62855351_62855352	chr11	62855351	62855352	65687	True	3
chr11_62855367_62855368	chr11	62855367	62855368	66515	True	3
chr11_62855600_62855601	chr11	62855600	62855601	51626	True	3
chr11_62855613_62855614	chr11	62855613	62855614	51827	True	3
chr11_62855632_62855633	chr11	62855632	62855633	51562	True	3
chr11_62882013_62882014	chr11	62882013	62882014	6887	True	5
chr11_62888456_62888457	chr11	62888456	62888457	8693	True	5
chr11_62888679_62888680	chr11	62888679	62888680	7410	True	6
chr11_62888727_62888728	chr11	62888727	62888728	6588	True	6
chr11_62888761_62888762	chr11	62888761	62888762	6128	True	6
chr11_64204416_64204417	chr11	64204416	64204417	8397	True	3
chr11_64244539_64244540	chr11	64244539	64244540	2796	True	6
chr11_64296098_64296099	chr11	64296098	64296099	5745	True	1
chr11_64316814_64316815	chr11	64316814	64316815	5590	True	6
chr11_65120707_65120708	chr11	65120707	65120708	17209	True	3
chr11_65422794_65422795	chr11	65422794	65422795	42942	True	3
chr11_65422993_65422994	chr11	65422993	65422994	150859	True	3
chr11_65423127_65423128	chr11	65423127	65423128	118650	True	3
chr11_65423257_65423258	chr11	65423257	65423258	159518	True	3
chr11_65423285_65423286	chr11	65423285	65423286	119524	True	3
chr11_65423349_65423350	chr11	65423349	65423350	106793	True	3
chr11_65423391_65423392	chr11	65423391	65423392	95877	True	3
chr11_65423527_65423528	chr11	65423527	65423528	146123	True	2
chr11_65423551_65423552	chr11	65423551	65423552	154129	True	2
chr11_65423599_65423600	chr11	65423599	65423600	147645	True	2
chr11_65423617_65423618	chr11	65423617	65423618	124481	True	3
chr11_65423646_65423647	chr11	65423646	65423647	132638	True	2
chr11_65423693_65423694	chr11	65423693	65423694	89176	True	2
chr11_65423711_65423712	chr11	65423711	65423712	120564	True	2
chr11_65423793_65423794	chr11	65423793	65423794	178052	True	2
chr11_65423852_65423853	chr11	65423852	65423853	166663	True	3
chr11_65423884_65423885	chr11	65423884	65423885	191998	True	2
chr11_65423933_65423934	chr11	65423933	65423934	192429	True	2
chr11_65423970_65423971	chr11	65423970	65423971	161192	True	2
chr11_65424023_65424024	chr11	65424023	65424024	101459	True	2
chr11_65424064_65424065	chr11	65424064	65424065	100221	True	2
chr11_65424089_65424090	chr11	65424089	65424090	94025	True	3
chr11_65424123_65424124	chr11	65424123	65424124	108998	True	3
chr11_65424155_65424156	chr11	65424155	65424156	65984	True	3
chr11_65424172_65424173	chr11	65424172	65424173	73066	True	3
chr11_65424205_65424206	chr11	65424205	65424206	65073	True	3
chr11_65424227_65424228	chr11	65424227	65424228	53051	True	3
chr11_65424262_65424263	chr11	65424262	65424263	53939	True	3
chr11_65424303_65424304	chr11	65424303	65424304	65248	True	3
chr11_65424318_65424319	chr11	65424318	65424319	69917	True	3
chr11_65424339_65424340	chr11	65424339	65424340	62083	True	3
chr11_65424362_65424363	chr11	65424362	65424363	72792	True	3
chr11_65424383_65424384	chr11	65424383	65424384	65998	True	3
chr11_65424412_65424413	chr11	65424412	65424413	86944	True	3
chr11_65424481_65424482	chr11	65424481	65424482	73741	True	3
chr11_65424498_65424499	chr11	65424498	65424499	73785	True	3
chr11_65424547_65424548	chr11	65424547	65424548	94346	True	3
chr11_65424576_65424577	chr11	65424576	65424577	81940	True	3
chr11_65424599_65424600	chr11	65424599	65424600	82741	True	3
chr11_65424622_65424623	chr11	65424622	65424623	63044	True	3
chr11_65424661_65424662	chr11	65424661	65424662	71997	True	3
chr11_65424732_65424733	chr11	65424732	65424733	60007	True	3
chr11_65424794_65424795	chr11	65424794	65424795	52145	True	3
chr11_65425003_65425004	chr11	65425003	65425004	62940	True	2
chr11_65425027_65425028	chr11	65425027	65425028	78230	True	2
chr11_65425070_65425071	chr11	65425070	65425071	100783	True	2
chr11_65425109_65425110	chr11	65425109	65425110	97406	True	2
chr11_65425188_65425189	chr11	65425188	65425189	67527	True	2
chr11_65425228_65425229	chr11	65425228	65425229	74015	True	2
chr11_65425408_65425409	chr11	65425408	65425409	86523	True	3
chr11_65425498_65425499	chr11	65425498	65425499	75353	True	2
chr11_65425540_65425541	chr11	65425540	65425541	30646	True	6
chr11_65425602_65425603	chr11	65425602	65425603	31401	True	6
chr11_65425656_65425657	chr11	65425656	65425657	16371	True	6
chr11_65425724_65425725	chr11	65425724	65425725	20256	True	6
chr11_65425763_65425764	chr11	65425763	65425764	15328	True	1
chr11_65425809_65425810	chr11	65425809	65425810	20823	True	1
chr11_65425850_65425851	chr11	65425850	65425851	27163	True	2
chr11_65425871_65425872	chr11	65425871	65425872	38716	True	3
chr11_65425896_65425897	chr11	65425896	65425897	38068	True	3
chr11_65425937_65425938	chr11	65425937	65425938	45956	True	3
chr11_65425956_65425957	chr11	65425956	65425957	90334	True	3
chr11_65425989_65425990	chr11	65425989	65425990	104211	True	3
chr11_65426038_65426039	chr11	65426038	65426039	104413	True	3
chr11_65426067_65426068	chr11	65426067	65426068	91042	True	2
chr11_65426150_65426151	chr11	65426150	65426151	51867	True	6
chr11_65426203_65426204	chr11	65426203	65426204	56975	True	2
chr11_65426242_65426243	chr11	65426242	65426243	68275	True	2
chr11_65426310_65426311	chr11	65426310	65426311	66282	True	2
chr11_65426328_65426329	chr11	65426328	65426329	71940	True	2
chr11_65426364_65426365	chr11	65426364	65426365	57608	True	2
chr11_65426392_65426393	chr11	65426392	65426393	77151	True	2
chr11_65426422_65426423	chr11	65426422	65426423	74736	True	2
chr11_65426452_65426453	chr11	65426452	65426453	74223	True	6
chr11_65426475_65426476	chr11	65426475	65426476	63228	True	6
chr11_65426492_65426493	chr11	65426492	65426493	61035	True	6
chr11_65426553_65426554	chr11	65426553	65426554	84357	True	6
chr11_65426567_65426568	chr11	65426567	65426568	83855	True	6
chr11_65426602_65426603	chr11	65426602	65426603	75328	True	6
chr11_65426633_65426634	chr11	65426633	65426634	99527	True	6
chr11_65426737_65426738	chr11	65426737	65426738	83044	True	6
chr11_65426771_65426772	chr11	65426771	65426772	67168	True	6
chr11_65426836_65426837	chr11	65426836	65426837	54769	True	3
chr11_65426874_65426875	chr11	65426874	65426875	72572	True	3
chr11_65426923_65426924	chr11	65426923	65426924	64680	True	3
chr11_65426968_65426969	chr11	65426968	65426969	116526	True	3
chr11_65426992_65426993	chr11	65426992	65426993	97828	True	3
chr11_65427022_65427023	chr11	65427022	65427023	99329	True	3
chr11_65427046_65427047	chr11	65427046	65427047	86847	True	3
chr11_65427078_65427079	chr11	65427078	65427079	88873	True	3
chr11_65427220_65427221	chr11	65427220	65427221	78492	True	3
chr11_65427241_65427242	chr11	65427241	65427242	89736	True	3
chr11_65427297_65427298	chr11	65427297	65427298	131507	True	3
chr11_65427326_65427327	chr11	65427326	65427327	128413	True	3
chr11_65427344_65427345	chr11	65427344	65427345	141562	True	3
chr11_65427412_65427413	chr11	65427412	65427413	136275	True	3
chr11_65427432_65427433	chr11	65427432	65427433	119614	True	3
chr11_65427481_65427482	chr11	65427481	65427482	99328	True	6
chr11_65427497_65427498	chr11	65427497	65427498	114495	True	6
chr11_65427609_65427610	chr11	65427609	65427610	69230	True	5
chr11_65427647_65427648	chr11	65427647	65427648	59644	True	6
chr11_65427663_65427664	chr11	65427663	65427664	69221	True	6
chr11_65427706_65427707	chr11	65427706	65427707	68150	True	3
chr11_65427726_65427727	chr11	65427726	65427727	64983	True	3
chr11_65427744_65427745	chr11	65427744	65427745	65160	True	3
chr11_65427760_65427761	chr11	65427760	65427761	64527	True	3
chr11_65427793_65427794	chr11	65427793	65427794	62540	True	6
chr11_65427897_65427898	chr11	65427897	65427898	72300	True	6
chr11_65427913_65427914	chr11	65427913	65427914	54788	True	5
chr11_65427949_65427950	chr11	65427949	65427950	65869	True	6
chr11_65428009_65428010	chr11	65428009	65428010	74275	True	6
chr11_65428055_65428056	chr11	65428055	65428056	42169	True	6
chr11_65428128_65428129	chr11	65428128	65428129	62150	True	6
chr11_65428157_65428158	chr11	65428157	65428158	51494	True	5
chr11_65428184_65428185	chr11	65428184	65428185	59214	True	6
chr11_65428228_65428229	chr11	65428228	65428229	72296	True	6
chr11_65428264_65428265	chr11	65428264	65428265	69473	True	6
chr11_65428292_65428293	chr11	65428292	65428293	57235	True	5
chr11_65428373_65428374	chr11	65428373	65428374	45583	True	5
chr11_65428451_65428452	chr11	65428451	65428452	42004	True	5
chr11_65428483_65428484	chr11	65428483	65428484	34650	True	5
chr11_65428510_65428511	chr11	65428510	65428511	44668	True	5
chr11_65428572_65428573	chr11	65428572	65428573	42077	True	5
chr11_65428598_65428599	chr11	65428598	65428599	56560	True	5
chr11_65428649_65428650	chr11	65428649	65428650	53735	True	5
chr11_65428725_65428726	chr11	65428725	65428726	49397	True	5
chr11_65428745_65428746	chr11	65428745	65428746	47337	True	5
chr11_65428771_65428772	chr11	65428771	65428772	41699	True	5
chr11_65428806_65428807	chr11	65428806	65428807	33131	True	6
chr11_65428879_65428880	chr11	65428879	65428880	23011	True	6
chr11_65428912_65428913	chr11	65428912	65428913	22568	True	6
chr11_65428947_65428948	chr11	65428947	65428948	29194	True	6
chr11_65428971_65428972	chr11	65428971	65428972	29052	True	6
chr11_65429017_65429018	chr11	65429017	65429018	20606	True	6
chr11_65429039_65429040	chr11	65429039	65429040	26304	True	6
chr11_65429092_65429093	chr11	65429092	65429093	36450	True	6
chr11_65429121_65429122	chr11	65429121	65429122	39434	True	6
chr11_65429144_65429145	chr11	65429144	65429145	31080	True	6
chr11_65429158_65429159	chr11	65429158	65429159	31376	True	6
chr11_65429179_65429180	chr11	65429179	65429180	38347	True	6
chr11_65429217_65429218	chr11	65429217	65429218	62044	True	6
chr11_65429249_65429250	chr11	65429249	65429250	48562	True	6
chr11_65429267_65429268	chr11	65429267	65429268	47214	True	6
chr11_65429301_65429302	chr11	65429301	65429302	40834	True	6
chr11_65429328_65429329	chr11	65429328	65429329	41604	True	6
chr11_65429343_65429344	chr11	65429343	65429344	49724	True	6
chr11_65429363_65429364	chr11	65429363	65429364	49146	True	6
chr11_65429433_65429434	chr11	65429433	65429434	31557	True	6
chr11_65429453_65429454	chr11	65429453	65429454	32108	True	6
chr11_65429525_65429526	chr11	65429525	65429526	32234	True	6
chr11_65429572_65429573	chr11	65429572	65429573	34041	True	6
chr11_65429600_65429601	chr11	65429600	65429601	42041	True	6
chr11_65429624_65429625	chr11	65429624	65429625	39132	True	6
chr11_65429651_65429652	chr11	65429651	65429652	36447	True	6
chr11_65429684_65429685	chr11	65429684	65429685	32928	True	6
chr11_65429718_65429719	chr11	65429718	65429719	43598	True	6
chr11_65429734_65429735	chr11	65429734	65429735	40667	True	6
chr11_65429758_65429759	chr11	65429758	65429759	78318	True	3
chr11_65429773_65429774	chr11	65429773	65429774	79447	True	3
chr11_65429804_65429805	chr11	65429804	65429805	77573	True	3
chr11_65429939_65429940	chr11	65429939	65429940	124710	True	3
chr11_65430018_65430019	chr11	65430018	65430019	90865	True	5
chr11_65430040_65430041	chr11	65430040	65430041	73765	True	6
chr11_65430090_65430091	chr11	65430090	65430091	61053	True	5
chr11_65430109_65430110	chr11	65430109	65430110	42311	True	5
chr11_65430138_65430139	chr11	65430138	65430139	66385	True	5
chr11_65430192_65430193	chr11	65430192	65430193	103911	True	3
chr11_65430218_65430219	chr11	65430218	65430219	90340	True	3
chr11_65430284_65430285	chr11	65430284	65430285	88973	True	3
chr11_65430324_65430325	chr11	65430324	65430325	93959	True	3
chr11_65430347_65430348	chr11	65430347	65430348	93443	True	3
chr11_65430390_65430391	chr11	65430390	65430391	51412	True	6
chr11_65430417_65430418	chr11	65430417	65430418	50733	True	6
chr11_65430444_65430445	chr11	65430444	65430445	63896	True	6
chr11_65430490_65430491	chr11	65430490	65430491	48882	True	6
chr11_65430516_65430517	chr11	65430516	65430517	40075	True	6
chr11_65430534_65430535	chr11	65430534	65430535	38752	True	6
chr11_65430590_65430591	chr11	65430590	65430591	34110	True	6
chr11_65430614_65430615	chr11	65430614	65430615	54145	True	6
chr11_65430654_65430655	chr11	65430654	65430655	42523	True	6
chr11_65430751_65430752	chr11	65430751	65430752	44524	True	6
chr11_65430817_65430818	chr11	65430817	65430818	25922	True	6
chr11_65430860_65430861	chr11	65430860	65430861	23051	True	6
chr11_65430932_65430933	chr11	65430932	65430933	23092	True	6
chr11_65430949_65430950	chr11	65430949	65430950	38797	True	6
chr11_65430999_65431000	chr11	65430999	65431000	42880	True	6
chr11_65431046_65431047	chr11	65431046	65431047	43461	True	6
chr11_65431158_65431159	chr11	65431158	65431159	23619	True	6
chr11_65431196_65431197	chr11	65431196	65431197	38263	True	3
chr11_65431221_65431222	chr11	65431221	65431222	37332	True	3
chr11_65431266_65431267	chr11	65431266	65431267	27456	True	3
chr11_65431279_65431280	chr11	65431279	65431280	27181	True	3
chr11_65431352_65431353	chr11	65431352	65431353	33827	True	3
chr11_65431416_65431417	chr11	65431416	65431417	33484	True	3
chr11_65431454_65431455	chr11	65431454	65431455	38543	True	3
chr11_65431511_65431512	chr11	65431511	65431512	49954	True	3
chr11_65431586_65431587	chr11	65431586	65431587	53821	True	3
chr11_65431642_65431643	chr11	65431642	65431643	35801	True	3
chr11_65431677_65431678	chr11	65431677	65431678	45275	True	3
chr11_65431723_65431724	chr11	65431723	65431724	31119	True	6
chr11_65431742_65431743	chr11	65431742	65431743	25270	True	6
chr11_65431800_65431801	chr11	65431800	65431801	22886	True	6
chr11_65431852_65431853	chr11	65431852	65431853	40844	True	6
chr11_65431874_65431875	chr11	65431874	65431875	36796	True	6
chr11_65431912_65431913	chr11	65431912	65431913	29858	True	6
chr11_65431939_65431940	chr11	65431939	65431940	32261	True	6
chr11_65431985_65431986	chr11	65431985	65431986	51784	True	6
chr11_65432008_65432009	chr11	65432008	65432009	50294	True	6
chr11_65432060_65432061	chr11	65432060	65432061	40998	True	6
chr11_65432102_65432103	chr11	65432102	65432103	40672	True	6
chr11_65432140_65432141	chr11	65432140	65432141	56033	True	6
chr11_65432223_65432224	chr11	65432223	65432224	46030	True	6
chr11_65432248_65432249	chr11	65432248	65432249	46650	True	6
chr11_65432367_65432368	chr11	65432367	65432368	20596	True	6
chr11_65432492_65432493	chr11	65432492	65432493	18707	True	6
chr11_65432548_65432549	chr11	65432548	65432549	23291	True	6
chr11_65432563_65432564	chr11	65432563	65432564	23667	True	6
chr11_65432615_65432616	chr11	65432615	65432616	18935	True	6
chr11_65432658_65432659	chr11	65432658	65432659	19629	True	6
chr11_65432698_65432699	chr11	65432698	65432699	25699	True	6
chr11_65432772_65432773	chr11	65432772	65432773	40199	True	6
chr11_65432825_65432826	chr11	65432825	65432826	44515	True	6
chr11_65432844_65432845	chr11	65432844	65432845	44355	True	6
chr11_65432876_65432877	chr11	65432876	65432877	38486	True	6
chr11_65432894_65432895	chr11	65432894	65432895	40204	True	6
chr11_65432997_65432998	chr11	65432997	65432998	44538	True	2
chr11_65433045_65433046	chr11	65433045	65433046	43288	True	2
chr11_65433090_65433091	chr11	65433090	65433091	49950	True	2
chr11_65433126_65433127	chr11	65433126	65433127	50964	True	2
chr11_65433229_65433230	chr11	65433229	65433230	35237	True	6
chr11_65433265_65433266	chr11	65433265	65433266	46195	True	6
chr11_65433296_65433297	chr11	65433296	65433297	39230	True	6
chr11_65433338_65433339	chr11	65433338	65433339	39082	True	6
chr11_65433410_65433411	chr11	65433410	65433411	43691	True	6
chr11_65433440_65433441	chr11	65433440	65433441	46881	True	6
chr11_65433469_65433470	chr11	65433469	65433470	31473	True	6
chr11_65433495_65433496	chr11	65433495	65433496	26043	True	6
chr11_65433518_65433519	chr11	65433518	65433519	27980	True	6
chr11_65433568_65433569	chr11	65433568	65433569	29901	True	6
chr11_65433601_65433602	chr11	65433601	65433602	15445	True	1
chr11_65433636_65433637	chr11	65433636	65433637	12230	True	1
chr11_65433711_65433712	chr11	65433711	65433712	17225	True	6
chr11_65433754_65433755	chr11	65433754	65433755	20052	True	6
chr11_65433791_65433792	chr11	65433791	65433792	34647	True	6
chr11_65433824_65433825	chr11	65433824	65433825	36924	True	6
chr11_65433872_65433873	chr11	65433872	65433873	37644	True	6
chr11_65433922_65433923	chr11	65433922	65433923	40861	True	6
chr11_65433945_65433946	chr11	65433945	65433946	46098	True	6
chr11_65433982_65433983	chr11	65433982	65433983	35932	True	6
chr11_65434002_65434003	chr11	65434002	65434003	36339	True	6
chr11_65434028_65434029	chr11	65434028	65434029	45969	True	6
chr11_65434061_65434062	chr11	65434061	65434062	48711	True	3
chr11_65434107_65434108	chr11	65434107	65434108	81324	True	3
chr11_65434160_65434161	chr11	65434160	65434161	86599	True	3
chr11_65434374_65434375	chr11	65434374	65434375	41636	True	6
chr11_65434411_65434412	chr11	65434411	65434412	48287	True	6
chr11_65434465_65434466	chr11	65434465	65434466	54529	True	6
chr11_65434521_65434522	chr11	65434521	65434522	60884	True	6
chr11_65434550_65434551	chr11	65434550	65434551	61192	True	6
chr11_65434592_65434593	chr11	65434592	65434593	42743	True	6
chr11_65434627_65434628	chr11	65434627	65434628	53597	True	6
chr11_65434660_65434661	chr11	65434660	65434661	70125	True	6
chr11_65434722_65434723	chr11	65434722	65434723	50451	True	6
chr11_65434766_65434767	chr11	65434766	65434767	43551	True	6
chr11_65434796_65434797	chr11	65434796	65434797	37275	True	6
chr11_65434856_65434857	chr11	65434856	65434857	15339	True	5
chr11_65434905_65434906	chr11	65434905	65434906	17688	True	6
chr11_65434989_65434990	chr11	65434989	65434990	55463	True	3
chr11_65435008_65435009	chr11	65435008	65435009	58491	True	3
chr11_65435087_65435088	chr11	65435087	65435088	71853	True	3
chr11_65435143_65435144	chr11	65435143	65435144	44724	True	5
chr11_65435176_65435177	chr11	65435176	65435177	44163	True	5
chr11_65435215_65435216	chr11	65435215	65435216	42902	True	5
chr11_65435235_65435236	chr11	65435235	65435236	51865	True	6
chr11_65435283_65435284	chr11	65435283	65435284	44239	True	6
chr11_65435329_65435330	chr11	65435329	65435330	38544	True	6
chr11_65435348_65435349	chr11	65435348	65435349	35041	True	6
chr11_65435381_65435382	chr11	65435381	65435382	36937	True	6
chr11_65435424_65435425	chr11	65435424	65435425	50909	True	6
chr11_65435477_65435478	chr11	65435477	65435478	65245	True	3
chr11_65435550_65435551	chr11	65435550	65435551	59880	True	3
chr11_65435641_65435642	chr11	65435641	65435642	69542	True	3
chr11_65435660_65435661	chr11	65435660	65435661	59150	True	5
chr11_65435719_65435720	chr11	65435719	65435720	57704	True	5
chr11_65435790_65435791	chr11	65435790	65435791	57326	True	5
chr11_65435854_65435855	chr11	65435854	65435855	38470	True	6
chr11_65435898_65435899	chr11	65435898	65435899	83092	True	6
chr11_65435922_65435923	chr11	65435922	65435923	89299	True	6
chr11_65435947_65435948	chr11	65435947	65435948	88954	True	6
chr11_65435983_65435984	chr11	65435983	65435984	96558	True	6
chr11_65436074_65436075	chr11	65436074	65436075	104072	True	5
chr11_65436134_65436135	chr11	65436134	65436135	52537	True	5
chr11_65436205_65436206	chr11	65436205	65436206	55711	True	5
chr11_65436300_65436301	chr11	65436300	65436301	48257	True	5
chr11_65436425_65436426	chr11	65436425	65436426	41987	True	5
chr11_65436509_65436510	chr11	65436509	65436510	46228	True	5
chr11_65436590_65436591	chr11	65436590	65436591	52343	True	5
chr11_65436651_65436652	chr11	65436651	65436652	34689	True	6
chr11_65436682_65436683	chr11	65436682	65436683	29778	True	6
chr11_65436733_65436734	chr11	65436733	65436734	38181	True	6
chr11_65436782_65436783	chr11	65436782	65436783	48861	True	6
chr11_65436825_65436826	chr11	65436825	65436826	48738	True	6
chr11_65436844_65436845	chr11	65436844	65436845	46713	True	6
chr11_65436870_65436871	chr11	65436870	65436871	52647	True	6
chr11_65436906_65436907	chr11	65436906	65436907	43670	True	6
chr11_65436961_65436962	chr11	65436961	65436962	36511	True	6
chr11_65436995_65436996	chr11	65436995	65436996	27730	True	6
chr11_65437029_65437030	chr11	65437029	65437030	16709	True	6
chr11_65437052_65437053	chr11	65437052	65437053	16771	True	6
chr11_65437236_65437237	chr11	65437236	65437237	13093	True	6
chr11_65437258_65437259	chr11	65437258	65437259	14876	True	6
chr11_65437363_65437364	chr11	65437363	65437364	35059	True	2
chr11_65437395_65437396	chr11	65437395	65437396	32167	True	2
chr11_65437441_65437442	chr11	65437441	65437442	36433	True	2
chr11_65437464_65437465	chr11	65437464	65437465	36394	True	2
chr11_65437482_65437483	chr11	65437482	65437483	27925	True	6
chr11_65437506_65437507	chr11	65437506	65437507	20704	True	6
chr11_65437527_65437528	chr11	65437527	65437528	20641	True	6
chr11_65437559_65437560	chr11	65437559	65437560	21575	True	6
chr11_65437605_65437606	chr11	65437605	65437606	33683	True	6
chr11_65437648_65437649	chr11	65437648	65437649	41022	True	6
chr11_65437666_65437667	chr11	65437666	65437667	41390	True	6
chr11_65437685_65437686	chr11	65437685	65437686	38404	True	6
chr11_65437703_65437704	chr11	65437703	65437704	37602	True	6
chr11_65437745_65437746	chr11	65437745	65437746	48792	True	6
chr11_65437830_65437831	chr11	65437830	65437831	34014	True	6
chr11_65437868_65437869	chr11	65437868	65437869	28448	True	6
chr11_65437933_65437934	chr11	65437933	65437934	38948	True	6
chr11_65438051_65438052	chr11	65438051	65438052	58250	True	6
chr11_65438151_65438152	chr11	65438151	65438152	62340	True	3
chr11_65438210_65438211	chr11	65438210	65438211	44030	True	3
chr11_65438314_65438315	chr11	65438314	65438315	16947	True	6
chr11_65438330_65438331	chr11	65438330	65438331	16949	True	6
chr11_65438346_65438347	chr11	65438346	65438347	15990	True	6
chr11_65438373_65438374	chr11	65438373	65438374	15207	True	6
chr11_65438410_65438411	chr11	65438410	65438411	16676	True	6
chr11_65438472_65438473	chr11	65438472	65438473	16605	True	6
chr11_65438523_65438524	chr11	65438523	65438524	23113	True	6
chr11_65438613_65438614	chr11	65438613	65438614	32145	True	6
chr11_65438654_65438655	chr11	65438654	65438655	29859	True	6
chr11_65438687_65438688	chr11	65438687	65438688	24295	True	6
chr11_65438715_65438716	chr11	65438715	65438716	21110	True	6
chr11_65438796_65438797	chr11	65438796	65438797	16292	True	6
chr11_65438891_65438892	chr11	65438891	65438892	38831	True	3
chr11_65438936_65438937	chr11	65438936	65438937	34935	True	3
chr11_65438968_65438969	chr11	65438968	65438969	35069	True	3
chr11_65439053_65439054	chr11	65439053	65439054	27729	True	3
chr11_65439072_65439073	chr11	65439072	65439073	14874	True	6
chr11_65439217_65439218	chr11	65439217	65439218	24619	True	6
chr11_65439238_65439239	chr11	65439238	65439239	24362	True	6
chr11_65439270_65439271	chr11	65439270	65439271	26467	True	6
chr11_65439316_65439317	chr11	65439316	65439317	34209	True	6
chr11_65439344_65439345	chr11	65439344	65439345	28595	True	6
chr11_65439382_65439383	chr11	65439382	65439383	44681	True	6
chr11_65439432_65439433	chr11	65439432	65439433	40907	True	6
chr11_65439462_65439463	chr11	65439462	65439463	42959	True	6
chr11_65439538_65439539	chr11	65439538	65439539	39972	True	6
chr11_65439640_65439641	chr11	65439640	65439641	14422	True	1
chr11_65439692_65439693	chr11	65439692	65439693	25416	True	5
chr11_65439765_65439766	chr11	65439765	65439766	23391	True	5
chr11_65439806_65439807	chr11	65439806	65439807	30423	True	5
chr11_65439939_65439940	chr11	65439939	65439940	34471	True	3
chr11_65439971_65439972	chr11	65439971	65439972	31509	True	3
chr11_65440051_65440052	chr11	65440051	65440052	22986	True	3
chr11_65440090_65440091	chr11	65440090	65440091	10497	True	6
chr11_65440162_65440163	chr11	65440162	65440163	14607	True	6
chr11_65440192_65440193	chr11	65440192	65440193	15026	True	6
chr11_65440227_65440228	chr11	65440227	65440228	32390	True	6
chr11_65440261_65440262	chr11	65440261	65440262	32814	True	6
chr11_65440293_65440294	chr11	65440293	65440294	34109	True	3
chr11_65440590_65440591	chr11	65440590	65440591	18531	True	5
chr11_65440911_65440912	chr11	65440911	65440912	34366	True	3
chr11_65440928_65440929	chr11	65440928	65440929	34843	True	3
chr11_65440960_65440961	chr11	65440960	65440961	34914	True	3
chr11_65441018_65441019	chr11	65441018	65441019	39498	True	5
chr11_65441067_65441068	chr11	65441067	65441068	17372	True	6
chr11_65441115_65441116	chr11	65441115	65441116	19505	True	6
chr11_65441200_65441201	chr11	65441200	65441201	22509	True	6
chr11_65441219_65441220	chr11	65441219	65441220	19577	True	6
chr11_65441270_65441271	chr11	65441270	65441271	30954	True	3
chr11_65441295_65441296	chr11	65441295	65441296	30742	True	3
chr11_65441326_65441327	chr11	65441326	65441327	28440	True	3
chr11_65441564_65441565	chr11	65441564	65441565	5495	True	1
chr11_65441598_65441599	chr11	65441598	65441599	6749	True	6
chr11_65441632_65441633	chr11	65441632	65441633	6573	True	6
chr11_65442903_65442904	chr11	65442903	65442904	21734	True	6
chr11_65442997_65442998	chr11	65442997	65442998	42225	True	6
chr11_65443021_65443022	chr11	65443021	65443022	53985	True	6
chr11_65443044_65443045	chr11	65443044	65443045	49895	True	6
chr11_65443118_65443119	chr11	65443118	65443119	63269	True	6
chr11_65443142_65443143	chr11	65443142	65443143	78823	True	6
chr11_65443170_65443171	chr11	65443170	65443171	71950	True	6
chr11_65443232_65443233	chr11	65443232	65443233	73662	True	6
chr11_65443256_65443257	chr11	65443256	65443257	72855	True	6
chr11_65443411_65443412	chr11	65443411	65443412	29662	True	6
chr11_65443445_65443446	chr11	65443445	65443446	29588	True	6
chr11_65443490_65443491	chr11	65443490	65443491	75248	True	3
chr11_65443571_65443572	chr11	65443571	65443572	68831	True	3
chr11_65443625_65443626	chr11	65443625	65443626	96758	True	3
chr11_65443639_65443640	chr11	65443639	65443640	100059	True	3
chr11_65443692_65443693	chr11	65443692	65443693	63175	True	3
chr11_65443781_65443782	chr11	65443781	65443782	78129	True	3
chr11_65443811_65443812	chr11	65443811	65443812	52496	True	3
chr11_65443866_65443867	chr11	65443866	65443867	63089	True	3
chr11_65443881_65443882	chr11	65443881	65443882	68302	True	3
chr11_65444015_65444016	chr11	65444015	65444016	54700	True	6
chr11_65444199_65444200	chr11	65444199	65444200	67237	True	5
chr11_65444363_65444364	chr11	65444363	65444364	79070	True	5
chr11_65444711_65444712	chr11	65444711	65444712	81076	True	3
chr11_65444751_65444752	chr11	65444751	65444752	89970	True	3
chr11_65444801_65444802	chr11	65444801	65444802	87588	True	3
chr11_65444979_65444980	chr11	65444979	65444980	40564	True	5
chr11_65445005_65445006	chr11	65445005	65445006	39475	True	5
chr11_65445038_65445039	chr11	65445038	65445039	17937	True	6
chr11_65445088_65445089	chr11	65445088	65445089	23006	True	6
chr11_65445495_65445496	chr11	65445495	65445496	51259	True	3
chr11_65499042_65499043	chr11	65499042	65499043	166780	True	2
chr11_65499122_65499123	chr11	65499122	65499123	215371	True	2
chr11_65499214_65499215	chr11	65499214	65499215	218158	True	2
chr11_65499229_65499230	chr11	65499229	65499230	157033	True	5
chr11_65499249_65499250	chr11	65499249	65499250	180797	True	5
chr11_65499288_65499289	chr11	65499288	65499289	203914	True	5
chr11_65499341_65499342	chr11	65499341	65499342	159788	True	5
chr11_65499411_65499412	chr11	65499411	65499412	232524	True	5
chr11_65499449_65499450	chr11	65499449	65499450	237392	True	5
chr11_65499558_65499559	chr11	65499558	65499559	199731	True	5
chr11_65499580_65499581	chr11	65499580	65499581	219690	True	5
chr11_65499635_65499636	chr11	65499635	65499636	166310	True	5
chr11_65499678_65499679	chr11	65499678	65499679	249107	True	5
chr11_65499736_65499737	chr11	65499736	65499737	203129	True	5
chr11_65499758_65499759	chr11	65499758	65499759	195446	True	5
chr11_65499831_65499832	chr11	65499831	65499832	193418	True	5
chr11_65499924_65499925	chr11	65499924	65499925	192959	True	2
chr11_65500017_65500018	chr11	65500017	65500018	388450	True	2
chr11_65500037_65500038	chr11	65500037	65500038	377043	True	2
chr11_65500089_65500090	chr11	65500089	65500090	377297	True	2
chr11_65500115_65500116	chr11	65500115	65500116	458348	True	2
chr11_65500157_65500158	chr11	65500157	65500158	385350	True	5
chr11_65500185_65500186	chr11	65500185	65500186	417961	True	5
chr11_65500210_65500211	chr11	65500210	65500211	333060	True	5
chr11_65500228_65500229	chr11	65500228	65500229	304368	True	2
chr11_65500278_65500279	chr11	65500278	65500279	401148	True	2
chr11_65500326_65500327	chr11	65500326	65500327	424144	True	2
chr11_65500357_65500358	chr11	65500357	65500358	411833	True	2
chr11_65500555_65500556	chr11	65500555	65500556	686522	True	2
chr11_65500588_65500589	chr11	65500588	65500589	603167	True	2
chr11_65500637_65500638	chr11	65500637	65500638	700213	True	2
chr11_65500712_65500713	chr11	65500712	65500713	604103	True	2
chr11_65500747_65500748	chr11	65500747	65500748	397240	True	2
chr11_65500766_65500767	chr11	65500766	65500767	404508	True	2
chr11_65500795_65500796	chr11	65500795	65500796	523468	True	2
chr11_65500831_65500832	chr11	65500831	65500832	522909	True	2
chr11_65500876_65500877	chr11	65500876	65500877	478010	True	2
chr11_65500894_65500895	chr11	65500894	65500895	477033	True	2
chr11_65500919_65500920	chr11	65500919	65500920	551201	True	2
chr11_65500955_65500956	chr11	65500955	65500956	473212	True	2
chr11_65500985_65500986	chr11	65500985	65500986	358226	True	2
chr11_65501015_65501016	chr11	65501015	65501016	360508	True	2
chr11_65501098_65501099	chr11	65501098	65501099	321534	True	2
chr11_65501126_65501127	chr11	65501126	65501127	190261	True	2
chr11_65501148_65501149	chr11	65501148	65501149	356175	True	2
chr11_65501224_65501225	chr11	65501224	65501225	412869	True	2
chr11_65501265_65501266	chr11	65501265	65501266	344064	True	2
chr11_65501292_65501293	chr11	65501292	65501293	382742	True	2
chr11_65501367_65501368	chr11	65501367	65501368	265112	True	2
chr11_65501396_65501397	chr11	65501396	65501397	156739	True	2
chr11_65501420_65501421	chr11	65501420	65501421	202205	True	2
chr11_65501447_65501448	chr11	65501447	65501448	228106	True	2
chr11_65501476_65501477	chr11	65501476	65501477	205809	True	2
chr11_65501509_65501510	chr11	65501509	65501510	317497	True	2
chr11_65501536_65501537	chr11	65501536	65501537	351417	True	2
chr11_65501579_65501580	chr11	65501579	65501580	289175	True	2
chr11_65501606_65501607	chr11	65501606	65501607	321812	True	2
chr11_65501659_65501660	chr11	65501659	65501660	325673	True	2
chr11_65501681_65501682	chr11	65501681	65501682	289055	True	2
chr11_65501746_65501747	chr11	65501746	65501747	164877	True	2
chr11_65501767_65501768	chr11	65501767	65501768	158810	True	2
chr11_65501804_65501805	chr11	65501804	65501805	181526	True	2
chr11_65501832_65501833	chr11	65501832	65501833	289909	True	2
chr11_65501882_65501883	chr11	65501882	65501883	210492	True	3
chr11_65501904_65501905	chr11	65501904	65501905	213613	True	3
chr11_65501923_65501924	chr11	65501923	65501924	203590	True	3
chr11_65502027_65502028	chr11	65502027	65502028	174858	True	3
chr11_65502142_65502143	chr11	65502142	65502143	189974	True	3
chr11_65502222_65502223	chr11	65502222	65502223	284212	True	3
chr11_65502276_65502277	chr11	65502276	65502277	267289	True	3
chr11_65502305_65502306	chr11	65502305	65502306	176611	True	3
chr11_65502382_65502383	chr11	65502382	65502383	345512	True	2
chr11_65502405_65502406	chr11	65502405	65502406	302270	True	2
chr11_65502431_65502432	chr11	65502431	65502432	240462	True	2
chr11_65502456_65502457	chr11	65502456	65502457	256432	True	2
chr11_65502500_65502501	chr11	65502500	65502501	273296	True	2
chr11_65502520_65502521	chr11	65502520	65502521	222246	True	2
chr11_65502580_65502581	chr11	65502580	65502581	278336	True	2
chr11_65502598_65502599	chr11	65502598	65502599	282369	True	2
chr11_65502631_65502632	chr11	65502631	65502632	271140	True	2
chr11_65502748_65502749	chr11	65502748	65502749	120464	True	2
chr11_65502790_65502791	chr11	65502790	65502791	169785	True	2
chr11_65502809_65502810	chr11	65502809	65502810	169969	True	2
chr11_65502829_65502830	chr11	65502829	65502830	204695	True	2
chr11_65502853_65502854	chr11	65502853	65502854	179398	True	2
chr11_65502876_65502877	chr11	65502876	65502877	177750	True	2
chr11_65502914_65502915	chr11	65502914	65502915	160364	True	2
chr11_65502955_65502956	chr11	65502955	65502956	183947	True	2
chr11_65502970_65502971	chr11	65502970	65502971	352202	True	2
chr11_65503016_65503017	chr11	65503016	65503017	338224	True	2
chr11_65503132_65503133	chr11	65503132	65503133	365898	True	2
chr11_65503152_65503153	chr11	65503152	65503153	401975	True	2
chr11_65503242_65503243	chr11	65503242	65503243	190910	True	2
chr11_65503269_65503270	chr11	65503269	65503270	174471	True	2
chr11_65503325_65503326	chr11	65503325	65503326	129395	True	2
chr11_65503343_65503344	chr11	65503343	65503344	137774	True	2
chr11_65503426_65503427	chr11	65503426	65503427	167794	True	2
chr11_65503477_65503478	chr11	65503477	65503478	114655	True	2
chr11_65503615_65503616	chr11	65503615	65503616	266574	True	2
chr11_65503634_65503635	chr11	65503634	65503635	301380	True	2
chr11_65503656_65503657	chr11	65503656	65503657	346390	True	2
chr11_65503679_65503680	chr11	65503679	65503680	351853	True	2
chr11_65503716_65503717	chr11	65503716	65503717	377046	True	2
chr11_65503751_65503752	chr11	65503751	65503752	400021	True	2
chr11_65503792_65503793	chr11	65503792	65503793	234319	True	2
chr11_65503818_65503819	chr11	65503818	65503819	240199	True	2
chr11_65503845_65503846	chr11	65503845	65503846	206332	True	2
chr11_65503893_65503894	chr11	65503893	65503894	252281	True	2
chr11_65503914_65503915	chr11	65503914	65503915	258576	True	2
chr11_65503944_65503945	chr11	65503944	65503945	218283	True	2
chr11_65503970_65503971	chr11	65503970	65503971	203419	True	2
chr11_65504000_65504001	chr11	65504000	65504001	232810	True	2
chr11_65504028_65504029	chr11	65504028	65504029	334801	True	2
chr11_65504064_65504065	chr11	65504064	65504065	259674	True	2
chr11_65504116_65504117	chr11	65504116	65504117	238572	True	2
chr11_65504141_65504142	chr11	65504141	65504142	225224	True	2
chr11_65504235_65504236	chr11	65504235	65504236	270696	True	2
chr11_65504292_65504293	chr11	65504292	65504293	283395	True	2
chr11_65504317_65504318	chr11	65504317	65504318	289325	True	2
chr11_65504365_65504366	chr11	65504365	65504366	318875	True	2
chr11_65504417_65504418	chr11	65504417	65504418	317092	True	3
chr11_65504443_65504444	chr11	65504443	65504444	149790	True	2
chr11_65504465_65504466	chr11	65504465	65504466	147960	True	2
chr11_65504537_65504538	chr11	65504537	65504538	380472	True	2
chr11_65504574_65504575	chr11	65504574	65504575	399374	True	2
chr11_65504589_65504590	chr11	65504589	65504590	394530	True	2
chr11_65504613_65504614	chr11	65504613	65504614	383818	True	2
chr11_65504643_65504644	chr11	65504643	65504644	408135	True	2
chr11_65504665_65504666	chr11	65504665	65504666	390469	True	2
chr11_65504740_65504741	chr11	65504740	65504741	405662	True	2
chr11_65504768_65504769	chr11	65504768	65504769	360494	True	2
chr11_65504782_65504783	chr11	65504782	65504783	357159	True	2
chr11_65504806_65504807	chr11	65504806	65504807	388129	True	2
chr11_65504835_65504836	chr11	65504835	65504836	468962	True	2
chr11_65504890_65504891	chr11	65504890	65504891	360356	True	2
chr11_65504914_65504915	chr11	65504914	65504915	248922	True	2
chr11_65504961_65504962	chr11	65504961	65504962	309623	True	2
chr11_65504986_65504987	chr11	65504986	65504987	331894	True	2
chr11_65505008_65505009	chr11	65505008	65505009	297909	True	2
chr11_65505037_65505038	chr11	65505037	65505038	209214	True	2
chr11_65505121_65505122	chr11	65505121	65505122	403145	True	2
chr11_65505147_65505148	chr11	65505147	65505148	349431	True	2
chr11_65505178_65505179	chr11	65505178	65505179	345663	True	2
chr11_65505224_65505225	chr11	65505224	65505225	398214	True	2
chr11_65505273_65505274	chr11	65505273	65505274	408496	True	2
chr11_65505308_65505309	chr11	65505308	65505309	191681	True	2
chr11_65505342_65505343	chr11	65505342	65505343	163933	True	2
chr11_65505579_65505580	chr11	65505579	65505580	56526	True	2
chr11_65505682_65505683	chr11	65505682	65505683	100883	True	5
chr11_65505717_65505718	chr11	65505717	65505718	108126	True	5
chr11_65505732_65505733	chr11	65505732	65505733	114281	True	5
chr11_65505747_65505748	chr11	65505747	65505748	121405	True	5
chr11_65505775_65505776	chr11	65505775	65505776	136677	True	5
chr11_65505842_65505843	chr11	65505842	65505843	217728	True	5
chr11_65505866_65505867	chr11	65505866	65505867	247710	True	2
chr11_65505888_65505889	chr11	65505888	65505889	226130	True	2
chr11_65505908_65505909	chr11	65505908	65505909	224677	True	2
chr11_65506004_65506005	chr11	65506004	65506005	116558	True	2
chr11_65506069_65506070	chr11	65506069	65506070	20726	True	4
chr11_65854867_65854868	chr11	65854867	65854868	8919	True	6
chr11_65854891_65854892	chr11	65854891	65854892	12069	True	6
chr11_65854919_65854920	chr11	65854919	65854920	12525	True	6
chr11_65854959_65854960	chr11	65854959	65854960	27538	True	2
chr11_65855045_65855046	chr11	65855045	65855046	25955	True	2
chr11_65855115_65855116	chr11	65855115	65855116	29261	True	2
chr11_65855171_65855172	chr11	65855171	65855172	16861	True	3
chr11_65855439_65855440	chr11	65855439	65855440	3868	True	5
chr11_65855942_65855943	chr11	65855942	65855943	7084	True	3
chr11_65855985_65855986	chr11	65855985	65855986	9973	True	3
chr11_65856013_65856014	chr11	65856013	65856014	10553	True	3
chr11_65858114_65858115	chr11	65858114	65858115	5479	True	6
chr11_65858181_65858182	chr11	65858181	65858182	5387	True	6
chr11_66348186_66348187	chr11	66348186	66348187	11756	True	1
chr11_67583834_67583835	chr11	67583834	67583835	3654	True	1
chr11_67586561_67586562	chr11	67586561	67586562	6124	True	1
chr11_67586608_67586609	chr11	67586608	67586609	4062	True	1
chr11_67682770_67682771	chr11	67682770	67682771	111	False	NA
chr11_67682806_67682807	chr11	67682806	67682807	111	False	NA
chr11_69328531_69328532	chr11	69328531	69328532	0	False	NA
chr11_71712915_71712916	chr11	71712915	71712916	89	False	NA
chr11_73099628_73099629	chr11	73099628	73099629	31	False	NA
chr11_74745733_74745734	chr11	74745733	74745734	325	True	1
chr11_74745763_74745764	chr11	74745763	74745764	489	True	1
chr11_75399518_75399519	chr11	75399518	75399519	16370	True	2
chr11_75400389_75400390	chr11	75400389	75400390	28671	True	3
chr11_75400479_75400480	chr11	75400479	75400480	32059	True	3
chr11_75400502_75400503	chr11	75400502	75400503	26390	True	5
chr11_75400732_75400733	chr11	75400732	75400733	25683	True	2
chr11_75404038_75404039	chr11	75404038	75404039	14703	True	2
chr11_75404167_75404168	chr11	75404167	75404168	14930	True	3
chr11_75404419_75404420	chr11	75404419	75404420	43022	True	3
chr11_75404444_75404445	chr11	75404444	75404445	46343	True	3
chr11_75404502_75404503	chr11	75404502	75404503	46445	True	3
chr11_75404533_75404534	chr11	75404533	75404534	36674	True	3
chr11_75404758_75404759	chr11	75404758	75404759	19355	True	3
chr11_75404802_75404803	chr11	75404802	75404803	19833	True	3
chr11_75404848_75404849	chr11	75404848	75404849	15087	True	3
chr11_75405617_75405618	chr11	75405617	75405618	5662	True	6
chr11_75405631_75405632	chr11	75405631	75405632	5690	True	6
chr11_75572677_75572678	chr11	75572677	75572678	6840	True	1
chr11_75572725_75572726	chr11	75572725	75572726	6273	True	1
chr11_75572758_75572759	chr11	75572758	75572759	6035	True	1
chr11_77886414_77886415	chr11	77886414	77886415	2236	True	5
chr11_77886514_77886515	chr11	77886514	77886515	13333	True	3
chr11_83728185_83728186	chr11	83728185	83728186	0	False	NA
chr11_85096721_85096722	chr11	85096721	85096722	13	False	NA
chr11_85719626_85719627	chr11	85719626	85719627	0	False	NA
chr11_88612882_88612883	chr11	88612882	88612883	6603	True	1
chr11_93721513_93721514	chr11	93721513	93721514	30651	True	3
chr11_93721714_93721715	chr11	93721714	93721715	84498	True	3
chr11_93721790_93721791	chr11	93721790	93721791	102022	True	3
chr11_93721823_93721824	chr11	93721823	93721824	97424	True	3
chr11_93730534_93730535	chr11	93730534	93730535	31020	True	5
chr11_93730549_93730550	chr11	93730549	93730550	36751	True	3
chr11_93730580_93730581	chr11	93730580	93730581	36815	True	3
chr11_93730600_93730601	chr11	93730600	93730601	37580	True	3
chr11_93730613_93730614	chr11	93730613	93730614	37639	True	3
chr11_93730623_93730624	chr11	93730623	93730624	40295	True	2
chr11_93730639_93730640	chr11	93730639	93730640	40231	True	2
chr11_93730649_93730650	chr11	93730649	93730650	27036	True	2
chr11_93731018_93731019	chr11	93731018	93731019	70979	True	2
chr11_93731038_93731039	chr11	93731038	93731039	70255	True	2
chr11_93731064_93731065	chr11	93731064	93731065	70776	True	2
chr11_93731101_93731102	chr11	93731101	93731102	71730	True	2
chr11_93731180_93731181	chr11	93731180	93731181	14533	True	2
chr11_93731527_93731528	chr11	93731527	93731528	23736	True	3
chr11_93731548_93731549	chr11	93731548	93731549	23834	True	3
chr11_93731573_93731574	chr11	93731573	93731574	24105	True	3
chr11_93732070_93732071	chr11	93732070	93732071	14799	True	5
chr11_93732087_93732088	chr11	93732087	93732088	14832	True	5
chr11_93732103_93732104	chr11	93732103	93732104	14840	True	5
chr11_93732135_93732136	chr11	93732135	93732136	15846	True	5
chr11_93732389_93732390	chr11	93732389	93732390	75402	True	3
chr11_93732405_93732406	chr11	93732405	93732406	81542	True	3
chr11_93732432_93732433	chr11	93732432	93732433	81436	True	3
chr11_93732452_93732453	chr11	93732452	93732453	81424	True	3
chr11_93732469_93732470	chr11	93732469	93732470	80833	True	3
chr11_93732486_93732487	chr11	93732486	93732487	80828	True	3
chr11_93732501_93732502	chr11	93732501	93732502	57297	True	3
chr11_93733263_93733264	chr11	93733263	93733264	20445	True	3
chr11_93733285_93733286	chr11	93733285	93733286	20785	True	3
chr11_93733300_93733301	chr11	93733300	93733301	21575	True	5
chr11_93733498_93733499	chr11	93733498	93733499	77941	True	3
chr11_93733519_93733520	chr11	93733519	93733520	75620	True	3
chr11_93733557_93733558	chr11	93733557	93733558	75148	True	3
chr11_93733572_93733573	chr11	93733572	93733573	75075	True	3
chr11_93733598_93733599	chr11	93733598	93733599	66799	True	3
chr11_93735198_93735199	chr11	93735198	93735199	12755	True	2
chr11_93735213_93735214	chr11	93735213	93735214	12526	True	2
chr11_93735239_93735240	chr11	93735239	93735240	13044	True	2
chr11_108665336_108665337	chr11	108665336	108665337	234	True	4
chr11_117290895_117290896	chr11	117290895	117290896	59	False	NA
chr11_118088396_118088397	chr11	118088396	118088397	0	False	NA
chr11_118748727_118748728	chr11	118748727	118748728	14211	True	3
chr11_119018034_119018035	chr11	119018034	119018035	16228	True	3
chr11_119018295_119018296	chr11	119018295	119018296	38231	True	2
chr11_119018345_119018346	chr11	119018345	119018346	37329	True	2
chr11_122099831_122099832	chr11	122099831	122099832	53	False	NA
chr11_122146591_122146592	chr11	122146591	122146592	92	False	NA
chr11_122152297_122152298	chr11	122152297	122152298	209	True	4
chr11_123057692_123057693	chr11	123057692	123057693	2991	True	1
chr11_123058100_123058101	chr11	123058100	123058101	81196	True	3
chr11_123058117_123058118	chr11	123058117	123058118	81321	True	3
chr11_123058144_123058145	chr11	123058144	123058145	82317	True	3
chr11_123058162_123058163	chr11	123058162	123058163	82408	True	3
chr11_123058277_123058278	chr11	123058277	123058278	8297	True	3
chr11_123058374_123058375	chr11	123058374	123058375	11447	True	3
chr11_123058459_123058460	chr11	123058459	123058460	5858	True	3
chr11_123058647_123058648	chr11	123058647	123058648	9360	True	3
chr11_123058996_123058997	chr11	123058996	123058997	50288	True	3
chr11_123059141_123059142	chr11	123059141	123059142	8081	True	5
chr11_123059360_123059361	chr11	123059360	123059361	101783	True	3
chr11_123059403_123059404	chr11	123059403	123059404	103579	True	3
chr11_123059423_123059424	chr11	123059423	123059424	103678	True	3
chr11_123059666_123059667	chr11	123059666	123059667	8904	True	5
chr11_123059713_123059714	chr11	123059713	123059714	11671	True	5
chr11_123059735_123059736	chr11	123059735	123059736	11733	True	5
chr11_123059945_123059946	chr11	123059945	123059946	8204	True	5
chr11_123059960_123059961	chr11	123059960	123059961	8221	True	5
chr11_123059981_123059982	chr11	123059981	123059982	6049	True	1
chr11_123060164_123060165	chr11	123060164	123060165	4777	True	5
chr11_123060735_123060736	chr11	123060735	123060736	5571	True	1
chr11_123061186_123061187	chr11	123061186	123061187	5906	True	1
chr11_123062138_123062139	chr11	123062138	123062139	8434	True	1
chr11_123301494_123301495	chr11	123301494	123301495	69709	True	2
chr11_124636471_124636472	chr11	124636471	124636472	1269	True	1
chr11_125543783_125543784	chr11	125543783	125543784	0	False	NA
chr12_3317411_3317412	chr12	3317411	3317412	0	False	NA
chr12_4370020_4370021	chr12	4370020	4370021	1447	True	1
chr12_5969110_5969111	chr12	5969110	5969111	0	False	NA
chr12_6510385_6510386	chr12	6510385	6510386	157453	True	3
chr12_6510422_6510423	chr12	6510422	6510423	175584	True	3
chr12_6510460_6510461	chr12	6510460	6510461	160897	True	3
chr12_6510503_6510504	chr12	6510503	6510504	104100	True	3
chr12_6510519_6510520	chr12	6510519	6510520	103041	True	3
chr12_6510531_6510532	chr12	6510531	6510532	79821	True	5
chr12_6534516_6534517	chr12	6534516	6534517	24459	True	2
chr12_6534553_6534554	chr12	6534553	6534554	24844	True	2
chr12_6536499_6536500	chr12	6536499	6536500	11534	True	2
chr12_6536531_6536532	chr12	6536531	6536532	11814	True	2
chr12_6536577_6536578	chr12	6536577	6536578	11146	True	2
chr12_6536696_6536697	chr12	6536696	6536697	11652	True	2
chr12_6536732_6536733	chr12	6536732	6536733	11716	True	2
chr12_6536936_6536937	chr12	6536936	6536937	15080	True	2
chr12_6536991_6536992	chr12	6536991	6536992	15178	True	2
chr12_6537132_6537133	chr12	6537132	6537133	31303	True	2
chr12_6537163_6537164	chr12	6537163	6537164	30665	True	2
chr12_6537178_6537179	chr12	6537178	6537179	30714	True	2
chr12_6537207_6537208	chr12	6537207	6537208	31277	True	2
chr12_6537363_6537364	chr12	6537363	6537364	10758	True	2
chr12_6537632_6537633	chr12	6537632	6537633	24758	True	2
chr12_6537671_6537672	chr12	6537671	6537672	27799	True	2
chr12_6537688_6537689	chr12	6537688	6537689	29456	True	2
chr12_6537823_6537824	chr12	6537823	6537824	30580	True	2
chr12_6537880_6537881	chr12	6537880	6537881	28999	True	2
chr12_6537927_6537928	chr12	6537927	6537928	20142	True	2
chr12_6537966_6537967	chr12	6537966	6537967	14008	True	2
chr12_6537990_6537991	chr12	6537990	6537991	12607	True	2
chr12_6538153_6538154	chr12	6538153	6538154	9930	True	2
chr12_6538259_6538260	chr12	6538259	6538260	22877	True	2
chr12_6538289_6538290	chr12	6538289	6538290	13844	True	2
chr12_6538318_6538319	chr12	6538318	6538319	14086	True	2
chr12_6581571_6581572	chr12	6581571	6581572	29504	True	3
chr12_6581593_6581594	chr12	6581593	6581594	29594	True	3
chr12_6581611_6581612	chr12	6581611	6581612	27695	True	3
chr12_6769610_6769611	chr12	6769610	6769611	2360	True	5
chr12_6770577_6770578	chr12	6770577	6770578	8282	True	5
chr12_6870710_6870711	chr12	6870710	6870711	8809	True	5
chr12_6943815_6943816	chr12	6943815	6943816	207337	True	2
chr12_6943841_6943842	chr12	6943841	6943842	207355	True	2
chr12_6943859_6943860	chr12	6943859	6943860	207401	True	2
chr12_6967424_6967425	chr12	6967424	6967425	199092	True	5
chr12_6967445_6967446	chr12	6967445	6967446	207976	True	5
chr12_6967466_6967467	chr12	6967466	6967467	208575	True	5
chr12_6967490_6967491	chr12	6967490	6967491	185776	True	5
chr12_8016744_8016745	chr12	8016744	8016745	23	False	NA
chr12_8016756_8016757	chr12	8016756	8016757	23	False	NA
chr12_9239367_9239368	chr12	9239367	9239368	23	False	NA
chr12_12778692_12778693	chr12	12778692	12778693	0	False	NA
chr12_12950150_12950151	chr12	12950150	12950151	58	False	NA
chr12_20551422_20551423	chr12	20551422	20551423	83616	True	3
chr12_21635393_21635394	chr12	21635393	21635394	3859	True	1
chr12_21635436_21635437	chr12	21635436	21635437	5339	True	1
chr12_21635598_21635599	chr12	21635598	21635599	5152	True	1
chr12_21643991_21643992	chr12	21643991	21643992	6188	True	1
chr12_21646931_21646932	chr12	21646931	21646932	1956	True	1
chr12_28505390_28505391	chr12	28505390	28505391	7147	True	1
chr12_38161506_38161507	chr12	38161506	38161507	13613	True	3
chr12_46184845_46184846	chr12	46184845	46184846	1400	True	1
chr12_46204404_46204405	chr12	46204404	46204405	757	True	4
chr12_46358368_46358369	chr12	46358368	46358369	22862	True	5
chr12_46358693_46358694	chr12	46358693	46358694	26081	True	6
chr12_46358728_46358729	chr12	46358728	46358729	25080	True	6
chr12_46358755_46358756	chr12	46358755	46358756	22294	True	6
chr12_46359094_46359095	chr12	46359094	46359095	15476	True	6
chr12_46359368_46359369	chr12	46359368	46359369	8338	True	4
chr12_46360723_46360724	chr12	46360723	46360724	6746	True	6
chr12_46360860_46360861	chr12	46360860	46360861	12935	True	6
chr12_46363089_46363090	chr12	46363089	46363090	10578	True	6
chr12_46363729_46363730	chr12	46363729	46363730	8426	True	6
chr12_46363767_46363768	chr12	46363767	46363768	9439	True	6
chr12_46363940_46363941	chr12	46363940	46363941	8161	True	4
chr12_46370820_46370821	chr12	46370820	46370821	8567	True	4
chr12_46370854_46370855	chr12	46370854	46370855	8596	True	4
chr12_46371212_46371213	chr12	46371212	46371213	22878	True	6
chr12_46371229_46371230	chr12	46371229	46371230	23769	True	6
chr12_46371266_46371267	chr12	46371266	46371267	25162	True	6
chr12_46371288_46371289	chr12	46371288	46371289	28797	True	6
chr12_46372567_46372568	chr12	46372567	46372568	31091	True	6
chr12_46372774_46372775	chr12	46372774	46372775	6002	True	6
chr12_48022706_48022707	chr12	48022706	48022707	1747	True	1
chr12_48654400_48654401	chr12	48654400	48654401	20621	True	3
chr12_48654419_48654420	chr12	48654419	48654420	24266	True	3
chr12_48654456_48654457	chr12	48654456	48654457	24297	True	3
chr12_48654475_48654476	chr12	48654475	48654476	24297	True	3
chr12_48654490_48654491	chr12	48654490	48654491	24304	True	3
chr12_48654519_48654520	chr12	48654519	48654520	23906	True	3
chr12_48656716_48656717	chr12	48656716	48656717	7962	True	3
chr12_48656739_48656740	chr12	48656739	48656740	7954	True	3
chr12_48656783_48656784	chr12	48656783	48656784	7913	True	3
chr12_48667499_48667500	chr12	48667499	48667500	15527	True	3
chr12_48667530_48667531	chr12	48667530	48667531	15533	True	3
chr12_48667594_48667595	chr12	48667594	48667595	15147	True	3
chr12_49127821_49127822	chr12	49127821	49127822	17933	True	1
chr12_49127845_49127846	chr12	49127845	49127846	23050	True	1
chr12_49127862_49127863	chr12	49127862	49127863	25178	True	2
chr12_49127876_49127877	chr12	49127876	49127877	25175	True	2
chr12_49127914_49127915	chr12	49127914	49127915	26080	True	2
chr12_49127955_49127956	chr12	49127955	49127956	17459	True	2
chr12_49127994_49127995	chr12	49127994	49127995	14199	True	2
chr12_49128045_49128046	chr12	49128045	49128046	7225	True	2
chr12_49128060_49128061	chr12	49128060	49128061	4287	True	1
chr12_49128307_49128308	chr12	49128307	49128308	1799	True	1
chr12_49128868_49128869	chr12	49128868	49128869	9943	True	3
chr12_49131397_49131398	chr12	49131397	49131398	13954	True	3
chr12_49265080_49265081	chr12	49265080	49265081	9472	True	3
chr12_49273275_49273276	chr12	49273275	49273276	7769	True	1
chr12_49273289_49273290	chr12	49273289	49273290	6891	True	1
chr12_49761731_49761732	chr12	49761731	49761732	2490	True	5
chr12_49762909_49762910	chr12	49762909	49762910	9149	True	2
chr12_49762954_49762955	chr12	49762954	49762955	12023	True	2
chr12_51162940_51162941	chr12	51162940	51162941	104	False	NA
chr12_52233283_52233284	chr12	52233283	52233284	0	False	NA
chr12_52248782_52248783	chr12	52248782	52248783	5	False	NA
chr12_53040795_53040796	chr12	53040795	53040796	27722	True	2
chr12_53452347_53452348	chr12	53452347	53452348	41335	True	3
chr12_53455932_53455933	chr12	53455932	53455933	15049	True	3
chr12_53465958_53465959	chr12	53465958	53465959	5699	True	6
chr12_53479444_53479445	chr12	53479444	53479445	3455	True	6
chr12_53479669_53479670	chr12	53479669	53479670	32064	True	2
chr12_54280748_54280749	chr12	54280748	54280749	1021	True	1
chr12_54282261_54282262	chr12	54282261	54282262	1078	True	4
chr12_54282862_54282863	chr12	54282862	54282863	5676	True	6
chr12_54283819_54283820	chr12	54283819	54283820	22925	True	3
chr12_54284740_54284741	chr12	54284740	54284741	28647	True	2
chr12_54284784_54284785	chr12	54284784	54284785	36049	True	2
chr12_54284807_54284808	chr12	54284807	54284808	41360	True	2
chr12_54284835_54284836	chr12	54284835	54284836	41508	True	2
chr12_54285177_54285178	chr12	54285177	54285178	7346	True	6
chr12_55726773_55726774	chr12	55726773	55726774	2118	True	5
chr12_56043481_56043482	chr12	56043481	56043482	245	True	4
chr12_56116787_56116788	chr12	56116787	56116788	23464	True	3
chr12_56161488_56161489	chr12	56161488	56161489	12214	True	6
chr12_56638305_56638306	chr12	56638305	56638306	17346	True	3
chr12_56643583_56643584	chr12	56643583	56643584	11801	True	3
chr12_56643718_56643719	chr12	56643718	56643719	12308	True	3
chr12_56643737_56643738	chr12	56643737	56643738	12264	True	3
chr12_56643751_56643752	chr12	56643751	56643752	12236	True	3
chr12_56645065_56645066	chr12	56645065	56645066	22233	True	3
chr12_56645084_56645085	chr12	56645084	56645085	22748	True	3
chr12_56645102_56645103	chr12	56645102	56645103	25500	True	3
chr12_56663976_56663977	chr12	56663976	56663977	6797	True	2
chr12_56713181_56713182	chr12	56713181	56713182	4180	True	2
chr12_56714636_56714637	chr12	56714636	56714637	12840	True	3
chr12_62133659_62133660	chr12	62133659	62133660	0	False	NA
chr12_62603689_62603690	chr12	62603689	62603690	5689	True	4
chr12_64158434_64158435	chr12	64158434	64158435	0	False	NA
chr12_69599916_69599917	chr12	69599916	69599917	2376	True	1
chr12_69669320_69669321	chr12	69669320	69669321	0	False	NA
chr12_75688741_75688742	chr12	75688741	75688742	219	True	4
chr12_76059856_76059857	chr12	76059856	76059857	24478	True	3
chr12_76084684_76084685	chr12	76084684	76084685	14174	True	3
chr12_88581764_88581765	chr12	88581764	88581765	1050	True	1
chr12_93407401_93407402	chr12	93407401	93407402	43	False	NA
chr12_95571262_95571263	chr12	95571262	95571263	771	True	4
chr12_96288284_96288285	chr12	96288284	96288285	25	False	NA
chr12_98599632_98599633	chr12	98599632	98599633	9221	True	5
chr12_98601624_98601625	chr12	98601624	98601625	6257	True	6
chr12_103926168_103926169	chr12	103926168	103926169	646	True	5
chr12_103937787_103937788	chr12	103937787	103937788	15207	True	3
chr12_103937876_103937877	chr12	103937876	103937877	12921	True	3
chr12_103939522_103939523	chr12	103939522	103939523	32915	True	5
chr12_103941438_103941439	chr12	103941438	103941439	23670	True	3
chr12_103941479_103941480	chr12	103941479	103941480	23839	True	3
chr12_103942769_103942770	chr12	103942769	103942770	18576	True	5
chr12_103943240_103943241	chr12	103943240	103943241	26185	True	3
chr12_103943832_103943833	chr12	103943832	103943833	27900	True	5
chr12_103946618_103946619	chr12	103946618	103946619	18957	True	3
chr12_103946865_103946866	chr12	103946865	103946866	35653	True	3
chr12_103946914_103946915	chr12	103946914	103946915	31400	True	3
chr12_103947322_103947323	chr12	103947322	103947323	43355	True	3
chr12_103947374_103947375	chr12	103947374	103947375	43673	True	3
chr12_103947830_103947831	chr12	103947830	103947831	34167	True	3
chr12_104125234_104125235	chr12	104125234	104125235	2814	True	1
chr12_104265834_104265835	chr12	104265834	104265835	47	False	NA
chr12_104350017_104350018	chr12	104350017	104350018	6807	True	6
chr12_112405916_112405917	chr12	112405916	112405917	5741	True	2
chr12_112405990_112405991	chr12	112405990	112405991	6015	True	2
chr12_112408326_112408327	chr12	112408326	112408327	5448	True	5
chr12_112409606_112409607	chr12	112409606	112409607	1638	True	4
chr12_117049164_117049165	chr12	117049164	117049165	865	True	4
chr12_120198906_120198907	chr12	120198906	120198907	972	True	4
chr12_120199471_120199472	chr12	120199471	120199472	23486	True	3
chr12_120200745_120200746	chr12	120200745	120200746	4378	True	1
chr12_120201109_120201110	chr12	120201109	120201110	10139	True	3
chr12_120291802_120291803	chr12	120291802	120291803	158128	True	2
chr12_120291834_120291835	chr12	120291834	120291835	172716	True	2
chr12_120291867_120291868	chr12	120291867	120291868	172716	True	2
chr12_120291905_120291906	chr12	120291905	120291906	165464	True	2
chr12_120293135_120293136	chr12	120293135	120293136	56480	True	2
chr12_120293168_120293169	chr12	120293168	120293169	56637	True	2
chr12_120293200_120293201	chr12	120293200	120293201	56632	True	2
chr12_120293238_120293239	chr12	120293238	120293239	52959	True	2
chr12_120498418_120498419	chr12	120498418	120498419	3868	True	1
chr12_123616706_123616707	chr12	123616706	123616707	1708	True	1
chr12_126677979_126677980	chr12	126677979	126677980	0	False	NA
chr12_130872091_130872092	chr12	130872091	130872092	6223	True	5
chr12_130876101_130876102	chr12	130876101	130876102	7169	True	6
chr12_130876167_130876168	chr12	130876167	130876168	7165	True	6
chr12_132625653_132625654	chr12	132625653	132625654	1145	True	4
chr13_20612238_20612239	chr13	20612238	20612239	5901	True	1
chr13_27255064_27255065	chr13	27255064	27255065	15928	True	3
chr13_27255083_27255084	chr13	27255083	27255084	15927	True	3
chr13_27255112_27255113	chr13	27255112	27255113	16313	True	3
chr13_27255400_27255401	chr13	27255400	27255401	15963	True	5
chr13_27255413_27255414	chr13	27255413	27255414	16263	True	5
chr13_27255446_27255447	chr13	27255446	27255447	16241	True	5
chr13_27255473_27255474	chr13	27255473	27255474	15942	True	5
chr13_27255502_27255503	chr13	27255502	27255503	16134	True	3
chr13_27256319_27256320	chr13	27256319	27256320	373	True	4
chr13_44436564_44436565	chr13	44436564	44436565	634	True	4
chr13_45336396_45336397	chr13	45336396	45336397	27591	True	5
chr13_45336448_45336449	chr13	45336448	45336449	24707	True	5
chr13_45337268_45337269	chr13	45337268	45337269	30977	True	2
chr13_45337368_45337369	chr13	45337368	45337369	32813	True	2
chr13_45337520_45337521	chr13	45337520	45337521	52445	True	3
chr13_45337548_45337549	chr13	45337548	45337549	52418	True	3
chr13_45337568_45337569	chr13	45337568	45337569	52417	True	3
chr13_45337581_45337582	chr13	45337581	45337582	52432	True	3
chr13_45337610_45337611	chr13	45337610	45337611	52653	True	3
chr13_45338684_45338685	chr13	45338684	45338685	10658	True	2
chr13_45338730_45338731	chr13	45338730	45338731	10989	True	2
chr13_45339595_45339596	chr13	45339595	45339596	7954	True	2
chr13_45340013_45340014	chr13	45340013	45340014	17986	True	2
chr13_45340090_45340091	chr13	45340090	45340091	25993	True	2
chr13_45340159_45340160	chr13	45340159	45340160	13781	True	2
chr13_45341184_45341185	chr13	45341184	45341185	19760	True	2
chr13_50049189_50049190	chr13	50049189	50049190	3655	True	4
chr13_52177942_52177943	chr13	52177942	52177943	118	False	NA
chr13_78530745_78530746	chr13	78530745	78530746	0	False	NA
chr13_91350616_91350617	chr13	91350616	91350617	13252	True	1
chr13_91350654_91350655	chr13	91350654	91350655	11090	True	1
chr13_91350754_91350755	chr13	91350754	91350755	9304	True	1
chr13_91350937_91350938	chr13	91350937	91350938	20688	True	6
chr13_91351070_91351071	chr13	91351070	91351071	13980	True	1
chr13_91351359_91351360	chr13	91351359	91351360	18813	True	1
chr13_94651426_94651427	chr13	94651426	94651427	73	False	NA
chr13_110703765_110703766	chr13	110703765	110703766	5	False	NA
chr13_112534868_112534869	chr13	112534868	112534869	105	False	NA
chr13_113309811_113309812	chr13	113309811	113309812	1011	True	4
chr14_20323282_20323283	chr14	20323282	20323283	65913	True	3
chr14_20323330_20323331	chr14	20323330	20323331	63116	True	3
chr14_20326524_20326525	chr14	20326524	20326525	3285	True	5
chr14_20343097_20343098	chr14	20343097	20343098	79523	True	2
chr14_20343141_20343142	chr14	20343141	20343142	218912	True	2
chr14_20343167_20343168	chr14	20343167	20343168	220668	True	2
chr14_20343210_20343211	chr14	20343210	20343211	338196	True	2
chr14_20343242_20343243	chr14	20343242	20343243	464330	True	2
chr14_20343268_20343269	chr14	20343268	20343269	896553	True	2
chr14_20343286_20343287	chr14	20343286	20343287	853819	True	2
chr14_20343351_20343352	chr14	20343351	20343352	841147	True	2
chr14_20343391_20343392	chr14	20343391	20343392	826645	True	2
chr14_20343412_20343413	chr14	20343412	20343413	714122	True	2
chr14_20609351_20609352	chr14	20609351	20609352	42831	True	1
chr14_20679465_20679466	chr14	20679465	20679466	14576	True	1
chr14_21211133_21211134	chr14	21211133	21211134	3369	True	6
chr14_21397402_21397403	chr14	21397402	21397403	26636	True	5
chr14_24158662_24158663	chr14	24158662	24158663	1610	True	1
chr14_29326574_29326575	chr14	29326574	29326575	0	False	NA
chr14_33776509_33776510	chr14	33776509	33776510	6889	True	4
chr14_34568686_34568687	chr14	34568686	34568687	119	False	NA
chr14_36651619_36651620	chr14	36651619	36651620	135	False	NA
chr14_45110885_45110886	chr14	45110885	45110886	3440	True	5
chr14_45110923_45110924	chr14	45110923	45110924	3407	True	5
chr14_49583648_49583649	chr14	49583648	49583649	5587	True	1
chr14_49586375_49586376	chr14	49586375	49586376	16410	True	2
chr14_49586578_49586579	chr14	49586578	49586579	2916	True	4
chr14_49586812_49586813	chr14	49586812	49586813	19231	True	3
chr14_49586840_49586841	chr14	49586840	49586841	19231	True	3
chr14_49862591_49862592	chr14	49862591	49862592	21762	True	3
chr14_49862614_49862615	chr14	49862614	49862615	21804	True	3
chr14_49862634_49862635	chr14	49862634	49862635	21804	True	3
chr14_49862650_49862651	chr14	49862650	49862651	21780	True	3
chr14_49862680_49862681	chr14	49862680	49862681	21773	True	3
chr14_49862851_49862852	chr14	49862851	49862852	2250	True	4
chr14_56126771_56126772	chr14	56126771	56126772	101	False	NA
chr14_58239933_58239934	chr14	58239933	58239934	45562	True	1
chr14_69978137_69978138	chr14	69978137	69978138	267	True	4
chr14_70023257_70023258	chr14	70023257	70023258	364	True	4
chr14_70030559_70030560	chr14	70030559	70030560	1372	True	4
chr14_70361064_70361065	chr14	70361064	70361065	18	False	NA
chr14_73588861_73588862	chr14	73588861	73588862	5386	True	4
chr14_75134544_75134545	chr14	75134544	75134545	4656	True	6
chr14_75604209_75604210	chr14	75604209	75604210	1803	True	1
chr14_77717554_77717555	chr14	77717554	77717555	1626	True	1
chr14_77837993_77837994	chr14	77837993	77837994	0	False	NA
chr14_81202838_81202839	chr14	81202838	81202839	9303	True	5
chr14_95533387_95533388	chr14	95533387	95533388	114431	True	3
chr14_95533419_95533420	chr14	95533419	95533420	179127	True	3
chr14_95533449_95533450	chr14	95533449	95533450	184140	True	3
chr14_95533495_95533496	chr14	95533495	95533496	194931	True	3
chr14_95533517_95533518	chr14	95533517	95533518	174731	True	3
chr14_95533559_95533560	chr14	95533559	95533560	127550	True	3
chr14_95533629_95533630	chr14	95533629	95533630	55798	True	3
chr14_96384663_96384664	chr14	96384663	96384664	4025	True	1
chr14_96384716_96384717	chr14	96384716	96384717	4234	True	1
chr14_100897919_100897920	chr14	100897919	100897920	0	False	NA
chr14_100897939_100897940	chr14	100897939	100897940	0	False	NA
chr14_100897963_100897964	chr14	100897963	100897964	0	False	NA
chr14_100943451_100943452	chr14	100943451	100943452	0	False	NA
chr14_100966029_100966030	chr14	100966029	100966030	0	False	NA
chr14_100968948_100968949	chr14	100968948	100968949	0	False	NA
chr14_100972103_100972104	chr14	100972103	100972104	0	False	NA
chr14_100974806_100974807	chr14	100974806	100974807	0	False	NA
chr14_100982971_100982972	chr14	100982971	100982972	0	False	NA
chr14_100986057_100986058	chr14	100986057	100986058	0	False	NA
chr14_100986090_100986091	chr14	100986090	100986091	0	False	NA
chr14_100987046_100987047	chr14	100987046	100987047	0	False	NA
chr14_101001673_101001674	chr14	101001673	101001674	0	False	NA
chr14_101040267_101040268	chr14	101040267	101040268	0	False	NA
chr14_101046503_101046504	chr14	101046503	101046504	12	False	NA
chr14_102081167_102081168	chr14	102081167	102081168	7376	True	6
chr14_102081313_102081314	chr14	102081313	102081314	13565	True	6
chr14_102081496_102081497	chr14	102081496	102081497	19615	True	6
chr14_102081628_102081629	chr14	102081628	102081629	21911	True	2
chr14_102081682_102081683	chr14	102081682	102081683	26764	True	2
chr14_102081737_102081738	chr14	102081737	102081738	20743	True	3
chr14_102081791_102081792	chr14	102081791	102081792	18216	True	3
chr14_102082140_102082141	chr14	102082140	102082141	7403	True	3
chr14_102082277_102082278	chr14	102082277	102082278	7789	True	3
chr14_102082352_102082353	chr14	102082352	102082353	9144	True	3
chr14_102082392_102082393	chr14	102082392	102082393	8122	True	3
chr14_102083129_102083130	chr14	102083129	102083130	28319	True	3
chr14_102083160_102083161	chr14	102083160	102083161	23700	True	3
chr14_102083183_102083184	chr14	102083183	102083184	27429	True	3
chr14_102083599_102083600	chr14	102083599	102083600	7411	True	3
chr14_102083860_102083861	chr14	102083860	102083861	9811	True	3
chr14_102083891_102083892	chr14	102083891	102083892	14583	True	3
chr14_102083945_102083946	chr14	102083945	102083946	12502	True	3
chr14_102084464_102084465	chr14	102084464	102084465	8917	True	3
chr14_102084537_102084538	chr14	102084537	102084538	9329	True	3
chr14_102084749_102084750	chr14	102084749	102084750	43062	True	3
chr14_102084810_102084811	chr14	102084810	102084811	44795	True	3
chr14_102084850_102084851	chr14	102084850	102084851	36267	True	3
chr14_102084920_102084921	chr14	102084920	102084921	26714	True	3
chr14_102084966_102084967	chr14	102084966	102084967	16626	True	3
chr14_102084982_102084983	chr14	102084982	102084983	16048	True	3
chr14_102085314_102085315	chr14	102085314	102085315	9230	True	6
chr14_102085403_102085404	chr14	102085403	102085404	10437	True	6
chr14_102085424_102085425	chr14	102085424	102085425	8783	True	5
chr14_102085823_102085824	chr14	102085823	102085824	14400	True	3
chr14_102085896_102085897	chr14	102085896	102085897	8496	True	3
chr14_102086055_102086056	chr14	102086055	102086056	9384	True	5
chr14_103337843_103337844	chr14	103337843	103337844	33533	True	3
chr14_103337923_103337924	chr14	103337923	103337924	33605	True	3
chr14_103337939_103337940	chr14	103337939	103337940	33650	True	3
chr14_106636669_106636670	chr14	106636669	106636670	805	True	1
chr15_24985101_24985102	chr15	24985101	24985102	3917	True	4
chr15_24985120_24985121	chr15	24985120	24985121	3893	True	4
chr15_25094036_25094037	chr15	25094036	25094037	2269	True	4
chr15_34106523_34106524	chr15	34106523	34106524	11	False	NA
chr15_43115697_43115698	chr15	43115697	43115698	43	False	NA
chr15_43765504_43765505	chr15	43765504	43765505	4191	True	5
chr15_43771483_43771484	chr15	43771483	43771484	9165	True	6
chr15_43771496_43771497	chr15	43771496	43771497	9125	True	6
chr15_43793958_43793959	chr15	43793958	43793959	24085	True	2
chr15_43801820_43801821	chr15	43801820	43801821	1084	True	4
chr15_44715438_44715439	chr15	44715438	44715439	3657	True	1
chr15_44715503_44715504	chr15	44715503	44715504	5554	True	1
chr15_44715580_44715581	chr15	44715580	44715581	9983	True	6
chr15_44715604_44715605	chr15	44715604	44715605	10299	True	6
chr15_44715623_44715624	chr15	44715623	44715624	9415	True	6
chr15_44717613_44717614	chr15	44717613	44717614	7318	True	6
chr15_44717662_44717663	chr15	44717662	44717663	11336	True	6
chr15_44717688_44717689	chr15	44717688	44717689	13344	True	6
chr15_44717850_44717851	chr15	44717850	44717851	12045	True	6
chr15_44717918_44717919	chr15	44717918	44717919	8777	True	1
chr15_44717950_44717951	chr15	44717950	44717951	8503	True	1
chr15_44717986_44717987	chr15	44717986	44717987	9252	True	1
chr15_44718017_44718018	chr15	44718017	44718018	9287	True	1
chr15_44718055_44718056	chr15	44718055	44718056	7125	True	1
chr15_44718069_44718070	chr15	44718069	44718070	6550	True	1
chr15_44718108_44718109	chr15	44718108	44718109	5030	True	1
chr15_45198606_45198607	chr15	45198606	45198607	7792	True	1
chr15_45198621_45198622	chr15	45198621	45198622	7792	True	1
chr15_45198696_45198697	chr15	45198696	45198697	4690	True	1
chr15_45200413_45200414	chr15	45200413	45200414	4536	True	1
chr15_45200428_45200429	chr15	45200428	45200429	4536	True	1
chr15_45354862_45354863	chr15	45354862	45354863	139	False	NA
chr15_55686636_55686637	chr15	55686636	55686637	42	False	NA
chr15_55853490_55853491	chr15	55853490	55853491	677	True	4
chr15_57472877_57472878	chr15	57472877	57472878	5	False	NA
chr15_60347494_60347495	chr15	60347494	60347495	4289	True	5
chr15_60347512_60347513	chr15	60347512	60347513	4300	True	5
chr15_60347567_60347568	chr15	60347567	60347568	4218	True	5
chr15_60347587_60347588	chr15	60347587	60347588	3297	True	5
chr15_60349088_60349089	chr15	60349088	60349089	854	True	1
chr15_60351224_60351225	chr15	60351224	60351225	1414	True	1
chr15_61647113_61647114	chr15	61647113	61647114	112	False	NA
chr15_64155878_64155879	chr15	64155878	64155879	7664	True	6
chr15_64155906_64155907	chr15	64155906	64155907	14179	True	2
chr15_64156007_64156008	chr15	64156007	64156008	14939	True	2
chr15_65296049_65296050	chr15	65296049	65296050	71008	True	2
chr15_65296092_65296093	chr15	65296092	65296093	71034	True	2
chr15_65296137_65296138	chr15	65296137	65296138	71336	True	2
chr15_65304675_65304676	chr15	65304675	65304676	89250	True	2
chr15_65304718_65304719	chr15	65304718	65304719	89310	True	2
chr15_65304762_65304763	chr15	65304762	65304763	89327	True	2
chr15_66347238_66347239	chr15	66347238	66347239	14268	True	5
chr15_66347345_66347346	chr15	66347345	66347346	7379	True	3
chr15_66499443_66499444	chr15	66499443	66499444	31569	True	3
chr15_66499480_66499481	chr15	66499480	66499481	31569	True	3
chr15_66499496_66499497	chr15	66499496	66499497	31606	True	3
chr15_66499605_66499606	chr15	66499605	66499606	20431	True	3
chr15_66500174_66500175	chr15	66500174	66500175	4919	True	2
chr15_66500325_66500326	chr15	66500325	66500326	23041	True	3
chr15_66500355_66500356	chr15	66500355	66500356	23057	True	3
chr15_66500960_66500961	chr15	66500960	66500961	14228	True	3
chr15_66501000_66501001	chr15	66501000	66501001	13902	True	3
chr15_66501286_66501287	chr15	66501286	66501287	13820	True	3
chr15_66501299_66501300	chr15	66501299	66501300	13852	True	3
chr15_66501318_66501319	chr15	66501318	66501319	13956	True	3
chr15_66501814_66501815	chr15	66501814	66501815	17458	True	3
chr15_66502041_66502042	chr15	66502041	66502042	24049	True	3
chr15_66502057_66502058	chr15	66502057	66502058	24052	True	3
chr15_66502071_66502072	chr15	66502071	66502072	23779	True	3
chr15_66502092_66502093	chr15	66502092	66502093	23779	True	3
chr15_66502684_66502685	chr15	66502684	66502685	13522	True	5
chr15_66502851_66502852	chr15	66502851	66502852	63353	True	3
chr15_66502885_66502886	chr15	66502885	66502886	63656	True	3
chr15_66502897_66502898	chr15	66502897	66502898	63697	True	3
chr15_66502912_66502913	chr15	66502912	66502913	63769	True	3
chr15_66503280_66503281	chr15	66503280	66503281	27163	True	2
chr15_66503295_66503296	chr15	66503295	66503296	27287	True	2
chr15_66503314_66503315	chr15	66503314	66503315	31641	True	2
chr15_66503363_66503364	chr15	66503363	66503364	31350	True	2
chr15_68780469_68780470	chr15	68780469	68780470	7229	True	5
chr15_69030274_69030275	chr15	69030274	69030275	11	False	NA
chr15_69452819_69452820	chr15	69452819	69452820	33640	True	2
chr15_69452922_69452923	chr15	69452922	69452923	40911	True	2
chr15_69452959_69452960	chr15	69452959	69452960	18736	True	2
chr15_69452995_69452996	chr15	69452995	69452996	10879	True	2
chr15_69453662_69453663	chr15	69453662	69453663	7734	True	3
chr15_69455205_69455206	chr15	69455205	69455206	23091	True	2
chr15_69455238_69455239	chr15	69455238	69455239	22708	True	2
chr15_69455278_69455279	chr15	69455278	69455279	22316	True	2
chr15_69455434_69455435	chr15	69455434	69455435	10499	True	2
chr15_69455515_69455516	chr15	69455515	69455516	10913	True	2
chr15_72199085_72199086	chr15	72199085	72199086	13007	True	2
chr15_72199109_72199110	chr15	72199109	72199110	14600	True	2
chr15_72199154_72199155	chr15	72199154	72199155	17091	True	2
chr15_72199175_72199176	chr15	72199175	72199176	17647	True	2
chr15_72199201_72199202	chr15	72199201	72199202	17063	True	2
chr15_72199232_72199233	chr15	72199232	72199233	13552	True	5
chr15_72199531_72199532	chr15	72199531	72199532	11344	True	5
chr15_72199594_72199595	chr15	72199594	72199595	10883	True	5
chr15_72199739_72199740	chr15	72199739	72199740	4438	True	5
chr15_72200609_72200610	chr15	72200609	72200610	9139	True	5
chr15_72202476_72202477	chr15	72202476	72202477	5681	True	5
chr15_72202530_72202531	chr15	72202530	72202531	9170	True	5
chr15_72202550_72202551	chr15	72202550	72202551	9661	True	5
chr15_72202580_72202581	chr15	72202580	72202581	8695	True	5
chr15_72207245_72207246	chr15	72207245	72207246	10809	True	5
chr15_72207271_72207272	chr15	72207271	72207272	9924	True	5
chr15_72208654_72208655	chr15	72208654	72208655	9455	True	5
chr15_72208705_72208706	chr15	72208705	72208706	12494	True	5
chr15_72208729_72208730	chr15	72208729	72208730	13578	True	5
chr15_72209696_72209697	chr15	72209696	72209697	7025	True	5
chr15_72209844_72209845	chr15	72209844	72209845	4492	True	5
chr15_72210392_72210393	chr15	72210392	72210393	7118	True	5
chr15_72210468_72210469	chr15	72210468	72210469	6230	True	5
chr15_72217414_72217415	chr15	72217414	72217415	5785	True	5
chr15_72217452_72217453	chr15	72217452	72217453	5828	True	5
chr15_72218987_72218988	chr15	72218987	72218988	9114	True	5
chr15_72219060_72219061	chr15	72219060	72219061	7799	True	5
chr15_72219100_72219101	chr15	72219100	72219101	4189	True	5
chr15_72231051_72231052	chr15	72231051	72231052	7122	True	5
chr15_73927671_73927672	chr15	73927671	73927672	5	False	NA
chr15_78860558_78860559	chr15	78860558	78860559	8719	True	1
chr15_78897257_78897258	chr15	78897257	78897258	6593	True	6
chr15_82536827_82536828	chr15	82536827	82536828	9305	True	6
chr15_82536857_82536858	chr15	82536857	82536858	9222	True	6
chr15_82538979_82538980	chr15	82538979	82538980	19595	True	2
chr15_82540014_82540015	chr15	82540014	82540015	25380	True	2
chr15_82540083_82540084	chr15	82540083	82540084	25300	True	2
chr15_82540451_82540452	chr15	82540451	82540452	12629	True	2
chr15_88538663_88538664	chr15	88538663	88538664	1989	True	4
chr15_89335103_89335104	chr15	89335103	89335104	17775	True	2
chr15_89335130_89335131	chr15	89335130	89335131	17806	True	2
chr15_90955247_90955248	chr15	90955247	90955248	48	False	NA
chr15_93642035_93642036	chr15	93642035	93642036	0	False	NA
chr15_95784662_95784663	chr15	95784662	95784663	772	True	1
chr15_95784678_95784679	chr15	95784678	95784679	772	True	1
chr15_95784687_95784688	chr15	95784687	95784688	772	True	1
chr15_96334366_96334367	chr15	96334366	96334367	516	True	4
chr16_1962192_1962193	chr16	1962192	1962193	26775	True	2
chr16_1962252_1962253	chr16	1962252	1962253	28419	True	2
chr16_1962353_1962354	chr16	1962353	1962354	17265	True	3
chr16_1962384_1962385	chr16	1962384	1962385	28973	True	3
chr16_1962415_1962416	chr16	1962415	1962416	29129	True	3
chr16_1962438_1962439	chr16	1962438	1962439	27977	True	3
chr16_1962450_1962451	chr16	1962450	1962451	27984	True	3
chr16_1962467_1962468	chr16	1962467	1962468	15144	True	3
chr16_1962553_1962554	chr16	1962553	1962554	14091	True	3
chr16_1962995_1962996	chr16	1962995	1962996	41532	True	3
chr16_1963008_1963009	chr16	1963008	1963009	46772	True	3
chr16_1963021_1963022	chr16	1963021	1963022	46819	True	3
chr16_1963037_1963038	chr16	1963037	1963038	47036	True	3
chr16_1963057_1963058	chr16	1963057	1963058	47269	True	3
chr16_1963075_1963076	chr16	1963075	1963076	47110	True	3
chr16_1963107_1963108	chr16	1963107	1963108	32144	True	3
chr16_1964828_1964829	chr16	1964828	1964829	4597	True	6
chr16_1965177_1965178	chr16	1965177	1965178	14226	True	5
chr16_1965276_1965277	chr16	1965276	1965277	14102	True	5
chr16_2155086_2155087	chr16	2155086	2155087	57506	True	3
chr16_2155106_2155107	chr16	2155106	2155107	57755	True	3
chr16_2763235_2763236	chr16	2763235	2763236	12077	True	3
chr16_2771271_2771272	chr16	2771271	2771272	14920	True	6
chr16_2771352_2771353	chr16	2771352	2771353	9083	True	6
chr16_3022321_3022322	chr16	3022321	3022322	1597	True	1
chr16_3182650_3182651	chr16	3182650	3182651	10307	True	4
chr16_3996922_3996923	chr16	3996922	3996923	0	False	NA
chr16_6350433_6350434	chr16	6350433	6350434	0	False	NA
chr16_8328444_8328445	chr16	8328444	8328445	0	False	NA
chr16_11872785_11872786	chr16	11872785	11872786	13263	True	6
chr16_14304015_14304016	chr16	14304015	14304016	2761	True	4
chr16_15643299_15643300	chr16	15643299	15643300	408	True	4
chr16_18788138_18788139	chr16	18788138	18788139	14971	True	2
chr16_18790327_18790328	chr16	18790327	18790328	14136	True	6
chr16_23216508_23216509	chr16	23216508	23216509	0	False	NA
chr16_28277670_28277671	chr16	28277670	28277671	0	False	NA
chr16_29810672_29810673	chr16	29810672	29810673	34114	True	2
chr16_29811074_29811075	chr16	29811074	29811075	9250	True	3
chr16_30065850_30065851	chr16	30065850	30065851	44207	True	3
chr16_30067243_30067244	chr16	30067243	30067244	37159	True	3
chr16_30067472_30067473	chr16	30067472	30067473	23889	True	3
chr16_30067556_30067557	chr16	30067556	30067557	56067	True	3
chr16_30067627_30067628	chr16	30067627	30067628	43231	True	3
chr16_30068903_30068904	chr16	30068903	30068904	38030	True	3
chr16_30069608_30069609	chr16	30069608	30069609	44845	True	3
chr16_30069843_30069844	chr16	30069843	30069844	36143	True	3
chr16_30070200_30070201	chr16	30070200	30070201	54068	True	3
chr16_30070240_30070241	chr16	30070240	30070241	70872	True	3
chr16_30070317_30070318	chr16	30070317	30070318	49283	True	3
chr16_31191500_31191501	chr16	31191500	31191501	12306	True	6
chr16_31191536_31191537	chr16	31191536	31191537	11976	True	6
chr16_47505189_47505190	chr16	47505189	47505190	2266	True	3
chr16_56608640_56608641	chr16	56608640	56608641	8927	True	5
chr16_56609374_56609375	chr16	56609374	56609375	7033	True	6
chr16_56609411_56609412	chr16	56609411	56609412	7033	True	6
chr16_56627067_56627068	chr16	56627067	56627068	308	True	4
chr16_58548635_58548636	chr16	58548635	58548636	42648	True	3
chr16_58559932_58559933	chr16	58559932	58559933	14680	True	5
chr16_61055455_61055456	chr16	61055455	61055456	44	False	NA
chr16_69711242_69711243	chr16	69711242	69711243	831	True	4
chr16_70529511_70529512	chr16	70529511	70529512	7996	True	5
chr16_70529530_70529531	chr16	70529530	70529531	7996	True	5
chr16_70538007_70538008	chr16	70538007	70538008	14334	True	3
chr16_71758483_71758484	chr16	71758483	71758484	10496	True	5
chr16_72932652_72932653	chr16	72932652	72932653	4471	True	4
chr16_73559809_73559810	chr16	73559809	73559810	364	True	4
chr16_77191439_77191440	chr16	77191439	77191440	349	True	4
chr16_87384041_87384042	chr16	87384041	87384042	39199	True	2
chr16_87384068_87384069	chr16	87384068	87384069	39199	True	2
chr16_87706150_87706151	chr16	87706150	87706151	2816	True	4
chr16_87830048_87830049	chr16	87830048	87830049	3906	True	1
chr16_87830066_87830067	chr16	87830066	87830067	4030	True	1
chr16_87830102_87830103	chr16	87830102	87830103	4652	True	1
chr16_87830124_87830125	chr16	87830124	87830125	6826	True	1
chr16_87830288_87830289	chr16	87830288	87830289	13763	True	6
chr16_87830395_87830396	chr16	87830395	87830396	9909	True	6
chr16_87830456_87830457	chr16	87830456	87830457	10176	True	6
chr16_87830715_87830716	chr16	87830715	87830716	8278	True	5
chr16_87831055_87831056	chr16	87831055	87831056	3145	True	4
chr16_87831305_87831306	chr16	87831305	87831306	8171	True	5
chr16_87832031_87832032	chr16	87832031	87832032	6590	True	4
chr16_87832204_87832205	chr16	87832204	87832205	4656	True	4
chr16_87832603_87832604	chr16	87832603	87832604	18005	True	2
chr16_87832633_87832634	chr16	87832633	87832634	17439	True	2
chr16_87832671_87832672	chr16	87832671	87832672	17295	True	2
chr16_87832718_87832719	chr16	87832718	87832719	16519	True	2
chr16_87832811_87832812	chr16	87832811	87832812	10440	True	6
chr16_87832892_87832893	chr16	87832892	87832893	9247	True	6
chr16_87834466_87834467	chr16	87834466	87834467	3665	True	4
chr16_87834493_87834494	chr16	87834493	87834494	3881	True	4
chr16_87836590_87836591	chr16	87836590	87836591	4986	True	5
chr16_87836623_87836624	chr16	87836623	87836624	4355	True	5
chr16_87837899_87837900	chr16	87837899	87837900	4443	True	4
chr16_87837934_87837935	chr16	87837934	87837935	4119	True	4
chr16_87838776_87838777	chr16	87838776	87838777	2633	True	4
chr16_87839809_87839810	chr16	87839809	87839810	3411	True	4
chr16_87840463_87840464	chr16	87840463	87840464	2315	True	4
chr16_87841079_87841080	chr16	87841079	87841080	2910	True	4
chr16_88074568_88074569	chr16	88074568	88074569	11	False	NA
chr16_89560680_89560681	chr16	89560680	89560681	22209	True	3
chr16_89561427_89561428	chr16	89561427	89561428	47841	True	3
chr16_89561443_89561444	chr16	89561443	89561444	46560	True	3
chr16_89561466_89561467	chr16	89561466	89561467	46852	True	3
chr16_89561478_89561479	chr16	89561478	89561479	46193	True	3
chr16_89562376_89562377	chr16	89562376	89562377	14925	True	3
chr16_89562887_89562888	chr16	89562887	89562888	16504	True	3
chr16_89562907_89562908	chr16	89562907	89562908	16489	True	3
chr17_1344603_1344604	chr17	1344603	1344604	5041	True	1
chr17_1344758_1344759	chr17	1344758	1344759	17529	True	3
chr17_1344978_1344979	chr17	1344978	1344979	9050	True	6
chr17_1345300_1345301	chr17	1345300	1345301	5319	True	1
chr17_1345327_1345328	chr17	1345327	1345328	6545	True	1
chr17_1354314_1354315	chr17	1354314	1354315	4944	True	5
chr17_1361120_1361121	chr17	1361120	1361121	5543	True	5
chr17_1361189_1361190	chr17	1361189	1361190	8597	True	5
chr17_1364932_1364933	chr17	1364932	1364933	11045	True	5
chr17_1364971_1364972	chr17	1364971	1364972	10884	True	5
chr17_1400205_1400206	chr17	1400205	1400206	10320	True	3
chr17_1713936_1713937	chr17	1713936	1713937	1338	True	4
chr17_2329164_2329165	chr17	2329164	2329165	18427	True	3
chr17_2329191_2329192	chr17	2329191	2329192	18446	True	3
chr17_2329208_2329209	chr17	2329208	2329209	18457	True	3
chr17_2330304_2330305	chr17	2330304	2330305	22453	True	3
chr17_2330346_2330347	chr17	2330346	2330347	22475	True	3
chr17_2330365_2330366	chr17	2330365	2330366	22437	True	3
chr17_4945692_4945693	chr17	4945692	4945693	10389	True	6
chr17_4945727_4945728	chr17	4945727	4945728	28447	True	2
chr17_4945753_4945754	chr17	4945753	4945754	29240	True	2
chr17_4945822_4945823	chr17	4945822	4945823	36297	True	2
chr17_4945866_4945867	chr17	4945866	4945867	34179	True	2
chr17_4946722_4946723	chr17	4946722	4946723	10310	True	2
chr17_4946776_4946777	chr17	4946776	4946777	10806	True	2
chr17_4948270_4948271	chr17	4948270	4948271	11223	True	2
chr17_4948305_4948306	chr17	4948305	4948306	12120	True	2
chr17_4948376_4948377	chr17	4948376	4948377	13002	True	2
chr17_4948481_4948482	chr17	4948481	4948482	11622	True	2
chr17_4948531_4948532	chr17	4948531	4948532	9534	True	2
chr17_5418042_5418043	chr17	5418042	5418043	0	False	NA
chr17_7309629_7309630	chr17	7309629	7309630	5081	True	5
chr17_7309755_7309756	chr17	7309755	7309756	3996	True	5
chr17_7311379_7311380	chr17	7311379	7311380	3590	True	5
chr17_7311887_7311888	chr17	7311887	7311888	26080	True	2
chr17_7311939_7311940	chr17	7311939	7311940	29711	True	2
chr17_7311986_7311987	chr17	7311986	7311987	26091	True	2
chr17_7312122_7312123	chr17	7312122	7312123	13016	True	2
chr17_7312190_7312191	chr17	7312190	7312191	20878	True	2
chr17_7312222_7312223	chr17	7312222	7312223	20236	True	2
chr17_7312296_7312297	chr17	7312296	7312297	14399	True	3
chr17_7312350_7312351	chr17	7312350	7312351	4483	True	6
chr17_7572826_7572827	chr17	7572826	7572827	8122	True	5
chr17_7574711_7574712	chr17	7574711	7574712	132066	True	3
chr17_7574759_7574760	chr17	7574759	7574760	133208	True	3
chr17_7574774_7574775	chr17	7574774	7574775	132579	True	3
chr17_7574789_7574790	chr17	7574789	7574790	132476	True	3
chr17_7574806_7574807	chr17	7574806	7574807	132556	True	3
chr17_7574826_7574827	chr17	7574826	7574827	117727	True	3
chr17_7576668_7576669	chr17	7576668	7576669	7009	True	5
chr17_7576809_7576810	chr17	7576809	7576810	92333	True	3
chr17_7576833_7576834	chr17	7576833	7576834	94758	True	3
chr17_7576883_7576884	chr17	7576883	7576884	95653	True	3
chr17_7576898_7576899	chr17	7576898	7576899	95501	True	3
chr17_7576932_7576933	chr17	7576932	7576933	56779	True	3
chr17_7577457_7577458	chr17	7577457	7577458	6909	True	5
chr17_7577683_7577684	chr17	7577683	7577684	5285	True	5
chr17_7577836_7577837	chr17	7577836	7577837	5975	True	1
chr17_7577860_7577861	chr17	7577860	7577861	22092	True	5
chr17_7577953_7577954	chr17	7577953	7577954	112449	True	3
chr17_7577968_7577969	chr17	7577968	7577969	148084	True	3
chr17_7577994_7577995	chr17	7577994	7577995	148300	True	3
chr17_7578016_7578017	chr17	7578016	7578017	147796	True	3
chr17_7578058_7578059	chr17	7578058	7578059	132455	True	5
chr17_7906259_7906260	chr17	7906259	7906260	4411	True	5
chr17_8147685_8147686	chr17	8147685	8147686	329	True	4
chr17_8173507_8173508	chr17	8173507	8173508	693707	True	2
chr17_8173534_8173535	chr17	8173534	8173535	693655	True	2
chr17_8173555_8173556	chr17	8173555	8173556	692972	True	2
chr17_8173567_8173568	chr17	8173567	8173568	691060	True	2
chr17_8173589_8173590	chr17	8173589	8173590	650747	True	2
chr17_8220884_8220885	chr17	8220884	8220885	3053	True	4
chr17_8222848_8222849	chr17	8222848	8222849	44724	True	1
chr17_8377601_8377602	chr17	8377601	8377602	16707	True	2
chr17_8377629_8377630	chr17	8377629	8377630	16578	True	2
chr17_8377646_8377647	chr17	8377646	8377647	16583	True	2
chr17_8377677_8377678	chr17	8377677	8377678	16578	True	2
chr17_8379821_8379822	chr17	8379821	8379822	265	True	4
chr17_8382257_8382258	chr17	8382257	8382258	9416	True	6
chr17_8383194_8383195	chr17	8383194	8383195	3054	True	6
chr17_10355884_10355885	chr17	10355884	10355885	371	True	4
chr17_16381091_16381092	chr17	16381091	16381092	18863	True	3
chr17_16381912_16381913	chr17	16381912	16381913	7790	True	5
chr17_16382637_16382638	chr17	16382637	16382638	4028	True	5
chr17_16439037_16439038	chr17	16439037	16439038	13382	True	3
chr17_16439503_16439504	chr17	16439503	16439504	15116	True	3
chr17_16439516_16439517	chr17	16439516	16439517	15306	True	3
chr17_16440034_16440035	chr17	16440034	16440035	27589	True	3
chr17_16440051_16440052	chr17	16440051	16440052	27764	True	3
chr17_16440072_16440073	chr17	16440072	16440073	27863	True	3
chr17_16441222_16441223	chr17	16441222	16441223	40071	True	3
chr17_16441234_16441235	chr17	16441234	16441235	39780	True	3
chr17_16441243_16441244	chr17	16441243	16441244	39708	True	3
chr17_16441257_16441258	chr17	16441257	16441258	39648	True	3
chr17_16441268_16441269	chr17	16441268	16441269	39984	True	3
chr17_16441968_16441969	chr17	16441968	16441969	7679	True	6
chr17_16441986_16441987	chr17	16441986	16441987	7318	True	6
chr17_19061910_19061911	chr17	19061910	19061911	466	True	4
chr17_19188014_19188015	chr17	19188014	19188015	450921	True	2
chr17_19188085_19188086	chr17	19188085	19188086	452752	True	2
chr17_19190175_19190176	chr17	19190175	19190176	3646	True	4
chr17_19190213_19190214	chr17	19190213	19190214	3569	True	4
chr17_19190246_19190247	chr17	19190246	19190247	3179	True	4
chr17_19508213_19508214	chr17	19508213	19508214	4140	True	1
chr17_28719994_28719995	chr17	28719994	28719995	1761	True	1
chr17_28720549_28720550	chr17	28720549	28720550	48079	True	3
chr17_28720571_28720572	chr17	28720571	28720572	48172	True	3
chr17_28720595_28720596	chr17	28720595	28720596	48277	True	3
chr17_28722582_28722583	chr17	28722582	28722583	10714	True	5
chr17_28722598_28722599	chr17	28722598	28722599	10736	True	5
chr17_28722633_28722634	chr17	28722633	28722634	11074	True	5
chr17_28722828_28722829	chr17	28722828	28722829	33645	True	2
chr17_28723428_28723429	chr17	28723428	28723429	11110	True	5
chr17_28723450_28723451	chr17	28723450	28723451	11297	True	5
chr17_28723682_28723683	chr17	28723682	28723683	16507	True	3
chr17_28723696_28723697	chr17	28723696	28723697	16648	True	3
chr17_28723718_28723719	chr17	28723718	28723719	16691	True	3
chr17_30117129_30117130	chr17	30117129	30117130	7783	True	4
chr17_32876718_32876719	chr17	32876718	32876719	200	True	4
chr17_35573655_35573656	chr17	35573655	35573656	5222	True	1
chr17_35847088_35847089	chr17	35847088	35847089	6988	True	3
chr17_38850204_38850205	chr17	38850204	38850205	14558	True	3
chr17_38850408_38850409	chr17	38850408	38850409	19629	True	2
chr17_38850441_38850442	chr17	38850441	38850442	19575	True	2
chr17_38850457_38850458	chr17	38850457	38850458	19511	True	2
chr17_38852677_38852678	chr17	38852677	38852678	10862	True	3
chr17_38852705_38852706	chr17	38852705	38852706	10855	True	3
chr17_38852886_38852887	chr17	38852886	38852887	50994	True	3
chr17_38852914_38852915	chr17	38852914	38852915	55779	True	3
chr17_38852945_38852946	chr17	38852945	38852946	61109	True	2
chr17_38852993_38852994	chr17	38852993	38852994	65647	True	2
chr17_38853076_38853077	chr17	38853076	38853077	34099	True	2
chr17_38853731_38853732	chr17	38853731	38853732	34341	True	2
chr17_39153734_39153735	chr17	39153734	39153735	3641	True	1
chr17_39153749_39153750	chr17	39153749	39153750	3641	True	1
chr17_39200318_39200319	chr17	39200318	39200319	12137	True	3
chr17_39201294_39201295	chr17	39201294	39201295	18871	True	3
chr17_39203018_39203019	chr17	39203018	39203019	20638	True	2
chr17_39203087_39203088	chr17	39203087	39203088	20326	True	2
chr17_39204130_39204131	chr17	39204130	39204131	6864	True	3
chr17_39204547_39204548	chr17	39204547	39204548	35948	True	3
chr17_39204592_39204593	chr17	39204592	39204593	40827	True	3
chr17_39204615_39204616	chr17	39204615	39204616	40663	True	3
chr17_39204646_39204647	chr17	39204646	39204647	36388	True	3
chr17_40456904_40456905	chr17	40456904	40456905	814	True	4
chr17_40457561_40457562	chr17	40457561	40457562	1851	True	4
chr17_40457650_40457651	chr17	40457650	40457651	1671	True	1
chr17_41619494_41619495	chr17	41619494	41619495	5	False	NA
chr17_41624115_41624116	chr17	41624115	41624116	0	False	NA
chr17_41688934_41688935	chr17	41688934	41688935	15874	True	3
chr17_41688972_41688973	chr17	41688972	41688973	19702	True	3
chr17_41689004_41689005	chr17	41689004	41689005	18254	True	3
chr17_41689884_41689885	chr17	41689884	41689885	9172	True	3
chr17_41690879_41690880	chr17	41690879	41690880	8776	True	6
chr17_41691573_41691574	chr17	41691573	41691574	11197	True	6
chr17_41718152_41718153	chr17	41718152	41718153	4825	True	6
chr17_41823137_41823138	chr17	41823137	41823138	5281	True	4
chr17_42999992_42999993	chr17	42999992	42999993	27612	True	2
chr17_43000079_43000080	chr17	43000079	43000080	19259	True	2
chr17_43002741_43002742	chr17	43002741	43002742	10292	True	6
chr17_43002918_43002919	chr17	43002918	43002919	3295	True	1
chr17_43273290_43273291	chr17	43273290	43273291	280	True	4
chr17_44219755_44219756	chr17	44219755	44219756	106	False	NA
chr17_47359357_47359358	chr17	47359357	47359358	0	False	NA
chr17_47665132_47665133	chr17	47665132	47665133	3524	True	5
chr17_47680575_47680576	chr17	47680575	47680576	6933	True	6
chr17_47683167_47683168	chr17	47683167	47683168	17780	True	6
chr17_50208127_50208128	chr17	50208127	50208128	0	False	NA
chr17_50864063_50864064	chr17	50864063	50864064	3646	True	6
chr17_51161927_51161928	chr17	51161927	51161928	8323	True	6
chr17_51161995_51161996	chr17	51161995	51161996	6222	True	6
chr17_59137810_59137811	chr17	59137810	59137811	919	True	4
chr17_59151172_59151173	chr17	59151172	59151173	2678	True	4
chr17_59840023_59840024	chr17	59840023	59840024	10269	True	6
chr17_59840189_59840190	chr17	59840189	59840190	4638	True	6
chr17_59840532_59840533	chr17	59840532	59840533	5421	True	6
chr17_59841272_59841273	chr17	59841272	59841273	31718	True	6
chr17_60231649_60231650	chr17	60231649	60231650	9822	True	3
chr17_64146079_64146080	chr17	64146079	64146080	90194	True	3
chr17_64146100_64146101	chr17	64146100	64146101	90167	True	3
chr17_64146335_64146336	chr17	64146335	64146336	72644	True	3
chr17_64146368_64146369	chr17	64146368	64146369	73743	True	3
chr17_64146392_64146393	chr17	64146392	64146393	73533	True	3
chr17_64146450_64146451	chr17	64146450	64146451	57360	True	3
chr17_64499738_64499739	chr17	64499738	64499739	6966	True	6
chr17_64500251_64500252	chr17	64500251	64500252	14660	True	6
chr17_64500741_64500742	chr17	64500741	64500742	16527	True	3
chr17_64502542_64502543	chr17	64502542	64502543	14874	True	5
chr17_64504713_64504714	chr17	64504713	64504714	10717	True	5
chr17_65143263_65143264	chr17	65143263	65143264	0	False	NA
chr17_67740667_67740668	chr17	67740667	67740668	11322	True	5
chr17_74203682_74203683	chr17	74203682	74203683	21919	True	2
chr17_74204167_74204168	chr17	74204167	74204168	14818	True	2
chr17_74209222_74209223	chr17	74209222	74209223	25471	True	2
chr17_74209248_74209249	chr17	74209248	74209249	25522	True	2
chr17_74209264_74209265	chr17	74209264	74209265	25424	True	2
chr17_74209291_74209292	chr17	74209291	74209292	23024	True	2
chr17_74209804_74209805	chr17	74209804	74209805	4848	True	1
chr17_74209829_74209830	chr17	74209829	74209830	4860	True	1
chr17_75033937_75033938	chr17	75033937	75033938	5110	True	1
chr17_75035138_75035139	chr17	75035138	75035139	7736	True	1
chr17_75038965_75038966	chr17	75038965	75038966	4073	True	5
chr17_75778312_75778313	chr17	75778312	75778313	7820	True	6
chr17_76558792_76558793	chr17	76558792	76558793	15065	True	5
chr17_76558806_76558807	chr17	76558806	76558807	15050	True	5
chr17_76558821_76558822	chr17	76558821	76558822	15113	True	5
chr17_76558832_76558833	chr17	76558832	76558833	15123	True	5
chr17_76561111_76561112	chr17	76561111	76561112	16226	True	5
chr17_76561130_76561131	chr17	76561130	76561131	16228	True	5
chr17_76561160_76561161	chr17	76561160	76561161	16178	True	5
chr17_76561635_76561636	chr17	76561635	76561636	18395	True	5
chr17_76561653_76561654	chr17	76561653	76561654	18647	True	3
chr17_76561668_76561669	chr17	76561668	76561669	19345	True	3
chr17_77089305_77089306	chr17	77089305	77089306	24481	True	3
chr17_77089451_77089452	chr17	77089451	77089452	10806	True	5
chr17_81510050_81510051	chr17	81510050	81510051	10576	True	6
chr17_81510075_81510076	chr17	81510075	81510076	13277	True	6
chr17_81510108_81510109	chr17	81510108	81510109	20522	True	6
chr17_81510139_81510140	chr17	81510139	81510140	24666	True	6
chr17_81510212_81510213	chr17	81510212	81510213	35586	True	6
chr17_81510234_81510235	chr17	81510234	81510235	37312	True	6
chr17_81510266_81510267	chr17	81510266	81510267	45743	True	2
chr17_81510324_81510325	chr17	81510324	81510325	35388	True	2
chr17_81510650_81510651	chr17	81510650	81510651	14661	True	2
chr17_81510748_81510749	chr17	81510748	81510749	18032	True	2
chr17_81510778_81510779	chr17	81510778	81510779	17016	True	5
chr17_81510828_81510829	chr17	81510828	81510829	11522	True	5
chr17_81510932_81510933	chr17	81510932	81510933	9374	True	5
chr17_81510962_81510963	chr17	81510962	81510963	12272	True	5
chr17_81510997_81510998	chr17	81510997	81510998	12445	True	5
chr17_81511030_81511031	chr17	81511030	81511031	13548	True	5
chr17_81511098_81511099	chr17	81511098	81511099	11251	True	5
chr17_81511199_81511200	chr17	81511199	81511200	12191	True	5
chr17_81511241_81511242	chr17	81511241	81511242	12933	True	5
chr17_81511468_81511469	chr17	81511468	81511469	19466	True	5
chr17_81511615_81511616	chr17	81511615	81511616	15059	True	5
chr17_81511997_81511998	chr17	81511997	81511998	16642	True	3
chr17_81512065_81512066	chr17	81512065	81512066	20575	True	3
chr17_81512110_81512111	chr17	81512110	81512111	10903	True	3
chr17_81512261_81512262	chr17	81512261	81512262	16640	True	5
chr17_81512351_81512352	chr17	81512351	81512352	17428	True	5
chr17_81512741_81512742	chr17	81512741	81512742	11942	True	3
chr17_81512770_81512771	chr17	81512770	81512771	11888	True	3
chr17_81512801_81512802	chr17	81512801	81512802	11642	True	3
chr17_81846617_81846618	chr17	81846617	81846618	14108	True	5
chr17_81887964_81887965	chr17	81887964	81887965	11942	True	6
chr17_82098237_82098238	chr17	82098237	82098238	3964	True	5
chr17_82239429_82239430	chr17	82239429	82239430	7149	True	4
chr18_3256124_3256125	chr18	3256124	3256125	4449	True	1
chr18_9518208_9518209	chr18	9518208	9518209	14729	True	1
chr18_10300480_10300481	chr18	10300480	10300481	0	False	NA
chr18_26698088_26698089	chr18	26698088	26698089	1350	True	4
chr18_35589201_35589202	chr18	35589201	35589202	1659	True	1
chr18_46084220_46084221	chr18	46084220	46084221	2442	True	1
chr18_49489288_49489289	chr18	49489288	49489289	14550	True	3
chr18_49489309_49489310	chr18	49489309	49489310	14490	True	3
chr18_49489396_49489397	chr18	49489396	49489397	6475	True	3
chr18_49489434_49489435	chr18	49489434	49489435	519	True	4
chr18_49491315_49491316	chr18	49491315	49491316	21131	True	3
chr18_49491348_49491349	chr18	49491348	49491349	21132	True	3
chr18_49491707_49491708	chr18	49491707	49491708	39375	True	3
chr18_49491731_49491732	chr18	49491731	49491732	39991	True	3
chr18_49904818_49904819	chr18	49904818	49904819	95	False	NA
chr18_54222355_54222356	chr18	54222355	54222356	9843	True	5
chr18_54222413_54222414	chr18	54222413	54222414	9817	True	5
chr18_55762007_55762008	chr18	55762007	55762008	0	False	NA
chr18_68858995_68858996	chr18	68858995	68858996	46825	True	4
chr18_69511735_69511736	chr18	69511735	69511736	0	False	NA
chr19_581556_581557	chr19	581556	581557	11098	True	5
chr19_582834_582835	chr19	582834	582835	12100	True	2
chr19_583170_583171	chr19	583170	583171	29311	True	2
chr19_811506_811507	chr19	811506	811507	6762	True	6
chr19_893505_893506	chr19	893505	893506	1538	True	4
chr19_893523_893524	chr19	893523	893524	1538	True	4
chr19_1440366_1440367	chr19	1440366	1440367	7919	True	3
chr19_1440389_1440390	chr19	1440389	1440390	7825	True	3
chr19_2269679_2269680	chr19	2269679	2269680	17528	True	3
chr19_3976093_3976094	chr19	3976093	3976094	15653	True	6
chr19_3976187_3976188	chr19	3976187	3976188	68807	True	2
chr19_3976217_3976218	chr19	3976217	3976218	86421	True	2
chr19_3976254_3976255	chr19	3976254	3976255	75433	True	2
chr19_3976275_3976276	chr19	3976275	3976276	91664	True	2
chr19_3976293_3976294	chr19	3976293	3976294	90766	True	2
chr19_3976371_3976372	chr19	3976371	3976372	52160	True	2
chr19_3976487_3976488	chr19	3976487	3976488	29960	True	2
chr19_3976538_3976539	chr19	3976538	3976539	23800	True	2
chr19_3976683_3976684	chr19	3976683	3976684	25154	True	3
chr19_3977445_3977446	chr19	3977445	3977446	11855	True	3
chr19_3979413_3979414	chr19	3979413	3979414	21753	True	3
chr19_3980560_3980561	chr19	3980560	3980561	20706	True	2
chr19_3980629_3980630	chr19	3980629	3980630	34278	True	2
chr19_3980707_3980708	chr19	3980707	3980708	27010	True	2
chr19_3980874_3980875	chr19	3980874	3980875	21921	True	3
chr19_3980939_3980940	chr19	3980939	3980940	26605	True	3
chr19_3981386_3981387	chr19	3981386	3981387	31999	True	3
chr19_3981432_3981433	chr19	3981432	3981433	31491	True	3
chr19_3981980_3981981	chr19	3981980	3981981	19689	True	3
chr19_3982045_3982046	chr19	3982045	3982046	19795	True	3
chr19_3982265_3982266	chr19	3982265	3982266	25406	True	3
chr19_3982281_3982282	chr19	3982281	3982282	25571	True	3
chr19_3982532_3982533	chr19	3982532	3982533	18874	True	3
chr19_3982551_3982552	chr19	3982551	3982552	18573	True	3
chr19_3982573_3982574	chr19	3982573	3982574	18660	True	3
chr19_3983211_3983212	chr19	3983211	3983212	31985	True	3
chr19_4724673_4724674	chr19	4724673	4724674	5022	True	1
chr19_5691417_5691418	chr19	5691417	5691418	21002	True	3
chr19_5691440_5691441	chr19	5691440	5691441	26696	True	3
chr19_5691546_5691547	chr19	5691546	5691547	13240	True	5
chr19_5691612_5691613	chr19	5691612	5691613	12525	True	5
chr19_6572998_6572999	chr19	6572998	6572999	4090	True	1
chr19_8390139_8390140	chr19	8390139	8390140	175	False	NA
chr19_10107656_10107657	chr19	10107656	10107657	5920	True	5
chr19_10107675_10107676	chr19	10107675	10107676	5786	True	5
chr19_10107694_10107695	chr19	10107694	10107695	5876	True	5
chr19_10109760_10109761	chr19	10109760	10109761	10526	True	3
chr19_10109779_10109780	chr19	10109779	10109780	10221	True	3
chr19_10109802_10109803	chr19	10109802	10109803	10202	True	3
chr19_12703634_12703635	chr19	12703634	12703635	18868	True	5
chr19_12703670_12703671	chr19	12703670	12703671	18969	True	5
chr19_12706474_12706475	chr19	12706474	12706475	10259	True	5
chr19_12706519_12706520	chr19	12706519	12706520	10374	True	5
chr19_12939530_12939531	chr19	12939530	12939531	11906	True	5
chr19_12939578_12939579	chr19	12939578	12939579	8025	True	5
chr19_12939619_12939620	chr19	12939619	12939620	7759	True	6
chr19_12940094_12940095	chr19	12940094	12940095	10884	True	5
chr19_12940357_12940358	chr19	12940357	12940358	24996	True	5
chr19_12940641_12940642	chr19	12940641	12940642	13137	True	5
chr19_12940778_12940779	chr19	12940778	12940779	15796	True	5
chr19_12940827_12940828	chr19	12940827	12940828	15732	True	5
chr19_12943552_12943553	chr19	12943552	12943553	7104	True	5
chr19_12943575_12943576	chr19	12943575	12943576	7363	True	5
chr19_12943623_12943624	chr19	12943623	12943624	7207	True	5
chr19_12943732_12943733	chr19	12943732	12943733	16180	True	3
chr19_12943757_12943758	chr19	12943757	12943758	25138	True	3
chr19_12943783_12943784	chr19	12943783	12943784	41707	True	3
chr19_12943855_12943856	chr19	12943855	12943856	45093	True	3
chr19_12944102_12944103	chr19	12944102	12944103	86751	True	2
chr19_12944124_12944125	chr19	12944124	12944125	80228	True	2
chr19_12944166_12944167	chr19	12944166	12944167	80026	True	2
chr19_12944357_12944358	chr19	12944357	12944358	15415	True	6
chr19_13154219_13154220	chr19	13154219	13154220	9885	True	6
chr19_13836468_13836469	chr19	13836468	13836469	3648	True	4
chr19_13836616_13836617	chr19	13836616	13836617	2028	True	4
chr19_16101540_16101541	chr19	16101540	16101541	4285	True	6
chr19_16101861_16101862	chr19	16101861	16101862	1779	True	5
chr19_16102816_16102817	chr19	16102816	16102817	1570	True	4
chr19_16102844_16102845	chr19	16102844	16102845	1255	True	4
chr19_16102865_16102866	chr19	16102865	16102866	800	True	4
chr19_17686824_17686825	chr19	17686824	17686825	2667	True	4
chr19_17862586_17862587	chr19	17862586	17862587	100782	True	3
chr19_17862618_17862619	chr19	17862618	17862619	103910	True	3
chr19_17862635_17862636	chr19	17862635	17862636	103917	True	3
chr19_17862644_17862645	chr19	17862644	17862645	103848	True	3
chr19_17862661_17862662	chr19	17862661	17862662	103836	True	3
chr19_17862696_17862697	chr19	17862696	17862697	98998	True	3
chr19_17862961_17862962	chr19	17862961	17862962	695	True	4
chr19_18307095_18307096	chr19	18307095	18307096	7294	True	1
chr19_18571863_18571864	chr19	18571863	18571864	10880	True	2
chr19_18574915_18574916	chr19	18574915	18574916	14492	True	3
chr19_18574957_18574958	chr19	18574957	18574958	14461	True	3
chr19_18575068_18575069	chr19	18575068	18575069	24373	True	3
chr19_18575094_18575095	chr19	18575094	18575095	25882	True	3
chr19_18575118_18575119	chr19	18575118	18575119	25815	True	3
chr19_22694858_22694859	chr19	22694858	22694859	31555	True	2
chr19_22694898_22694899	chr19	22694898	22694899	31555	True	2
chr19_34400216_34400217	chr19	34400216	34400217	14439	True	2
chr19_35575801_35575802	chr19	35575801	35575802	5933	True	3
chr19_38836602_38836603	chr19	38836602	38836603	23660	True	2
chr19_38840122_38840123	chr19	38840122	38840123	3951	True	3
chr19_39433282_39433283	chr19	39433282	39433283	22232	True	3
chr19_39433322_39433323	chr19	39433322	39433323	21880	True	3
chr19_39433568_39433569	chr19	39433568	39433569	9915	True	1
chr19_39433670_39433671	chr19	39433670	39433671	17762	True	3
chr19_39433726_39433727	chr19	39433726	39433727	17890	True	3
chr19_39435949_39435950	chr19	39435949	39435950	23817	True	2
chr19_39981395_39981396	chr19	39981395	39981396	2454	True	1
chr19_40548217_40548218	chr19	40548217	40548218	12	False	NA
chr19_41860254_41860255	chr19	41860254	41860255	19928	True	2
chr19_41869097_41869098	chr19	41869097	41869098	35814	True	3
chr19_41869132_41869133	chr19	41869132	41869133	42057	True	3
chr19_41869209_41869210	chr19	41869209	41869210	29367	True	3
chr19_41869713_41869714	chr19	41869713	41869714	10818	True	3
chr19_41869739_41869740	chr19	41869739	41869740	10867	True	3
chr19_45478652_45478653	chr19	45478652	45478653	4861	True	1
chr19_45478688_45478689	chr19	45478688	45478689	4783	True	1
chr19_46775043_46775044	chr19	46775043	46775044	23300	True	2
chr19_47471533_47471534	chr19	47471533	47471534	99	False	NA
chr19_47755851_47755852	chr19	47755851	47755852	21390	True	3
chr19_48330503_48330504	chr19	48330503	48330504	1156	True	1
chr19_48615445_48615446	chr19	48615445	48615446	6779	True	5
chr19_48615891_48615892	chr19	48615891	48615892	6823	True	5
chr19_48615916_48615917	chr19	48615916	48615917	6867	True	5
chr19_48616096_48616097	chr19	48616096	48616097	15984	True	5
chr19_48619177_48619178	chr19	48619177	48619178	9690	True	3
chr19_48965306_48965307	chr19	48965306	48965307	18599	True	3
chr19_48965380_48965381	chr19	48965380	48965381	48254	True	3
chr19_48965398_48965399	chr19	48965398	48965399	64225	True	3
chr19_48965434_48965435	chr19	48965434	48965435	61814	True	3
chr19_48965492_48965493	chr19	48965492	48965493	52012	True	3
chr19_48965776_48965777	chr19	48965776	48965777	37100	True	3
chr19_48965910_48965911	chr19	48965910	48965911	15957	True	3
chr19_48966368_48966369	chr19	48966368	48966369	43378	True	3
chr19_48966613_48966614	chr19	48966613	48966614	48173	True	3
chr19_48966656_48966657	chr19	48966656	48966657	52383	True	3
chr19_48966703_48966704	chr19	48966703	48966704	47005	True	3
chr19_48966726_48966727	chr19	48966726	48966727	47915	True	3
chr19_48966801_48966802	chr19	48966801	48966802	24730	True	2
chr19_48966828_48966829	chr19	48966828	48966829	14583	True	6
chr19_49487608_49487609	chr19	49487608	49487609	21223	True	3
chr19_49489912_49489913	chr19	49489912	49489913	59237	True	3
chr19_49489964_49489965	chr19	49489964	49489965	63647	True	3
chr19_49489989_49489990	chr19	49489989	49489990	63730	True	3
chr19_49490021_49490022	chr19	49490021	49490022	55742	True	3
chr19_49490286_49490287	chr19	49490286	49490287	6709	True	5
chr19_49490510_49490511	chr19	49490510	49490511	25000	True	3
chr19_49490614_49490615	chr19	49490614	49490615	54765	True	2
chr19_49490641_49490642	chr19	49490641	49490642	45202	True	2
chr19_49490656_49490657	chr19	49490656	49490657	45313	True	2
chr19_49490673_49490674	chr19	49490673	49490674	39558	True	2
chr19_49490787_49490788	chr19	49490787	49490788	8821	True	3
chr19_49490905_49490906	chr19	49490905	49490906	49371	True	3
chr19_49490931_49490932	chr19	49490931	49490932	49860	True	3
chr19_49491173_49491174	chr19	49491173	49491174	112015	True	3
chr19_49491190_49491191	chr19	49491190	49491191	112329	True	3
chr19_49491213_49491214	chr19	49491213	49491214	111990	True	3
chr19_49491231_49491232	chr19	49491231	49491232	111947	True	3
chr19_49491481_49491482	chr19	49491481	49491482	2747	True	4
chr19_49491520_49491521	chr19	49491520	49491521	2720	True	4
chr19_49496437_49496438	chr19	49496437	49496438	31181	True	2
chr19_49497539_49497540	chr19	49497539	49497540	20368	True	2
chr19_49497718_49497719	chr19	49497718	49497719	57824	True	3
chr19_49497735_49497736	chr19	49497735	49497736	57791	True	3
chr19_49497748_49497749	chr19	49497748	49497749	57635	True	3
chr19_49497930_49497931	chr19	49497930	49497931	42988	True	2
chr19_49498017_49498018	chr19	49498017	49498018	42485	True	2
chr19_49499534_49499535	chr19	49499534	49499535	23632	True	5
chr19_49499593_49499594	chr19	49499593	49499594	22962	True	5
chr19_49499624_49499625	chr19	49499624	49499625	22807	True	5
chr19_49499642_49499643	chr19	49499642	49499643	13128	True	5
chr19_50799468_50799469	chr19	50799468	50799469	30272	True	3
chr19_50799506_50799507	chr19	50799506	50799507	30101	True	3
chr19_50799530_50799531	chr19	50799530	50799531	29669	True	3
chr19_50802354_50802355	chr19	50802354	50802355	29876	True	3
chr19_50802371_50802372	chr19	50802371	50802372	29657	True	3
chr19_50802386_50802387	chr19	50802386	50802387	29639	True	3
chr19_50802416_50802417	chr19	50802416	50802417	29416	True	3
chr19_51692791_51692792	chr19	51692791	51692792	1405	True	4
chr19_51693266_51693267	chr19	51693266	51693267	3996	True	4
chr19_54200856_54200857	chr19	54200856	54200857	13119	True	3
chr19_54664790_54664791	chr19	54664790	54664791	0	False	NA
chr19_55385931_55385932	chr19	55385931	55385932	15127	True	3
chr19_55386608_55386609	chr19	55386608	55386609	49858	True	2
chr19_55388004_55388005	chr19	55388004	55388005	16601	True	3
chr19_55388033_55388034	chr19	55388033	55388034	16515	True	3
chr19_55388263_55388264	chr19	55388263	55388264	12932	True	3
chr19_55388325_55388326	chr19	55388325	55388326	12630	True	3
chr19_58394540_58394541	chr19	58394540	58394541	17843	True	5
chr19_58394700_58394701	chr19	58394700	58394701	10750	True	5
chr19_58394752_58394753	chr19	58394752	58394753	10918	True	5
chr19_58550660_58550661	chr19	58550660	58550661	8637	True	3
chr2_3575873_3575874	chr2	3575873	3575874	2200	True	1
chr2_10446804_10446805	chr2	10446804	10446805	30000	True	3
chr2_10446852_10446853	chr2	10446852	10446853	29513	True	3
chr2_10784068_10784069	chr2	10784068	10784069	11981	True	6
chr2_24067700_24067701	chr2	24067700	24067701	2868	True	1
chr2_26945495_26945496	chr2	26945495	26945496	0	False	NA
chr2_27050773_27050774	chr2	27050773	27050774	34696	True	2
chr2_27050834_27050835	chr2	27050834	27050835	40716	True	2
chr2_27050854_27050855	chr2	27050854	27050855	40716	True	2
chr2_27051270_27051271	chr2	27051270	27051271	5881	True	2
chr2_28800239_28800240	chr2	28800239	28800240	10128	True	6
chr2_28913662_28913663	chr2	28913662	28913663	32477	True	5
chr2_28913682_28913683	chr2	28913682	28913683	32464	True	5
chr2_28913709_28913710	chr2	28913709	28913710	32464	True	5
chr2_28913722_28913723	chr2	28913722	28913723	32405	True	5
chr2_28927065_28927066	chr2	28927065	28927066	18638	True	5
chr2_28927080_28927081	chr2	28927080	28927081	18638	True	5
chr2_28927108_28927109	chr2	28927108	28927109	18645	True	5
chr2_28927122_28927123	chr2	28927122	28927123	18602	True	5
chr2_28927981_28927982	chr2	28927981	28927982	18444	True	5
chr2_28927999_28928000	chr2	28927999	28928000	18453	True	5
chr2_28928015_28928016	chr2	28928015	28928016	18457	True	5
chr2_28928035_28928036	chr2	28928035	28928036	18428	True	5
chr2_43011136_43011137	chr2	43011136	43011137	28	False	NA
chr2_44244927_44244928	chr2	44244927	44244928	10	False	NA
chr2_47160266_47160267	chr2	47160266	47160267	10497	True	6
chr2_47280794_47280795	chr2	47280794	47280795	1954	True	4
chr2_49285879_49285880	chr2	49285879	49285880	454	True	4
chr2_54973026_54973027	chr2	54973026	54973027	21097	True	6
chr2_54973104_54973105	chr2	54973104	54973105	18444	True	6
chr2_55234955_55234956	chr2	55234955	55234956	1779	True	6
chr2_55235496_55235497	chr2	55235496	55235497	7773	True	6
chr2_59603725_59603726	chr2	59603725	59603726	1672	True	5
chr2_71379809_71379810	chr2	71379809	71379810	5069	True	1
chr2_72721899_72721900	chr2	72721899	72721900	658	True	4
chr2_73385264_73385265	chr2	73385264	73385265	0	False	NA
chr2_77793055_77793056	chr2	77793055	77793056	85	False	NA
chr2_84905654_84905655	chr2	84905654	84905655	5557	True	1
chr2_84905708_84905709	chr2	84905708	84905709	5638	True	1
chr2_84906010_84906011	chr2	84906010	84906011	6843	True	6
chr2_84906030_84906031	chr2	84906030	84906031	7054	True	6
chr2_84906060_84906061	chr2	84906060	84906061	6862	True	6
chr2_84906417_84906418	chr2	84906417	84906418	11277	True	2
chr2_84906440_84906441	chr2	84906440	84906441	17506	True	2
chr2_84906469_84906470	chr2	84906469	84906470	18431	True	2
chr2_84906524_84906525	chr2	84906524	84906525	16397	True	2
chr2_84906568_84906569	chr2	84906568	84906569	9957	True	3
chr2_84906583_84906584	chr2	84906583	84906584	8554	True	3
chr2_84906598_84906599	chr2	84906598	84906599	8509	True	3
chr2_86135869_86135870	chr2	86135869	86135870	28977	True	3
chr2_101002292_101002293	chr2	101002292	101002293	20749	True	2
chr2_101006024_101006025	chr2	101006024	101006025	18575	True	2
chr2_101006065_101006066	chr2	101006065	101006066	16701	True	3
chr2_101006357_101006358	chr2	101006357	101006358	9318	True	6
chr2_101272968_101272969	chr2	101272968	101272969	53439	True	5
chr2_101273048_101273049	chr2	101273048	101273049	53497	True	5
chr2_102724058_102724059	chr2	102724058	102724059	17	False	NA
chr2_113086853_113086854	chr2	113086853	113086854	1089	True	4
chr2_121530879_121530880	chr2	121530879	121530880	48862	True	2
chr2_121530917_121530918	chr2	121530917	121530918	50343	True	2
chr2_121530948_121530949	chr2	121530948	121530949	50343	True	2
chr2_121530977_121530978	chr2	121530977	121530978	50343	True	2
chr2_132253198_132253199	chr2	132253198	132253199	220	True	4
chr2_132255603_132255604	chr2	132255603	132255604	64960	True	2
chr2_132255617_132255618	chr2	132255617	132255618	64956	True	2
chr2_132256116_132256117	chr2	132256116	132256117	1367	True	6
chr2_132256196_132256197	chr2	132256196	132256197	937	True	6
chr2_135136624_135136625	chr2	135136624	135136625	1667	True	4
chr2_136863902_136863903	chr2	136863902	136863903	0	False	NA
chr2_156325077_156325078	chr2	156325077	156325078	5	False	NA
chr2_166962298_166962299	chr2	166962298	166962299	0	False	NA
chr2_171517281_171517282	chr2	171517281	171517282	273	True	4
chr2_171517343_171517344	chr2	171517343	171517344	282	True	4
chr2_174558074_174558075	chr2	174558074	174558075	8856	True	1
chr2_187467038_187467039	chr2	187467038	187467039	1458	True	4
chr2_187484926_187484927	chr2	187484926	187484927	7722	True	4
chr2_188984876_188984877	chr2	188984876	188984877	0	False	NA
chr2_189011876_189011877	chr2	189011876	189011877	132	False	NA
chr2_189011985_189011986	chr2	189011985	189011986	331	True	4
chr2_191311366_191311367	chr2	191311366	191311367	23	False	NA
chr2_196332414_196332415	chr2	196332414	196332415	0	False	NA
chr2_197486739_197486740	chr2	197486739	197486740	5442	True	6
chr2_197487022_197487023	chr2	197487022	197487023	1547	True	5
chr2_197487887_197487888	chr2	197487887	197487888	5052	True	5
chr2_197487921_197487922	chr2	197487921	197487922	5070	True	5
chr2_197488349_197488350	chr2	197488349	197488350	5917	True	6
chr2_197489027_197489028	chr2	197489027	197489028	6369	True	6
chr2_197489067_197489068	chr2	197489067	197489068	7122	True	6
chr2_197489092_197489093	chr2	197489092	197489093	7052	True	6
chr2_197489147_197489148	chr2	197489147	197489148	6585	True	5
chr2_197490216_197490217	chr2	197490216	197490217	4054	True	5
chr2_197493389_197493390	chr2	197493389	197493390	6698	True	5
chr2_197493437_197493438	chr2	197493437	197493438	6528	True	5
chr2_197493463_197493464	chr2	197493463	197493464	6348	True	5
chr2_197494173_197494174	chr2	197494173	197494174	2552	True	6
chr2_197494219_197494220	chr2	197494219	197494220	2112	True	5
chr2_197494699_197494700	chr2	197494699	197494700	5915	True	5
chr2_197494741_197494742	chr2	197494741	197494742	6100	True	5
chr2_197495311_197495312	chr2	197495311	197495312	4337	True	6
chr2_197495339_197495340	chr2	197495339	197495340	2893	True	6
chr2_197497204_197497205	chr2	197497204	197497205	9426	True	5
chr2_197497379_197497380	chr2	197497379	197497380	6942	True	6
chr2_197498690_197498691	chr2	197498690	197498691	4205	True	5
chr2_197498710_197498711	chr2	197498710	197498711	5159	True	5
chr2_197499839_197499840	chr2	197499839	197499840	7096	True	5
chr2_197500401_197500402	chr2	197500401	197500402	3956	True	6
chr2_197501229_197501230	chr2	197501229	197501230	1418	True	1
chr2_197503217_197503218	chr2	197503217	197503218	2933	True	1
chr2_197503261_197503262	chr2	197503261	197503262	3323	True	1
chr2_197503286_197503287	chr2	197503286	197503287	3184	True	1
chr2_197503316_197503317	chr2	197503316	197503317	3056	True	1
chr2_200813217_200813218	chr2	200813217	200813218	713	True	4
chr2_200830033_200830034	chr2	200830033	200830034	21536	True	2
chr2_202276437_202276438	chr2	202276437	202276438	21776	True	5
chr2_202276454_202276455	chr2	202276454	202276455	21837	True	5
chr2_202276469_202276470	chr2	202276469	202276470	21832	True	5
chr2_202276484_202276485	chr2	202276484	202276485	21832	True	5
chr2_202278114_202278115	chr2	202278114	202278115	23637	True	3
chr2_202278131_202278132	chr2	202278131	202278132	23929	True	3
chr2_202278146_202278147	chr2	202278146	202278147	23614	True	3
chr2_202291333_202291334	chr2	202291333	202291334	31604	True	3
chr2_202291357_202291358	chr2	202291357	202291358	31266	True	3
chr2_202291394_202291395	chr2	202291394	202291395	30699	True	3
chr2_202293052_202293053	chr2	202293052	202293053	13234	True	6
chr2_202293070_202293071	chr2	202293070	202293071	13237	True	6
chr2_202293090_202293091	chr2	202293090	202293091	13191	True	6
chr2_202293108_202293109	chr2	202293108	202293109	13126	True	6
chr2_202976984_202976985	chr2	202976984	202976985	0	False	NA
chr2_206071330_206071331	chr2	206071330	206071331	85	False	NA
chr2_206161880_206161881	chr2	206161880	206161881	9015	True	5
chr2_206161911_206161912	chr2	206161911	206161912	9075	True	5
chr2_206162226_206162227	chr2	206162226	206162227	90807	True	3
chr2_206162255_206162256	chr2	206162255	206162256	92153	True	3
chr2_206162276_206162277	chr2	206162276	206162277	92150	True	3
chr2_206162321_206162322	chr2	206162321	206162322	92142	True	3
chr2_209630989_209630990	chr2	209630989	209630990	354	True	4
chr2_210591905_210591906	chr2	210591905	210591906	362	True	4
chr2_210678014_210678015	chr2	210678014	210678015	276	True	4
chr2_211775713_211775714	chr2	211775713	211775714	14	False	NA
chr2_213714201_213714202	chr2	213714201	213714202	29	False	NA
chr2_216205277_216205278	chr2	216205277	216205278	4409	True	5
chr2_216268245_216268246	chr2	216268245	216268246	0	False	NA
chr2_216498842_216498843	chr2	216498842	216498843	19905	True	2
chr2_216499276_216499277	chr2	216499276	216499277	26437	True	2
chr2_216499317_216499318	chr2	216499317	216499318	29963	True	2
chr2_216499353_216499354	chr2	216499353	216499354	29967	True	2
chr2_216499388_216499389	chr2	216499388	216499389	28716	True	2
chr2_216499955_216499956	chr2	216499955	216499956	29999	True	3
chr2_216499989_216499990	chr2	216499989	216499990	30111	True	3
chr2_216500026_216500027	chr2	216500026	216500027	30351	True	3
chr2_216501349_216501350	chr2	216501349	216501350	14286	True	2
chr2_216501370_216501371	chr2	216501370	216501371	14498	True	2
chr2_216501412_216501413	chr2	216501412	216501413	15529	True	2
chr2_218402656_218402657	chr2	218402656	218402657	11423	True	4
chr2_223975534_223975535	chr2	223975534	223975535	196	False	NA
chr2_229180911_229180912	chr2	229180911	229180912	79497	True	2
chr2_229181001_229181002	chr2	229181001	229181002	68583	True	2
chr2_229181017_229181018	chr2	229181017	229181018	61639	True	2
chr2_231454852_231454853	chr2	231454852	231454853	16252	True	6
chr2_231454951_231454952	chr2	231454951	231454952	13242	True	6
chr2_231455043_231455044	chr2	231455043	231455044	6945	True	6
chr2_231455137_231455138	chr2	231455137	231455138	8294	True	3
chr2_231455542_231455543	chr2	231455542	231455543	14315	True	6
chr2_231455822_231455823	chr2	231455822	231455823	72640	True	2
chr2_231455835_231455836	chr2	231455835	231455836	88815	True	2
chr2_231455851_231455852	chr2	231455851	231455852	92811	True	2
chr2_231455894_231455895	chr2	231455894	231455895	93180	True	2
chr2_231455937_231455938	chr2	231455937	231455938	90806	True	3
chr2_231456040_231456041	chr2	231456040	231456041	9242	True	6
chr2_231456123_231456124	chr2	231456123	231456124	8935	True	6
chr2_231456478_231456479	chr2	231456478	231456479	42986	True	3
chr2_231456493_231456494	chr2	231456493	231456494	42974	True	3
chr2_231456507_231456508	chr2	231456507	231456508	43287	True	3
chr2_231456524_231456525	chr2	231456524	231456525	43333	True	3
chr2_231457708_231457709	chr2	231457708	231457709	13704	True	3
chr2_231457788_231457789	chr2	231457788	231457789	12425	True	3
chr2_231460247_231460248	chr2	231460247	231460248	10122	True	5
chr2_231460411_231460412	chr2	231460411	231460412	19580	True	5
chr2_231460425_231460426	chr2	231460425	231460426	23256	True	3
chr2_231460439_231460440	chr2	231460439	231460440	29651	True	3
chr2_231460557_231460558	chr2	231460557	231460558	19646	True	5
chr2_231460688_231460689	chr2	231460688	231460689	29904	True	5
chr2_231460745_231460746	chr2	231460745	231460746	31436	True	5
chr2_231460846_231460847	chr2	231460846	231460847	14473	True	5
chr2_231461575_231461576	chr2	231461575	231461576	19371	True	5
chr2_231463289_231463290	chr2	231463289	231463290	24829	True	3
chr2_231464369_231464370	chr2	231464369	231464370	11626	True	5
chr2_231502202_231502203	chr2	231502202	231502203	357	True	4
chr2_231708526_231708527	chr2	231708526	231708527	13436	True	3
chr2_231708558_231708559	chr2	231708558	231708559	13436	True	3
chr2_231708669_231708670	chr2	231708669	231708670	1934	True	1
chr2_231711893_231711894	chr2	231711893	231711894	12140	True	3
chr2_231711921_231711922	chr2	231711921	231711922	12114	True	3
chr2_231712462_231712463	chr2	231712462	231712463	17443	True	5
chr2_231712485_231712486	chr2	231712485	231712486	17506	True	5
chr2_231712849_231712850	chr2	231712849	231712850	4741	True	6
chr2_231712925_231712926	chr2	231712925	231712926	4464	True	6
chr2_231712948_231712949	chr2	231712948	231712949	4447	True	6
chr2_231713137_231713138	chr2	231713137	231713138	2446	True	4
chr2_233275857_233275858	chr2	233275857	233275858	157620	True	5
chr2_233275885_233275886	chr2	233275885	233275886	151885	True	5
chr2_233275928_233275929	chr2	233275928	233275929	138755	True	5
chr2_238161711_238161712	chr2	238161711	238161712	11	False	NA
chr20_416907_416908	chr20	416907	416908	4937	True	4
chr20_2462994_2462995	chr20	2462994	2462995	12294	True	5
chr20_2463015_2463016	chr20	2463015	2463016	13174	True	5
chr20_2463036_2463037	chr20	2463036	2463037	13192	True	5
chr20_2654210_2654211	chr20	2654210	2654211	44376	True	3
chr20_2654235_2654236	chr20	2654235	2654236	44475	True	3
chr20_2654259_2654260	chr20	2654259	2654260	44059	True	3
chr20_2655064_2655065	chr20	2655064	2655065	140827	True	3
chr20_2655098_2655099	chr20	2655098	2655099	141606	True	3
chr20_2655113_2655114	chr20	2655113	2655114	141358	True	3
chr20_2655138_2655139	chr20	2655138	2655139	141417	True	3
chr20_2656622_2656623	chr20	2656622	2656623	73545	True	3
chr20_2656937_2656938	chr20	2656937	2656938	54054	True	3
chr20_2656973_2656974	chr20	2656973	2656974	53776	True	3
chr20_5890056_5890057	chr20	5890056	5890057	1818	True	5
chr20_9356938_9356939	chr20	9356938	9356939	5	False	NA
chr20_11924741_11924742	chr20	11924741	11924742	1125	True	4
chr20_16670689_16670690	chr20	16670689	16670690	14720	True	1
chr20_17187547_17187548	chr20	17187547	17187548	1240	True	4
chr20_17962786_17962787	chr20	17962786	17962787	115763	True	3
chr20_17962947_17962948	chr20	17962947	17962948	110964	True	3
chr20_21166213_21166214	chr20	21166213	21166214	241	True	4
chr20_29741540_29741541	chr20	29741540	29741541	633	True	4
chr20_30485005_30485006	chr20	30485005	30485006	1591	True	1
chr20_30485068_30485069	chr20	30485068	30485069	947	True	4
chr20_31901254_31901255	chr20	31901254	31901255	3175	True	1
chr20_37386439_37386440	chr20	37386439	37386440	2331	True	4
chr20_38425216_38425217	chr20	38425216	38425217	38700	True	5
chr20_38425233_38425234	chr20	38425233	38425234	46325	True	5
chr20_38425253_38425254	chr20	38425253	38425254	46481	True	3
chr20_38425268_38425269	chr20	38425268	38425269	46493	True	3
chr20_38425286_38425287	chr20	38425286	38425287	46497	True	3
chr20_38425301_38425302	chr20	38425301	38425302	46509	True	3
chr20_38425333_38425334	chr20	38425333	38425334	40216	True	3
chr20_38427340_38427341	chr20	38427340	38427341	22659	True	5
chr20_38427365_38427366	chr20	38427365	38427366	25864	True	3
chr20_38427396_38427397	chr20	38427396	38427397	25929	True	3
chr20_38427417_38427418	chr20	38427417	38427418	25945	True	3
chr20_38427444_38427445	chr20	38427444	38427445	24752	True	3
chr20_38429691_38429692	chr20	38429691	38429692	16430	True	5
chr20_38429705_38429706	chr20	38429705	38429706	19776	True	5
chr20_38429806_38429807	chr20	38429806	38429807	15032	True	3
chr20_38433893_38433894	chr20	38433893	38433894	27569	True	3
chr20_38433922_38433923	chr20	38433922	38433923	31831	True	3
chr20_38433953_38433954	chr20	38433953	38433954	31824	True	3
chr20_38434000_38434001	chr20	38434000	38434001	28099	True	3
chr20_41568059_41568060	chr20	41568059	41568060	6364	True	1
chr20_44413976_44413977	chr20	44413976	44413977	374	True	4
chr20_49278944_49278945	chr20	49278944	49278945	82179	True	3
chr20_49278963_49278964	chr20	49278963	49278964	82766	True	3
chr20_49278983_49278984	chr20	49278983	49278984	82864	True	3
chr20_49278997_49278998	chr20	49278997	49278998	83821	True	3
chr20_49280323_49280324	chr20	49280323	49280324	107299	True	3
chr20_49280343_49280344	chr20	49280343	49280344	108140	True	3
chr20_49280360_49280361	chr20	49280360	49280361	108325	True	3
chr20_49280375_49280376	chr20	49280375	49280376	108544	True	3
chr20_49280686_49280687	chr20	49280686	49280687	54164	True	3
chr20_49280708_49280709	chr20	49280708	49280709	54049	True	3
chr20_49280738_49280739	chr20	49280738	49280739	53655	True	3
chr20_53375816_53375817	chr20	53375816	53375817	0	False	NA
chr20_58895672_58895673	chr20	58895672	58895673	7765	True	5
chr20_58903680_58903681	chr20	58903680	58903681	10564	True	5
chr20_58910061_58910062	chr20	58910061	58910062	9881	True	5
chr20_58910847_58910848	chr20	58910847	58910848	14211	True	6
chr20_58910891_58910892	chr20	58910891	58910892	27399	True	2
chr20_58910990_58910991	chr20	58910990	58910991	30952	True	2
chr20_58911005_58911006	chr20	58911005	58911006	27592	True	2
chr20_58911072_58911073	chr20	58911072	58911073	19900	True	2
chr20_58911137_58911138	chr20	58911137	58911138	4252	True	1
chr20_58995241_58995242	chr20	58995241	58995242	780	True	1
chr20_59030345_59030346	chr20	59030345	59030346	7530	True	3
chr20_62136775_62136776	chr20	62136775	62136776	5621	True	6
chr20_62136826_62136827	chr20	62136826	62136827	8453	True	6
chr20_62136943_62136944	chr20	62136943	62136944	4621	True	5
chr20_62387104_62387105	chr20	62387104	62387105	13648	True	2
chr20_62387883_62387884	chr20	62387883	62387884	20204	True	6
chr20_62388325_62388326	chr20	62388325	62388326	11370	True	6
chr20_62388356_62388357	chr20	62388356	62388357	11613	True	6
chr20_62388460_62388461	chr20	62388460	62388461	5557	True	6
chr20_62388475_62388476	chr20	62388475	62388476	5566	True	6
chr21_8209735_8209736	chr21	8209735	8209736	436	True	4
chr21_8213933_8213934	chr21	8213933	8213934	123	False	NA
chr21_8213949_8213950	chr21	8213949	8213950	770	True	4
chr21_8214652_8214653	chr21	8214652	8214653	172	False	NA
chr21_8214669_8214670	chr21	8214669	8214670	172	False	NA
chr21_8216280_8216281	chr21	8216280	8216281	5496	True	2
chr21_8216344_8216345	chr21	8216344	8216345	5502	True	2
chr21_8397574_8397575	chr21	8397574	8397575	119889	True	3
chr21_8397609_8397610	chr21	8397609	8397610	120215	True	3
chr21_8397645_8397646	chr21	8397645	8397646	121353	True	3
chr21_8397944_8397945	chr21	8397944	8397945	6094	True	3
chr21_8401643_8401644	chr21	8401643	8401644	22002	True	3
chr21_8401672_8401673	chr21	8401672	8401673	22163	True	3
chr21_8401692_8401693	chr21	8401692	8401693	24170	True	2
chr21_8401793_8401794	chr21	8401793	8401794	14328	True	2
chr21_8443243_8443244	chr21	8443243	8443244	8935	True	4
chr21_8443261_8443262	chr21	8443261	8443262	8935	True	4
chr21_8443272_8443273	chr21	8443272	8443273	8935	True	4
chr21_8443289_8443290	chr21	8443289	8443290	8935	True	4
chr21_16539100_16539101	chr21	16539100	16539101	609	True	4
chr21_16539836_16539837	chr21	16539836	16539837	318	True	4
chr21_29185689_29185690	chr21	29185689	29185690	0	False	NA
chr21_31668613_31668614	chr21	31668613	31668614	6046	True	6
chr21_32377218_32377219	chr21	32377218	32377219	9998	True	5
chr21_32377268_32377269	chr21	32377268	32377269	10542	True	5
chr21_32377309_32377310	chr21	32377309	32377310	10534	True	5
chr21_32377325_32377326	chr21	32377325	32377326	9605	True	5
chr22_17414264_17414265	chr22	17414264	17414265	0	False	NA
chr22_20126398_20126399	chr22	20126398	20126399	89064	True	3
chr22_20126427_20126428	chr22	20126427	20126428	89292	True	3
chr22_20126442_20126443	chr22	20126442	20126443	88732	True	3
chr22_20126464_20126465	chr22	20126464	20126465	88501	True	3
chr22_20126493_20126494	chr22	20126493	20126494	87822	True	3
chr22_20127102_20127103	chr22	20127102	20127103	26818	True	1
chr22_23895141_23895142	chr22	23895141	23895142	12995	True	5
chr22_23895186_23895187	chr22	23895186	23895187	8009	True	5
chr22_29333247_29333248	chr22	29333247	29333248	2556	True	5
chr22_36281680_36281681	chr22	36281680	36281681	2766	True	6
chr22_37679661_37679662	chr22	37679661	37679662	2346	True	1
chr22_37679745_37679746	chr22	37679745	37679746	1147	True	4
chr22_38485817_38485818	chr22	38485817	38485818	17005	True	3
chr22_39313256_39313257	chr22	39313256	39313257	1401	True	4
chr22_39313853_39313854	chr22	39313853	39313854	42521	True	3
chr22_39313876_39313877	chr22	39313876	39313877	42586	True	3
chr22_39313909_39313910	chr22	39313909	39313910	42513	True	3
chr22_39314181_39314182	chr22	39314181	39314182	21750	True	3
chr22_39314205_39314206	chr22	39314205	39314206	21487	True	3
chr22_39314712_39314713	chr22	39314712	39314713	15055	True	2
chr22_39315243_39315244	chr22	39315243	39315244	35010	True	3
chr22_39315272_39315273	chr22	39315272	39315273	35248	True	3
chr22_39315305_39315306	chr22	39315305	39315306	36644	True	3
chr22_39317500_39317501	chr22	39317500	39317501	32772	True	3
chr22_39319114_39319115	chr22	39319114	39319115	13391	True	5
chr22_39319624_39319625	chr22	39319624	39319625	4819	True	3
chr22_39520563_39520564	chr22	39520563	39520564	10281	True	3
chr22_41636220_41636221	chr22	41636220	41636221	2434	True	5
chr22_42615242_42615243	chr22	42615242	42615243	331205	True	2
chr22_42615255_42615256	chr22	42615255	42615256	332233	True	2
chr22_42615304_42615305	chr22	42615304	42615305	425960	True	2
chr22_42615319_42615320	chr22	42615319	42615320	425977	True	2
chr22_42615360_42615361	chr22	42615360	42615361	378105	True	2
chr22_46112749_46112750	chr22	46112749	46112750	1025	True	4
chr22_46113689_46113690	chr22	46113689	46113690	1424	True	4
chr22_50210707_50210708	chr22	50210707	50210708	350	True	4
chr3_838791_838792	chr3	838791	838792	0	False	NA
chr3_9806528_9806529	chr3	9806528	9806529	14098	True	6
chr3_12836139_12836140	chr3	12836139	12836140	19764	True	3
chr3_12836194_12836195	chr3	12836194	12836195	19111	True	3
chr3_12836221_12836222	chr3	12836221	12836222	16488	True	3
chr3_12839475_12839476	chr3	12839475	12839476	22998	True	2
chr3_12840150_12840151	chr3	12840150	12840151	22193	True	3
chr3_12840195_12840196	chr3	12840195	12840196	22400	True	3
chr3_12840217_12840218	chr3	12840217	12840218	22426	True	3
chr3_12840347_12840348	chr3	12840347	12840348	12788	True	4
chr3_12840366_12840367	chr3	12840366	12840367	18223	True	4
chr3_12840389_12840390	chr3	12840389	12840390	17944	True	4
chr3_12840401_12840402	chr3	12840401	12840402	17944	True	4
chr3_12840419_12840420	chr3	12840419	12840420	17825	True	4
chr3_12840435_12840436	chr3	12840435	12840436	17808	True	4
chr3_12840450_12840451	chr3	12840450	12840451	11396	True	4
chr3_12841501_12841502	chr3	12841501	12841502	15344	True	3
chr3_12841521_12841522	chr3	12841521	12841522	15310	True	3
chr3_12841541_12841542	chr3	12841541	12841542	15222	True	3
chr3_13378598_13378599	chr3	13378598	13378599	275	True	4
chr3_23919474_23919475	chr3	23919474	23919475	4862	True	5
chr3_23919496_23919497	chr3	23919496	23919497	1625	True	1
chr3_37961214_37961215	chr3	37961214	37961215	5	False	NA
chr3_39406719_39406720	chr3	39406719	39406720	9056	True	3
chr3_39408388_39408389	chr3	39408388	39408389	145488	True	3
chr3_39408423_39408424	chr3	39408423	39408424	174681	True	3
chr3_39408462_39408463	chr3	39408462	39408463	174582	True	3
chr3_39408476_39408477	chr3	39408476	39408477	174512	True	3
chr3_39408503_39408504	chr3	39408503	39408504	158749	True	3
chr3_39408516_39408517	chr3	39408516	39408517	158302	True	3
chr3_39411053_39411054	chr3	39411053	39411054	175855	True	3
chr3_39411089_39411090	chr3	39411089	39411090	195093	True	3
chr3_39411127_39411128	chr3	39411127	39411128	195032	True	3
chr3_39411144_39411145	chr3	39411144	39411145	195042	True	3
chr3_39411170_39411171	chr3	39411170	39411171	165892	True	3
chr3_39411182_39411183	chr3	39411182	39411183	164617	True	3
chr3_40458719_40458720	chr3	40458719	40458720	25702	True	2
chr3_40461419_40461420	chr3	40461419	40461420	9539	True	3
chr3_40461453_40461454	chr3	40461453	40461454	9681	True	3
chr3_40461484_40461485	chr3	40461484	40461485	9401	True	3
chr3_40461634_40461635	chr3	40461634	40461635	23482	True	2
chr3_40462065_40462066	chr3	40462065	40462066	36390	True	3
chr3_40462087_40462088	chr3	40462087	40462088	36395	True	3
chr3_40462113_40462114	chr3	40462113	40462114	36395	True	3
chr3_40462140_40462141	chr3	40462140	40462141	36385	True	3
chr3_40462240_40462241	chr3	40462240	40462241	2793	True	1
chr3_41239935_41239936	chr3	41239935	41239936	12441	True	6
chr3_41240025_41240026	chr3	41240025	41240026	12420	True	6
chr3_42221894_42221895	chr3	42221894	42221895	703	True	4
chr3_45689020_45689021	chr3	45689020	45689021	16900	True	1
chr3_49360007_49360008	chr3	49360007	49360008	7544	True	6
chr3_51993766_51993767	chr3	51993766	51993767	8748	True	2
chr3_51993804_51993805	chr3	51993804	51993805	9967	True	2
chr3_51993834_51993835	chr3	51993834	51993835	14802	True	2
chr3_51993937_51993938	chr3	51993937	51993938	7759	True	5
chr3_51995895_51995896	chr3	51995895	51995896	8068	True	3
chr3_52268359_52268360	chr3	52268359	52268360	2489	True	4
chr3_52688889_52688890	chr3	52688889	52688890	2515	True	1
chr3_52688910_52688911	chr3	52688910	52688911	2466	True	1
chr3_52690751_52690752	chr3	52690751	52690752	3784	True	5
chr3_52690777_52690778	chr3	52690777	52690778	3786	True	5
chr3_52691376_52691377	chr3	52691376	52691377	10612	True	6
chr3_52691401_52691402	chr3	52691401	52691402	10442	True	6
chr3_52692741_52692742	chr3	52692741	52692742	5564	True	5
chr3_52692784_52692785	chr3	52692784	52692785	5762	True	5
chr3_52693462_52693463	chr3	52693462	52693463	4252	True	5
chr3_53225692_53225693	chr3	53225692	53225693	3401	True	1
chr3_53225720_53225721	chr3	53225720	53225721	3879	True	1
chr3_53225768_53225769	chr3	53225768	53225769	4206	True	1
chr3_53225807_53225808	chr3	53225807	53225808	5109	True	1
chr3_53226763_53226764	chr3	53226763	53226764	3329	True	5
chr3_53226873_53226874	chr3	53226873	53226874	2361	True	5
chr3_53228330_53228331	chr3	53228330	53228331	2619	True	5
chr3_53228348_53228349	chr3	53228348	53228349	2619	True	5
chr3_53229372_53229373	chr3	53229372	53229373	4486	True	5
chr3_53230511_53230512	chr3	53230511	53230512	3383	True	5
chr3_53231532_53231533	chr3	53231532	53231533	3795	True	5
chr3_53233177_53233178	chr3	53233177	53233178	3071	True	5
chr3_53242195_53242196	chr3	53242195	53242196	3631	True	5
chr3_53255873_53255874	chr3	53255873	53255874	2861	True	5
chr3_54993503_54993504	chr3	54993503	54993504	203	True	4
chr3_56330054_56330055	chr3	56330054	56330055	0	False	NA
chr3_59868597_59868598	chr3	59868597	59868598	0	False	NA
chr3_73111059_73111060	chr3	73111059	73111060	24093	True	6
chr3_76286576_76286577	chr3	76286576	76286577	0	False	NA
chr3_96841437_96841438	chr3	96841437	96841438	0	False	NA
chr3_101682836_101682837	chr3	101682836	101682837	2365	True	6
chr3_101685840_101685841	chr3	101685840	101685841	9498	True	3
chr3_101685920_101685921	chr3	101685920	101685921	9378	True	3
chr3_101686715_101686716	chr3	101686715	101686716	11345	True	3
chr3_101815259_101815260	chr3	101815259	101815260	17	False	NA
chr3_111457421_111457422	chr3	111457421	111457422	13	False	NA
chr3_120055319_120055320	chr3	120055319	120055320	17	False	NA
chr3_120394333_120394334	chr3	120394333	120394334	536	True	4
chr3_120394372_120394373	chr3	120394372	120394373	653	True	4
chr3_120395104_120395105	chr3	120395104	120395105	264	True	4
chr3_120396219_120396220	chr3	120396219	120396220	2227	True	4
chr3_129169697_129169698	chr3	129169697	129169698	3282	True	6
chr3_129170267_129170268	chr3	129170267	129170268	13859	True	6
chr3_129315116_129315117	chr3	129315116	129315117	16119	True	3
chr3_129397348_129397349	chr3	129397348	129397349	2982	True	4
chr3_129597313_129597314	chr3	129597313	129597314	80	False	NA
chr3_133819931_133819932	chr3	133819931	133819932	2705	True	6
chr3_141926118_141926119	chr3	141926118	141926119	2392	True	1
chr3_146069706_146069707	chr3	146069706	146069707	8181	True	4
chr3_149369103_149369104	chr3	149369103	149369104	3517	True	4
chr3_149369173_149369174	chr3	149369173	149369174	4927	True	4
chr3_149369508_149369509	chr3	149369508	149369509	7078	True	4
chr3_149369655_149369656	chr3	149369655	149369656	7829	True	4
chr3_149369809_149369810	chr3	149369809	149369810	6102	True	4
chr3_149371786_149371787	chr3	149371786	149371787	5798	True	4
chr3_149377467_149377468	chr3	149377467	149377468	5852	True	4
chr3_149377610_149377611	chr3	149377610	149377611	6047	True	4
chr3_151188096_151188097	chr3	151188096	151188097	4456	True	1
chr3_156047105_156047106	chr3	156047105	156047106	7	False	NA
chr3_160404606_160404607	chr3	160404606	160404607	9816	True	3
chr3_160514963_160514964	chr3	160514963	160514964	85341	True	3
chr3_160514990_160514991	chr3	160514990	160514991	103782	True	3
chr3_160515008_160515009	chr3	160515008	160515009	185875	True	3
chr3_160515159_160515160	chr3	160515159	160515160	175130	True	3
chr3_160515199_160515200	chr3	160515199	160515200	73159	True	3
chr3_160515238_160515239	chr3	160515238	160515239	28751	True	3
chr3_168475270_168475271	chr3	168475270	168475271	2518	True	4
chr3_168504159_168504160	chr3	168504159	168504160	0	False	NA
chr3_169764634_169764635	chr3	169764634	169764635	16828	True	3
chr3_169764651_169764652	chr3	169764651	169764652	17104	True	3
chr3_169764700_169764701	chr3	169764700	169764701	17469	True	3
chr3_169764732_169764733	chr3	169764732	169764733	19725	True	3
chr3_169764773_169764774	chr3	169764773	169764774	14731	True	5
chr3_169764902_169764903	chr3	169764902	169764903	22631	True	3
chr3_169765017_169765018	chr3	169765017	169765018	18552	True	3
chr3_169765044_169765045	chr3	169765044	169765045	18306	True	3
chr3_179779707_179779708	chr3	179779707	179779708	3935	True	3
chr3_181231735_181231736	chr3	181231735	181231736	5361	True	6
chr3_181822992_181822993	chr3	181822992	181822993	18143	True	1
chr3_184322687_184322688	chr3	184322687	184322688	4224	True	5
chr3_184325694_184325695	chr3	184325694	184325695	22912	True	3
chr3_184325712_184325713	chr3	184325712	184325713	22484	True	3
chr3_184325727_184325728	chr3	184325727	184325728	22413	True	3
chr3_184335211_184335212	chr3	184335211	184335212	12982	True	3
chr3_185204692_185204693	chr3	185204692	185204693	134	False	NA
chr3_186784796_186784797	chr3	186784796	186784797	54942	True	3
chr3_186784816_186784817	chr3	186784816	186784817	55043	True	3
chr3_186786321_186786322	chr3	186786321	186786322	7737	True	3
chr3_186786358_186786359	chr3	186786358	186786359	7066	True	1
chr3_186786408_186786409	chr3	186786408	186786409	7294	True	1
chr3_186786674_186786675	chr3	186786674	186786675	370098	True	3
chr3_186786685_186786686	chr3	186786685	186786686	381315	True	3
chr3_186786739_186786740	chr3	186786739	186786740	409684	True	3
chr3_186786777_186786778	chr3	186786777	186786778	402114	True	3
chr3_186786807_186786808	chr3	186786807	186786808	352806	True	3
chr3_186787297_186787298	chr3	186787297	186787298	69163	True	3
chr3_186787310_186787311	chr3	186787310	186787311	91845	True	3
chr3_186787329_186787330	chr3	186787329	186787330	91480	True	3
chr3_186787357_186787358	chr3	186787357	186787358	91970	True	3
chr3_186787375_186787376	chr3	186787375	186787376	91888	True	3
chr3_186787397_186787398	chr3	186787397	186787398	92258	True	3
chr3_186787611_186787612	chr3	186787611	186787612	20674	True	3
chr3_186787657_186787658	chr3	186787657	186787658	18506	True	3
chr3_186787714_186787715	chr3	186787714	186787715	18261	True	3
chr3_187999938_187999939	chr3	187999938	187999939	0	False	NA
chr3_192647578_192647579	chr3	192647578	192647579	2486	True	4
chr3_193655777_193655778	chr3	193655777	193655778	2297	True	1
chr3_196049864_196049865	chr3	196049864	196049865	10832	True	3
chr3_196064343_196064344	chr3	196064343	196064344	9386	True	6
chr3_197460220_197460221	chr3	197460220	197460221	24	False	NA
chr3_197950191_197950192	chr3	197950191	197950192	8529	True	6
chr3_197951181_197951182	chr3	197951181	197951182	14153	True	2
chr3_197951270_197951271	chr3	197951270	197951271	19817	True	2
chr3_197951299_197951300	chr3	197951299	197951300	12638	True	2
chr3_197954036_197954037	chr3	197954036	197954037	16071	True	2
chr3_197954112_197954113	chr3	197954112	197954113	12425	True	2
chr4_1974634_1974635	chr4	1974634	1974635	39521	True	5
chr4_7582535_7582536	chr4	7582535	7582536	81443	True	3
chr4_7582555_7582556	chr4	7582555	7582556	81366	True	3
chr4_7582570_7582571	chr4	7582570	7582571	81190	True	3
chr4_7582591_7582592	chr4	7582591	7582592	79957	True	3
chr4_7582606_7582607	chr4	7582606	7582607	79929	True	3
chr4_8393082_8393083	chr4	8393082	8393083	2244	True	1
chr4_22702907_22702908	chr4	22702907	22702908	0	False	NA
chr4_34015034_34015035	chr4	34015034	34015035	233	True	4
chr4_41615293_41615294	chr4	41615293	41615294	1346	True	1
chr4_52712618_52712619	chr4	52712618	52712619	53071	True	3
chr4_52712665_52712666	chr4	52712665	52712666	52647	True	3
chr4_52713236_52713237	chr4	52713236	52713237	55757	True	3
chr4_52713287_52713288	chr4	52713287	52713288	56544	True	3
chr4_52713309_52713310	chr4	52713309	52713310	56509	True	3
chr4_52713334_52713335	chr4	52713334	52713335	56514	True	3
chr4_57031133_57031134	chr4	57031133	57031134	235	True	4
chr4_57031169_57031170	chr4	57031169	57031170	318	True	4
chr4_57110384_57110385	chr4	57110384	57110385	0	False	NA
chr4_68376607_68376608	chr4	68376607	68376608	221	True	4
chr4_81594303_81594304	chr4	81594303	81594304	108	False	NA
chr4_82353875_82353876	chr4	82353875	82353876	16547	True	6
chr4_82357382_82357383	chr4	82357382	82357383	4240	True	5
chr4_82371568_82371569	chr4	82371568	82371569	2507	True	1
chr4_82373911_82373912	chr4	82373911	82373912	26692	True	3
chr4_82427508_82427509	chr4	82427508	82427509	7542	True	5
chr4_82895891_82895892	chr4	82895891	82895892	12415	True	3
chr4_82895911_82895912	chr4	82895911	82895912	12421	True	3
chr4_82895928_82895929	chr4	82895928	82895929	12411	True	3
chr4_82898185_82898186	chr4	82898185	82898186	3876	True	3
chr4_82898220_82898221	chr4	82898220	82898221	4212	True	3
chr4_88090393_88090394	chr4	88090393	88090394	10	False	NA
chr4_99952676_99952677	chr4	99952676	99952677	11	False	NA
chr4_108620574_108620575	chr4	108620574	108620575	7380	True	3
chr4_108622598_108622599	chr4	108622598	108622599	6656	True	3
chr4_108625145_108625146	chr4	108625145	108625146	871	True	1
chr4_108625171_108625172	chr4	108625171	108625172	863	True	1
chr4_109125907_109125908	chr4	109125907	109125908	0	False	NA
chr4_113420447_113420448	chr4	113420447	113420448	276	True	4
chr4_118278759_118278760	chr4	118278759	118278760	4770	True	6
chr4_118279188_118279189	chr4	118279188	118279189	110139	True	3
chr4_118279199_118279200	chr4	118279199	118279200	110734	True	3
chr4_118279231_118279232	chr4	118279231	118279232	110242	True	3
chr4_118279255_118279256	chr4	118279255	118279256	110190	True	3
chr4_119237468_119237469	chr4	119237468	119237469	6433	True	2
chr4_119237501_119237502	chr4	119237501	119237502	3128	True	1
chr4_130425190_130425191	chr4	130425190	130425191	1229	True	1
chr4_143397065_143397066	chr4	143397065	143397066	778	True	4
chr4_144186782_144186783	chr4	144186782	144186783	334	True	4
chr4_151103826_151103827	chr4	151103826	151103827	7028	True	5
chr4_151103842_151103843	chr4	151103842	151103843	7079	True	5
chr4_151104279_151104280	chr4	151104279	151104280	758	True	4
chr4_151205256_151205257	chr4	151205256	151205257	52	False	NA
chr4_165405216_165405217	chr4	165405216	165405217	130	False	NA
chr4_170351952_170351953	chr4	170351952	170351953	0	False	NA
chr5_446727_446728	chr5	446727	446728	0	False	NA
chr5_1814358_1814359	chr5	1814358	1814359	3910	True	5
chr5_6599294_6599295	chr5	6599294	6599295	1378	True	1
chr5_8458041_8458042	chr5	8458041	8458042	1476	True	4
chr5_10250388_10250389	chr5	10250388	10250389	5728	True	1
chr5_10258250_10258251	chr5	10258250	10258251	3415	True	1
chr5_10258281_10258282	chr5	10258281	10258282	2781	True	1
chr5_10258413_10258414	chr5	10258413	10258414	2692	True	1
chr5_10258454_10258455	chr5	10258454	10258455	2780	True	1
chr5_10258481_10258482	chr5	10258481	10258482	2679	True	1
chr5_10260855_10260856	chr5	10260855	10260856	2694	True	5
chr5_10261609_10261610	chr5	10261609	10261610	2591	True	1
chr5_10261704_10261705	chr5	10261704	10261705	2323	True	5
chr5_10261722_10261723	chr5	10261722	10261723	2133	True	1
chr5_10263231_10263232	chr5	10263231	10263232	3188	True	5
chr5_10264667_10264668	chr5	10264667	10264668	3410	True	1
chr5_10264723_10264724	chr5	10264723	10264724	4796	True	1
chr5_10264752_10264753	chr5	10264752	10264753	6522	True	1
chr5_10264863_10264864	chr5	10264863	10264864	7450	True	1
chr5_10264878_10264879	chr5	10264878	10264879	7336	True	1
chr5_10264933_10264934	chr5	10264933	10264934	5655	True	1
chr5_10264983_10264984	chr5	10264983	10264984	3160	True	1
chr5_17217798_17217799	chr5	17217798	17217799	6	False	NA
chr5_17275212_17275213	chr5	17275212	17275213	117	False	NA
chr5_17275254_17275255	chr5	17275254	17275255	117	False	NA
chr5_17275288_17275289	chr5	17275288	17275289	110	False	NA
chr5_17275658_17275659	chr5	17275658	17275659	6	False	NA
chr5_17275728_17275729	chr5	17275728	17275729	6	False	NA
chr5_17275764_17275765	chr5	17275764	17275765	6	False	NA
chr5_17275799_17275800	chr5	17275799	17275800	6	False	NA
chr5_17275874_17275875	chr5	17275874	17275875	48	False	NA
chr5_17275895_17275896	chr5	17275895	17275896	71	False	NA
chr5_17276192_17276193	chr5	17276192	17276193	112	False	NA
chr5_17276386_17276387	chr5	17276386	17276387	1020	True	4
chr5_17276418_17276419	chr5	17276418	17276419	1166	True	4
chr5_17276443_17276444	chr5	17276443	17276444	1227	True	4
chr5_17276614_17276615	chr5	17276614	17276615	505	True	4
chr5_17276686_17276687	chr5	17276686	17276687	226	True	4
chr5_17276790_17276791	chr5	17276790	17276791	300	True	4
chr5_33455042_33455043	chr5	33455042	33455043	2175	True	1
chr5_33455650_33455651	chr5	33455650	33455651	1902	True	1
chr5_33457321_33457322	chr5	33457321	33457322	2275	True	1
chr5_33458579_33458580	chr5	33458579	33458580	2892	True	1
chr5_34925574_34925575	chr5	34925574	34925575	5393	True	1
chr5_40832509_40832510	chr5	40832509	40832510	7114	True	5
chr5_40832528_40832529	chr5	40832528	40832529	6838	True	5
chr5_40832545_40832546	chr5	40832545	40832546	6598	True	5
chr5_40832697_40832698	chr5	40832697	40832698	8386	True	5
chr5_40832713_40832714	chr5	40832713	40832714	8383	True	5
chr5_40832732_40832733	chr5	40832732	40832733	8293	True	5
chr5_40834202_40834203	chr5	40834202	40834203	37298	True	2
chr5_40834235_40834236	chr5	40834235	40834236	37344	True	2
chr5_40834264_40834265	chr5	40834264	40834265	37183	True	2
chr5_40834490_40834491	chr5	40834490	40834491	40094	True	2
chr5_40834530_40834531	chr5	40834530	40834531	41127	True	2
chr5_40834572_40834573	chr5	40834572	40834573	40729	True	2
chr5_40834600_40834601	chr5	40834600	40834601	34883	True	2
chr5_40835213_40835214	chr5	40835213	40835214	15391	True	2
chr5_59145330_59145331	chr5	59145330	59145331	81	False	NA
chr5_59703689_59703690	chr5	59703689	59703690	236	True	4
chr5_73405226_73405227	chr5	73405226	73405227	5	False	NA
chr5_73498545_73498546	chr5	73498545	73498546	14567	True	3
chr5_73505432_73505433	chr5	73505432	73505433	2734	True	6
chr5_80650714_80650715	chr5	80650714	80650715	2087	True	5
chr5_80650742_80650743	chr5	80650742	80650743	5859	True	3
chr5_82276108_82276109	chr5	82276108	82276109	2494	True	1
chr5_82276146_82276147	chr5	82276146	82276147	2387	True	1
chr5_82276440_82276441	chr5	82276440	82276441	6890	True	2
chr5_82277807_82277808	chr5	82277807	82277808	32259	True	2
chr5_82277830_82277831	chr5	82277830	82277831	32037	True	2
chr5_82278353_82278354	chr5	82278353	82278354	17271	True	2
chr5_83064243_83064244	chr5	83064243	83064244	6404	True	1
chr5_83064338_83064339	chr5	83064338	83064339	6325	True	1
chr5_86619441_86619442	chr5	86619441	86619442	7484	True	3
chr5_86620505_86620506	chr5	86620505	86620506	3013	True	5
chr5_86620539_86620540	chr5	86620539	86620540	3018	True	5
chr5_86620683_86620684	chr5	86620683	86620684	4573	True	6
chr5_93682599_93682600	chr5	93682599	93682600	11	False	NA
chr5_93682614_93682615	chr5	93682614	93682615	11	False	NA
chr5_93682632_93682633	chr5	93682632	93682633	11	False	NA
chr5_112161482_112161483	chr5	112161482	112161483	41873	True	3
chr5_112161545_112161546	chr5	112161545	112161546	47042	True	3
chr5_112161564_112161565	chr5	112161564	112161565	47048	True	3
chr5_112161584_112161585	chr5	112161584	112161585	43342	True	3
chr5_126836558_126836559	chr5	126836558	126836559	7397	True	1
chr5_126836974_126836975	chr5	126836974	126836975	3740	True	1
chr5_131516115_131516116	chr5	131516115	131516116	56	False	NA
chr5_132867569_132867570	chr5	132867569	132867570	9886	True	3
chr5_133076673_133076674	chr5	133076673	133076674	1427	True	4
chr5_134924027_134924028	chr5	134924027	134924028	3185	True	1
chr5_134924050_134924051	chr5	134924050	134924051	301	True	4
chr5_134927084_134927085	chr5	134927084	134927085	7388	True	2
chr5_136080528_136080529	chr5	136080528	136080529	138607	True	2
chr5_136080552_136080553	chr5	136080552	136080553	138607	True	2
chr5_136080600_136080601	chr5	136080600	136080601	138528	True	2
chr5_137752892_137752893	chr5	137752892	137752893	11197	True	6
chr5_138467392_138467393	chr5	138467392	138467393	1860	True	1
chr5_138467819_138467820	chr5	138467819	138467820	4271	True	1
chr5_138468076_138468077	chr5	138468076	138468077	1058	True	4
chr5_138469180_138469181	chr5	138469180	138469181	1239	True	1
chr5_138559039_138559040	chr5	138559039	138559040	2170	True	4
chr5_138561089_138561090	chr5	138561089	138561090	39644	True	3
chr5_138561112_138561113	chr5	138561112	138561113	39668	True	3
chr5_139276177_139276178	chr5	139276177	139276178	49319	True	3
chr5_139276207_139276208	chr5	139276207	139276208	55741	True	3
chr5_139276241_139276242	chr5	139276241	139276242	55542	True	3
chr5_139276288_139276289	chr5	139276288	139276289	43771	True	2
chr5_139278779_139278780	chr5	139278779	139278780	76515	True	3
chr5_139278859_139278860	chr5	139278859	139278860	101704	True	3
chr5_139278884_139278885	chr5	139278884	139278885	81134	True	3
chr5_139278901_139278902	chr5	139278901	139278902	69304	True	3
chr5_139278922_139278923	chr5	139278922	139278923	51594	True	3
chr5_140711283_140711284	chr5	140711283	140711284	25196	True	6
chr5_140711313_140711314	chr5	140711313	140711314	25201	True	6
chr5_140718933_140718934	chr5	140718933	140718934	87873	True	2
chr5_140718957_140718958	chr5	140718957	140718958	87896	True	2
chr5_142325180_142325181	chr5	142325180	142325181	0	False	NA
chr5_148214999_148215000	chr5	148214999	148215000	490	True	4
chr5_148215035_148215036	chr5	148215035	148215036	516	True	4
chr5_148215096_148215097	chr5	148215096	148215097	497	True	4
chr5_148928116_148928117	chr5	148928116	148928117	0	False	NA
chr5_150444331_150444332	chr5	150444331	150444332	8378	True	1
chr5_150446843_150446844	chr5	150446843	150446844	20995	True	3
chr5_150447604_150447605	chr5	150447604	150447605	30955	True	2
chr5_150449739_150449740	chr5	150449739	150449740	16969	True	2
chr5_150675380_150675381	chr5	150675380	150675381	0	False	NA
chr5_154817026_154817027	chr5	154817026	154817027	7022	True	3
chr5_160428683_160428684	chr5	160428683	160428684	1494	True	1
chr5_171387851_171387852	chr5	171387851	171387852	10668	True	3
chr5_171390121_171390122	chr5	171390121	171390122	8779	True	2
chr5_171391311_171391312	chr5	171391311	171391312	8625	True	3
chr5_171391744_171391745	chr5	171391744	171391745	1302	True	4
chr5_171391786_171391787	chr5	171391786	171391787	1046	True	4
chr5_171392765_171392766	chr5	171392765	171392766	776	True	4
chr5_171392810_171392811	chr5	171392810	171392811	455	True	4
chr5_171392967_171392968	chr5	171392967	171392968	707	True	4
chr5_171400173_171400174	chr5	171400173	171400174	1983	True	4
chr5_171400906_171400907	chr5	171400906	171400907	6921	True	5
chr5_171405309_171405310	chr5	171405309	171405310	6354	True	5
chr5_171410581_171410582	chr5	171410581	171410582	2239	True	1
chr5_171410738_171410739	chr5	171410738	171410739	4191	True	6
chr5_171410771_171410772	chr5	171410771	171410772	4191	True	6
chr5_173020725_173020726	chr5	173020725	173020726	54425	True	3
chr5_177596057_177596058	chr5	177596057	177596058	5107	True	6
chr5_178205905_178205906	chr5	178205905	178205906	4046	True	1
chr5_178210995_178210996	chr5	178210995	178210996	8278	True	1
chr5_179614469_179614470	chr5	179614469	179614470	11420	True	6
chr5_179614786_179614787	chr5	179614786	179614787	23624	True	2
chr5_179616152_179616153	chr5	179616152	179616153	12533	True	3
chr5_179617828_179617829	chr5	179617828	179617829	12721	True	5
chr5_179618044_179618045	chr5	179618044	179618045	8783	True	5
chr5_179618276_179618277	chr5	179618276	179618277	24229	True	5
chr5_179709036_179709037	chr5	179709036	179709037	2587	True	5
chr5_179709899_179709900	chr5	179709899	179709900	4803	True	5
chr5_179709944_179709945	chr5	179709944	179709945	7092	True	6
chr5_179710053_179710054	chr5	179710053	179710054	5326	True	5
chr5_179728916_179728917	chr5	179728916	179728917	12068	True	6
chr5_179729066_179729067	chr5	179729066	179729067	11928	True	2
chr5_179729323_179729324	chr5	179729323	179729324	23174	True	2
chr5_179729532_179729533	chr5	179729532	179729533	20011	True	3
chr5_179729976_179729977	chr5	179729976	179729977	26068	True	6
chr5_179730598_179730599	chr5	179730598	179730599	9575	True	6
chr5_179730785_179730786	chr5	179730785	179730786	9792	True	6
chr5_179836533_179836534	chr5	179836533	179836534	3912	True	1
chr5_179836932_179836933	chr5	179836932	179836933	5151	True	6
chr5_179837156_179837157	chr5	179837156	179837157	1963	True	1
chr5_180175246_180175247	chr5	180175246	180175247	494	True	4
chr5_181188431_181188432	chr5	181188431	181188432	7024	True	1
chr5_181188868_181188869	chr5	181188868	181188869	27616	True	1
chr5_181191702_181191703	chr5	181191702	181191703	8396	True	1
chr5_181236972_181236973	chr5	181236972	181236973	10610	True	2
chr5_181237035_181237036	chr5	181237035	181237036	10717	True	2
chr5_181237676_181237677	chr5	181237676	181237677	23003	True	2
chr5_181238163_181238164	chr5	181238163	181238164	23183	True	3
chr5_181239152_181239153	chr5	181239152	181239153	9587	True	5
chr5_181241869_181241870	chr5	181241869	181241870	28592	True	3
chr5_181241891_181241892	chr5	181241891	181241892	28539	True	3
chr5_181243341_181243342	chr5	181243341	181243342	18165	True	3
chr5_181243360_181243361	chr5	181243360	181243361	18137	True	3
chr5_181243379_181243380	chr5	181243379	181243380	18140	True	3
chr5_181243734_181243735	chr5	181243734	181243735	14000	True	3
chr5_181243901_181243902	chr5	181243901	181243902	15945	True	2
chr6_4427966_4427967	chr6	4427966	4427967	111198	True	3
chr6_4428003_4428004	chr6	4428003	4428004	112670	True	3
chr6_4428040_4428041	chr6	4428040	4428041	112670	True	3
chr6_8086536_8086537	chr6	8086536	8086537	21056	True	3
chr6_10887603_10887604	chr6	10887603	10887604	89599	True	3
chr6_12514699_12514700	chr6	12514699	12514700	125	False	NA
chr6_13214151_13214152	chr6	13214151	13214152	16610	True	3
chr6_25126198_25126199	chr6	25126198	25126199	0	False	NA
chr6_26026929_26026930	chr6	26026929	26026930	5381	True	1
chr6_26031634_26031635	chr6	26031634	26031635	13492	True	2
chr6_26045842_26045843	chr6	26045842	26045843	943	True	4
chr6_26055774_26055775	chr6	26055774	26055775	14442	True	6
chr6_26055882_26055883	chr6	26055882	26055883	27698	True	3
chr6_26055966_26055967	chr6	26055966	26055967	26511	True	3
chr6_26055990_26055991	chr6	26055990	26055991	29159	True	3
chr6_26056070_26056071	chr6	26056070	26056071	22599	True	3
chr6_26056110_26056111	chr6	26056110	26056111	24420	True	3
chr6_26056205_26056206	chr6	26056205	26056206	29839	True	3
chr6_26056369_26056370	chr6	26056369	26056370	43635	True	3
chr6_26056473_26056474	chr6	26056473	26056474	28660	True	3
chr6_26104262_26104263	chr6	26104262	26104263	6931	True	1
chr6_26104286_26104287	chr6	26104286	26104287	6896	True	1
chr6_26123505_26123506	chr6	26123505	26123506	5842	True	1
chr6_26123532_26123533	chr6	26123532	26123533	6793	True	1
chr6_26123909_26123910	chr6	26123909	26123910	9000	True	5
chr6_26123929_26123930	chr6	26123929	26123930	7969	True	5
chr6_26156826_26156827	chr6	26156826	26156827	14560	True	3
chr6_26156846_26156847	chr6	26156846	26156847	14815	True	3
chr6_26156918_26156919	chr6	26156918	26156919	8166	True	3
chr6_26156989_26156990	chr6	26156989	26156990	11974	True	2
chr6_26157019_26157020	chr6	26157019	26157020	11973	True	2
chr6_26157050_26157051	chr6	26157050	26157051	11444	True	6
chr6_26157072_26157073	chr6	26157072	26157073	11350	True	6
chr6_26158123_26158124	chr6	26158123	26158124	13708	True	3
chr6_26158569_26158570	chr6	26158569	26158570	6254	True	1
chr6_26188782_26188783	chr6	26188782	26188783	4414	True	1
chr6_26196923_26196924	chr6	26196923	26196924	7419	True	1
chr6_26198835_26198836	chr6	26198835	26198836	6922	True	1
chr6_26198875_26198876	chr6	26198875	26198876	7900	True	1
chr6_26199911_26199912	chr6	26199911	26199912	3431	True	1
chr6_26199944_26199945	chr6	26199944	26199945	3501	True	1
chr6_26204797_26204798	chr6	26204797	26204798	6398	True	6
chr6_26204900_26204901	chr6	26204900	26204901	7940	True	2
chr6_26204938_26204939	chr6	26204938	26204939	5980	True	1
chr6_26204972_26204973	chr6	26204972	26204973	5047	True	1
chr6_26217010_26217011	chr6	26217010	26217011	5723	True	1
chr6_26217374_26217375	chr6	26217374	26217375	6523	True	5
chr6_26285160_26285161	chr6	26285160	26285161	7885	True	1
chr6_26285207_26285208	chr6	26285207	26285208	7709	True	1
chr6_26285284_26285285	chr6	26285284	26285285	3197	True	1
chr6_27132405_27132406	chr6	27132405	27132406	5937	True	1
chr6_27146436_27146437	chr6	27146436	27146437	5956	True	1
chr6_27146804_27146805	chr6	27146804	27146805	13573	True	3
chr6_27146855_27146856	chr6	27146855	27146856	12064	True	3
chr6_27147464_27147465	chr6	27147464	27147465	5295	True	1
chr6_27505843_27505844	chr6	27505843	27505844	18031	True	2
chr6_27808581_27808582	chr6	27808581	27808582	7314	True	5
chr6_27808627_27808628	chr6	27808627	27808628	7400	True	5
chr6_27810411_27810412	chr6	27810411	27810412	7314	True	1
chr6_27810434_27810435	chr6	27810434	27810435	6837	True	1
chr6_27810921_27810922	chr6	27810921	27810922	3307	True	1
chr6_27814329_27814330	chr6	27814329	27814330	1148	True	4
chr6_27824342_27824343	chr6	27824342	27824343	1168	True	4
chr6_27824418_27824419	chr6	27824418	27824419	3308	True	1
chr6_27824443_27824444	chr6	27824443	27824444	3666	True	1
chr6_27831206_27831207	chr6	27831206	27831207	3258	True	1
chr6_27831233_27831234	chr6	27831233	27831234	2920	True	1
chr6_27865725_27865726	chr6	27865725	27865726	1580	True	4
chr6_27865760_27865761	chr6	27865760	27865761	1414	True	4
chr6_27866867_27866868	chr6	27866867	27866868	1827	True	4
chr6_27866900_27866901	chr6	27866900	27866901	1912	True	1
chr6_27892733_27892734	chr6	27892733	27892734	7214	True	1
chr6_27892773_27892774	chr6	27892773	27892774	9934	True	6
chr6_27893425_27893426	chr6	27893425	27893426	5374	True	1
chr6_27893452_27893453	chr6	27893452	27893453	5546	True	1
chr6_28478683_28478684	chr6	28478683	28478684	625	True	4
chr6_29945729_29945730	chr6	29945729	29945730	8710	True	4
chr6_30720352_30720353	chr6	30720352	30720353	12858	True	3
chr6_30720414_30720415	chr6	30720414	30720415	21951	True	3
chr6_30720455_30720456	chr6	30720455	30720456	25760	True	3
chr6_30720471_30720472	chr6	30720471	30720472	24398	True	3
chr6_30722559_30722560	chr6	30722559	30722560	13988	True	5
chr6_30723475_30723476	chr6	30723475	30723476	10197	True	5
chr6_30723693_30723694	chr6	30723693	30723694	17515	True	5
chr6_30723720_30723721	chr6	30723720	30723721	18470	True	5
chr6_30723857_30723858	chr6	30723857	30723858	20551	True	3
chr6_30723876_30723877	chr6	30723876	30723877	19112	True	3
chr6_30724063_30724064	chr6	30724063	30724064	10729	True	3
chr6_30724507_30724508	chr6	30724507	30724508	41929	True	2
chr6_30724721_30724722	chr6	30724721	30724722	15340	True	2
chr6_30725133_30725134	chr6	30725133	30725134	11596	True	2
chr6_31536398_31536399	chr6	31536398	31536399	38100	True	3
chr6_31536417_31536418	chr6	31536417	31536418	39982	True	3
chr6_31536436_31536437	chr6	31536436	31536437	43572	True	3
chr6_31536450_31536451	chr6	31536450	31536451	44065	True	3
chr6_31541125_31541126	chr6	31541125	31541126	79134	True	3
chr6_31541145_31541146	chr6	31541145	31541146	79313	True	3
chr6_31541161_31541162	chr6	31541161	31541162	79369	True	3
chr6_31541179_31541180	chr6	31541179	31541180	79215	True	3
chr6_31623077_31623078	chr6	31623077	31623078	17592	True	3
chr6_31670009_31670010	chr6	31670009	31670010	9721	True	6
chr6_31730658_31730659	chr6	31730658	31730659	10408	True	6
chr6_31815540_31815541	chr6	31815540	31815541	5743	True	1
chr6_31830030_31830031	chr6	31830030	31830031	16410	True	6
chr6_31830159_31830160	chr6	31830159	31830160	15815	True	6
chr6_31830218_31830219	chr6	31830218	31830219	13672	True	6
chr6_31835261_31835262	chr6	31835261	31835262	30754	True	3
chr6_31835284_31835285	chr6	31835284	31835285	30477	True	3
chr6_31837073_31837074	chr6	31837073	31837074	58141	True	3
chr6_31837089_31837090	chr6	31837089	31837090	58130	True	3
chr6_31837106_31837107	chr6	31837106	31837107	57923	True	3
chr6_31837114_31837115	chr6	31837114	31837115	57957	True	3
chr6_32550083_32550084	chr6	32550083	32550084	162	False	NA
chr6_33272655_33272656	chr6	33272655	33272656	17624	True	2
chr6_33276010_33276011	chr6	33276010	33276011	35892	True	2
chr6_34426070_34426071	chr6	34426070	34426071	15652	True	3
chr6_35468404_35468405	chr6	35468404	35468405	8440	True	3
chr6_35469386_35469387	chr6	35469386	35469387	7625	True	5
chr6_36639649_36639650	chr6	36639649	36639650	17129	True	2
chr6_36639674_36639675	chr6	36639674	36639675	17129	True	2
chr6_39603556_39603557	chr6	39603556	39603557	0	False	NA
chr6_41239550_41239551	chr6	41239550	41239551	541	True	4
chr6_44247098_44247099	chr6	44247098	44247099	9967	True	6
chr6_44249400_44249401	chr6	44249400	44249401	23729	True	3
chr6_44249719_44249720	chr6	44249719	44249720	21049	True	6
chr6_44250064_44250065	chr6	44250064	44250065	15749	True	3
chr6_44250150_44250151	chr6	44250150	44250151	15888	True	3
chr6_44250320_44250321	chr6	44250320	44250321	51912	True	3
chr6_44250349_44250350	chr6	44250349	44250350	51623	True	3
chr6_44250411_44250412	chr6	44250411	44250412	82078	True	3
chr6_44250529_44250530	chr6	44250529	44250530	56745	True	3
chr6_44251054_44251055	chr6	44251054	44251055	24062	True	3
chr6_44251089_44251090	chr6	44251089	44251090	23600	True	3
chr6_44251420_44251421	chr6	44251420	44251421	23909	True	3
chr6_44251540_44251541	chr6	44251540	44251541	12120	True	3
chr6_44251741_44251742	chr6	44251741	44251742	23688	True	3
chr6_44251872_44251873	chr6	44251872	44251873	17578	True	3
chr6_44252031_44252032	chr6	44252031	44252032	29078	True	3
chr6_44252071_44252072	chr6	44252071	44252072	51318	True	3
chr6_44252142_44252143	chr6	44252142	44252143	41705	True	3
chr6_44252175_44252176	chr6	44252175	44252176	37158	True	3
chr6_44253060_44253061	chr6	44253060	44253061	19838	True	3
chr6_44253105_44253106	chr6	44253105	44253106	25901	True	3
chr6_44253362_44253363	chr6	44253362	44253363	18625	True	3
chr6_44253594_44253595	chr6	44253594	44253595	55573	True	3
chr6_44253713_44253714	chr6	44253713	44253714	77714	True	3
chr6_44253820_44253821	chr6	44253820	44253821	12560	True	1
chr6_52995811_52995812	chr6	52995811	52995812	824139	True	2
chr6_52995855_52995856	chr6	52995855	52995856	829586	True	2
chr6_52995896_52995897	chr6	52995896	52995897	829586	True	2
chr6_63572555_63572556	chr6	63572555	63572556	6415	True	5
chr6_63572604_63572605	chr6	63572604	63572605	5562	True	5
chr6_63572641_63572642	chr6	63572641	63572642	6592	True	5
chr6_63572697_63572698	chr6	63572697	63572698	5542	True	4
chr6_63572713_63572714	chr6	63572713	63572714	4942	True	4
chr6_63576444_63576445	chr6	63576444	63576445	3282	True	4
chr6_63576468_63576469	chr6	63576468	63576469	3967	True	4
chr6_63576492_63576493	chr6	63576492	63576493	4087	True	4
chr6_63576545_63576546	chr6	63576545	63576546	4755	True	4
chr6_63576622_63576623	chr6	63576622	63576623	4965	True	4
chr6_63576730_63576731	chr6	63576730	63576731	4053	True	4
chr6_63576839_63576840	chr6	63576839	63576840	6368	True	6
chr6_63576874_63576875	chr6	63576874	63576875	6879	True	6
chr6_63576946_63576947	chr6	63576946	63576947	4601	True	6
chr6_63576972_63576973	chr6	63576972	63576973	4543	True	6
chr6_63578444_63578445	chr6	63578444	63578445	1837	True	4
chr6_63578958_63578959	chr6	63578958	63578959	3695	True	5
chr6_63578986_63578987	chr6	63578986	63578987	3654	True	5
chr6_63579277_63579278	chr6	63579277	63579278	2620	True	4
chr6_63579320_63579321	chr6	63579320	63579321	2519	True	4
chr6_63580141_63580142	chr6	63580141	63580142	4859	True	4
chr6_63580295_63580296	chr6	63580295	63580296	3674	True	4
chr6_63580424_63580425	chr6	63580424	63580425	2841	True	6
chr6_63580464_63580465	chr6	63580464	63580465	3593	True	6
chr6_63580494_63580495	chr6	63580494	63580495	3880	True	6
chr6_63580550_63580551	chr6	63580550	63580551	3896	True	6
chr6_63580656_63580657	chr6	63580656	63580657	8340	True	6
chr6_63580686_63580687	chr6	63580686	63580687	10306	True	6
chr6_63580738_63580739	chr6	63580738	63580739	11080	True	6
chr6_63580769_63580770	chr6	63580769	63580770	10701	True	6
chr6_63580848_63580849	chr6	63580848	63580849	5251	True	6
chr6_63580909_63580910	chr6	63580909	63580910	4841	True	6
chr6_63581026_63581027	chr6	63581026	63581027	9810	True	6
chr6_63581058_63581059	chr6	63581058	63581059	16926	True	6
chr6_63581087_63581088	chr6	63581087	63581088	15823	True	6
chr6_63581118_63581119	chr6	63581118	63581119	15739	True	6
chr6_63581148_63581149	chr6	63581148	63581149	14928	True	6
chr6_63581219_63581220	chr6	63581219	63581220	12347	True	6
chr6_63581330_63581331	chr6	63581330	63581331	7880	True	1
chr6_63581356_63581357	chr6	63581356	63581357	7182	True	1
chr6_63581374_63581375	chr6	63581374	63581375	7152	True	1
chr6_73476019_73476020	chr6	73476019	73476020	2369	True	1
chr6_73476047_73476048	chr6	73476047	73476048	2369	True	1
chr6_73518044_73518045	chr6	73518044	73518045	1782	True	4
chr6_73518089_73518090	chr6	73518089	73518090	1426	True	4
chr6_73518117_73518118	chr6	73518117	73518118	1430	True	4
chr6_73518248_73518249	chr6	73518248	73518249	18149	True	3
chr6_73518451_73518452	chr6	73518451	73518452	665	True	4
chr6_73518709_73518710	chr6	73518709	73518710	2233	True	1
chr6_73518989_73518990	chr6	73518989	73518990	2673	True	4
chr6_73519367_73519368	chr6	73519367	73519368	30179	True	2
chr6_73519400_73519401	chr6	73519400	73519401	28980	True	2
chr6_73519423_73519424	chr6	73519423	73519424	28030	True	2
chr6_73519446_73519447	chr6	73519446	73519447	29151	True	2
chr6_73519908_73519909	chr6	73519908	73519909	2676	True	1
chr6_73519941_73519942	chr6	73519941	73519942	1563	True	4
chr6_73521031_73521032	chr6	73521031	73521032	7528	True	6
chr6_83164795_83164796	chr6	83164795	83164796	0	False	NA
chr6_85677319_85677320	chr6	85677319	85677320	26423	True	3
chr6_85677355_85677356	chr6	85677355	85677356	27115	True	3
chr6_85677369_85677370	chr6	85677369	85677370	27048	True	3
chr6_85677613_85677614	chr6	85677613	85677614	7964	True	5
chr6_85677643_85677644	chr6	85677643	85677644	8164	True	3
chr6_85677659_85677660	chr6	85677659	85677660	8037	True	3
chr6_86436006_86436007	chr6	86436006	86436007	0	False	NA
chr6_87085541_87085542	chr6	87085541	87085542	59	False	NA
chr6_87085599_87085600	chr6	87085599	87085600	180	False	NA
chr6_87085659_87085660	chr6	87085659	87085660	223	True	4
chr6_87085755_87085756	chr6	87085755	87085756	165	False	NA
chr6_87085816_87085817	chr6	87085816	87085817	93	False	NA
chr6_87086260_87086261	chr6	87086260	87086261	24	False	NA
chr6_87086291_87086292	chr6	87086291	87086292	38	False	NA
chr6_87086346_87086347	chr6	87086346	87086347	43	False	NA
chr6_87086399_87086400	chr6	87086399	87086400	29	False	NA
chr6_87095027_87095028	chr6	87095027	87095028	7	False	NA
chr6_87095059_87095060	chr6	87095059	87095060	7	False	NA
chr6_89063614_89063615	chr6	89063614	89063615	11122	True	3
chr6_118993335_118993336	chr6	118993335	118993336	373	True	4
chr6_119586650_119586651	chr6	119586650	119586651	22	False	NA
chr6_122211646_122211647	chr6	122211646	122211647	7735	True	2
chr6_125979937_125979938	chr6	125979937	125979938	3702	True	1
chr6_132814567_132814568	chr6	132814567	132814568	26434	True	3
chr6_132814747_132814748	chr6	132814747	132814748	30327	True	3
chr6_132814997_132814998	chr6	132814997	132814998	33503	True	2
chr6_132815011_132815012	chr6	132815011	132815012	34105	True	2
chr6_132815306_132815307	chr6	132815306	132815307	49439	True	3
chr6_132815322_132815323	chr6	132815322	132815323	49615	True	3
chr6_132815340_132815341	chr6	132815340	132815341	49638	True	3
chr6_132816803_132816804	chr6	132816803	132816804	34994	True	3
chr6_132816829_132816830	chr6	132816829	132816830	34824	True	3
chr6_132816973_132816974	chr6	132816973	132816974	8439	True	3
chr6_132817003_132817004	chr6	132817003	132817004	8792	True	3
chr6_132817217_132817218	chr6	132817217	132817218	122397	True	3
chr6_132817245_132817246	chr6	132817245	132817246	124243	True	3
chr6_132817267_132817268	chr6	132817267	132817268	124214	True	3
chr6_132817280_132817281	chr6	132817280	132817281	124286	True	3
chr6_132817295_132817296	chr6	132817295	132817296	124292	True	3
chr6_132817312_132817313	chr6	132817312	132817313	124292	True	3
chr6_134169326_134169327	chr6	134169326	134169327	379	True	4
chr6_134169472_134169473	chr6	134169472	134169473	797	True	4
chr6_134169807_134169808	chr6	134169807	134169808	493	True	4
chr6_134169854_134169855	chr6	134169854	134169855	508	True	4
chr6_134170284_134170285	chr6	134170284	134170285	673	True	4
chr6_134171095_134171096	chr6	134171095	134171096	1080	True	4
chr6_134171140_134171141	chr6	134171140	134171141	875	True	4
chr6_134174862_134174863	chr6	134174862	134174863	266	True	4
chr6_138090875_138090876	chr6	138090875	138090876	717	True	4
chr6_138091801_138091802	chr6	138091801	138091802	1465	True	4
chr6_146396383_146396384	chr6	146396383	146396384	0	False	NA
chr6_159780314_159780315	chr6	159780314	159780315	24860	True	3
chr6_159780334_159780335	chr6	159780334	159780335	24851	True	3
chr6_159780377_159780378	chr6	159780377	159780378	24353	True	3
chr6_159784058_159784059	chr6	159784058	159784059	1764	True	1
chr6_165553250_165553251	chr6	165553250	165553251	0	False	NA
chr6_165952552_165952553	chr6	165952552	165952553	256	True	4
chr6_165955331_165955332	chr6	165955331	165955332	107	False	NA
chr6_165963184_165963185	chr6	165963184	165963185	366	True	4
chr6_165969283_165969284	chr6	165969283	165969284	129	False	NA
chr6_165975627_165975628	chr6	165975627	165975628	486	True	4
chr6_165982814_165982815	chr6	165982814	165982815	486	True	4
chr6_165982864_165982865	chr6	165982864	165982865	640	True	4
chr6_165983122_165983123	chr6	165983122	165983123	102	False	NA
chr6_165984753_165984754	chr6	165984753	165984754	76	False	NA
chr6_165985834_165985835	chr6	165985834	165985835	84	False	NA
chr6_165987613_165987614	chr6	165987613	165987614	735	True	4
chr6_167019019_167019020	chr6	167019019	167019020	823	True	4
chr7_5527272_5527273	chr7	5527272	5527273	64563	True	2
chr7_5527310_5527311	chr7	5527310	5527311	64792	True	2
chr7_5527346_5527347	chr7	5527346	5527347	69119	True	2
chr7_5527368_5527369	chr7	5527368	5527369	72313	True	2
chr7_5527406_5527407	chr7	5527406	5527407	72872	True	2
chr7_5527455_5527456	chr7	5527455	5527456	37007	True	6
chr7_5527508_5527509	chr7	5527508	5527509	46389	True	2
chr7_5527532_5527533	chr7	5527532	5527533	45318	True	2
chr7_5527551_5527552	chr7	5527551	5527552	56828	True	2
chr7_5527579_5527580	chr7	5527579	5527580	51712	True	2
chr7_5527603_5527604	chr7	5527603	5527604	45640	True	2
chr7_5527629_5527630	chr7	5527629	5527630	29865	True	2
chr7_5527648_5527649	chr7	5527648	5527649	27366	True	2
chr7_5527689_5527690	chr7	5527689	5527690	20466	True	2
chr7_5527705_5527706	chr7	5527705	5527706	25631	True	2
chr7_5527748_5527749	chr7	5527748	5527749	20490	True	2
chr7_5527773_5527774	chr7	5527773	5527774	13641	True	2
chr7_5527792_5527793	chr7	5527792	5527793	21755	True	2
chr7_5527817_5527818	chr7	5527817	5527818	22637	True	2
chr7_5527882_5527883	chr7	5527882	5527883	21048	True	3
chr7_5528015_5528016	chr7	5528015	5528016	19040	True	3
chr7_5528043_5528044	chr7	5528043	5528044	20779	True	3
chr7_5528123_5528124	chr7	5528123	5528124	19878	True	5
chr7_5528338_5528339	chr7	5528338	5528339	16883	True	5
chr7_5528383_5528384	chr7	5528383	5528384	20328	True	5
chr7_5528411_5528412	chr7	5528411	5528412	26821	True	5
chr7_5528449_5528450	chr7	5528449	5528450	25855	True	5
chr7_5528482_5528483	chr7	5528482	5528483	30583	True	3
chr7_5528504_5528505	chr7	5528504	5528505	34907	True	3
chr7_5528522_5528523	chr7	5528522	5528523	31467	True	3
chr7_5528589_5528590	chr7	5528589	5528590	38233	True	3
chr7_5528659_5528660	chr7	5528659	5528660	35929	True	3
chr7_5528707_5528708	chr7	5528707	5528708	31018	True	3
chr7_5529186_5529187	chr7	5529186	5529187	22162	True	3
chr7_5529227_5529228	chr7	5529227	5529228	25246	True	5
chr7_5529252_5529253	chr7	5529252	5529253	29842	True	5
chr7_5529288_5529289	chr7	5529288	5529289	28299	True	5
chr7_5529321_5529322	chr7	5529321	5529322	31759	True	5
chr7_5529345_5529346	chr7	5529345	5529346	25183	True	5
chr7_5529562_5529563	chr7	5529562	5529563	44872	True	5
chr7_5529645_5529646	chr7	5529645	5529646	42026	True	3
chr7_5529660_5529661	chr7	5529660	5529661	38147	True	3
chr7_5530561_5530562	chr7	5530561	5530562	23567	True	3
chr7_5530602_5530603	chr7	5530602	5530603	22956	True	3
chr7_5606564_5606565	chr7	5606564	5606565	5189	True	1
chr7_6016873_6016874	chr7	6016873	6016874	7097	True	5
chr7_8257936_8257937	chr7	8257936	8257937	10	False	NA
chr7_8739162_8739163	chr7	8739162	8739163	52	False	NA
chr7_18573534_18573535	chr7	18573534	18573535	0	False	NA
chr7_21630505_21630506	chr7	21630505	21630506	0	False	NA
chr7_22510355_22510356	chr7	22510355	22510356	739	True	1
chr7_22510404_22510405	chr7	22510404	22510405	802	True	1
chr7_22856611_22856612	chr7	22856611	22856612	24053	True	3
chr7_22856641_22856642	chr7	22856641	22856642	23804	True	3
chr7_26191912_26191913	chr7	26191912	26191913	18050	True	6
chr7_26191949_26191950	chr7	26191949	26191950	19364	True	6
chr7_26191978_26191979	chr7	26191978	26191979	22759	True	6
chr7_26192029_26192030	chr7	26192029	26192030	26316	True	2
chr7_26192065_26192066	chr7	26192065	26192066	29871	True	2
chr7_26192079_26192080	chr7	26192079	26192080	26436	True	2
chr7_26192094_26192095	chr7	26192094	26192095	26386	True	2
chr7_26192164_26192165	chr7	26192164	26192165	27600	True	2
chr7_26192230_26192231	chr7	26192230	26192231	21733	True	6
chr7_26192331_26192332	chr7	26192331	26192332	22049	True	6
chr7_26192539_26192540	chr7	26192539	26192540	21464	True	3
chr7_26193334_26193335	chr7	26193334	26193335	19837	True	3
chr7_26193370_26193371	chr7	26193370	26193371	20520	True	3
chr7_26193587_26193588	chr7	26193587	26193588	25472	True	3
chr7_26193648_26193649	chr7	26193648	26193649	24017	True	3
chr7_26193683_26193684	chr7	26193683	26193684	23645	True	3
chr7_26195878_26195879	chr7	26195878	26195879	14639	True	3
chr7_26196440_26196441	chr7	26196440	26196441	18477	True	3
chr7_26196466_26196467	chr7	26196466	26196467	18240	True	3
chr7_26196579_26196580	chr7	26196579	26196580	9841	True	3
chr7_26196630_26196631	chr7	26196630	26196631	8042	True	5
chr7_26196835_26196836	chr7	26196835	26196836	18210	True	3
chr7_26196959_26196960	chr7	26196959	26196960	24261	True	3
chr7_26196993_26196994	chr7	26196993	26196994	16906	True	3
chr7_26197360_26197361	chr7	26197360	26197361	20703	True	3
chr7_26197411_26197412	chr7	26197411	26197412	21403	True	3
chr7_26197654_26197655	chr7	26197654	26197655	17583	True	3
chr7_26197683_26197684	chr7	26197683	26197684	17765	True	3
chr7_26197704_26197705	chr7	26197704	26197705	17849	True	3
chr7_26200748_26200749	chr7	26200748	26200749	12591	True	5
chr7_26213180_26213181	chr7	26213180	26213181	4101	True	6
chr7_36208006_36208007	chr7	36208006	36208007	3602	True	4
chr7_39329025_39329026	chr7	39329025	39329026	2683	True	4
chr7_44796681_44796682	chr7	44796681	44796682	2735	True	3
chr7_44799460_44799461	chr7	44799460	44799461	1323	True	4
chr7_44799746_44799747	chr7	44799746	44799747	3897	True	5
chr7_44799770_44799771	chr7	44799770	44799771	4084	True	5
chr7_44801441_44801442	chr7	44801441	44801442	100	False	NA
chr7_44985443_44985444	chr7	44985443	44985444	9691	True	1
chr7_44985463_44985464	chr7	44985463	44985464	9717	True	1
chr7_44985511_44985512	chr7	44985511	44985512	9713	True	1
chr7_45104453_45104454	chr7	45104453	45104454	21234	True	5
chr7_45104484_45104485	chr7	45104484	45104485	21633	True	5
chr7_45105044_45105045	chr7	45105044	45105045	22433	True	3
chr7_48272379_48272380	chr7	48272379	48272380	81	False	NA
chr7_50922206_50922207	chr7	50922206	50922207	0	False	NA
chr7_53776231_53776232	chr7	53776231	53776232	67656	True	1
chr7_56058382_56058383	chr7	56058382	56058383	2411	True	1
chr7_56058432_56058433	chr7	56058432	56058433	2433	True	1
chr7_56060466_56060467	chr7	56060466	56060467	1229	True	4
chr7_56063257_56063258	chr7	56063257	56063258	2774	True	1
chr7_63925833_63925834	chr7	63925833	63925834	737	True	4
chr7_65755524_65755525	chr7	65755524	65755525	7537	True	3
chr7_75943780_75943781	chr7	75943780	75943781	14695	True	4
chr7_76304007_76304008	chr7	76304007	76304008	1382	True	1
chr7_76304145_76304146	chr7	76304145	76304146	3327	True	1
chr7_76304171_76304172	chr7	76304171	76304172	3684	True	1
chr7_76304216_76304217	chr7	76304216	76304217	3205	True	1
chr7_76304247_76304248	chr7	76304247	76304248	2742	True	1
chr7_87645843_87645844	chr7	87645843	87645844	0	False	NA
chr7_92124523_92124524	chr7	92124523	92124524	58	False	NA
chr7_97598989_97598990	chr7	97598989	97598990	183	False	NA
chr7_98881811_98881812	chr7	98881811	98881812	182704	True	3
chr7_98881840_98881841	chr7	98881840	98881841	177534	True	3
chr7_100050187_100050188	chr7	100050187	100050188	44	False	NA
chr7_100093838_100093839	chr7	100093838	100093839	8056	True	4
chr7_105001365_105001366	chr7	105001365	105001366	1325	True	1
chr7_107770262_107770263	chr7	107770262	107770263	42	False	NA
chr7_127252892_127252893	chr7	127252892	127252893	0	False	NA
chr7_128697447_128697448	chr7	128697447	128697448	4366	True	1
chr7_128697476_128697477	chr7	128697476	128697477	4767	True	1
chr7_128697517_128697518	chr7	128697517	128697518	4767	True	1
chr7_128769555_128769556	chr7	128769555	128769556	11900	True	6
chr7_128770544_128770545	chr7	128770544	128770545	9009	True	6
chr7_130876770_130876771	chr7	130876770	130876771	1528	True	4
chr7_132138600_132138601	chr7	132138600	132138601	0	False	NA
chr7_133034552_133034553	chr7	133034552	133034553	175	False	NA
chr7_133034569_133034570	chr7	133034569	133034570	165	False	NA
chr7_135928484_135928485	chr7	135928484	135928485	4758	True	1
chr7_138583496_138583497	chr7	138583496	138583497	1257	True	4
chr7_139340695_139340696	chr7	139340695	139340696	42408	True	2
chr7_139340717_139340718	chr7	139340717	139340718	42408	True	2
chr7_139340732_139340733	chr7	139340732	139340733	42408	True	2
chr7_139340755_139340756	chr7	139340755	139340756	42417	True	2
chr7_141727982_141727983	chr7	141727982	141727983	4464	True	3
chr7_141728091_141728092	chr7	141728091	141728092	2580	True	4
chr7_144849817_144849818	chr7	144849817	144849818	69	False	NA
chr7_148941486_148941487	chr7	148941486	148941487	546297	True	2
chr7_148941533_148941534	chr7	148941533	148941534	546303	True	2
chr7_148963313_148963314	chr7	148963313	148963314	54432	True	1
chr7_148983753_148983754	chr7	148983753	148983754	44569	True	1
chr7_148987210_148987211	chr7	148987210	148987211	111310	True	2
chr7_148987226_148987227	chr7	148987226	148987227	111281	True	2
chr7_148987249_148987250	chr7	148987249	148987250	111281	True	2
chr7_149125757_149125758	chr7	149125757	149125758	72	False	NA
chr7_152593082_152593083	chr7	152593082	152593083	1319	True	1
chr7_154668452_154668453	chr7	154668452	154668453	0	False	NA
chr7_158489845_158489846	chr7	158489845	158489846	616	True	4
chr8_3660549_3660550	chr8	3660549	3660550	314	True	4
chr8_14664297_14664298	chr8	14664297	14664298	0	False	NA
chr8_20680720_20680721	chr8	20680720	20680721	1016	True	4
chr8_24077093_24077094	chr8	24077093	24077094	22016	True	1
chr8_24077158_24077159	chr8	24077158	24077159	21795	True	1
chr8_27598043_27598044	chr8	27598043	27598044	6128	True	4
chr8_27598078_27598079	chr8	27598078	27598079	6705	True	4
chr8_27598098_27598099	chr8	27598098	27598099	7660	True	4
chr8_27598116_27598117	chr8	27598116	27598117	8630	True	4
chr8_27598148_27598149	chr8	27598148	27598149	10785	True	4
chr8_27598511_27598512	chr8	27598511	27598512	4355	True	4
chr8_27598566_27598567	chr8	27598566	27598567	4439	True	4
chr8_27598602_27598603	chr8	27598602	27598603	4266	True	4
chr8_27599798_27599799	chr8	27599798	27599799	3465	True	4
chr8_27599886_27599887	chr8	27599886	27599887	5021	True	4
chr8_27600000_27600001	chr8	27600000	27600001	3042	True	4
chr8_27604351_27604352	chr8	27604351	27604352	3223	True	4
chr8_27604931_27604932	chr8	27604931	27604932	2804	True	4
chr8_27604964_27604965	chr8	27604964	27604965	4648	True	4
chr8_27605034_27605035	chr8	27605034	27605035	6559	True	4
chr8_27605058_27605059	chr8	27605058	27605059	6802	True	4
chr8_27605094_27605095	chr8	27605094	27605095	7005	True	4
chr8_27605128_27605129	chr8	27605128	27605129	6312	True	4
chr8_27605145_27605146	chr8	27605145	27605146	5820	True	4
chr8_27605168_27605169	chr8	27605168	27605169	4658	True	4
chr8_27605302_27605303	chr8	27605302	27605303	3299	True	4
chr8_27606399_27606400	chr8	27606399	27606400	7537	True	4
chr8_27606513_27606514	chr8	27606513	27606514	7221	True	4
chr8_27608963_27608964	chr8	27608963	27608964	7558	True	4
chr8_27608979_27608980	chr8	27608979	27608980	7644	True	4
chr8_27609008_27609009	chr8	27609008	27609009	7794	True	4
chr8_27609054_27609055	chr8	27609054	27609055	7589	True	4
chr8_27610493_27610494	chr8	27610493	27610494	11542	True	4
chr8_27610583_27610584	chr8	27610583	27610584	11711	True	4
chr8_27614703_27614704	chr8	27614703	27614704	3355	True	4
chr8_28619256_28619257	chr8	28619256	28619257	27	False	NA
chr8_33513472_33513473	chr8	33513472	33513473	184735	True	2
chr8_33513539_33513540	chr8	33513539	33513540	184786	True	2
chr8_42274777_42274778	chr8	42274777	42274778	28033	True	5
chr8_56073857_56073858	chr8	56073857	56073858	25994	True	3
chr8_56073883_56073884	chr8	56073883	56073884	23240	True	3
chr8_56073903_56073904	chr8	56073903	56073904	23508	True	3
chr8_56074112_56074113	chr8	56074112	56074113	14629	True	2
chr8_56074154_56074155	chr8	56074154	56074155	14177	True	2
chr8_56074506_56074507	chr8	56074506	56074507	21957	True	3
chr8_56588702_56588703	chr8	56588702	56588703	32	False	NA
chr8_61626098_61626099	chr8	61626098	61626099	803	True	4
chr8_61646855_61646856	chr8	61646855	61646856	2340	True	4
chr8_66113361_66113362	chr8	66113361	66113362	11094	True	3
chr8_66113423_66113424	chr8	66113423	66113424	12198	True	3
chr8_66113443_66113444	chr8	66113443	66113444	12198	True	3
chr8_66922516_66922517	chr8	66922516	66922517	27745	True	3
chr8_66922529_66922530	chr8	66922529	66922530	28091	True	3
chr8_66922552_66922553	chr8	66922552	66922553	29435	True	3
chr8_68306287_68306288	chr8	68306287	68306288	604	True	4
chr8_69690300_69690301	chr8	69690300	69690301	17780	True	3
chr8_69922973_69922974	chr8	69922973	69922974	20	False	NA
chr8_73291112_73291113	chr8	73291112	73291113	339	True	4
chr8_73293632_73293633	chr8	73293632	73293633	1068	True	1
chr8_76645607_76645608	chr8	76645607	76645608	3159	True	5
chr8_86451202_86451203	chr8	86451202	86451203	55	False	NA
chr8_90002220_90002221	chr8	90002220	90002221	66	False	NA
chr8_90225914_90225915	chr8	90225914	90225915	93	False	NA
chr8_93686164_93686165	chr8	93686164	93686165	98	False	NA
chr8_98041782_98041783	chr8	98041782	98041783	4708	True	6
chr8_98041836_98041837	chr8	98041836	98041837	4589	True	6
chr8_98042125_98042126	chr8	98042125	98042126	30771	True	3
chr8_98042156_98042157	chr8	98042156	98042157	30786	True	3
chr8_98042171_98042172	chr8	98042171	98042172	30786	True	3
chr8_98042189_98042190	chr8	98042189	98042190	30786	True	3
chr8_98042205_98042206	chr8	98042205	98042206	30757	True	3
chr8_98042218_98042219	chr8	98042218	98042219	30603	True	3
chr8_98042654_98042655	chr8	98042654	98042655	12417	True	2
chr8_98042734_98042735	chr8	98042734	98042735	14946	True	2
chr8_98045546_98045547	chr8	98045546	98045547	8451	True	3
chr8_100703166_100703167	chr8	100703166	100703167	12968	True	6
chr8_100703287_100703288	chr8	100703287	100703288	25823	True	2
chr8_100704372_100704373	chr8	100704372	100704373	6465	True	6
chr8_100706921_100706922	chr8	100706921	100706922	17061	True	5
chr8_100712745_100712746	chr8	100712745	100712746	15248	True	3
chr8_100721926_100721927	chr8	100721926	100721927	76304	True	3
chr8_100722089_100722090	chr8	100722089	100722090	11394	True	6
chr8_108292390_108292391	chr8	108292390	108292391	981	True	1
chr8_119561427_119561428	chr8	119561427	119561428	0	False	NA
chr8_119862776_119862777	chr8	119862776	119862777	1296	True	1
chr8_120922682_120922683	chr8	120922682	120922683	0	False	NA
chr8_125987675_125987676	chr8	125987675	125987676	7427	True	1
chr8_127216763_127216764	chr8	127216763	127216764	463	True	4
chr8_127218452_127218453	chr8	127218452	127218453	1034	True	4
chr8_127218497_127218498	chr8	127218497	127218498	973	True	4
chr8_127218526_127218527	chr8	127218526	127218527	1026	True	4
chr8_127218540_127218541	chr8	127218540	127218541	1024	True	4
chr8_127218568_127218569	chr8	127218568	127218569	858	True	4
chr8_127218598_127218599	chr8	127218598	127218599	840	True	4
chr8_127218614_127218615	chr8	127218614	127218615	812	True	4
chr8_127218631_127218632	chr8	127218631	127218632	635	True	4
chr8_127218650_127218651	chr8	127218650	127218651	706	True	4
chr8_127218674_127218675	chr8	127218674	127218675	974	True	4
chr8_127218773_127218774	chr8	127218773	127218774	1868	True	4
chr8_127218793_127218794	chr8	127218793	127218794	1863	True	4
chr8_127218820_127218821	chr8	127218820	127218821	1950	True	4
chr8_127218858_127218859	chr8	127218858	127218859	2148	True	4
chr8_127218897_127218898	chr8	127218897	127218898	2921	True	4
chr8_127218930_127218931	chr8	127218930	127218931	2925	True	4
chr8_127218957_127218958	chr8	127218957	127218958	2675	True	4
chr8_127218976_127218977	chr8	127218976	127218977	2581	True	4
chr8_127219001_127219002	chr8	127219001	127219002	2610	True	4
chr8_127219047_127219048	chr8	127219047	127219048	2362	True	4
chr8_127219083_127219084	chr8	127219083	127219084	1426	True	4
chr8_127219105_127219106	chr8	127219105	127219106	1454	True	4
chr8_127219124_127219125	chr8	127219124	127219125	1434	True	4
chr8_127219150_127219151	chr8	127219150	127219151	1365	True	4
chr8_127219168_127219169	chr8	127219168	127219169	1425	True	4
chr8_127219181_127219182	chr8	127219181	127219182	1425	True	4
chr8_127219201_127219202	chr8	127219201	127219202	1376	True	4
chr8_127219229_127219230	chr8	127219229	127219230	1301	True	4
chr8_127219261_127219262	chr8	127219261	127219262	1130	True	4
chr8_127219296_127219297	chr8	127219296	127219297	621	True	4
chr8_127219312_127219313	chr8	127219312	127219313	455	True	4
chr8_127219358_127219359	chr8	127219358	127219359	451	True	4
chr8_127219384_127219385	chr8	127219384	127219385	662	True	4
chr8_127219430_127219431	chr8	127219430	127219431	665	True	4
chr8_127219445_127219446	chr8	127219445	127219446	702	True	4
chr8_127219461_127219462	chr8	127219461	127219462	619	True	4
chr8_127219477_127219478	chr8	127219477	127219478	604	True	4
chr8_127219535_127219536	chr8	127219535	127219536	589	True	4
chr8_127219602_127219603	chr8	127219602	127219603	500	True	4
chr8_127219642_127219643	chr8	127219642	127219643	639	True	4
chr8_127219672_127219673	chr8	127219672	127219673	661	True	4
chr8_127219687_127219688	chr8	127219687	127219688	685	True	4
chr8_127219715_127219716	chr8	127219715	127219716	696	True	4
chr8_127219743_127219744	chr8	127219743	127219744	696	True	4
chr8_127219779_127219780	chr8	127219779	127219780	698	True	4
chr8_127219797_127219798	chr8	127219797	127219798	520	True	4
chr8_127219837_127219838	chr8	127219837	127219838	529	True	4
chr8_127219890_127219891	chr8	127219890	127219891	729	True	4
chr8_127219916_127219917	chr8	127219916	127219917	1198	True	4
chr8_127219956_127219957	chr8	127219956	127219957	1147	True	4
chr8_127219997_127219998	chr8	127219997	127219998	1456	True	4
chr8_127220011_127220012	chr8	127220011	127220012	1424	True	4
chr8_127220070_127220071	chr8	127220070	127220071	1541	True	4
chr8_127220102_127220103	chr8	127220102	127220103	1738	True	4
chr8_127220128_127220129	chr8	127220128	127220129	1261	True	4
chr8_127220162_127220163	chr8	127220162	127220163	1445	True	4
chr8_127220188_127220189	chr8	127220188	127220189	1118	True	4
chr8_127220212_127220213	chr8	127220212	127220213	1192	True	4
chr8_127220260_127220261	chr8	127220260	127220261	1460	True	4
chr8_127220293_127220294	chr8	127220293	127220294	928	True	4
chr8_127220328_127220329	chr8	127220328	127220329	2636	True	4
chr8_127220361_127220362	chr8	127220361	127220362	2535	True	4
chr8_127220404_127220405	chr8	127220404	127220405	2471	True	4
chr8_127220419_127220420	chr8	127220419	127220420	2445	True	4
chr8_127220452_127220453	chr8	127220452	127220453	2169	True	4
chr8_127220474_127220475	chr8	127220474	127220475	2206	True	4
chr8_127220496_127220497	chr8	127220496	127220497	2192	True	4
chr8_127220540_127220541	chr8	127220540	127220541	587	True	4
chr8_127220562_127220563	chr8	127220562	127220563	484	True	4
chr8_127220612_127220613	chr8	127220612	127220613	464	True	4
chr8_127220638_127220639	chr8	127220638	127220639	475	True	4
chr8_127220684_127220685	chr8	127220684	127220685	923	True	4
chr8_127220770_127220771	chr8	127220770	127220771	887	True	4
chr8_127220813_127220814	chr8	127220813	127220814	942	True	4
chr8_127220842_127220843	chr8	127220842	127220843	946	True	4
chr8_127220882_127220883	chr8	127220882	127220883	320	True	4
chr8_127220911_127220912	chr8	127220911	127220912	673	True	4
chr8_127220932_127220933	chr8	127220932	127220933	1170	True	4
chr8_127220959_127220960	chr8	127220959	127220960	1396	True	4
chr8_127220985_127220986	chr8	127220985	127220986	1469	True	4
chr8_127221018_127221019	chr8	127221018	127221019	1671	True	4
chr8_127221051_127221052	chr8	127221051	127221052	1725	True	4
chr8_127221075_127221076	chr8	127221075	127221076	1787	True	4
chr8_127221105_127221106	chr8	127221105	127221106	1530	True	4
chr8_127221129_127221130	chr8	127221129	127221130	1146	True	4
chr8_127221153_127221154	chr8	127221153	127221154	1109	True	4
chr8_127221171_127221172	chr8	127221171	127221172	952	True	4
chr8_127221188_127221189	chr8	127221188	127221189	1083	True	4
chr8_127221205_127221206	chr8	127221205	127221206	955	True	4
chr8_127221219_127221220	chr8	127221219	127221220	821	True	4
chr8_127221285_127221286	chr8	127221285	127221286	784	True	4
chr8_127221322_127221323	chr8	127221322	127221323	680	True	4
chr8_127221357_127221358	chr8	127221357	127221358	709	True	4
chr8_127221399_127221400	chr8	127221399	127221400	565	True	4
chr8_127221430_127221431	chr8	127221430	127221431	627	True	4
chr8_127221455_127221456	chr8	127221455	127221456	595	True	4
chr8_127221482_127221483	chr8	127221482	127221483	985	True	4
chr8_127221563_127221564	chr8	127221563	127221564	1708	True	4
chr8_127221597_127221598	chr8	127221597	127221598	1607	True	4
chr8_127222258_127222259	chr8	127222258	127222259	214	True	4
chr8_127222698_127222699	chr8	127222698	127222699	146	False	NA
chr8_127223061_127223062	chr8	127223061	127223062	697	True	4
chr8_127223256_127223257	chr8	127223256	127223257	1756	True	4
chr8_127224494_127224495	chr8	127224494	127224495	477	True	4
chr8_127225019_127225020	chr8	127225019	127225020	309	True	4
chr8_127225292_127225293	chr8	127225292	127225293	126	False	NA
chr8_127225462_127225463	chr8	127225462	127225463	157	False	NA
chr8_127226072_127226073	chr8	127226072	127226073	302	True	4
chr8_127226395_127226396	chr8	127226395	127226396	108	False	NA
chr8_127227365_127227366	chr8	127227365	127227366	660	True	4
chr8_127740763_127740764	chr8	127740763	127740764	6445	True	5
chr8_127741199_127741200	chr8	127741199	127741200	5860	True	1
chr8_134800592_134800593	chr8	134800592	134800593	1958	True	4
chr8_135742495_135742496	chr8	135742495	135742496	2737	True	5
chr8_143597413_143597414	chr8	143597413	143597414	3335	True	5
chr8_143716504_143716505	chr8	143716504	143716505	39	False	NA
chr8_143915281_143915282	chr8	143915281	143915282	2684	True	1
chr8_144789807_144789808	chr8	144789807	144789808	11490	True	3
chr8_144789828_144789829	chr8	144789828	144789829	15710	True	3
chr8_144789873_144789874	chr8	144789873	144789874	19901	True	3
chr8_144789931_144789932	chr8	144789931	144789932	17069	True	3
chr8_144789948_144789949	chr8	144789948	144789949	16292	True	3
chr8_144790437_144790438	chr8	144790437	144790438	12044	True	3
chr8_144791298_144791299	chr8	144791298	144791299	17614	True	3
chr8_144791336_144791337	chr8	144791336	144791337	20260	True	3
chr8_144791363_144791364	chr8	144791363	144791364	25968	True	3
chr8_144791847_144791848	chr8	144791847	144791848	20964	True	3
chr8_144792010_144792011	chr8	144792010	144792011	17376	True	3
chr8_144792031_144792032	chr8	144792031	144792032	22609	True	3
chr8_144792390_144792391	chr8	144792390	144792391	9384	True	3
chr9_5092371_5092372	chr9	5092371	5092372	223	True	4
chr9_5094002_5094003	chr9	5094002	5094003	124	False	NA
chr9_6413339_6413340	chr9	6413339	6413340	572	True	4
chr9_12972584_12972585	chr9	12972584	12972585	121	False	NA
chr9_19063788_19063789	chr9	19063788	19063789	13641	True	5
chr9_19376289_19376290	chr9	19376289	19376290	11363	True	2
chr9_19376307_19376308	chr9	19376307	19376308	11626	True	2
chr9_19376319_19376320	chr9	19376319	19376320	11684	True	2
chr9_19376340_19376341	chr9	19376340	19376341	11804	True	2
chr9_19376367_19376368	chr9	19376367	19376368	11694	True	2
chr9_19376384_19376385	chr9	19376384	19376385	11809	True	2
chr9_19376510_19376511	chr9	19376510	19376511	30395	True	2
chr9_19376546_19376547	chr9	19376546	19376547	33524	True	2
chr9_19376573_19376574	chr9	19376573	19376574	33570	True	2
chr9_19376588_19376589	chr9	19376588	19376589	33642	True	2
chr9_19376608_19376609	chr9	19376608	19376609	30950	True	2
chr9_19376643_19376644	chr9	19376643	19376644	23416	True	2
chr9_19378377_19378378	chr9	19378377	19378378	19671	True	2
chr9_19378396_19378397	chr9	19378396	19378397	34679	True	2
chr9_19378425_19378426	chr9	19378425	19378426	39277	True	2
chr9_19378486_19378487	chr9	19378486	19378487	37044	True	2
chr9_19378503_19378504	chr9	19378503	19378504	31176	True	2
chr9_19378715_19378716	chr9	19378715	19378716	7259	True	5
chr9_19378766_19378767	chr9	19378766	19378767	16691	True	3
chr9_19378854_19378855	chr9	19378854	19378855	22502	True	3
chr9_19378882_19378883	chr9	19378882	19378883	18515	True	3
chr9_19378915_19378916	chr9	19378915	19378916	18731	True	3
chr9_19379538_19379539	chr9	19379538	19379539	9097	True	3
chr9_19380236_19380237	chr9	19380236	19380237	13325	True	3
chr9_21512179_21512180	chr9	21512179	21512180	444	True	4
chr9_21968028_21968029	chr9	21968028	21968029	1681	True	4
chr9_21968082_21968083	chr9	21968082	21968083	1466	True	4
chr9_21968099_21968100	chr9	21968099	21968100	1515	True	4
chr9_21968118_21968119	chr9	21968118	21968119	1515	True	4
chr9_21968190_21968191	chr9	21968190	21968191	358	True	4
chr9_21968224_21968225	chr9	21968224	21968225	147	False	NA
chr9_21970923_21970924	chr9	21970923	21970924	99	False	NA
chr9_21971132_21971133	chr9	21971132	21971133	82	False	NA
chr9_28604350_28604351	chr9	28604350	28604351	112	False	NA
chr9_33025271_33025272	chr9	33025271	33025272	1457	True	4
chr9_33026955_33026956	chr9	33026955	33026956	1931	True	1
chr9_33029918_33029919	chr9	33029918	33029919	2276	True	6
chr9_33030645_33030646	chr9	33030645	33030646	2946	True	1
chr9_33034292_33034293	chr9	33034292	33034293	3510	True	5
chr9_33037046_33037047	chr9	33037046	33037047	693	True	4
chr9_33037070_33037071	chr9	33037070	33037071	664	True	4
chr9_33038752_33038753	chr9	33038752	33038753	1197	True	1
chr9_33038935_33038936	chr9	33038935	33038936	1285	True	1
chr9_33039008_33039009	chr9	33039008	33039009	1508	True	1
chr9_33110696_33110697	chr9	33110696	33110697	1590	True	4
chr9_33110721_33110722	chr9	33110721	33110722	1664	True	4
chr9_33110746_33110747	chr9	33110746	33110747	1669	True	4
chr9_33110782_33110783	chr9	33110782	33110783	1858	True	4
chr9_33111256_33111257	chr9	33111256	33111257	4428	True	1
chr9_33111311_33111312	chr9	33111311	33111312	4720	True	1
chr9_33111459_33111460	chr9	33111459	33111460	2059	True	4
chr9_33111477_33111478	chr9	33111477	33111478	2010	True	4
chr9_33111616_33111617	chr9	33111616	33111617	1313	True	4
chr9_33111951_33111952	chr9	33111951	33111952	3897	True	4
chr9_33111984_33111985	chr9	33111984	33111985	7006	True	1
chr9_33112068_33112069	chr9	33112068	33112069	7004	True	1
chr9_33112576_33112577	chr9	33112576	33112577	3985	True	1
chr9_33112625_33112626	chr9	33112625	33112626	3785	True	4
chr9_33112729_33112730	chr9	33112729	33112730	2402	True	4
chr9_33112750_33112751	chr9	33112750	33112751	2158	True	4
chr9_33112779_33112780	chr9	33112779	33112780	2686	True	4
chr9_33112959_33112960	chr9	33112959	33112960	2294	True	4
chr9_33112983_33112984	chr9	33112983	33112984	1971	True	4
chr9_33113018_33113019	chr9	33113018	33113019	1770	True	4
chr9_33113086_33113087	chr9	33113086	33113087	820	True	4
chr9_33113102_33113103	chr9	33113102	33113103	712	True	4
chr9_33113577_33113578	chr9	33113577	33113578	346	True	4
chr9_33113856_33113857	chr9	33113856	33113857	719	True	4
chr9_33116033_33116034	chr9	33116033	33116034	361	True	4
chr9_33116060_33116061	chr9	33116060	33116061	356	True	4
chr9_33120448_33120449	chr9	33120448	33120449	129	False	NA
chr9_33135289_33135290	chr9	33135289	33135290	1018	True	4
chr9_33934354_33934355	chr9	33934354	33934355	11063	True	5
chr9_33934370_33934371	chr9	33934370	33934371	11133	True	3
chr9_33952826_33952827	chr9	33952826	33952827	4246	True	5
chr9_33952845_33952846	chr9	33952845	33952846	4239	True	5
chr9_35099941_35099942	chr9	35099941	35099942	2829	True	1
chr9_35349337_35349338	chr9	35349337	35349338	0	False	NA
chr9_35657779_35657780	chr9	35657779	35657780	60328	True	2
chr9_35657821_35657822	chr9	35657821	35657822	66645	True	2
chr9_35657861_35657862	chr9	35657861	35657862	348897	True	2
chr9_35657880_35657881	chr9	35657880	35657881	361768	True	2
chr9_35657961_35657962	chr9	35657961	35657962	504062	True	2
chr9_35685667_35685668	chr9	35685667	35685668	220	True	4
chr9_35689857_35689858	chr9	35689857	35689858	1006	True	4
chr9_35689887_35689888	chr9	35689887	35689888	624	True	4
chr9_35689927_35689928	chr9	35689927	35689928	1256	True	4
chr9_36621266_36621267	chr9	36621266	36621267	19	False	NA
chr9_70324168_70324169	chr9	70324168	70324169	370	True	4
chr9_73170290_73170291	chr9	73170290	73170291	2752	True	1
chr9_76571848_76571849	chr9	76571848	76571849	102546	True	3
chr9_76571863_76571864	chr9	76571863	76571864	70326	True	3
chr9_76571910_76571911	chr9	76571910	76571911	56210	True	3
chr9_76571916_76571917	chr9	76571916	76571917	55779	True	3
chr9_76571930_76571931	chr9	76571930	76571931	54685	True	3
chr9_76571952_76571953	chr9	76571952	76571953	34374	True	3
chr9_76571958_76571959	chr9	76571958	76571959	25974	True	3
chr9_76571966_76571967	chr9	76571966	76571967	24588	True	3
chr9_76571987_76571988	chr9	76571987	76571988	17152	True	3
chr9_76572003_76572004	chr9	76572003	76572004	17103	True	3
chr9_83970769_83970770	chr9	83970769	83970770	4077	True	5
chr9_83972111_83972112	chr9	83972111	83972112	7941	True	5
chr9_86423129_86423130	chr9	86423129	86423130	14354	True	6
chr9_91281189_91281190	chr9	91281189	91281190	131	False	NA
chr9_91705142_91705143	chr9	91705142	91705143	0	False	NA
chr9_92292497_92292498	chr9	92292497	92292498	50835	True	3
chr9_92292518_92292519	chr9	92292518	92292519	50864	True	3
chr9_92292541_92292542	chr9	92292541	92292542	50861	True	3
chr9_92292596_92292597	chr9	92292596	92292597	49889	True	3
chr9_94175960_94175961	chr9	94175960	94175961	7539	True	4
chr9_94178839_94178840	chr9	94178839	94178840	5531	True	4
chr9_95085263_95085264	chr9	95085263	95085264	3476	True	4
chr9_95085503_95085504	chr9	95085503	95085504	4369	True	4
chr9_97417830_97417831	chr9	97417830	97417831	0	False	NA
chr9_105608950_105608951	chr9	105608950	105608951	77	False	NA
chr9_107329792_107329793	chr9	107329792	107329793	10641	True	2
chr9_108992443_108992444	chr9	108992443	108992444	319	True	4
chr9_110244090_110244091	chr9	110244090	110244091	3439	True	6
chr9_110244208_110244209	chr9	110244208	110244209	1380	True	1
chr9_110244796_110244797	chr9	110244796	110244797	1940	True	1
chr9_110250843_110250844	chr9	110250843	110250844	798	True	4
chr9_110251375_110251376	chr9	110251375	110251376	3415	True	1
chr9_114209638_114209639	chr9	114209638	114209639	5249	True	4
chr9_117180662_117180663	chr9	117180662	117180663	220	True	1
chr9_119276014_119276015	chr9	119276014	119276015	0	False	NA
chr9_122880244_122880245	chr9	122880244	122880245	6655	True	5
chr9_122880261_122880262	chr9	122880261	122880262	6653	True	5
chr9_122880285_122880286	chr9	122880285	122880286	6653	True	5
chr9_122880307_122880308	chr9	122880307	122880308	6648	True	5
chr9_122944893_122944894	chr9	122944893	122944894	37	False	NA
chr9_123422170_123422171	chr9	123422170	123422171	28	False	NA
chr9_124857934_124857935	chr9	124857934	124857935	17016	True	3
chr9_124857994_124857995	chr9	124857994	124857995	26681	True	3
chr9_124858031_124858032	chr9	124858031	124858032	26710	True	3
chr9_124858058_124858059	chr9	124858058	124858059	20146	True	3
chr9_124860195_124860196	chr9	124860195	124860196	4413	True	3
chr9_124860227_124860228	chr9	124860227	124860228	4190	True	3
chr9_124860249_124860250	chr9	124860249	124860250	4140	True	3
chr9_124861426_124861427	chr9	124861426	124861427	2889	True	1
chr9_124861956_124861957	chr9	124861956	124861957	12184	True	3
chr9_125236325_125236326	chr9	125236325	125236326	25801	True	2
chr9_125236378_125236379	chr9	125236378	125236379	29021	True	2
chr9_125236419_125236420	chr9	125236419	125236420	40850	True	2
chr9_125236436_125236437	chr9	125236436	125236437	36146	True	2
chr9_125236566_125236567	chr9	125236566	125236567	45935	True	3
chr9_125236652_125236653	chr9	125236652	125236653	48341	True	3
chr9_125236667_125236668	chr9	125236667	125236668	42022	True	3
chr9_125236796_125236797	chr9	125236796	125236797	10799	True	5
chr9_125236980_125236981	chr9	125236980	125236981	16253	True	5
chr9_125237021_125237022	chr9	125237021	125237022	9149	True	5
chr9_125238164_125238165	chr9	125238164	125238165	9717	True	5
chr9_125238193_125238194	chr9	125238193	125238194	10194	True	5
chr9_125238812_125238813	chr9	125238812	125238813	10449	True	5
chr9_125238984_125238985	chr9	125238984	125238985	14920	True	6
chr9_125239129_125239130	chr9	125239129	125239130	14318	True	5
chr9_125239438_125239439	chr9	125239438	125239439	13640	True	5
chr9_125239500_125239501	chr9	125239500	125239501	12671	True	5
chr9_125239524_125239525	chr9	125239524	125239525	12723	True	5
chr9_125240686_125240687	chr9	125240686	125240687	8332	True	5
chr9_125240780_125240781	chr9	125240780	125240781	15947	True	5
chr9_125240845_125240846	chr9	125240845	125240846	19028	True	5
chr9_125241262_125241263	chr9	125241262	125241263	34725	True	5
chr9_125241346_125241347	chr9	125241346	125241347	12656	True	5
chr9_127447920_127447921	chr9	127447920	127447921	10150	True	2
chr9_127447982_127447983	chr9	127447982	127447983	9320	True	2
chr9_127448538_127448539	chr9	127448538	127448539	73115	True	3
chr9_127448556_127448557	chr9	127448556	127448557	73059	True	3
chr9_127448574_127448575	chr9	127448574	127448575	73055	True	3
chr9_127448589_127448590	chr9	127448589	127448590	73043	True	3
chr9_127448607_127448608	chr9	127448607	127448608	73043	True	3
chr9_127448638_127448639	chr9	127448638	127448639	71255	True	3
chr9_127449324_127449325	chr9	127449324	127449325	1872	True	1
chr9_128689535_128689536	chr9	128689535	128689536	14014	True	3
chr9_128689577_128689578	chr9	128689577	128689578	11550	True	3
chr9_128689624_128689625	chr9	128689624	128689625	10576	True	3
chr9_128691190_128691191	chr9	128691190	128691191	1857	True	1
chr9_128693642_128693643	chr9	128693642	128693643	3063	True	5
chr9_128693794_128693795	chr9	128693794	128693795	1856	True	1
chr9_128693968_128693969	chr9	128693968	128693969	14670	True	3
chr9_128694749_128694750	chr9	128694749	128694750	88020	True	2
chr9_128694804_128694805	chr9	128694804	128694805	86816	True	2
chr9_128695142_128695143	chr9	128695142	128695143	491	True	4
chr9_128695437_128695438	chr9	128695437	128695438	589	True	4
chr9_130537687_130537688	chr9	130537687	130537688	0	False	NA
chr9_132421653_132421654	chr9	132421653	132421654	135	False	NA
chr9_133348222_133348223	chr9	133348222	133348223	2083	True	3
chr9_133349394_133349395	chr9	133349394	133349395	61278	True	3
chr9_133349416_133349417	chr9	133349416	133349417	61327	True	3
chr9_133349445_133349446	chr9	133349445	133349446	61823	True	3
chr9_133349938_133349939	chr9	133349938	133349939	17567	True	3
chr9_133350094_133350095	chr9	133350094	133350095	25520	True	3
chr9_133350111_133350112	chr9	133350111	133350112	22488	True	3
chr9_133350126_133350127	chr9	133350126	133350127	21229	True	3
chr9_133350454_133350455	chr9	133350454	133350455	13139	True	5
chr9_133350480_133350481	chr9	133350480	133350481	13391	True	5
chr9_133350650_133350651	chr9	133350650	133350651	21276	True	2
chr9_133350844_133350845	chr9	133350844	133350845	52251	True	2
chr9_133350866_133350867	chr9	133350866	133350867	52874	True	2
chr9_133351045_133351046	chr9	133351045	133351046	1837	True	4
chr9_133351367_133351368	chr9	133351367	133351368	727	True	1
chr9_134164465_134164466	chr9	134164465	134164466	51759	True	2
chr9_134164540_134164541	chr9	134164540	134164541	51743	True	2
chr9_134164565_134164566	chr9	134164565	134164566	51712	True	2
chr9_135095885_135095886	chr9	135095885	135095886	26	False	NA
chr9_135095940_135095941	chr9	135095940	135095941	26	False	NA
chr9_135095971_135095972	chr9	135095971	135095972	26	False	NA
chr9_135095993_135095994	chr9	135095993	135095994	18	False	NA
chr9_135120965_135120966	chr9	135120965	135120966	0	False	NA
chr9_136726140_136726141	chr9	136726140	136726141	23305	True	5
chr9_136726162_136726163	chr9	136726162	136726163	23922	True	5
chr9_136726180_136726181	chr9	136726180	136726181	24190	True	5
chr9_136726209_136726210	chr9	136726209	136726210	24257	True	5
chr9_136726239_136726240	chr9	136726239	136726240	24363	True	5
chr9_136726253_136726254	chr9	136726253	136726254	21959	True	5
chr9_136726783_136726784	chr9	136726783	136726784	64388	True	3
chr9_136726800_136726801	chr9	136726800	136726801	64710	True	3
chr9_136726816_136726817	chr9	136726816	136726817	64322	True	3
chr9_136726832_136726833	chr9	136726832	136726833	64206	True	3
chr9_136726880_136726881	chr9	136726880	136726881	63297	True	3
chr9_137241325_137241326	chr9	137241325	137241326	3851	True	5
chr9_137243600_137243601	chr9	137243600	137243601	6353	True	5
chrM_614_615	chrM	614	615	757104	True	2
chrM_692_693	chrM	692	693	1.38085e+06	True	2
chrM_920_921	chrM	920	921	2.23025e+06	True	2
chrM_948_949	chrM	948	949	2.22437e+06	True	2
chrM_1369_1370	chrM	1369	1370	847000	True	2
chrM_1396_1397	chrM	1396	1397	716868	True	2
chrM_1479_1480	chrM	1479	1480	733040	True	2
chrM_1505_1506	chrM	1505	1506	289789	True	5
chrM_1523_1524	chrM	1523	1524	308817	True	2
chrM_1538_1539	chrM	1538	1539	309077	True	2
chrM_1614_1615	chrM	1614	1615	971033	True	2
chrM_1701_1702	chrM	1701	1702	1.10515e+06	True	2
chrM_1823_1824	chrM	1823	1824	2.66586e+06	True	2
chrM_1871_1872	chrM	1871	1872	2.29888e+06	True	2
chrM_2033_2034	chrM	2033	2034	1.0003e+06	True	2
chrM_2158_2159	chrM	2158	2159	2.55976e+06	True	2
chrM_2257_2258	chrM	2257	2258	3.60002e+06	True	2
chrM_2352_2353	chrM	2352	2353	2.66861e+06	True	2
chrM_2405_2406	chrM	2405	2406	2.77527e+06	True	2
chrM_2504_2505	chrM	2504	2505	2.07552e+06	True	2
chrM_2616_2617	chrM	2616	2617	994858	True	2
chrM_2666_2667	chrM	2666	2667	956535	True	2
chrM_2743_2744	chrM	2743	2744	1.4259e+06	True	2
chrM_2763_2764	chrM	2763	2764	1.6653e+06	True	2
chrM_2884_2885	chrM	2884	2885	1.41454e+06	True	2
chrM_2998_2999	chrM	2998	2999	540526	True	2
chrM_3107_3108	chrM	3107	3108	2.60616e+06	True	2
chrM_3153_3154	chrM	3153	3154	2.48036e+06	True	2
chrM_3182_3183	chrM	3182	3183	2.34796e+06	True	2
chrM_3196_3197	chrM	3196	3197	2.33295e+06	True	2
chrM_3328_3329	chrM	3328	3329	65694	True	2
chrM_3363_3364	chrM	3363	3364	46805	True	2
chrM_3398_3399	chrM	3398	3399	34661	True	2
chrM_3510_3511	chrM	3510	3511	33345	True	3
chrM_3538_3539	chrM	3538	3539	63752	True	2
chrM_3558_3559	chrM	3558	3559	78608	True	2
chrM_3581_3582	chrM	3581	3582	86796	True	2
chrM_3618_3619	chrM	3618	3619	87910	True	2
chrM_3647_3648	chrM	3647	3648	98318	True	2
chrM_3682_3683	chrM	3682	3683	97633	True	2
chrM_3729_3730	chrM	3729	3730	83070	True	2
chrM_3768_3769	chrM	3768	3769	95897	True	2
chrM_3784_3785	chrM	3784	3785	85688	True	2
chrM_3835_3836	chrM	3835	3836	72943	True	2
chrM_3866_3867	chrM	3866	3867	70368	True	2
chrM_3903_3904	chrM	3903	3904	34898	True	2
chrM_4032_4033	chrM	4032	4033	52373	True	2
chrM_4085_4086	chrM	4085	4086	52373	True	2
chrM_4284_4285	chrM	4284	4285	51437	True	2
chrM_4330_4331	chrM	4330	4331	1653	True	4
chrM_4401_4402	chrM	4401	4402	179686	True	2
chrM_4432_4433	chrM	4432	4433	174932	True	2
chrM_4704_4705	chrM	4704	4705	23859	True	3
chrM_4842_4843	chrM	4842	4843	66710	True	3
chrM_4857_4858	chrM	4857	4858	91333	True	2
chrM_4893_4894	chrM	4893	4894	97208	True	2
chrM_4948_4949	chrM	4948	4949	90862	True	2
chrM_4980_4981	chrM	4980	4981	88610	True	2
chrM_5017_5018	chrM	5017	5018	57731	True	2
chrM_5125_5126	chrM	5125	5126	42871	True	2
chrM_5305_5306	chrM	5305	5306	76626	True	2
chrM_5331_5332	chrM	5331	5332	92653	True	2
chrM_5366_5367	chrM	5366	5367	117558	True	2
chrM_5404_5405	chrM	5404	5405	115423	True	2
chrM_5425_5426	chrM	5425	5426	97912	True	2
chrM_5446_5447	chrM	5446	5447	79405	True	2
chrM_5465_5466	chrM	5465	5466	48406	True	2
chrM_5579_5580	chrM	5579	5580	6278	True	6
chrM_5859_5860	chrM	5859	5860	152031	True	2
chrM_5899_5900	chrM	5899	5900	28001	True	2
chrM_5963_5964	chrM	5963	5964	46010	True	2
chrM_6011_6012	chrM	6011	6012	46010	True	2
chrM_6222_6223	chrM	6222	6223	123931	True	2
chrM_6251_6252	chrM	6251	6252	155809	True	2
chrM_6351_6352	chrM	6351	6352	158930	True	2
chrM_6376_6377	chrM	6376	6377	200652	True	2
chrM_6408_6409	chrM	6408	6409	251071	True	2
chrM_6439_6440	chrM	6439	6440	286808	True	2
chrM_6468_6469	chrM	6468	6469	312998	True	2
chrM_6489_6490	chrM	6489	6490	287097	True	2
chrM_6529_6530	chrM	6529	6530	264678	True	2
chrM_6547_6548	chrM	6547	6548	271940	True	2
chrM_6596_6597	chrM	6596	6597	191159	True	2
chrM_6613_6614	chrM	6613	6614	191116	True	2
chrM_6638_6639	chrM	6638	6639	155450	True	2
chrM_6678_6679	chrM	6678	6679	96520	True	2
chrM_6884_6885	chrM	6884	6885	34427	True	2
chrM_6901_6902	chrM	6901	6902	34427	True	2
chrM_6928_6929	chrM	6928	6929	34427	True	2
chrM_7132_7133	chrM	7132	7133	74090	True	2
chrM_7201_7202	chrM	7201	7202	87415	True	2
chrM_7225_7226	chrM	7225	7226	128154	True	2
chrM_7309_7310	chrM	7309	7310	88554	True	2
chrM_7516_7517	chrM	7516	7517	835	True	1
chrM_7685_7686	chrM	7685	7686	144840	True	2
chrM_7801_7802	chrM	7801	7802	114890	True	2
chrM_7837_7838	chrM	7837	7838	116497	True	2
chrM_7880_7881	chrM	7880	7881	116390	True	2
chrM_7905_7906	chrM	7905	7906	84311	True	2
chrM_7962_7963	chrM	7962	7963	73255	True	2
chrM_8011_8012	chrM	8011	8012	54314	True	2
chrM_8046_8047	chrM	8046	8047	79743	True	2
chrM_8134_8135	chrM	8134	8135	67523	True	2
chrM_8192_8193	chrM	8192	8193	39704	True	2
chrM_8450_8451	chrM	8450	8451	118317	True	2
chrM_8474_8475	chrM	8474	8475	118317	True	2
chrM_8633_8634	chrM	8633	8634	189994	True	2
chrM_8708_8709	chrM	8708	8709	180582	True	2
chrM_8912_8913	chrM	8912	8913	56235	True	2
chrM_8932_8933	chrM	8932	8933	59630	True	2
chrM_9016_9017	chrM	9016	9017	59717	True	2
chrM_9043_9044	chrM	9043	9044	63813	True	2
chrM_9111_9112	chrM	9111	9112	90491	True	2
chrM_9150_9151	chrM	9150	9151	99925	True	2
chrM_9234_9235	chrM	9234	9235	147960	True	2
chrM_9322_9323	chrM	9322	9323	126463	True	2
chrM_9511_9512	chrM	9511	9512	93200	True	2
chrM_9607_9608	chrM	9607	9608	96573	True	2
chrM_9727_9728	chrM	9727	9728	87888	True	2
chrM_9764_9765	chrM	9764	9765	120204	True	2
chrM_9797_9798	chrM	9797	9798	148875	True	2
chrM_9831_9832	chrM	9831	9832	129535	True	2
chrM_9854_9855	chrM	9854	9855	132660	True	2
chrM_9882_9883	chrM	9882	9883	130937	True	2
chrM_9931_9932	chrM	9931	9932	209808	True	2
chrM_10003_10004	chrM	10003	10004	167972	True	2
chrM_10123_10124	chrM	10123	10124	58837	True	2
chrM_10187_10188	chrM	10187	10188	95245	True	2
chrM_10214_10215	chrM	10214	10215	95306	True	2
chrM_10249_10250	chrM	10249	10250	89703	True	2
chrM_10272_10273	chrM	10272	10273	85300	True	2
chrM_10337_10338	chrM	10337	10338	70416	True	2
chrM_10593_10594	chrM	10593	10594	102915	True	2
chrM_10707_10708	chrM	10707	10708	72249	True	2
chrM_10749_10750	chrM	10749	10750	140809	True	2
chrM_10789_10790	chrM	10789	10790	177791	True	2
chrM_10903_10904	chrM	10903	10904	315370	True	2
chrM_10958_10959	chrM	10958	10959	241748	True	2
chrM_11066_11067	chrM	11066	11067	182885	True	2
chrM_11115_11116	chrM	11115	11116	186997	True	2
chrM_11135_11136	chrM	11135	11136	210981	True	2
chrM_11207_11208	chrM	11207	11208	259765	True	2
chrM_11257_11258	chrM	11257	11258	169650	True	2
chrM_11288_11289	chrM	11288	11289	185348	True	2
chrM_11400_11401	chrM	11400	11401	69944	True	6
chrM_11464_11465	chrM	11464	11465	91931	True	2
chrM_11524_11525	chrM	11524	11525	65267	True	2
chrM_11575_11576	chrM	11575	11576	97722	True	2
chrM_11625_11626	chrM	11625	11626	87392	True	2
chrM_11643_11644	chrM	11643	11644	129424	True	2
chrM_11733_11734	chrM	11733	11734	111913	True	2
chrM_11907_11908	chrM	11907	11908	165452	True	2
chrM_11943_11944	chrM	11943	11944	192421	True	2
chrM_11988_11989	chrM	11988	11989	239336	True	2
chrM_12073_12074	chrM	12073	12074	488802	True	2
chrM_12150_12151	chrM	12150	12151	349688	True	2
chrM_12216_12217	chrM	12216	12217	249482	True	2
chrM_12395_12396	chrM	12395	12396	63634	True	2
chrM_12443_12444	chrM	12443	12444	83805	True	2
chrM_12469_12470	chrM	12469	12470	79495	True	2
chrM_12542_12543	chrM	12542	12543	88768	True	2
chrM_12600_12601	chrM	12600	12601	50883	True	2
chrM_12657_12658	chrM	12657	12658	87052	True	2
chrM_12720_12721	chrM	12720	12721	80444	True	2
chrM_12876_12877	chrM	12876	12877	51185	True	2
chrM_12901_12902	chrM	12901	12902	44555	True	2
chrM_12970_12971	chrM	12970	12971	48631	True	2
chrM_13010_13011	chrM	13010	13011	38096	True	3
chrM_13050_13051	chrM	13050	13051	58755	True	2
chrM_13109_13110	chrM	13109	13110	67545	True	2
chrM_13253_13254	chrM	13253	13254	52622	True	2
chrM_13354_13355	chrM	13354	13355	63337	True	2
chrM_13374_13375	chrM	13374	13375	67712	True	2
chrM_13516_13517	chrM	13516	13517	57565	True	2
chrM_13543_13544	chrM	13543	13544	82322	True	2
chrM_13569_13570	chrM	13569	13570	89354	True	2
chrM_13624_13625	chrM	13624	13625	136941	True	2
chrM_13654_13655	chrM	13654	13655	173840	True	2
chrM_13696_13697	chrM	13696	13697	194369	True	2
chrM_13744_13745	chrM	13744	13745	169572	True	2
chrM_14032_14033	chrM	14032	14033	46845	True	2
chrM_14175_14176	chrM	14175	14176	103364	True	2
chrM_14296_14297	chrM	14296	14297	307601	True	2
chrM_14322_14323	chrM	14322	14323	320352	True	2
chrM_14389_14390	chrM	14389	14390	323618	True	2
chrM_14417_14418	chrM	14417	14418	380989	True	2
chrM_14501_14502	chrM	14501	14502	208903	True	2
chrM_14544_14545	chrM	14544	14545	192971	True	2
chrM_14575_14576	chrM	14575	14576	192901	True	2
chrM_14745_14746	chrM	14745	14746	42068	True	2
chrM_14799_14800	chrM	14799	14800	46459	True	2
chrM_14850_14851	chrM	14850	14851	50194	True	3
chrM_14876_14877	chrM	14876	14877	48042	True	3
chrM_14939_14940	chrM	14939	14940	27974	True	2
chrM_15033_15034	chrM	15033	15034	39203	True	2
chrM_15068_15069	chrM	15068	15069	40611	True	2
chrM_15160_15161	chrM	15160	15161	37191	True	2
chrM_15184_15185	chrM	15184	15185	27997	True	5
chrM_15335_15336	chrM	15335	15336	24580	True	2
chrM_15415_15416	chrM	15415	15416	35070	True	2
chrM_15511_15512	chrM	15511	15512	48175	True	2
chrM_15570_15571	chrM	15570	15571	57973	True	2
chrM_15630_15631	chrM	15630	15631	66533	True	2
chrM_15653_15654	chrM	15653	15654	59527	True	2
chrM_15691_15692	chrM	15691	15692	56171	True	2
chrM_15719_15720	chrM	15719	15720	57078	True	2
chrM_15750_15751	chrM	15750	15751	51156	True	2
chrM_15786_15787	chrM	15786	15787	47878	True	2
chrM_15837_15838	chrM	15837	15838	114759	True	2
chrM_15902_15903	chrM	15902	15903	158369	True	2
chrM_15918_15919	chrM	15918	15919	160713	True	2
chrM_15952_15953	chrM	15952	15953	237528	True	2
chrM_16007_16008	chrM	16007	16008	244501	True	2
chrM_16024_16025	chrM	16024	16025	241787	True	2
chrX_1386579_1386580	chrX	1386579	1386580	0	False	NA
chrX_12975108_12975109	chrX	12975108	12975109	2846	True	1
chrX_20136110_20136111	chrX	20136110	20136111	11267	True	5
chrX_20136414_20136415	chrX	20136414	20136415	1872	True	4
chrX_24076945_24076946	chrX	24076945	24076946	9977	True	6
chrX_30868630_30868631	chrX	30868630	30868631	0	False	NA
chrX_48577068_48577069	chrX	48577068	48577069	2239	True	1
chrX_48578198_48578199	chrX	48578198	48578199	4984	True	6
chrX_48959219_48959220	chrX	48959219	48959220	273	True	4
chrX_53557269_53557270	chrX	53557269	53557270	2944	True	4
chrX_65736861_65736862	chrX	65736861	65736862	4397	True	1
chrX_70963255_70963256	chrX	70963255	70963256	33	False	NA
chrX_70963292_70963293	chrX	70963292	70963293	33	False	NA
chrX_71020437_71020438	chrX	71020437	71020438	493	True	4
chrX_71301062_71301063	chrX	71301062	71301063	7192	True	6
chrX_72272642_72272643	chrX	72272642	72272643	7047	True	6
chrX_72272665_72272666	chrX	72272665	72272666	7056	True	6
chrX_72272689_72272690	chrX	72272689	72272690	6897	True	6
chrX_72272757_72272758	chrX	72272757	72272758	6089	True	6
chrX_72273243_72273244	chrX	72273243	72273244	4204	True	6
chrX_72275068_72275069	chrX	72275068	72275069	5561	True	5
chrX_72275717_72275718	chrX	72275717	72275718	14632	True	2
chrX_72740859_72740860	chrX	72740859	72740860	1078	True	4
chrX_74287347_74287348	chrX	74287347	74287348	2209	True	4
chrX_78125988_78125989	chrX	78125988	78125989	7852	True	6
chrX_80346380_80346381	chrX	80346380	80346381	0	False	NA
chrX_86178360_86178361	chrX	86178360	86178361	0	False	NA
chrX_101391522_101391523	chrX	101391522	101391523	431	True	4
chrX_101395390_101395391	chrX	101395390	101395391	395	True	1
chrX_102809573_102809574	chrX	102809573	102809574	205	True	4
chrX_103676218_103676219	chrX	103676218	103676219	3404	True	6
chrX_105312163_105312164	chrX	105312163	105312164	0	False	NA
chrX_109054563_109054564	chrX	109054563	109054564	257784	True	3
chrX_111933688_111933689	chrX	111933688	111933689	0	False	NA
chrX_115650492_115650493	chrX	115650492	115650493	659	True	4
chrX_119423812_119423813	chrX	119423812	119423813	26506	True	2
chrX_119434688_119434689	chrX	119434688	119434689	353	True	4
chrX_119787438_119787439	chrX	119787438	119787439	31970	True	3
chrX_124649238_124649239	chrX	124649238	124649239	29	False	NA
chrX_126472992_126472993	chrX	126472992	126472993	497	True	4
chrX_128122782_128122783	chrX	128122782	128122783	1980	True	4
chrX_134169707_134169708	chrX	134169707	134169708	251	True	4
chrX_136879226_136879227	chrX	136879226	136879227	42783	True	3
chrX_136879255_136879256	chrX	136879255	136879256	42989	True	3
chrX_136879274_136879275	chrX	136879274	136879275	42804	True	3
chrX_151958653_151958654	chrX	151958653	151958654	9804	True	1
chrX_153451227_153451228	chrX	153451227	153451228	3949	True	4
chrX_154348586_154348587	chrX	154348586	154348587	4167	True	5
chrX_154348671_154348672	chrX	154348671	154348672	7332	True	5
chrX_154348782_154348783	chrX	154348782	154348783	7939	True	5
chrX_154358206_154358207	chrX	154358206	154358207	4458	True	5
chrX_154362488_154362489	chrX	154362488	154362489	6817	True	5
chrX_154362536_154362537	chrX	154362536	154362537	5040	True	5
chrX_154365370_154365371	chrX	154365370	154365371	3797	True	5
chrX_154366317_154366318	chrX	154366317	154366318	5016	True	5
chrX_154366630_154366631	chrX	154366630	154366631	1662	True	5
chrX_154399345_154399346	chrX	154399345	154399346	4131	True	1
chrX_154399539_154399540	chrX	154399539	154399540	16067	True	3
chrX_154400279_154400280	chrX	154400279	154400280	19780	True	3
chrX_154400291_154400292	chrX	154400291	154400292	19987	True	3
chrX_154400314_154400315	chrX	154400314	154400315	20267	True	3
chrX_154768526_154768527	chrX	154768526	154768527	8732	True	1
chrX_154768574_154768575	chrX	154768574	154768575	8643	True	1
chrX_154768589_154768590	chrX	154768589	154768590	8603	True	1
chrX_154774996_154774997	chrX	154774996	154774997	8551	True	1
chrX_154888415_154888416	chrX	154888415	154888416	0	False	NA
chrY_10200157_10200158	chrY	10200157	10200158	4360	True	3
chrY_10200212_10200213	chrY	10200212	10200213	4360	True	3
chrY_10200225_10200226	chrY	10200225	10200226	4360	True	3
chrY_15417969_15417970	chrY	15417969	15417970	0	False	NA
