binf_chr_start_end	chrom	start	end	row_sum_support	passes_heatmap_filter	heatmap_cluster
chr1_629952_629953	chr1	629952	629953	1402	True	2
chr1_634033_634034	chr1	634033	634034	15176	True	1
chr1_1095540_1095541	chr1	1095540	1095541	337	True	2
chr1_1102078_1102079	chr1	1102078	1102079	113	False	NA
chr1_1391024_1391025	chr1	1391024	1391025	13997	True	1
chr1_1391083_1391084	chr1	1391083	1391084	10771	True	1
chr1_1391214_1391215	chr1	1391214	1391215	13410	True	1
chr1_1391253_1391254	chr1	1391253	1391254	15715	True	1
chr1_1395065_1395066	chr1	1395065	1395066	1779	True	1
chr1_1477721_1477722	chr1	1477721	1477722	769	True	4
chr1_1478172_1478173	chr1	1478172	1478173	4206	True	3
chr1_1673970_1673971	chr1	1673970	1673971	1173	True	3
chr1_2282525_2282526	chr1	2282525	2282526	931	True	2
chr1_6668444_6668445	chr1	6668444	6668445	5	False	NA
chr1_7121813_7121814	chr1	7121813	7121814	0	False	NA
chr1_8206537_8206538	chr1	8206537	8206538	0	False	NA
chr1_11152402_11152403	chr1	11152402	11152403	0	False	NA
chr1_11909805_11909806	chr1	11909805	11909806	0	False	NA
chr1_11909817_11909818	chr1	11909817	11909818	0	False	NA
chr1_11909844_11909845	chr1	11909844	11909845	0	False	NA
chr1_11909857_11909858	chr1	11909857	11909858	0	False	NA
chr1_15859153_15859154	chr1	15859153	15859154	85	False	NA
chr1_15873253_15873254	chr1	15873253	15873254	2063	True	4
chr1_15873277_15873278	chr1	15873277	15873278	1942	True	4
chr1_15873319_15873320	chr1	15873319	15873320	1987	True	4
chr1_15873389_15873390	chr1	15873389	15873390	1344	True	2
chr1_15873436_15873437	chr1	15873436	15873437	1213	True	2
chr1_15873519_15873520	chr1	15873519	15873520	1407	True	2
chr1_15873542_15873543	chr1	15873542	15873543	1301	True	2
chr1_15873569_15873570	chr1	15873569	15873570	1332	True	2
chr1_15873719_15873720	chr1	15873719	15873720	1176	True	5
chr1_15873758_15873759	chr1	15873758	15873759	1391	True	5
chr1_15873971_15873972	chr1	15873971	15873972	965	True	2
chr1_15874173_15874174	chr1	15874173	15874174	1788	True	4
chr1_15874215_15874216	chr1	15874215	15874216	1887	True	4
chr1_15874241_15874242	chr1	15874241	15874242	1773	True	4
chr1_15874263_15874264	chr1	15874263	15874264	1907	True	4
chr1_15875492_15875493	chr1	15875492	15875493	48	False	NA
chr1_15920549_15920550	chr1	15920549	15920550	124	False	NA
chr1_16471980_16471981	chr1	16471980	16471981	221	True	2
chr1_17414534_17414535	chr1	17414534	17414535	141	False	NA
chr1_19609017_19609018	chr1	19609017	19609018	218	True	4
chr1_20776014_20776015	chr1	20776014	20776015	7235	True	1
chr1_20845668_20845669	chr1	20845668	20845669	43	False	NA
chr1_20896440_20896441	chr1	20896440	20896441	53	False	NA
chr1_21123567_21123568	chr1	21123567	21123568	160	False	NA
chr1_21756167_21756168	chr1	21756167	21756168	778	True	4
chr1_23069138_23069139	chr1	23069138	23069139	0	False	NA
chr1_23071330_23071331	chr1	23071330	23071331	0	False	NA
chr1_23072208_23072209	chr1	23072208	23072209	0	False	NA
chr1_23321676_23321677	chr1	23321676	23321677	4346	True	4
chr1_23322627_23322628	chr1	23322627	23322628	463	True	4
chr1_23323117_23323118	chr1	23323117	23323118	1482	True	4
chr1_23975081_23975082	chr1	23975081	23975082	2878	True	4
chr1_23975367_23975368	chr1	23975367	23975368	2279	True	3
chr1_23975410_23975411	chr1	23975410	23975411	2102	True	3
chr1_23977847_23977848	chr1	23977847	23977848	2254	True	3
chr1_23977870_23977871	chr1	23977870	23977871	2299	True	3
chr1_23978041_23978042	chr1	23978041	23978042	3330	True	6
chr1_24202748_24202749	chr1	24202748	24202749	0	False	NA
chr1_24647752_24647753	chr1	24647752	24647753	1257	True	4
chr1_24648324_24648325	chr1	24648324	24648325	3990	True	3
chr1_28506211_28506212	chr1	28506211	28506212	10047	True	1
chr1_28506760_28506761	chr1	28506760	28506761	6691	True	1
chr1_28507364_28507365	chr1	28507364	28507365	276564	True	1
chr1_28507616_28507617	chr1	28507616	28507617	69235	True	1
chr1_28508556_28508557	chr1	28508556	28508557	332622	True	1
chr1_28738457_28738458	chr1	28738457	28738458	1553	True	3
chr1_29177619_29177620	chr1	29177619	29177620	2955	True	3
chr1_29178233_29178234	chr1	29178233	29178234	2216	True	4
chr1_29178836_29178837	chr1	29178836	29178837	2776	True	4
chr1_29178884_29178885	chr1	29178884	29178885	2625	True	4
chr1_29178955_29178956	chr1	29178955	29178956	3243	True	4
chr1_29179048_29179049	chr1	29179048	29179049	3000	True	4
chr1_29179075_29179076	chr1	29179075	29179076	3213	True	4
chr1_29179145_29179146	chr1	29179145	29179146	2894	True	4
chr1_29179179_29179180	chr1	29179179	29179180	2080	True	4
chr1_29179215_29179216	chr1	29179215	29179216	2901	True	4
chr1_29179318_29179319	chr1	29179318	29179319	2182	True	4
chr1_29179344_29179345	chr1	29179344	29179345	2319	True	4
chr1_29179531_29179532	chr1	29179531	29179532	2868	True	3
chr1_29179668_29179669	chr1	29179668	29179669	2486	True	4
chr1_31293163_31293164	chr1	31293163	31293164	396	True	4
chr1_32674739_32674740	chr1	32674739	32674740	812	True	1
chr1_32801446_32801447	chr1	32801446	32801447	588	True	2
chr1_32802730_32802731	chr1	32802730	32802731	508	True	2
chr1_32803583_32803584	chr1	32803583	32803584	986	True	2
chr1_32803613_32803614	chr1	32803613	32803614	1012	True	2
chr1_32836143_32836144	chr1	32836143	32836144	486	True	1
chr1_33010561_33010562	chr1	33010561	33010562	0	False	NA
chr1_33012223_33012224	chr1	33012223	33012224	0	False	NA
chr1_33336649_33336650	chr1	33336649	33336650	0	False	NA
chr1_35097656_35097657	chr1	35097656	35097657	670	True	3
chr1_35177323_35177324	chr1	35177323	35177324	5346	True	4
chr1_35177358_35177359	chr1	35177358	35177359	5462	True	6
chr1_35177383_35177384	chr1	35177383	35177384	5543	True	6
chr1_35178045_35178046	chr1	35178045	35178046	5372	True	4
chr1_35178854_35178855	chr1	35178854	35178855	5492	True	1
chr1_35178889_35178890	chr1	35178889	35178890	6229	True	1
chr1_35181568_35181569	chr1	35181568	35181569	3322	True	3
chr1_35181622_35181623	chr1	35181622	35181623	3663	True	1
chr1_35181654_35181655	chr1	35181654	35181655	3907	True	1
chr1_35181713_35181714	chr1	35181713	35181714	3326	True	1
chr1_35182094_35182095	chr1	35182094	35182095	6859	True	1
chr1_35182117_35182118	chr1	35182117	35182118	6895	True	1
chr1_35184629_35184630	chr1	35184629	35184630	11397	True	1
chr1_35184651_35184652	chr1	35184651	35184652	12822	True	1
chr1_35184702_35184703	chr1	35184702	35184703	7318	True	3
chr1_35184725_35184726	chr1	35184725	35184726	7671	True	3
chr1_35184853_35184854	chr1	35184853	35184854	4297	True	1
chr1_35185146_35185147	chr1	35185146	35185147	4044	True	1
chr1_35185164_35185165	chr1	35185164	35185165	4227	True	1
chr1_35185318_35185319	chr1	35185318	35185319	3234	True	3
chr1_35185638_35185639	chr1	35185638	35185639	2898	True	1
chr1_35186893_35186894	chr1	35186893	35186894	7655	True	1
chr1_35186919_35186920	chr1	35186919	35186920	8427	True	1
chr1_35186962_35186963	chr1	35186962	35186963	9400	True	1
chr1_35187572_35187573	chr1	35187572	35187573	629	True	4
chr1_35187734_35187735	chr1	35187734	35187735	822	True	4
chr1_35188658_35188659	chr1	35188658	35188659	1788	True	3
chr1_35188965_35188966	chr1	35188965	35188966	5704	True	3
chr1_35189486_35189487	chr1	35189486	35189487	401	True	2
chr1_35189955_35189956	chr1	35189955	35189956	990	True	3
chr1_35191053_35191054	chr1	35191053	35191054	3589	True	4
chr1_35191096_35191097	chr1	35191096	35191097	1385	True	2
chr1_35191224_35191225	chr1	35191224	35191225	1266	True	2
chr1_35191290_35191291	chr1	35191290	35191291	5683	True	4
chr1_35191321_35191322	chr1	35191321	35191322	7624	True	4
chr1_35191698_35191699	chr1	35191698	35191699	979	True	2
chr1_35191815_35191816	chr1	35191815	35191816	1657	True	4
chr1_35359214_35359215	chr1	35359214	35359215	0	False	NA
chr1_35359260_35359261	chr1	35359260	35359261	0	False	NA
chr1_35359372_35359373	chr1	35359372	35359373	0	False	NA
chr1_35359404_35359405	chr1	35359404	35359405	0	False	NA
chr1_35359467_35359468	chr1	35359467	35359468	0	False	NA
chr1_35359861_35359862	chr1	35359861	35359862	79	False	NA
chr1_35360958_35360959	chr1	35360958	35360959	198	False	NA
chr1_35361028_35361029	chr1	35361028	35361029	27	False	NA
chr1_35361179_35361180	chr1	35361179	35361180	801	True	2
chr1_35361242_35361243	chr1	35361242	35361243	0	False	NA
chr1_35361724_35361725	chr1	35361724	35361725	0	False	NA
chr1_35361761_35361762	chr1	35361761	35361762	0	False	NA
chr1_35362219_35362220	chr1	35362219	35362220	89	False	NA
chr1_35381191_35381192	chr1	35381191	35381192	549	True	2
chr1_35384852_35384853	chr1	35384852	35384853	403	True	5
chr1_35388716_35388717	chr1	35388716	35388717	287	True	5
chr1_35401657_35401658	chr1	35401657	35401658	121	False	NA
chr1_35401679_35401680	chr1	35401679	35401680	101	False	NA
chr1_35401777_35401778	chr1	35401777	35401778	78	False	NA
chr1_35527090_35527091	chr1	35527090	35527091	103	False	NA
chr1_35751229_35751230	chr1	35751229	35751230	516	True	2
chr1_35967426_35967427	chr1	35967426	35967427	399	True	4
chr1_35969155_35969156	chr1	35969155	35969156	298	True	4
chr1_36282962_36282963	chr1	36282962	36282963	95	False	NA
chr1_36283004_36283005	chr1	36283004	36283005	117	False	NA
chr1_36283019_36283020	chr1	36283019	36283020	130	False	NA
chr1_36287487_36287488	chr1	36287487	36287488	625	True	2
chr1_36287521_36287522	chr1	36287521	36287522	515	True	2
chr1_36287769_36287770	chr1	36287769	36287770	724	True	2
chr1_36287907_36287908	chr1	36287907	36287908	1499	True	5
chr1_36288005_36288006	chr1	36288005	36288006	1530	True	4
chr1_36288026_36288027	chr1	36288026	36288027	1016	True	4
chr1_36288164_36288165	chr1	36288164	36288165	983	True	4
chr1_36288179_36288180	chr1	36288179	36288180	963	True	4
chr1_36288208_36288209	chr1	36288208	36288209	1421	True	4
chr1_36288291_36288292	chr1	36288291	36288292	663	True	5
chr1_36288407_36288408	chr1	36288407	36288408	978	True	5
chr1_36288532_36288533	chr1	36288532	36288533	1150	True	5
chr1_36288588_36288589	chr1	36288588	36288589	1001	True	5
chr1_36288601_36288602	chr1	36288601	36288602	855	True	5
chr1_36288614_36288615	chr1	36288614	36288615	860	True	5
chr1_36288689_36288690	chr1	36288689	36288690	875	True	5
chr1_36288730_36288731	chr1	36288730	36288731	1098	True	5
chr1_36288775_36288776	chr1	36288775	36288776	1158	True	5
chr1_36288804_36288805	chr1	36288804	36288805	1086	True	5
chr1_36288824_36288825	chr1	36288824	36288825	1098	True	5
chr1_36288852_36288853	chr1	36288852	36288853	900	True	5
chr1_36288964_36288965	chr1	36288964	36288965	1418	True	2
chr1_36289050_36289051	chr1	36289050	36289051	2481	True	4
chr1_36294101_36294102	chr1	36294101	36294102	452	True	5
chr1_36294152_36294153	chr1	36294152	36294153	416	True	5
chr1_36294231_36294232	chr1	36294231	36294232	444	True	5
chr1_36294872_36294873	chr1	36294872	36294873	673	True	3
chr1_36295987_36295988	chr1	36295987	36295988	291	True	5
chr1_37398752_37398753	chr1	37398752	37398753	0	False	NA
chr1_38019499_38019500	chr1	38019499	38019500	299	True	5
chr1_39335698_39335699	chr1	39335698	39335699	908	True	2
chr1_39350793_39350794	chr1	39350793	39350794	2069	True	2
chr1_39362949_39362950	chr1	39362949	39362950	27	False	NA
chr1_39422449_39422450	chr1	39422449	39422450	2678	True	2
chr1_39429838_39429839	chr1	39429838	39429839	1784	True	2
chr1_39429874_39429875	chr1	39429874	39429875	2546	True	2
chr1_39437324_39437325	chr1	39437324	39437325	228	True	5
chr1_39439300_39439301	chr1	39439300	39439301	1498	True	2
chr1_39441076_39441077	chr1	39441076	39441077	2050	True	2
chr1_39441249_39441250	chr1	39441249	39441250	1127	True	2
chr1_39442250_39442251	chr1	39442250	39442251	3201	True	4
chr1_39460785_39460786	chr1	39460785	39460786	1281	True	2
chr1_39556744_39556745	chr1	39556744	39556745	76	False	NA
chr1_39567762_39567763	chr1	39567762	39567763	0	False	NA
chr1_39567791_39567792	chr1	39567791	39567792	0	False	NA
chr1_39567809_39567810	chr1	39567809	39567810	0	False	NA
chr1_39568213_39568214	chr1	39568213	39568214	0	False	NA
chr1_39568263_39568264	chr1	39568263	39568264	855	True	4
chr1_39568290_39568291	chr1	39568290	39568291	0	False	NA
chr1_39568473_39568474	chr1	39568473	39568474	0	False	NA
chr1_39568517_39568518	chr1	39568517	39568518	637	True	5
chr1_39568545_39568546	chr1	39568545	39568546	0	False	NA
chr1_39568558_39568559	chr1	39568558	39568559	661	True	5
chr1_39568581_39568582	chr1	39568581	39568582	606	True	5
chr1_39568618_39568619	chr1	39568618	39568619	0	False	NA
chr1_39568667_39568668	chr1	39568667	39568668	752	True	4
chr1_39568720_39568721	chr1	39568720	39568721	1637	True	4
chr1_39568754_39568755	chr1	39568754	39568755	0	False	NA
chr1_39568779_39568780	chr1	39568779	39568780	0	False	NA
chr1_39568840_39568841	chr1	39568840	39568841	0	False	NA
chr1_39568877_39568878	chr1	39568877	39568878	0	False	NA
chr1_39568900_39568901	chr1	39568900	39568901	0	False	NA
chr1_40224646_40224647	chr1	40224646	40224647	220	True	4
chr1_40379576_40379577	chr1	40379576	40379577	586	True	3
chr1_40997140_40997141	chr1	40997140	40997141	293	True	5
chr1_41128472_41128473	chr1	41128472	41128473	29	False	NA
chr1_41138480_41138481	chr1	41138480	41138481	43	False	NA
chr1_41165483_41165484	chr1	41165483	41165484	344	True	2
chr1_41165513_41165514	chr1	41165513	41165514	306	True	2
chr1_41165694_41165695	chr1	41165694	41165695	379	True	2
chr1_41165942_41165943	chr1	41165942	41165943	323	True	2
chr1_41166039_41166040	chr1	41166039	41166040	425	True	2
chr1_41166065_41166066	chr1	41166065	41166066	425	True	2
chr1_41166251_41166252	chr1	41166251	41166252	376	True	2
chr1_41166350_41166351	chr1	41166350	41166351	549	True	2
chr1_41166418_41166419	chr1	41166418	41166419	467	True	2
chr1_41166439_41166440	chr1	41166439	41166440	465	True	2
chr1_41166458_41166459	chr1	41166458	41166459	381	True	2
chr1_41166570_41166571	chr1	41166570	41166571	191	False	NA
chr1_41166612_41166613	chr1	41166612	41166613	180	False	NA
chr1_41166667_41166668	chr1	41166667	41166668	229	True	2
chr1_41166996_41166997	chr1	41166996	41166997	281	True	2
chr1_41167034_41167035	chr1	41167034	41167035	290	True	2
chr1_41167316_41167317	chr1	41167316	41167317	608	True	2
chr1_41167386_41167387	chr1	41167386	41167387	619	True	2
chr1_41167434_41167435	chr1	41167434	41167435	580	True	2
chr1_41167532_41167533	chr1	41167532	41167533	520	True	2
chr1_41167552_41167553	chr1	41167552	41167553	543	True	2
chr1_41167657_41167658	chr1	41167657	41167658	463	True	2
chr1_41167945_41167946	chr1	41167945	41167946	388	True	2
chr1_41167972_41167973	chr1	41167972	41167973	500	True	2
chr1_41167990_41167991	chr1	41167990	41167991	497	True	2
chr1_41168080_41168081	chr1	41168080	41168081	499	True	2
chr1_41168229_41168230	chr1	41168229	41168230	608	True	2
chr1_41168257_41168258	chr1	41168257	41168258	602	True	2
chr1_41168304_41168305	chr1	41168304	41168305	521	True	2
chr1_41168417_41168418	chr1	41168417	41168418	209	True	2
chr1_41168490_41168491	chr1	41168490	41168491	213	True	2
chr1_41168709_41168710	chr1	41168709	41168710	390	True	2
chr1_41168780_41168781	chr1	41168780	41168781	572	True	2
chr1_41169024_41169025	chr1	41169024	41169025	725	True	2
chr1_42300204_42300205	chr1	42300204	42300205	265	True	2
chr1_42313675_42313676	chr1	42313675	42313676	53	False	NA
chr1_44339344_44339345	chr1	44339344	44339345	623	True	5
chr1_44721784_44721785	chr1	44721784	44721785	0	False	NA
chr1_44721811_44721812	chr1	44721811	44721812	0	False	NA
chr1_44721832_44721833	chr1	44721832	44721833	0	False	NA
chr1_44721863_44721864	chr1	44721863	44721864	0	False	NA
chr1_44721879_44721880	chr1	44721879	44721880	0	False	NA
chr1_44923621_44923622	chr1	44923621	44923622	130	False	NA
chr1_45606638_45606639	chr1	45606638	45606639	3460	True	4
chr1_45606826_45606827	chr1	45606826	45606827	1333	True	3
chr1_45606908_45606909	chr1	45606908	45606909	2189	True	3
chr1_45606951_45606952	chr1	45606951	45606952	2465	True	3
chr1_45606970_45606971	chr1	45606970	45606971	2409	True	3
chr1_45606994_45606995	chr1	45606994	45606995	2274	True	3
chr1_45607026_45607027	chr1	45607026	45607027	1740	True	4
chr1_45607192_45607193	chr1	45607192	45607193	2096	True	4
chr1_45607227_45607228	chr1	45607227	45607228	2599	True	4
chr1_45607258_45607259	chr1	45607258	45607259	3127	True	4
chr1_45608384_45608385	chr1	45608384	45608385	3804	True	3
chr1_45608425_45608426	chr1	45608425	45608426	3330	True	3
chr1_45608443_45608444	chr1	45608443	45608444	3488	True	3
chr1_45608479_45608480	chr1	45608479	45608480	3424	True	4
chr1_45608500_45608501	chr1	45608500	45608501	3606	True	4
chr1_46273520_46273521	chr1	46273520	46273521	1640	True	4
chr1_51447122_51447123	chr1	51447122	51447123	1050	True	2
chr1_52416905_52416906	chr1	52416905	52416906	0	False	NA
chr1_52437959_52437960	chr1	52437959	52437960	651	True	3
chr1_52439234_52439235	chr1	52439234	52439235	450	True	4
chr1_52472113_52472114	chr1	52472113	52472114	350	True	2
chr1_52491690_52491691	chr1	52491690	52491691	212	True	5
chr1_52495361_52495362	chr1	52495361	52495362	381	True	2
chr1_52495375_52495376	chr1	52495375	52495376	389	True	2
chr1_52879784_52879785	chr1	52879784	52879785	194	False	NA
chr1_52884911_52884912	chr1	52884911	52884912	248	True	4
chr1_55086040_55086041	chr1	55086040	55086041	1454	True	2
chr1_55097523_55097524	chr1	55097523	55097524	283	True	5
chr1_58676412_58676413	chr1	58676412	58676413	1758	True	3
chr1_58685331_58685332	chr1	58685331	58685332	498	True	5
chr1_58689236_58689237	chr1	58689236	58689237	909	True	5
chr1_58690096_58690097	chr1	58690096	58690097	1018	True	3
chr1_58690160_58690161	chr1	58690160	58690161	931	True	4
chr1_61089709_61089710	chr1	61089709	61089710	406	True	6
chr1_61696548_61696549	chr1	61696548	61696549	425	True	4
chr1_67415349_67415350	chr1	67415349	67415350	3443	True	4
chr1_67415774_67415775	chr1	67415774	67415775	297	True	4
chr1_67416402_67416403	chr1	67416402	67416403	435	True	5
chr1_67421106_67421107	chr1	67421106	67421107	681	True	3
chr1_67421138_67421139	chr1	67421138	67421139	872	True	3
chr1_67424330_67424331	chr1	67424330	67424331	1887	True	4
chr1_67426816_67426817	chr1	67426816	67426817	220	True	5
chr1_67428739_67428740	chr1	67428739	67428740	322	True	5
chr1_68480042_68480043	chr1	68480042	68480043	284	True	2
chr1_68480062_68480063	chr1	68480062	68480063	128	False	NA
chr1_68480626_68480627	chr1	68480626	68480627	46	False	NA
chr1_68480669_68480670	chr1	68480669	68480670	32	False	NA
chr1_68481855_68481856	chr1	68481855	68481856	0	False	NA
chr1_68482212_68482213	chr1	68482212	68482213	0	False	NA
chr1_68482559_68482560	chr1	68482559	68482560	0	False	NA
chr1_68482576_68482577	chr1	68482576	68482577	0	False	NA
chr1_69753035_69753036	chr1	69753035	69753036	0	False	NA
chr1_70222074_70222075	chr1	70222074	70222075	3122	True	1
chr1_70222194_70222195	chr1	70222194	70222195	2214	True	4
chr1_70222539_70222540	chr1	70222539	70222540	2246	True	4
chr1_70222591_70222592	chr1	70222591	70222592	2456	True	4
chr1_70222624_70222625	chr1	70222624	70222625	1789	True	4
chr1_70222673_70222674	chr1	70222673	70222674	1900	True	4
chr1_70228720_70228721	chr1	70228720	70228721	3308	True	3
chr1_70228856_70228857	chr1	70228856	70228857	3082	True	3
chr1_70228938_70228939	chr1	70228938	70228939	3079	True	6
chr1_70228965_70228966	chr1	70228965	70228966	2994	True	6
chr1_70229201_70229202	chr1	70229201	70229202	5694	True	3
chr1_70229287_70229288	chr1	70229287	70229288	6940	True	1
chr1_70229362_70229363	chr1	70229362	70229363	3862	True	3
chr1_70229388_70229389	chr1	70229388	70229389	4604	True	3
chr1_70229416_70229417	chr1	70229416	70229417	5143	True	3
chr1_70229469_70229470	chr1	70229469	70229470	4428	True	3
chr1_70229489_70229490	chr1	70229489	70229490	3534	True	3
chr1_70229545_70229546	chr1	70229545	70229546	4516	True	3
chr1_70229940_70229941	chr1	70229940	70229941	3457	True	3
chr1_70230022_70230023	chr1	70230022	70230023	3075	True	3
chr1_70230095_70230096	chr1	70230095	70230096	1655	True	3
chr1_70230111_70230112	chr1	70230111	70230112	1984	True	3
chr1_70230190_70230191	chr1	70230190	70230191	2029	True	3
chr1_70230203_70230204	chr1	70230203	70230204	1597	True	3
chr1_70230220_70230221	chr1	70230220	70230221	1443	True	3
chr1_70230254_70230255	chr1	70230254	70230255	1693	True	3
chr1_70230485_70230486	chr1	70230485	70230486	2736	True	3
chr1_70230531_70230532	chr1	70230531	70230532	2758	True	3
chr1_70230658_70230659	chr1	70230658	70230659	3092	True	1
chr1_70230672_70230673	chr1	70230672	70230673	3030	True	1
chr1_70230707_70230708	chr1	70230707	70230708	3131	True	1
chr1_70230762_70230763	chr1	70230762	70230763	3377	True	1
chr1_70230863_70230864	chr1	70230863	70230864	3146	True	6
chr1_70231095_70231096	chr1	70231095	70231096	7018	True	3
chr1_70231389_70231390	chr1	70231389	70231390	4686	True	3
chr1_70231408_70231409	chr1	70231408	70231409	3469	True	3
chr1_70231485_70231486	chr1	70231485	70231486	4792	True	3
chr1_70231513_70231514	chr1	70231513	70231514	6336	True	1
chr1_70231555_70231556	chr1	70231555	70231556	6424	True	1
chr1_70231596_70231597	chr1	70231596	70231597	6064	True	1
chr1_70231669_70231670	chr1	70231669	70231670	5521	True	1
chr1_70231745_70231746	chr1	70231745	70231746	5815	True	3
chr1_70231843_70231844	chr1	70231843	70231844	6671	True	3
chr1_70231894_70231895	chr1	70231894	70231895	6453	True	3
chr1_70232029_70232030	chr1	70232029	70232030	1584	True	5
chr1_70232076_70232077	chr1	70232076	70232077	1233	True	5
chr1_70232143_70232144	chr1	70232143	70232144	2719	True	4
chr1_70247135_70247136	chr1	70247135	70247136	702	True	2
chr1_71064805_71064806	chr1	71064805	71064806	0	False	NA
chr1_71064879_71064880	chr1	71064879	71064880	0	False	NA
chr1_71064981_71064982	chr1	71064981	71064982	0	False	NA
chr1_71065074_71065075	chr1	71065074	71065075	0	False	NA
chr1_71066498_71066499	chr1	71066498	71066499	0	False	NA
chr1_71066535_71066536	chr1	71066535	71066536	2610	True	3
chr1_71066689_71066690	chr1	71066689	71066690	2060	True	4
chr1_71070445_71070446	chr1	71070445	71070446	1153	True	4
chr1_71070650_71070651	chr1	71070650	71070651	1093	True	4
chr1_71070686_71070687	chr1	71070686	71070687	1371	True	4
chr1_71070756_71070757	chr1	71070756	71070757	2324	True	4
chr1_71070812_71070813	chr1	71070812	71070813	2691	True	4
chr1_72731572_72731573	chr1	72731572	72731573	0	False	NA
chr1_72731593_72731594	chr1	72731593	72731594	0	False	NA
chr1_75505996_75505997	chr1	75505996	75505997	25	False	NA
chr1_75605374_75605375	chr1	75605374	75605375	61	False	NA
chr1_75786434_75786435	chr1	75786434	75786435	2823	True	3
chr1_75786567_75786568	chr1	75786567	75786568	2541	True	3
chr1_75786602_75786603	chr1	75786602	75786603	2264	True	3
chr1_75786631_75786632	chr1	75786631	75786632	2241	True	3
chr1_75786791_75786792	chr1	75786791	75786792	2233	True	3
chr1_75786832_75786833	chr1	75786832	75786833	2047	True	3
chr1_75786848_75786849	chr1	75786848	75786849	3203	True	3
chr1_75786933_75786934	chr1	75786933	75786934	3499	True	3
chr1_75786946_75786947	chr1	75786946	75786947	3221	True	3
chr1_75787019_75787020	chr1	75787019	75787020	25325	True	1
chr1_75787245_75787246	chr1	75787245	75787246	4960	True	1
chr1_75787366_75787367	chr1	75787366	75787367	2373	True	3
chr1_75787385_75787386	chr1	75787385	75787386	2668	True	3
chr1_75787485_75787486	chr1	75787485	75787486	6377	True	3
chr1_75787618_75787619	chr1	75787618	75787619	5558	True	3
chr1_75787636_75787637	chr1	75787636	75787637	4499	True	3
chr1_75787676_75787677	chr1	75787676	75787677	3508	True	4
chr1_75787862_75787863	chr1	75787862	75787863	68299	True	1
chr1_75788134_75788135	chr1	75788134	75788135	1783	True	4
chr1_75788770_75788771	chr1	75788770	75788771	1984	True	4
chr1_75789802_75789803	chr1	75789802	75789803	1602	True	4
chr1_75790141_75790142	chr1	75790141	75790142	3399	True	3
chr1_75790289_75790290	chr1	75790289	75790290	1214	True	5
chr1_75790505_75790506	chr1	75790505	75790506	1596	True	4
chr1_75794350_75794351	chr1	75794350	75794351	685	True	2
chr1_75794499_75794500	chr1	75794499	75794500	2699	True	4
chr1_76171507_76171508	chr1	76171507	76171508	0	False	NA
chr1_76173708_76173709	chr1	76173708	76173709	0	False	NA
chr1_77722786_77722787	chr1	77722786	77722787	131	False	NA
chr1_77723166_77723167	chr1	77723166	77723167	512	True	5
chr1_77948794_77948795	chr1	77948794	77948795	4594	True	3
chr1_77948814_77948815	chr1	77948814	77948815	4447	True	3
chr1_77948989_77948990	chr1	77948989	77948990	3855	True	4
chr1_77949440_77949441	chr1	77949440	77949441	552	True	2
chr1_77956060_77956061	chr1	77956060	77956061	662	True	5
chr1_77961776_77961777	chr1	77961776	77961777	1061	True	4
chr1_77962023_77962024	chr1	77962023	77962024	657	True	4
chr1_77962441_77962442	chr1	77962441	77962442	900	True	4
chr1_77962703_77962704	chr1	77962703	77962704	1448	True	2
chr1_77962745_77962746	chr1	77962745	77962746	2825	True	4
chr1_77964364_77964365	chr1	77964364	77964365	1890	True	2
chr1_77968576_77968577	chr1	77968576	77968577	1336	True	4
chr1_77969005_77969006	chr1	77969005	77969006	1343	True	4
chr1_77969095_77969096	chr1	77969095	77969096	1313	True	5
chr1_77969159_77969160	chr1	77969159	77969160	1054	True	5
chr1_77969175_77969176	chr1	77969175	77969176	1401	True	4
chr1_77969267_77969268	chr1	77969267	77969268	952	True	4
chr1_77969278_77969279	chr1	77969278	77969279	913	True	4
chr1_77969434_77969435	chr1	77969434	77969435	874	True	5
chr1_77969456_77969457	chr1	77969456	77969457	1000	True	5
chr1_77969681_77969682	chr1	77969681	77969682	1187	True	2
chr1_84105178_84105179	chr1	84105178	84105179	24	False	NA
chr1_85025559_85025560	chr1	85025559	85025560	0	False	NA
chr1_85025739_85025740	chr1	85025739	85025740	0	False	NA
chr1_85025963_85025964	chr1	85025963	85025964	0	False	NA
chr1_85026011_85026012	chr1	85026011	85026012	0	False	NA
chr1_85029117_85029118	chr1	85029117	85029118	0	False	NA
chr1_85258125_85258126	chr1	85258125	85258126	96	False	NA
chr1_86355844_86355845	chr1	86355844	86355845	32	False	NA
chr1_86355861_86355862	chr1	86355861	86355862	25	False	NA
chr1_88685262_88685263	chr1	88685262	88685263	425	True	4
chr1_88760447_88760448	chr1	88760447	88760448	528	True	2
chr1_88771106_88771107	chr1	88771106	88771107	448	True	5
chr1_89869658_89869659	chr1	89869658	89869659	277	True	2
chr1_89869827_89869828	chr1	89869827	89869828	218	True	5
chr1_90941318_90941319	chr1	90941318	90941319	551	True	2
chr1_90958241_90958242	chr1	90958241	90958242	479	True	6
chr1_91006688_91006689	chr1	91006688	91006689	396	True	2
chr1_91006738_91006739	chr1	91006738	91006739	358	True	2
chr1_91007060_91007061	chr1	91007060	91007061	179	False	NA
chr1_91020221_91020222	chr1	91020221	91020222	545	True	5
chr1_91387242_91387243	chr1	91387242	91387243	12429	True	1
chr1_91387584_91387585	chr1	91387584	91387585	77480	True	1
chr1_91513324_91513325	chr1	91513324	91513325	184	False	NA
chr1_91518256_91518257	chr1	91518256	91518257	89	False	NA
chr1_92297541_92297542	chr1	92297541	92297542	290	True	2
chr1_92664485_92664486	chr1	92664485	92664486	86	False	NA
chr1_92832928_92832929	chr1	92832928	92832929	1708	True	4
chr1_92833152_92833153	chr1	92833152	92833153	2137	True	4
chr1_92833181_92833182	chr1	92833181	92833182	2077	True	4
chr1_92833469_92833470	chr1	92833469	92833470	0	False	NA
chr1_92833532_92833533	chr1	92833532	92833533	31665	True	1
chr1_92833554_92833555	chr1	92833554	92833555	0	False	NA
chr1_92833595_92833596	chr1	92833595	92833596	0	False	NA
chr1_92833616_92833617	chr1	92833616	92833617	0	False	NA
chr1_92833644_92833645	chr1	92833644	92833645	0	False	NA
chr1_92833690_92833691	chr1	92833690	92833691	9405	True	1
chr1_92833790_92833791	chr1	92833790	92833791	993	True	4
chr1_92833821_92833822	chr1	92833821	92833822	0	False	NA
chr1_92834793_92834794	chr1	92834793	92834794	0	False	NA
chr1_92834842_92834843	chr1	92834842	92834843	0	False	NA
chr1_92834868_92834869	chr1	92834868	92834869	0	False	NA
chr1_92834888_92834889	chr1	92834888	92834889	0	False	NA
chr1_92835738_92835739	chr1	92835738	92835739	483	True	5
chr1_92835773_92835774	chr1	92835773	92835774	621	True	5
chr1_92835793_92835794	chr1	92835793	92835794	635	True	5
chr1_92835810_92835811	chr1	92835810	92835811	0	False	NA
chr1_92835866_92835867	chr1	92835866	92835867	481	True	5
chr1_92835936_92835937	chr1	92835936	92835937	0	False	NA
chr1_92836087_92836088	chr1	92836087	92836088	788	True	4
chr1_92836111_92836112	chr1	92836111	92836112	0	False	NA
chr1_92836205_92836206	chr1	92836205	92836206	0	False	NA
chr1_92836221_92836222	chr1	92836221	92836222	0	False	NA
chr1_92836248_92836249	chr1	92836248	92836249	0	False	NA
chr1_92837261_92837262	chr1	92837261	92837262	10993	True	1
chr1_92837382_92837383	chr1	92837382	92837383	0	False	NA
chr1_92837468_92837469	chr1	92837468	92837469	0	False	NA
chr1_92837535_92837536	chr1	92837535	92837536	0	False	NA
chr1_92837590_92837591	chr1	92837590	92837591	0	False	NA
chr1_92837615_92837616	chr1	92837615	92837616	0	False	NA
chr1_92839052_92839053	chr1	92839052	92839053	806	True	3
chr1_92840029_92840030	chr1	92840029	92840030	660	True	3
chr1_92840566_92840567	chr1	92840566	92840567	0	False	NA
chr1_92840600_92840601	chr1	92840600	92840601	0	False	NA
chr1_92840638_92840639	chr1	92840638	92840639	0	False	NA
chr1_92841782_92841783	chr1	92841782	92841783	0	False	NA
chr1_92841798_92841799	chr1	92841798	92841799	0	False	NA
chr1_92841811_92841812	chr1	92841811	92841812	0	False	NA
chr1_92841830_92841831	chr1	92841830	92841831	0	False	NA
chr1_92841844_92841845	chr1	92841844	92841845	0	False	NA
chr1_92841863_92841864	chr1	92841863	92841864	0	False	NA
chr1_92841878_92841879	chr1	92841878	92841879	0	False	NA
chr1_92841891_92841892	chr1	92841891	92841892	0	False	NA
chr1_92841916_92841917	chr1	92841916	92841917	0	False	NA
chr1_93123271_93123272	chr1	93123271	93123272	903	True	3
chr1_93129272_93129273	chr1	93129272	93129273	1857	True	4
chr1_93165877_93165878	chr1	93165877	93165878	100	False	NA
chr1_93183225_93183226	chr1	93183225	93183226	108	False	NA
chr1_93183353_93183354	chr1	93183353	93183354	335	True	2
chr1_93217936_93217937	chr1	93217936	93217937	87	False	NA
chr1_93218013_93218014	chr1	93218013	93218014	111	False	NA
chr1_93219332_93219333	chr1	93219332	93219333	138	False	NA
chr1_93219621_93219622	chr1	93219621	93219622	69	False	NA
chr1_93219691_93219692	chr1	93219691	93219692	68	False	NA
chr1_93219841_93219842	chr1	93219841	93219842	78	False	NA
chr1_93219871_93219872	chr1	93219871	93219872	79	False	NA
chr1_93219896_93219897	chr1	93219896	93219897	85	False	NA
chr1_93219928_93219929	chr1	93219928	93219929	90	False	NA
chr1_93220234_93220235	chr1	93220234	93220235	79	False	NA
chr1_93220271_93220272	chr1	93220271	93220272	79	False	NA
chr1_93226497_93226498	chr1	93226497	93226498	77	False	NA
chr1_96771221_96771222	chr1	96771221	96771222	447	True	5
chr1_96771239_96771240	chr1	96771239	96771240	494	True	5
chr1_96778181_96778182	chr1	96778181	96778182	286	True	5
chr1_96784862_96784863	chr1	96784862	96784863	211	True	2
chr1_96785833_96785834	chr1	96785833	96785834	691	True	5
chr1_96790668_96790669	chr1	96790668	96790669	1021	True	2
chr1_96792600_96792601	chr1	96792600	96792601	361	True	5
chr1_96793383_96793384	chr1	96793383	96793384	813	True	3
chr1_96800411_96800412	chr1	96800411	96800412	327	True	4
chr1_96803562_96803563	chr1	96803562	96803563	425	True	2
chr1_96804449_96804450	chr1	96804449	96804450	673	True	5
chr1_96804502_96804503	chr1	96804502	96804503	555	True	5
chr1_96804552_96804553	chr1	96804552	96804553	760	True	5
chr1_96811070_96811071	chr1	96811070	96811071	165	False	NA
chr1_96811172_96811173	chr1	96811172	96811173	118	False	NA
chr1_96813013_96813014	chr1	96813013	96813014	1531	True	2
chr1_96813167_96813168	chr1	96813167	96813168	744	True	5
chr1_99008500_99008501	chr1	99008500	99008501	160	False	NA
chr1_100007965_100007966	chr1	100007965	100007966	321	True	5
chr1_100107560_100107561	chr1	100107560	100107561	567	True	2
chr1_100107606_100107607	chr1	100107606	100107607	578	True	2
chr1_100107717_100107718	chr1	100107717	100107718	516	True	2
chr1_100107773_100107774	chr1	100107773	100107774	649	True	2
chr1_100107800_100107801	chr1	100107800	100107801	710	True	2
chr1_100117858_100117859	chr1	100117858	100117859	507	True	2
chr1_100147811_100147812	chr1	100147811	100147812	141	False	NA
chr1_102949920_102949921	chr1	102949920	102949921	0	False	NA
chr1_108697556_108697557	chr1	108697556	108697557	864	True	4
chr1_108698540_108698541	chr1	108698540	108698541	1784	True	4
chr1_108698588_108698589	chr1	108698588	108698589	1952	True	4
chr1_108943911_108943912	chr1	108943911	108943912	630	True	4
chr1_108944477_108944478	chr1	108944477	108944478	517	True	4
chr1_110342467_110342468	chr1	110342467	110342468	1521	True	4
chr1_110342576_110342577	chr1	110342576	110342577	852	True	4
chr1_110343330_110343331	chr1	110343330	110343331	584	True	4
chr1_110343658_110343659	chr1	110343658	110343659	1480	True	3
chr1_110344419_110344420	chr1	110344419	110344420	2079	True	4
chr1_110347525_110347526	chr1	110347525	110347526	1041	True	5
chr1_110347736_110347737	chr1	110347736	110347737	1650	True	4
chr1_110355919_110355920	chr1	110355919	110355920	995	True	5
chr1_110364907_110364908	chr1	110364907	110364908	943	True	1
chr1_110372289_110372290	chr1	110372289	110372290	0	False	NA
chr1_110372357_110372358	chr1	110372357	110372358	0	False	NA
chr1_112650813_112650814	chr1	112650813	112650814	1120	True	2
chr1_112693694_112693695	chr1	112693694	112693695	572	True	6
chr1_113445056_113445057	chr1	113445056	113445057	120	False	NA
chr1_113445212_113445213	chr1	113445212	113445213	83	False	NA
chr1_113554457_113554458	chr1	113554457	113554458	111	False	NA
chr1_113684090_113684091	chr1	113684090	113684091	123	False	NA
chr1_114720232_114720233	chr1	114720232	114720233	239	True	2
chr1_117081987_117081988	chr1	117081987	117081988	717	True	2
chr1_117082047_117082048	chr1	117082047	117082048	458	True	2
chr1_117959536_117959537	chr1	117959536	117959537	0	False	NA
chr1_119211911_119211912	chr1	119211911	119211912	11	False	NA
chr1_119331497_119331498	chr1	119331497	119331498	0	False	NA
chr1_145773452_145773453	chr1	145773452	145773453	527	True	2
chr1_147264566_147264567	chr1	147264566	147264567	0	False	NA
chr1_147265945_147265946	chr1	147265945	147265946	0	False	NA
chr1_147267455_147267456	chr1	147267455	147267456	0	False	NA
chr1_147267497_147267498	chr1	147267497	147267498	0	False	NA
chr1_147284459_147284460	chr1	147284459	147284460	0	False	NA
chr1_147284488_147284489	chr1	147284488	147284489	0	False	NA
chr1_147285487_147285488	chr1	147285487	147285488	0	False	NA
chr1_147285712_147285713	chr1	147285712	147285713	278	True	5
chr1_147286369_147286370	chr1	147286369	147286370	0	False	NA
chr1_147294446_147294447	chr1	147294446	147294447	0	False	NA
chr1_148434568_148434569	chr1	148434568	148434569	109	False	NA
chr1_150344771_150344772	chr1	150344771	150344772	263	True	5
chr1_150344896_150344897	chr1	150344896	150344897	759	True	5
chr1_150929390_150929391	chr1	150929390	150929391	307	True	5
chr1_151236844_151236845	chr1	151236844	151236845	414	True	5
chr1_151445060_151445061	chr1	151445060	151445061	519	True	5
chr1_153851453_153851454	chr1	153851453	153851454	278	True	2
chr1_153851483_153851484	chr1	153851483	153851484	271	True	2
chr1_155263607_155263608	chr1	155263607	155263608	313	True	2
chr1_155263667_155263668	chr1	155263667	155263668	249	True	2
chr1_155477701_155477702	chr1	155477701	155477702	357	True	4
chr1_155727187_155727188	chr1	155727187	155727188	620	True	5
chr1_156312660_156312661	chr1	156312660	156312661	311	True	4
chr1_156337413_156337414	chr1	156337413	156337414	701	True	4
chr1_156337661_156337662	chr1	156337661	156337662	0	False	NA
chr1_156562211_156562212	chr1	156562211	156562212	1251	True	2
chr1_156594929_156594930	chr1	156594929	156594930	45	False	NA
chr1_156594975_156594976	chr1	156594975	156594976	96	False	NA
chr1_156594991_156594992	chr1	156594991	156594992	102	False	NA
chr1_156595095_156595096	chr1	156595095	156595096	136	False	NA
chr1_156595257_156595258	chr1	156595257	156595258	99	False	NA
chr1_156595494_156595495	chr1	156595494	156595495	133	False	NA
chr1_161829210_161829211	chr1	161829210	161829211	679	True	5
chr1_163331036_163331037	chr1	163331036	163331037	320	True	4
chr1_167343631_167343632	chr1	167343631	167343632	31	False	NA
chr1_167779251_167779252	chr1	167779251	167779252	153	False	NA
chr1_167779972_167779973	chr1	167779972	167779973	206	True	2
chr1_171532987_171532988	chr1	171532987	171532988	3809	True	4
chr1_171536704_171536705	chr1	171536704	171536705	235	True	2
chr1_171536737_171536738	chr1	171536737	171536738	174	False	NA
chr1_171550477_171550478	chr1	171550477	171550478	102	False	NA
chr1_171559536_171559537	chr1	171559536	171559537	280	True	4
chr1_171560299_171560300	chr1	171560299	171560300	53	False	NA
chr1_171567242_171567243	chr1	171567242	171567243	41	False	NA
chr1_171577790_171577791	chr1	171577790	171577791	276	True	5
chr1_171586078_171586079	chr1	171586078	171586079	412	True	4
chr1_171589358_171589359	chr1	171589358	171589359	625	True	4
chr1_171589822_171589823	chr1	171589822	171589823	715	True	5
chr1_171591385_171591386	chr1	171591385	171591386	507	True	2
chr1_173864449_173864450	chr1	173864449	173864450	68165	True	1
chr1_173864521_173864522	chr1	173864521	173864522	38021	True	1
chr1_173864538_173864539	chr1	173864538	173864539	19345	True	1
chr1_173864648_173864649	chr1	173864648	173864649	11002	True	3
chr1_173865199_173865200	chr1	173865199	173865200	18655	True	1
chr1_173865390_173865391	chr1	173865390	173865391	46268	True	1
chr1_173865410_173865411	chr1	173865410	173865411	45910	True	1
chr1_173865429_173865430	chr1	173865429	173865430	46357	True	1
chr1_173865987_173865988	chr1	173865987	173865988	24087	True	1
chr1_173866029_173866030	chr1	173866029	173866030	20254	True	1
chr1_173866660_173866661	chr1	173866660	173866661	50835	True	1
chr1_173866696_173866697	chr1	173866696	173866697	55828	True	1
chr1_173866714_173866715	chr1	173866714	173866715	56396	True	1
chr1_173866925_173866926	chr1	173866925	173866926	52258	True	1
chr1_174225511_174225512	chr1	174225511	174225512	63	False	NA
chr1_174438303_174438304	chr1	174438303	174438304	278	True	5
chr1_180349225_180349226	chr1	180349225	180349226	685	True	2
chr1_180757520_180757521	chr1	180757520	180757521	390	True	4
chr1_182289155_182289156	chr1	182289155	182289156	0	False	NA
chr1_182843286_182843287	chr1	182843286	182843287	1273	True	2
chr1_182853800_182853801	chr1	182853800	182853801	6	False	NA
chr1_182854192_182854193	chr1	182854192	182854193	2303	True	4
chr1_182880161_182880162	chr1	182880161	182880162	178	False	NA
chr1_182881003_182881004	chr1	182881003	182881004	53	False	NA
chr1_183140478_183140479	chr1	183140478	183140479	0	False	NA
chr1_185141022_185141023	chr1	185141022	185141023	81	False	NA
chr1_185305764_185305765	chr1	185305764	185305765	2491	True	3
chr1_185305791_185305792	chr1	185305791	185305792	2446	True	3
chr1_185305816_185305817	chr1	185305816	185305817	2413	True	3
chr1_185305899_185305900	chr1	185305899	185305900	1639	True	3
chr1_185306081_185306082	chr1	185306081	185306082	1436	True	6
chr1_185306392_185306393	chr1	185306392	185306393	1756	True	5
chr1_185306563_185306564	chr1	185306563	185306564	3644	True	2
chr1_185306619_185306620	chr1	185306619	185306620	3559	True	4
chr1_185306640_185306641	chr1	185306640	185306641	3389	True	4
chr1_185306814_185306815	chr1	185306814	185306815	578	True	5
chr1_186335034_186335035	chr1	186335034	186335035	1899	True	4
chr1_186341398_186341399	chr1	186341398	186341399	2548	True	2
chr1_186350523_186350524	chr1	186350523	186350524	687	True	4
chr1_186351042_186351043	chr1	186351042	186351043	494	True	5
chr1_186351286_186351287	chr1	186351286	186351287	922	True	4
chr1_186356269_186356270	chr1	186356269	186356270	1996	True	2
chr1_186356459_186356460	chr1	186356459	186356460	2250	True	2
chr1_186356492_186356493	chr1	186356492	186356493	2017	True	2
chr1_186356517_186356518	chr1	186356517	186356518	1876	True	2
chr1_186356547_186356548	chr1	186356547	186356548	1454	True	2
chr1_186356604_186356605	chr1	186356604	186356605	1528	True	4
chr1_186356661_186356662	chr1	186356661	186356662	1553	True	4
chr1_186356675_186356676	chr1	186356675	186356676	1536	True	4
chr1_186356702_186356703	chr1	186356702	186356703	1562	True	4
chr1_186356755_186356756	chr1	186356755	186356756	1811	True	4
chr1_186356779_186356780	chr1	186356779	186356780	1239	True	2
chr1_186356832_186356833	chr1	186356832	186356833	1312	True	2
chr1_186356944_186356945	chr1	186356944	186356945	929	True	2
chr1_186356965_186356966	chr1	186356965	186356966	827	True	2
chr1_186357359_186357360	chr1	186357359	186357360	2408	True	2
chr1_186357383_186357384	chr1	186357383	186357384	3601	True	4
chr1_186361121_186361122	chr1	186361121	186361122	378	True	2
chr1_186361182_186361183	chr1	186361182	186361183	396	True	2
chr1_186361399_186361400	chr1	186361399	186361400	232	True	2
chr1_186361522_186361523	chr1	186361522	186361523	420	True	2
chr1_186361566_186361567	chr1	186361566	186361567	944	True	2
chr1_186391396_186391397	chr1	186391396	186391397	73	False	NA
chr1_193021027_193021028	chr1	193021027	193021028	600	True	5
chr1_193026698_193026699	chr1	193026698	193026699	295	True	5
chr1_193026786_193026787	chr1	193026786	193026787	364	True	5
chr1_193027688_193027689	chr1	193027688	193027689	557	True	1
chr1_193027964_193027965	chr1	193027964	193027965	855	True	4
chr1_193354582_193354583	chr1	193354582	193354583	0	False	NA
chr1_197087898_197087899	chr1	197087898	197087899	288	True	2
chr1_197138733_197138734	chr1	197138733	197138734	378	True	2
chr1_197139437_197139438	chr1	197139437	197139438	447	True	4
chr1_200594345_200594346	chr1	200594345	200594346	87	False	NA
chr1_200600038_200600039	chr1	200600038	200600039	492	True	2
chr1_200618843_200618844	chr1	200618843	200618844	887	True	2
chr1_200852904_200852905	chr1	200852904	200852905	10	False	NA
chr1_201728695_201728696	chr1	201728695	201728696	0	False	NA
chr1_201728718_201728719	chr1	201728718	201728719	1729	True	2
chr1_201851470_201851471	chr1	201851470	201851471	247	True	5
chr1_201862162_201862163	chr1	201862162	201862163	472	True	2
chr1_201867379_201867380	chr1	201867379	201867380	161	False	NA
chr1_201867695_201867696	chr1	201867695	201867696	118	False	NA
chr1_203803200_203803201	chr1	203803200	203803201	750	True	1
chr1_203803219_203803220	chr1	203803219	203803220	738	True	1
chr1_203834013_203834014	chr1	203834013	203834014	305	True	2
chr1_204405555_204405556	chr1	204405555	204405556	0	False	NA
chr1_204405887_204405888	chr1	204405887	204405888	0	False	NA
chr1_204405928_204405929	chr1	204405928	204405929	0	False	NA
chr1_204406120_204406121	chr1	204406120	204406121	0	False	NA
chr1_204533793_204533794	chr1	204533793	204533794	572	True	3
chr1_204536945_204536946	chr1	204536945	204536946	373	True	5
chr1_204537222_204537223	chr1	204537222	204537223	764	True	3
chr1_204537272_204537273	chr1	204537272	204537273	951	True	3
chr1_204537995_204537996	chr1	204537995	204537996	1074	True	4
chr1_204538198_204538199	chr1	204538198	204538199	1994	True	4
chr1_205742832_205742833	chr1	205742832	205742833	1276	True	1
chr1_205747918_205747919	chr1	205747918	205747919	1245	True	5
chr1_205747981_205747982	chr1	205747981	205747982	769	True	5
chr1_205748056_205748057	chr1	205748056	205748057	999	True	5
chr1_205748093_205748094	chr1	205748093	205748094	1061	True	5
chr1_205748125_205748126	chr1	205748125	205748126	791	True	5
chr1_205748173_205748174	chr1	205748173	205748174	917	True	5
chr1_207759924_207759925	chr1	207759924	207759925	2958	True	1
chr1_207761242_207761243	chr1	207761242	207761243	2750	True	4
chr1_207767261_207767262	chr1	207767261	207767262	6898	True	3
chr1_207767456_207767457	chr1	207767456	207767457	3660	True	3
chr1_207767511_207767512	chr1	207767511	207767512	4733	True	1
chr1_210374154_210374155	chr1	210374154	210374155	0	False	NA
chr1_210374171_210374172	chr1	210374171	210374172	0	False	NA
chr1_210374199_210374200	chr1	210374199	210374200	0	False	NA
chr1_210374247_210374248	chr1	210374247	210374248	0	False	NA
chr1_211271447_211271448	chr1	211271447	211271448	638	True	5
chr1_211271485_211271486	chr1	211271485	211271486	648	True	5
chr1_211271517_211271518	chr1	211271517	211271518	686	True	5
chr1_211365725_211365726	chr1	211365725	211365726	6	False	NA
chr1_211957553_211957554	chr1	211957553	211957554	167	False	NA
chr1_211958238_211958239	chr1	211958238	211958239	62	False	NA
chr1_212056924_212056925	chr1	212056924	212056925	249	True	2
chr1_212057025_212057026	chr1	212057025	212057026	284	True	2
chr1_212058483_212058484	chr1	212058483	212058484	230	True	2
chr1_212060077_212060078	chr1	212060077	212060078	289	True	2
chr1_212060148_212060149	chr1	212060148	212060149	367	True	2
chr1_212892709_212892710	chr1	212892709	212892710	109	False	NA
chr1_212893061_212893062	chr1	212893061	212893062	24	False	NA
chr1_213001571_213001572	chr1	213001571	213001572	305	True	2
chr1_213001621_213001622	chr1	213001621	213001622	379	True	2
chr1_213001722_213001723	chr1	213001722	213001723	253	True	2
chr1_213002231_213002232	chr1	213002231	213002232	356	True	2
chr1_213002570_213002571	chr1	213002570	213002571	289	True	2
chr1_213002922_213002923	chr1	213002922	213002923	1366	True	4
chr1_213003140_213003141	chr1	213003140	213003141	410	True	4
chr1_213006465_213006466	chr1	213006465	213006466	319	True	4
chr1_213007098_213007099	chr1	213007098	213007099	1072	True	3
chr1_214652455_214652456	chr1	214652455	214652456	47	False	NA
chr1_215580105_215580106	chr1	215580105	215580106	601	True	5
chr1_215586413_215586414	chr1	215586413	215586414	611	True	2
chr1_218308084_218308085	chr1	218308084	218308085	197	False	NA
chr1_219180008_219180009	chr1	219180008	219180009	720	True	3
chr1_219193552_219193553	chr1	219193552	219193553	184	False	NA
chr1_219196467_219196468	chr1	219196467	219196468	916	True	5
chr1_219196490_219196491	chr1	219196490	219196491	921	True	5
chr1_219197132_219197133	chr1	219197132	219197133	230	True	2
chr1_219197577_219197578	chr1	219197577	219197578	329	True	2
chr1_219197775_219197776	chr1	219197775	219197776	522	True	2
chr1_219197855_219197856	chr1	219197855	219197856	697	True	2
chr1_219197917_219197918	chr1	219197917	219197918	586	True	2
chr1_219198310_219198311	chr1	219198310	219198311	220	True	2
chr1_219199253_219199254	chr1	219199253	219199254	370	True	2
chr1_219199450_219199451	chr1	219199450	219199451	1092	True	4
chr1_219200307_219200308	chr1	219200307	219200308	1021	True	2
chr1_219200324_219200325	chr1	219200324	219200325	1105	True	2
chr1_219201003_219201004	chr1	219201003	219201004	318	True	2
chr1_222627590_222627591	chr1	222627590	222627591	519	True	2
chr1_222627616_222627617	chr1	222627616	222627617	542	True	2
chr1_222627644_222627645	chr1	222627644	222627645	582	True	2
chr1_222628154_222628155	chr1	222628154	222628155	656	True	2
chr1_222628215_222628216	chr1	222628215	222628216	948	True	2
chr1_222628477_222628478	chr1	222628477	222628478	841	True	2
chr1_222628554_222628555	chr1	222628554	222628555	1026	True	2
chr1_222628664_222628665	chr1	222628664	222628665	877	True	2
chr1_222629708_222629709	chr1	222629708	222629709	404	True	2
chr1_222640308_222640309	chr1	222640308	222640309	63	False	NA
chr1_223758706_223758707	chr1	223758706	223758707	634	True	4
chr1_224131295_224131296	chr1	224131295	224131296	287	True	5
chr1_224131539_224131540	chr1	224131539	224131540	222	True	2
chr1_224275136_224275137	chr1	224275136	224275137	138	False	NA
chr1_224304430_224304431	chr1	224304430	224304431	243	True	5
chr1_224934470_224934471	chr1	224934470	224934471	282	True	2
chr1_224934844_224934845	chr1	224934844	224934845	416	True	2
chr1_224934915_224934916	chr1	224934915	224934916	419	True	2
chr1_224935214_224935215	chr1	224935214	224935215	271	True	2
chr1_224935271_224935272	chr1	224935271	224935272	228	True	2
chr1_224935306_224935307	chr1	224935306	224935307	190	False	NA
chr1_224935768_224935769	chr1	224935768	224935769	473	True	2
chr1_224935859_224935860	chr1	224935859	224935860	481	True	2
chr1_224936082_224936083	chr1	224936082	224936083	265	True	2
chr1_224936432_224936433	chr1	224936432	224936433	395	True	2
chr1_224936584_224936585	chr1	224936584	224936585	561	True	2
chr1_224936857_224936858	chr1	224936857	224936858	505	True	2
chr1_224936884_224936885	chr1	224936884	224936885	473	True	2
chr1_224937128_224937129	chr1	224937128	224937129	495	True	2
chr1_224937176_224937177	chr1	224937176	224937177	632	True	2
chr1_224937239_224937240	chr1	224937239	224937240	590	True	2
chr1_224937263_224937264	chr1	224937263	224937264	582	True	2
chr1_224937291_224937292	chr1	224937291	224937292	319	True	2
chr1_224937450_224937451	chr1	224937450	224937451	152	False	NA
chr1_224937638_224937639	chr1	224937638	224937639	439	True	2
chr1_224937669_224937670	chr1	224937669	224937670	397	True	2
chr1_224938325_224938326	chr1	224938325	224938326	354	True	2
chr1_224938342_224938343	chr1	224938342	224938343	333	True	2
chr1_224938367_224938368	chr1	224938367	224938368	300	True	2
chr1_224938396_224938397	chr1	224938396	224938397	276	True	2
chr1_224939065_224939066	chr1	224939065	224939066	337	True	2
chr1_224967604_224967605	chr1	224967604	224967605	1008	True	2
chr1_224967967_224967968	chr1	224967967	224967968	573	True	2
chr1_224968270_224968271	chr1	224968270	224968271	429	True	2
chr1_224968346_224968347	chr1	224968346	224968347	463	True	2
chr1_224968389_224968390	chr1	224968389	224968390	334	True	2
chr1_224968437_224968438	chr1	224968437	224968438	278	True	2
chr1_224968620_224968621	chr1	224968620	224968621	133	False	NA
chr1_224968750_224968751	chr1	224968750	224968751	258	True	2
chr1_224969746_224969747	chr1	224969746	224969747	671	True	2
chr1_224973726_224973727	chr1	224973726	224973727	127	False	NA
chr1_224974516_224974517	chr1	224974516	224974517	99	False	NA
chr1_224977675_224977676	chr1	224977675	224977676	155	False	NA
chr1_224977964_224977965	chr1	224977964	224977965	192	False	NA
chr1_224978048_224978049	chr1	224978048	224978049	153	False	NA
chr1_224978224_224978225	chr1	224978224	224978225	121	False	NA
chr1_224978653_224978654	chr1	224978653	224978654	544	True	5
chr1_224978814_224978815	chr1	224978814	224978815	209	True	5
chr1_224983537_224983538	chr1	224983537	224983538	147	False	NA
chr1_224983793_224983794	chr1	224983793	224983794	59	False	NA
chr1_224984016_224984017	chr1	224984016	224984017	37	False	NA
chr1_224984122_224984123	chr1	224984122	224984123	34	False	NA
chr1_224984134_224984135	chr1	224984134	224984135	40	False	NA
chr1_224984408_224984409	chr1	224984408	224984409	43	False	NA
chr1_224984490_224984491	chr1	224984490	224984491	105	False	NA
chr1_224984549_224984550	chr1	224984549	224984550	94	False	NA
chr1_224984922_224984923	chr1	224984922	224984923	104	False	NA
chr1_224985339_224985340	chr1	224985339	224985340	18	False	NA
chr1_224986180_224986181	chr1	224986180	224986181	75	False	NA
chr1_224986195_224986196	chr1	224986195	224986196	70	False	NA
chr1_224986216_224986217	chr1	224986216	224986217	63	False	NA
chr1_224986434_224986435	chr1	224986434	224986435	97	False	NA
chr1_224986497_224986498	chr1	224986497	224986498	97	False	NA
chr1_224986787_224986788	chr1	224986787	224986788	122	False	NA
chr1_224986917_224986918	chr1	224986917	224986918	39	False	NA
chr1_224986953_224986954	chr1	224986953	224986954	59	False	NA
chr1_224987368_224987369	chr1	224987368	224987369	256	True	2
chr1_224987563_224987564	chr1	224987563	224987564	308	True	5
chr1_224987633_224987634	chr1	224987633	224987634	179	False	NA
chr1_225019416_225019417	chr1	225019416	225019417	75	False	NA
chr1_225020118_225020119	chr1	225020118	225020119	79	False	NA
chr1_225020765_225020766	chr1	225020765	225020766	51	False	NA
chr1_225020962_225020963	chr1	225020962	225020963	67	False	NA
chr1_225021020_225021021	chr1	225021020	225021021	65	False	NA
chr1_225021052_225021053	chr1	225021052	225021053	42	False	NA
chr1_225021762_225021763	chr1	225021762	225021763	27	False	NA
chr1_225022169_225022170	chr1	225022169	225022170	43	False	NA
chr1_225022968_225022969	chr1	225022968	225022969	39	False	NA
chr1_225038778_225038779	chr1	225038778	225038779	105	False	NA
chr1_225042907_225042908	chr1	225042907	225042908	114	False	NA
chr1_225042965_225042966	chr1	225042965	225042966	108	False	NA
chr1_225042997_225042998	chr1	225042997	225042998	108	False	NA
chr1_225050278_225050279	chr1	225050278	225050279	6	False	NA
chr1_225064842_225064843	chr1	225064842	225064843	112	False	NA
chr1_225079278_225079279	chr1	225079278	225079279	62	False	NA
chr1_225079416_225079417	chr1	225079416	225079417	5	False	NA
chr1_225079488_225079489	chr1	225079488	225079489	17	False	NA
chr1_225085659_225085660	chr1	225085659	225085660	95	False	NA
chr1_225085698_225085699	chr1	225085698	225085699	90	False	NA
chr1_225097154_225097155	chr1	225097154	225097155	17	False	NA
chr1_225411099_225411100	chr1	225411099	225411100	538	True	4
chr1_225411238_225411239	chr1	225411238	225411239	665	True	4
chr1_225411317_225411318	chr1	225411317	225411318	1399	True	4
chr1_225411629_225411630	chr1	225411629	225411630	1813	True	4
chr1_225411677_225411678	chr1	225411677	225411678	1861	True	4
chr1_225412166_225412167	chr1	225412166	225412167	1466	True	4
chr1_225412194_225412195	chr1	225412194	225412195	1562	True	4
chr1_225412238_225412239	chr1	225412238	225412239	1408	True	4
chr1_225412254_225412255	chr1	225412254	225412255	1409	True	4
chr1_225412268_225412269	chr1	225412268	225412269	1576	True	4
chr1_225412356_225412357	chr1	225412356	225412357	933	True	5
chr1_225412370_225412371	chr1	225412370	225412371	806	True	2
chr1_225788429_225788430	chr1	225788429	225788430	505	True	5
chr1_226152437_226152438	chr1	226152437	226152438	0	False	NA
chr1_227018830_227018831	chr1	227018830	227018831	352	True	2
chr1_227734356_227734357	chr1	227734356	227734357	271	True	5
chr1_229486909_229486910	chr1	229486909	229486910	145	False	NA
chr1_230668913_230668914	chr1	230668913	230668914	85	False	NA
chr1_230927433_230927434	chr1	230927433	230927434	0	False	NA
chr1_230927750_230927751	chr1	230927750	230927751	5	False	NA
chr1_231037380_231037381	chr1	231037380	231037381	151	False	NA
chr1_231226000_231226001	chr1	231226000	231226001	66	False	NA
chr1_231260759_231260760	chr1	231260759	231260760	545	True	2
chr1_231260898_231260899	chr1	231260898	231260899	874	True	2
chr1_231267980_231267981	chr1	231267980	231267981	534	True	2
chr1_231268340_231268341	chr1	231268340	231268341	406	True	2
chr1_231268429_231268430	chr1	231268429	231268430	463	True	2
chr1_231268973_231268974	chr1	231268973	231268974	408	True	5
chr1_231269241_231269242	chr1	231269241	231269242	540	True	2
chr1_231269335_231269336	chr1	231269335	231269336	697	True	2
chr1_231269547_231269548	chr1	231269547	231269548	382	True	2
chr1_231269851_231269852	chr1	231269851	231269852	922	True	5
chr1_231270601_231270602	chr1	231270601	231270602	249	True	5
chr1_231274627_231274628	chr1	231274627	231274628	240	True	2
chr1_233071044_233071045	chr1	233071044	233071045	6	False	NA
chr1_233345248_233345249	chr1	233345248	233345249	0	False	NA
chr1_233345294_233345295	chr1	233345294	233345295	0	False	NA
chr1_233355023_233355024	chr1	233355023	233355024	49	False	NA
chr1_233355138_233355139	chr1	233355138	233355139	38	False	NA
chr1_233360042_233360043	chr1	233360042	233360043	38	False	NA
chr1_234406382_234406383	chr1	234406382	234406383	717	True	5
chr1_234406640_234406641	chr1	234406640	234406641	1071	True	6
chr1_234407975_234407976	chr1	234407975	234407976	472	True	4
chr1_234409234_234409235	chr1	234409234	234409235	342	True	4
chr1_234409532_234409533	chr1	234409532	234409533	875	True	2
chr1_234409836_234409837	chr1	234409836	234409837	88	False	NA
chr1_234410378_234410379	chr1	234410378	234410379	1011	True	5
chr1_234410424_234410425	chr1	234410424	234410425	1107	True	5
chr1_234425798_234425799	chr1	234425798	234425799	436	True	2
chr1_234426870_234426871	chr1	234426870	234426871	0	False	NA
chr1_234427096_234427097	chr1	234427096	234427097	30	False	NA
chr1_234427403_234427404	chr1	234427403	234427404	312	True	2
chr1_234466867_234466868	chr1	234466867	234466868	116	False	NA
chr1_234472662_234472663	chr1	234472662	234472663	239	True	2
chr1_235196857_235196858	chr1	235196857	235196858	192	False	NA
chr1_235206891_235206892	chr1	235206891	235206892	443	True	2
chr1_236012563_236012564	chr1	236012563	236012564	9	False	NA
chr1_236549827_236549828	chr1	236549827	236549828	219	True	5
chr1_236550313_236550314	chr1	236550313	236550314	439	True	2
chr1_236550818_236550819	chr1	236550818	236550819	2310	True	5
chr1_236550843_236550844	chr1	236550843	236550844	2397	True	5
chr1_236554649_236554650	chr1	236554649	236554650	656	True	2
chr1_236558400_236558401	chr1	236558400	236558401	1202	True	2
chr1_236558490_236558491	chr1	236558490	236558491	852	True	2
chr1_236564509_236564510	chr1	236564509	236564510	1076	True	4
chr1_236564554_236564555	chr1	236564554	236564555	1212	True	4
chr1_236564598_236564599	chr1	236564598	236564599	1223	True	4
chr1_236565327_236565328	chr1	236565327	236565328	168	False	NA
chr1_236565951_236565952	chr1	236565951	236565952	432	True	5
chr1_236566698_236566699	chr1	236566698	236566699	495	True	2
chr1_236566812_236566813	chr1	236566812	236566813	901	True	2
chr1_236566854_236566855	chr1	236566854	236566855	778	True	2
chr1_236568888_236568889	chr1	236568888	236568889	60	False	NA
chr1_236569007_236569008	chr1	236569007	236569008	528	True	2
chr1_236569041_236569042	chr1	236569041	236569042	642	True	2
chr1_236569094_236569095	chr1	236569094	236569095	648	True	2
chr1_236571379_236571380	chr1	236571379	236571380	751	True	5
chr1_236571417_236571418	chr1	236571417	236571418	682	True	5
chr1_236571469_236571470	chr1	236571469	236571470	626	True	5
chr1_236572426_236572427	chr1	236572426	236572427	530	True	2
chr1_236572487_236572488	chr1	236572487	236572488	620	True	2
chr1_236572822_236572823	chr1	236572822	236572823	552	True	2
chr1_236574008_236574009	chr1	236574008	236574009	130	False	NA
chr1_236574168_236574169	chr1	236574168	236574169	441	True	2
chr1_236574262_236574263	chr1	236574262	236574263	665	True	5
chr1_236574280_236574281	chr1	236574280	236574281	650	True	5
chr1_236574315_236574316	chr1	236574315	236574316	515	True	5
chr1_236574529_236574530	chr1	236574529	236574530	26	False	NA
chr1_236574563_236574564	chr1	236574563	236574564	31	False	NA
chr1_236574680_236574681	chr1	236574680	236574681	647	True	2
chr1_236574702_236574703	chr1	236574702	236574703	660	True	2
chr1_236574734_236574735	chr1	236574734	236574735	741	True	2
chr1_236574772_236574773	chr1	236574772	236574773	814	True	2
chr1_236575115_236575116	chr1	236575115	236575116	247	True	5
chr1_236575969_236575970	chr1	236575969	236575970	290	True	2
chr1_236576013_236576014	chr1	236576013	236576014	368	True	2
chr1_236576206_236576207	chr1	236576206	236576207	1179	True	2
chr1_236576239_236576240	chr1	236576239	236576240	1139	True	2
chr1_236576251_236576252	chr1	236576251	236576252	1145	True	2
chr1_236576266_236576267	chr1	236576266	236576267	1320	True	2
chr1_236576300_236576301	chr1	236576300	236576301	1245	True	2
chr1_236576327_236576328	chr1	236576327	236576328	1191	True	2
chr1_236576363_236576364	chr1	236576363	236576364	676	True	2
chr1_236576785_236576786	chr1	236576785	236576786	633	True	2
chr1_236576848_236576849	chr1	236576848	236576849	998	True	2
chr1_236576909_236576910	chr1	236576909	236576910	863	True	2
chr1_236576936_236576937	chr1	236576936	236576937	616	True	2
chr1_236581347_236581348	chr1	236581347	236581348	656	True	2
chr1_236581370_236581371	chr1	236581370	236581371	622	True	2
chr1_236581394_236581395	chr1	236581394	236581395	421	True	2
chr1_236583023_236583024	chr1	236583023	236583024	585	True	2
chr1_236583049_236583050	chr1	236583049	236583050	771	True	2
chr1_236583070_236583071	chr1	236583070	236583071	981	True	2
chr1_236583208_236583209	chr1	236583208	236583209	611	True	2
chr1_236585035_236585036	chr1	236585035	236585036	573	True	2
chr1_236585073_236585074	chr1	236585073	236585074	666	True	2
chr1_236585094_236585095	chr1	236585094	236585095	725	True	2
chr1_236585118_236585119	chr1	236585118	236585119	940	True	2
chr1_236585201_236585202	chr1	236585201	236585202	569	True	2
chr1_236585719_236585720	chr1	236585719	236585720	83	False	NA
chr1_236585835_236585836	chr1	236585835	236585836	375	True	2
chr1_236585854_236585855	chr1	236585854	236585855	426	True	2
chr1_236585872_236585873	chr1	236585872	236585873	413	True	2
chr1_236585926_236585927	chr1	236585926	236585927	381	True	2
chr1_236585952_236585953	chr1	236585952	236585953	268	True	2
chr1_236586070_236586071	chr1	236586070	236586071	22	False	NA
chr1_236586089_236586090	chr1	236586089	236586090	22	False	NA
chr1_236586108_236586109	chr1	236586108	236586109	16	False	NA
chr1_236586126_236586127	chr1	236586126	236586127	11	False	NA
chr1_236586219_236586220	chr1	236586219	236586220	229	True	2
chr1_236586295_236586296	chr1	236586295	236586296	311	True	2
chr1_236586418_236586419	chr1	236586418	236586419	234	True	2
chr1_236587487_236587488	chr1	236587487	236587488	198	False	NA
chr1_236592019_236592020	chr1	236592019	236592020	232	True	2
chr1_236592069_236592070	chr1	236592069	236592070	237	True	2
chr1_236592607_236592608	chr1	236592607	236592608	318	True	2
chr1_236594056_236594057	chr1	236594056	236594057	674	True	2
chr1_236594075_236594076	chr1	236594075	236594076	660	True	2
chr1_236595552_236595553	chr1	236595552	236595553	614	True	2
chr1_236595635_236595636	chr1	236595635	236595636	922	True	2
chr1_236595936_236595937	chr1	236595936	236595937	913	True	2
chr1_236596027_236596028	chr1	236596027	236596028	404	True	2
chr1_236597908_236597909	chr1	236597908	236597909	436	True	2
chr1_236597946_236597947	chr1	236597946	236597947	439	True	2
chr1_236597997_236597998	chr1	236597997	236597998	478	True	2
chr1_236598083_236598084	chr1	236598083	236598084	208	True	2
chr1_236861113_236861114	chr1	236861113	236861114	453	True	2
chr1_241266641_241266642	chr1	241266641	241266642	0	False	NA
chr1_241278008_241278009	chr1	241278008	241278009	0	False	NA
chr1_241282383_241282384	chr1	241282383	241282384	0	False	NA
chr1_241282721_241282722	chr1	241282721	241282722	0	False	NA
chr1_241282778_241282779	chr1	241282778	241282779	0	False	NA
chr1_241282816_241282817	chr1	241282816	241282817	0	False	NA
chr1_241283087_241283088	chr1	241283087	241283088	0	False	NA
chr1_241283373_241283374	chr1	241283373	241283374	0	False	NA
chr1_241283455_241283456	chr1	241283455	241283456	0	False	NA
chr1_241283498_241283499	chr1	241283498	241283499	0	False	NA
chr1_241850854_241850855	chr1	241850854	241850855	827	True	4
chr1_241852279_241852280	chr1	241852279	241852280	1051	True	2
chr1_241860887_241860888	chr1	241860887	241860888	39	False	NA
chr1_241866160_241866161	chr1	241866160	241866161	96	False	NA
chr1_241866576_241866577	chr1	241866576	241866577	153	False	NA
chr1_243156814_243156815	chr1	243156814	243156815	43	False	NA
chr1_243156994_243156995	chr1	243156994	243156995	89	False	NA
chr1_243164922_243164923	chr1	243164922	243164923	0	False	NA
chr1_243269317_243269318	chr1	243269317	243269318	86	False	NA
chr1_243303358_243303359	chr1	243303358	243303359	52	False	NA
chr1_243504627_243504628	chr1	243504627	243504628	145	False	NA
chr1_243631899_243631900	chr1	243631899	243631900	6	False	NA
chr1_243788774_243788775	chr1	243788774	243788775	0	False	NA
chr1_243788837_243788838	chr1	243788837	243788838	7	False	NA
chr1_243788876_243788877	chr1	243788876	243788877	12	False	NA
chr1_243788896_243788897	chr1	243788896	243788897	12	False	NA
chr1_243788917_243788918	chr1	243788917	243788918	12	False	NA
chr1_243788936_243788937	chr1	243788936	243788937	12	False	NA
chr1_243789217_243789218	chr1	243789217	243789218	0	False	NA
chr1_243789391_243789392	chr1	243789391	243789392	27	False	NA
chr1_243789410_243789411	chr1	243789410	243789411	35	False	NA
chr1_243789754_243789755	chr1	243789754	243789755	7	False	NA
chr1_243790200_243790201	chr1	243790200	243790201	0	False	NA
chr1_243790250_243790251	chr1	243790250	243790251	0	False	NA
chr1_243790306_243790307	chr1	243790306	243790307	0	False	NA
chr1_243790592_243790593	chr1	243790592	243790593	0	False	NA
chr1_243842490_243842491	chr1	243842490	243842491	80	False	NA
chr1_244423900_244423901	chr1	244423900	244423901	338	True	2
chr1_244840746_244840747	chr1	244840746	244840747	211	True	2
chr1_244840784_244840785	chr1	244840784	244840785	3560	True	3
chr1_244840823_244840824	chr1	244840823	244840824	3212	True	3
chr1_244840860_244840861	chr1	244840860	244840861	2620	True	3
chr1_244841809_244841810	chr1	244841809	244841810	33	False	NA
chr1_244842096_244842097	chr1	244842096	244842097	1159	True	4
chr1_244842430_244842431	chr1	244842430	244842431	11	False	NA
chr1_244842452_244842453	chr1	244842452	244842453	1858	True	4
chr1_244842473_244842474	chr1	244842473	244842474	11	False	NA
chr1_244842544_244842545	chr1	244842544	244842545	2150	True	4
chr1_244842989_244842990	chr1	244842989	244842990	140	False	NA
chr1_244843008_244843009	chr1	244843008	244843009	1977	True	2
chr1_244843176_244843177	chr1	244843176	244843177	1293	True	2
chr1_244843499_244843500	chr1	244843499	244843500	2152	True	4
chr1_244843891_244843892	chr1	244843891	244843892	1357	True	4
chr1_244844367_244844368	chr1	244844367	244844368	1883	True	3
chr1_244844383_244844384	chr1	244844383	244844384	1952	True	3
chr1_244844465_244844466	chr1	244844465	244844466	1340	True	4
chr1_244844598_244844599	chr1	244844598	244844599	2093	True	1
chr1_244844768_244844769	chr1	244844768	244844769	943	True	4
chr1_244844834_244844835	chr1	244844834	244844835	1021	True	4
chr1_244844874_244844875	chr1	244844874	244844875	2415	True	3
chr1_244844949_244844950	chr1	244844949	244844950	2285	True	3
chr1_244844998_244844999	chr1	244844998	244844999	2237	True	3
chr1_244845037_244845038	chr1	244845037	244845038	2053	True	3
chr1_244845188_244845189	chr1	244845188	244845189	2221	True	4
chr1_244845202_244845203	chr1	244845202	244845203	2230	True	4
chr1_244845255_244845256	chr1	244845255	244845256	2732	True	4
chr1_244845281_244845282	chr1	244845281	244845282	2716	True	4
chr1_244845305_244845306	chr1	244845305	244845306	2044	True	5
chr1_244845332_244845333	chr1	244845332	244845333	2015	True	5
chr1_244846354_244846355	chr1	244846354	244846355	41	False	NA
chr1_244846523_244846524	chr1	244846523	244846524	261	True	5
chr1_244846617_244846618	chr1	244846617	244846618	2266	True	5
chr1_244846664_244846665	chr1	244846664	244846665	2401	True	2
chr1_244846683_244846684	chr1	244846683	244846684	2743	True	2
chr1_244846702_244846703	chr1	244846702	244846703	2743	True	2
chr1_244846715_244846716	chr1	244846715	244846716	2769	True	2
chr1_244846743_244846744	chr1	244846743	244846744	2417	True	2
chr1_244846781_244846782	chr1	244846781	244846782	2173	True	2
chr1_244846818_244846819	chr1	244846818	244846819	1140	True	6
chr1_244846845_244846846	chr1	244846845	244846846	1189	True	6
chr1_244846870_244846871	chr1	244846870	244846871	1142	True	6
chr1_244846890_244846891	chr1	244846890	244846891	921	True	2
chr1_244846918_244846919	chr1	244846918	244846919	1172	True	2
chr1_244846947_244846948	chr1	244846947	244846948	1304	True	4
chr1_244846967_244846968	chr1	244846967	244846968	1395	True	4
chr1_244846992_244846993	chr1	244846992	244846993	1049	True	2
chr1_244847040_244847041	chr1	244847040	244847041	1434	True	4
chr1_244847062_244847063	chr1	244847062	244847063	1310	True	5
chr1_244847098_244847099	chr1	244847098	244847099	1415	True	4
chr1_244847114_244847115	chr1	244847114	244847115	1262	True	4
chr1_244847143_244847144	chr1	244847143	244847144	1557	True	3
chr1_244847164_244847165	chr1	244847164	244847165	1577	True	3
chr1_244847176_244847177	chr1	244847176	244847177	1614	True	3
chr1_244847191_244847192	chr1	244847191	244847192	2182	True	3
chr1_244847236_244847237	chr1	244847236	244847237	2038	True	3
chr1_244847260_244847261	chr1	244847260	244847261	2034	True	3
chr1_244847290_244847291	chr1	244847290	244847291	1829	True	3
chr1_244847317_244847318	chr1	244847317	244847318	1835	True	3
chr1_244847449_244847450	chr1	244847449	244847450	1082	True	4
chr1_244847595_244847596	chr1	244847595	244847596	1033	True	2
chr1_244847637_244847638	chr1	244847637	244847638	1198	True	2
chr1_244847684_244847685	chr1	244847684	244847685	1074	True	2
chr1_244848245_244848246	chr1	244848245	244848246	999	True	5
chr1_244848271_244848272	chr1	244848271	244848272	1051	True	5
chr1_244848303_244848304	chr1	244848303	244848304	1272	True	5
chr1_244848344_244848345	chr1	244848344	244848345	910	True	5
chr1_244848479_244848480	chr1	244848479	244848480	1330	True	4
chr1_244848500_244848501	chr1	244848500	244848501	1342	True	4
chr1_244848681_244848682	chr1	244848681	244848682	2348	True	3
chr1_244848711_244848712	chr1	244848711	244848712	2063	True	4
chr1_244848727_244848728	chr1	244848727	244848728	2006	True	3
chr1_244848792_244848793	chr1	244848792	244848793	2838	True	3
chr1_244848860_244848861	chr1	244848860	244848861	2198	True	4
chr1_244848918_244848919	chr1	244848918	244848919	2759	True	4
chr1_244849438_244849439	chr1	244849438	244849439	1800	True	3
chr1_244849599_244849600	chr1	244849599	244849600	1895	True	3
chr1_244850090_244850091	chr1	244850090	244850091	1316	True	4
chr1_244854516_244854517	chr1	244854516	244854517	9924	True	3
chr1_244854611_244854612	chr1	244854611	244854612	3293	True	6
chr1_244854724_244854725	chr1	244854724	244854725	2161	True	2
chr1_244854736_244854737	chr1	244854736	244854737	2108	True	2
chr1_244854755_244854756	chr1	244854755	244854756	2140	True	2
chr1_244854775_244854776	chr1	244854775	244854776	2394	True	4
chr1_244854816_244854817	chr1	244854816	244854817	2637	True	4
chr1_244854840_244854841	chr1	244854840	244854841	2714	True	4
chr1_244854874_244854875	chr1	244854874	244854875	2836	True	4
chr1_244854916_244854917	chr1	244854916	244854917	4912	True	3
chr1_244854932_244854933	chr1	244854932	244854933	4864	True	3
chr1_244854957_244854958	chr1	244854957	244854958	5237	True	3
chr1_244855047_244855048	chr1	244855047	244855048	3594	True	3
chr1_244855224_244855225	chr1	244855224	244855225	706	True	2
chr1_244855261_244855262	chr1	244855261	244855262	1005	True	2
chr1_244855319_244855320	chr1	244855319	244855320	1341	True	2
chr1_244855361_244855362	chr1	244855361	244855362	3186	True	2
chr1_244855670_244855671	chr1	244855670	244855671	4294	True	3
chr1_244855706_244855707	chr1	244855706	244855707	1129	True	2
chr1_244855749_244855750	chr1	244855749	244855750	1133	True	2
chr1_244855821_244855822	chr1	244855821	244855822	6727	True	1
chr1_244855847_244855848	chr1	244855847	244855848	8859	True	1
chr1_244855876_244855877	chr1	244855876	244855877	11806	True	1
chr1_244856212_244856213	chr1	244856212	244856213	5617	True	3
chr1_244856264_244856265	chr1	244856264	244856265	1003	True	2
chr1_244856333_244856334	chr1	244856333	244856334	1215	True	2
chr1_244856398_244856399	chr1	244856398	244856399	2290	True	2
chr1_244856417_244856418	chr1	244856417	244856418	5003	True	3
chr1_244856634_244856635	chr1	244856634	244856635	7727	True	3
chr1_244856675_244856676	chr1	244856675	244856676	13282	True	3
chr1_244856870_244856871	chr1	244856870	244856871	8361	True	3
chr1_244856941_244856942	chr1	244856941	244856942	2826	True	3
chr1_244856961_244856962	chr1	244856961	244856962	384	True	2
chr1_244856995_244856996	chr1	244856995	244856996	241	True	5
chr1_244857074_244857075	chr1	244857074	244857075	245	True	5
chr1_244857087_244857088	chr1	244857087	244857088	261	True	5
chr1_244857179_244857180	chr1	244857179	244857180	201	True	5
chr1_244857200_244857201	chr1	244857200	244857201	147	False	NA
chr1_244857566_244857567	chr1	244857566	244857567	4192	True	3
chr1_244857584_244857585	chr1	244857584	244857585	5123	True	3
chr1_244857727_244857728	chr1	244857727	244857728	9714	True	1
chr1_244857976_244857977	chr1	244857976	244857977	7485	True	3
chr1_244857993_244857994	chr1	244857993	244857994	10216	True	3
chr1_244858332_244858333	chr1	244858332	244858333	5532	True	3
chr1_244858558_244858559	chr1	244858558	244858559	257	True	5
chr1_244858641_244858642	chr1	244858641	244858642	2700	True	4
chr1_244858850_244858851	chr1	244858850	244858851	7040	True	3
chr1_244858938_244858939	chr1	244858938	244858939	479	True	2
chr1_244859098_244859099	chr1	244859098	244859099	248	True	2
chr1_244859156_244859157	chr1	244859156	244859157	396	True	2
chr1_244859174_244859175	chr1	244859174	244859175	562	True	2
chr1_244859387_244859388	chr1	244859387	244859388	6993	True	3
chr1_244859421_244859422	chr1	244859421	244859422	5164	True	3
chr1_244859482_244859483	chr1	244859482	244859483	1609	True	5
chr1_244859589_244859590	chr1	244859589	244859590	278	True	5
chr1_244859647_244859648	chr1	244859647	244859648	308	True	4
chr1_244859685_244859686	chr1	244859685	244859686	433	True	4
chr1_244859736_244859737	chr1	244859736	244859737	506	True	4
chr1_244860006_244860007	chr1	244860006	244860007	663	True	4
chr1_244860140_244860141	chr1	244860140	244860141	898	True	4
chr1_244862402_244862403	chr1	244862402	244862403	3884	True	3
chr1_244862581_244862582	chr1	244862581	244862582	17284	True	1
chr1_244862595_244862596	chr1	244862595	244862596	18829	True	1
chr10_543717_543718	chr10	543717	543718	18	False	NA
chr10_589041_589042	chr10	589041	589042	104	False	NA
chr10_589282_589283	chr10	589282	589283	62	False	NA
chr10_843706_843707	chr10	843706	843707	326	True	4
chr10_853689_853690	chr10	853689	853690	230	True	5
chr10_854899_854900	chr10	854899	854900	57	False	NA
chr10_1113967_1113968	chr10	1113967	1113968	271	True	5
chr10_3121595_3121596	chr10	3121595	3121596	227	True	2
chr10_3121832_3121833	chr10	3121832	3121833	1215	True	4
chr10_5688006_5688007	chr10	5688006	5688007	374	True	5
chr10_5688237_5688238	chr10	5688237	5688238	488	True	6
chr10_5689862_5689863	chr10	5689862	5689863	866	True	5
chr10_5689926_5689927	chr10	5689926	5689927	397	True	5
chr10_5689944_5689945	chr10	5689944	5689945	411	True	5
chr10_5695903_5695904	chr10	5695903	5695904	763	True	5
chr10_5695946_5695947	chr10	5695946	5695947	898	True	5
chr10_5696368_5696369	chr10	5696368	5696369	1108	True	6
chr10_5696533_5696534	chr10	5696533	5696534	708	True	5
chr10_5697788_5697789	chr10	5697788	5697789	225	True	2
chr10_5697916_5697917	chr10	5697916	5697917	529	True	2
chr10_5699672_5699673	chr10	5699672	5699673	218	True	2
chr10_5699726_5699727	chr10	5699726	5699727	121	False	NA
chr10_5699757_5699758	chr10	5699757	5699758	180	False	NA
chr10_5712490_5712491	chr10	5712490	5712491	474	True	5
chr10_5712877_5712878	chr10	5712877	5712878	0	False	NA
chr10_5719659_5719660	chr10	5719659	5719660	436	True	5
chr10_5723758_5723759	chr10	5723758	5723759	0	False	NA
chr10_5726213_5726214	chr10	5726213	5726214	163	False	NA
chr10_5726242_5726243	chr10	5726242	5726243	0	False	NA
chr10_5726482_5726483	chr10	5726482	5726483	118	False	NA
chr10_5726508_5726509	chr10	5726508	5726509	0	False	NA
chr10_5727101_5727102	chr10	5727101	5727102	0	False	NA
chr10_5727118_5727119	chr10	5727118	5727119	0	False	NA
chr10_5730638_5730639	chr10	5730638	5730639	0	False	NA
chr10_5730687_5730688	chr10	5730687	5730688	0	False	NA
chr10_5730726_5730727	chr10	5730726	5730727	0	False	NA
chr10_5730896_5730897	chr10	5730896	5730897	0	False	NA
chr10_5730961_5730962	chr10	5730961	5730962	0	False	NA
chr10_5739866_5739867	chr10	5739866	5739867	0	False	NA
chr10_5783204_5783205	chr10	5783204	5783205	468	True	2
chr10_5783229_5783230	chr10	5783229	5783230	400	True	2
chr10_5783244_5783245	chr10	5783244	5783245	395	True	2
chr10_5783682_5783683	chr10	5783682	5783683	557	True	2
chr10_5783729_5783730	chr10	5783729	5783730	631	True	2
chr10_5783797_5783798	chr10	5783797	5783798	627	True	2
chr10_5783867_5783868	chr10	5783867	5783868	319	True	2
chr10_5783900_5783901	chr10	5783900	5783901	227	True	2
chr10_5785021_5785022	chr10	5785021	5785022	401	True	2
chr10_5880179_5880180	chr10	5880179	5880180	154	False	NA
chr10_6107496_6107497	chr10	6107496	6107497	286	True	4
chr10_6112581_6112582	chr10	6112581	6112582	709	True	2
chr10_6112684_6112685	chr10	6112684	6112685	641	True	2
chr10_6112763_6112764	chr10	6112763	6112764	493	True	2
chr10_6112891_6112892	chr10	6112891	6112892	876	True	4
chr10_6112952_6112953	chr10	6112952	6112953	917	True	4
chr10_6113056_6113057	chr10	6113056	6113057	493	True	2
chr10_7311052_7311053	chr10	7311052	7311053	90	False	NA
chr10_7348295_7348296	chr10	7348295	7348296	142	False	NA
chr10_7348340_7348341	chr10	7348340	7348341	184	False	NA
chr10_7348515_7348516	chr10	7348515	7348516	200	True	2
chr10_7799414_7799415	chr10	7799414	7799415	751	True	2
chr10_7799526_7799527	chr10	7799526	7799527	673	True	2
chr10_7799589_7799590	chr10	7799589	7799590	625	True	2
chr10_10855718_10855719	chr10	10855718	10855719	0	False	NA
chr10_11063055_11063056	chr10	11063055	11063056	0	False	NA
chr10_11063077_11063078	chr10	11063077	11063078	0	False	NA
chr10_14899654_14899655	chr10	14899654	14899655	0	False	NA
chr10_14903645_14903646	chr10	14903645	14903646	9	False	NA
chr10_14903690_14903691	chr10	14903690	14903691	8	False	NA
chr10_14903705_14903706	chr10	14903705	14903706	8	False	NA
chr10_14904362_14904363	chr10	14904362	14904363	11	False	NA
chr10_14910519_14910520	chr10	14910519	14910520	0	False	NA
chr10_14910556_14910557	chr10	14910556	14910557	0	False	NA
chr10_14910873_14910874	chr10	14910873	14910874	0	False	NA
chr10_14911094_14911095	chr10	14911094	14911095	10	False	NA
chr10_14911692_14911693	chr10	14911692	14911693	6	False	NA
chr10_15103563_15103564	chr10	15103563	15103564	252	True	2
chr10_15840910_15840911	chr10	15840910	15840911	157	False	NA
chr10_15840958_15840959	chr10	15840958	15840959	74	False	NA
chr10_15841072_15841073	chr10	15841072	15841073	257	True	5
chr10_16965003_16965004	chr10	16965003	16965004	41	False	NA
chr10_21608180_21608181	chr10	21608180	21608181	368	True	3
chr10_21608375_21608376	chr10	21608375	21608376	273	True	6
chr10_21661636_21661637	chr10	21661636	21661637	206	True	5
chr10_21880462_21880463	chr10	21880462	21880463	91	False	NA
chr10_21933282_21933283	chr10	21933282	21933283	0	False	NA
chr10_27020982_27020983	chr10	27020982	27020983	17	False	NA
chr10_27029040_27029041	chr10	27029040	27029041	55	False	NA
chr10_27029116_27029117	chr10	27029116	27029117	31	False	NA
chr10_27029132_27029133	chr10	27029132	27029133	26	False	NA
chr10_27029215_27029216	chr10	27029215	27029216	25	False	NA
chr10_27029248_27029249	chr10	27029248	27029249	77	False	NA
chr10_27029279_27029280	chr10	27029279	27029280	260	True	2
chr10_27046051_27046052	chr10	27046051	27046052	33	False	NA
chr10_27051026_27051027	chr10	27051026	27051027	30	False	NA
chr10_27123445_27123446	chr10	27123445	27123446	309	True	5
chr10_27170650_27170651	chr10	27170650	27170651	0	False	NA
chr10_27170858_27170859	chr10	27170858	27170859	0	False	NA
chr10_27172871_27172872	chr10	27172871	27172872	145	False	NA
chr10_28535131_28535132	chr10	28535131	28535132	493	True	4
chr10_28556411_28556412	chr10	28556411	28556412	434	True	4
chr10_28610924_28610925	chr10	28610924	28610925	769	True	5
chr10_28610997_28610998	chr10	28610997	28610998	713	True	5
chr10_28615477_28615478	chr10	28615477	28615478	90	False	NA
chr10_30340037_30340038	chr10	30340037	30340038	439	True	5
chr10_30349285_30349286	chr10	30349285	30349286	2511	True	3
chr10_32039296_32039297	chr10	32039296	32039297	933	True	2
chr10_35158833_35158834	chr10	35158833	35158834	68	False	NA
chr10_37838746_37838747	chr10	37838746	37838747	188	False	NA
chr10_38107086_38107087	chr10	38107086	38107087	115	False	NA
chr10_38107515_38107516	chr10	38107515	38107516	47	False	NA
chr10_38110405_38110406	chr10	38110405	38110406	0	False	NA
chr10_38115555_38115556	chr10	38115555	38115556	135	False	NA
chr10_42528136_42528137	chr10	42528136	42528137	49	False	NA
chr10_42537261_42537262	chr10	42537261	42537262	111	False	NA
chr10_42538428_42538429	chr10	42538428	42538429	105	False	NA
chr10_43404307_43404308	chr10	43404307	43404308	786	True	1
chr10_45569069_45569070	chr10	45569069	45569070	0	False	NA
chr10_45852222_45852223	chr10	45852222	45852223	470	True	6
chr10_45871249_45871250	chr10	45871249	45871250	107	False	NA
chr10_45871576_45871577	chr10	45871576	45871577	23	False	NA
chr10_45872100_45872101	chr10	45872100	45872101	26	False	NA
chr10_45872399_45872400	chr10	45872399	45872400	60	False	NA
chr10_47530173_47530174	chr10	47530173	47530174	9	False	NA
chr10_48351284_48351285	chr10	48351284	48351285	232	True	5
chr10_49963355_49963356	chr10	49963355	49963356	567	True	2
chr10_49963392_49963393	chr10	49963392	49963393	567	True	2
chr10_49963440_49963441	chr10	49963440	49963441	0	False	NA
chr10_49963441_49963442	chr10	49963441	49963442	631	True	2
chr10_49963461_49963462	chr10	49963461	49963462	0	False	NA
chr10_49963471_49963472	chr10	49963471	49963472	636	True	2
chr10_49963575_49963576	chr10	49963575	49963576	565	True	2
chr10_49963594_49963595	chr10	49963594	49963595	565	True	2
chr10_49963626_49963627	chr10	49963626	49963627	501	True	2
chr10_49963634_49963635	chr10	49963634	49963635	0	False	NA
chr10_49963642_49963643	chr10	49963642	49963643	501	True	2
chr10_49963660_49963661	chr10	49963660	49963661	501	True	2
chr10_49963684_49963685	chr10	49963684	49963685	0	False	NA
chr10_49963711_49963712	chr10	49963711	49963712	0	False	NA
chr10_49963715_49963716	chr10	49963715	49963716	147	False	NA
chr10_49963761_49963762	chr10	49963761	49963762	0	False	NA
chr10_49963786_49963787	chr10	49963786	49963787	0	False	NA
chr10_49963790_49963791	chr10	49963790	49963791	145	False	NA
chr10_49963808_49963809	chr10	49963808	49963809	173	False	NA
chr10_49963810_49963811	chr10	49963810	49963811	0	False	NA
chr10_49963854_49963855	chr10	49963854	49963855	0	False	NA
chr10_49963946_49963947	chr10	49963946	49963947	0	False	NA
chr10_49963973_49963974	chr10	49963973	49963974	130	False	NA
chr10_49963994_49963995	chr10	49963994	49963995	0	False	NA
chr10_49964181_49964182	chr10	49964181	49964182	668	True	2
chr10_49964192_49964193	chr10	49964192	49964193	0	False	NA
chr10_49964219_49964220	chr10	49964219	49964220	683	True	2
chr10_49964229_49964230	chr10	49964229	49964230	683	True	2
chr10_49964243_49964244	chr10	49964243	49964244	573	True	2
chr10_49964246_49964247	chr10	49964246	49964247	0	False	NA
chr10_49964273_49964274	chr10	49964273	49964274	0	False	NA
chr10_49964276_49964277	chr10	49964276	49964277	475	True	2
chr10_49964290_49964291	chr10	49964290	49964291	0	False	NA
chr10_49964315_49964316	chr10	49964315	49964316	0	False	NA
chr10_49964541_49964542	chr10	49964541	49964542	237	True	2
chr10_49964566_49964567	chr10	49964566	49964567	0	False	NA
chr10_49964614_49964615	chr10	49964614	49964615	426	True	2
chr10_49964656_49964657	chr10	49964656	49964657	294	True	2
chr10_49964665_49964666	chr10	49964665	49964666	0	False	NA
chr10_49964669_49964670	chr10	49964669	49964670	310	True	2
chr10_49964689_49964690	chr10	49964689	49964690	0	False	NA
chr10_49964733_49964734	chr10	49964733	49964734	0	False	NA
chr10_49964743_49964744	chr10	49964743	49964744	622	True	2
chr10_49964785_49964786	chr10	49964785	49964786	546	True	2
chr10_49964804_49964805	chr10	49964804	49964805	0	False	NA
chr10_49964806_49964807	chr10	49964806	49964807	454	True	2
chr10_49964864_49964865	chr10	49964864	49964865	0	False	NA
chr10_49964880_49964881	chr10	49964880	49964881	698	True	2
chr10_49964917_49964918	chr10	49964917	49964918	654	True	2
chr10_49964940_49964941	chr10	49964940	49964941	0	False	NA
chr10_49964963_49964964	chr10	49964963	49964964	0	False	NA
chr10_49965015_49965016	chr10	49965015	49965016	0	False	NA
chr10_49965066_49965067	chr10	49965066	49965067	60	False	NA
chr10_49965138_49965139	chr10	49965138	49965139	0	False	NA
chr10_49965345_49965346	chr10	49965345	49965346	457	True	2
chr10_49965390_49965391	chr10	49965390	49965391	0	False	NA
chr10_49965405_49965406	chr10	49965405	49965406	0	False	NA
chr10_49965566_49965567	chr10	49965566	49965567	141	False	NA
chr10_49965594_49965595	chr10	49965594	49965595	0	False	NA
chr10_49965628_49965629	chr10	49965628	49965629	0	False	NA
chr10_49965735_49965736	chr10	49965735	49965736	313	True	2
chr10_49965779_49965780	chr10	49965779	49965780	0	False	NA
chr10_49965800_49965801	chr10	49965800	49965801	0	False	NA
chr10_49965852_49965853	chr10	49965852	49965853	369	True	2
chr10_49965903_49965904	chr10	49965903	49965904	0	False	NA
chr10_49966089_49966090	chr10	49966089	49966090	0	False	NA
chr10_49966175_49966176	chr10	49966175	49966176	410	True	2
chr10_49966247_49966248	chr10	49966247	49966248	438	True	2
chr10_49966260_49966261	chr10	49966260	49966261	0	False	NA
chr10_49966282_49966283	chr10	49966282	49966283	0	False	NA
chr10_49966347_49966348	chr10	49966347	49966348	201	True	2
chr10_49966398_49966399	chr10	49966398	49966399	0	False	NA
chr10_49966471_49966472	chr10	49966471	49966472	359	True	2
chr10_49966500_49966501	chr10	49966500	49966501	0	False	NA
chr10_49966536_49966537	chr10	49966536	49966537	0	False	NA
chr10_49969967_49969968	chr10	49969967	49969968	62	False	NA
chr10_49970373_49970374	chr10	49970373	49970374	369	True	2
chr10_51165775_51165776	chr10	51165775	51165776	11	False	NA
chr10_51165916_51165917	chr10	51165916	51165917	10	False	NA
chr10_51165999_51166000	chr10	51165999	51166000	27	False	NA
chr10_58253742_58253743	chr10	58253742	58253743	77	False	NA
chr10_60787361_60787362	chr10	60787361	60787362	1209	True	4
chr10_60787411_60787412	chr10	60787411	60787412	2274	True	4
chr10_63177330_63177331	chr10	63177330	63177331	620	True	5
chr10_63177350_63177351	chr10	63177350	63177351	656	True	5
chr10_63315845_63315846	chr10	63315845	63315846	94	False	NA
chr10_63380414_63380415	chr10	63380414	63380415	994	True	2
chr10_63462007_63462008	chr10	63462007	63462008	233	True	5
chr10_63462081_63462082	chr10	63462081	63462082	345	True	5
chr10_63507651_63507652	chr10	63507651	63507652	951	True	1
chr10_63507859_63507860	chr10	63507859	63507860	219	True	2
chr10_63508062_63508063	chr10	63508062	63508063	265	True	2
chr10_63508205_63508206	chr10	63508205	63508206	206	True	2
chr10_63508231_63508232	chr10	63508231	63508232	237	True	2
chr10_63508796_63508797	chr10	63508796	63508797	143	False	NA
chr10_65632636_65632637	chr10	65632636	65632637	16	False	NA
chr10_65633254_65633255	chr10	65633254	65633255	0	False	NA
chr10_65633291_65633292	chr10	65633291	65633292	0	False	NA
chr10_65633358_65633359	chr10	65633358	65633359	0	False	NA
chr10_65633393_65633394	chr10	65633393	65633394	0	False	NA
chr10_65633842_65633843	chr10	65633842	65633843	0	False	NA
chr10_65634135_65634136	chr10	65634135	65634136	23	False	NA
chr10_65634179_65634180	chr10	65634179	65634180	23	False	NA
chr10_65635748_65635749	chr10	65635748	65635749	5	False	NA
chr10_65635878_65635879	chr10	65635878	65635879	20	False	NA
chr10_65635902_65635903	chr10	65635902	65635903	20	False	NA
chr10_65635943_65635944	chr10	65635943	65635944	20	False	NA
chr10_65635977_65635978	chr10	65635977	65635978	20	False	NA
chr10_65636065_65636066	chr10	65636065	65636066	0	False	NA
chr10_65637308_65637309	chr10	65637308	65637309	12	False	NA
chr10_65637345_65637346	chr10	65637345	65637346	23	False	NA
chr10_65654327_65654328	chr10	65654327	65654328	0	False	NA
chr10_65654518_65654519	chr10	65654518	65654519	6	False	NA
chr10_65654681_65654682	chr10	65654681	65654682	6	False	NA
chr10_65655283_65655284	chr10	65655283	65655284	0	False	NA
chr10_65656829_65656830	chr10	65656829	65656830	5	False	NA
chr10_65656949_65656950	chr10	65656949	65656950	11	False	NA
chr10_65678916_65678917	chr10	65678916	65678917	92	False	NA
chr10_67478963_67478964	chr10	67478963	67478964	0	False	NA
chr10_68335247_68335248	chr10	68335247	68335248	1401	True	3
chr10_68335922_68335923	chr10	68335922	68335923	1628	True	3
chr10_68338087_68338088	chr10	68338087	68338088	1880	True	4
chr10_68338974_68338975	chr10	68338974	68338975	1609	True	4
chr10_68339005_68339006	chr10	68339005	68339006	1839	True	4
chr10_68341243_68341244	chr10	68341243	68341244	5	False	NA
chr10_68341267_68341268	chr10	68341267	68341268	5	False	NA
chr10_68341301_68341302	chr10	68341301	68341302	5	False	NA
chr10_68341807_68341808	chr10	68341807	68341808	0	False	NA
chr10_68341829_68341830	chr10	68341829	68341830	0	False	NA
chr10_68341927_68341928	chr10	68341927	68341928	8109	True	3
chr10_68341975_68341976	chr10	68341975	68341976	6738	True	3
chr10_68342005_68342006	chr10	68342005	68342006	6	False	NA
chr10_68342023_68342024	chr10	68342023	68342024	6	False	NA
chr10_68342052_68342053	chr10	68342052	68342053	6	False	NA
chr10_68342074_68342075	chr10	68342074	68342075	6	False	NA
chr10_68342199_68342200	chr10	68342199	68342200	13	False	NA
chr10_68437254_68437255	chr10	68437254	68437255	185	False	NA
chr10_68449979_68449980	chr10	68449979	68449980	302	True	5
chr10_68517109_68517110	chr10	68517109	68517110	616	True	2
chr10_68517145_68517146	chr10	68517145	68517146	727	True	2
chr10_68517170_68517171	chr10	68517170	68517171	903	True	2
chr10_68517197_68517198	chr10	68517197	68517198	994	True	2
chr10_68517248_68517249	chr10	68517248	68517249	831	True	2
chr10_68518419_68518420	chr10	68518419	68518420	364	True	3
chr10_68675579_68675580	chr10	68675579	68675580	592	True	5
chr10_68749762_68749763	chr10	68749762	68749763	1178	True	4
chr10_68753371_68753372	chr10	68753371	68753372	596	True	5
chr10_68753431_68753432	chr10	68753431	68753432	823	True	5
chr10_68755576_68755577	chr10	68755576	68755577	3659	True	2
chr10_68756510_68756511	chr10	68756510	68756511	4179	True	4
chr10_68756558_68756559	chr10	68756558	68756559	3485	True	4
chr10_68756841_68756842	chr10	68756841	68756842	1535	True	3
chr10_68757244_68757245	chr10	68757244	68757245	3265	True	2
chr10_68757282_68757283	chr10	68757282	68757283	3359	True	2
chr10_68759870_68759871	chr10	68759870	68759871	961	True	3
chr10_68760933_68760934	chr10	68760933	68760934	1494	True	2
chr10_68760986_68760987	chr10	68760986	68760987	1720	True	2
chr10_68766214_68766215	chr10	68766214	68766215	229	True	4
chr10_68773117_68773118	chr10	68773117	68773118	3546	True	5
chr10_68773146_68773147	chr10	68773146	68773147	3201	True	5
chr10_68773244_68773245	chr10	68773244	68773245	1051	True	5
chr10_68907329_68907330	chr10	68907329	68907330	178	False	NA
chr10_68937596_68937597	chr10	68937596	68937597	194	False	NA
chr10_68960284_68960285	chr10	68960284	68960285	1973	True	4
chr10_68970500_68970501	chr10	68970500	68970501	388	True	4
chr10_68972345_68972346	chr10	68972345	68972346	443	True	2
chr10_69191820_69191821	chr10	69191820	69191821	444	True	5
chr10_72778983_72778984	chr10	72778983	72778984	330	True	5
chr10_73006210_73006211	chr10	73006210	73006211	1026	True	3
chr10_73095526_73095527	chr10	73095526	73095527	462	True	3
chr10_73246454_73246455	chr10	73246454	73246455	141	False	NA
chr10_73247674_73247675	chr10	73247674	73247675	791	True	4
chr10_73247694_73247695	chr10	73247694	73247695	0	False	NA
chr10_73247719_73247720	chr10	73247719	73247720	0	False	NA
chr10_73247752_73247753	chr10	73247752	73247753	772	True	4
chr10_73248621_73248622	chr10	73248621	73248622	0	False	NA
chr10_73576494_73576495	chr10	73576494	73576495	141	False	NA
chr10_73704841_73704842	chr10	73704841	73704842	100	False	NA
chr10_74337776_74337777	chr10	74337776	74337777	413	True	6
chr10_74351147_74351148	chr10	74351147	74351148	87	False	NA
chr10_75024997_75024998	chr10	75024997	75024998	0	False	NA
chr10_75221358_75221359	chr10	75221358	75221359	450	True	5
chr10_78036315_78036316	chr10	78036315	78036316	420	True	4
chr10_78037658_78037659	chr10	78037658	78037659	2058	True	6
chr10_78037923_78037924	chr10	78037923	78037924	1838	True	3
chr10_86497166_86497167	chr10	86497166	86497167	1094	True	4
chr10_86859341_86859342	chr10	86859341	86859342	80	False	NA
chr10_87088540_87088541	chr10	87088540	87088541	427	True	6
chr10_87766618_87766619	chr10	87766618	87766619	132	False	NA
chr10_87766816_87766817	chr10	87766816	87766817	351	True	5
chr10_89285139_89285140	chr10	89285139	89285140	0	False	NA
chr10_89723947_89723948	chr10	89723947	89723948	231	True	2
chr10_89725015_89725016	chr10	89725015	89725016	498	True	2
chr10_91257293_91257294	chr10	91257293	91257294	190	False	NA
chr10_91955834_91955835	chr10	91955834	91955835	96	False	NA
chr10_91959203_91959204	chr10	91959203	91959204	2466	True	2
chr10_91998261_91998262	chr10	91998261	91998262	34	False	NA
chr10_92508559_92508560	chr10	92508559	92508560	94	False	NA
chr10_92629628_92629629	chr10	92629628	92629629	74	False	NA
chr10_92630174_92630175	chr10	92630174	92630175	189	False	NA
chr10_93687449_93687450	chr10	93687449	93687450	459	True	2
chr10_93690613_93690614	chr10	93690613	93690614	587	True	5
chr10_93691795_93691796	chr10	93691795	93691796	309	True	5
chr10_93691953_93691954	chr10	93691953	93691954	212	True	2
chr10_94357081_94357082	chr10	94357081	94357082	149	False	NA
chr10_94554670_94554671	chr10	94554670	94554671	27	False	NA
chr10_94563115_94563116	chr10	94563115	94563116	377	True	5
chr10_94563500_94563501	chr10	94563500	94563501	748	True	6
chr10_94563819_94563820	chr10	94563819	94563820	334	True	6
chr10_94566664_94566665	chr10	94566664	94566665	349	True	6
chr10_94569194_94569195	chr10	94569194	94569195	421	True	6
chr10_94570053_94570054	chr10	94570053	94570054	367	True	5
chr10_94570071_94570072	chr10	94570071	94570072	317	True	5
chr10_94570304_94570305	chr10	94570304	94570305	170	False	NA
chr10_94572970_94572971	chr10	94572970	94572971	104	False	NA
chr10_94573161_94573162	chr10	94573161	94573162	77	False	NA
chr10_94573481_94573482	chr10	94573481	94573482	145	False	NA
chr10_94573641_94573642	chr10	94573641	94573642	229	True	5
chr10_94573790_94573791	chr10	94573790	94573791	227	True	2
chr10_94573820_94573821	chr10	94573820	94573821	244	True	2
chr10_94573949_94573950	chr10	94573949	94573950	763	True	2
chr10_94574229_94574230	chr10	94574229	94574230	548	True	2
chr10_94574339_94574340	chr10	94574339	94574340	408	True	2
chr10_94574549_94574550	chr10	94574549	94574550	715	True	2
chr10_94575118_94575119	chr10	94575118	94575119	198	False	NA
chr10_94581152_94581153	chr10	94581152	94581153	201	True	2
chr10_94582211_94582212	chr10	94582211	94582212	230	True	2
chr10_94585412_94585413	chr10	94585412	94585413	224	True	5
chr10_94585702_94585703	chr10	94585702	94585703	463	True	6
chr10_94586135_94586136	chr10	94586135	94586136	229	True	5
chr10_94587270_94587271	chr10	94587270	94587271	103	False	NA
chr10_94587299_94587300	chr10	94587299	94587300	90	False	NA
chr10_94587879_94587880	chr10	94587879	94587880	395	True	5
chr10_94588013_94588014	chr10	94588013	94588014	518	True	5
chr10_94588101_94588102	chr10	94588101	94588102	323	True	2
chr10_94588122_94588123	chr10	94588122	94588123	446	True	2
chr10_94589699_94589700	chr10	94589699	94589700	53	False	NA
chr10_94594202_94594203	chr10	94594202	94594203	114	False	NA
chr10_94596020_94596021	chr10	94596020	94596021	32	False	NA
chr10_94596172_94596173	chr10	94596172	94596173	16	False	NA
chr10_94596189_94596190	chr10	94596189	94596190	29	False	NA
chr10_94596202_94596203	chr10	94596202	94596203	29	False	NA
chr10_94596329_94596330	chr10	94596329	94596330	54	False	NA
chr10_94596497_94596498	chr10	94596497	94596498	25	False	NA
chr10_94596520_94596521	chr10	94596520	94596521	48	False	NA
chr10_94596552_94596553	chr10	94596552	94596553	48	False	NA
chr10_94597028_94597029	chr10	94597028	94597029	653	True	2
chr10_94597544_94597545	chr10	94597544	94597545	87	False	NA
chr10_94602110_94602111	chr10	94602110	94602111	878	True	5
chr10_94602184_94602185	chr10	94602184	94602185	969	True	5
chr10_94602350_94602351	chr10	94602350	94602351	432	True	5
chr10_94602827_94602828	chr10	94602827	94602828	577	True	5
chr10_94606087_94606088	chr10	94606087	94606088	1285	True	6
chr10_94607598_94607599	chr10	94607598	94607599	442	True	5
chr10_94607738_94607739	chr10	94607738	94607739	1788	True	1
chr10_94610600_94610601	chr10	94610600	94610601	566	True	6
chr10_94829042_94829043	chr10	94829042	94829043	0	False	NA
chr10_96132024_96132025	chr10	96132024	96132025	772	True	6
chr10_96528340_96528341	chr10	96528340	96528341	362	True	5
chr10_96528358_96528359	chr10	96528358	96528359	382	True	5
chr10_96528379_96528380	chr10	96528379	96528380	411	True	5
chr10_96528428_96528429	chr10	96528428	96528429	395	True	5
chr10_96560644_96560645	chr10	96560644	96560645	124	False	NA
chr10_96560837_96560838	chr10	96560837	96560838	70	False	NA
chr10_96561849_96561850	chr10	96561849	96561850	194	False	NA
chr10_96562142_96562143	chr10	96562142	96562143	776	True	2
chr10_96954812_96954813	chr10	96954812	96954813	49	False	NA
chr10_100233104_100233105	chr10	100233104	100233105	0	False	NA
chr10_100250952_100250953	chr10	100250952	100250953	274	True	5
chr10_100913380_100913381	chr10	100913380	100913381	384	True	5
chr10_101364889_101364890	chr10	101364889	101364890	177	False	NA
chr10_101513713_101513714	chr10	101513713	101513714	36	False	NA
chr10_101676715_101676716	chr10	101676715	101676716	319	True	6
chr10_101790835_101790836	chr10	101790835	101790836	521	True	2
chr10_101791263_101791264	chr10	101791263	101791264	997	True	2
chr10_101793192_101793193	chr10	101793192	101793193	638	True	4
chr10_101809711_101809712	chr10	101809711	101809712	805	True	4
chr10_101811393_101811394	chr10	101811393	101811394	771	True	1
chr10_101811543_101811544	chr10	101811543	101811544	1754	True	1
chr10_101811639_101811640	chr10	101811639	101811640	2616	True	1
chr10_101811699_101811700	chr10	101811699	101811700	1698	True	3
chr10_101812411_101812412	chr10	101812411	101812412	286	True	5
chr10_101812622_101812623	chr10	101812622	101812623	637	True	5
chr10_101812923_101812924	chr10	101812923	101812924	2747	True	3
chr10_101813016_101813017	chr10	101813016	101813017	2654	True	3
chr10_102161247_102161248	chr10	102161247	102161248	427	True	5
chr10_104005804_104005805	chr10	104005804	104005805	141	False	NA
chr10_105881365_105881366	chr10	105881365	105881366	0	False	NA
chr10_106582466_106582467	chr10	106582466	106582467	0	False	NA
chr10_110119665_110119666	chr10	110119665	110119666	127	False	NA
chr10_110121780_110121781	chr10	110121780	110121781	25	False	NA
chr10_110122643_110122644	chr10	110122643	110122644	716	True	3
chr10_110594218_110594219	chr10	110594218	110594219	64	False	NA
chr10_110595935_110595936	chr10	110595935	110595936	233	True	5
chr10_110597279_110597280	chr10	110597279	110597280	166	False	NA
chr10_110830594_110830595	chr10	110830594	110830595	33	False	NA
chr10_110884470_110884471	chr10	110884470	110884471	159	False	NA
chr10_110884559_110884560	chr10	110884559	110884560	87	False	NA
chr10_110884657_110884658	chr10	110884657	110884658	33	False	NA
chr10_110884819_110884820	chr10	110884819	110884820	231	True	5
chr10_110895081_110895082	chr10	110895081	110895082	108	False	NA
chr10_110949356_110949357	chr10	110949356	110949357	80	False	NA
chr10_116898743_116898744	chr10	116898743	116898744	212	True	5
chr10_116901619_116901620	chr10	116901619	116901620	924	True	5
chr10_116901887_116901888	chr10	116901887	116901888	0	False	NA
chr10_118039007_118039008	chr10	118039007	118039008	0	False	NA
chr10_118039321_118039322	chr10	118039321	118039322	0	False	NA
chr10_118040500_118040501	chr10	118040500	118040501	0	False	NA
chr10_119049753_119049754	chr10	119049753	119049754	2129	True	6
chr10_119050145_119050146	chr10	119050145	119050146	290	True	2
chr10_119050273_119050274	chr10	119050273	119050274	313	True	2
chr10_119050313_119050314	chr10	119050313	119050314	354	True	2
chr10_119050455_119050456	chr10	119050455	119050456	1829	True	4
chr10_119050854_119050855	chr10	119050854	119050855	548	True	5
chr10_119050905_119050906	chr10	119050905	119050906	652	True	5
chr10_119051872_119051873	chr10	119051872	119051873	529	True	4
chr10_119056712_119056713	chr10	119056712	119056713	3786	True	4
chr10_119058884_119058885	chr10	119058884	119058885	236	True	4
chr10_119060526_119060527	chr10	119060526	119060527	125	False	NA
chr10_119068978_119068979	chr10	119068978	119068979	152	False	NA
chr10_119072029_119072030	chr10	119072029	119072030	5	False	NA
chr10_119072196_119072197	chr10	119072196	119072197	147	False	NA
chr10_119072343_119072344	chr10	119072343	119072344	138	False	NA
chr10_119074471_119074472	chr10	119074471	119074472	70	False	NA
chr10_119580063_119580064	chr10	119580063	119580064	2255	True	3
chr10_119583111_119583112	chr10	119583111	119583112	193	False	NA
chr10_119811800_119811801	chr10	119811800	119811801	53	False	NA
chr10_119911297_119911298	chr10	119911297	119911298	56	False	NA
chr10_120855657_120855658	chr10	120855657	120855658	10	False	NA
chr10_120882551_120882552	chr10	120882551	120882552	53	False	NA
chr10_120906435_120906436	chr10	120906435	120906436	227	True	2
chr10_121927068_121927069	chr10	121927068	121927069	132	False	NA
chr10_122285020_122285021	chr10	122285020	122285021	0	False	NA
chr10_122889849_122889850	chr10	122889849	122889850	53	False	NA
chr10_122894295_122894296	chr10	122894295	122894296	6	False	NA
chr10_122894959_122894960	chr10	122894959	122894960	72	False	NA
chr10_124767519_124767520	chr10	124767519	124767520	526	True	4
chr10_124778728_124778729	chr10	124778728	124778729	709	True	1
chr10_124784577_124784578	chr10	124784577	124784578	365	True	5
chr10_124784933_124784934	chr10	124784933	124784934	490	True	4
chr10_124785528_124785529	chr10	124785528	124785529	130	False	NA
chr10_124787439_124787440	chr10	124787439	124787440	913	True	1
chr10_125724132_125724133	chr10	125724132	125724133	138	False	NA
chr10_125724158_125724159	chr10	125724158	125724159	179	False	NA
chr10_125724200_125724201	chr10	125724200	125724201	0	False	NA
chr10_125724235_125724236	chr10	125724235	125724236	131	False	NA
chr10_125724295_125724296	chr10	125724295	125724296	0	False	NA
chr10_125735795_125735796	chr10	125735795	125735796	0	False	NA
chr10_125741708_125741709	chr10	125741708	125741709	386	True	5
chr10_125746590_125746591	chr10	125746590	125746591	54	False	NA
chr10_125746617_125746618	chr10	125746617	125746618	0	False	NA
chr10_125747009_125747010	chr10	125747009	125747010	60	False	NA
chr10_125747045_125747046	chr10	125747045	125747046	0	False	NA
chr10_125747215_125747216	chr10	125747215	125747216	81	False	NA
chr10_125747249_125747250	chr10	125747249	125747250	0	False	NA
chr10_128114837_128114838	chr10	128114837	128114838	156	False	NA
chr10_128114901_128114902	chr10	128114901	128114902	241	True	2
chr10_128122573_128122574	chr10	128122573	128122574	151	False	NA
chr10_129650204_129650205	chr10	129650204	129650205	6	False	NA
chr10_131212132_131212133	chr10	131212132	131212133	0	False	NA
chr10_131948414_131948415	chr10	131948414	131948415	1013	True	2
chr10_131955062_131955063	chr10	131955062	131955063	547	True	2
chr10_133400930_133400931	chr10	133400930	133400931	1909	True	6
chr10_133418013_133418014	chr10	133418013	133418014	448	True	6
chr10_133571503_133571504	chr10	133571503	133571504	15	False	NA
chr10_133573645_133573646	chr10	133573645	133573646	17	False	NA
chr11_651417_651418	chr11	651417	651418	828	True	6
chr11_683659_683660	chr11	683659	683660	21	False	NA
chr11_1158481_1158482	chr11	1158481	1158482	0	False	NA
chr11_2168343_2168344	chr11	2168343	2168344	0	False	NA
chr11_3393326_3393327	chr11	3393326	3393327	899	True	4
chr11_3396758_3396759	chr11	3396758	3396759	200	True	2
chr11_3754946_3754947	chr11	3754946	3754947	788	True	1
chr11_6937505_6937506	chr11	6937505	6937506	51	False	NA
chr11_9438073_9438074	chr11	9438073	9438074	1231	True	2
chr11_9580475_9580476	chr11	9580475	9580476	1898	True	1
chr11_10799032_10799033	chr11	10799032	10799033	0	False	NA
chr11_10799487_10799488	chr11	10799487	10799488	0	False	NA
chr11_10799577_10799578	chr11	10799577	10799578	0	False	NA
chr11_10799630_10799631	chr11	10799630	10799631	0	False	NA
chr11_10799680_10799681	chr11	10799680	10799681	0	False	NA
chr11_10799698_10799699	chr11	10799698	10799699	0	False	NA
chr11_10799729_10799730	chr11	10799729	10799730	0	False	NA
chr11_10799967_10799968	chr11	10799967	10799968	0	False	NA
chr11_10800016_10800017	chr11	10800016	10800017	3187	True	4
chr11_10800052_10800053	chr11	10800052	10800053	4004	True	3
chr11_10800105_10800106	chr11	10800105	10800106	0	False	NA
chr11_10800132_10800133	chr11	10800132	10800133	0	False	NA
chr11_10800422_10800423	chr11	10800422	10800423	0	False	NA
chr11_10800449_10800450	chr11	10800449	10800450	0	False	NA
chr11_10801483_10801484	chr11	10801483	10801484	0	False	NA
chr11_10801497_10801498	chr11	10801497	10801498	0	False	NA
chr11_10802874_10802875	chr11	10802874	10802875	361	True	4
chr11_10803838_10803839	chr11	10803838	10803839	1633	True	2
chr11_11911899_11911900	chr11	11911899	11911900	307	True	2
chr11_11920521_11920522	chr11	11920521	11920522	700	True	2
chr11_13707717_13707718	chr11	13707717	13707718	287	True	2
chr11_13713766_13713767	chr11	13713766	13713767	143	False	NA
chr11_14478961_14478962	chr11	14478961	14478962	601	True	4
chr11_14777205_14777206	chr11	14777205	14777206	196	False	NA
chr11_16842448_16842449	chr11	16842448	16842449	0	False	NA
chr11_20404245_20404246	chr11	20404245	20404246	93	False	NA
chr11_20498368_20498369	chr11	20498368	20498369	104	False	NA
chr11_23195271_23195272	chr11	23195271	23195272	0	False	NA
chr11_28058669_28058670	chr11	28058669	28058670	211	True	4
chr11_28076940_28076941	chr11	28076940	28076941	540	True	4
chr11_28096178_28096179	chr11	28096178	28096179	81	False	NA
chr11_29506319_29506320	chr11	29506319	29506320	0	False	NA
chr11_29506338_29506339	chr11	29506338	29506339	0	False	NA
chr11_32143811_32143812	chr11	32143811	32143812	8876	True	1
chr11_33124952_33124953	chr11	33124952	33124953	236	True	2
chr11_33138227_33138228	chr11	33138227	33138228	966	True	4
chr11_43325137_43325138	chr11	43325137	43325138	96	False	NA
chr11_43325398_43325399	chr11	43325398	43325399	402	True	2
chr11_43325465_43325466	chr11	43325465	43325466	405	True	2
chr11_43325856_43325857	chr11	43325856	43325857	486	True	2
chr11_43326026_43326027	chr11	43326026	43326027	339	True	2
chr11_43326142_43326143	chr11	43326142	43326143	267	True	2
chr11_43339333_43339334	chr11	43339333	43339334	92	False	NA
chr11_46754988_46754989	chr11	46754988	46754989	2062	True	4
chr11_46763185_46763186	chr11	46763185	46763186	1394	True	2
chr11_47725765_47725766	chr11	47725765	47725766	1107	True	5
chr11_47731363_47731364	chr11	47731363	47731364	2199	True	2
chr11_47732004_47732005	chr11	47732004	47732005	4153	True	3
chr11_47732040_47732041	chr11	47732040	47732041	4645	True	3
chr11_47732135_47732136	chr11	47732135	47732136	4819	True	3
chr11_47732167_47732168	chr11	47732167	47732168	3354	True	5
chr11_47732296_47732297	chr11	47732296	47732297	2894	True	5
chr11_47732324_47732325	chr11	47732324	47732325	2849	True	4
chr11_47732391_47732392	chr11	47732391	47732392	3825	True	4
chr11_47732429_47732430	chr11	47732429	47732430	3732	True	4
chr11_47732469_47732470	chr11	47732469	47732470	4138	True	4
chr11_47732508_47732509	chr11	47732508	47732509	4233	True	4
chr11_47752429_47752430	chr11	47752429	47752430	441	True	4
chr11_56358265_56358266	chr11	56358265	56358266	86	False	NA
chr11_57326321_57326322	chr11	57326321	57326322	0	False	NA
chr11_57326429_57326430	chr11	57326429	57326430	0	False	NA
chr11_57326782_57326783	chr11	57326782	57326783	0	False	NA
chr11_57326848_57326849	chr11	57326848	57326849	0	False	NA
chr11_58835670_58835671	chr11	58835670	58835671	154	False	NA
chr11_59550985_59550986	chr11	59550985	59550986	0	False	NA
chr11_59551342_59551343	chr11	59551342	59551343	5888	True	3
chr11_61420938_61420939	chr11	61420938	61420939	629	True	5
chr11_64770620_64770621	chr11	64770620	64770621	1878	True	3
chr11_64772327_64772328	chr11	64772327	64772328	819	True	3
chr11_64772806_64772807	chr11	64772806	64772807	2773	True	1
chr11_64774965_64774966	chr11	64774965	64774966	3559	True	1
chr11_64776066_64776067	chr11	64776066	64776067	1568	True	4
chr11_65423498_65423499	chr11	65423498	65423499	123750	True	1
chr11_65423555_65423556	chr11	65423555	65423556	154041	True	1
chr11_65426482_65426483	chr11	65426482	65426483	62886	True	1
chr11_65426606_65426607	chr11	65426606	65426607	79290	True	1
chr11_65426835_65426836	chr11	65426835	65426836	54407	True	1
chr11_65426875_65426876	chr11	65426875	65426876	71780	True	1
chr11_65428179_65428180	chr11	65428179	65428180	59224	True	1
chr11_65428262_65428263	chr11	65428262	65428263	69501	True	1
chr11_65428799_65428800	chr11	65428799	65428800	35601	True	1
chr11_65428817_65428818	chr11	65428817	65428818	29967	True	1
chr11_65429037_65429038	chr11	65429037	65429038	25982	True	1
chr11_65429124_65429125	chr11	65429124	65429125	39291	True	1
chr11_65429297_65429298	chr11	65429297	65429298	42969	True	1
chr11_65429653_65429654	chr11	65429653	65429654	35250	True	1
chr11_65429684_65429685	chr11	65429684	65429685	32030	True	1
chr11_65429696_65429697	chr11	65429696	65429697	32030	True	1
chr11_65429733_65429734	chr11	65429733	65429734	40212	True	1
chr11_65429802_65429803	chr11	65429802	65429803	77500	True	1
chr11_65430869_65430870	chr11	65430869	65430870	21845	True	1
chr11_65431268_65431269	chr11	65431268	65431269	26425	True	1
chr11_65431468_65431469	chr11	65431468	65431469	37363	True	1
chr11_65431490_65431491	chr11	65431490	65431491	47001	True	1
chr11_65431584_65431585	chr11	65431584	65431585	52846	True	1
chr11_65431943_65431944	chr11	65431943	65431944	31291	True	1
chr11_65432219_65432220	chr11	65432219	65432220	45742	True	1
chr11_65432245_65432246	chr11	65432245	65432246	45926	True	1
chr11_65432659_65432660	chr11	65432659	65432660	17784	True	3
chr11_65432773_65432774	chr11	65432773	65432774	39109	True	1
chr11_65432826_65432827	chr11	65432826	65432827	43871	True	1
chr11_65433045_65433046	chr11	65433045	65433046	42289	True	1
chr11_65433090_65433091	chr11	65433090	65433091	48813	True	1
chr11_65433386_65433387	chr11	65433386	65433387	32032	True	3
chr11_65433493_65433494	chr11	65433493	65433494	26125	True	1
chr11_65433944_65433945	chr11	65433944	65433945	45104	True	1
chr11_65434003_65434004	chr11	65434003	65434004	35132	True	1
chr11_65434028_65434029	chr11	65434028	65434029	44940	True	1
chr11_65434114_65434115	chr11	65434114	65434115	80428	True	1
chr11_65434165_65434166	chr11	65434165	65434166	79688	True	1
chr11_65434468_65434469	chr11	65434468	65434469	54201	True	1
chr11_65434520_65434521	chr11	65434520	65434521	60572	True	1
chr11_65434722_65434723	chr11	65434722	65434723	50357	True	1
chr11_65435012_65435013	chr11	65435012	65435013	57886	True	1
chr11_65435133_65435134	chr11	65435133	65435134	44230	True	1
chr11_65435169_65435170	chr11	65435169	65435170	44078	True	1
chr11_65435855_65435856	chr11	65435855	65435856	37657	True	1
chr11_65436782_65436783	chr11	65436782	65436783	48764	True	1
chr11_65436825_65436826	chr11	65436825	65436826	48653	True	1
chr11_65437260_65437261	chr11	65437260	65437261	15110	True	1
chr11_65437278_65437279	chr11	65437278	65437279	28346	True	1
chr11_65437318_65437319	chr11	65437318	65437319	39924	True	1
chr11_65437362_65437363	chr11	65437362	65437363	38043	True	1
chr11_65437393_65437394	chr11	65437393	65437394	30639	True	1
chr11_65437435_65437436	chr11	65437435	65437436	34807	True	1
chr11_65437640_65437641	chr11	65437640	65437641	32489	True	1
chr11_65437693_65437694	chr11	65437693	65437694	38104	True	1
chr11_65437813_65437814	chr11	65437813	65437814	37431	True	1
chr11_65437963_65437964	chr11	65437963	65437964	43659	True	1
chr11_65439382_65439383	chr11	65439382	65439383	44443	True	1
chr11_65439693_65439694	chr11	65439693	65439694	25416	True	1
chr11_65439947_65439948	chr11	65439947	65439948	32985	True	1
chr11_65439970_65439971	chr11	65439970	65439971	31396	True	1
chr11_65440111_65440112	chr11	65440111	65440112	19042	True	1
chr11_65440158_65440159	chr11	65440158	65440159	13606	True	1
chr11_65440192_65440193	chr11	65440192	65440193	14384	True	1
chr11_65440294_65440295	chr11	65440294	65440295	33094	True	1
chr11_65440930_65440931	chr11	65440930	65440931	34799	True	1
chr11_65440951_65440952	chr11	65440951	65440952	35038	True	1
chr11_65441014_65441015	chr11	65441014	65441015	39543	True	1
chr11_65441564_65441565	chr11	65441564	65441565	5377	True	1
chr11_65441598_65441599	chr11	65441598	65441599	6587	True	1
chr11_65441627_65441628	chr11	65441627	65441628	6360	True	1
chr11_65441648_65441649	chr11	65441648	65441649	6440	True	1
chr11_65441663_65441664	chr11	65441663	65441664	6738	True	1
chr11_65441683_65441684	chr11	65441683	65441684	13152	True	1
chr11_65441704_65441705	chr11	65441704	65441705	13887	True	1
chr11_65441765_65441766	chr11	65441765	65441766	21612	True	1
chr11_65441790_65441791	chr11	65441790	65441791	29921	True	1
chr11_65441807_65441808	chr11	65441807	65441808	30455	True	1
chr11_65441861_65441862	chr11	65441861	65441862	34003	True	1
chr11_65442138_65442139	chr11	65442138	65442139	36718	True	1
chr11_65442155_65442156	chr11	65442155	65442156	36215	True	1
chr11_65442595_65442596	chr11	65442595	65442596	9933	True	1
chr11_65443044_65443045	chr11	65443044	65443045	49653	True	1
chr11_65443445_65443446	chr11	65443445	65443446	29011	True	1
chr11_65499122_65499123	chr11	65499122	65499123	213062	True	1
chr11_65499157_65499158	chr11	65499157	65499158	231713	True	1
chr11_65499214_65499215	chr11	65499214	65499215	213300	True	1
chr11_65499229_65499230	chr11	65499229	65499230	153511	True	1
chr11_65499249_65499250	chr11	65499249	65499250	176890	True	1
chr11_65499268_65499269	chr11	65499268	65499269	198954	True	1
chr11_65499288_65499289	chr11	65499288	65499289	200007	True	1
chr11_65499322_65499323	chr11	65499322	65499323	209662	True	1
chr11_65499341_65499342	chr11	65499341	65499342	158577	True	1
chr11_65499367_65499368	chr11	65499367	65499368	188925	True	1
chr11_65499384_65499385	chr11	65499384	65499385	233578	True	1
chr11_65499408_65499409	chr11	65499408	65499409	231893	True	1
chr11_65499449_65499450	chr11	65499449	65499450	237023	True	1
chr11_65499470_65499471	chr11	65499470	65499471	191708	True	1
chr11_65499490_65499491	chr11	65499490	65499491	200816	True	1
chr11_65499559_65499560	chr11	65499559	65499560	204618	True	1
chr11_65499578_65499579	chr11	65499578	65499579	213861	True	1
chr11_65499634_65499635	chr11	65499634	65499635	159020	True	1
chr11_65499679_65499680	chr11	65499679	65499680	238466	True	1
chr11_65499706_65499707	chr11	65499706	65499707	226163	True	1
chr11_65499720_65499721	chr11	65499720	65499721	218834	True	1
chr11_65499738_65499739	chr11	65499738	65499739	187657	True	3
chr11_65499759_65499760	chr11	65499759	65499760	182166	True	3
chr11_65499776_65499777	chr11	65499776	65499777	120262	True	3
chr11_65499796_65499797	chr11	65499796	65499797	148188	True	3
chr11_65499829_65499830	chr11	65499829	65499830	182409	True	3
chr11_65499856_65499857	chr11	65499856	65499857	178026	True	3
chr11_65499880_65499881	chr11	65499880	65499881	131938	True	4
chr11_65499890_65499891	chr11	65499890	65499891	131657	True	4
chr11_65499930_65499931	chr11	65499930	65499931	180504	True	1
chr11_65499952_65499953	chr11	65499952	65499953	227804	True	1
chr11_65499972_65499973	chr11	65499972	65499973	250339	True	1
chr11_65499999_65500000	chr11	65499999	65500000	296487	True	1
chr11_65500017_65500018	chr11	65500017	65500018	381592	True	1
chr11_65500039_65500040	chr11	65500039	65500040	372632	True	1
chr11_65500057_65500058	chr11	65500057	65500058	388547	True	1
chr11_65500089_65500090	chr11	65500089	65500090	372500	True	1
chr11_65500109_65500110	chr11	65500109	65500110	398215	True	1
chr11_65500121_65500122	chr11	65500121	65500122	403726	True	1
chr11_65500143_65500144	chr11	65500143	65500144	377592	True	1
chr11_65500153_65500154	chr11	65500153	65500154	381000	True	1
chr11_65500185_65500186	chr11	65500185	65500186	413119	True	1
chr11_65500210_65500211	chr11	65500210	65500211	329556	True	1
chr11_65500235_65500236	chr11	65500235	65500236	302551	True	1
chr11_65500278_65500279	chr11	65500278	65500279	395725	True	1
chr11_65500295_65500296	chr11	65500295	65500296	428534	True	1
chr11_65500327_65500328	chr11	65500327	65500328	423023	True	1
chr11_65500339_65500340	chr11	65500339	65500340	400331	True	1
chr11_65500356_65500357	chr11	65500356	65500357	407079	True	1
chr11_65500393_65500394	chr11	65500393	65500394	473756	True	1
chr11_65500451_65500452	chr11	65500451	65500452	497486	True	1
chr11_65500465_65500466	chr11	65500465	65500466	410981	True	1
chr11_65500506_65500507	chr11	65500506	65500507	433923	True	1
chr11_65500547_65500548	chr11	65500547	65500548	675486	True	1
chr11_65500561_65500562	chr11	65500561	65500562	680859	True	1
chr11_65500589_65500590	chr11	65500589	65500590	597698	True	1
chr11_65500616_65500617	chr11	65500616	65500617	702466	True	1
chr11_65500637_65500638	chr11	65500637	65500638	695553	True	1
chr11_65500650_65500651	chr11	65500650	65500651	688131	True	1
chr11_65500713_65500714	chr11	65500713	65500714	598830	True	1
chr11_65500764_65500765	chr11	65500764	65500765	411929	True	1
chr11_65500796_65500797	chr11	65500796	65500797	508458	True	1
chr11_65500830_65500831	chr11	65500830	65500831	503118	True	1
chr11_65500852_65500853	chr11	65500852	65500853	501003	True	1
chr11_65500875_65500876	chr11	65500875	65500876	457953	True	1
chr11_65500923_65500924	chr11	65500923	65500924	541668	True	1
chr11_65501015_65501016	chr11	65501015	65501016	345014	True	1
chr11_65501047_65501048	chr11	65501047	65501048	251532	True	1
chr11_65501071_65501072	chr11	65501071	65501072	277403	True	1
chr11_65501099_65501100	chr11	65501099	65501100	301933	True	1
chr11_65501149_65501150	chr11	65501149	65501150	319154	True	1
chr11_65501228_65501229	chr11	65501228	65501229	390049	True	1
chr11_65501264_65501265	chr11	65501264	65501265	326028	True	1
chr11_65501342_65501343	chr11	65501342	65501343	223808	True	1
chr11_65501371_65501372	chr11	65501371	65501372	149824	True	1
chr11_65501448_65501449	chr11	65501448	65501449	220713	True	1
chr11_65501509_65501510	chr11	65501509	65501510	308871	True	1
chr11_65501536_65501537	chr11	65501536	65501537	343215	True	1
chr11_65501578_65501579	chr11	65501578	65501579	282159	True	1
chr11_65501604_65501605	chr11	65501604	65501605	314870	True	1
chr11_65501660_65501661	chr11	65501660	65501661	317891	True	1
chr11_65501681_65501682	chr11	65501681	65501682	286124	True	1
chr11_65501698_65501699	chr11	65501698	65501699	201070	True	1
chr11_65501746_65501747	chr11	65501746	65501747	161769	True	1
chr11_65501805_65501806	chr11	65501805	65501806	195025	True	1
chr11_65502405_65502406	chr11	65502405	65502406	292948	True	1
chr11_65502431_65502432	chr11	65502431	65502432	230249	True	1
chr11_65502457_65502458	chr11	65502457	65502458	247683	True	1
chr11_65502518_65502519	chr11	65502518	65502519	212617	True	1
chr11_65502632_65502633	chr11	65502632	65502633	259321	True	1
chr11_65503615_65503616	chr11	65503615	65503616	263136	True	1
chr11_65503681_65503682	chr11	65503681	65503682	347172	True	1
chr11_65503712_65503713	chr11	65503712	65503713	374410	True	1
chr11_65503751_65503752	chr11	65503751	65503752	395736	True	1
chr11_65503768_65503769	chr11	65503768	65503769	386042	True	1
chr11_65503793_65503794	chr11	65503793	65503794	229894	True	1
chr11_65503817_65503818	chr11	65503817	65503818	235933	True	1
chr11_65503845_65503846	chr11	65503845	65503846	202525	True	1
chr11_65503916_65503917	chr11	65503916	65503917	248874	True	1
chr11_65503945_65503946	chr11	65503945	65503946	199022	True	1
chr11_65503968_65503969	chr11	65503968	65503969	193257	True	1
chr11_65503999_65504000	chr11	65503999	65504000	223108	True	1
chr11_65504295_65504296	chr11	65504295	65504296	262457	True	1
chr11_65504316_65504317	chr11	65504316	65504317	262584	True	1
chr11_65505039_65505040	chr11	65505039	65505040	214290	True	1
chr11_65505177_65505178	chr11	65505177	65505178	343725	True	1
chr11_65505777_65505778	chr11	65505777	65505778	136278	True	1
chr11_65505888_65505889	chr11	65505888	65505889	225259	True	1
chr11_65505982_65505983	chr11	65505982	65505983	201050	True	1
chr11_66067988_66067989	chr11	66067988	66067989	0	False	NA
chr11_66068178_66068179	chr11	66068178	66068179	0	False	NA
chr11_66068804_66068805	chr11	66068804	66068805	0	False	NA
chr11_66068849_66068850	chr11	66068849	66068850	0	False	NA
chr11_66068894_66068895	chr11	66068894	66068895	0	False	NA
chr11_66348154_66348155	chr11	66348154	66348155	11561	True	1
chr11_66348168_66348169	chr11	66348168	66348169	11575	True	1
chr11_68576633_68576634	chr11	68576633	68576634	218	True	5
chr11_71512325_71512326	chr11	71512325	71512326	74	False	NA
chr11_73721683_73721684	chr11	73721683	73721684	33	False	NA
chr11_74763856_74763857	chr11	74763856	74763857	412	True	2
chr11_74997317_74997318	chr11	74997317	74997318	213	True	2
chr11_76486273_76486274	chr11	76486273	76486274	232	True	2
chr11_76989371_76989372	chr11	76989371	76989372	0	False	NA
chr11_77439497_77439498	chr11	77439497	77439498	7	False	NA
chr11_77886592_77886593	chr11	77886592	77886593	20479	True	1
chr11_77886625_77886626	chr11	77886625	77886626	17371	True	1
chr11_77886651_77886652	chr11	77886651	77886652	0	False	NA
chr11_78121559_78121560	chr11	78121559	78121560	172	False	NA
chr11_83072785_83072786	chr11	83072785	83072786	0	False	NA
chr11_83160358_83160359	chr11	83160358	83160359	578	True	3
chr11_83160812_83160813	chr11	83160812	83160813	232	True	5
chr11_83163378_83163379	chr11	83163378	83163379	69	False	NA
chr11_83166729_83166730	chr11	83166729	83166730	329	True	2
chr11_83167576_83167577	chr11	83167576	83167577	187	False	NA
chr11_83170481_83170482	chr11	83170481	83170482	69	False	NA
chr11_85484032_85484033	chr11	85484032	85484033	0	False	NA
chr11_85484089_85484090	chr11	85484089	85484090	0	False	NA
chr11_85484111_85484112	chr11	85484111	85484112	0	False	NA
chr11_85484142_85484143	chr11	85484142	85484143	0	False	NA
chr11_93730333_93730334	chr11	93730333	93730334	2382	True	4
chr11_93731193_93731194	chr11	93731193	93731194	11351	True	3
chr11_93731772_93731773	chr11	93731772	93731773	1361	True	2
chr11_93734655_93734656	chr11	93734655	93734656	5332	True	3
chr11_93736423_93736424	chr11	93736423	93736424	1027	True	2
chr11_93736475_93736476	chr11	93736475	93736476	922	True	5
chr11_93736502_93736503	chr11	93736502	93736503	1151	True	4
chr11_93736542_93736543	chr11	93736542	93736543	1183	True	4
chr11_93736595_93736596	chr11	93736595	93736596	2250	True	4
chr11_93736618_93736619	chr11	93736618	93736619	2585	True	4
chr11_93736671_93736672	chr11	93736671	93736672	5968	True	3
chr11_93736762_93736763	chr11	93736762	93736763	6314	True	3
chr11_93736782_93736783	chr11	93736782	93736783	5342	True	3
chr11_93736800_93736801	chr11	93736800	93736801	5209	True	3
chr11_93736830_93736831	chr11	93736830	93736831	4636	True	3
chr11_93736897_93736898	chr11	93736897	93736898	2781	True	4
chr11_93736930_93736931	chr11	93736930	93736931	2618	True	4
chr11_93736974_93736975	chr11	93736974	93736975	2917	True	4
chr11_93736995_93736996	chr11	93736995	93736996	5812	True	3
chr11_93737014_93737015	chr11	93737014	93737015	9555	True	3
chr11_93737027_93737028	chr11	93737027	93737028	10949	True	3
chr11_93737046_93737047	chr11	93737046	93737047	10716	True	3
chr11_93737245_93737246	chr11	93737245	93737246	3829	True	3
chr11_93737440_93737441	chr11	93737440	93737441	156	False	NA
chr11_93737495_93737496	chr11	93737495	93737496	156	False	NA
chr11_93738094_93738095	chr11	93738094	93738095	4693	True	3
chr11_93739486_93739487	chr11	93739486	93739487	801	True	5
chr11_93739967_93739968	chr11	93739967	93739968	753	True	4
chr11_93740437_93740438	chr11	93740437	93740438	1207	True	3
chr11_94479011_94479012	chr11	94479011	94479012	100	False	NA
chr11_94494409_94494410	chr11	94494409	94494410	0	False	NA
chr11_95825236_95825237	chr11	95825236	95825237	455	True	2
chr11_95825273_95825274	chr11	95825273	95825274	0	False	NA
chr11_99433144_99433145	chr11	99433144	99433145	28	False	NA
chr11_103066754_103066755	chr11	103066754	103066755	190	False	NA
chr11_103121505_103121506	chr11	103121505	103121506	30	False	NA
chr11_103121705_103121706	chr11	103121705	103121706	89	False	NA
chr11_103121759_103121760	chr11	103121759	103121760	81	False	NA
chr11_103121792_103121793	chr11	103121792	103121793	55	False	NA
chr11_103122092_103122093	chr11	103122092	103122093	51	False	NA
chr11_103122120_103122121	chr11	103122120	103122121	78	False	NA
chr11_103122150_103122151	chr11	103122150	103122151	53	False	NA
chr11_103122816_103122817	chr11	103122816	103122817	98	False	NA
chr11_103134967_103134968	chr11	103134967	103134968	19	False	NA
chr11_103135493_103135494	chr11	103135493	103135494	22	False	NA
chr11_103135709_103135710	chr11	103135709	103135710	94	False	NA
chr11_103154653_103154654	chr11	103154653	103154654	81	False	NA
chr11_103154689_103154690	chr11	103154689	103154690	74	False	NA
chr11_103158900_103158901	chr11	103158900	103158901	25	False	NA
chr11_103179274_103179275	chr11	103179274	103179275	29	False	NA
chr11_103179397_103179398	chr11	103179397	103179398	24	False	NA
chr11_103179426_103179427	chr11	103179426	103179427	24	False	NA
chr11_103179796_103179797	chr11	103179796	103179797	16	False	NA
chr11_103179853_103179854	chr11	103179853	103179854	67	False	NA
chr11_103179872_103179873	chr11	103179872	103179873	67	False	NA
chr11_103179913_103179914	chr11	103179913	103179914	67	False	NA
chr11_103179942_103179943	chr11	103179942	103179943	67	False	NA
chr11_103180938_103180939	chr11	103180938	103180939	19	False	NA
chr11_103181905_103181906	chr11	103181905	103181906	0	False	NA
chr11_103184622_103184623	chr11	103184622	103184623	67	False	NA
chr11_103184721_103184722	chr11	103184721	103184722	39	False	NA
chr11_103184764_103184765	chr11	103184764	103184765	22	False	NA
chr11_103236122_103236123	chr11	103236122	103236123	148	False	NA
chr11_103236289_103236290	chr11	103236289	103236290	27	False	NA
chr11_107908811_107908812	chr11	107908811	107908812	0	False	NA
chr11_108227765_108227766	chr11	108227765	108227766	1198	True	2
chr11_108295344_108295345	chr11	108295344	108295345	648	True	3
chr11_108295670_108295671	chr11	108295670	108295671	413	True	6
chr11_110101396_110101397	chr11	110101396	110101397	55	False	NA
chr11_110101561_110101562	chr11	110101561	110101562	5	False	NA
chr11_110101614_110101615	chr11	110101614	110101615	0	False	NA
chr11_118496984_118496985	chr11	118496984	118496985	377	True	4
chr11_118497408_118497409	chr11	118497408	118497409	383	True	5
chr11_119017672_119017673	chr11	119017672	119017673	2359	True	5
chr11_119017813_119017814	chr11	119017813	119017814	2739	True	5
chr11_120970317_120970318	chr11	120970317	120970318	0	False	NA
chr11_121031676_121031677	chr11	121031676	121031677	114	False	NA
chr11_123058163_123058164	chr11	123058163	123058164	82397	True	1
chr11_123058231_123058232	chr11	123058231	123058232	47939	True	1
chr11_124888393_124888394	chr11	124888393	124888394	0	False	NA
chr11_125636381_125636382	chr11	125636381	125636382	93	False	NA
chr11_125636614_125636615	chr11	125636614	125636615	91	False	NA
chr11_129893394_129893395	chr11	129893394	129893395	665	True	5
chr11_132164031_132164032	chr11	132164031	132164032	756	True	2
chr12_441757_441758	chr12	441757	441758	136	False	NA
chr12_488428_488429	chr12	488428	488429	10	False	NA
chr12_859717_859718	chr12	859717	859718	154	False	NA
chr12_1200570_1200571	chr12	1200570	1200571	1175	True	5
chr12_1200971_1200972	chr12	1200971	1200972	2798	True	2
chr12_1200990_1200991	chr12	1200990	1200991	4534	True	2
chr12_1203624_1203625	chr12	1203624	1203625	2739	True	2
chr12_1204220_1204221	chr12	1204220	1204221	1838	True	5
chr12_1204265_1204266	chr12	1204265	1204266	1727	True	5
chr12_1204284_1204285	chr12	1204284	1204285	1897	True	5
chr12_1230019_1230020	chr12	1230019	1230020	76	False	NA
chr12_1241869_1241870	chr12	1241869	1241870	14	False	NA
chr12_1296426_1296427	chr12	1296426	1296427	76	False	NA
chr12_1299229_1299230	chr12	1299229	1299230	42	False	NA
chr12_1984751_1984752	chr12	1984751	1984752	0	False	NA
chr12_1984783_1984784	chr12	1984783	1984784	40	False	NA
chr12_1985040_1985041	chr12	1985040	1985041	52	False	NA
chr12_2799878_2799879	chr12	2799878	2799879	0	False	NA
chr12_2800445_2800446	chr12	2800445	2800446	0	False	NA
chr12_3211592_3211593	chr12	3211592	3211593	5	False	NA
chr12_4518703_4518704	chr12	4518703	4518704	17	False	NA
chr12_6496433_6496434	chr12	6496433	6496434	314	True	4
chr12_6509086_6509087	chr12	6509086	6509087	617	True	4
chr12_6578877_6578878	chr12	6578877	6578878	0	False	NA
chr12_6581140_6581141	chr12	6581140	6581141	0	False	NA
chr12_8776728_8776729	chr12	8776728	8776729	0	False	NA
chr12_8776795_8776796	chr12	8776795	8776796	0	False	NA
chr12_8776905_8776906	chr12	8776905	8776906	0	False	NA
chr12_8776974_8776975	chr12	8776974	8776975	0	False	NA
chr12_8777056_8777057	chr12	8777056	8777057	0	False	NA
chr12_8777166_8777167	chr12	8777166	8777167	12	False	NA
chr12_8777238_8777239	chr12	8777238	8777239	381	True	2
chr12_8777272_8777273	chr12	8777272	8777273	12	False	NA
chr12_8777274_8777275	chr12	8777274	8777275	239	True	2
chr12_8777328_8777329	chr12	8777328	8777329	12	False	NA
chr12_8777415_8777416	chr12	8777415	8777416	551	True	2
chr12_8777467_8777468	chr12	8777467	8777468	0	False	NA
chr12_8777685_8777686	chr12	8777685	8777686	0	False	NA
chr12_8780436_8780437	chr12	8780436	8780437	371	True	2
chr12_8780636_8780637	chr12	8780636	8780637	338	True	2
chr12_8780669_8780670	chr12	8780669	8780670	263	True	2
chr12_8780707_8780708	chr12	8780707	8780708	0	False	NA
chr12_8783091_8783092	chr12	8783091	8783092	0	False	NA
chr12_10612675_10612676	chr12	10612675	10612676	64	False	NA
chr12_10612690_10612691	chr12	10612690	10612691	97	False	NA
chr12_10711293_10711294	chr12	10711293	10711294	373	True	5
chr12_10944084_10944085	chr12	10944084	10944085	120	False	NA
chr12_10949780_10949781	chr12	10949780	10949781	294	True	5
chr12_11147822_11147823	chr12	11147822	11147823	147	False	NA
chr12_11155041_11155042	chr12	11155041	11155042	970	True	5
chr12_11155194_11155195	chr12	11155194	11155195	940	True	5
chr12_11155353_11155354	chr12	11155353	11155354	1109	True	5
chr12_11155388_11155389	chr12	11155388	11155389	597	True	5
chr12_11155443_11155444	chr12	11155443	11155444	547	True	5
chr12_11155478_11155479	chr12	11155478	11155479	466	True	5
chr12_11155653_11155654	chr12	11155653	11155654	226	True	2
chr12_11155918_11155919	chr12	11155918	11155919	660	True	2
chr12_11156001_11156002	chr12	11156001	11156002	758	True	2
chr12_11156123_11156124	chr12	11156123	11156124	407	True	2
chr12_11156475_11156476	chr12	11156475	11156476	451	True	2
chr12_12164924_12164925	chr12	12164924	12164925	17	False	NA
chr12_19132787_19132788	chr12	19132787	19132788	166	False	NA
chr12_19306167_19306168	chr12	19306167	19306168	27	False	NA
chr12_20551422_20551423	chr12	20551422	20551423	83558	True	1
chr12_22469253_22469254	chr12	22469253	22469254	0	False	NA
chr12_22469285_22469286	chr12	22469285	22469286	118	False	NA
chr12_22469308_22469309	chr12	22469308	22469309	124	False	NA
chr12_22471433_22471434	chr12	22471433	22471434	0	False	NA
chr12_22516562_22516563	chr12	22516562	22516563	271	True	2
chr12_22518023_22518024	chr12	22518023	22518024	0	False	NA
chr12_22518519_22518520	chr12	22518519	22518520	0	False	NA
chr12_22523437_22523438	chr12	22523437	22523438	0	False	NA
chr12_22630626_22630627	chr12	22630626	22630627	377	True	4
chr12_22640119_22640120	chr12	22640119	22640120	178	False	NA
chr12_22640411_22640412	chr12	22640411	22640412	116	False	NA
chr12_22643747_22643748	chr12	22643747	22643748	831	True	2
chr12_22644167_22644168	chr12	22644167	22644168	906	True	2
chr12_22644197_22644198	chr12	22644197	22644198	922	True	2
chr12_22661269_22661270	chr12	22661269	22661270	913	True	2
chr12_22663747_22663748	chr12	22663747	22663748	768	True	5
chr12_22663769_22663770	chr12	22663769	22663770	1029	True	4
chr12_22666794_22666795	chr12	22666794	22666795	425	True	5
chr12_22667059_22667060	chr12	22667059	22667060	269	True	5
chr12_26486417_26486418	chr12	26486417	26486418	861	True	6
chr12_27648928_27648929	chr12	27648928	27648929	20	False	NA
chr12_27649564_27649565	chr12	27649564	27649565	118	False	NA
chr12_28439744_28439745	chr12	28439744	28439745	8	False	NA
chr12_31594144_31594145	chr12	31594144	31594145	0	False	NA
chr12_32706005_32706006	chr12	32706005	32706006	135	False	NA
chr12_32706072_32706073	chr12	32706072	32706073	90	False	NA
chr12_38161463_38161464	chr12	38161463	38161464	0	False	NA
chr12_42206303_42206304	chr12	42206303	42206304	12	False	NA
chr12_42312938_42312939	chr12	42312938	42312939	0	False	NA
chr12_42312986_42312987	chr12	42312986	42312987	0	False	NA
chr12_42313030_42313031	chr12	42313030	42313031	0	False	NA
chr12_42313044_42313045	chr12	42313044	42313045	0	False	NA
chr12_42313070_42313071	chr12	42313070	42313071	0	False	NA
chr12_42313102_42313103	chr12	42313102	42313103	0	False	NA
chr12_42313134_42313135	chr12	42313134	42313135	0	False	NA
chr12_42313719_42313720	chr12	42313719	42313720	0	False	NA
chr12_42317367_42317368	chr12	42317367	42317368	0	False	NA
chr12_42317795_42317796	chr12	42317795	42317796	0	False	NA
chr12_42360477_42360478	chr12	42360477	42360478	303	True	4
chr12_42375329_42375330	chr12	42375329	42375330	370	True	5
chr12_42375704_42375705	chr12	42375704	42375705	49	False	NA
chr12_43953854_43953855	chr12	43953854	43953855	14	False	NA
chr12_45824299_45824300	chr12	45824299	45824300	148	False	NA
chr12_46191439_46191440	chr12	46191439	46191440	134	False	NA
chr12_46192448_46192449	chr12	46192448	46192449	423	True	2
chr12_46193637_46193638	chr12	46193637	46193638	121	False	NA
chr12_46194396_46194397	chr12	46194396	46194397	437	True	2
chr12_46372523_46372524	chr12	46372523	46372524	0	False	NA
chr12_47759917_47759918	chr12	47759917	47759918	85	False	NA
chr12_47759936_47759937	chr12	47759936	47759937	0	False	NA
chr12_48696243_48696244	chr12	48696243	48696244	421	True	5
chr12_49127790_49127791	chr12	49127790	49127791	0	False	NA
chr12_49151156_49151157	chr12	49151156	49151157	98	False	NA
chr12_49324741_49324742	chr12	49324741	49324742	471	True	4
chr12_49324923_49324924	chr12	49324923	49324924	122	False	NA
chr12_49390253_49390254	chr12	49390253	49390254	131	False	NA
chr12_49994046_49994047	chr12	49994046	49994047	939	True	4
chr12_50133617_50133618	chr12	50133617	50133618	41	False	NA
chr12_50145094_50145095	chr12	50145094	50145095	0	False	NA
chr12_50145143_50145144	chr12	50145143	50145144	194	False	NA
chr12_50456713_50456714	chr12	50456713	50456714	145877	True	1
chr12_51120913_51120914	chr12	51120913	51120914	219	True	4
chr12_51123829_51123830	chr12	51123829	51123830	77	False	NA
chr12_53022637_53022638	chr12	53022637	53022638	1087	True	2
chr12_53028114_53028115	chr12	53028114	53028115	0	False	NA
chr12_53028201_53028202	chr12	53028201	53028202	3763	True	3
chr12_53273861_53273862	chr12	53273861	53273862	204	True	4
chr12_53455658_53455659	chr12	53455658	53455659	607	True	5
chr12_53459769_53459770	chr12	53459769	53459770	971	True	3
chr12_53459936_53459937	chr12	53459936	53459937	705	True	4
chr12_53460156_53460157	chr12	53460156	53460157	1382	True	3
chr12_53465064_53465065	chr12	53465064	53465065	2422	True	4
chr12_53467729_53467730	chr12	53467729	53467730	4852	True	3
chr12_53468155_53468156	chr12	53468155	53468156	1621	True	3
chr12_53468201_53468202	chr12	53468201	53468202	1401	True	3
chr12_54282385_54282386	chr12	54282385	54282386	2187	True	2
chr12_54282882_54282883	chr12	54282882	54282883	5881	True	3
chr12_54283466_54283467	chr12	54283466	54283467	2328	True	4
chr12_54283739_54283740	chr12	54283739	54283740	14848	True	1
chr12_56043096_56043097	chr12	56043096	56043097	589	True	2
chr12_56107017_56107018	chr12	56107017	56107018	0	False	NA
chr12_56107220_56107221	chr12	56107220	56107221	0	False	NA
chr12_56110412_56110413	chr12	56110412	56110413	0	False	NA
chr12_56110623_56110624	chr12	56110623	56110624	0	False	NA
chr12_56111031_56111032	chr12	56111031	56111032	0	False	NA
chr12_56113366_56113367	chr12	56113366	56113367	0	False	NA
chr12_56113452_56113453	chr12	56113452	56113453	0	False	NA
chr12_56113485_56113486	chr12	56113485	56113486	0	False	NA
chr12_56117155_56117156	chr12	56117155	56117156	6042	True	3
chr12_56181444_56181445	chr12	56181444	56181445	1495	True	2
chr12_56310980_56310981	chr12	56310980	56310981	0	False	NA
chr12_56639773_56639774	chr12	56639773	56639774	6211	True	1
chr12_56643157_56643158	chr12	56643157	56643158	3014	True	4
chr12_56643587_56643588	chr12	56643587	56643588	11664	True	1
chr12_56665005_56665006	chr12	56665005	56665006	486	True	4
chr12_56671708_56671709	chr12	56671708	56671709	588	True	2
chr12_56672480_56672481	chr12	56672480	56672481	560	True	4
chr12_56672649_56672650	chr12	56672649	56672650	443	True	5
chr12_56686928_56686929	chr12	56686928	56686929	1969	True	1
chr12_56686991_56686992	chr12	56686991	56686992	1948	True	1
chr12_56687011_56687012	chr12	56687011	56687012	1858	True	1
chr12_57065020_57065021	chr12	57065020	57065021	322	True	2
chr12_57296551_57296552	chr12	57296551	57296552	676	True	2
chr12_57297569_57297570	chr12	57297569	57297570	330	True	2
chr12_57415349_57415350	chr12	57415349	57415350	119	False	NA
chr12_57718358_57718359	chr12	57718358	57718359	0	False	NA
chr12_58879994_58879995	chr12	58879994	58879995	19	False	NA
chr12_58880305_58880306	chr12	58880305	58880306	28	False	NA
chr12_58899245_58899246	chr12	58899245	58899246	0	False	NA
chr12_62509879_62509880	chr12	62509879	62509880	449	True	2
chr12_62515513_62515514	chr12	62515513	62515514	771	True	2
chr12_62850901_62850902	chr12	62850901	62850902	3438	True	3
chr12_63589357_63589358	chr12	63589357	63589358	13	False	NA
chr12_64421491_64421492	chr12	64421491	64421492	494	True	5
chr12_64421713_64421714	chr12	64421713	64421714	121	False	NA
chr12_64421789_64421790	chr12	64421789	64421790	154	False	NA
chr12_64425321_64425322	chr12	64425321	64425322	1997	True	2
chr12_64430952_64430953	chr12	64430952	64430953	284	True	4
chr12_64432257_64432258	chr12	64432257	64432258	134	False	NA
chr12_64435148_64435149	chr12	64435148	64435149	209	True	5
chr12_66969251_66969252	chr12	66969251	66969252	0	False	NA
chr12_66969800_66969801	chr12	66969800	66969801	0	False	NA
chr12_67282065_67282066	chr12	67282065	67282066	805	True	2
chr12_67288150_67288151	chr12	67288150	67288151	135	False	NA
chr12_67294400_67294401	chr12	67294400	67294401	390	True	5
chr12_68620229_68620230	chr12	68620229	68620230	351	True	4
chr12_68715616_68715617	chr12	68715616	68715617	2125	True	2
chr12_68716070_68716071	chr12	68716070	68716071	92	False	NA
chr12_68815453_68815454	chr12	68815453	68815454	737	True	4
chr12_68816385_68816386	chr12	68816385	68816386	426	True	6
chr12_68818774_68818775	chr12	68818774	68818775	707	True	6
chr12_68820309_68820310	chr12	68820309	68820310	2118	True	5
chr12_68824188_68824189	chr12	68824188	68824189	1287	True	2
chr12_68835994_68835995	chr12	68835994	68835995	2313	True	6
chr12_68836605_68836606	chr12	68836605	68836606	2409	True	6
chr12_68836969_68836970	chr12	68836969	68836970	452	True	6
chr12_68837933_68837934	chr12	68837933	68837934	60	False	NA
chr12_68841783_68841784	chr12	68841783	68841784	0	False	NA
chr12_68841861_68841862	chr12	68841861	68841862	0	False	NA
chr12_68841913_68841914	chr12	68841913	68841914	0	False	NA
chr12_68842088_68842089	chr12	68842088	68842089	0	False	NA
chr12_68842200_68842201	chr12	68842200	68842201	0	False	NA
chr12_68842296_68842297	chr12	68842296	68842297	0	False	NA
chr12_68842320_68842321	chr12	68842320	68842321	0	False	NA
chr12_68842507_68842508	chr12	68842507	68842508	0	False	NA
chr12_68842748_68842749	chr12	68842748	68842749	8651	True	3
chr12_69241092_69241093	chr12	69241092	69241093	723	True	6
chr12_69242362_69242363	chr12	69242362	69242363	425	True	5
chr12_69247620_69247621	chr12	69247620	69247621	628	True	5
chr12_69247654_69247655	chr12	69247654	69247655	485	True	5
chr12_69247759_69247760	chr12	69247759	69247760	1002	True	5
chr12_69247845_69247846	chr12	69247845	69247846	1861	True	5
chr12_69247896_69247897	chr12	69247896	69247897	1662	True	2
chr12_69247997_69247998	chr12	69247997	69247998	1184	True	2
chr12_69248326_69248327	chr12	69248326	69248327	1092	True	2
chr12_69248402_69248403	chr12	69248402	69248403	1360	True	6
chr12_69248481_69248482	chr12	69248481	69248482	1173	True	6
chr12_69250175_69250176	chr12	69250175	69250176	1362	True	5
chr12_69250956_69250957	chr12	69250956	69250957	184	False	NA
chr12_69253178_69253179	chr12	69253178	69253179	1917	True	3
chr12_69253222_69253223	chr12	69253222	69253223	1596	True	3
chr12_69258153_69258154	chr12	69258153	69258154	1242	True	5
chr12_69258387_69258388	chr12	69258387	69258388	364	True	2
chr12_69258579_69258580	chr12	69258579	69258580	3306	True	6
chr12_69262576_69262577	chr12	69262576	69262577	2544	True	2
chr12_69262605_69262606	chr12	69262605	69262606	2072	True	2
chr12_69262654_69262655	chr12	69262654	69262655	1846	True	2
chr12_69262687_69262688	chr12	69262687	69262688	2288	True	2
chr12_69262709_69262710	chr12	69262709	69262710	2335	True	2
chr12_69262747_69262748	chr12	69262747	69262748	2220	True	2
chr12_69262870_69262871	chr12	69262870	69262871	549	True	2
chr12_69262923_69262924	chr12	69262923	69262924	513	True	5
chr12_69262993_69262994	chr12	69262993	69262994	371	True	5
chr12_69263009_69263010	chr12	69263009	69263010	520	True	5
chr12_69263038_69263039	chr12	69263038	69263039	541	True	5
chr12_69263102_69263103	chr12	69263102	69263103	618	True	5
chr12_69263141_69263142	chr12	69263141	69263142	703	True	5
chr12_69263164_69263165	chr12	69263164	69263165	721	True	5
chr12_69263518_69263519	chr12	69263518	69263519	1549	True	4
chr12_69265615_69265616	chr12	69265615	69265616	939	True	6
chr12_69268053_69268054	chr12	69268053	69268054	880	True	4
chr12_69268087_69268088	chr12	69268087	69268088	833	True	4
chr12_69268139_69268140	chr12	69268139	69268140	711	True	4
chr12_69268197_69268198	chr12	69268197	69268198	460	True	4
chr12_69268372_69268373	chr12	69268372	69268373	569	True	4
chr12_69269497_69269498	chr12	69269497	69269498	2201	True	2
chr12_69588939_69588940	chr12	69588939	69588940	868	True	6
chr12_69589371_69589372	chr12	69589371	69589372	400	True	5
chr12_69599026_69599027	chr12	69599026	69599027	328	True	2
chr12_71611109_71611110	chr12	71611109	71611110	1196	True	5
chr12_71611215_71611216	chr12	71611215	71611216	508	True	5
chr12_71611255_71611256	chr12	71611255	71611256	740	True	5
chr12_71611271_71611272	chr12	71611271	71611272	754	True	5
chr12_71611305_71611306	chr12	71611305	71611306	742	True	5
chr12_71611332_71611333	chr12	71611332	71611333	687	True	5
chr12_71611351_71611352	chr12	71611351	71611352	655	True	5
chr12_71611530_71611531	chr12	71611530	71611531	419	True	6
chr12_71611548_71611549	chr12	71611548	71611549	410	True	6
chr12_71611625_71611626	chr12	71611625	71611626	534	True	3
chr12_71611665_71611666	chr12	71611665	71611666	541	True	5
chr12_71611741_71611742	chr12	71611741	71611742	886	True	5
chr12_71631453_71631454	chr12	71631453	71631454	61	False	NA
chr12_71633021_71633022	chr12	71633021	71633022	639	True	2
chr12_71633120_71633121	chr12	71633120	71633121	414	True	2
chr12_71633205_71633206	chr12	71633205	71633206	670	True	2
chr12_71633219_71633220	chr12	71633219	71633220	601	True	2
chr12_71640997_71640998	chr12	71640997	71640998	100	False	NA
chr12_76048825_76048826	chr12	76048825	76048826	316	True	5
chr12_76048895_76048896	chr12	76048895	76048896	363	True	5
chr12_76051007_76051008	chr12	76051007	76051008	765	True	4
chr12_76052017_76052018	chr12	76052017	76052018	302	True	4
chr12_76053110_76053111	chr12	76053110	76053111	1441	True	2
chr12_76056407_76056408	chr12	76056407	76056408	133	False	NA
chr12_76059781_76059782	chr12	76059781	76059782	24042	True	1
chr12_76066060_76066061	chr12	76066060	76066061	452	True	5
chr12_76066310_76066311	chr12	76066310	76066311	136	False	NA
chr12_76067482_76067483	chr12	76067482	76067483	5198	True	4
chr12_76068363_76068364	chr12	76068363	76068364	1056	True	4
chr12_76068456_76068457	chr12	76068456	76068457	901	True	4
chr12_76068895_76068896	chr12	76068895	76068896	15993	True	3
chr12_76079486_76079487	chr12	76079486	76079487	331	True	6
chr12_79775369_79775370	chr12	79775369	79775370	0	False	NA
chr12_79775631_79775632	chr12	79775631	79775632	0	False	NA
chr12_79775947_79775948	chr12	79775947	79775948	0	False	NA
chr12_84891820_84891821	chr12	84891820	84891821	26	False	NA
chr12_84892530_84892531	chr12	84892530	84892531	6	False	NA
chr12_88086500_88086501	chr12	88086500	88086501	133	False	NA
chr12_88105915_88105916	chr12	88105915	88105916	76	False	NA
chr12_88108316_88108317	chr12	88108316	88108317	23	False	NA
chr12_88111097_88111098	chr12	88111097	88111098	69	False	NA
chr12_88116111_88116112	chr12	88116111	88116112	5	False	NA
chr12_88119806_88119807	chr12	88119806	88119807	52	False	NA
chr12_88120039_88120040	chr12	88120039	88120040	74	False	NA
chr12_88136589_88136590	chr12	88136589	88136590	234	True	2
chr12_88136627_88136628	chr12	88136627	88136628	237	True	2
chr12_89619616_89619617	chr12	89619616	89619617	162	False	NA
chr12_89623323_89623324	chr12	89623323	89623324	97	False	NA
chr12_89623394_89623395	chr12	89623394	89623395	91	False	NA
chr12_94317279_94317280	chr12	94317279	94317280	54	False	NA
chr12_94367768_94367769	chr12	94367768	94367769	240	True	2
chr12_94401189_94401190	chr12	94401189	94401190	397	True	2
chr12_94401246_94401247	chr12	94401246	94401247	344	True	2
chr12_94401769_94401770	chr12	94401769	94401770	122	False	NA
chr12_94402903_94402904	chr12	94402903	94402904	561	True	4
chr12_95031171_95031172	chr12	95031171	95031172	68	False	NA
chr12_95057883_95057884	chr12	95057883	95057884	1129	True	2
chr12_95058136_95058137	chr12	95058136	95058137	951	True	5
chr12_95058207_95058208	chr12	95058207	95058208	1204	True	5
chr12_95058278_95058279	chr12	95058278	95058279	925	True	5
chr12_95058296_95058297	chr12	95058296	95058297	1450	True	5
chr12_95254356_95254357	chr12	95254356	95254357	79	False	NA
chr12_96928600_96928601	chr12	96928600	96928601	25	False	NA
chr12_96928618_96928619	chr12	96928618	96928619	25	False	NA
chr12_96928699_96928700	chr12	96928699	96928700	25	False	NA
chr12_96929191_96929192	chr12	96929191	96929192	36	False	NA
chr12_98503537_98503538	chr12	98503537	98503538	0	False	NA
chr12_98503575_98503576	chr12	98503575	98503576	0	False	NA
chr12_98541698_98541699	chr12	98541698	98541699	223	True	2
chr12_98541875_98541876	chr12	98541875	98541876	343	True	5
chr12_98542462_98542463	chr12	98542462	98542463	533	True	4
chr12_98543710_98543711	chr12	98543710	98543711	82	False	NA
chr12_98544035_98544036	chr12	98544035	98544036	162	False	NA
chr12_98544424_98544425	chr12	98544424	98544425	1161	True	4
chr12_98544692_98544693	chr12	98544692	98544693	220	True	5
chr12_98595295_98595296	chr12	98595295	98595296	609	True	4
chr12_98595416_98595417	chr12	98595416	98595417	1199	True	4
chr12_98597425_98597426	chr12	98597425	98597426	358	True	5
chr12_102152010_102152011	chr12	102152010	102152011	344	True	2
chr12_102159137_102159138	chr12	102159137	102159138	96	False	NA
chr12_102163956_102163957	chr12	102163956	102163957	272	True	5
chr12_102164003_102164004	chr12	102164003	102164004	221	True	5
chr12_102164036_102164037	chr12	102164036	102164037	228	True	5
chr12_102164084_102164085	chr12	102164084	102164085	169	False	NA
chr12_102164209_102164210	chr12	102164209	102164210	186	False	NA
chr12_102164296_102164297	chr12	102164296	102164297	215	True	5
chr12_102164314_102164315	chr12	102164314	102164315	94	False	NA
chr12_102164361_102164362	chr12	102164361	102164362	131	False	NA
chr12_102166203_102166204	chr12	102166203	102166204	36	False	NA
chr12_103357709_103357710	chr12	103357709	103357710	0	False	NA
chr12_103787127_103787128	chr12	103787127	103787128	114	False	NA
chr12_103787263_103787264	chr12	103787263	103787264	148	False	NA
chr12_103926157_103926158	chr12	103926157	103926158	646	True	4
chr12_103932055_103932056	chr12	103932055	103932056	1280	True	4
chr12_103937876_103937877	chr12	103937876	103937877	12784	True	1
chr12_103941431_103941432	chr12	103941431	103941432	0	False	NA
chr12_103941459_103941460	chr12	103941459	103941460	0	False	NA
chr12_103941473_103941474	chr12	103941473	103941474	0	False	NA
chr12_103941508_103941509	chr12	103941508	103941509	0	False	NA
chr12_103941522_103941523	chr12	103941522	103941523	0	False	NA
chr12_103941539_103941540	chr12	103941539	103941540	0	False	NA
chr12_103941642_103941643	chr12	103941642	103941643	0	False	NA
chr12_103941678_103941679	chr12	103941678	103941679	0	False	NA
chr12_103941840_103941841	chr12	103941840	103941841	0	False	NA
chr12_103941862_103941863	chr12	103941862	103941863	0	False	NA
chr12_103941886_103941887	chr12	103941886	103941887	0	False	NA
chr12_103942547_103942548	chr12	103942547	103942548	13	False	NA
chr12_103942594_103942595	chr12	103942594	103942595	13	False	NA
chr12_103942630_103942631	chr12	103942630	103942631	13	False	NA
chr12_103942662_103942663	chr12	103942662	103942663	0	False	NA
chr12_103942680_103942681	chr12	103942680	103942681	0	False	NA
chr12_103942711_103942712	chr12	103942711	103942712	0	False	NA
chr12_103942726_103942727	chr12	103942726	103942727	0	False	NA
chr12_103942741_103942742	chr12	103942741	103942742	0	False	NA
chr12_103942759_103942760	chr12	103942759	103942760	0	False	NA
chr12_103942791_103942792	chr12	103942791	103942792	0	False	NA
chr12_103943085_103943086	chr12	103943085	103943086	0	False	NA
chr12_103943117_103943118	chr12	103943117	103943118	0	False	NA
chr12_103943140_103943141	chr12	103943140	103943141	0	False	NA
chr12_103943154_103943155	chr12	103943154	103943155	0	False	NA
chr12_103943175_103943176	chr12	103943175	103943176	0	False	NA
chr12_103943195_103943196	chr12	103943195	103943196	0	False	NA
chr12_103943240_103943241	chr12	103943240	103943241	0	False	NA
chr12_103943269_103943270	chr12	103943269	103943270	0	False	NA
chr12_103943308_103943309	chr12	103943308	103943309	0	False	NA
chr12_103943335_103943336	chr12	103943335	103943336	22830	True	1
chr12_103943335_103943336	chr12	103943335	103943336	22830	True	1
chr12_103943357_103943358	chr12	103943357	103943358	22827	True	1
chr12_103943376_103943377	chr12	103943376	103943377	14509	True	3
chr12_103943382_103943383	chr12	103943382	103943383	0	False	NA
chr12_103943390_103943391	chr12	103943390	103943391	13164	True	3
chr12_103943428_103943429	chr12	103943428	103943429	0	False	NA
chr12_103943442_103943443	chr12	103943442	103943443	4390	True	2
chr12_103943463_103943464	chr12	103943463	103943464	0	False	NA
chr12_103943500_103943501	chr12	103943500	103943501	0	False	NA
chr12_103943525_103943526	chr12	103943525	103943526	5518	True	2
chr12_103943542_103943543	chr12	103943542	103943543	5645	True	2
chr12_103943551_103943552	chr12	103943551	103943552	0	False	NA
chr12_103943589_103943590	chr12	103943589	103943590	5360	True	2
chr12_103943610_103943611	chr12	103943610	103943611	0	False	NA
chr12_103943617_103943618	chr12	103943617	103943618	5826	True	2
chr12_103943653_103943654	chr12	103943653	103943654	0	False	NA
chr12_103943725_103943726	chr12	103943725	103943726	27723	True	1
chr12_103943743_103943744	chr12	103943743	103943744	0	False	NA
chr12_103943765_103943766	chr12	103943765	103943766	0	False	NA
chr12_103943783_103943784	chr12	103943783	103943784	0	False	NA
chr12_103943801_103943802	chr12	103943801	103943802	0	False	NA
chr12_103943831_103943832	chr12	103943831	103943832	0	False	NA
chr12_103943869_103943870	chr12	103943869	103943870	0	False	NA
chr12_103946622_103946623	chr12	103946622	103946623	30	False	NA
chr12_103946644_103946645	chr12	103946644	103946645	16	False	NA
chr12_103946676_103946677	chr12	103946676	103946677	0	False	NA
chr12_103946691_103946692	chr12	103946691	103946692	0	False	NA
chr12_103946805_103946806	chr12	103946805	103946806	0	False	NA
chr12_103946825_103946826	chr12	103946825	103946826	0	False	NA
chr12_103946850_103946851	chr12	103946850	103946851	0	False	NA
chr12_103946861_103946862	chr12	103946861	103946862	0	False	NA
chr12_103946875_103946876	chr12	103946875	103946876	0	False	NA
chr12_103946896_103946897	chr12	103946896	103946897	0	False	NA
chr12_103946919_103946920	chr12	103946919	103946920	0	False	NA
chr12_103947332_103947333	chr12	103947332	103947333	10	False	NA
chr12_103947367_103947368	chr12	103947367	103947368	10	False	NA
chr12_103947393_103947394	chr12	103947393	103947394	10	False	NA
chr12_103947423_103947424	chr12	103947423	103947424	10	False	NA
chr12_103947639_103947640	chr12	103947639	103947640	5	False	NA
chr12_103947646_103947647	chr12	103947646	103947647	5	False	NA
chr12_103947649_103947650	chr12	103947649	103947650	5	False	NA
chr12_103947660_103947661	chr12	103947660	103947661	5	False	NA
chr12_103947682_103947683	chr12	103947682	103947683	5	False	NA
chr12_103947704_103947705	chr12	103947704	103947705	5	False	NA
chr12_103947720_103947721	chr12	103947720	103947721	5	False	NA
chr12_103947737_103947738	chr12	103947737	103947738	5	False	NA
chr12_103947762_103947763	chr12	103947762	103947763	0	False	NA
chr12_103947775_103947776	chr12	103947775	103947776	0	False	NA
chr12_103947805_103947806	chr12	103947805	103947806	0	False	NA
chr12_103947824_103947825	chr12	103947824	103947825	0	False	NA
chr12_103947857_103947858	chr12	103947857	103947858	0	False	NA
chr12_103947875_103947876	chr12	103947875	103947876	0	False	NA
chr12_103947907_103947908	chr12	103947907	103947908	0	False	NA
chr12_103947926_103947927	chr12	103947926	103947927	0	False	NA
chr12_105142041_105142042	chr12	105142041	105142042	49	False	NA
chr12_105142980_105142981	chr12	105142980	105142981	45	False	NA
chr12_105149392_105149393	chr12	105149392	105149393	175	False	NA
chr12_105149493_105149494	chr12	105149493	105149494	103	False	NA
chr12_105149507_105149508	chr12	105149507	105149508	140	False	NA
chr12_106794680_106794681	chr12	106794680	106794681	15	False	NA
chr12_107753375_107753376	chr12	107753375	107753376	67	False	NA
chr12_110377627_110377628	chr12	110377627	110377628	761	True	2
chr12_110378717_110378718	chr12	110378717	110378718	582	True	5
chr12_110381063_110381064	chr12	110381063	110381064	670	True	6
chr12_110381961_110381962	chr12	110381961	110381962	299	True	5
chr12_110386578_110386579	chr12	110386578	110386579	575	True	5
chr12_110402178_110402179	chr12	110402178	110402179	1355	True	1
chr12_112030215_112030216	chr12	112030215	112030216	228	True	4
chr12_112038986_112038987	chr12	112038986	112038987	283	True	4
chr12_112050051_112050052	chr12	112050051	112050052	171	False	NA
chr12_112267310_112267311	chr12	112267310	112267311	0	False	NA
chr12_112408660_112408661	chr12	112408660	112408661	588	True	2
chr12_116096360_116096361	chr12	116096360	116096361	719	True	4
chr12_116250030_116250031	chr12	116250030	116250031	39	False	NA
chr12_117184178_117184179	chr12	117184178	117184179	53	False	NA
chr12_120198390_120198391	chr12	120198390	120198391	428	True	5
chr12_120231444_120231445	chr12	120231444	120231445	327	True	2
chr12_120553097_120553098	chr12	120553097	120553098	322	True	3
chr12_121346042_121346043	chr12	121346042	121346043	2384	True	2
chr12_121346202_121346203	chr12	121346202	121346203	2055	True	2
chr12_121346222_121346223	chr12	121346222	121346223	2041	True	2
chr12_122225219_122225220	chr12	122225219	122225220	573	True	3
chr12_122514581_122514582	chr12	122514581	122514582	860	True	4
chr12_122514748_122514749	chr12	122514748	122514749	708	True	5
chr12_122514815_122514816	chr12	122514815	122514816	727	True	5
chr12_122519042_122519043	chr12	122519042	122519043	2599	True	4
chr12_122521428_122521429	chr12	122521428	122521429	2456	True	2
chr12_122568150_122568151	chr12	122568150	122568151	119	False	NA
chr12_122591641_122591642	chr12	122591641	122591642	614	True	4
chr12_122591673_122591674	chr12	122591673	122591674	764	True	4
chr12_122591697_122591698	chr12	122591697	122591698	648	True	4
chr12_122591768_122591769	chr12	122591768	122591769	643	True	4
chr12_122593278_122593279	chr12	122593278	122593279	1091	True	4
chr12_122593300_122593301	chr12	122593300	122593301	1077	True	4
chr12_122593784_122593785	chr12	122593784	122593785	855	True	4
chr12_122593928_122593929	chr12	122593928	122593929	599	True	4
chr12_122594170_122594171	chr12	122594170	122594171	1239	True	5
chr12_122597262_122597263	chr12	122597262	122597263	594	True	4
chr12_122597602_122597603	chr12	122597602	122597603	256	True	5
chr12_122762749_122762750	chr12	122762749	122762750	424	True	2
chr12_123157348_123157349	chr12	123157348	123157349	101	False	NA
chr12_123203185_123203186	chr12	123203185	123203186	1204	True	2
chr12_123321329_123321330	chr12	123321329	123321330	134	False	NA
chr12_123587077_123587078	chr12	123587077	123587078	172	False	NA
chr12_123587159_123587160	chr12	123587159	123587160	96	False	NA
chr12_123606599_123606600	chr12	123606599	123606600	908	True	3
chr12_124336391_124336392	chr12	124336391	124336392	213	True	5
chr12_124336530_124336531	chr12	124336530	124336531	174	False	NA
chr12_127165927_127165928	chr12	127165927	127165928	77	False	NA
chr12_127165969_127165970	chr12	127165969	127165970	86	False	NA
chr12_127165991_127165992	chr12	127165991	127165992	92	False	NA
chr12_127166067_127166068	chr12	127166067	127166068	150	False	NA
chr12_127166093_127166094	chr12	127166093	127166094	150	False	NA
chr12_130873884_130873885	chr12	130873884	130873885	522	True	4
chr12_131712414_131712415	chr12	131712414	131712415	2034	True	1
chr12_131713695_131713696	chr12	131713695	131713696	788	True	5
chr12_131713721_131713722	chr12	131713721	131713722	876	True	5
chr12_131713956_131713957	chr12	131713956	131713957	1037	True	5
chr12_131714380_131714381	chr12	131714380	131714381	1297	True	2
chr12_131714444_131714445	chr12	131714444	131714445	1367	True	2
chr12_131736395_131736396	chr12	131736395	131736396	267	True	2
chr12_131933213_131933214	chr12	131933213	131933214	1066	True	3
chr12_131938729_131938730	chr12	131938729	131938730	623	True	6
chr12_132043685_132043686	chr12	132043685	132043686	541	True	2
chr12_132105197_132105198	chr12	132105197	132105198	780	True	2
chr12_132628648_132628649	chr12	132628648	132628649	335	True	4
chr12_132669469_132669470	chr12	132669469	132669470	129	False	NA
chr12_132827909_132827910	chr12	132827909	132827910	3044	True	1
chr12_132927169_132927170	chr12	132927169	132927170	99	False	NA
chr12_133006609_133006610	chr12	133006609	133006610	97	False	NA
chr12_133121514_133121515	chr12	133121514	133121515	0	False	NA
chr13_19700913_19700914	chr13	19700913	19700914	215	True	5
chr13_19713552_19713553	chr13	19713552	19713553	784	True	3
chr13_19721400_19721401	chr13	19721400	19721401	1832	True	6
chr13_19724120_19724121	chr13	19724120	19724121	382	True	5
chr13_19724166_19724167	chr13	19724166	19724167	319	True	5
chr13_19727402_19727403	chr13	19727402	19727403	555	True	3
chr13_19727847_19727848	chr13	19727847	19727848	288	True	5
chr13_20021378_20021379	chr13	20021378	20021379	348	True	5
chr13_20023949_20023950	chr13	20023949	20023950	724	True	4
chr13_20024648_20024649	chr13	20024648	20024649	195	False	NA
chr13_20024817_20024818	chr13	20024817	20024818	384	True	5
chr13_20025056_20025057	chr13	20025056	20025057	1258	True	5
chr13_20025213_20025214	chr13	20025213	20025214	1073	True	5
chr13_20025253_20025254	chr13	20025253	20025254	970	True	2
chr13_20025298_20025299	chr13	20025298	20025299	787	True	5
chr13_20025409_20025410	chr13	20025409	20025410	1284	True	3
chr13_20025637_20025638	chr13	20025637	20025638	329	True	5
chr13_20026075_20026076	chr13	20026075	20026076	142	False	NA
chr13_20026094_20026095	chr13	20026094	20026095	127	False	NA
chr13_20026129_20026130	chr13	20026129	20026130	162	False	NA
chr13_20026332_20026333	chr13	20026332	20026333	112	False	NA
chr13_20026357_20026358	chr13	20026357	20026358	119	False	NA
chr13_20026593_20026594	chr13	20026593	20026594	401	True	2
chr13_20082014_20082015	chr13	20082014	20082015	486	True	2
chr13_20800480_20800481	chr13	20800480	20800481	19	False	NA
chr13_20837646_20837647	chr13	20837646	20837647	5	False	NA
chr13_21167770_21167771	chr13	21167770	21167771	164	False	NA
chr13_21552356_21552357	chr13	21552356	21552357	0	False	NA
chr13_23734397_23734398	chr13	23734397	23734398	0	False	NA
chr13_23734416_23734417	chr13	23734416	23734417	3044	True	2
chr13_25308499_25308500	chr13	25308499	25308500	239	True	4
chr13_25309555_25309556	chr13	25309555	25309556	109	False	NA
chr13_25310232_25310233	chr13	25310232	25310233	231	True	4
chr13_25317873_25317874	chr13	25317873	25317874	662	True	3
chr13_25437492_25437493	chr13	25437492	25437493	0	False	NA
chr13_27254407_27254408	chr13	27254407	27254408	862	True	4
chr13_29520363_29520364	chr13	29520363	29520364	62	False	NA
chr13_32521465_32521466	chr13	32521465	32521466	2552	True	6
chr13_32521562_32521563	chr13	32521562	32521563	1575	True	5
chr13_32522074_32522075	chr13	32522074	32522075	625	True	5
chr13_32522118_32522119	chr13	32522118	32522119	776	True	5
chr13_32522134_32522135	chr13	32522134	32522135	827	True	5
chr13_32522281_32522282	chr13	32522281	32522282	2290	True	5
chr13_32525267_32525268	chr13	32525267	32525268	426	True	6
chr13_32526035_32526036	chr13	32526035	32526036	2086	True	1
chr13_33234802_33234803	chr13	33234802	33234803	128	False	NA
chr13_33234906_33234907	chr13	33234906	33234907	182	False	NA
chr13_33834855_33834856	chr13	33834855	33834856	463	True	2
chr13_33835425_33835426	chr13	33835425	33835426	546	True	2
chr13_33897312_33897313	chr13	33897312	33897313	74	False	NA
chr13_33898537_33898538	chr13	33898537	33898538	5	False	NA
chr13_34975439_34975440	chr13	34975439	34975440	0	False	NA
chr13_34976665_34976666	chr13	34976665	34976666	54	False	NA
chr13_36335905_36335906	chr13	36335905	36335906	78	False	NA
chr13_36972996_36972997	chr13	36972996	36972997	87	False	NA
chr13_37022967_37022968	chr13	37022967	37022968	452	True	5
chr13_37023332_37023333	chr13	37023332	37023333	56	False	NA
chr13_37023383_37023384	chr13	37023383	37023384	0	False	NA
chr13_37023447_37023448	chr13	37023447	37023448	93	False	NA
chr13_37024019_37024020	chr13	37024019	37024020	0	False	NA
chr13_39039487_39039488	chr13	39039487	39039488	251	True	2
chr13_39039546_39039547	chr13	39039546	39039547	308	True	2
chr13_39041109_39041110	chr13	39041109	39041110	114	False	NA
chr13_39041142_39041143	chr13	39041142	39041143	134	False	NA
chr13_39041240_39041241	chr13	39041240	39041241	156	False	NA
chr13_39041272_39041273	chr13	39041272	39041273	204	True	5
chr13_41060752_41060753	chr13	41060752	41060753	124260	True	1
chr13_41258403_41258404	chr13	41258403	41258404	24	False	NA
chr13_41258462_41258463	chr13	41258462	41258463	24	False	NA
chr13_41258568_41258569	chr13	41258568	41258569	34	False	NA
chr13_41258746_41258747	chr13	41258746	41258747	12	False	NA
chr13_41261339_41261340	chr13	41261339	41261340	702	True	6
chr13_41335040_41335041	chr13	41335040	41335041	66	False	NA
chr13_41369303_41369304	chr13	41369303	41369304	262	True	2
chr13_41372346_41372347	chr13	41372346	41372347	105	False	NA
chr13_41373273_41373274	chr13	41373273	41373274	150	False	NA
chr13_41374152_41374153	chr13	41374152	41374153	111	False	NA
chr13_41374285_41374286	chr13	41374285	41374286	107	False	NA
chr13_41374362_41374363	chr13	41374362	41374363	206	True	5
chr13_41374420_41374421	chr13	41374420	41374421	240	True	5
chr13_41374486_41374487	chr13	41374486	41374487	213	True	5
chr13_42087758_42087759	chr13	42087758	42087759	47	False	NA
chr13_42159255_42159256	chr13	42159255	42159256	43	False	NA
chr13_43659493_43659494	chr13	43659493	43659494	0	False	NA
chr13_45015012_45015013	chr13	45015012	45015013	0	False	NA
chr13_45027866_45027867	chr13	45027866	45027867	0	False	NA
chr13_45337388_45337389	chr13	45337388	45337389	29254	True	1
chr13_45956577_45956578	chr13	45956577	45956578	328	True	5
chr13_45956935_45956936	chr13	45956935	45956936	87	False	NA
chr13_45999289_45999290	chr13	45999289	45999290	214	True	5
chr13_45999414_45999415	chr13	45999414	45999415	63	False	NA
chr13_45999814_45999815	chr13	45999814	45999815	49	False	NA
chr13_46046127_46046128	chr13	46046127	46046128	225	True	5
chr13_46491265_46491266	chr13	46491265	46491266	0	False	NA
chr13_47845936_47845937	chr13	47845936	47845937	31	False	NA
chr13_50044408_50044409	chr13	50044408	50044409	1013	True	5
chr13_50044449_50044450	chr13	50044449	50044450	1207	True	5
chr13_50044504_50044505	chr13	50044504	50044505	1246	True	5
chr13_50044527_50044528	chr13	50044527	50044528	1038	True	2
chr13_50044928_50044929	chr13	50044928	50044929	428	True	2
chr13_50045088_50045089	chr13	50045088	50045089	382	True	2
chr13_50045247_50045248	chr13	50045247	50045248	474	True	5
chr13_50045780_50045781	chr13	50045780	50045781	577	True	5
chr13_50053408_50053409	chr13	50053408	50053409	213	True	2
chr13_50054591_50054592	chr13	50054591	50054592	297	True	2
chr13_50054742_50054743	chr13	50054742	50054743	172	False	NA
chr13_50055505_50055506	chr13	50055505	50055506	160	False	NA
chr13_50055540_50055541	chr13	50055540	50055541	179	False	NA
chr13_52467822_52467823	chr13	52467822	52467823	39	False	NA
chr13_60070366_60070367	chr13	60070366	60070367	59	False	NA
chr13_63953311_63953312	chr13	63953311	63953312	54	False	NA
chr13_72931953_72931954	chr13	72931953	72931954	128	False	NA
chr13_74062772_74062773	chr13	74062772	74062773	6	False	NA
chr13_77265714_77265715	chr13	77265714	77265715	172	False	NA
chr13_77265757_77265758	chr13	77265757	77265758	193	False	NA
chr13_77265854_77265855	chr13	77265854	77265855	77	False	NA
chr13_77265880_77265881	chr13	77265880	77265881	68	False	NA
chr13_77708408_77708409	chr13	77708408	77708409	15	False	NA
chr13_77709784_77709785	chr13	77709784	77709785	0	False	NA
chr13_77709947_77709948	chr13	77709947	77709948	6	False	NA
chr13_77710387_77710388	chr13	77710387	77710388	0	False	NA
chr13_79312415_79312416	chr13	79312415	79312416	1164	True	5
chr13_79313371_79313372	chr13	79313371	79313372	319	True	5
chr13_79313844_79313845	chr13	79313844	79313845	1536	True	4
chr13_79313879_79313880	chr13	79313879	79313880	1544	True	4
chr13_79313917_79313918	chr13	79313917	79313918	1573	True	4
chr13_79314071_79314072	chr13	79314071	79314072	407	True	2
chr13_79314186_79314187	chr13	79314186	79314187	768	True	5
chr13_79314243_79314244	chr13	79314243	79314244	693	True	5
chr13_79314278_79314279	chr13	79314278	79314279	673	True	5
chr13_79314400_79314401	chr13	79314400	79314401	551	True	5
chr13_79314478_79314479	chr13	79314478	79314479	1263	True	5
chr13_79314731_79314732	chr13	79314731	79314732	1132	True	5
chr13_79318257_79318258	chr13	79318257	79318258	204	True	5
chr13_79320711_79320712	chr13	79320711	79320712	1639	True	5
chr13_79320746_79320747	chr13	79320746	79320747	1120	True	5
chr13_79320920_79320921	chr13	79320920	79320921	349	True	2
chr13_79321658_79321659	chr13	79321658	79321659	268	True	2
chr13_79322119_79322120	chr13	79322119	79322120	369	True	2
chr13_79322195_79322196	chr13	79322195	79322196	782	True	5
chr13_79322322_79322323	chr13	79322322	79322323	1275	True	5
chr13_79334440_79334441	chr13	79334440	79334441	772	True	5
chr13_79336758_79336759	chr13	79336758	79336759	235	True	2
chr13_79355186_79355187	chr13	79355186	79355187	1752	True	2
chr13_79358786_79358787	chr13	79358786	79358787	150	False	NA
chr13_79379378_79379379	chr13	79379378	79379379	411	True	4
chr13_79379821_79379822	chr13	79379821	79379822	180	False	NA
chr13_79397685_79397686	chr13	79397685	79397686	598	True	6
chr13_91349392_91349393	chr13	91349392	91349393	5796	True	1
chr13_91349503_91349504	chr13	91349503	91349504	2055	True	4
chr13_91349878_91349879	chr13	91349878	91349879	3015	True	4
chr13_91349914_91349915	chr13	91349914	91349915	2986	True	4
chr13_91349936_91349937	chr13	91349936	91349937	2187	True	4
chr13_91349951_91349952	chr13	91349951	91349952	2115	True	4
chr13_91350142_91350143	chr13	91350142	91350143	3603	True	4
chr13_91353790_91353791	chr13	91353790	91353791	2879	True	4
chr13_91353821_91353822	chr13	91353821	91353822	3292	True	4
chr13_91353919_91353920	chr13	91353919	91353920	3811	True	4
chr13_94603092_94603093	chr13	94603092	94603093	5	False	NA
chr13_95083181_95083182	chr13	95083181	95083182	438	True	5
chr13_95584480_95584481	chr13	95584480	95584481	87	False	NA
chr13_95594372_95594373	chr13	95594372	95594373	27	False	NA
chr13_95594809_95594810	chr13	95594809	95594810	51	False	NA
chr13_95595662_95595663	chr13	95595662	95595663	46	False	NA
chr13_95598480_95598481	chr13	95598480	95598481	191	False	NA
chr13_95598585_95598586	chr13	95598585	95598586	44	False	NA
chr13_95598950_95598951	chr13	95598950	95598951	38	False	NA
chr13_95599075_95599076	chr13	95599075	95599076	32	False	NA
chr13_95603312_95603313	chr13	95603312	95603313	99	False	NA
chr13_95611692_95611693	chr13	95611692	95611693	65	False	NA
chr13_95611722_95611723	chr13	95611722	95611723	60	False	NA
chr13_95611789_95611790	chr13	95611789	95611790	39	False	NA
chr13_95611968_95611969	chr13	95611968	95611969	79	False	NA
chr13_96141036_96141037	chr13	96141036	96141037	5	False	NA
chr13_96141356_96141357	chr13	96141356	96141357	5	False	NA
chr13_96141526_96141527	chr13	96141526	96141527	0	False	NA
chr13_96142168_96142169	chr13	96142168	96142169	5	False	NA
chr13_96142183_96142184	chr13	96142183	96142184	5	False	NA
chr13_96142347_96142348	chr13	96142347	96142348	5	False	NA
chr13_96205063_96205064	chr13	96205063	96205064	0	False	NA
chr13_96206027_96206028	chr13	96206027	96206028	0	False	NA
chr13_98000935_98000936	chr13	98000935	98000936	1341	True	6
chr13_98002390_98002391	chr13	98002390	98002391	1099	True	5
chr13_98012824_98012825	chr13	98012824	98012825	329	True	5
chr13_98203952_98203953	chr13	98203952	98203953	57	False	NA
chr13_98203966_98203967	chr13	98203966	98203967	57	False	NA
chr13_98203986_98203987	chr13	98203986	98203987	156	False	NA
chr13_102616925_102616926	chr13	102616925	102616926	463	True	6
chr13_102636863_102636864	chr13	102636863	102636864	641	True	5
chr13_102636964_102636965	chr13	102636964	102636965	343	True	5
chr13_102637001_102637002	chr13	102637001	102637002	388	True	5
chr13_102637022_102637023	chr13	102637022	102637023	387	True	5
chr13_102637070_102637071	chr13	102637070	102637071	578	True	2
chr13_102645093_102645094	chr13	102645093	102645094	1072	True	6
chr13_102661264_102661265	chr13	102661264	102661265	286	True	5
chr13_102678703_102678704	chr13	102678703	102678704	234	True	2
chr13_102678813_102678814	chr13	102678813	102678814	541	True	5
chr13_102678826_102678827	chr13	102678826	102678827	554	True	5
chr13_102801260_102801261	chr13	102801260	102801261	329	True	3
chr13_102801429_102801430	chr13	102801429	102801430	151	False	NA
chr13_106557138_106557139	chr13	106557138	106557139	4909	True	3
chr13_106557187_106557188	chr13	106557187	106557188	4501	True	3
chr13_106557214_106557215	chr13	106557214	106557215	5562	True	3
chr13_106557269_106557270	chr13	106557269	106557270	4548	True	3
chr13_106557288_106557289	chr13	106557288	106557289	4907	True	3
chr13_106557311_106557312	chr13	106557311	106557312	4929	True	3
chr13_106557330_106557331	chr13	106557330	106557331	5222	True	3
chr13_106557423_106557424	chr13	106557423	106557424	4060	True	3
chr13_106557448_106557449	chr13	106557448	106557449	3575	True	3
chr13_106557543_106557544	chr13	106557543	106557544	4311	True	3
chr13_106557585_106557586	chr13	106557585	106557586	5522	True	3
chr13_106557624_106557625	chr13	106557624	106557625	6722	True	3
chr13_106557680_106557681	chr13	106557680	106557681	8625	True	3
chr13_106557738_106557739	chr13	106557738	106557739	7780	True	3
chr13_106557775_106557776	chr13	106557775	106557776	8416	True	3
chr13_106557805_106557806	chr13	106557805	106557806	6997	True	3
chr13_106557959_106557960	chr13	106557959	106557960	2840	True	1
chr13_106558097_106558098	chr13	106558097	106558098	4581	True	1
chr13_106558126_106558127	chr13	106558126	106558127	5016	True	1
chr13_106558698_106558699	chr13	106558698	106558699	9999	True	1
chr13_106558770_106558771	chr13	106558770	106558771	10200	True	1
chr13_106558791_106558792	chr13	106558791	106558792	10323	True	1
chr13_106558869_106558870	chr13	106558869	106558870	9211	True	1
chr13_106558930_106558931	chr13	106558930	106558931	7955	True	1
chr13_106559068_106559069	chr13	106559068	106559069	11387	True	1
chr13_106559109_106559110	chr13	106559109	106559110	14311	True	1
chr13_106559135_106559136	chr13	106559135	106559136	14258	True	1
chr13_106559205_106559206	chr13	106559205	106559206	13103	True	1
chr13_106559222_106559223	chr13	106559222	106559223	12324	True	1
chr13_106559234_106559235	chr13	106559234	106559235	11925	True	1
chr13_106559279_106559280	chr13	106559279	106559280	6824	True	1
chr13_106559407_106559408	chr13	106559407	106559408	7954	True	6
chr13_110893468_110893469	chr13	110893468	110893469	1403	True	4
chr13_110894408_110894409	chr13	110894408	110894409	2956	True	1
chr13_110901064_110901065	chr13	110901064	110901065	3476	True	3
chr13_110902054_110902055	chr13	110902054	110902055	2864	True	1
chr13_110902194_110902195	chr13	110902194	110902195	1301	True	3
chr13_110903833_110903834	chr13	110903833	110903834	2881	True	3
chr13_110903879_110903880	chr13	110903879	110903880	2250	True	3
chr13_110904192_110904193	chr13	110904192	110904193	3508	True	3
chr13_110904207_110904208	chr13	110904207	110904208	3532	True	3
chr13_110904367_110904368	chr13	110904367	110904368	3736	True	1
chr13_110904405_110904406	chr13	110904405	110904406	3376	True	1
chr13_111281212_111281213	chr13	111281212	111281213	245	True	5
chr13_112535760_112535761	chr13	112535760	112535761	51	False	NA
chr13_113042559_113042560	chr13	113042559	113042560	22	False	NA
chr13_113185762_113185763	chr13	113185762	113185763	645	True	6
chr13_113186027_113186028	chr13	113186027	113186028	634	True	6
chr13_113200917_113200918	chr13	113200917	113200918	175	False	NA
chr13_113252219_113252220	chr13	113252219	113252220	88	False	NA
chr13_113478063_113478064	chr13	113478063	113478064	166	False	NA
chr13_113480979_113480980	chr13	113480979	113480980	40	False	NA
chr13_113485087_113485088	chr13	113485087	113485088	237	True	5
chr13_113638298_113638299	chr13	113638298	113638299	287	True	5
chr13_114243462_114243463	chr13	114243462	114243463	354	True	5
chr14_19083472_19083473	chr14	19083472	19083473	170	False	NA
chr14_19317382_19317383	chr14	19317382	19317383	187	False	NA
chr14_20313812_20313813	chr14	20313812	20313813	1799	True	2
chr14_20314407_20314408	chr14	20314407	20314408	158	False	NA
chr14_20314451_20314452	chr14	20314451	20314452	158	False	NA
chr14_20314567_20314568	chr14	20314567	20314568	151	False	NA
chr14_20315096_20315097	chr14	20315096	20315097	11	False	NA
chr14_21211665_21211666	chr14	21211665	21211666	1048	True	2
chr14_21234241_21234242	chr14	21234241	21234242	7097	True	1
chr14_21241264_21241265	chr14	21241264	21241265	1953	True	1
chr14_21253467_21253468	chr14	21253467	21253468	2510	True	1
chr14_21267099_21267100	chr14	21267099	21267100	1172	True	3
chr14_21269031_21269032	chr14	21269031	21269032	6235	True	6
chr14_21372523_21372524	chr14	21372523	21372524	142	False	NA
chr14_21372560_21372561	chr14	21372560	21372561	140	False	NA
chr14_21407917_21407918	chr14	21407917	21407918	83	False	NA
chr14_21499147_21499148	chr14	21499147	21499148	2546	True	4
chr14_21499418_21499419	chr14	21499418	21499419	2087	True	2
chr14_21499434_21499435	chr14	21499434	21499435	1997	True	2
chr14_21499956_21499957	chr14	21499956	21499957	120	False	NA
chr14_21500367_21500368	chr14	21500367	21500368	282	True	6
chr14_22831125_22831126	chr14	22831125	22831126	1128	True	6
chr14_23064900_23064901	chr14	23064900	23064901	1590	True	6
chr14_23067197_23067198	chr14	23067197	23067198	5356	True	6
chr14_23067380_23067381	chr14	23067380	23067381	7460	True	6
chr14_23117929_23117930	chr14	23117929	23117930	0	False	NA
chr14_23117968_23117969	chr14	23117968	23117969	0	False	NA
chr14_23118035_23118036	chr14	23118035	23118036	0	False	NA
chr14_23118049_23118050	chr14	23118049	23118050	0	False	NA
chr14_23118080_23118081	chr14	23118080	23118081	0	False	NA
chr14_23118236_23118237	chr14	23118236	23118237	16	False	NA
chr14_23118261_23118262	chr14	23118261	23118262	16	False	NA
chr14_23118294_23118295	chr14	23118294	23118295	0	False	NA
chr14_23118406_23118407	chr14	23118406	23118407	0	False	NA
chr14_24094210_24094211	chr14	24094210	24094211	12	False	NA
chr14_25748325_25748326	chr14	25748325	25748326	0	False	NA
chr14_30597569_30597570	chr14	30597569	30597570	468	True	2
chr14_30876806_30876807	chr14	30876806	30876807	214	True	4
chr14_30877151_30877152	chr14	30877151	30877152	77	False	NA
chr14_30877178_30877179	chr14	30877178	30877179	0	False	NA
chr14_30877561_30877562	chr14	30877561	30877562	729	True	2
chr14_30877620_30877621	chr14	30877620	30877621	0	False	NA
chr14_30877677_30877678	chr14	30877677	30877678	0	False	NA
chr14_30877826_30877827	chr14	30877826	30877827	45	False	NA
chr14_30877862_30877863	chr14	30877862	30877863	54	False	NA
chr14_30877915_30877916	chr14	30877915	30877916	0	False	NA
chr14_30878066_30878067	chr14	30878066	30878067	97	False	NA
chr14_30878084_30878085	chr14	30878084	30878085	0	False	NA
chr14_30878183_30878184	chr14	30878183	30878184	5	False	NA
chr14_30878269_30878270	chr14	30878269	30878270	7	False	NA
chr14_30878362_30878363	chr14	30878362	30878363	102	False	NA
chr14_30878397_30878398	chr14	30878397	30878398	0	False	NA
chr14_30878770_30878771	chr14	30878770	30878771	0	False	NA
chr14_30878871_30878872	chr14	30878871	30878872	5	False	NA
chr14_30879003_30879004	chr14	30879003	30879004	318	True	2
chr14_30879023_30879024	chr14	30879023	30879024	257	True	2
chr14_30879053_30879054	chr14	30879053	30879054	0	False	NA
chr14_30879073_30879074	chr14	30879073	30879074	0	False	NA
chr14_30879142_30879143	chr14	30879142	30879143	42	False	NA
chr14_30879176_30879177	chr14	30879176	30879177	61	False	NA
chr14_30879201_30879202	chr14	30879201	30879202	54	False	NA
chr14_30879203_30879204	chr14	30879203	30879204	0	False	NA
chr14_30879222_30879223	chr14	30879222	30879223	0	False	NA
chr14_30879238_30879239	chr14	30879238	30879239	79	False	NA
chr14_30879264_30879265	chr14	30879264	30879265	0	False	NA
chr14_30879268_30879269	chr14	30879268	30879269	73	False	NA
chr14_30879294_30879295	chr14	30879294	30879295	19	False	NA
chr14_30879313_30879314	chr14	30879313	30879314	19	False	NA
chr14_30879331_30879332	chr14	30879331	30879332	168	False	NA
chr14_30879365_30879366	chr14	30879365	30879366	19	False	NA
chr14_30879367_30879368	chr14	30879367	30879368	629	True	2
chr14_30879398_30879399	chr14	30879398	30879399	19	False	NA
chr14_30879412_30879413	chr14	30879412	30879413	677	True	2
chr14_30879449_30879450	chr14	30879449	30879450	19	False	NA
chr14_30879841_30879842	chr14	30879841	30879842	50	False	NA
chr14_30880461_30880462	chr14	30880461	30880462	0	False	NA
chr14_30880487_30880488	chr14	30880487	30880488	0	False	NA
chr14_30880601_30880602	chr14	30880601	30880602	0	False	NA
chr14_30880650_30880651	chr14	30880650	30880651	5	False	NA
chr14_30880685_30880686	chr14	30880685	30880686	21	False	NA
chr14_30880740_30880741	chr14	30880740	30880741	21	False	NA
chr14_30883054_30883055	chr14	30883054	30883055	82	False	NA
chr14_30883083_30883084	chr14	30883083	30883084	89	False	NA
chr14_30883120_30883121	chr14	30883120	30883121	0	False	NA
chr14_30883310_30883311	chr14	30883310	30883311	62	False	NA
chr14_30883393_30883394	chr14	30883393	30883394	39	False	NA
chr14_30883434_30883435	chr14	30883434	30883435	34	False	NA
chr14_30883473_30883474	chr14	30883473	30883474	5	False	NA
chr14_30884667_30884668	chr14	30884667	30884668	329	True	2
chr14_30884708_30884709	chr14	30884708	30884709	17	False	NA
chr14_30884728_30884729	chr14	30884728	30884729	17	False	NA
chr14_30884730_30884731	chr14	30884730	30884731	218	True	2
chr14_30884751_30884752	chr14	30884751	30884752	17	False	NA
chr14_30885001_30885002	chr14	30885001	30885002	0	False	NA
chr14_30885107_30885108	chr14	30885107	30885108	110	False	NA
chr14_30885294_30885295	chr14	30885294	30885295	0	False	NA
chr14_30929958_30929959	chr14	30929958	30929959	494	True	5
chr14_30964926_30964927	chr14	30964926	30964927	1819	True	1
chr14_30991931_30991932	chr14	30991931	30991932	1153	True	6
chr14_31106754_31106755	chr14	31106754	31106755	0	False	NA
chr14_31106990_31106991	chr14	31106990	31106991	0	False	NA
chr14_31107033_31107034	chr14	31107033	31107034	0	False	NA
chr14_31113137_31113138	chr14	31113137	31113138	0	False	NA
chr14_31116402_31116403	chr14	31116402	31116403	0	False	NA
chr14_31121448_31121449	chr14	31121448	31121449	0	False	NA
chr14_31121463_31121464	chr14	31121463	31121464	0	False	NA
chr14_31123214_31123215	chr14	31123214	31123215	0	False	NA
chr14_31156763_31156764	chr14	31156763	31156764	388	True	5
chr14_31172139_31172140	chr14	31172139	31172140	1884	True	6
chr14_31172606_31172607	chr14	31172606	31172607	1494	True	6
chr14_31173808_31173809	chr14	31173808	31173809	2786	True	6
chr14_34829393_34829394	chr14	34829393	34829394	53	False	NA
chr14_35263822_35263823	chr14	35263822	35263823	0	False	NA
chr14_35671387_35671388	chr14	35671387	35671388	303	True	5
chr14_35707386_35707387	chr14	35707386	35707387	174	False	NA
chr14_37216488_37216489	chr14	37216488	37216489	42	False	NA
chr14_45096310_45096311	chr14	45096310	45096311	2541	True	6
chr14_45096366_45096367	chr14	45096366	45096367	2939	True	6
chr14_45110263_45110264	chr14	45110263	45110264	171	False	NA
chr14_45226727_45226728	chr14	45226727	45226728	148	False	NA
chr14_49586879_49586880	chr14	49586879	49586880	0	False	NA
chr14_49784596_49784597	chr14	49784596	49784597	440	True	2
chr14_49784664_49784665	chr14	49784664	49784665	459	True	2
chr14_49785242_49785243	chr14	49785242	49785243	1057	True	2
chr14_49789514_49789515	chr14	49789514	49789515	584	True	2
chr14_49831346_49831347	chr14	49831346	49831347	430	True	2
chr14_50479306_50479307	chr14	50479306	50479307	23	False	NA
chr14_52488836_52488837	chr14	52488836	52488837	27	False	NA
chr14_53096736_53096737	chr14	53096736	53096737	79	False	NA
chr14_55060185_55060186	chr14	55060185	55060186	416	True	6
chr14_58239933_58239934	chr14	58239933	58239934	45544	True	1
chr14_58265646_58265647	chr14	58265646	58265647	0	False	NA
chr14_58266602_58266603	chr14	58266602	58266603	45	False	NA
chr14_58271981_58271982	chr14	58271981	58271982	153	False	NA
chr14_58287146_58287147	chr14	58287146	58287147	212	True	5
chr14_59458927_59458928	chr14	59458927	59458928	123	False	NA
chr14_59475179_59475180	chr14	59475179	59475180	516	True	5
chr14_59475193_59475194	chr14	59475193	59475194	497	True	5
chr14_59475842_59475843	chr14	59475842	59475843	1049	True	2
chr14_61721610_61721611	chr14	61721610	61721611	28	False	NA
chr14_61745793_61745794	chr14	61745793	61745794	67	False	NA
chr14_61747194_61747195	chr14	61747194	61747195	98	False	NA
chr14_61747449_61747450	chr14	61747449	61747450	0	False	NA
chr14_61747551_61747552	chr14	61747551	61747552	17	False	NA
chr14_63978207_63978208	chr14	63978207	63978208	34	False	NA
chr14_63997499_63997500	chr14	63997499	63997500	36	False	NA
chr14_63998412_63998413	chr14	63998412	63998413	30	False	NA
chr14_63998574_63998575	chr14	63998574	63998575	30	False	NA
chr14_64087814_64087815	chr14	64087814	64087815	0	False	NA
chr14_64439172_64439173	chr14	64439172	64439173	0	False	NA
chr14_64459939_64459940	chr14	64459939	64459940	0	False	NA
chr14_66577951_66577952	chr14	66577951	66577952	41	False	NA
chr14_66587220_66587221	chr14	66587220	66587221	12	False	NA
chr14_66587691_66587692	chr14	66587691	66587692	10	False	NA
chr14_66589570_66589571	chr14	66589570	66589571	11	False	NA
chr14_67963137_67963138	chr14	67963137	67963138	59	False	NA
chr14_67977372_67977373	chr14	67977372	67977373	205	True	2
chr14_69769461_69769462	chr14	69769461	69769462	9031	True	1
chr14_69769489_69769490	chr14	69769489	69769490	10584	True	1
chr14_69770194_69770195	chr14	69770194	69770195	7667	True	1
chr14_70360941_70360942	chr14	70360941	70360942	27	False	NA
chr14_71092657_71092658	chr14	71092657	71092658	48	False	NA
chr14_73111183_73111184	chr14	73111183	73111184	2948	True	2
chr14_73111237_73111238	chr14	73111237	73111238	2853	True	2
chr14_73111290_73111291	chr14	73111290	73111291	1119	True	2
chr14_73111371_73111372	chr14	73111371	73111372	1529	True	2
chr14_73111400_73111401	chr14	73111400	73111401	1498	True	2
chr14_73111417_73111418	chr14	73111417	73111418	1265	True	2
chr14_73111446_73111447	chr14	73111446	73111447	1936	True	2
chr14_73111469_73111470	chr14	73111469	73111470	2059	True	2
chr14_73111517_73111518	chr14	73111517	73111518	2175	True	2
chr14_73112420_73112421	chr14	73112420	73112421	137	False	NA
chr14_73588861_73588862	chr14	73588861	73588862	5298	True	5
chr14_74821177_74821178	chr14	74821177	74821178	825	True	2
chr14_75106315_75106316	chr14	75106315	75106316	0	False	NA
chr14_75106365_75106366	chr14	75106365	75106366	983	True	6
chr14_76063226_76063227	chr14	76063226	76063227	2954	True	3
chr14_88573020_88573021	chr14	88573020	88573021	592	True	5
chr14_89622150_89622151	chr14	89622150	89622151	0	False	NA
chr14_89712722_89712723	chr14	89712722	89712723	0	False	NA
chr14_90403950_90403951	chr14	90403950	90403951	0	False	NA
chr14_90404506_90404507	chr14	90404506	90404507	0	False	NA
chr14_90404696_90404697	chr14	90404696	90404697	0	False	NA
chr14_90404712_90404713	chr14	90404712	90404713	0	False	NA
chr14_90404766_90404767	chr14	90404766	90404767	0	False	NA
chr14_90404790_90404791	chr14	90404790	90404791	0	False	NA
chr14_90404805_90404806	chr14	90404805	90404806	0	False	NA
chr14_90404828_90404829	chr14	90404828	90404829	0	False	NA
chr14_90404850_90404851	chr14	90404850	90404851	0	False	NA
chr14_90404883_90404884	chr14	90404883	90404884	0	False	NA
chr14_90564910_90564911	chr14	90564910	90564911	66	False	NA
chr14_91461608_91461609	chr14	91461608	91461609	895	True	2
chr14_91504322_91504323	chr14	91504322	91504323	96	False	NA
chr14_91509033_91509034	chr14	91509033	91509034	313	True	4
chr14_95123988_95123989	chr14	95123988	95123989	47	False	NA
chr14_96322465_96322466	chr14	96322465	96322466	97	False	NA
chr14_96335934_96335935	chr14	96335934	96335935	99	False	NA
chr14_96338769_96338770	chr14	96338769	96338770	94	False	NA
chr14_99583120_99583121	chr14	99583120	99583121	13	False	NA
chr14_101678434_101678435	chr14	101678434	101678435	0	False	NA
chr14_102081835_102081836	chr14	102081835	102081836	13522	True	1
chr14_102081978_102081979	chr14	102081978	102081979	1932	True	4
chr14_102082962_102082963	chr14	102082962	102082963	6445	True	3
chr14_102082991_102082992	chr14	102082991	102082992	12007	True	3
chr14_102083736_102083737	chr14	102083736	102083737	6360	True	4
chr14_102779294_102779295	chr14	102779294	102779295	221	True	5
chr14_103714470_103714471	chr14	103714470	103714471	472	True	4
chr14_103914842_103914843	chr14	103914842	103914843	45	False	NA
chr14_105442145_105442146	chr14	105442145	105442146	243	True	2
chr15_25370762_25370763	chr15	25370762	25370763	0	False	NA
chr15_25370914_25370915	chr15	25370914	25370915	0	False	NA
chr15_25371508_25371509	chr15	25371508	25371509	0	False	NA
chr15_25371675_25371676	chr15	25371675	25371676	0	False	NA
chr15_25401898_25401899	chr15	25401898	25401899	108	False	NA
chr15_28607468_28607469	chr15	28607468	28607469	211	True	2
chr15_29496380_29496381	chr15	29496380	29496381	5	False	NA
chr15_29793984_29793985	chr15	29793984	29793985	109	False	NA
chr15_29794007_29794008	chr15	29794007	29794008	124	False	NA
chr15_30635476_30635477	chr15	30635476	30635477	428	True	2
chr15_30752503_30752504	chr15	30752503	30752504	267	True	4
chr15_30766700_30766701	chr15	30766700	30766701	456	True	4
chr15_34145822_34145823	chr15	34145822	34145823	69	False	NA
chr15_34146909_34146910	chr15	34146909	34146910	288	True	2
chr15_36894639_36894640	chr15	36894639	36894640	22	False	NA
chr15_40177401_40177402	chr15	40177401	40177402	72	False	NA
chr15_40185461_40185462	chr15	40185461	40185462	2484	True	2
chr15_41349780_41349781	chr15	41349780	41349781	702	True	4
chr15_43026242_43026243	chr15	43026242	43026243	76	False	NA
chr15_43640198_43640199	chr15	43640198	43640199	48	False	NA
chr15_43793017_43793018	chr15	43793017	43793018	0	False	NA
chr15_44143930_44143931	chr15	44143930	44143931	20	False	NA
chr15_44144759_44144760	chr15	44144759	44144760	0	False	NA
chr15_44557500_44557501	chr15	44557500	44557501	0	False	NA
chr15_44557558_44557559	chr15	44557558	44557559	0	False	NA
chr15_44557604_44557605	chr15	44557604	44557605	0	False	NA
chr15_44557638_44557639	chr15	44557638	44557639	0	False	NA
chr15_44560272_44560273	chr15	44560272	44560273	0	False	NA
chr15_44561164_44561165	chr15	44561164	44561165	0	False	NA
chr15_46724513_46724514	chr15	46724513	46724514	5	False	NA
chr15_48155675_48155676	chr15	48155675	48155676	57	False	NA
chr15_48156122_48156123	chr15	48156122	48156123	6	False	NA
chr15_48156251_48156252	chr15	48156251	48156252	31	False	NA
chr15_48156335_48156336	chr15	48156335	48156336	91	False	NA
chr15_48156370_48156371	chr15	48156370	48156371	70	False	NA
chr15_48156456_48156457	chr15	48156456	48156457	93	False	NA
chr15_48156605_48156606	chr15	48156605	48156606	107	False	NA
chr15_48156631_48156632	chr15	48156631	48156632	103	False	NA
chr15_48156668_48156669	chr15	48156668	48156669	103	False	NA
chr15_48157473_48157474	chr15	48157473	48157474	23	False	NA
chr15_48157803_48157804	chr15	48157803	48157804	19	False	NA
chr15_48879277_48879278	chr15	48879277	48879278	0	False	NA
chr15_50589325_50589326	chr15	50589325	50589326	783	True	3
chr15_50609735_50609736	chr15	50609735	50609736	807	True	2
chr15_51518587_51518588	chr15	51518587	51518588	6	False	NA
chr15_51938122_51938123	chr15	51938122	51938123	5	False	NA
chr15_51938146_51938147	chr15	51938146	51938147	5	False	NA
chr15_56124429_56124430	chr15	56124429	56124430	551	True	4
chr15_56227759_56227760	chr15	56227759	56227760	357	True	2
chr15_56444525_56444526	chr15	56444525	56444526	0	False	NA
chr15_56993097_56993098	chr15	56993097	56993098	553	True	5
chr15_56994721_56994722	chr15	56994721	56994722	280	True	2
chr15_58013759_58013760	chr15	58013759	58013760	211	True	2
chr15_58889533_58889534	chr15	58889533	58889534	50	False	NA
chr15_58892904_58892905	chr15	58892904	58892905	5	False	NA
chr15_58892941_58892942	chr15	58892941	58892942	70	False	NA
chr15_58893014_58893015	chr15	58893014	58893015	81	False	NA
chr15_58893038_58893039	chr15	58893038	58893039	81	False	NA
chr15_58893334_58893335	chr15	58893334	58893335	5	False	NA
chr15_58893827_58893828	chr15	58893827	58893828	37	False	NA
chr15_58897189_58897190	chr15	58897189	58897190	0	False	NA
chr15_58897225_58897226	chr15	58897225	58897226	0	False	NA
chr15_58899150_58899151	chr15	58899150	58899151	0	False	NA
chr15_58899180_58899181	chr15	58899180	58899181	252	True	5
chr15_58899472_58899473	chr15	58899472	58899473	77	False	NA
chr15_58899517_58899518	chr15	58899517	58899518	69	False	NA
chr15_58899554_58899555	chr15	58899554	58899555	85	False	NA
chr15_58899612_58899613	chr15	58899612	58899613	85	False	NA
chr15_58899775_58899776	chr15	58899775	58899776	14	False	NA
chr15_58899910_58899911	chr15	58899910	58899911	0	False	NA
chr15_58900024_58900025	chr15	58900024	58900025	1550	True	4
chr15_58900036_58900037	chr15	58900036	58900037	0	False	NA
chr15_58900065_58900066	chr15	58900065	58900066	1358	True	4
chr15_58900296_58900297	chr15	58900296	58900297	663	True	5
chr15_58900499_58900500	chr15	58900499	58900500	8	False	NA
chr15_58900992_58900993	chr15	58900992	58900993	404	True	5
chr15_58901066_58901067	chr15	58901066	58901067	0	False	NA
chr15_58901089_58901090	chr15	58901089	58901090	241	True	5
chr15_58901266_58901267	chr15	58901266	58901267	5	False	NA
chr15_58912588_58912589	chr15	58912588	58912589	0	False	NA
chr15_58913160_58913161	chr15	58913160	58913161	240	True	5
chr15_58913337_58913338	chr15	58913337	58913338	0	False	NA
chr15_58913482_58913483	chr15	58913482	58913483	1068	True	5
chr15_58913498_58913499	chr15	58913498	58913499	0	False	NA
chr15_60448416_60448417	chr15	60448416	60448417	248	True	2
chr15_60448527_60448528	chr15	60448527	60448528	129	False	NA
chr15_61169649_61169650	chr15	61169649	61169650	0	False	NA
chr15_61915625_61915626	chr15	61915625	61915626	272	True	2
chr15_61915640_61915641	chr15	61915640	61915641	0	False	NA
chr15_61915825_61915826	chr15	61915825	61915826	0	False	NA
chr15_61917478_61917479	chr15	61917478	61917479	0	False	NA
chr15_62515736_62515737	chr15	62515736	62515737	6	False	NA
chr15_63071323_63071324	chr15	63071323	63071324	0	False	NA
chr15_65012133_65012134	chr15	65012133	65012134	37	False	NA
chr15_65296084_65296085	chr15	65296084	65296085	0	False	NA
chr15_65296104_65296105	chr15	65296104	65296105	0	False	NA
chr15_65296121_65296122	chr15	65296121	65296122	0	False	NA
chr15_65296138_65296139	chr15	65296138	65296139	0	False	NA
chr15_65296168_65296169	chr15	65296168	65296169	0	False	NA
chr15_65570371_65570372	chr15	65570371	65570372	129	False	NA
chr15_65608372_65608373	chr15	65608372	65608373	90	False	NA
chr15_65665114_65665115	chr15	65665114	65665115	75	False	NA
chr15_65689726_65689727	chr15	65689726	65689727	483	True	2
chr15_65752290_65752291	chr15	65752290	65752291	135	False	NA
chr15_65752484_65752485	chr15	65752484	65752485	0	False	NA
chr15_65771071_65771072	chr15	65771071	65771072	0	False	NA
chr15_65771106_65771107	chr15	65771106	65771107	0	False	NA
chr15_65771133_65771134	chr15	65771133	65771134	479	True	6
chr15_65773009_65773010	chr15	65773009	65773010	704	True	4
chr15_66500788_66500789	chr15	66500788	66500789	1051	True	5
chr15_66500866_66500867	chr15	66500866	66500867	1152	True	5
chr15_66501122_66501123	chr15	66501122	66501123	2568	True	4
chr15_66501964_66501965	chr15	66501964	66501965	20947	True	1
chr15_66502750_66502751	chr15	66502750	66502751	17680	True	3
chr15_66502957_66502958	chr15	66502957	66502958	53141	True	1
chr15_68193980_68193981	chr15	68193980	68193981	72	False	NA
chr15_69030277_69030278	chr15	69030277	69030278	11	False	NA
chr15_69421916_69421917	chr15	69421916	69421917	919	True	2
chr15_69440123_69440124	chr15	69440123	69440124	228	True	2
chr15_69440195_69440196	chr15	69440195	69440196	145	False	NA
chr15_69440222_69440223	chr15	69440222	69440223	255	True	2
chr15_69440765_69440766	chr15	69440765	69440766	297	True	2
chr15_69443350_69443351	chr15	69443350	69443351	106	False	NA
chr15_69454050_69454051	chr15	69454050	69454051	1701	True	1
chr15_69455423_69455424	chr15	69455423	69455424	10318	True	1
chr15_70070938_70070939	chr15	70070938	70070939	601	True	4
chr15_70755675_70755676	chr15	70755675	70755676	74	False	NA
chr15_72081422_72081423	chr15	72081422	72081423	16	False	NA
chr15_72083320_72083321	chr15	72083320	72083321	8	False	NA
chr15_72085397_72085398	chr15	72085397	72085398	141	False	NA
chr15_72523525_72523526	chr15	72523525	72523526	442	True	4
chr15_73930312_73930313	chr15	73930312	73930313	364	True	2
chr15_75078815_75078816	chr15	75078815	75078816	0	False	NA
chr15_75079322_75079323	chr15	75079322	75079323	0	False	NA
chr15_75080228_75080229	chr15	75080228	75080229	12	False	NA
chr15_75938432_75938433	chr15	75938432	75938433	0	False	NA
chr15_75938629_75938630	chr15	75938629	75938630	6	False	NA
chr15_75938843_75938844	chr15	75938843	75938844	0	False	NA
chr15_75939005_75939006	chr15	75939005	75939006	0	False	NA
chr15_75939055_75939056	chr15	75939055	75939056	0	False	NA
chr15_75939277_75939278	chr15	75939277	75939278	0	False	NA
chr15_75939370_75939371	chr15	75939370	75939371	0	False	NA
chr15_75939631_75939632	chr15	75939631	75939632	5	False	NA
chr15_75939813_75939814	chr15	75939813	75939814	0	False	NA
chr15_75939837_75939838	chr15	75939837	75939838	0	False	NA
chr15_75939926_75939927	chr15	75939926	75939927	0	False	NA
chr15_75940119_75940120	chr15	75940119	75940120	0	False	NA
chr15_75940389_75940390	chr15	75940389	75940390	0	False	NA
chr15_75940499_75940500	chr15	75940499	75940500	0	False	NA
chr15_75940521_75940522	chr15	75940521	75940522	0	False	NA
chr15_75940570_75940571	chr15	75940570	75940571	0	False	NA
chr15_75940789_75940790	chr15	75940789	75940790	0	False	NA
chr15_75940824_75940825	chr15	75940824	75940825	0	False	NA
chr15_76763554_76763555	chr15	76763554	76763555	15	False	NA
chr15_76935932_76935933	chr15	76935932	76935933	115	False	NA
chr15_76943224_76943225	chr15	76943224	76943225	101	False	NA
chr15_76948401_76948402	chr15	76948401	76948402	885	True	2
chr15_76948822_76948823	chr15	76948822	76948823	115	False	NA
chr15_77053458_77053459	chr15	77053458	77053459	7	False	NA
chr15_78290454_78290455	chr15	78290454	78290455	86	False	NA
chr15_78470707_78470708	chr15	78470707	78470708	73	False	NA
chr15_78894424_78894425	chr15	78894424	78894425	466	True	4
chr15_80073956_80073957	chr15	80073956	80073957	405	True	5
chr15_80133207_80133208	chr15	80133207	80133208	577	True	5
chr15_82539692_82539693	chr15	82539692	82539693	1781	True	3
chr15_83037372_83037373	chr15	83037372	83037373	121	False	NA
chr15_84080389_84080390	chr15	84080389	84080390	321	True	2
chr15_85091210_85091211	chr15	85091210	85091211	894	True	2
chr15_85091920_85091921	chr15	85091920	85091921	440	True	6
chr15_85092348_85092349	chr15	85092348	85092349	856	True	3
chr15_88257768_88257769	chr15	88257768	88257769	0	False	NA
chr15_88538663_88538664	chr15	88538663	88538664	1989	True	1
chr15_89260149_89260150	chr15	89260149	89260150	135	False	NA
chr15_89262258_89262259	chr15	89262258	89262259	210	True	2
chr15_89281851_89281852	chr15	89281851	89281852	1744	True	4
chr15_89293119_89293120	chr15	89293119	89293120	313	True	2
chr15_89609125_89609126	chr15	89609125	89609126	154	False	NA
chr15_89609176_89609177	chr15	89609176	89609177	0	False	NA
chr15_89609484_89609485	chr15	89609484	89609485	204	True	4
chr15_89609536_89609537	chr15	89609536	89609537	0	False	NA
chr15_90737187_90737188	chr15	90737187	90737188	62	False	NA
chr15_90790019_90790020	chr15	90790019	90790020	45	False	NA
chr15_90798187_90798188	chr15	90798187	90798188	69	False	NA
chr15_90974141_90974142	chr15	90974141	90974142	5	False	NA
chr15_90974188_90974189	chr15	90974188	90974189	5	False	NA
chr15_90974205_90974206	chr15	90974205	90974206	5	False	NA
chr15_90974233_90974234	chr15	90974233	90974234	5	False	NA
chr15_90979167_90979168	chr15	90979167	90979168	0	False	NA
chr15_90979185_90979186	chr15	90979185	90979186	0	False	NA
chr15_90980300_90980301	chr15	90980300	90980301	0	False	NA
chr15_90980328_90980329	chr15	90980328	90980329	0	False	NA
chr15_90981235_90981236	chr15	90981235	90981236	1487	True	4
chr15_90981319_90981320	chr15	90981319	90981320	1071	True	4
chr15_90981339_90981340	chr15	90981339	90981340	594	True	2
chr15_90981483_90981484	chr15	90981483	90981484	2609	True	4
chr15_90983747_90983748	chr15	90983747	90983748	508	True	4
chr15_92897129_92897130	chr15	92897129	92897130	460	True	4
chr15_92897425_92897426	chr15	92897425	92897426	268	True	4
chr15_92996173_92996174	chr15	92996173	92996174	1055	True	1
chr15_93065228_93065229	chr15	93065228	93065229	8	False	NA
chr15_94487361_94487362	chr15	94487361	94487362	0	False	NA
chr15_95784684_95784685	chr15	95784684	95784685	745	True	2
chr15_101292594_101292595	chr15	101292594	101292595	201	True	5
chr15_101292875_101292876	chr15	101292875	101292876	250	True	5
chr15_101292896_101292897	chr15	101292896	101292897	289	True	5
chr16_206893_206894	chr16	206893	206894	80	False	NA
chr16_227792_227793	chr16	227792	227793	2139	True	3
chr16_791723_791724	chr16	791723	791724	5432	True	3
chr16_862865_862866	chr16	862865	862866	51	False	NA
chr16_1316638_1316639	chr16	1316638	1316639	1105	True	4
chr16_1316676_1316677	chr16	1316676	1316677	1293	True	4
chr16_1963624_1963625	chr16	1963624	1963625	1901	True	3
chr16_2758900_2758901	chr16	2758900	2758901	4142	True	6
chr16_2759720_2759721	chr16	2759720	2759721	16868	True	3
chr16_2759874_2759875	chr16	2759874	2759875	27399	True	1
chr16_2759894_2759895	chr16	2759894	2759895	27209	True	1
chr16_2759926_2759927	chr16	2759926	2759927	27906	True	1
chr16_2760057_2760058	chr16	2760057	2760058	19028	True	1
chr16_2760105_2760106	chr16	2760105	2760106	19470	True	1
chr16_2760240_2760241	chr16	2760240	2760241	27286	True	1
chr16_2760287_2760288	chr16	2760287	2760288	28259	True	1
chr16_2768336_2768337	chr16	2768336	2768337	10822	True	3
chr16_2768439_2768440	chr16	2768439	2768440	9141	True	3
chr16_2768535_2768536	chr16	2768535	2768536	7360	True	3
chr16_3086238_3086239	chr16	3086238	3086239	0	False	NA
chr16_3711604_3711605	chr16	3711604	3711605	298	True	6
chr16_4434907_4434908	chr16	4434907	4434908	120	False	NA
chr16_11761633_11761634	chr16	11761633	11761634	343	True	2
chr16_11762373_11762374	chr16	11762373	11762374	194	False	NA
chr16_11894955_11894956	chr16	11894955	11894956	9	False	NA
chr16_14637375_14637376	chr16	14637375	14637376	59	False	NA
chr16_15620120_15620121	chr16	15620120	15620121	0	False	NA
chr16_15620169_15620170	chr16	15620169	15620170	406	True	4
chr16_21642164_21642165	chr16	21642164	21642165	0	False	NA
chr16_21979302_21979303	chr16	21979302	21979303	1930	True	2
chr16_24794360_24794361	chr16	24794360	24794361	322	True	5
chr16_28154259_28154260	chr16	28154259	28154260	412	True	5
chr16_28155462_28155463	chr16	28155462	28155463	607	True	5
chr16_28723278_28723279	chr16	28723278	28723279	0	False	NA
chr16_29915610_29915611	chr16	29915610	29915611	175	False	NA
chr16_30280412_30280413	chr16	30280412	30280413	0	False	NA
chr16_30712930_30712931	chr16	30712930	30712931	272	True	5
chr16_31182730_31182731	chr16	31182730	31182731	7095	True	1
chr16_31183629_31183630	chr16	31183629	31183630	3403	True	3
chr16_31184451_31184452	chr16	31184451	31184452	2789	True	3
chr16_31185185_31185186	chr16	31185185	31185186	15815	True	1
chr16_31185326_31185327	chr16	31185326	31185327	14780	True	1
chr16_31185344_31185345	chr16	31185344	31185345	13225	True	1
chr16_31185396_31185397	chr16	31185396	31185397	12238	True	1
chr16_31185642_31185643	chr16	31185642	31185643	10595	True	1
chr16_31185714_31185715	chr16	31185714	31185715	12853	True	1
chr16_31185787_31185788	chr16	31185787	31185788	12125	True	1
chr16_31186005_31186006	chr16	31186005	31186006	9260	True	1
chr16_31186045_31186046	chr16	31186045	31186046	10071	True	1
chr16_31186108_31186109	chr16	31186108	31186109	7318	True	1
chr16_31186304_31186305	chr16	31186304	31186305	16162	True	1
chr16_31186337_31186338	chr16	31186337	31186338	14694	True	1
chr16_31186451_31186452	chr16	31186451	31186452	9411	True	1
chr16_31186546_31186547	chr16	31186546	31186547	10275	True	1
chr16_31186575_31186576	chr16	31186575	31186576	11036	True	1
chr16_31186591_31186592	chr16	31186591	31186592	11443	True	1
chr16_31186673_31186674	chr16	31186673	31186674	12952	True	1
chr16_31186693_31186694	chr16	31186693	31186694	14538	True	1
chr16_31187043_31187044	chr16	31187043	31187044	18328	True	1
chr16_31187252_31187253	chr16	31187252	31187253	21537	True	1
chr16_31187663_31187664	chr16	31187663	31187664	7658	True	1
chr16_31187807_31187808	chr16	31187807	31187808	13489	True	1
chr16_31187876_31187877	chr16	31187876	31187877	18083	True	1
chr16_31187900_31187901	chr16	31187900	31187901	18091	True	1
chr16_31188306_31188307	chr16	31188306	31188307	14964	True	1
chr16_31189656_31189657	chr16	31189656	31189657	7370	True	1
chr16_46678311_46678312	chr16	46678311	46678312	169	False	NA
chr16_46695177_46695178	chr16	46695177	46695178	685	True	2
chr16_46695204_46695205	chr16	46695204	46695205	664	True	2
chr16_46696661_46696662	chr16	46696661	46696662	595	True	4
chr16_47109305_47109306	chr16	47109305	47109306	62	False	NA
chr16_47128083_47128084	chr16	47128083	47128084	50	False	NA
chr16_50078243_50078244	chr16	50078243	50078244	0	False	NA
chr16_58163258_58163259	chr16	58163258	58163259	3253	True	1
chr16_64596973_64596974	chr16	64596973	64596974	0	False	NA
chr16_66813846_66813847	chr16	66813846	66813847	889	True	2
chr16_70262972_70262973	chr16	70262972	70262973	941	True	3
chr16_70524523_70524524	chr16	70524523	70524524	942	True	1
chr16_70527782_70527783	chr16	70527782	70527783	149	False	NA
chr16_70528178_70528179	chr16	70528178	70528179	264	True	5
chr16_70530974_70530975	chr16	70530974	70530975	1244	True	5
chr16_70538698_70538699	chr16	70538698	70538699	321	True	5
chr16_70557737_70557738	chr16	70557737	70557738	405	True	5
chr16_72932653_72932654	chr16	72932653	72932654	4471	True	6
chr16_74305734_74305735	chr16	74305734	74305735	597	True	2
chr16_75328713_75328714	chr16	75328713	75328714	5	False	NA
chr16_75356730_75356731	chr16	75356730	75356731	274	True	5
chr16_78606738_78606739	chr16	78606738	78606739	214	True	5
chr16_78674838_78674839	chr16	78674838	78674839	182	False	NA
chr16_81261143_81261144	chr16	81261143	81261144	123	False	NA
chr16_82157055_82157056	chr16	82157055	82157056	162	False	NA
chr16_87384021_87384022	chr16	87384021	87384022	0	False	NA
chr16_87384062_87384063	chr16	87384062	87384063	39194	True	1
chr16_87448350_87448351	chr16	87448350	87448351	164	False	NA
chr16_89151616_89151617	chr16	89151616	89151617	0	False	NA
chr16_89366027_89366028	chr16	89366027	89366028	1111	True	6
chr16_89366136_89366137	chr16	89366136	89366137	608	True	6
chr16_89517630_89517631	chr16	89517630	89517631	1756	True	1
chr16_89518104_89518105	chr16	89518104	89518105	2525	True	6
chr16_89518704_89518705	chr16	89518704	89518705	2596	True	6
chr16_89518996_89518997	chr16	89518996	89518997	2808	True	1
chr16_89541315_89541316	chr16	89541315	89541316	1933	True	5
chr16_89561428_89561429	chr16	89561428	89561429	47383	True	1
chr16_89562604_89562605	chr16	89562604	89562605	768	True	4
chr16_89562717_89562718	chr16	89562717	89562718	1712	True	1
chr16_89772824_89772825	chr16	89772824	89772825	57	False	NA
chr16_89780935_89780936	chr16	89780935	89780936	574	True	3
chr16_89809375_89809376	chr16	89809375	89809376	1259	True	1
chr16_89810517_89810518	chr16	89810517	89810518	479	True	5
chr16_89818255_89818256	chr16	89818255	89818256	433	True	6
chr16_89981857_89981858	chr16	89981857	89981858	1004	True	5
chr17_1361314_1361315	chr17	1361314	1361315	3793	True	3
chr17_1679509_1679510	chr17	1679509	1679510	694	True	5
chr17_2022809_2022810	chr17	2022809	2022810	0	False	NA
chr17_2188986_2188987	chr17	2188986	2188987	0	False	NA
chr17_2332846_2332847	chr17	2332846	2332847	17	False	NA
chr17_3822059_3822060	chr17	3822059	3822060	999	True	2
chr17_3822266_3822267	chr17	3822266	3822267	846	True	5
chr17_3822298_3822299	chr17	3822298	3822299	854	True	5
chr17_3824890_3824891	chr17	3824890	3824891	783	True	2
chr17_5361235_5361236	chr17	5361235	5361236	0	False	NA
chr17_5361294_5361295	chr17	5361294	5361295	0	False	NA
chr17_6583015_6583016	chr17	6583015	6583016	43	False	NA
chr17_7498661_7498662	chr17	7498661	7498662	392	True	5
chr17_7885015_7885016	chr17	7885015	7885016	14060	True	1
chr17_8221620_8221621	chr17	8221620	8221621	12	False	NA
chr17_8377523_8377524	chr17	8377523	8377524	0	False	NA
chr17_8377559_8377560	chr17	8377559	8377560	0	False	NA
chr17_8377602_8377603	chr17	8377602	8377603	0	False	NA
chr17_8377633_8377634	chr17	8377633	8377634	0	False	NA
chr17_8377659_8377660	chr17	8377659	8377660	0	False	NA
chr17_8377685_8377686	chr17	8377685	8377686	0	False	NA
chr17_8377703_8377704	chr17	8377703	8377704	13439	True	3
chr17_8378445_8378446	chr17	8378445	8378446	0	False	NA
chr17_8379757_8379758	chr17	8379757	8379758	0	False	NA
chr17_8379920_8379921	chr17	8379920	8379921	0	False	NA
chr17_8484213_8484214	chr17	8484213	8484214	28	False	NA
chr17_8486511_8486512	chr17	8486511	8486512	48	False	NA
chr17_8551958_8551959	chr17	8551958	8551959	100	False	NA
chr17_8551971_8551972	chr17	8551971	8551972	141	False	NA
chr17_15531424_15531425	chr17	15531424	15531425	265	True	2
chr17_15707846_15707847	chr17	15707846	15707847	241	True	2
chr17_16002192_16002193	chr17	16002192	16002193	489	True	5
chr17_16002698_16002699	chr17	16002698	16002699	187	False	NA
chr17_16084444_16084445	chr17	16084444	16084445	0	False	NA
chr17_16167865_16167866	chr17	16167865	16167866	102	False	NA
chr17_16349000_16349001	chr17	16349000	16349001	1948	True	6
chr17_16349120_16349121	chr17	16349120	16349121	1448	True	6
chr17_16349152_16349153	chr17	16349152	16349153	989	True	5
chr17_16349188_16349189	chr17	16349188	16349189	1046	True	5
chr17_16349225_16349226	chr17	16349225	16349226	0	False	NA
chr17_16456536_16456537	chr17	16456536	16456537	502	True	2
chr17_16456565_16456566	chr17	16456565	16456566	0	False	NA
chr17_18307914_18307915	chr17	18307914	18307915	410	True	6
chr17_18308229_18308230	chr17	18308229	18308230	159	False	NA
chr17_18536165_18536166	chr17	18536165	18536166	0	False	NA
chr17_18536728_18536729	chr17	18536728	18536729	0	False	NA
chr17_18536755_18536756	chr17	18536755	18536756	0	False	NA
chr17_18537529_18537530	chr17	18537529	18537530	0	False	NA
chr17_18537545_18537546	chr17	18537545	18537546	0	False	NA
chr17_21038671_21038672	chr17	21038671	21038672	410	True	6
chr17_27309088_27309089	chr17	27309088	27309089	11113	True	3
chr17_28042674_28042675	chr17	28042674	28042675	1334	True	4
chr17_28607756_28607757	chr17	28607756	28607757	272	True	5
chr17_28615063_28615064	chr17	28615063	28615064	0	False	NA
chr17_28634889_28634890	chr17	28634889	28634890	0	False	NA
chr17_28635009_28635010	chr17	28635009	28635010	0	False	NA
chr17_28636878_28636879	chr17	28636878	28636879	364	True	5
chr17_29479989_29479990	chr17	29479989	29479990	322	True	5
chr17_29742263_29742264	chr17	29742263	29742264	111	False	NA
chr17_30117032_30117033	chr17	30117032	30117033	7848	True	3
chr17_30117774_30117775	chr17	30117774	30117775	902	True	4
chr17_30118348_30118349	chr17	30118348	30118349	396	True	4
chr17_30118760_30118761	chr17	30118760	30118761	711	True	3
chr17_30140540_30140541	chr17	30140540	30140541	295	True	4
chr17_30484825_30484826	chr17	30484825	30484826	343	True	2
chr17_30489853_30489854	chr17	30489853	30489854	75	False	NA
chr17_30734139_30734140	chr17	30734139	30734140	631	True	3
chr17_30734303_30734304	chr17	30734303	30734304	2275	True	1
chr17_30759294_30759295	chr17	30759294	30759295	276	True	5
chr17_30769081_30769082	chr17	30769081	30769082	1443	True	2
chr17_30769293_30769294	chr17	30769293	30769294	323	True	2
chr17_30769905_30769906	chr17	30769905	30769906	0	False	NA
chr17_30769930_30769931	chr17	30769930	30769931	0	False	NA
chr17_30770000_30770001	chr17	30770000	30770001	0	False	NA
chr17_30782704_30782705	chr17	30782704	30782705	570	True	6
chr17_30835252_30835253	chr17	30835252	30835253	0	False	NA
chr17_30835328_30835329	chr17	30835328	30835329	0	False	NA
chr17_30835680_30835681	chr17	30835680	30835681	0	False	NA
chr17_30835757_30835758	chr17	30835757	30835758	0	False	NA
chr17_30837278_30837279	chr17	30837278	30837279	0	False	NA
chr17_30840743_30840744	chr17	30840743	30840744	0	False	NA
chr17_30855207_30855208	chr17	30855207	30855208	0	False	NA
chr17_30858240_30858241	chr17	30858240	30858241	0	False	NA
chr17_30858276_30858277	chr17	30858276	30858277	0	False	NA
chr17_30860575_30860576	chr17	30860575	30860576	0	False	NA
chr17_30860987_30860988	chr17	30860987	30860988	205	True	5
chr17_30861378_30861379	chr17	30861378	30861379	32	False	NA
chr17_30861407_30861408	chr17	30861407	30861408	0	False	NA
chr17_31169558_31169559	chr17	31169558	31169559	317	True	5
chr17_31232189_31232190	chr17	31232189	31232190	418	True	2
chr17_31232314_31232315	chr17	31232314	31232315	19	False	NA
chr17_31875825_31875826	chr17	31875825	31875826	320	True	5
chr17_31880585_31880586	chr17	31880585	31880586	0	False	NA
chr17_31885997_31885998	chr17	31885997	31885998	0	False	NA
chr17_32350853_32350854	chr17	32350853	32350854	2284	True	1
chr17_32358694_32358695	chr17	32358694	32358695	1890	True	4
chr17_32361685_32361686	chr17	32361685	32361686	874	True	2
chr17_32361884_32361885	chr17	32361884	32361885	293	True	5
chr17_32362023_32362024	chr17	32362023	32362024	534	True	5
chr17_32362044_32362045	chr17	32362044	32362045	584	True	5
chr17_32362095_32362096	chr17	32362095	32362096	1162	True	4
chr17_32362364_32362365	chr17	32362364	32362365	1506	True	3
chr17_32362551_32362552	chr17	32362551	32362552	712	True	3
chr17_32363552_32363553	chr17	32363552	32363553	416	True	4
chr17_32365753_32365754	chr17	32365753	32365754	418	True	5
chr17_32366010_32366011	chr17	32366010	32366011	287	True	5
chr17_32369142_32369143	chr17	32369142	32369143	2909	True	3
chr17_35151108_35151109	chr17	35151108	35151109	0	False	NA
chr17_35151120_35151121	chr17	35151120	35151121	0	False	NA
chr17_35814016_35814017	chr17	35814016	35814017	667	True	6
chr17_35816837_35816838	chr17	35816837	35816838	568	True	3
chr17_35820198_35820199	chr17	35820198	35820199	0	False	NA
chr17_35820849_35820850	chr17	35820849	35820850	0	False	NA
chr17_35822686_35822687	chr17	35822686	35822687	0	False	NA
chr17_35822728_35822729	chr17	35822728	35822729	0	False	NA
chr17_35824186_35824187	chr17	35824186	35824187	0	False	NA
chr17_35824218_35824219	chr17	35824218	35824219	0	False	NA
chr17_35824252_35824253	chr17	35824252	35824253	5112	True	3
chr17_35824277_35824278	chr17	35824277	35824278	0	False	NA
chr17_35824284_35824285	chr17	35824284	35824285	2284	True	3
chr17_35824347_35824348	chr17	35824347	35824348	0	False	NA
chr17_35824356_35824357	chr17	35824356	35824357	1431	True	3
chr17_35824410_35824411	chr17	35824410	35824411	1410	True	4
chr17_35824426_35824427	chr17	35824426	35824427	1307	True	4
chr17_35824495_35824496	chr17	35824495	35824496	0	False	NA
chr17_35824685_35824686	chr17	35824685	35824686	0	False	NA
chr17_35824760_35824761	chr17	35824760	35824761	0	False	NA
chr17_35824888_35824889	chr17	35824888	35824889	2520	True	4
chr17_35824920_35824921	chr17	35824920	35824921	0	False	NA
chr17_35826872_35826873	chr17	35826872	35826873	333	True	5
chr17_35826992_35826993	chr17	35826992	35826993	1150	True	3
chr17_35827017_35827018	chr17	35827017	35827018	1204	True	3
chr17_35827048_35827049	chr17	35827048	35827049	1180	True	3
chr17_35827095_35827096	chr17	35827095	35827096	0	False	NA
chr17_35829334_35829335	chr17	35829334	35829335	1320	True	1
chr17_35829360_35829361	chr17	35829360	35829361	0	False	NA
chr17_35833891_35833892	chr17	35833891	35833892	3828	True	3
chr17_35834556_35834557	chr17	35834556	35834557	3217	True	4
chr17_35842144_35842145	chr17	35842144	35842145	89	False	NA
chr17_35845238_35845239	chr17	35845238	35845239	434	True	2
chr17_36500401_36500402	chr17	36500401	36500402	443	True	2
chr17_36504917_36504918	chr17	36504917	36504918	117	False	NA
chr17_36517114_36517115	chr17	36517114	36517115	378	True	2
chr17_37002921_37002922	chr17	37002921	37002922	58	False	NA
chr17_38705545_38705546	chr17	38705545	38705546	49	False	NA
chr17_40392123_40392124	chr17	40392123	40392124	2335	True	4
chr17_40400416_40400417	chr17	40400416	40400417	3558	True	4
chr17_40408411_40408412	chr17	40408411	40408412	2138	True	2
chr17_40412198_40412199	chr17	40412198	40412199	227	True	5
chr17_40413633_40413634	chr17	40413633	40413634	2470	True	4
chr17_41718190_41718191	chr17	41718190	41718191	0	False	NA
chr17_41819856_41819857	chr17	41819856	41819857	7796	True	6
chr17_41819927_41819928	chr17	41819927	41819928	7488	True	6
chr17_41986053_41986054	chr17	41986053	41986054	268	True	6
chr17_41988691_41988692	chr17	41988691	41988692	956	True	5
chr17_43128829_43128830	chr17	43128829	43128830	794	True	6
chr17_43232556_43232557	chr17	43232556	43232557	2198	True	6
chr17_44006852_44006853	chr17	44006852	44006853	64	False	NA
chr17_44207311_44207312	chr17	44207311	44207312	0	False	NA
chr17_45060513_45060514	chr17	45060513	45060514	205	True	6
chr17_45636882_45636883	chr17	45636882	45636883	856	True	6
chr17_46009898_46009899	chr17	46009898	46009899	0	False	NA
chr17_46535183_46535184	chr17	46535183	46535184	0	False	NA
chr17_46553339_46553340	chr17	46553339	46553340	5	False	NA
chr17_46961229_46961230	chr17	46961229	46961230	144	False	NA
chr17_47144268_47144269	chr17	47144268	47144269	206	True	5
chr17_47149082_47149083	chr17	47149082	47149083	571	True	3
chr17_47180949_47180950	chr17	47180949	47180950	443	True	5
chr17_47181258_47181259	chr17	47181258	47181259	223	True	5
chr17_47436177_47436178	chr17	47436177	47436178	0	False	NA
chr17_47454378_47454379	chr17	47454378	47454379	651	True	3
chr17_47454688_47454689	chr17	47454688	47454689	132	False	NA
chr17_47585825_47585826	chr17	47585825	47585826	285	True	2
chr17_47618392_47618393	chr17	47618392	47618393	0	False	NA
chr17_47619143_47619144	chr17	47619143	47619144	0	False	NA
chr17_47619173_47619174	chr17	47619173	47619174	0	False	NA
chr17_47651056_47651057	chr17	47651056	47651057	687	True	6
chr17_47651700_47651701	chr17	47651700	47651701	252	True	5
chr17_47658737_47658738	chr17	47658737	47658738	1543	True	4
chr17_47658782_47658783	chr17	47658782	47658783	1008	True	4
chr17_47658926_47658927	chr17	47658926	47658927	1120	True	4
chr17_47660875_47660876	chr17	47660875	47660876	2739	True	3
chr17_47668570_47668571	chr17	47668570	47668571	423	True	5
chr17_47669098_47669099	chr17	47669098	47669099	977	True	1
chr17_47675395_47675396	chr17	47675395	47675396	586	True	3
chr17_47676829_47676830	chr17	47676829	47676830	353	True	5
chr17_47678621_47678622	chr17	47678621	47678622	231	True	5
chr17_47678935_47678936	chr17	47678935	47678936	987	True	1
chr17_47679126_47679127	chr17	47679126	47679127	332	True	5
chr17_47679710_47679711	chr17	47679710	47679711	528	True	3
chr17_47681279_47681280	chr17	47681279	47681280	18	False	NA
chr17_48576332_48576333	chr17	48576332	48576333	0	False	NA
chr17_48576482_48576483	chr17	48576482	48576483	0	False	NA
chr17_48576496_48576497	chr17	48576496	48576497	0	False	NA
chr17_49036533_49036534	chr17	49036533	49036534	842	True	4
chr17_49316342_49316343	chr17	49316342	49316343	249	True	2
chr17_49317734_49317735	chr17	49317734	49317735	0	False	NA
chr17_50699897_50699898	chr17	50699897	50699898	859	True	2
chr17_50738126_50738127	chr17	50738126	50738127	1728	True	4
chr17_50738697_50738698	chr17	50738697	50738698	536	True	2
chr17_50739879_50739880	chr17	50739879	50739880	808	True	5
chr17_50741453_50741454	chr17	50741453	50741454	496	True	5
chr17_50747034_50747035	chr17	50747034	50747035	295	True	5
chr17_50747238_50747239	chr17	50747238	50747239	523	True	4
chr17_51047458_51047459	chr17	51047458	51047459	0	False	NA
chr17_51056426_51056427	chr17	51056426	51056427	0	False	NA
chr17_51180392_51180393	chr17	51180392	51180393	337	True	2
chr17_51280518_51280519	chr17	51280518	51280519	663	True	5
chr17_51435728_51435729	chr17	51435728	51435729	0	False	NA
chr17_54938849_54938850	chr17	54938849	54938850	295	True	2
chr17_56863004_56863005	chr17	56863004	56863005	0	False	NA
chr17_57791387_57791388	chr17	57791387	57791388	2574	True	3
chr17_58000905_58000906	chr17	58000905	58000906	6002	True	6
chr17_58006116_58006117	chr17	58006116	58006117	1250	True	5
chr17_58006137_58006138	chr17	58006137	58006138	1480	True	5
chr17_58006178_58006179	chr17	58006178	58006179	1927	True	5
chr17_58006223_58006224	chr17	58006223	58006224	2258	True	5
chr17_58006547_58006548	chr17	58006547	58006548	7511	True	3
chr17_58504655_58504656	chr17	58504655	58504656	1183	True	6
chr17_59685751_59685752	chr17	59685751	59685752	0	False	NA
chr17_59685954_59685955	chr17	59685954	59685955	254	True	5
chr17_59690696_59690697	chr17	59690696	59690697	0	False	NA
chr17_59693785_59693786	chr17	59693785	59693786	10	False	NA
chr17_59838116_59838117	chr17	59838116	59838117	5946	True	1
chr17_60530392_60530393	chr17	60530392	60530393	84	False	NA
chr17_61779417_61779418	chr17	61779417	61779418	199	False	NA
chr17_61779626_61779627	chr17	61779626	61779627	199	False	NA
chr17_61780244_61780245	chr17	61780244	61780245	246	True	5
chr17_61785104_61785105	chr17	61785104	61785105	213	True	2
chr17_61785796_61785797	chr17	61785796	61785797	220	True	2
chr17_61789278_61789279	chr17	61789278	61789279	147	False	NA
chr17_61808452_61808453	chr17	61808452	61808453	255	True	2
chr17_61845762_61845763	chr17	61845762	61845763	217	True	2
chr17_61846745_61846746	chr17	61846745	61846746	164	False	NA
chr17_61847039_61847040	chr17	61847039	61847040	347	True	2
chr17_61847052_61847053	chr17	61847052	61847053	405	True	2
chr17_61847075_61847076	chr17	61847075	61847076	475	True	2
chr17_61852674_61852675	chr17	61852674	61852675	130	False	NA
chr17_61862240_61862241	chr17	61862240	61862241	121	False	NA
chr17_61862439_61862440	chr17	61862439	61862440	211	True	2
chr17_61862616_61862617	chr17	61862616	61862617	168	False	NA
chr17_61862645_61862646	chr17	61862645	61862646	221	True	2
chr17_61862727_61862728	chr17	61862727	61862728	402	True	2
chr17_61975143_61975144	chr17	61975143	61975144	161	False	NA
chr17_61984110_61984111	chr17	61984110	61984111	644	True	5
chr17_62010222_62010223	chr17	62010222	62010223	1070	True	3
chr17_62010516_62010517	chr17	62010516	62010517	1461	True	4
chr17_62010538_62010539	chr17	62010538	62010539	2015	True	4
chr17_63757371_63757372	chr17	63757371	63757372	332	True	4
chr17_63809908_63809909	chr17	63809908	63809909	250	True	4
chr17_63810271_63810272	chr17	63810271	63810272	463	True	4
chr17_64500844_64500845	chr17	64500844	64500845	24599	True	1
chr17_64500891_64500892	chr17	64500891	64500892	22555	True	1
chr17_64500944_64500945	chr17	64500944	64500945	15488	True	1
chr17_64501105_64501106	chr17	64501105	64501106	10141	True	1
chr17_64501532_64501533	chr17	64501532	64501533	6434	True	1
chr17_64501700_64501701	chr17	64501700	64501701	4875	True	1
chr17_64501857_64501858	chr17	64501857	64501858	15223	True	1
chr17_64501883_64501884	chr17	64501883	64501884	15630	True	1
chr17_64501904_64501905	chr17	64501904	64501905	15866	True	1
chr17_64501955_64501956	chr17	64501955	64501956	18169	True	1
chr17_64502330_64502331	chr17	64502330	64502331	3233	True	4
chr17_64502356_64502357	chr17	64502356	64502357	6349	True	6
chr17_64502424_64502425	chr17	64502424	64502425	14130	True	1
chr17_64502817_64502818	chr17	64502817	64502818	1786	True	2
chr17_64504470_64504471	chr17	64504470	64504471	467	True	5
chr17_64517056_64517057	chr17	64517056	64517057	798	True	6
chr17_64517706_64517707	chr17	64517706	64517707	516	True	6
chr17_64530517_64530518	chr17	64530517	64530518	261	True	6
chr17_64532141_64532142	chr17	64532141	64532142	1374	True	3
chr17_64532165_64532166	chr17	64532165	64532166	1322	True	3
chr17_64953453_64953454	chr17	64953453	64953454	0	False	NA
chr17_66391696_66391697	chr17	66391696	66391697	186	False	NA
chr17_67361878_67361879	chr17	67361878	67361879	391	True	4
chr17_67886492_67886493	chr17	67886492	67886493	416	True	5
chr17_67886526_67886527	chr17	67886526	67886527	278	True	5
chr17_67886708_67886709	chr17	67886708	67886709	136	False	NA
chr17_67886821_67886822	chr17	67886821	67886822	343	True	6
chr17_69249835_69249836	chr17	69249835	69249836	36	False	NA
chr17_72774467_72774468	chr17	72774467	72774468	22	False	NA
chr17_75033939_75033940	chr17	75033939	75033940	5064	True	2
chr17_75034430_75034431	chr17	75034430	75034431	0	False	NA
chr17_75035138_75035139	chr17	75035138	75035139	7681	True	3
chr17_75038942_75038943	chr17	75038942	75038943	0	False	NA
chr17_75038985_75038986	chr17	75038985	75038986	0	False	NA
chr17_75039045_75039046	chr17	75039045	75039046	0	False	NA
chr17_75180398_75180399	chr17	75180398	75180399	168	False	NA
chr17_75208755_75208756	chr17	75208755	75208756	410	True	4
chr17_75209009_75209010	chr17	75209009	75209010	126	False	NA
chr17_75209140_75209141	chr17	75209140	75209141	256	True	5
chr17_75209460_75209461	chr17	75209460	75209461	348	True	4
chr17_75218603_75218604	chr17	75218603	75218604	782	True	1
chr17_75802272_75802273	chr17	75802272	75802273	143	False	NA
chr17_76561756_76561757	chr17	76561756	76561757	8852	True	1
chr17_76734291_76734292	chr17	76734291	76734292	0	False	NA
chr17_76734436_76734437	chr17	76734436	76734437	0	False	NA
chr17_76734784_76734785	chr17	76734784	76734785	0	False	NA
chr17_76734813_76734814	chr17	76734813	76734814	0	False	NA
chr17_76734838_76734839	chr17	76734838	76734839	0	False	NA
chr17_76734863_76734864	chr17	76734863	76734864	0	False	NA
chr17_76734888_76734889	chr17	76734888	76734889	0	False	NA
chr17_76734925_76734926	chr17	76734925	76734926	0	False	NA
chr17_76735009_76735010	chr17	76735009	76735010	0	False	NA
chr17_76735062_76735063	chr17	76735062	76735063	0	False	NA
chr17_76735115_76735116	chr17	76735115	76735116	0	False	NA
chr17_76735218_76735219	chr17	76735218	76735219	0	False	NA
chr17_76735336_76735337	chr17	76735336	76735337	0	False	NA
chr17_76735371_76735372	chr17	76735371	76735372	0	False	NA
chr17_76735508_76735509	chr17	76735508	76735509	0	False	NA
chr17_76735573_76735574	chr17	76735573	76735574	0	False	NA
chr17_76735734_76735735	chr17	76735734	76735735	0	False	NA
chr17_76735761_76735762	chr17	76735761	76735762	0	False	NA
chr17_76736126_76736127	chr17	76736126	76736127	0	False	NA
chr17_76736157_76736158	chr17	76736157	76736158	6	False	NA
chr17_76736200_76736201	chr17	76736200	76736201	12	False	NA
chr17_76736268_76736269	chr17	76736268	76736269	23	False	NA
chr17_77162254_77162255	chr17	77162254	77162255	11	False	NA
chr17_79127408_79127409	chr17	79127408	79127409	20	False	NA
chr17_80350996_80350997	chr17	80350996	80350997	554	True	2
chr17_80382887_80382888	chr17	80382887	80382888	0	False	NA
chr17_80866758_80866759	chr17	80866758	80866759	89	False	NA
chr17_80961726_80961727	chr17	80961726	80961727	4454	True	2
chr17_81044618_81044619	chr17	81044618	81044619	87	False	NA
chr17_81551705_81551706	chr17	81551705	81551706	284	True	2
chr17_82094791_82094792	chr17	82094791	82094792	4269	True	1
chr17_82138548_82138549	chr17	82138548	82138549	277	True	5
chr17_82156294_82156295	chr17	82156294	82156295	831	True	4
chr17_82255428_82255429	chr17	82255428	82255429	0	False	NA
chr17_82522138_82522139	chr17	82522138	82522139	1095	True	1
chr18_183331_183332	chr18	183331	183332	318	True	5
chr18_184201_184202	chr18	184201	184202	205	True	4
chr18_244863_244864	chr18	244863	244864	561	True	2
chr18_669386_669387	chr18	669386	669387	258	True	5
chr18_670057_670058	chr18	670057	670058	337	True	5
chr18_692601_692602	chr18	692601	692602	1532	True	1
chr18_2694639_2694640	chr18	2694639	2694640	0	False	NA
chr18_2697977_2697978	chr18	2697977	2697978	0	False	NA
chr18_2698021_2698022	chr18	2698021	2698022	0	False	NA
chr18_2700614_2700615	chr18	2700614	2700615	0	False	NA
chr18_2700637_2700638	chr18	2700637	2700638	0	False	NA
chr18_2700663_2700664	chr18	2700663	2700664	0	False	NA
chr18_2701040_2701041	chr18	2701040	2701041	51	False	NA
chr18_2701079_2701080	chr18	2701079	2701080	0	False	NA
chr18_2703721_2703722	chr18	2703721	2703722	0	False	NA
chr18_2703758_2703759	chr18	2703758	2703759	0	False	NA
chr18_2703814_2703815	chr18	2703814	2703815	0	False	NA
chr18_2705798_2705799	chr18	2705798	2705799	0	False	NA
chr18_2706380_2706381	chr18	2706380	2706381	0	False	NA
chr18_2707374_2707375	chr18	2707374	2707375	725	True	4
chr18_2707414_2707415	chr18	2707414	2707415	822	True	4
chr18_2718414_2718415	chr18	2718414	2718415	0	False	NA
chr18_2728522_2728523	chr18	2728522	2728523	0	False	NA
chr18_2728577_2728578	chr18	2728577	2728578	0	False	NA
chr18_2729161_2729162	chr18	2729161	2729162	186	False	NA
chr18_2729402_2729403	chr18	2729402	2729403	0	False	NA
chr18_2732294_2732295	chr18	2732294	2732295	0	False	NA
chr18_2732415_2732416	chr18	2732415	2732416	0	False	NA
chr18_2732463_2732464	chr18	2732463	2732464	0	False	NA
chr18_2732536_2732537	chr18	2732536	2732537	629	True	2
chr18_2734660_2734661	chr18	2734660	2734661	632	True	2
chr18_2734763_2734764	chr18	2734763	2734764	1197	True	2
chr18_2735970_2735971	chr18	2735970	2735971	0	False	NA
chr18_2736355_2736356	chr18	2736355	2736356	0	False	NA
chr18_2737462_2737463	chr18	2737462	2737463	0	False	NA
chr18_2738451_2738452	chr18	2738451	2738452	0	False	NA
chr18_2747603_2747604	chr18	2747603	2747604	0	False	NA
chr18_4284265_4284266	chr18	4284265	4284266	54	False	NA
chr18_4284286_4284287	chr18	4284286	4284287	0	False	NA
chr18_9936404_9936405	chr18	9936404	9936405	1537	True	3
chr18_9937233_9937234	chr18	9937233	9937234	1948	True	4
chr18_9937250_9937251	chr18	9937250	9937251	1228	True	4
chr18_9937277_9937278	chr18	9937277	9937278	1244	True	4
chr18_9937331_9937332	chr18	9937331	9937332	1368	True	4
chr18_12633579_12633580	chr18	12633579	12633580	160	False	NA
chr18_13042490_13042491	chr18	13042490	13042491	341	True	2
chr18_14104897_14104898	chr18	14104897	14104898	0	False	NA
chr18_14114942_14114943	chr18	14114942	14114943	116	False	NA
chr18_14120391_14120392	chr18	14120391	14120392	156	False	NA
chr18_21800337_21800338	chr18	21800337	21800338	30	False	NA
chr18_21805916_21805917	chr18	21805916	21805917	298	True	4
chr18_21808786_21808787	chr18	21808786	21808787	260	True	2
chr18_21810016_21810017	chr18	21810016	21810017	94	False	NA
chr18_21810969_21810970	chr18	21810969	21810970	233	True	2
chr18_23205203_23205204	chr18	23205203	23205204	64	False	NA
chr18_26036187_26036188	chr18	26036187	26036188	358	True	5
chr18_26479791_26479792	chr18	26479791	26479792	138	False	NA
chr18_28726236_28726237	chr18	28726236	28726237	0	False	NA
chr18_31644677_31644678	chr18	31644677	31644678	0	False	NA
chr18_35589204_35589205	chr18	35589204	35589205	1653	True	2
chr18_36026790_36026791	chr18	36026790	36026791	1929	True	4
chr18_36026809_36026810	chr18	36026809	36026810	2072	True	4
chr18_36026858_36026859	chr18	36026858	36026859	2631	True	4
chr18_37002242_37002243	chr18	37002242	37002243	35	False	NA
chr18_42046694_42046695	chr18	42046694	42046695	28	False	NA
chr18_42938125_42938126	chr18	42938125	42938126	0	False	NA
chr18_46965051_46965052	chr18	46965051	46965052	0	False	NA
chr18_47861032_47861033	chr18	47861032	47861033	82	False	NA
chr18_49488482_49488483	chr18	49488482	49488483	0	False	NA
chr18_49488511_49488512	chr18	49488511	49488512	0	False	NA
chr18_49488539_49488540	chr18	49488539	49488540	0	False	NA
chr18_49489229_49489230	chr18	49489229	49489230	13873	True	1
chr18_49489245_49489246	chr18	49489245	49489246	0	False	NA
chr18_49489309_49489310	chr18	49489309	49489310	14395	True	1
chr18_49490291_49490292	chr18	49490291	49490292	247	True	5
chr18_49490501_49490502	chr18	49490501	49490502	0	False	NA
chr18_49490515_49490516	chr18	49490515	49490516	0	False	NA
chr18_49490531_49490532	chr18	49490531	49490532	0	False	NA
chr18_49490546_49490547	chr18	49490546	49490547	0	False	NA
chr18_49490897_49490898	chr18	49490897	49490898	0	False	NA
chr18_49490920_49490921	chr18	49490920	49490921	0	False	NA
chr18_49490940_49490941	chr18	49490940	49490941	582	True	2
chr18_49491022_49491023	chr18	49491022	49491023	0	False	NA
chr18_49491058_49491059	chr18	49491058	49491059	564	True	2
chr18_49491105_49491106	chr18	49491105	49491106	0	False	NA
chr18_49491133_49491134	chr18	49491133	49491134	530	True	2
chr18_49491158_49491159	chr18	49491158	49491159	379	True	2
chr18_49491272_49491273	chr18	49491272	49491273	20714	True	1
chr18_49491284_49491285	chr18	49491284	49491285	0	False	NA
chr18_49491348_49491349	chr18	49491348	49491349	21117	True	1
chr18_49491571_49491572	chr18	49491571	49491572	0	False	NA
chr18_49491663_49491664	chr18	49491663	49491664	0	False	NA
chr18_49491686_49491687	chr18	49491686	49491687	0	False	NA
chr18_49814115_49814116	chr18	49814115	49814116	97423	True	1
chr18_49814147_49814148	chr18	49814147	49814148	0	False	NA
chr18_49814320_49814321	chr18	49814320	49814321	107160	True	1
chr18_49814349_49814350	chr18	49814349	49814350	0	False	NA
chr18_49814369_49814370	chr18	49814369	49814370	0	False	NA
chr18_50087823_50087824	chr18	50087823	50087824	0	False	NA
chr18_50392745_50392746	chr18	50392745	50392746	1638	True	4
chr18_54289230_54289231	chr18	54289230	54289231	44	False	NA
chr18_54417818_54417819	chr18	54417818	54417819	0	False	NA
chr18_59582480_59582481	chr18	59582480	59582481	0	False	NA
chr18_62523500_62523501	chr18	62523500	62523501	1035	True	2
chr18_68702011_68702012	chr18	68702011	68702012	170	False	NA
chr18_68702182_68702183	chr18	68702182	68702183	163	False	NA
chr18_70193180_70193181	chr18	70193180	70193181	139	False	NA
chr18_76863602_76863603	chr18	76863602	76863603	15	False	NA
chr18_76864213_76864214	chr18	76864213	76864214	33	False	NA
chr19_807595_807596	chr19	807595	807596	6256	True	3
chr19_932300_932301	chr19	932300	932301	412	True	2
chr19_1258785_1258786	chr19	1258785	1258786	6516	True	1
chr19_1270748_1270749	chr19	1270748	1270749	100	False	NA
chr19_1414837_1414838	chr19	1414837	1414838	1720	True	1
chr19_1422625_1422626	chr19	1422625	1422626	7376	True	1
chr19_1422665_1422666	chr19	1422665	1422666	7242	True	1
chr19_1422864_1422865	chr19	1422864	1422865	3583	True	1
chr19_1579188_1579189	chr19	1579188	1579189	168	False	NA
chr19_1591703_1591704	chr19	1591703	1591704	3095	True	1
chr19_2113344_2113345	chr19	2113344	2113345	943	True	2
chr19_2328217_2328218	chr19	2328217	2328218	0	False	NA
chr19_2328275_2328276	chr19	2328275	2328276	803	True	3
chr19_2809534_2809535	chr19	2809534	2809535	566	True	2
chr19_3194762_3194763	chr19	3194762	3194763	135	False	NA
chr19_4332729_4332730	chr19	4332729	4332730	10	False	NA
chr19_4418219_4418220	chr19	4418219	4418220	251	True	5
chr19_4724142_4724143	chr19	4724142	4724143	0	False	NA
chr19_5078787_5078788	chr19	5078787	5078788	636	True	2
chr19_5205949_5205950	chr19	5205949	5205950	3966	True	3
chr19_5205963_5205964	chr19	5205963	5205964	5246	True	3
chr19_5206060_5206061	chr19	5206060	5206061	2737	True	6
chr19_5206251_5206252	chr19	5206251	5206252	1802	True	6
chr19_5610785_5610786	chr19	5610785	5610786	1567	True	3
chr19_5612036_5612037	chr19	5612036	5612037	2468	True	4
chr19_5612091_5612092	chr19	5612091	5612092	2442	True	4
chr19_5612469_5612470	chr19	5612469	5612470	2546	True	2
chr19_5648138_5648139	chr19	5648138	5648139	1915	True	2
chr19_5648413_5648414	chr19	5648413	5648414	2018	True	3
chr19_5648453_5648454	chr19	5648453	5648454	2280	True	3
chr19_5648466_5648467	chr19	5648466	5648467	2290	True	3
chr19_5648533_5648534	chr19	5648533	5648534	1358	True	4
chr19_5648579_5648580	chr19	5648579	5648580	836	True	2
chr19_5648748_5648749	chr19	5648748	5648749	653	True	2
chr19_5656287_5656288	chr19	5656287	5656288	194	False	NA
chr19_5656593_5656594	chr19	5656593	5656594	392	True	4
chr19_5656782_5656783	chr19	5656782	5656783	213	True	4
chr19_7857658_7857659	chr19	7857658	7857659	14	False	NA
chr19_7928910_7928911	chr19	7928910	7928911	851	True	4
chr19_8455764_8455765	chr19	8455764	8455765	1060	True	3
chr19_8455966_8455967	chr19	8455966	8455967	365	True	5
chr19_8456000_8456001	chr19	8456000	8456001	638	True	4
chr19_10118568_10118569	chr19	10118568	10118569	910	True	3
chr19_10164920_10164921	chr19	10164920	10164921	271	True	4
chr19_10172825_10172826	chr19	10172825	10172826	231	True	5
chr19_10395353_10395354	chr19	10395353	10395354	7743	True	4
chr19_10395416_10395417	chr19	10395416	10395417	7894	True	4
chr19_10681625_10681626	chr19	10681625	10681626	4228	True	3
chr19_10681773_10681774	chr19	10681773	10681774	9292	True	1
chr19_10681980_10681981	chr19	10681980	10681981	12275	True	3
chr19_11044720_11044721	chr19	11044720	11044721	506	True	5
chr19_11044750_11044751	chr19	11044750	11044751	490	True	5
chr19_11045654_11045655	chr19	11045654	11045655	196	False	NA
chr19_11441827_11441828	chr19	11441827	11441828	17	False	NA
chr19_11659846_11659847	chr19	11659846	11659847	70	False	NA
chr19_11669982_11669983	chr19	11669982	11669983	68	False	NA
chr19_12941485_12941486	chr19	12941485	12941486	2071	True	1
chr19_12944259_12944260	chr19	12944259	12944260	0	False	NA
chr19_13767881_13767882	chr19	13767881	13767882	14	False	NA
chr19_15489213_15489214	chr19	15489213	15489214	0	False	NA
chr19_16559903_16559904	chr19	16559903	16559904	45	False	NA
chr19_18422881_18422882	chr19	18422881	18422882	497	True	2
chr19_18575145_18575146	chr19	18575145	18575146	0	False	NA
chr19_18575207_18575208	chr19	18575207	18575208	0	False	NA
chr19_18995026_18995027	chr19	18995026	18995027	5862	True	1
chr19_19531743_19531744	chr19	19531743	19531744	1541	True	3
chr19_20807437_20807438	chr19	20807437	20807438	0	False	NA
chr19_20807505_20807506	chr19	20807505	20807506	152	False	NA
chr19_20807593_20807594	chr19	20807593	20807594	166	False	NA
chr19_21115557_21115558	chr19	21115557	21115558	164	False	NA
chr19_21115878_21115879	chr19	21115878	21115879	62	False	NA
chr19_21116003_21116004	chr19	21116003	21116004	33	False	NA
chr19_21116093_21116094	chr19	21116093	21116094	48	False	NA
chr19_21166874_21166875	chr19	21166874	21166875	95	False	NA
chr19_21173962_21173963	chr19	21173962	21173963	273	True	4
chr19_21399182_21399183	chr19	21399182	21399183	739	True	4
chr19_22694857_22694858	chr19	22694857	22694858	31318	True	1
chr19_22694898_22694899	chr19	22694898	22694899	31318	True	1
chr19_27722794_27722795	chr19	27722794	27722795	74	False	NA
chr19_27722817_27722818	chr19	27722817	27722818	50	False	NA
chr19_27723165_27723166	chr19	27723165	27723166	49	False	NA
chr19_27723312_27723313	chr19	27723312	27723313	55	False	NA
chr19_27723364_27723365	chr19	27723364	27723365	60	False	NA
chr19_27723656_27723657	chr19	27723656	27723657	34	False	NA
chr19_27723681_27723682	chr19	27723681	27723682	34	False	NA
chr19_27723708_27723709	chr19	27723708	27723709	31	False	NA
chr19_27723851_27723852	chr19	27723851	27723852	79	False	NA
chr19_27723903_27723904	chr19	27723903	27723904	85	False	NA
chr19_27724364_27724365	chr19	27724364	27724365	27	False	NA
chr19_27724427_27724428	chr19	27724427	27724428	21	False	NA
chr19_27724459_27724460	chr19	27724459	27724460	33	False	NA
chr19_27724527_27724528	chr19	27724527	27724528	29	False	NA
chr19_27724550_27724551	chr19	27724550	27724551	29	False	NA
chr19_27724830_27724831	chr19	27724830	27724831	10	False	NA
chr19_27724848_27724849	chr19	27724848	27724849	10	False	NA
chr19_27724872_27724873	chr19	27724872	27724873	10	False	NA
chr19_27724898_27724899	chr19	27724898	27724899	19	False	NA
chr19_27724923_27724924	chr19	27724923	27724924	19	False	NA
chr19_27724955_27724956	chr19	27724955	27724956	25	False	NA
chr19_27725017_27725018	chr19	27725017	27725018	27	False	NA
chr19_27725043_27725044	chr19	27725043	27725044	27	False	NA
chr19_27725111_27725112	chr19	27725111	27725112	19	False	NA
chr19_27725189_27725190	chr19	27725189	27725190	22	False	NA
chr19_27725240_27725241	chr19	27725240	27725241	29	False	NA
chr19_27725601_27725602	chr19	27725601	27725602	10	False	NA
chr19_27725627_27725628	chr19	27725627	27725628	10	False	NA
chr19_27725667_27725668	chr19	27725667	27725668	10	False	NA
chr19_27725715_27725716	chr19	27725715	27725716	5	False	NA
chr19_27726110_27726111	chr19	27726110	27726111	40	False	NA
chr19_27726138_27726139	chr19	27726138	27726139	25	False	NA
chr19_27726206_27726207	chr19	27726206	27726207	25	False	NA
chr19_27726259_27726260	chr19	27726259	27726260	5	False	NA
chr19_27726284_27726285	chr19	27726284	27726285	5	False	NA
chr19_27726310_27726311	chr19	27726310	27726311	5	False	NA
chr19_27726337_27726338	chr19	27726337	27726338	0	False	NA
chr19_27726423_27726424	chr19	27726423	27726424	11	False	NA
chr19_27726457_27726458	chr19	27726457	27726458	11	False	NA
chr19_27726484_27726485	chr19	27726484	27726485	11	False	NA
chr19_27726823_27726824	chr19	27726823	27726824	0	False	NA
chr19_27726941_27726942	chr19	27726941	27726942	12	False	NA
chr19_27727770_27727771	chr19	27727770	27727771	139	False	NA
chr19_27728136_27728137	chr19	27728136	27728137	33	False	NA
chr19_27728289_27728290	chr19	27728289	27728290	29	False	NA
chr19_27728312_27728313	chr19	27728312	27728313	11	False	NA
chr19_27728336_27728337	chr19	27728336	27728337	11	False	NA
chr19_27728480_27728481	chr19	27728480	27728481	54	False	NA
chr19_27728508_27728509	chr19	27728508	27728509	54	False	NA
chr19_27728626_27728627	chr19	27728626	27728627	6	False	NA
chr19_27728650_27728651	chr19	27728650	27728651	6	False	NA
chr19_27728673_27728674	chr19	27728673	27728674	6	False	NA
chr19_27728799_27728800	chr19	27728799	27728800	18	False	NA
chr19_27728823_27728824	chr19	27728823	27728824	18	False	NA
chr19_27728959_27728960	chr19	27728959	27728960	11	False	NA
chr19_27728995_27728996	chr19	27728995	27728996	11	False	NA
chr19_27729024_27729025	chr19	27729024	27729025	11	False	NA
chr19_27729173_27729174	chr19	27729173	27729174	12	False	NA
chr19_27729313_27729314	chr19	27729313	27729314	17	False	NA
chr19_27729413_27729414	chr19	27729413	27729414	11	False	NA
chr19_27729546_27729547	chr19	27729546	27729547	6	False	NA
chr19_27729723_27729724	chr19	27729723	27729724	7	False	NA
chr19_27729840_27729841	chr19	27729840	27729841	12	False	NA
chr19_27729865_27729866	chr19	27729865	27729866	12	False	NA
chr19_27729915_27729916	chr19	27729915	27729916	5	False	NA
chr19_27730159_27730160	chr19	27730159	27730160	91	False	NA
chr19_27730257_27730258	chr19	27730257	27730258	110	False	NA
chr19_27730374_27730375	chr19	27730374	27730375	93	False	NA
chr19_27730489_27730490	chr19	27730489	27730490	30	False	NA
chr19_27730525_27730526	chr19	27730525	27730526	30	False	NA
chr19_27730552_27730553	chr19	27730552	27730553	35	False	NA
chr19_27730972_27730973	chr19	27730972	27730973	39	False	NA
chr19_27731071_27731072	chr19	27731071	27731072	55	False	NA
chr19_27731389_27731390	chr19	27731389	27731390	125	False	NA
chr19_27731413_27731414	chr19	27731413	27731414	69	False	NA
chr19_27731587_27731588	chr19	27731587	27731588	13	False	NA
chr19_27731727_27731728	chr19	27731727	27731728	22	False	NA
chr19_27731757_27731758	chr19	27731757	27731758	22	False	NA
chr19_27731783_27731784	chr19	27731783	27731784	22	False	NA
chr19_27731908_27731909	chr19	27731908	27731909	12	False	NA
chr19_27731933_27731934	chr19	27731933	27731934	12	False	NA
chr19_27731959_27731960	chr19	27731959	27731960	12	False	NA
chr19_27732101_27732102	chr19	27732101	27732102	0	False	NA
chr19_27732256_27732257	chr19	27732256	27732257	12	False	NA
chr19_27774005_27774006	chr19	27774005	27774006	134	False	NA
chr19_27774711_27774712	chr19	27774711	27774712	129	False	NA
chr19_27774774_27774775	chr19	27774774	27774775	98	False	NA
chr19_27775433_27775434	chr19	27775433	27775434	66	False	NA
chr19_27776896_27776897	chr19	27776896	27776897	300	True	2
chr19_27776933_27776934	chr19	27776933	27776934	296	True	2
chr19_28701977_28701978	chr19	28701977	28701978	150	False	NA
chr19_28724765_28724766	chr19	28724765	28724766	397	True	2
chr19_29956836_29956837	chr19	29956836	29956837	200	True	6
chr19_29957902_29957903	chr19	29957902	29957903	173	False	NA
chr19_29970152_29970153	chr19	29970152	29970153	431	True	4
chr19_30005851_30005852	chr19	30005851	30005852	201	True	5
chr19_30009413_30009414	chr19	30009413	30009414	1057	True	2
chr19_30011644_30011645	chr19	30011644	30011645	189	False	NA
chr19_30012558_30012559	chr19	30012558	30012559	1500	True	2
chr19_30012635_30012636	chr19	30012635	30012636	592	True	2
chr19_30013548_30013549	chr19	30013548	30013549	272	True	5
chr19_30013663_30013664	chr19	30013663	30013664	376	True	5
chr19_30013730_30013731	chr19	30013730	30013731	332	True	5
chr19_30013751_30013752	chr19	30013751	30013752	332	True	5
chr19_30013941_30013942	chr19	30013941	30013942	568	True	4
chr19_30013968_30013969	chr19	30013968	30013969	562	True	4
chr19_30014333_30014334	chr19	30014333	30014334	501	True	5
chr19_30014353_30014354	chr19	30014353	30014354	409	True	5
chr19_30014557_30014558	chr19	30014557	30014558	1212	True	5
chr19_30014627_30014628	chr19	30014627	30014628	1467	True	5
chr19_30014661_30014662	chr19	30014661	30014662	982	True	5
chr19_32423039_32423040	chr19	32423039	32423040	50	False	NA
chr19_32423138_32423139	chr19	32423138	32423139	44	False	NA
chr19_32468724_32468725	chr19	32468724	32468725	482	True	5
chr19_32583467_32583468	chr19	32583467	32583468	351	True	3
chr19_33796842_33796843	chr19	33796842	33796843	3320	True	3
chr19_34201834_34201835	chr19	34201834	34201835	259	True	5
chr19_34202193_34202194	chr19	34202193	34202194	425	True	6
chr19_34205865_34205866	chr19	34205865	34205866	383	True	2
chr19_34206087_34206088	chr19	34206087	34206088	150	False	NA
chr19_34206168_34206169	chr19	34206168	34206169	366	True	2
chr19_34214938_34214939	chr19	34214938	34214939	127	False	NA
chr19_34217641_34217642	chr19	34217641	34217642	430	True	3
chr19_34218008_34218009	chr19	34218008	34218009	158	False	NA
chr19_34219232_34219233	chr19	34219232	34219233	331	True	2
chr19_34431263_34431264	chr19	34431263	34431264	1316	True	3
chr19_34444062_34444063	chr19	34444062	34444063	993	True	6
chr19_34449768_34449769	chr19	34449768	34449769	729	True	5
chr19_34450763_34450764	chr19	34450763	34450764	481	True	4
chr19_34451972_34451973	chr19	34451972	34451973	1539	True	2
chr19_34454431_34454432	chr19	34454431	34454432	1812	True	4
chr19_34460465_34460466	chr19	34460465	34460466	1326	True	2
chr19_35540932_35540933	chr19	35540932	35540933	0	False	NA
chr19_36215666_36215667	chr19	36215666	36215667	558	True	4
chr19_36215717_36215718	chr19	36215717	36215718	0	False	NA
chr19_36218477_36218478	chr19	36218477	36218478	648	True	3
chr19_36218809_36218810	chr19	36218809	36218810	658	True	1
chr19_36223979_36223980	chr19	36223979	36223980	507	True	5
chr19_36235683_36235684	chr19	36235683	36235684	0	False	NA
chr19_36235704_36235705	chr19	36235704	36235705	0	False	NA
chr19_36235776_36235777	chr19	36235776	36235777	0	False	NA
chr19_36235837_36235838	chr19	36235837	36235838	0	False	NA
chr19_36235863_36235864	chr19	36235863	36235864	0	False	NA
chr19_36235892_36235893	chr19	36235892	36235893	0	False	NA
chr19_36235949_36235950	chr19	36235949	36235950	0	False	NA
chr19_36235982_36235983	chr19	36235982	36235983	0	False	NA
chr19_36236134_36236135	chr19	36236134	36236135	0	False	NA
chr19_36236257_36236258	chr19	36236257	36236258	0	False	NA
chr19_36236273_36236274	chr19	36236273	36236274	0	False	NA
chr19_36236287_36236288	chr19	36236287	36236288	0	False	NA
chr19_36236369_36236370	chr19	36236369	36236370	0	False	NA
chr19_36236414_36236415	chr19	36236414	36236415	0	False	NA
chr19_36236465_36236466	chr19	36236465	36236466	0	False	NA
chr19_36236485_36236486	chr19	36236485	36236486	0	False	NA
chr19_36236507_36236508	chr19	36236507	36236508	0	False	NA
chr19_36236565_36236566	chr19	36236565	36236566	0	False	NA
chr19_36236694_36236695	chr19	36236694	36236695	0	False	NA
chr19_36236752_36236753	chr19	36236752	36236753	0	False	NA
chr19_36236799_36236800	chr19	36236799	36236800	0	False	NA
chr19_36236842_36236843	chr19	36236842	36236843	0	False	NA
chr19_36237044_36237045	chr19	36237044	36237045	0	False	NA
chr19_36237077_36237078	chr19	36237077	36237078	0	False	NA
chr19_36237364_36237365	chr19	36237364	36237365	0	False	NA
chr19_36237545_36237546	chr19	36237545	36237546	0	False	NA
chr19_36237642_36237643	chr19	36237642	36237643	0	False	NA
chr19_36237681_36237682	chr19	36237681	36237682	0	False	NA
chr19_36237705_36237706	chr19	36237705	36237706	0	False	NA
chr19_36237750_36237751	chr19	36237750	36237751	0	False	NA
chr19_36237825_36237826	chr19	36237825	36237826	0	False	NA
chr19_36237848_36237849	chr19	36237848	36237849	0	False	NA
chr19_36237872_36237873	chr19	36237872	36237873	0	False	NA
chr19_36237888_36237889	chr19	36237888	36237889	0	False	NA
chr19_36237934_36237935	chr19	36237934	36237935	0	False	NA
chr19_36237968_36237969	chr19	36237968	36237969	0	False	NA
chr19_36237985_36237986	chr19	36237985	36237986	0	False	NA
chr19_36238087_36238088	chr19	36238087	36238088	0	False	NA
chr19_36238105_36238106	chr19	36238105	36238106	0	False	NA
chr19_36238350_36238351	chr19	36238350	36238351	0	False	NA
chr19_36238452_36238453	chr19	36238452	36238453	0	False	NA
chr19_36238474_36238475	chr19	36238474	36238475	0	False	NA
chr19_36238538_36238539	chr19	36238538	36238539	0	False	NA
chr19_36238607_36238608	chr19	36238607	36238608	0	False	NA
chr19_36238624_36238625	chr19	36238624	36238625	0	False	NA
chr19_36587234_36587235	chr19	36587234	36587235	0	False	NA
chr19_36587272_36587273	chr19	36587272	36587273	127	False	NA
chr19_36719152_36719153	chr19	36719152	36719153	5	False	NA
chr19_36719242_36719243	chr19	36719242	36719243	0	False	NA
chr19_36719382_36719383	chr19	36719382	36719383	0	False	NA
chr19_36719623_36719624	chr19	36719623	36719624	0	False	NA
chr19_36802451_36802452	chr19	36802451	36802452	37	False	NA
chr19_36889729_36889730	chr19	36889729	36889730	14	False	NA
chr19_36890153_36890154	chr19	36890153	36890154	0	False	NA
chr19_36890195_36890196	chr19	36890195	36890196	0	False	NA
chr19_36891419_36891420	chr19	36891419	36891420	0	False	NA
chr19_37118929_37118930	chr19	37118929	37118930	9	False	NA
chr19_37127342_37127343	chr19	37127342	37127343	0	False	NA
chr19_37127472_37127473	chr19	37127472	37127473	0	False	NA
chr19_37203485_37203486	chr19	37203485	37203486	5	False	NA
chr19_37254879_37254880	chr19	37254879	37254880	39	False	NA
chr19_37326679_37326680	chr19	37326679	37326680	157	False	NA
chr19_37361123_37361124	chr19	37361123	37361124	135	False	NA
chr19_37566000_37566001	chr19	37566000	37566001	0	False	NA
chr19_37636395_37636396	chr19	37636395	37636396	455	True	2
chr19_37642619_37642620	chr19	37642619	37642620	13	False	NA
chr19_38841825_38841826	chr19	38841825	38841826	1514	True	3
chr19_38842178_38842179	chr19	38842178	38842179	2643	True	3
chr19_38842327_38842328	chr19	38842327	38842328	701	True	4
chr19_38842439_38842440	chr19	38842439	38842440	710	True	6
chr19_38947593_38947594	chr19	38947593	38947594	302	True	5
chr19_38951523_38951524	chr19	38951523	38951524	1137	True	6
chr19_38962110_38962111	chr19	38962110	38962111	887	True	6
chr19_38974638_38974639	chr19	38974638	38974639	563	True	6
chr19_39435309_39435310	chr19	39435309	39435310	2534	True	3
chr19_39445037_39445038	chr19	39445037	39445038	0	False	NA
chr19_39980224_39980225	chr19	39980224	39980225	1500	True	2
chr19_40037683_40037684	chr19	40037683	40037684	737	True	2
chr19_40038774_40038775	chr19	40038774	40038775	13	False	NA
chr19_40040567_40040568	chr19	40040567	40040568	160	False	NA
chr19_40047078_40047079	chr19	40047078	40047079	894	True	6
chr19_40273344_40273345	chr19	40273344	40273345	145	False	NA
chr19_40279656_40279657	chr19	40279656	40279657	1769	True	1
chr19_41301700_41301701	chr19	41301700	41301701	0	False	NA
chr19_41467796_41467797	chr19	41467796	41467797	958	True	2
chr19_41564223_41564224	chr19	41564223	41564224	0	False	NA
chr19_41830309_41830310	chr19	41830309	41830310	0	False	NA
chr19_43906183_43906184	chr19	43906183	43906184	28	False	NA
chr19_43907523_43907524	chr19	43907523	43907524	11	False	NA
chr19_43910574_43910575	chr19	43910574	43910575	37	False	NA
chr19_43914650_43914651	chr19	43914650	43914651	6	False	NA
chr19_43968286_43968287	chr19	43968286	43968287	115	False	NA
chr19_43968338_43968339	chr19	43968338	43968339	135	False	NA
chr19_43968681_43968682	chr19	43968681	43968682	53	False	NA
chr19_43969361_43969362	chr19	43969361	43969362	212	True	5
chr19_43970763_43970764	chr19	43970763	43970764	73	False	NA
chr19_43970781_43970782	chr19	43970781	43970782	80	False	NA
chr19_43971718_43971719	chr19	43971718	43971719	0	False	NA
chr19_43971827_43971828	chr19	43971827	43971828	37	False	NA
chr19_43971960_43971961	chr19	43971960	43971961	84	False	NA
chr19_43972211_43972212	chr19	43972211	43972212	47	False	NA
chr19_43972611_43972612	chr19	43972611	43972612	12	False	NA
chr19_43972671_43972672	chr19	43972671	43972672	6	False	NA
chr19_43973901_43973902	chr19	43973901	43973902	13	False	NA
chr19_43974646_43974647	chr19	43974646	43974647	0	False	NA
chr19_44169020_44169021	chr19	44169020	44169021	144	False	NA
chr19_44215182_44215183	chr19	44215182	44215183	121	False	NA
chr19_44215319_44215320	chr19	44215319	44215320	220	True	2
chr19_44234745_44234746	chr19	44234745	44234746	0	False	NA
chr19_44234839_44234840	chr19	44234839	44234840	0	False	NA
chr19_44234868_44234869	chr19	44234868	44234869	0	False	NA
chr19_44234888_44234889	chr19	44234888	44234889	0	False	NA
chr19_44235024_44235025	chr19	44235024	44235025	0	False	NA
chr19_44235075_44235076	chr19	44235075	44235076	0	False	NA
chr19_44235098_44235099	chr19	44235098	44235099	0	False	NA
chr19_44235121_44235122	chr19	44235121	44235122	0	False	NA
chr19_44235259_44235260	chr19	44235259	44235260	0	False	NA
chr19_44235318_44235319	chr19	44235318	44235319	5	False	NA
chr19_44235351_44235352	chr19	44235351	44235352	5	False	NA
chr19_44235400_44235401	chr19	44235400	44235401	5	False	NA
chr19_44235453_44235454	chr19	44235453	44235454	5	False	NA
chr19_44235520_44235521	chr19	44235520	44235521	0	False	NA
chr19_44235569_44235570	chr19	44235569	44235570	0	False	NA
chr19_44235603_44235604	chr19	44235603	44235604	0	False	NA
chr19_44235654_44235655	chr19	44235654	44235655	0	False	NA
chr19_44235986_44235987	chr19	44235986	44235987	0	False	NA
chr19_44236038_44236039	chr19	44236038	44236039	0	False	NA
chr19_44236100_44236101	chr19	44236100	44236101	0	False	NA
chr19_44236823_44236824	chr19	44236823	44236824	8	False	NA
chr19_44237058_44237059	chr19	44237058	44237059	0	False	NA
chr19_44237214_44237215	chr19	44237214	44237215	0	False	NA
chr19_44252911_44252912	chr19	44252911	44252912	5	False	NA
chr19_44666826_44666827	chr19	44666826	44666827	214	True	2
chr19_44666856_44666857	chr19	44666856	44666857	0	False	NA
chr19_45478652_45478653	chr19	45478652	45478653	4451	True	3
chr19_47608786_47608787	chr19	47608786	47608787	5	False	NA
chr19_50800760_50800761	chr19	50800760	50800761	743	True	1
chr19_51002509_51002510	chr19	51002509	51002510	0	False	NA
chr19_53413616_53413617	chr19	53413616	53413617	291	True	5
chr19_54163376_54163377	chr19	54163376	54163377	0	False	NA
chr19_57859009_57859010	chr19	57859009	57859010	0	False	NA
chr19_58261692_58261693	chr19	58261692	58261693	11	False	NA
chr2_2073997_2073998	chr2	2073997	2073998	0	False	NA
chr2_3323113_3323114	chr2	3323113	3323114	220	True	5
chr2_3473493_3473494	chr2	3473493	3473494	1519	True	6
chr2_10206922_10206923	chr2	10206922	10206923	241	True	2
chr2_10211430_10211431	chr2	10211430	10211431	134	False	NA
chr2_11190322_11190323	chr2	11190322	11190323	541	True	5
chr2_11190369_11190370	chr2	11190369	11190370	653	True	5
chr2_11269517_11269518	chr2	11269517	11269518	864	True	6
chr2_15732398_15732399	chr2	15732398	15732399	0	False	NA
chr2_17756604_17756605	chr2	17756604	17756605	182	False	NA
chr2_17757395_17757396	chr2	17757395	17757396	379	True	4
chr2_17759595_17759596	chr2	17759595	17759596	780	True	5
chr2_17761474_17761475	chr2	17761474	17761475	0	False	NA
chr2_21606350_21606351	chr2	21606350	21606351	0	False	NA
chr2_23455624_23455625	chr2	23455624	23455625	0	False	NA
chr2_24896389_24896390	chr2	24896389	24896390	28	False	NA
chr2_26124411_26124412	chr2	26124411	26124412	267	True	5
chr2_27050834_27050835	chr2	27050834	27050835	40638	True	1
chr2_27050855_27050856	chr2	27050855	27050856	40645	True	1
chr2_27392099_27392100	chr2	27392099	27392100	330	True	2
chr2_28905678_28905679	chr2	28905678	28905679	397	True	5
chr2_28906120_28906121	chr2	28906120	28906121	236	True	2
chr2_28906447_28906448	chr2	28906447	28906448	1495	True	2
chr2_28917560_28917561	chr2	28917560	28917561	214	True	2
chr2_28929176_28929177	chr2	28929176	28929177	529	True	2
chr2_28929366_28929367	chr2	28929366	28929367	209	True	5
chr2_28929511_28929512	chr2	28929511	28929512	1286	True	2
chr2_28929531_28929532	chr2	28929531	28929532	1552	True	2
chr2_32435441_32435442	chr2	32435441	32435442	1178	True	5
chr2_32448793_32448794	chr2	32448793	32448794	1142	True	2
chr2_32471688_32471689	chr2	32471688	32471689	497	True	5
chr2_32477859_32477860	chr2	32477859	32477860	56	False	NA
chr2_32511225_32511226	chr2	32511225	32511226	41	False	NA
chr2_32511242_32511243	chr2	32511242	32511243	33	False	NA
chr2_32511321_32511322	chr2	32511321	32511322	28	False	NA
chr2_32519144_32519145	chr2	32519144	32519145	199	False	NA
chr2_32519524_32519525	chr2	32519524	32519525	1146	True	3
chr2_32525867_32525868	chr2	32525867	32525868	260	True	2
chr2_32916247_32916248	chr2	32916247	32916248	22062	True	1
chr2_33164419_33164420	chr2	33164419	33164420	0	False	NA
chr2_33711850_33711851	chr2	33711850	33711851	0	False	NA
chr2_37202649_37202650	chr2	37202649	37202650	155	False	NA
chr2_37214900_37214901	chr2	37214900	37214901	0	False	NA
chr2_38296714_38296715	chr2	38296714	38296715	1493	True	3
chr2_38296799_38296800	chr2	38296799	38296800	1431	True	3
chr2_38296839_38296840	chr2	38296839	38296840	616	True	5
chr2_38296862_38296863	chr2	38296862	38296863	646	True	5
chr2_38296905_38296906	chr2	38296905	38296906	357	True	5
chr2_38296929_38296930	chr2	38296929	38296930	389	True	5
chr2_38296953_38296954	chr2	38296953	38296954	311	True	5
chr2_38297061_38297062	chr2	38297061	38297062	464	True	5
chr2_38297172_38297173	chr2	38297172	38297173	618	True	4
chr2_38297221_38297222	chr2	38297221	38297222	864	True	4
chr2_38297260_38297261	chr2	38297260	38297261	827	True	4
chr2_38297322_38297323	chr2	38297322	38297323	742	True	5
chr2_38297362_38297363	chr2	38297362	38297363	662	True	5
chr2_38297392_38297393	chr2	38297392	38297393	1026	True	4
chr2_38297423_38297424	chr2	38297423	38297424	830	True	4
chr2_38297550_38297551	chr2	38297550	38297551	1279	True	6
chr2_38297762_38297763	chr2	38297762	38297763	1010	True	5
chr2_38297822_38297823	chr2	38297822	38297823	1225	True	5
chr2_38297859_38297860	chr2	38297859	38297860	1192	True	5
chr2_38297968_38297969	chr2	38297968	38297969	747	True	5
chr2_38748742_38748743	chr2	38748742	38748743	3512	True	3
chr2_38748823_38748824	chr2	38748823	38748824	1967	True	4
chr2_38748869_38748870	chr2	38748869	38748870	2416	True	4
chr2_38748892_38748893	chr2	38748892	38748893	2664	True	5
chr2_38748945_38748946	chr2	38748945	38748946	2678	True	5
chr2_38748960_38748961	chr2	38748960	38748961	3133	True	5
chr2_38748986_38748987	chr2	38748986	38748987	2978	True	6
chr2_38749014_38749015	chr2	38749014	38749015	3081	True	6
chr2_38749054_38749055	chr2	38749054	38749055	3306	True	6
chr2_38749105_38749106	chr2	38749105	38749106	3122	True	6
chr2_38749182_38749183	chr2	38749182	38749183	2732	True	4
chr2_38749260_38749261	chr2	38749260	38749261	3026	True	4
chr2_38749300_38749301	chr2	38749300	38749301	2759	True	2
chr2_38749317_38749318	chr2	38749317	38749318	2780	True	2
chr2_38749447_38749448	chr2	38749447	38749448	2469	True	4
chr2_38749475_38749476	chr2	38749475	38749476	3542	True	4
chr2_38749496_38749497	chr2	38749496	38749497	3664	True	4
chr2_38749519_38749520	chr2	38749519	38749520	3882	True	4
chr2_38851969_38851970	chr2	38851969	38851970	37	False	NA
chr2_42688626_42688627	chr2	42688626	42688627	131	False	NA
chr2_43301952_43301953	chr2	43301952	43301953	12	False	NA
chr2_43959887_43959888	chr2	43959887	43959888	1501	True	1
chr2_43971490_43971491	chr2	43971490	43971491	370	True	6
chr2_43975900_43975901	chr2	43975900	43975901	607	True	3
chr2_44425589_44425590	chr2	44425589	44425590	180	False	NA
chr2_44425626_44425627	chr2	44425626	44425627	165	False	NA
chr2_47162178_47162179	chr2	47162178	47162179	299	True	2
chr2_47484448_47484449	chr2	47484448	47484449	126	False	NA
chr2_47798719_47798720	chr2	47798719	47798720	5	False	NA
chr2_47798991_47798992	chr2	47798991	47798992	11	False	NA
chr2_47799019_47799020	chr2	47799019	47799020	11	False	NA
chr2_47799042_47799043	chr2	47799042	47799043	11	False	NA
chr2_47799797_47799798	chr2	47799797	47799798	16	False	NA
chr2_47800166_47800167	chr2	47800166	47800167	11	False	NA
chr2_47800630_47800631	chr2	47800630	47800631	0	False	NA
chr2_47800673_47800674	chr2	47800673	47800674	0	False	NA
chr2_47801034_47801035	chr2	47801034	47801035	5	False	NA
chr2_47801069_47801070	chr2	47801069	47801070	5	False	NA
chr2_47801095_47801096	chr2	47801095	47801096	5	False	NA
chr2_47801381_47801382	chr2	47801381	47801382	331	True	4
chr2_47802348_47802349	chr2	47802348	47802349	306	True	5
chr2_47802654_47802655	chr2	47802654	47802655	111	False	NA
chr2_47802737_47802738	chr2	47802737	47802738	18	False	NA
chr2_47803619_47803620	chr2	47803619	47803620	5	False	NA
chr2_49220566_49220567	chr2	49220566	49220567	0	False	NA
chr2_49220587_49220588	chr2	49220587	49220588	125	False	NA
chr2_50399854_50399855	chr2	50399854	50399855	0	False	NA
chr2_54668740_54668741	chr2	54668740	54668741	0	False	NA
chr2_54941812_54941813	chr2	54941812	54941813	0	False	NA
chr2_55209329_55209330	chr2	55209329	55209330	33	False	NA
chr2_55309186_55309187	chr2	55309186	55309187	0	False	NA
chr2_55318968_55318969	chr2	55318968	55318969	0	False	NA
chr2_55332575_55332576	chr2	55332575	55332576	6	False	NA
chr2_55334152_55334153	chr2	55334152	55334153	0	False	NA
chr2_55334199_55334200	chr2	55334199	55334200	0	False	NA
chr2_55334262_55334263	chr2	55334262	55334263	0	False	NA
chr2_55334368_55334369	chr2	55334368	55334369	0	False	NA
chr2_55334404_55334405	chr2	55334404	55334405	0	False	NA
chr2_55334489_55334490	chr2	55334489	55334490	0	False	NA
chr2_55334734_55334735	chr2	55334734	55334735	0	False	NA
chr2_55334773_55334774	chr2	55334773	55334774	0	False	NA
chr2_55334792_55334793	chr2	55334792	55334793	0	False	NA
chr2_55334875_55334876	chr2	55334875	55334876	0	False	NA
chr2_55343678_55343679	chr2	55343678	55343679	0	False	NA
chr2_55344429_55344430	chr2	55344429	55344430	0	False	NA
chr2_55672475_55672476	chr2	55672475	55672476	71	False	NA
chr2_55672774_55672775	chr2	55672774	55672775	312	True	2
chr2_55672858_55672859	chr2	55672858	55672859	408	True	2
chr2_58190468_58190469	chr2	58190468	58190469	389	True	5
chr2_58192854_58192855	chr2	58192854	58192855	298	True	5
chr2_61185859_61185860	chr2	61185859	61185860	2772	True	6
chr2_61220160_61220161	chr2	61220160	61220161	755	True	5
chr2_61223849_61223850	chr2	61223849	61223850	499	True	5
chr2_61224134_61224135	chr2	61224134	61224135	540	True	5
chr2_61224703_61224704	chr2	61224703	61224704	344	True	5
chr2_61224721_61224722	chr2	61224721	61224722	371	True	5
chr2_61478523_61478524	chr2	61478523	61478524	0	False	NA
chr2_61478595_61478596	chr2	61478595	61478596	7	False	NA
chr2_61478887_61478888	chr2	61478887	61478888	0	False	NA
chr2_61482525_61482526	chr2	61482525	61482526	5	False	NA
chr2_61492290_61492291	chr2	61492290	61492291	4462	True	4
chr2_61492882_61492883	chr2	61492882	61492883	1762	True	4
chr2_61493116_61493117	chr2	61493116	61493117	1429	True	4
chr2_61493261_61493262	chr2	61493261	61493262	623	True	4
chr2_61493285_61493286	chr2	61493285	61493286	596	True	4
chr2_61493316_61493317	chr2	61493316	61493317	354	True	4
chr2_61493339_61493340	chr2	61493339	61493340	354	True	4
chr2_61493511_61493512	chr2	61493511	61493512	1302	True	3
chr2_61500583_61500584	chr2	61500583	61500584	604	True	3
chr2_61516132_61516133	chr2	61516132	61516133	1402	True	1
chr2_61516312_61516313	chr2	61516312	61516313	758	True	1
chr2_61526174_61526175	chr2	61526174	61526175	1434	True	4
chr2_61526294_61526295	chr2	61526294	61526295	880	True	2
chr2_61876134_61876135	chr2	61876134	61876135	0	False	NA
chr2_61888147_61888148	chr2	61888147	61888148	1246	True	5
chr2_70225032_70225033	chr2	70225032	70225033	2063	True	6
chr2_71332997_71332998	chr2	71332997	71332998	634	True	4
chr2_71348414_71348415	chr2	71348414	71348415	1325	True	2
chr2_71370062_71370063	chr2	71370062	71370063	1757	True	6
chr2_71373458_71373459	chr2	71373458	71373459	2104	True	1
chr2_71379778_71379779	chr2	71379778	71379779	541	True	5
chr2_71401132_71401133	chr2	71401132	71401133	92	False	NA
chr2_71401944_71401945	chr2	71401944	71401945	814	True	2
chr2_71406285_71406286	chr2	71406285	71406286	1987	True	2
chr2_71411006_71411007	chr2	71411006	71411007	857	True	3
chr2_71427440_71427441	chr2	71427440	71427441	851	True	2
chr2_71427886_71427887	chr2	71427886	71427887	232	True	2
chr2_75687876_75687877	chr2	75687876	75687877	0	False	NA
chr2_75689098_75689099	chr2	75689098	75689099	0	False	NA
chr2_75689125_75689126	chr2	75689125	75689126	0	False	NA
chr2_75689150_75689151	chr2	75689150	75689151	0	False	NA
chr2_75693452_75693453	chr2	75693452	75693453	55	False	NA
chr2_77548087_77548088	chr2	77548087	77548088	104	False	NA
chr2_79357417_79357418	chr2	79357417	79357418	0	False	NA
chr2_85542006_85542007	chr2	85542006	85542007	2779	True	2
chr2_85542444_85542445	chr2	85542444	85542445	6886	True	3
chr2_85542758_85542759	chr2	85542758	85542759	7507	True	3
chr2_86130851_86130852	chr2	86130851	86130852	1155	True	5
chr2_86132635_86132636	chr2	86132635	86132636	664	True	4
chr2_86132754_86132755	chr2	86132754	86132755	803	True	4
chr2_95819069_95819070	chr2	95819069	95819070	180	False	NA
chr2_95820356_95820357	chr2	95820356	95820357	179	False	NA
chr2_95824409_95824410	chr2	95824409	95824410	393	True	2
chr2_95825434_95825435	chr2	95825434	95825435	348	True	2
chr2_95827002_95827003	chr2	95827002	95827003	660	True	2
chr2_95827692_95827693	chr2	95827692	95827693	523	True	2
chr2_95883669_95883670	chr2	95883669	95883670	38	False	NA
chr2_97163588_97163589	chr2	97163588	97163589	155	False	NA
chr2_97197125_97197126	chr2	97197125	97197126	15	False	NA
chr2_97197221_97197222	chr2	97197221	97197222	26	False	NA
chr2_97197366_97197367	chr2	97197366	97197367	79	False	NA
chr2_97197486_97197487	chr2	97197486	97197487	27	False	NA
chr2_97197774_97197775	chr2	97197774	97197775	143	False	NA
chr2_97200860_97200861	chr2	97200860	97200861	41	False	NA
chr2_97200964_97200965	chr2	97200964	97200965	63	False	NA
chr2_97201019_97201020	chr2	97201019	97201020	57	False	NA
chr2_97202414_97202415	chr2	97202414	97202415	255	True	2
chr2_97202971_97202972	chr2	97202971	97202972	167	False	NA
chr2_97203048_97203049	chr2	97203048	97203049	188	False	NA
chr2_97203474_97203475	chr2	97203474	97203475	236	True	2
chr2_97206472_97206473	chr2	97206472	97206473	72	False	NA
chr2_97206694_97206695	chr2	97206694	97206695	59	False	NA
chr2_97206713_97206714	chr2	97206713	97206714	59	False	NA
chr2_97206828_97206829	chr2	97206828	97206829	25	False	NA
chr2_97209472_97209473	chr2	97209472	97209473	293	True	5
chr2_97209902_97209903	chr2	97209902	97209903	706	True	2
chr2_97210004_97210005	chr2	97210004	97210005	401	True	2
chr2_97210169_97210170	chr2	97210169	97210170	372	True	2
chr2_97210183_97210184	chr2	97210183	97210184	365	True	2
chr2_97210214_97210215	chr2	97210214	97210215	378	True	2
chr2_97210312_97210313	chr2	97210312	97210313	235	True	2
chr2_97210370_97210371	chr2	97210370	97210371	758	True	6
chr2_97210432_97210433	chr2	97210432	97210433	795	True	6
chr2_97210448_97210449	chr2	97210448	97210449	795	True	6
chr2_97211306_97211307	chr2	97211306	97211307	805	True	6
chr2_97212321_97212322	chr2	97212321	97212322	214	True	5
chr2_97549070_97549071	chr2	97549070	97549071	265	True	2
chr2_101007299_101007300	chr2	101007299	101007300	284	True	2
chr2_101007380_101007381	chr2	101007380	101007381	805	True	6
chr2_101008332_101008333	chr2	101008332	101008333	905	True	5
chr2_101008365_101008366	chr2	101008365	101008366	108	False	NA
chr2_101008373_101008374	chr2	101008373	101008374	1005	True	5
chr2_101008391_101008392	chr2	101008391	101008392	74	False	NA
chr2_101008426_101008427	chr2	101008426	101008427	47	False	NA
chr2_101010968_101010969	chr2	101010968	101010969	323	True	5
chr2_101017438_101017439	chr2	101017438	101017439	134	False	NA
chr2_101018056_101018057	chr2	101018056	101018057	36	False	NA
chr2_101286685_101286686	chr2	101286685	101286686	379	True	5
chr2_108751859_108751860	chr2	108751859	108751860	414	True	2
chr2_108774713_108774714	chr2	108774713	108774714	101	False	NA
chr2_108869058_108869059	chr2	108869058	108869059	141	False	NA
chr2_111510248_111510249	chr2	111510248	111510249	0	False	NA
chr2_111510268_111510269	chr2	111510268	111510269	0	False	NA
chr2_111832309_111832310	chr2	111832309	111832310	199	False	NA
chr2_111879881_111879882	chr2	111879881	111879882	416	True	3
chr2_113720007_113720008	chr2	113720007	113720008	879	True	5
chr2_113720045_113720046	chr2	113720045	113720046	878	True	5
chr2_114937536_114937537	chr2	114937536	114937537	0	False	NA
chr2_117826055_117826056	chr2	117826055	117826056	253	True	5
chr2_118089586_118089587	chr2	118089586	118089587	14915	True	1
chr2_119901027_119901028	chr2	119901027	119901028	121	False	NA
chr2_121530952_121530953	chr2	121530952	121530953	0	False	NA
chr2_121530998_121530999	chr2	121530998	121530999	10	False	NA
chr2_121727682_121727683	chr2	121727682	121727683	0	False	NA
chr2_121727724_121727725	chr2	121727724	121727725	0	False	NA
chr2_127307326_127307327	chr2	127307326	127307327	0	False	NA
chr2_127346951_127346952	chr2	127346951	127346952	0	False	NA
chr2_127496078_127496079	chr2	127496078	127496079	0	False	NA
chr2_132255588_132255589	chr2	132255588	132255589	64788	True	1
chr2_132255601_132255602	chr2	132255601	132255602	64819	True	1
chr2_132256115_132256116	chr2	132256115	132256116	1308	True	2
chr2_135757203_135757204	chr2	135757203	135757204	203	True	5
chr2_135856443_135856444	chr2	135856443	135856444	387	True	4
chr2_135937488_135937489	chr2	135937488	135937489	277	True	5
chr2_147845020_147845021	chr2	147845020	147845021	791	True	6
chr2_151412359_151412360	chr2	151412359	151412360	250	True	5
chr2_151425855_151425856	chr2	151425855	151425856	433	True	4
chr2_151426187_151426188	chr2	151426187	151426188	706	True	1
chr2_151427541_151427542	chr2	151427541	151427542	178	False	NA
chr2_151427568_151427569	chr2	151427568	151427569	170	False	NA
chr2_151442786_151442787	chr2	151442786	151442787	678	True	3
chr2_151457751_151457752	chr2	151457751	151457752	855	True	2
chr2_151461403_151461404	chr2	151461403	151461404	790	True	4
chr2_152389112_152389113	chr2	152389112	152389113	628	True	6
chr2_157299032_157299033	chr2	157299032	157299033	13	False	NA
chr2_160396942_160396943	chr2	160396942	160396943	478	True	2
chr2_162676669_162676670	chr2	162676669	162676670	0	False	NA
chr2_169537102_169537103	chr2	169537102	169537103	97	False	NA
chr2_169573636_169573637	chr2	169573636	169573637	1554	True	4
chr2_169805986_169805987	chr2	169805986	169805987	807	True	4
chr2_169810360_169810361	chr2	169810360	169810361	0	False	NA
chr2_169810376_169810377	chr2	169810376	169810377	0	False	NA
chr2_169810390_169810391	chr2	169810390	169810391	0	False	NA
chr2_169810418_169810419	chr2	169810418	169810419	0	False	NA
chr2_169810868_169810869	chr2	169810868	169810869	0	False	NA
chr2_169810912_169810913	chr2	169810912	169810913	0	False	NA
chr2_169811015_169811016	chr2	169811015	169811016	0	False	NA
chr2_169811196_169811197	chr2	169811196	169811197	5	False	NA
chr2_169811213_169811214	chr2	169811213	169811214	5	False	NA
chr2_169811248_169811249	chr2	169811248	169811249	5	False	NA
chr2_169811273_169811274	chr2	169811273	169811274	5	False	NA
chr2_169811293_169811294	chr2	169811293	169811294	5	False	NA
chr2_169811312_169811313	chr2	169811312	169811313	5	False	NA
chr2_169811695_169811696	chr2	169811695	169811696	113	False	NA
chr2_169811728_169811729	chr2	169811728	169811729	305	True	2
chr2_170819855_170819856	chr2	170819855	170819856	3823	True	5
chr2_171983355_171983356	chr2	171983355	171983356	0	False	NA
chr2_173364240_173364241	chr2	173364240	173364241	1146	True	6
chr2_173364387_173364388	chr2	173364387	173364388	1175	True	6
chr2_173364511_173364512	chr2	173364511	173364512	784	True	3
chr2_173364535_173364536	chr2	173364535	173364536	838	True	3
chr2_174138003_174138004	chr2	174138003	174138004	573	True	4
chr2_176117821_176117822	chr2	176117821	176117822	188	False	NA
chr2_176118359_176118360	chr2	176118359	176118360	46	False	NA
chr2_176118634_176118635	chr2	176118634	176118635	180	False	NA
chr2_176118937_176118938	chr2	176118937	176118938	175	False	NA
chr2_177216201_177216202	chr2	177216201	177216202	4816	True	6
chr2_177216236_177216237	chr2	177216236	177216237	5893	True	3
chr2_177216269_177216270	chr2	177216269	177216270	4713	True	4
chr2_177216312_177216313	chr2	177216312	177216313	3840	True	4
chr2_177217253_177217254	chr2	177217253	177217254	371	True	5
chr2_184647698_184647699	chr2	184647698	184647699	11	False	NA
chr2_184647939_184647940	chr2	184647939	184647940	7	False	NA
chr2_189812004_189812005	chr2	189812004	189812005	31	False	NA
chr2_190537986_190537987	chr2	190537986	190537987	0	False	NA
chr2_190910642_190910643	chr2	190910642	190910643	327	True	5
chr2_190913385_190913386	chr2	190913385	190913386	0	False	NA
chr2_191683485_191683486	chr2	191683485	191683486	735	True	5
chr2_196639678_196639679	chr2	196639678	196639679	46	False	NA
chr2_197487535_197487536	chr2	197487535	197487536	541	True	6
chr2_197494322_197494323	chr2	197494322	197494323	2300	True	5
chr2_197494761_197494762	chr2	197494761	197494762	5974	True	6
chr2_197494786_197494787	chr2	197494786	197494787	5868	True	6
chr2_197494836_197494837	chr2	197494836	197494837	4133	True	6
chr2_197494877_197494878	chr2	197494877	197494878	2301	True	6
chr2_197494955_197494956	chr2	197494955	197494956	1584	True	6
chr2_197494986_197494987	chr2	197494986	197494987	1216	True	5
chr2_197495234_197495235	chr2	197495234	197495235	4721	True	6
chr2_197495261_197495262	chr2	197495261	197495262	4694	True	6
chr2_199003585_199003586	chr2	199003585	199003586	165	False	NA
chr2_200860645_200860646	chr2	200860645	200860646	1744	True	3
chr2_200860817_200860818	chr2	200860817	200860818	1945	True	6
chr2_202278065_202278066	chr2	202278065	202278066	23906	True	1
chr2_202278628_202278629	chr2	202278628	202278629	290	True	5
chr2_202280784_202280785	chr2	202280784	202280785	469	True	6
chr2_202282346_202282347	chr2	202282346	202282347	2351	True	5
chr2_202285052_202285053	chr2	202285052	202285053	1047	True	1
chr2_202285361_202285362	chr2	202285361	202285362	1083	True	1
chr2_202291053_202291054	chr2	202291053	202291054	1407	True	4
chr2_202291074_202291075	chr2	202291074	202291075	1739	True	4
chr2_202298319_202298320	chr2	202298319	202298320	424	True	5
chr2_202298976_202298977	chr2	202298976	202298977	846	True	3
chr2_202299704_202299705	chr2	202299704	202299705	564	True	5
chr2_202299855_202299856	chr2	202299855	202299856	1468	True	3
chr2_202299933_202299934	chr2	202299933	202299934	1536	True	3
chr2_202300062_202300063	chr2	202300062	202300063	490	True	2
chr2_202303003_202303004	chr2	202303003	202303004	0	False	NA
chr2_202303051_202303052	chr2	202303051	202303052	0	False	NA
chr2_210017758_210017759	chr2	210017758	210017759	705	True	6
chr2_210017777_210017778	chr2	210017777	210017778	694	True	6
chr2_210018406_210018407	chr2	210018406	210018407	713	True	6
chr2_213152006_213152007	chr2	213152006	213152007	5	False	NA
chr2_215325404_215325405	chr2	215325404	215325405	370	True	2
chr2_215325509_215325510	chr2	215325509	215325510	344	True	5
chr2_215325576_215325577	chr2	215325576	215325577	298	True	5
chr2_215347610_215347611	chr2	215347610	215347611	416	True	5
chr2_215347728_215347729	chr2	215347728	215347729	380	True	5
chr2_215347913_215347914	chr2	215347913	215347914	470	True	6
chr2_222646523_222646524	chr2	222646523	222646524	91	False	NA
chr2_227552683_227552684	chr2	227552683	227552684	89	False	NA
chr2_229151109_229151110	chr2	229151109	229151110	0	False	NA
chr2_229180967_229180968	chr2	229180967	229180968	71961	True	1
chr2_231457254_231457255	chr2	231457254	231457255	1480	True	2
chr2_231457277_231457278	chr2	231457277	231457278	1668	True	2
chr2_231457303_231457304	chr2	231457303	231457304	1405	True	2
chr2_231457330_231457331	chr2	231457330	231457331	1308	True	2
chr2_231457369_231457370	chr2	231457369	231457370	1317	True	2
chr2_231457394_231457395	chr2	231457394	231457395	1243	True	2
chr2_231457444_231457445	chr2	231457444	231457445	1391	True	2
chr2_231457478_231457479	chr2	231457478	231457479	1513	True	2
chr2_231457552_231457553	chr2	231457552	231457553	1812	True	2
chr2_231457624_231457625	chr2	231457624	231457625	5749	True	1
chr2_231458184_231458185	chr2	231458184	231458185	1210	True	2
chr2_231458234_231458235	chr2	231458234	231458235	6818	True	3
chr2_231458400_231458401	chr2	231458400	231458401	7485	True	3
chr2_231458534_231458535	chr2	231458534	231458535	1381	True	5
chr2_231458642_231458643	chr2	231458642	231458643	1807	True	4
chr2_231458722_231458723	chr2	231458722	231458723	1680	True	6
chr2_231458751_231458752	chr2	231458751	231458752	716	True	5
chr2_231458773_231458774	chr2	231458773	231458774	665	True	5
chr2_231458893_231458894	chr2	231458893	231458894	1567	True	4
chr2_231459913_231459914	chr2	231459913	231459914	31	False	NA
chr2_231461120_231461121	chr2	231461120	231461121	48	False	NA
chr2_231461284_231461285	chr2	231461284	231461285	359	True	5
chr2_231461492_231461493	chr2	231461492	231461493	8584	True	1
chr2_231462029_231462030	chr2	231462029	231462030	13975	True	3
chr2_231712790_231712791	chr2	231712790	231712791	1751	True	2
chr2_233552111_233552112	chr2	233552111	233552112	78	False	NA
chr2_233552210_233552211	chr2	233552210	233552211	87	False	NA
chr2_233554214_233554215	chr2	233554214	233554215	299	True	5
chr2_235976552_235976553	chr2	235976552	235976553	194	False	NA
chr2_236362535_236362536	chr2	236362535	236362536	0	False	NA
chr2_238086107_238086108	chr2	238086107	238086108	126	False	NA
chr2_238086167_238086168	chr2	238086167	238086168	137	False	NA
chr2_238086257_238086258	chr2	238086257	238086258	112	False	NA
chr2_238086343_238086344	chr2	238086343	238086344	127	False	NA
chr2_238086553_238086554	chr2	238086553	238086554	415	True	5
chr2_238087769_238087770	chr2	238087769	238087770	148	False	NA
chr2_238089110_238089111	chr2	238089110	238089111	67	False	NA
chr2_238089658_238089659	chr2	238089658	238089659	85	False	NA
chr2_241084471_241084472	chr2	241084471	241084472	0	False	NA
chr2_241085078_241085079	chr2	241085078	241085079	34	False	NA
chr2_241094972_241094973	chr2	241094972	241094973	0	False	NA
chr2_241327338_241327339	chr2	241327338	241327339	861	True	2
chr2_241327399_241327400	chr2	241327399	241327400	797	True	2
chr2_241327482_241327483	chr2	241327482	241327483	509	True	2
chr20_2653672_2653673	chr20	2653672	2653673	2621	True	1
chr20_2656735_2656736	chr20	2656735	2656736	60999	True	1
chr20_2656770_2656771	chr20	2656770	2656771	6351	True	6
chr20_2656937_2656938	chr20	2656937	2656938	54010	True	1
chr20_2657263_2657264	chr20	2657263	2657264	5843	True	6
chr20_2657350_2657351	chr20	2657350	2657351	2640	True	5
chr20_2657373_2657374	chr20	2657373	2657374	2750	True	5
chr20_2657538_2657539	chr20	2657538	2657539	5552	True	6
chr20_2657612_2657613	chr20	2657612	2657613	4387	True	6
chr20_2657715_2657716	chr20	2657715	2657716	3315	True	6
chr20_2657759_2657760	chr20	2657759	2657760	2933	True	6
chr20_2657786_2657787	chr20	2657786	2657787	3458	True	6
chr20_2657922_2657923	chr20	2657922	2657923	4711	True	2
chr20_3908385_3908386	chr20	3908385	3908386	309	True	2
chr20_3917219_3917220	chr20	3917219	3917220	2603	True	4
chr20_5111613_5111614	chr20	5111613	5111614	256	True	5
chr20_5118041_5118042	chr20	5118041	5118042	369	True	2
chr20_5118536_5118537	chr20	5118536	5118537	1914	True	6
chr20_5957896_5957897	chr20	5957896	5957897	186	False	NA
chr20_5958015_5958016	chr20	5958015	5958016	740	True	5
chr20_5958069_5958070	chr20	5958069	5958070	747	True	5
chr20_5993635_5993636	chr20	5993635	5993636	0	False	NA
chr20_17943208_17943209	chr20	17943208	17943209	1198	True	2
chr20_17944438_17944439	chr20	17944438	17944439	1698	True	6
chr20_17951861_17951862	chr20	17951861	17951862	530	True	5
chr20_17951903_17951904	chr20	17951903	17951904	425	True	5
chr20_17952227_17952228	chr20	17952227	17952228	819	True	6
chr20_17952377_17952378	chr20	17952377	17952378	446	True	5
chr20_17956678_17956679	chr20	17956678	17956679	499	True	6
chr20_17957436_17957437	chr20	17957436	17957437	1621	True	6
chr20_17972447_17972448	chr20	17972447	17972448	440	True	6
chr20_18295228_18295229	chr20	18295228	18295229	655	True	5
chr20_18299237_18299238	chr20	18299237	18299238	159	False	NA
chr20_18299451_18299452	chr20	18299451	18299452	182	False	NA
chr20_18299565_18299566	chr20	18299565	18299566	0	False	NA
chr20_18299678_18299679	chr20	18299678	18299679	203	True	2
chr20_18299814_18299815	chr20	18299814	18299815	0	False	NA
chr20_18300270_18300271	chr20	18300270	18300271	223	True	2
chr20_18300488_18300489	chr20	18300488	18300489	145	False	NA
chr20_18301474_18301475	chr20	18301474	18301475	0	False	NA
chr20_18302103_18302104	chr20	18302103	18302104	0	False	NA
chr20_18303061_18303062	chr20	18303061	18303062	94	False	NA
chr20_18304112_18304113	chr20	18304112	18304113	190	False	NA
chr20_18304142_18304143	chr20	18304142	18304143	0	False	NA
chr20_18304231_18304232	chr20	18304231	18304232	277	True	2
chr20_18482000_18482001	chr20	18482000	18482001	643	True	5
chr20_18483479_18483480	chr20	18483479	18483480	118	False	NA
chr20_21326421_21326422	chr20	21326421	21326422	750	True	2
chr20_21332674_21332675	chr20	21332674	21332675	235	True	5
chr20_21348657_21348658	chr20	21348657	21348658	466	True	6
chr20_23377646_23377647	chr20	23377646	23377647	52	False	NA
chr20_31851106_31851107	chr20	31851106	31851107	0	False	NA
chr20_31894830_31894831	chr20	31894830	31894831	6	False	NA
chr20_32428675_32428676	chr20	32428675	32428676	1392	True	3
chr20_32846740_32846741	chr20	32846740	32846741	0	False	NA
chr20_34090596_34090597	chr20	34090596	34090597	0	False	NA
chr20_34093684_34093685	chr20	34093684	34093685	0	False	NA
chr20_34093706_34093707	chr20	34093706	34093707	0	False	NA
chr20_34093728_34093729	chr20	34093728	34093729	0	False	NA
chr20_34096766_34096767	chr20	34096766	34096767	0	False	NA
chr20_34096793_34096794	chr20	34096793	34096794	0	False	NA
chr20_34097438_34097439	chr20	34097438	34097439	0	False	NA
chr20_34097467_34097468	chr20	34097467	34097468	0	False	NA
chr20_34097489_34097490	chr20	34097489	34097490	0	False	NA
chr20_34098507_34098508	chr20	34098507	34098508	0	False	NA
chr20_34098601_34098602	chr20	34098601	34098602	0	False	NA
chr20_34098622_34098623	chr20	34098622	34098623	5	False	NA
chr20_34103451_34103452	chr20	34103451	34103452	0	False	NA
chr20_34103500_34103501	chr20	34103500	34103501	0	False	NA
chr20_34103531_34103532	chr20	34103531	34103532	0	False	NA
chr20_34103547_34103548	chr20	34103547	34103548	0	False	NA
chr20_34105370_34105371	chr20	34105370	34105371	0	False	NA
chr20_34105412_34105413	chr20	34105412	34105413	0	False	NA
chr20_34105437_34105438	chr20	34105437	34105438	0	False	NA
chr20_34779517_34779518	chr20	34779517	34779518	214	True	6
chr20_35038706_35038707	chr20	35038706	35038707	10	False	NA
chr20_35381579_35381580	chr20	35381579	35381580	145	False	NA
chr20_35493986_35493987	chr20	35493986	35493987	896	True	6
chr20_35627194_35627195	chr20	35627194	35627195	615	True	5
chr20_35705335_35705336	chr20	35705335	35705336	9561	True	6
chr20_35707565_35707566	chr20	35707565	35707566	1048	True	6
chr20_35707736_35707737	chr20	35707736	35707737	1169	True	4
chr20_35713643_35713644	chr20	35713643	35713644	13541	True	1
chr20_35713671_35713672	chr20	35713671	35713672	12657	True	1
chr20_35713868_35713869	chr20	35713868	35713869	6915	True	1
chr20_35714087_35714088	chr20	35714087	35714088	2901	True	6
chr20_35714150_35714151	chr20	35714150	35714151	14581	True	3
chr20_35725170_35725171	chr20	35725170	35725171	6700	True	6
chr20_35727354_35727355	chr20	35727354	35727355	4297	True	1
chr20_35729846_35729847	chr20	35729846	35729847	1785	True	3
chr20_35731847_35731848	chr20	35731847	35731848	4496	True	3
chr20_35731910_35731911	chr20	35731910	35731911	12636	True	6
chr20_35732147_35732148	chr20	35732147	35732148	12238	True	6
chr20_35732283_35732284	chr20	35732283	35732284	2449	True	6
chr20_35733811_35733812	chr20	35733811	35733812	4762	True	1
chr20_35738773_35738774	chr20	35738773	35738774	4886	True	1
chr20_35739034_35739035	chr20	35739034	35739035	17358	True	1
chr20_35739059_35739060	chr20	35739059	35739060	16588	True	1
chr20_35739083_35739084	chr20	35739083	35739084	18777	True	1
chr20_35739099_35739100	chr20	35739099	35739100	18792	True	1
chr20_35739162_35739163	chr20	35739162	35739163	14200	True	1
chr20_35739226_35739227	chr20	35739226	35739227	10375	True	3
chr20_35739322_35739323	chr20	35739322	35739323	12848	True	1
chr20_35739336_35739337	chr20	35739336	35739337	12110	True	1
chr20_35739471_35739472	chr20	35739471	35739472	28899	True	1
chr20_35739492_35739493	chr20	35739492	35739493	30604	True	1
chr20_35739514_35739515	chr20	35739514	35739515	36181	True	1
chr20_35739549_35739550	chr20	35739549	35739550	32485	True	1
chr20_35739596_35739597	chr20	35739596	35739597	32718	True	1
chr20_35739616_35739617	chr20	35739616	35739617	27895	True	1
chr20_35739638_35739639	chr20	35739638	35739639	26378	True	1
chr20_35739687_35739688	chr20	35739687	35739688	21098	True	1
chr20_35739779_35739780	chr20	35739779	35739780	13007	True	1
chr20_35740017_35740018	chr20	35740017	35740018	13454	True	1
chr20_35740071_35740072	chr20	35740071	35740072	13049	True	1
chr20_35740094_35740095	chr20	35740094	35740095	11910	True	1
chr20_35740571_35740572	chr20	35740571	35740572	19259	True	3
chr20_36764925_36764926	chr20	36764925	36764926	107	False	NA
chr20_37067138_37067139	chr20	37067138	37067139	592	True	2
chr20_37067308_37067309	chr20	37067308	37067309	135	False	NA
chr20_37067611_37067612	chr20	37067611	37067612	198	False	NA
chr20_37067774_37067775	chr20	37067774	37067775	270	True	4
chr20_37756398_37756399	chr20	37756398	37756399	23	False	NA
chr20_38521735_38521736	chr20	38521735	38521736	514	True	5
chr20_41098070_41098071	chr20	41098070	41098071	329	True	5
chr20_41098256_41098257	chr20	41098256	41098257	0	False	NA
chr20_41098286_41098287	chr20	41098286	41098287	0	False	NA
chr20_41098313_41098314	chr20	41098313	41098314	0	False	NA
chr20_41100082_41100083	chr20	41100082	41100083	0	False	NA
chr20_41100130_41100131	chr20	41100130	41100131	0	False	NA
chr20_41100162_41100163	chr20	41100162	41100163	0	False	NA
chr20_41100182_41100183	chr20	41100182	41100183	0	False	NA
chr20_41100198_41100199	chr20	41100198	41100199	0	False	NA
chr20_41100230_41100231	chr20	41100230	41100231	0	False	NA
chr20_41101319_41101320	chr20	41101319	41101320	0	False	NA
chr20_41123353_41123354	chr20	41123353	41123354	0	False	NA
chr20_41568058_41568059	chr20	41568058	41568059	6367	True	3
chr20_42490772_42490773	chr20	42490772	42490773	4602	True	6
chr20_43458966_43458967	chr20	43458966	43458967	17043	True	1
chr20_44931904_44931905	chr20	44931904	44931905	6063	True	6
chr20_44932099_44932100	chr20	44932099	44932100	6753	True	6
chr20_44973189_44973190	chr20	44973189	44973190	165	False	NA
chr20_44973292_44973293	chr20	44973292	44973293	284	True	2
chr20_44975508_44975509	chr20	44975508	44975509	236	True	2
chr20_44976052_44976053	chr20	44976052	44976053	144	False	NA
chr20_44976449_44976450	chr20	44976449	44976450	142	False	NA
chr20_44977390_44977391	chr20	44977390	44977391	180	False	NA
chr20_46034699_46034700	chr20	46034699	46034700	0	False	NA
chr20_48953186_48953187	chr20	48953186	48953187	177	False	NA
chr20_49065608_49065609	chr20	49065608	49065609	379	True	3
chr20_49067949_49067950	chr20	49067949	49067950	863	True	4
chr20_49072271_49072272	chr20	49072271	49072272	1390	True	2
chr20_49087363_49087364	chr20	49087363	49087364	504	True	3
chr20_49089235_49089236	chr20	49089235	49089236	705	True	2
chr20_49089833_49089834	chr20	49089833	49089834	661	True	5
chr20_49091119_49091120	chr20	49091119	49091120	554	True	5
chr20_49092178_49092179	chr20	49092178	49092179	405	True	2
chr20_49093586_49093587	chr20	49093586	49093587	353	True	4
chr20_49094530_49094531	chr20	49094530	49094531	899	True	2
chr20_49095132_49095133	chr20	49095132	49095133	285	True	5
chr20_49095155_49095156	chr20	49095155	49095156	237	True	5
chr20_49095335_49095336	chr20	49095335	49095336	725	True	6
chr20_49096175_49096176	chr20	49096175	49096176	490	True	2
chr20_49096219_49096220	chr20	49096219	49096220	430	True	2
chr20_49144259_49144260	chr20	49144259	49144260	500	True	5
chr20_49144627_49144628	chr20	49144627	49144628	650	True	5
chr20_50747505_50747506	chr20	50747505	50747506	115	False	NA
chr20_50898809_50898810	chr20	50898809	50898810	637	True	5
chr20_50898842_50898843	chr20	50898842	50898843	591	True	5
chr20_50901325_50901326	chr20	50901325	50901326	250	True	5
chr20_52087139_52087140	chr20	52087139	52087140	0	False	NA
chr20_57358724_57358725	chr20	57358724	57358725	21	False	NA
chr20_58487413_58487414	chr20	58487413	58487414	0	False	NA
chr20_60336762_60336763	chr20	60336762	60336763	6	False	NA
chr20_61298822_61298823	chr20	61298822	61298823	0	False	NA
chr20_61625351_61625352	chr20	61625351	61625352	0	False	NA
chr20_62913030_62913031	chr20	62913030	62913031	1517	True	1
chr20_63668998_63668999	chr20	63668998	63668999	445	True	4
chr20_63919130_63919131	chr20	63919130	63919131	1188	True	6
chr20_64259402_64259403	chr20	64259402	64259403	1085	True	3
chr21_8213950_8213951	chr21	8213950	8213951	754	True	2
chr21_8214661_8214662	chr21	8214661	8214662	165	False	NA
chr21_8216344_8216345	chr21	8216344	8216345	5437	True	1
chr21_8218722_8218723	chr21	8218722	8218723	29297	True	3
chr21_8401083_8401084	chr21	8401083	8401084	1057	True	2
chr21_8401441_8401442	chr21	8401441	8401442	333	True	2
chr21_8401469_8401470	chr21	8401469	8401470	206	True	2
chr21_8401890_8401891	chr21	8401890	8401891	5823	True	3
chr21_25600580_25600581	chr21	25600580	25600581	11	False	NA
chr21_26838423_26838424	chr21	26838423	26838424	18	False	NA
chr21_26838614_26838615	chr21	26838614	26838615	17	False	NA
chr21_26839089_26839090	chr21	26839089	26839090	0	False	NA
chr21_26839266_26839267	chr21	26839266	26839267	0	False	NA
chr21_26839415_26839416	chr21	26839415	26839416	8	False	NA
chr21_26839513_26839514	chr21	26839513	26839514	8	False	NA
chr21_26840156_26840157	chr21	26840156	26840157	0	False	NA
chr21_26840269_26840270	chr21	26840269	26840270	36	False	NA
chr21_26840884_26840885	chr21	26840884	26840885	24	False	NA
chr21_26841482_26841483	chr21	26841482	26841483	76	False	NA
chr21_26841562_26841563	chr21	26841562	26841563	76	False	NA
chr21_26841638_26841639	chr21	26841638	26841639	14	False	NA
chr21_26841678_26841679	chr21	26841678	26841679	14	False	NA
chr21_26841697_26841698	chr21	26841697	26841698	0	False	NA
chr21_26841721_26841722	chr21	26841721	26841722	0	False	NA
chr21_26841766_26841767	chr21	26841766	26841767	0	False	NA
chr21_26842161_26842162	chr21	26842161	26842162	5	False	NA
chr21_26842697_26842698	chr21	26842697	26842698	18	False	NA
chr21_26842813_26842814	chr21	26842813	26842814	14	False	NA
chr21_26842875_26842876	chr21	26842875	26842876	14	False	NA
chr21_26844173_26844174	chr21	26844173	26844174	6	False	NA
chr21_28935844_28935845	chr21	28935844	28935845	0	False	NA
chr21_28957264_28957265	chr21	28957264	28957265	33	False	NA
chr21_28960360_28960361	chr21	28960360	28960361	392	True	4
chr21_28960717_28960718	chr21	28960717	28960718	311	True	2
chr21_28960818_28960819	chr21	28960818	28960819	165	False	NA
chr21_28960886_28960887	chr21	28960886	28960887	208	True	2
chr21_28961544_28961545	chr21	28961544	28961545	165	False	NA
chr21_28962018_28962019	chr21	28962018	28962019	523	True	3
chr21_28965833_28965834	chr21	28965833	28965834	341	True	2
chr21_29039720_29039721	chr21	29039720	29039721	163	False	NA
chr21_29039953_29039954	chr21	29039953	29039954	157	False	NA
chr21_29039990_29039991	chr21	29039990	29039991	124	False	NA
chr21_29041957_29041958	chr21	29041957	29041958	338	True	2
chr21_29042008_29042009	chr21	29042008	29042009	460	True	2
chr21_29042367_29042368	chr21	29042367	29042368	382	True	2
chr21_29042649_29042650	chr21	29042649	29042650	386	True	2
chr21_29042671_29042672	chr21	29042671	29042672	392	True	2
chr21_29042699_29042700	chr21	29042699	29042700	190	False	NA
chr21_29042894_29042895	chr21	29042894	29042895	426	True	2
chr21_29042936_29042937	chr21	29042936	29042937	468	True	2
chr21_29043028_29043029	chr21	29043028	29043029	465	True	2
chr21_29043178_29043179	chr21	29043178	29043179	975	True	2
chr21_29043413_29043414	chr21	29043413	29043414	321	True	2
chr21_29043802_29043803	chr21	29043802	29043803	104	False	NA
chr21_29043857_29043858	chr21	29043857	29043858	556	True	4
chr21_29043939_29043940	chr21	29043939	29043940	537	True	4
chr21_29044461_29044462	chr21	29044461	29044462	179	False	NA
chr21_29044776_29044777	chr21	29044776	29044777	275	True	2
chr21_29045176_29045177	chr21	29045176	29045177	342	True	5
chr21_29045196_29045197	chr21	29045196	29045197	306	True	5
chr21_29045571_29045572	chr21	29045571	29045572	259	True	5
chr21_29045817_29045818	chr21	29045817	29045818	257	True	4
chr21_29046321_29046322	chr21	29046321	29046322	249	True	4
chr21_29046535_29046536	chr21	29046535	29046536	189	False	NA
chr21_29046635_29046636	chr21	29046635	29046636	976	True	2
chr21_29046658_29046659	chr21	29046658	29046659	988	True	2
chr21_29047883_29047884	chr21	29047883	29047884	61	False	NA
chr21_29050390_29050391	chr21	29050390	29050391	68	False	NA
chr21_29061124_29061125	chr21	29061124	29061125	69	False	NA
chr21_29062254_29062255	chr21	29062254	29062255	3343	True	4
chr21_29063213_29063214	chr21	29063213	29063214	468	True	2
chr21_29063325_29063326	chr21	29063325	29063326	1601	True	2
chr21_29063542_29063543	chr21	29063542	29063543	4759	True	3
chr21_29063630_29063631	chr21	29063630	29063631	584	True	5
chr21_29064414_29064415	chr21	29064414	29064415	554	True	4
chr21_29064601_29064602	chr21	29064601	29064602	122	False	NA
chr21_29064760_29064761	chr21	29064760	29064761	355	True	2
chr21_29064824_29064825	chr21	29064824	29064825	426	True	2
chr21_29064848_29064849	chr21	29064848	29064849	679	True	2
chr21_29067335_29067336	chr21	29067335	29067336	223	True	2
chr21_29212362_29212363	chr21	29212362	29212363	11	False	NA
chr21_31697174_31697175	chr21	31697174	31697175	228	True	5
chr21_32564501_32564502	chr21	32564501	32564502	27	False	NA
chr21_32607722_32607723	chr21	32607722	32607723	2504	True	2
chr21_32656448_32656449	chr21	32656448	32656449	32	False	NA
chr21_32738222_32738223	chr21	32738222	32738223	0	False	NA
chr21_32738255_32738256	chr21	32738255	32738256	0	False	NA
chr21_32740585_32740586	chr21	32740585	32740586	160	False	NA
chr21_32743074_32743075	chr21	32743074	32743075	370	True	5
chr21_32743164_32743165	chr21	32743164	32743165	695	True	5
chr21_32743284_32743285	chr21	32743284	32743285	0	False	NA
chr21_32743300_32743301	chr21	32743300	32743301	0	False	NA
chr21_32743654_32743655	chr21	32743654	32743655	0	False	NA
chr21_32743711_32743712	chr21	32743711	32743712	0	False	NA
chr21_32743743_32743744	chr21	32743743	32743744	0	False	NA
chr21_32744264_32744265	chr21	32744264	32744265	64	False	NA
chr21_32744546_32744547	chr21	32744546	32744547	0	False	NA
chr21_32744577_32744578	chr21	32744577	32744578	79	False	NA
chr21_32744798_32744799	chr21	32744798	32744799	0	False	NA
chr21_32744848_32744849	chr21	32744848	32744849	0	False	NA
chr21_32745586_32745587	chr21	32745586	32745587	0	False	NA
chr21_32751408_32751409	chr21	32751408	32751409	244	True	2
chr21_32754666_32754667	chr21	32754666	32754667	193	False	NA
chr21_32754789_32754790	chr21	32754789	32754790	212	True	5
chr21_32754972_32754973	chr21	32754972	32754973	145	False	NA
chr21_32755093_32755094	chr21	32755093	32755094	373	True	5
chr21_32755131_32755132	chr21	32755131	32755132	585	True	5
chr21_32755225_32755226	chr21	32755225	32755226	1269	True	5
chr21_32755363_32755364	chr21	32755363	32755364	2397	True	2
chr21_32755440_32755441	chr21	32755440	32755441	2028	True	2
chr21_32755466_32755467	chr21	32755466	32755467	1614	True	2
chr21_32755514_32755515	chr21	32755514	32755515	1906	True	2
chr21_32755555_32755556	chr21	32755555	32755556	1861	True	2
chr21_32755588_32755589	chr21	32755588	32755589	1654	True	2
chr21_32755927_32755928	chr21	32755927	32755928	650	True	4
chr21_32755955_32755956	chr21	32755955	32755956	717	True	4
chr21_32758401_32758402	chr21	32758401	32758402	677	True	4
chr21_32758462_32758463	chr21	32758462	32758463	1016	True	4
chr21_32758519_32758520	chr21	32758519	32758520	797	True	4
chr21_32758550_32758551	chr21	32758550	32758551	1235	True	4
chr21_32758582_32758583	chr21	32758582	32758583	1293	True	4
chr21_32758609_32758610	chr21	32758609	32758610	1281	True	4
chr21_32758650_32758651	chr21	32758650	32758651	1074	True	4
chr21_32758725_32758726	chr21	32758725	32758726	987	True	4
chr21_32758749_32758750	chr21	32758749	32758750	670	True	4
chr21_32758910_32758911	chr21	32758910	32758911	461	True	2
chr21_32759002_32759003	chr21	32759002	32759003	1312	True	2
chr21_32759055_32759056	chr21	32759055	32759056	2213	True	4
chr21_32759282_32759283	chr21	32759282	32759283	2495	True	4
chr21_32759324_32759325	chr21	32759324	32759325	2601	True	4
chr21_32759344_32759345	chr21	32759344	32759345	2565	True	4
chr21_32759377_32759378	chr21	32759377	32759378	3018	True	4
chr21_32759425_32759426	chr21	32759425	32759426	2424	True	4
chr21_32759474_32759475	chr21	32759474	32759475	2280	True	4
chr21_32759507_32759508	chr21	32759507	32759508	2655	True	4
chr21_32759535_32759536	chr21	32759535	32759536	3309	True	4
chr21_32759560_32759561	chr21	32759560	32759561	3341	True	4
chr21_32759583_32759584	chr21	32759583	32759584	2948	True	4
chr21_32759609_32759610	chr21	32759609	32759610	2776	True	5
chr21_32759631_32759632	chr21	32759631	32759632	2888	True	5
chr21_32759691_32759692	chr21	32759691	32759692	3267	True	5
chr21_32759738_32759739	chr21	32759738	32759739	2408	True	2
chr21_32759759_32759760	chr21	32759759	32759760	2830	True	4
chr21_32762046_32762047	chr21	32762046	32762047	718	True	5
chr21_33232541_33232542	chr21	33232541	33232542	257	True	2
chr21_33232703_33232704	chr21	33232703	33232704	649	True	2
chr21_33233013_33233014	chr21	33233013	33233014	452	True	2
chr21_33233292_33233293	chr21	33233292	33233293	348	True	2
chr21_33233401_33233402	chr21	33233401	33233402	187	False	NA
chr21_33233496_33233497	chr21	33233496	33233497	345	True	2
chr21_33233520_33233521	chr21	33233520	33233521	299	True	2
chr21_33233548_33233549	chr21	33233548	33233549	355	True	2
chr21_33233605_33233606	chr21	33233605	33233606	860	True	5
chr21_33233661_33233662	chr21	33233661	33233662	749	True	5
chr21_33233884_33233885	chr21	33233884	33233885	136	False	NA
chr21_33237847_33237848	chr21	33237847	33237848	489	True	2
chr21_33238684_33238685	chr21	33238684	33238685	553	True	5
chr21_33238960_33238961	chr21	33238960	33238961	281	True	2
chr21_33449221_33449222	chr21	33449221	33449222	0	False	NA
chr21_33450807_33450808	chr21	33450807	33450808	0	False	NA
chr21_33512292_33512293	chr21	33512292	33512293	25	False	NA
chr21_33528472_33528473	chr21	33528472	33528473	990	True	2
chr21_33528617_33528618	chr21	33528617	33528618	1063	True	5
chr21_33528719_33528720	chr21	33528719	33528720	260	True	5
chr21_33528755_33528756	chr21	33528755	33528756	365	True	5
chr21_33529159_33529160	chr21	33529159	33529160	266	True	2
chr21_33530932_33530933	chr21	33530932	33530933	1895	True	4
chr21_33531464_33531465	chr21	33531464	33531465	2008	True	4
chr21_33531771_33531772	chr21	33531771	33531772	377	True	2
chr21_33531791_33531792	chr21	33531791	33531792	395	True	2
chr21_33531827_33531828	chr21	33531827	33531828	429	True	2
chr21_33532311_33532312	chr21	33532311	33532312	1243	True	2
chr21_33557147_33557148	chr21	33557147	33557148	2110	True	4
chr21_33557719_33557720	chr21	33557719	33557720	1133	True	5
chr21_33557964_33557965	chr21	33557964	33557965	4358	True	3
chr21_33558979_33558980	chr21	33558979	33558980	7321	True	1
chr21_33559597_33559598	chr21	33559597	33559598	0	False	NA
chr21_33559623_33559624	chr21	33559623	33559624	0	False	NA
chr21_33559684_33559685	chr21	33559684	33559685	0	False	NA
chr21_33559718_33559719	chr21	33559718	33559719	0	False	NA
chr21_33559737_33559738	chr21	33559737	33559738	0	False	NA
chr21_33559770_33559771	chr21	33559770	33559771	0	False	NA
chr21_33559791_33559792	chr21	33559791	33559792	0	False	NA
chr21_33559808_33559809	chr21	33559808	33559809	4236	True	4
chr21_33561234_33561235	chr21	33561234	33561235	411	True	5
chr21_33567170_33567171	chr21	33567170	33567171	0	False	NA
chr21_33567218_33567219	chr21	33567218	33567219	0	False	NA
chr21_33567264_33567265	chr21	33567264	33567265	0	False	NA
chr21_33569272_33569273	chr21	33569272	33569273	0	False	NA
chr21_33569485_33569486	chr21	33569485	33569486	1713	True	6
chr21_33569525_33569526	chr21	33569525	33569526	0	False	NA
chr21_33569843_33569844	chr21	33569843	33569844	0	False	NA
chr21_33569871_33569872	chr21	33569871	33569872	1718	True	2
chr21_33569945_33569946	chr21	33569945	33569946	1063	True	2
chr21_33569994_33569995	chr21	33569994	33569995	0	False	NA
chr21_33570110_33570111	chr21	33570110	33570111	0	False	NA
chr21_33570575_33570576	chr21	33570575	33570576	7	False	NA
chr21_33571297_33571298	chr21	33571297	33571298	0	False	NA
chr21_33571415_33571416	chr21	33571415	33571416	0	False	NA
chr21_33571476_33571477	chr21	33571476	33571477	324	True	2
chr21_33571502_33571503	chr21	33571502	33571503	258	True	2
chr21_33571636_33571637	chr21	33571636	33571637	443	True	5
chr21_33571853_33571854	chr21	33571853	33571854	894	True	5
chr21_33571893_33571894	chr21	33571893	33571894	0	False	NA
chr21_33572602_33572603	chr21	33572602	33572603	0	False	NA
chr21_33572778_33572779	chr21	33572778	33572779	659	True	5
chr21_33572814_33572815	chr21	33572814	33572815	7	False	NA
chr21_33572826_33572827	chr21	33572826	33572827	819	True	5
chr21_33572886_33572887	chr21	33572886	33572887	7	False	NA
chr21_33572904_33572905	chr21	33572904	33572905	955	True	5
chr21_33572943_33572944	chr21	33572943	33572944	0	False	NA
chr21_33572972_33572973	chr21	33572972	33572973	2222	True	3
chr21_33573021_33573022	chr21	33573021	33573022	0	False	NA
chr21_33573044_33573045	chr21	33573044	33573045	2343	True	3
chr21_33573076_33573077	chr21	33573076	33573077	0	False	NA
chr21_33573294_33573295	chr21	33573294	33573295	1596	True	2
chr21_33573318_33573319	chr21	33573318	33573319	0	False	NA
chr21_33573360_33573361	chr21	33573360	33573361	0	False	NA
chr21_33573410_33573411	chr21	33573410	33573411	0	False	NA
chr21_33573460_33573461	chr21	33573460	33573461	0	False	NA
chr21_33573962_33573963	chr21	33573962	33573963	20	False	NA
chr21_33575617_33575618	chr21	33575617	33575618	0	False	NA
chr21_33575786_33575787	chr21	33575786	33575787	0	False	NA
chr21_33583205_33583206	chr21	33583205	33583206	175	False	NA
chr21_33596645_33596646	chr21	33596645	33596646	6	False	NA
chr21_33717205_33717206	chr21	33717205	33717206	28	False	NA
chr21_33743216_33743217	chr21	33743216	33743217	0	False	NA
chr21_33744863_33744864	chr21	33744863	33744864	6	False	NA
chr21_33744932_33744933	chr21	33744932	33744933	0	False	NA
chr21_33775012_33775013	chr21	33775012	33775013	0	False	NA
chr21_33775054_33775055	chr21	33775054	33775055	0	False	NA
chr21_33775102_33775103	chr21	33775102	33775103	0	False	NA
chr21_33781485_33781486	chr21	33781485	33781486	0	False	NA
chr21_33781515_33781516	chr21	33781515	33781516	0	False	NA
chr21_33782115_33782116	chr21	33782115	33782116	0	False	NA
chr21_33797393_33797394	chr21	33797393	33797394	0	False	NA
chr21_33797468_33797469	chr21	33797468	33797469	0	False	NA
chr21_33797495_33797496	chr21	33797495	33797496	0	False	NA
chr21_33797526_33797527	chr21	33797526	33797527	0	False	NA
chr21_33797555_33797556	chr21	33797555	33797556	0	False	NA
chr21_33799812_33799813	chr21	33799812	33799813	0	False	NA
chr21_33815932_33815933	chr21	33815932	33815933	5	False	NA
chr21_36036428_36036429	chr21	36036428	36036429	63	False	NA
chr21_36042948_36042949	chr21	36042948	36042949	50	False	NA
chr21_36043265_36043266	chr21	36043265	36043266	98	False	NA
chr21_36043418_36043419	chr21	36043418	36043419	94	False	NA
chr21_36043484_36043485	chr21	36043484	36043485	119	False	NA
chr21_36043505_36043506	chr21	36043505	36043506	119	False	NA
chr21_36043567_36043568	chr21	36043567	36043568	179	False	NA
chr21_36711536_36711537	chr21	36711536	36711537	53	False	NA
chr21_36877891_36877892	chr21	36877891	36877892	140	False	NA
chr21_37074864_37074865	chr21	37074864	37074865	609	True	4
chr21_37079546_37079547	chr21	37079546	37079547	989	True	1
chr21_37084372_37084373	chr21	37084372	37084373	1571	True	6
chr21_37095476_37095477	chr21	37095476	37095477	380	True	5
chr21_37098726_37098727	chr21	37098726	37098727	644	True	4
chr21_37114407_37114408	chr21	37114407	37114408	30	False	NA
chr21_37141482_37141483	chr21	37141482	37141483	956	True	4
chr21_37157086_37157087	chr21	37157086	37157087	279	True	2
chr21_37191351_37191352	chr21	37191351	37191352	0	False	NA
chr21_37191368_37191369	chr21	37191368	37191369	0	False	NA
chr21_37367274_37367275	chr21	37367274	37367275	4887	True	3
chr21_37427086_37427087	chr21	37427086	37427087	1221	True	3
chr21_37427126_37427127	chr21	37427126	37427127	1107	True	3
chr21_37440148_37440149	chr21	37440148	37440149	711	True	3
chr21_37467099_37467100	chr21	37467099	37467100	87	False	NA
chr21_37705246_37705247	chr21	37705246	37705247	1110	True	6
chr21_39209440_39209441	chr21	39209440	39209441	200	True	4
chr21_39213890_39213891	chr21	39213890	39213891	211	True	5
chr21_39218461_39218462	chr21	39218461	39218462	369	True	2
chr21_39231782_39231783	chr21	39231782	39231783	881	True	2
chr21_39231875_39231876	chr21	39231875	39231876	998	True	2
chr21_39231896_39231897	chr21	39231896	39231897	1035	True	2
chr21_39232159_39232160	chr21	39232159	39232160	1236	True	2
chr21_39251176_39251177	chr21	39251176	39251177	131	False	NA
chr21_39251214_39251215	chr21	39251214	39251215	120	False	NA
chr21_39255420_39255421	chr21	39255420	39255421	690	True	3
chr21_39255624_39255625	chr21	39255624	39255625	823	True	2
chr21_39265437_39265438	chr21	39265437	39265438	472	True	4
chr21_39275048_39275049	chr21	39275048	39275049	961	True	3
chr21_39293708_39293709	chr21	39293708	39293709	255	True	2
chr21_39295915_39295916	chr21	39295915	39295916	1369	True	2
chr21_39312680_39312681	chr21	39312680	39312681	2637	True	3
chr21_39344629_39344630	chr21	39344629	39344630	240	True	5
chr21_39345286_39345287	chr21	39345286	39345287	2704	True	4
chr21_39345838_39345839	chr21	39345838	39345839	1907	True	4
chr21_39345895_39345896	chr21	39345895	39345896	1585	True	4
chr21_39345930_39345931	chr21	39345930	39345931	1945	True	4
chr21_39345956_39345957	chr21	39345956	39345957	1307	True	2
chr21_39346150_39346151	chr21	39346150	39346151	2944	True	4
chr21_39346245_39346246	chr21	39346245	39346246	2722	True	4
chr21_39346408_39346409	chr21	39346408	39346409	1256	True	4
chr21_39346437_39346438	chr21	39346437	39346438	963	True	4
chr21_39346474_39346475	chr21	39346474	39346475	1214	True	4
chr21_39346499_39346500	chr21	39346499	39346500	1024	True	4
chr21_39346528_39346529	chr21	39346528	39346529	1006	True	4
chr21_39346565_39346566	chr21	39346565	39346566	963	True	4
chr21_39346616_39346617	chr21	39346616	39346617	817	True	4
chr21_39346793_39346794	chr21	39346793	39346794	1386	True	4
chr21_39346859_39346860	chr21	39346859	39346860	2181	True	4
chr21_39346905_39346906	chr21	39346905	39346906	3016	True	4
chr21_39346929_39346930	chr21	39346929	39346930	3225	True	4
chr21_39346951_39346952	chr21	39346951	39346952	3283	True	4
chr21_39346986_39346987	chr21	39346986	39346987	3595	True	4
chr21_39347058_39347059	chr21	39347058	39347059	2818	True	4
chr21_39347085_39347086	chr21	39347085	39347086	2925	True	4
chr21_39347183_39347184	chr21	39347183	39347184	1466	True	4
chr21_39347225_39347226	chr21	39347225	39347226	1502	True	4
chr21_39347283_39347284	chr21	39347283	39347284	2186	True	4
chr21_39347303_39347304	chr21	39347303	39347304	2158	True	4
chr21_39347343_39347344	chr21	39347343	39347344	1553	True	4
chr21_39347435_39347436	chr21	39347435	39347436	2152	True	3
chr21_39347862_39347863	chr21	39347862	39347863	2715	True	4
chr21_39347907_39347908	chr21	39347907	39347908	2789	True	4
chr21_39348106_39348107	chr21	39348106	39348107	2714	True	4
chr21_39348166_39348167	chr21	39348166	39348167	2247	True	4
chr21_41171795_41171796	chr21	41171795	41171796	10	False	NA
chr21_41171897_41171898	chr21	41171897	41171898	0	False	NA
chr21_42833826_42833827	chr21	42833826	42833827	594	True	6
chr21_42835886_42835887	chr21	42835886	42835887	1101	True	6
chr21_42835921_42835922	chr21	42835921	42835922	1514	True	6
chr21_42836004_42836005	chr21	42836004	42836005	1802	True	6
chr21_42836039_42836040	chr21	42836039	42836040	1274	True	4
chr21_42836193_42836194	chr21	42836193	42836194	612	True	2
chr21_42836212_42836213	chr21	42836212	42836213	666	True	2
chr21_42847123_42847124	chr21	42847123	42847124	1286	True	1
chr21_42872617_42872618	chr21	42872617	42872618	225	True	4
chr21_42897158_42897159	chr21	42897158	42897159	335	True	2
chr21_42897439_42897440	chr21	42897439	42897440	285	True	4
chr21_42904505_42904506	chr21	42904505	42904506	366	True	4
chr21_42978493_42978494	chr21	42978493	42978494	94	False	NA
chr21_42983768_42983769	chr21	42983768	42983769	408	True	5
chr21_43674608_43674609	chr21	43674608	43674609	713	True	5
chr21_43675930_43675931	chr21	43675930	43675931	66	False	NA
chr21_43679262_43679263	chr21	43679262	43679263	403	True	6
chr21_43682887_43682888	chr21	43682887	43682888	393	True	6
chr21_43685822_43685823	chr21	43685822	43685823	622	True	2
chr21_43686307_43686308	chr21	43686307	43686308	184	False	NA
chr21_43686337_43686338	chr21	43686337	43686338	179	False	NA
chr21_43744239_43744240	chr21	43744239	43744240	5286	True	3
chr21_43801486_43801487	chr21	43801486	43801487	2058	True	1
chr21_43901162_43901163	chr21	43901162	43901163	202	True	2
chr21_43902031_43902032	chr21	43902031	43902032	129	False	NA
chr21_43902120_43902121	chr21	43902120	43902121	105	False	NA
chr21_43902247_43902248	chr21	43902247	43902248	60	False	NA
chr21_43902313_43902314	chr21	43902313	43902314	83	False	NA
chr21_43962539_43962540	chr21	43962539	43962540	309	True	2
chr21_43962956_43962957	chr21	43962956	43962957	291	True	2
chr21_43962972_43962973	chr21	43962972	43962973	250	True	2
chr21_43963326_43963327	chr21	43963326	43963327	484	True	2
chr21_43963974_43963975	chr21	43963974	43963975	351	True	2
chr21_43964028_43964029	chr21	43964028	43964029	351	True	2
chr21_44032396_44032397	chr21	44032396	44032397	93	False	NA
chr21_44036235_44036236	chr21	44036235	44036236	517	True	2
chr21_44036329_44036330	chr21	44036329	44036330	797	True	5
chr21_44774574_44774575	chr21	44774574	44774575	1425	True	2
chr21_44774662_44774663	chr21	44774662	44774663	2306	True	2
chr21_44774705_44774706	chr21	44774705	44774706	2270	True	2
chr21_44774747_44774748	chr21	44774747	44774748	2776	True	4
chr21_44774763_44774764	chr21	44774763	44774764	2861	True	4
chr21_44774805_44774806	chr21	44774805	44774806	4062	True	3
chr21_44774903_44774904	chr21	44774903	44774904	4207	True	3
chr21_44775377_44775378	chr21	44775377	44775378	1936	True	4
chr21_44775484_44775485	chr21	44775484	44775485	1463	True	3
chr21_44775518_44775519	chr21	44775518	44775519	1403	True	3
chr21_44776141_44776142	chr21	44776141	44776142	2509	True	3
chr21_44776159_44776160	chr21	44776159	44776160	2420	True	3
chr21_44776524_44776525	chr21	44776524	44776525	701	True	4
chr21_44776877_44776878	chr21	44776877	44776878	913	True	4
chr21_44777245_44777246	chr21	44777245	44777246	2090	True	4
chr21_44777262_44777263	chr21	44777262	44777263	2235	True	4
chr21_44777277_44777278	chr21	44777277	44777278	2264	True	4
chr21_44777288_44777289	chr21	44777288	44777289	2701	True	4
chr21_44798997_44798998	chr21	44798997	44798998	445	True	2
chr21_44799223_44799224	chr21	44799223	44799224	292	True	2
chr21_44799347_44799348	chr21	44799347	44799348	438	True	2
chr21_44799396_44799397	chr21	44799396	44799397	411	True	2
chr21_44799581_44799582	chr21	44799581	44799582	324	True	2
chr21_44800141_44800142	chr21	44800141	44800142	664	True	5
chr21_44800381_44800382	chr21	44800381	44800382	403	True	4
chr21_44801245_44801246	chr21	44801245	44801246	447	True	5
chr21_44801411_44801412	chr21	44801411	44801412	944	True	4
chr21_45290039_45290040	chr21	45290039	45290040	46	False	NA
chr21_46230675_46230676	chr21	46230675	46230676	175	False	NA
chr21_46231682_46231683	chr21	46231682	46231683	262	True	2
chr21_46231970_46231971	chr21	46231970	46231971	462	True	2
chr21_46233022_46233023	chr21	46233022	46233023	205	True	2
chr21_46233805_46233806	chr21	46233805	46233806	110	False	NA
chr21_46233954_46233955	chr21	46233954	46233955	252	True	2
chr21_46245020_46245021	chr21	46245020	46245021	140	False	NA
chr21_46245102_46245103	chr21	46245102	46245103	162	False	NA
chr21_46245675_46245676	chr21	46245675	46245676	424	True	4
chr21_46246854_46246855	chr21	46246854	46246855	281	True	2
chr21_46249365_46249366	chr21	46249365	46249366	176	False	NA
chr21_46249690_46249691	chr21	46249690	46249691	33	False	NA
chr21_46251070_46251071	chr21	46251070	46251071	0	False	NA
chr21_46251305_46251306	chr21	46251305	46251306	23	False	NA
chr21_46251897_46251898	chr21	46251897	46251898	748	True	4
chr21_46271869_46271870	chr21	46271869	46271870	617	True	3
chr21_46271933_46271934	chr21	46271933	46271934	640	True	3
chr21_46319905_46319906	chr21	46319905	46319906	474	True	4
chr21_46320516_46320517	chr21	46320516	46320517	733	True	3
chr21_46321532_46321533	chr21	46321532	46321533	330	True	2
chr21_46322291_46322292	chr21	46322291	46322292	2005	True	1
chr21_46389732_46389733	chr21	46389732	46389733	188	False	NA
chr21_46389795_46389796	chr21	46389795	46389796	207	True	5
chr21_46398832_46398833	chr21	46398832	46398833	290	True	5
chr21_46402967_46402968	chr21	46402967	46402968	24	False	NA
chr21_46417203_46417204	chr21	46417203	46417204	14	False	NA
chr21_46423211_46423212	chr21	46423211	46423212	181	False	NA
chr21_46426090_46426091	chr21	46426090	46426091	710	True	3
chr21_46431226_46431227	chr21	46431226	46431227	488	True	5
chr21_46431266_46431267	chr21	46431266	46431267	521	True	5
chr21_46547678_46547679	chr21	46547678	46547679	556	True	4
chr21_46653945_46653946	chr21	46653945	46653946	426	True	5
chr21_46656548_46656549	chr21	46656548	46656549	317	True	2
chr22_15787924_15787925	chr22	15787924	15787925	783	True	6
chr22_17699943_17699944	chr22	17699943	17699944	52	False	NA
chr22_17886995_17886996	chr22	17886995	17886996	73	False	NA
chr22_17889811_17889812	chr22	17889811	17889812	190	False	NA
chr22_17891260_17891261	chr22	17891260	17891261	90	False	NA
chr22_17898113_17898114	chr22	17898113	17898114	236	True	6
chr22_19326474_19326475	chr22	19326474	19326475	3973	True	3
chr22_20091192_20091193	chr22	20091192	20091193	622	True	5
chr22_22308199_22308200	chr22	22308199	22308200	1357	True	3
chr22_23657712_23657713	chr22	23657712	23657713	261	True	2
chr22_23657759_23657760	chr22	23657759	23657760	224	True	2
chr22_23657786_23657787	chr22	23657786	23657787	246	True	2
chr22_23811444_23811445	chr22	23811444	23811445	71	False	NA
chr22_24375089_24375090	chr22	24375089	24375090	109	False	NA
chr22_24375164_24375165	chr22	24375164	24375165	120	False	NA
chr22_24375224_24375225	chr22	24375224	24375225	113	False	NA
chr22_24376845_24376846	chr22	24376845	24376846	91	False	NA
chr22_26490577_26490578	chr22	26490577	26490578	110	False	NA
chr22_27900207_27900208	chr22	27900207	27900208	130	False	NA
chr22_28080646_28080647	chr22	28080646	28080647	12	False	NA
chr22_28574465_28574466	chr22	28574465	28574466	326	True	2
chr22_28574833_28574834	chr22	28574833	28574834	97	False	NA
chr22_28574939_28574940	chr22	28574939	28574940	75	False	NA
chr22_28575089_28575090	chr22	28575089	28575090	84	False	NA
chr22_28575275_28575276	chr22	28575275	28575276	119	False	NA
chr22_28575516_28575517	chr22	28575516	28575517	73	False	NA
chr22_28576011_28576012	chr22	28576011	28576012	259	True	2
chr22_28576032_28576033	chr22	28576032	28576033	263	True	2
chr22_28576048_28576049	chr22	28576048	28576049	286	True	2
chr22_28576083_28576084	chr22	28576083	28576084	297	True	2
chr22_28576245_28576246	chr22	28576245	28576246	62	False	NA
chr22_28576582_28576583	chr22	28576582	28576583	140	False	NA
chr22_28576800_28576801	chr22	28576800	28576801	77	False	NA
chr22_28576823_28576824	chr22	28576823	28576824	93	False	NA
chr22_28576895_28576896	chr22	28576895	28576896	103	False	NA
chr22_28576915_28576916	chr22	28576915	28576916	84	False	NA
chr22_28577285_28577286	chr22	28577285	28577286	97	False	NA
chr22_28577409_28577410	chr22	28577409	28577410	177	False	NA
chr22_28577426_28577427	chr22	28577426	28577427	200	True	2
chr22_28577456_28577457	chr22	28577456	28577457	195	False	NA
chr22_28577502_28577503	chr22	28577502	28577503	209	True	2
chr22_28577556_28577557	chr22	28577556	28577557	152	False	NA
chr22_28577685_28577686	chr22	28577685	28577686	147	False	NA
chr22_28577713_28577714	chr22	28577713	28577714	147	False	NA
chr22_28577772_28577773	chr22	28577772	28577773	84	False	NA
chr22_29275939_29275940	chr22	29275939	29275940	590	True	5
chr22_29276686_29276687	chr22	29276686	29276687	325	True	4
chr22_29287221_29287222	chr22	29287221	29287222	1232	True	4
chr22_29287646_29287647	chr22	29287646	29287647	799	True	4
chr22_29288816_29288817	chr22	29288816	29288817	6249	True	1
chr22_29288838_29288839	chr22	29288838	29288839	6062	True	1
chr22_29289257_29289258	chr22	29289257	29289258	2708	True	6
chr22_29289363_29289364	chr22	29289363	29289364	2324	True	6
chr22_29291016_29291017	chr22	29291016	29291017	4091	True	6
chr22_29291104_29291105	chr22	29291104	29291105	3489	True	6
chr22_29291672_29291673	chr22	29291672	29291673	1395	True	4
chr22_29292112_29292113	chr22	29292112	29292113	2811	True	2
chr22_29449090_29449091	chr22	29449090	29449091	0	False	NA
chr22_30926558_30926559	chr22	30926558	30926559	537	True	6
chr22_30968561_30968562	chr22	30968561	30968562	2335	True	3
chr22_31479401_31479402	chr22	31479401	31479402	0	False	NA
chr22_35263310_35263311	chr22	35263310	35263311	63	False	NA
chr22_37055171_37055172	chr22	37055171	37055172	0	False	NA
chr22_38356541_38356542	chr22	38356541	38356542	428	True	4
chr22_38357312_38357313	chr22	38357312	38357313	187	False	NA
chr22_38359914_38359915	chr22	38359914	38359915	31	False	NA
chr22_38360076_38360077	chr22	38360076	38360077	46	False	NA
chr22_38371423_38371424	chr22	38371423	38371424	113	False	NA
chr22_38371568_38371569	chr22	38371568	38371569	227	True	2
chr22_38371908_38371909	chr22	38371908	38371909	286	True	2
chr22_38372368_38372369	chr22	38372368	38372369	140	False	NA
chr22_38372390_38372391	chr22	38372390	38372391	140	False	NA
chr22_38373144_38373145	chr22	38373144	38373145	240	True	2
chr22_38398765_38398766	chr22	38398765	38398766	294	True	5
chr22_38487622_38487623	chr22	38487622	38487623	274	True	4
chr22_38488130_38488131	chr22	38488130	38488131	13464	True	1
chr22_38488143_38488144	chr22	38488143	38488144	14604	True	1
chr22_38488165_38488166	chr22	38488165	38488166	15376	True	1
chr22_38488194_38488195	chr22	38488194	38488195	13942	True	1
chr22_38488568_38488569	chr22	38488568	38488569	10208	True	1
chr22_38488583_38488584	chr22	38488583	38488584	9681	True	1
chr22_38488605_38488606	chr22	38488605	38488606	9659	True	1
chr22_38488637_38488638	chr22	38488637	38488638	9301	True	1
chr22_38488918_38488919	chr22	38488918	38488919	3516	True	1
chr22_38489007_38489008	chr22	38489007	38489008	5008	True	1
chr22_38489025_38489026	chr22	38489025	38489026	4304	True	1
chr22_38489080_38489081	chr22	38489080	38489081	3997	True	1
chr22_38489096_38489097	chr22	38489096	38489097	4608	True	1
chr22_38489198_38489199	chr22	38489198	38489199	2825	True	3
chr22_38489316_38489317	chr22	38489316	38489317	5145	True	1
chr22_38489380_38489381	chr22	38489380	38489381	7756	True	1
chr22_38489411_38489412	chr22	38489411	38489412	9488	True	1
chr22_38489473_38489474	chr22	38489473	38489474	10761	True	1
chr22_38489506_38489507	chr22	38489506	38489507	10283	True	1
chr22_38489527_38489528	chr22	38489527	38489528	11997	True	1
chr22_38489542_38489543	chr22	38489542	38489543	11774	True	1
chr22_38489626_38489627	chr22	38489626	38489627	5718	True	1
chr22_38489812_38489813	chr22	38489812	38489813	8332	True	1
chr22_38490087_38490088	chr22	38490087	38490088	5570	True	1
chr22_38490432_38490433	chr22	38490432	38490433	8337	True	1
chr22_38490445_38490446	chr22	38490445	38490446	8209	True	1
chr22_38490500_38490501	chr22	38490500	38490501	8611	True	1
chr22_38490633_38490634	chr22	38490633	38490634	5264	True	1
chr22_38490657_38490658	chr22	38490657	38490658	5732	True	1
chr22_38491847_38491848	chr22	38491847	38491848	7666	True	1
chr22_38491878_38491879	chr22	38491878	38491879	7612	True	1
chr22_38491994_38491995	chr22	38491994	38491995	4886	True	3
chr22_38499200_38499201	chr22	38499200	38499201	274	True	5
chr22_38500180_38500181	chr22	38500180	38500181	603	True	3
chr22_38500977_38500978	chr22	38500977	38500978	139	False	NA
chr22_38502417_38502418	chr22	38502417	38502418	1761	True	1
chr22_38505271_38505272	chr22	38505271	38505272	1726	True	6
chr22_38505396_38505397	chr22	38505396	38505397	958	True	6
chr22_39318303_39318304	chr22	39318303	39318304	763	True	4
chr22_40359715_40359716	chr22	40359715	40359716	84	False	NA
chr22_42579136_42579137	chr22	42579136	42579137	103	False	NA
chr22_42615270_42615271	chr22	42615270	42615271	0	False	NA
chr22_42615304_42615305	chr22	42615304	42615305	0	False	NA
chr22_42615358_42615359	chr22	42615358	42615359	0	False	NA
chr22_42615394_42615395	chr22	42615394	42615395	0	False	NA
chr22_45829847_45829848	chr22	45829847	45829848	49	False	NA
chr22_46072982_46072983	chr22	46072982	46072983	53	False	NA
chr22_46088642_46088643	chr22	46088642	46088643	142	False	NA
chr22_50202589_50202590	chr22	50202589	50202590	768	True	4
chr22_50202618_50202619	chr22	50202618	50202619	988	True	4
chr22_50202637_50202638	chr22	50202637	50202638	1007	True	4
chr22_50202660_50202661	chr22	50202660	50202661	1015	True	4
chr22_50202694_50202695	chr22	50202694	50202695	947	True	4
chr22_50202758_50202759	chr22	50202758	50202759	983	True	4
chr22_50202789_50202790	chr22	50202789	50202790	629	True	5
chr22_50202984_50202985	chr22	50202984	50202985	415	True	5
chr22_50203053_50203054	chr22	50203053	50203054	410	True	5
chr22_50203223_50203224	chr22	50203223	50203224	854	True	6
chr22_50203589_50203590	chr22	50203589	50203590	337	True	2
chr22_50203932_50203933	chr22	50203932	50203933	93	False	NA
chr22_50204038_50204039	chr22	50204038	50204039	178	False	NA
chr22_50204074_50204075	chr22	50204074	50204075	186	False	NA
chr22_50204172_50204173	chr22	50204172	50204173	275	True	2
chr22_50204907_50204908	chr22	50204907	50204908	519	True	2
chr22_50390005_50390006	chr22	50390005	50390006	617	True	6
chr22_50595581_50595582	chr22	50595581	50595582	0	False	NA
chr22_50595603_50595604	chr22	50595603	50595604	0	False	NA
chr3_3144676_3144677	chr3	3144676	3144677	0	False	NA
chr3_3144694_3144695	chr3	3144694	3144695	0	False	NA
chr3_3144732_3144733	chr3	3144732	3144733	0	False	NA
chr3_3144746_3144747	chr3	3144746	3144747	264	True	2
chr3_3144804_3144805	chr3	3144804	3144805	8	False	NA
chr3_3145960_3145961	chr3	3145960	3145961	0	False	NA
chr3_3146475_3146476	chr3	3146475	3146476	10	False	NA
chr3_3147499_3147500	chr3	3147499	3147500	0	False	NA
chr3_3147551_3147552	chr3	3147551	3147552	0	False	NA
chr3_3147679_3147680	chr3	3147679	3147680	0	False	NA
chr3_3147930_3147931	chr3	3147930	3147931	0	False	NA
chr3_3147952_3147953	chr3	3147952	3147953	0	False	NA
chr3_3148024_3148025	chr3	3148024	3148025	5	False	NA
chr3_3148098_3148099	chr3	3148098	3148099	5	False	NA
chr3_3148154_3148155	chr3	3148154	3148155	5	False	NA
chr3_3150526_3150527	chr3	3150526	3150527	138	False	NA
chr3_3152212_3152213	chr3	3152212	3152213	17	False	NA
chr3_3152425_3152426	chr3	3152425	3152426	114	False	NA
chr3_3152740_3152741	chr3	3152740	3152741	43	False	NA
chr3_3152781_3152782	chr3	3152781	3152782	43	False	NA
chr3_9371234_9371235	chr3	9371234	9371235	0	False	NA
chr3_9371323_9371324	chr3	9371323	9371324	0	False	NA
chr3_9371448_9371449	chr3	9371448	9371449	0	False	NA
chr3_9434567_9434568	chr3	9434567	9434568	4929	True	3
chr3_9444543_9444544	chr3	9444543	9444544	916	True	3
chr3_9445651_9445652	chr3	9445651	9445652	4010	True	2
chr3_9445985_9445986	chr3	9445985	9445986	299	True	5
chr3_9455183_9455184	chr3	9455183	9455184	341	True	4
chr3_9989974_9989975	chr3	9989974	9989975	374	True	4
chr3_9990347_9990348	chr3	9990347	9990348	773	True	1
chr3_9990400_9990401	chr3	9990400	9990401	0	False	NA
chr3_10003467_10003468	chr3	10003467	10003468	1090	True	4
chr3_10005763_10005764	chr3	10005763	10005764	0	False	NA
chr3_10045178_10045179	chr3	10045178	10045179	3438	True	4
chr3_10045613_10045614	chr3	10045613	10045614	2021	True	4
chr3_10101422_10101423	chr3	10101422	10101423	0	False	NA
chr3_10101446_10101447	chr3	10101446	10101447	0	False	NA
chr3_10282127_10282128	chr3	10282127	10282128	760	True	6
chr3_12836075_12836076	chr3	12836075	12836076	0	False	NA
chr3_12839433_12839434	chr3	12839433	12839434	0	False	NA
chr3_12839453_12839454	chr3	12839453	12839454	0	False	NA
chr3_12839483_12839484	chr3	12839483	12839484	0	False	NA
chr3_12839513_12839514	chr3	12839513	12839514	0	False	NA
chr3_12840150_12840151	chr3	12840150	12840151	0	False	NA
chr3_13368545_13368546	chr3	13368545	13368546	392	True	2
chr3_13369479_13369480	chr3	13369479	13369480	233	True	2
chr3_14945746_14945747	chr3	14945746	14945747	1466	True	2
chr3_14945865_14945866	chr3	14945865	14945866	1698	True	2
chr3_15042609_15042610	chr3	15042609	15042610	600	True	2
chr3_15044605_15044606	chr3	15044605	15044606	365	True	2
chr3_15045067_15045068	chr3	15045067	15045068	550	True	2
chr3_15228052_15228053	chr3	15228052	15228053	206	True	2
chr3_15238127_15238128	chr3	15238127	15238128	25	False	NA
chr3_15247241_15247242	chr3	15247241	15247242	339	True	2
chr3_15247271_15247272	chr3	15247271	15247272	347	True	2
chr3_15568100_15568101	chr3	15568100	15568101	29	False	NA
chr3_15748890_15748891	chr3	15748890	15748891	214	True	2
chr3_15797026_15797027	chr3	15797026	15797027	332	True	2
chr3_23225467_23225468	chr3	23225467	23225468	41	False	NA
chr3_23269666_23269667	chr3	23269666	23269667	25	False	NA
chr3_23919238_23919239	chr3	23919238	23919239	0	False	NA
chr3_25634783_25634784	chr3	25634783	25634784	129	False	NA
chr3_25638318_25638319	chr3	25638318	25638319	719	True	2
chr3_25734956_25734957	chr3	25734956	25734957	176	False	NA
chr3_25735032_25735033	chr3	25735032	25735033	151	False	NA
chr3_25735064_25735065	chr3	25735064	25735065	149	False	NA
chr3_25735108_25735109	chr3	25735108	25735109	128	False	NA
chr3_32329086_32329087	chr3	32329086	32329087	36	False	NA
chr3_32330213_32330214	chr3	32330213	32330214	17	False	NA
chr3_40498946_40498947	chr3	40498946	40498947	39	False	NA
chr3_41961871_41961872	chr3	41961871	41961872	0	False	NA
chr3_42619195_42619196	chr3	42619195	42619196	4183	True	4
chr3_42619244_42619245	chr3	42619244	42619245	0	False	NA
chr3_42619345_42619346	chr3	42619345	42619346	3913	True	2
chr3_42619389_42619390	chr3	42619389	42619390	0	False	NA
chr3_42619503_42619504	chr3	42619503	42619504	3609	True	2
chr3_42619569_42619570	chr3	42619569	42619570	0	False	NA
chr3_42619603_42619604	chr3	42619603	42619604	0	False	NA
chr3_42619625_42619626	chr3	42619625	42619626	4645	True	4
chr3_42619686_42619687	chr3	42619686	42619687	0	False	NA
chr3_42619720_42619721	chr3	42619720	42619721	0	False	NA
chr3_42619722_42619723	chr3	42619722	42619723	7188	True	3
chr3_42619755_42619756	chr3	42619755	42619756	0	False	NA
chr3_42619803_42619804	chr3	42619803	42619804	8628	True	3
chr3_42619810_42619811	chr3	42619810	42619811	0	False	NA
chr3_42630265_42630266	chr3	42630265	42630266	0	False	NA
chr3_42632725_42632726	chr3	42632725	42632726	0	False	NA
chr3_42632805_42632806	chr3	42632805	42632806	0	False	NA
chr3_42632833_42632834	chr3	42632833	42632834	0	False	NA
chr3_42633020_42633021	chr3	42633020	42633021	1946	True	3
chr3_42633048_42633049	chr3	42633048	42633049	0	False	NA
chr3_42637515_42637516	chr3	42637515	42637516	0	False	NA
chr3_42637708_42637709	chr3	42637708	42637709	0	False	NA
chr3_42638919_42638920	chr3	42638919	42638920	0	False	NA
chr3_42639258_42639259	chr3	42639258	42639259	0	False	NA
chr3_44840677_44840678	chr3	44840677	44840678	29	False	NA
chr3_44845091_44845092	chr3	44845091	44845092	485	True	2
chr3_45453285_45453286	chr3	45453285	45453286	38	False	NA
chr3_47883867_47883868	chr3	47883867	47883868	327	True	5
chr3_48165112_48165113	chr3	48165112	48165113	104	False	NA
chr3_48294097_48294098	chr3	48294097	48294098	0	False	NA
chr3_48480376_48480377	chr3	48480376	48480377	0	False	NA
chr3_48927447_48927448	chr3	48927447	48927448	3026	True	4
chr3_48950972_48950973	chr3	48950972	48950973	147	False	NA
chr3_50059091_50059092	chr3	50059091	50059092	582	True	5
chr3_50059258_50059259	chr3	50059258	50059259	411	True	5
chr3_50059327_50059328	chr3	50059327	50059328	377	True	5
chr3_50061579_50061580	chr3	50061579	50061580	4857	True	3
chr3_50061639_50061640	chr3	50061639	50061640	5475	True	3
chr3_50061690_50061691	chr3	50061690	50061691	3943	True	6
chr3_50061819_50061820	chr3	50061819	50061820	4274	True	6
chr3_50061838_50061839	chr3	50061838	50061839	4086	True	6
chr3_52668788_52668789	chr3	52668788	52668789	21	False	NA
chr3_52687666_52687667	chr3	52687666	52687667	3528	True	6
chr3_52690712_52690713	chr3	52690712	52690713	5311	True	3
chr3_52690931_52690932	chr3	52690931	52690932	2865	True	2
chr3_52691097_52691098	chr3	52691097	52691098	1895	True	4
chr3_52691123_52691124	chr3	52691123	52691124	1410	True	5
chr3_52691348_52691349	chr3	52691348	52691349	10561	True	1
chr3_52691719_52691720	chr3	52691719	52691720	883	True	3
chr3_52692225_52692226	chr3	52692225	52692226	1680	True	4
chr3_52692375_52692376	chr3	52692375	52692376	1015	True	3
chr3_52693086_52693087	chr3	52693086	52693087	1821	True	4
chr3_52693179_52693180	chr3	52693179	52693180	2637	True	4
chr3_52693397_52693398	chr3	52693397	52693398	4296	True	3
chr3_52694174_52694175	chr3	52694174	52694175	729	True	2
chr3_56072179_56072180	chr3	56072179	56072180	0	False	NA
chr3_56562053_56562054	chr3	56562053	56562054	314	True	4
chr3_56623578_56623579	chr3	56623578	56623579	464	True	2
chr3_56623751_56623752	chr3	56623751	56623752	334	True	2
chr3_56624454_56624455	chr3	56624454	56624455	88	False	NA
chr3_56671693_56671694	chr3	56671693	56671694	291	True	2
chr3_60668375_60668376	chr3	60668375	60668376	57	False	NA
chr3_60817283_60817284	chr3	60817283	60817284	21	False	NA
chr3_61105560_61105561	chr3	61105560	61105561	23	False	NA
chr3_62281545_62281546	chr3	62281545	62281546	107	False	NA
chr3_65840962_65840963	chr3	65840962	65840963	144	False	NA
chr3_69038926_69038927	chr3	69038926	69038927	0	False	NA
chr3_69056559_69056560	chr3	69056559	69056560	94	False	NA
chr3_71580176_71580177	chr3	71580176	71580177	352	True	6
chr3_71580622_71580623	chr3	71580622	71580623	182	False	NA
chr3_71752822_71752823	chr3	71752822	71752823	0	False	NA
chr3_72931241_72931242	chr3	72931241	72931242	114	False	NA
chr3_100162313_100162314	chr3	100162313	100162314	0	False	NA
chr3_100162336_100162337	chr3	100162336	100162337	0	False	NA
chr3_105402957_105402958	chr3	105402957	105402958	42	False	NA
chr3_109138780_109138781	chr3	109138780	109138781	0	False	NA
chr3_111457421_111457422	chr3	111457421	111457422	13	False	NA
chr3_113011234_113011235	chr3	113011234	113011235	0	False	NA
chr3_113730451_113730452	chr3	113730451	113730452	451	True	5
chr3_118142241_118142242	chr3	118142241	118142242	0	False	NA
chr3_119480751_119480752	chr3	119480751	119480752	73	False	NA
chr3_120193231_120193232	chr3	120193231	120193232	0	False	NA
chr3_121429739_121429740	chr3	121429739	121429740	72	False	NA
chr3_121472832_121472833	chr3	121472832	121472833	37	False	NA
chr3_121509308_121509309	chr3	121509308	121509309	128	False	NA
chr3_121512640_121512641	chr3	121512640	121512641	88	False	NA
chr3_121525593_121525594	chr3	121525593	121525594	53	False	NA
chr3_121525675_121525676	chr3	121525675	121525676	48	False	NA
chr3_121526543_121526544	chr3	121526543	121526544	13	False	NA
chr3_123931306_123931307	chr3	123931306	123931307	435	True	2
chr3_123949146_123949147	chr3	123949146	123949147	939	True	2
chr3_123949279_123949280	chr3	123949279	123949280	308	True	2
chr3_123949306_123949307	chr3	123949306	123949307	283	True	2
chr3_123949553_123949554	chr3	123949553	123949554	1027	True	4
chr3_123950458_123950459	chr3	123950458	123950459	445	True	5
chr3_123950684_123950685	chr3	123950684	123950685	546	True	4
chr3_123950733_123950734	chr3	123950733	123950734	660	True	4
chr3_123950764_123950765	chr3	123950764	123950765	676	True	4
chr3_123950798_123950799	chr3	123950798	123950799	464	True	5
chr3_123950946_123950947	chr3	123950946	123950947	438	True	5
chr3_124738250_124738251	chr3	124738250	124738251	304	True	2
chr3_124738326_124738327	chr3	124738326	124738327	257	True	2
chr3_124738793_124738794	chr3	124738793	124738794	217	True	2
chr3_125242638_125242639	chr3	125242638	125242639	162	False	NA
chr3_126950464_126950465	chr3	126950464	126950465	95	False	NA
chr3_128918959_128918960	chr3	128918959	128918960	71	False	NA
chr3_128919623_128919624	chr3	128919623	128919624	0	False	NA
chr3_132717128_132717129	chr3	132717128	132717129	219	True	5
chr3_132717584_132717585	chr3	132717584	132717585	105	False	NA
chr3_132863896_132863897	chr3	132863896	132863897	0	False	NA
chr3_133649641_133649642	chr3	133649641	133649642	350	True	5
chr3_133649736_133649737	chr3	133649736	133649737	484	True	5
chr3_133649768_133649769	chr3	133649768	133649769	467	True	5
chr3_133652783_133652784	chr3	133652783	133652784	300	True	2
chr3_134783492_134783493	chr3	134783492	134783493	0	False	NA
chr3_136098528_136098529	chr3	136098528	136098529	0	False	NA
chr3_136736337_136736338	chr3	136736337	136736338	179	False	NA
chr3_136736385_136736386	chr3	136736385	136736386	179	False	NA
chr3_136854638_136854639	chr3	136854638	136854639	35	False	NA
chr3_139357820_139357821	chr3	139357820	139357821	78	False	NA
chr3_139584337_139584338	chr3	139584337	139584338	0	False	NA
chr3_140966532_140966533	chr3	140966532	140966533	424	True	5
chr3_140966670_140966671	chr3	140966670	140966671	584	True	4
chr3_140966693_140966694	chr3	140966693	140966694	635	True	4
chr3_140966801_140966802	chr3	140966801	140966802	513	True	5
chr3_141434392_141434393	chr3	141434392	141434393	1595	True	2
chr3_142417725_142417726	chr3	142417725	142417726	252	True	5
chr3_142417754_142417755	chr3	142417754	142417755	221	True	5
chr3_142547589_142547590	chr3	142547589	142547590	61	False	NA
chr3_142561096_142561097	chr3	142561096	142561097	33	False	NA
chr3_142563119_142563120	chr3	142563119	142563120	301	True	2
chr3_142565737_142565738	chr3	142565737	142565738	166	False	NA
chr3_142565864_142565865	chr3	142565864	142565865	228	True	5
chr3_143019307_143019308	chr3	143019307	143019308	845	True	4
chr3_143019445_143019446	chr3	143019445	143019446	496	True	5
chr3_143019489_143019490	chr3	143019489	143019490	565	True	4
chr3_143019795_143019796	chr3	143019795	143019796	1150	True	4
chr3_143020597_143020598	chr3	143020597	143020598	3024	True	2
chr3_143023298_143023299	chr3	143023298	143023299	1348	True	3
chr3_143023527_143023528	chr3	143023527	143023528	775	True	5
chr3_143024215_143024216	chr3	143024215	143024216	1891	True	3
chr3_143024471_143024472	chr3	143024471	143024472	1295	True	5
chr3_143024498_143024499	chr3	143024498	143024499	2048	True	4
chr3_143024532_143024533	chr3	143024532	143024533	2320	True	3
chr3_143024586_143024587	chr3	143024586	143024587	2439	True	3
chr3_143024901_143024902	chr3	143024901	143024902	1016	True	4
chr3_143026733_143026734	chr3	143026733	143026734	502	True	4
chr3_143035853_143035854	chr3	143035853	143035854	263	True	2
chr3_143039615_143039616	chr3	143039615	143039616	166	False	NA
chr3_150560733_150560734	chr3	150560733	150560734	308	True	5
chr3_150583950_150583951	chr3	150583950	150583951	25	False	NA
chr3_151247978_151247979	chr3	151247978	151247979	11	False	NA
chr3_154315002_154315003	chr3	154315002	154315003	1043	True	2
chr3_155879744_155879745	chr3	155879744	155879745	588	True	1
chr3_157152976_157152977	chr3	157152976	157152977	3162	True	4
chr3_160401352_160401353	chr3	160401352	160401353	2605	True	3
chr3_160401412_160401413	chr3	160401412	160401413	2367	True	3
chr3_160401458_160401459	chr3	160401458	160401459	0	False	NA
chr3_160401489_160401490	chr3	160401489	160401490	0	False	NA
chr3_160401683_160401684	chr3	160401683	160401684	0	False	NA
chr3_160401700_160401701	chr3	160401700	160401701	1269	True	4
chr3_160401742_160401743	chr3	160401742	160401743	1286	True	4
chr3_160401753_160401754	chr3	160401753	160401754	0	False	NA
chr3_160401760_160401761	chr3	160401760	160401761	1396	True	4
chr3_160401787_160401788	chr3	160401787	160401788	1573	True	4
chr3_160401818_160401819	chr3	160401818	160401819	0	False	NA
chr3_160401902_160401903	chr3	160401902	160401903	3932	True	4
chr3_160401990_160401991	chr3	160401990	160401991	0	False	NA
chr3_160402029_160402030	chr3	160402029	160402030	0	False	NA
chr3_160402701_160402702	chr3	160402701	160402702	0	False	NA
chr3_160402720_160402721	chr3	160402720	160402721	0	False	NA
chr3_160404340_160404341	chr3	160404340	160404341	0	False	NA
chr3_160404396_160404397	chr3	160404396	160404397	0	False	NA
chr3_160404412_160404413	chr3	160404412	160404413	0	False	NA
chr3_160404477_160404478	chr3	160404477	160404478	0	False	NA
chr3_160404525_160404526	chr3	160404525	160404526	0	False	NA
chr3_160404552_160404553	chr3	160404552	160404553	10721	True	1
chr3_160404583_160404584	chr3	160404583	160404584	0	False	NA
chr3_160404586_160404587	chr3	160404586	160404587	10684	True	1
chr3_160404605_160404606	chr3	160404605	160404606	0	False	NA
chr3_160405634_160405635	chr3	160405634	160405635	1202	True	4
chr3_160405671_160405672	chr3	160405671	160405672	0	False	NA
chr3_160406406_160406407	chr3	160406406	160406407	886	True	2
chr3_160406771_160406772	chr3	160406771	160406772	288	True	2
chr3_160411909_160411910	chr3	160411909	160411910	2945	True	4
chr3_160411940_160411941	chr3	160411940	160411941	0	False	NA
chr3_160411964_160411965	chr3	160411964	160411965	0	False	NA
chr3_160411987_160411988	chr3	160411987	160411988	0	False	NA
chr3_160412005_160412006	chr3	160412005	160412006	0	False	NA
chr3_160412027_160412028	chr3	160412027	160412028	0	False	NA
chr3_160412059_160412060	chr3	160412059	160412060	0	False	NA
chr3_160412102_160412103	chr3	160412102	160412103	2584	True	4
chr3_160412105_160412106	chr3	160412105	160412106	0	False	NA
chr3_160412136_160412137	chr3	160412136	160412137	1939	True	4
chr3_160412177_160412178	chr3	160412177	160412178	0	False	NA
chr3_160412313_160412314	chr3	160412313	160412314	2230	True	4
chr3_160412328_160412329	chr3	160412328	160412329	0	False	NA
chr3_160412356_160412357	chr3	160412356	160412357	0	False	NA
chr3_160412387_160412388	chr3	160412387	160412388	0	False	NA
chr3_160412413_160412414	chr3	160412413	160412414	0	False	NA
chr3_160412439_160412440	chr3	160412439	160412440	0	False	NA
chr3_160412468_160412469	chr3	160412468	160412469	0	False	NA
chr3_160412484_160412485	chr3	160412484	160412485	2195	True	2
chr3_160412514_160412515	chr3	160412514	160412515	0	False	NA
chr3_160412521_160412522	chr3	160412521	160412522	1871	True	2
chr3_160412545_160412546	chr3	160412545	160412546	0	False	NA
chr3_160412568_160412569	chr3	160412568	160412569	1225	True	2
chr3_160412606_160412607	chr3	160412606	160412607	0	False	NA
chr3_160412710_160412711	chr3	160412710	160412711	651	True	2
chr3_160412712_160412713	chr3	160412712	160412713	0	False	NA
chr3_160412724_160412725	chr3	160412724	160412725	590	True	2
chr3_160412745_160412746	chr3	160412745	160412746	0	False	NA
chr3_160412786_160412787	chr3	160412786	160412787	0	False	NA
chr3_160412792_160412793	chr3	160412792	160412793	740	True	2
chr3_160412823_160412824	chr3	160412823	160412824	701	True	2
chr3_160412830_160412831	chr3	160412830	160412831	0	False	NA
chr3_160412838_160412839	chr3	160412838	160412839	624	True	4
chr3_160412932_160412933	chr3	160412932	160412933	703	True	6
chr3_160412939_160412940	chr3	160412939	160412940	0	False	NA
chr3_160412955_160412956	chr3	160412955	160412956	650	True	6
chr3_160412998_160412999	chr3	160412998	160412999	0	False	NA
chr3_160413155_160413156	chr3	160413155	160413156	216	True	2
chr3_160413176_160413177	chr3	160413176	160413177	165	False	NA
chr3_160413215_160413216	chr3	160413215	160413216	0	False	NA
chr3_160413494_160413495	chr3	160413494	160413495	0	False	NA
chr3_160413517_160413518	chr3	160413517	160413518	0	False	NA
chr3_160413545_160413546	chr3	160413545	160413546	0	False	NA
chr3_160413562_160413563	chr3	160413562	160413563	0	False	NA
chr3_160413613_160413614	chr3	160413613	160413614	0	False	NA
chr3_160413622_160413623	chr3	160413622	160413623	2226	True	2
chr3_160413638_160413639	chr3	160413638	160413639	0	False	NA
chr3_160413649_160413650	chr3	160413649	160413650	1444	True	2
chr3_160413655_160413656	chr3	160413655	160413656	0	False	NA
chr3_160413671_160413672	chr3	160413671	160413672	1347	True	2
chr3_160413685_160413686	chr3	160413685	160413686	1116	True	2
chr3_160413717_160413718	chr3	160413717	160413718	0	False	NA
chr3_160413740_160413741	chr3	160413740	160413741	748	True	2
chr3_160413753_160413754	chr3	160413753	160413754	0	False	NA
chr3_160413786_160413787	chr3	160413786	160413787	0	False	NA
chr3_160413886_160413887	chr3	160413886	160413887	290	True	4
chr3_160413928_160413929	chr3	160413928	160413929	298	True	4
chr3_160413948_160413949	chr3	160413948	160413949	319	True	4
chr3_160413954_160413955	chr3	160413954	160413955	0	False	NA
chr3_160413979_160413980	chr3	160413979	160413980	319	True	4
chr3_160413981_160413982	chr3	160413981	160413982	0	False	NA
chr3_160414008_160414009	chr3	160414008	160414009	303	True	4
chr3_160414042_160414043	chr3	160414042	160414043	302	True	4
chr3_160414048_160414049	chr3	160414048	160414049	0	False	NA
chr3_160414073_160414074	chr3	160414073	160414074	0	False	NA
chr3_160414091_160414092	chr3	160414091	160414092	0	False	NA
chr3_160414108_160414109	chr3	160414108	160414109	204	True	2
chr3_160414109_160414110	chr3	160414109	160414110	0	False	NA
chr3_160414139_160414140	chr3	160414139	160414140	0	False	NA
chr3_160414145_160414146	chr3	160414145	160414146	190	False	NA
chr3_160414197_160414198	chr3	160414197	160414198	296	True	2
chr3_160414279_160414280	chr3	160414279	160414280	604	True	2
chr3_160414307_160414308	chr3	160414307	160414308	0	False	NA
chr3_160414313_160414314	chr3	160414313	160414314	1317	True	2
chr3_160414337_160414338	chr3	160414337	160414338	0	False	NA
chr3_160414380_160414381	chr3	160414380	160414381	0	False	NA
chr3_160414413_160414414	chr3	160414413	160414414	0	False	NA
chr3_160414437_160414438	chr3	160414437	160414438	0	False	NA
chr3_160414469_160414470	chr3	160414469	160414470	0	False	NA
chr3_160414501_160414502	chr3	160414501	160414502	0	False	NA
chr3_160414534_160414535	chr3	160414534	160414535	0	False	NA
chr3_160416263_160416264	chr3	160416263	160416264	0	False	NA
chr3_160416288_160416289	chr3	160416288	160416289	0	False	NA
chr3_160416313_160416314	chr3	160416313	160416314	0	False	NA
chr3_160416354_160416355	chr3	160416354	160416355	0	False	NA
chr3_160416368_160416369	chr3	160416368	160416369	0	False	NA
chr3_160416398_160416399	chr3	160416398	160416399	0	False	NA
chr3_160416430_160416431	chr3	160416430	160416431	2698	True	4
chr3_160416436_160416437	chr3	160416436	160416437	0	False	NA
chr3_160416461_160416462	chr3	160416461	160416462	2304	True	4
chr3_160416481_160416482	chr3	160416481	160416482	789	True	4
chr3_160416489_160416490	chr3	160416489	160416490	0	False	NA
chr3_160416514_160416515	chr3	160416514	160416515	0	False	NA
chr3_160416546_160416547	chr3	160416546	160416547	0	False	NA
chr3_160416600_160416601	chr3	160416600	160416601	600	True	2
chr3_160416647_160416648	chr3	160416647	160416648	0	False	NA
chr3_160416666_160416667	chr3	160416666	160416667	0	False	NA
chr3_160417739_160417740	chr3	160417739	160417740	0	False	NA
chr3_160417760_160417761	chr3	160417760	160417761	0	False	NA
chr3_160417777_160417778	chr3	160417777	160417778	0	False	NA
chr3_160417802_160417803	chr3	160417802	160417803	0	False	NA
chr3_160417823_160417824	chr3	160417823	160417824	0	False	NA
chr3_160417846_160417847	chr3	160417846	160417847	0	False	NA
chr3_160417876_160417877	chr3	160417876	160417877	0	False	NA
chr3_160417889_160417890	chr3	160417889	160417890	0	False	NA
chr3_160417916_160417917	chr3	160417916	160417917	0	False	NA
chr3_160418022_160418023	chr3	160418022	160418023	998	True	4
chr3_160418056_160418057	chr3	160418056	160418057	0	False	NA
chr3_160418063_160418064	chr3	160418063	160418064	683	True	4
chr3_160418102_160418103	chr3	160418102	160418103	610	True	4
chr3_160418103_160418104	chr3	160418103	160418104	0	False	NA
chr3_160418136_160418137	chr3	160418136	160418137	0	False	NA
chr3_160419345_160419346	chr3	160419345	160419346	1286	True	2
chr3_160419382_160419383	chr3	160419382	160419383	0	False	NA
chr3_160419402_160419403	chr3	160419402	160419403	0	False	NA
chr3_160419427_160419428	chr3	160419427	160419428	0	False	NA
chr3_160419459_160419460	chr3	160419459	160419460	0	False	NA
chr3_160419486_160419487	chr3	160419486	160419487	0	False	NA
chr3_160419531_160419532	chr3	160419531	160419532	0	False	NA
chr3_160419582_160419583	chr3	160419582	160419583	1518	True	4
chr3_160419614_160419615	chr3	160419614	160419615	0	False	NA
chr3_160419804_160419805	chr3	160419804	160419805	236	True	5
chr3_160419833_160419834	chr3	160419833	160419834	0	False	NA
chr3_160419991_160419992	chr3	160419991	160419992	235	True	2
chr3_160420125_160420126	chr3	160420125	160420126	0	False	NA
chr3_160420759_160420760	chr3	160420759	160420760	0	False	NA
chr3_160420786_160420787	chr3	160420786	160420787	0	False	NA
chr3_160420810_160420811	chr3	160420810	160420811	0	False	NA
chr3_160420845_160420846	chr3	160420845	160420846	0	False	NA
chr3_160420865_160420866	chr3	160420865	160420866	0	False	NA
chr3_160423457_160423458	chr3	160423457	160423458	0	False	NA
chr3_160423479_160423480	chr3	160423479	160423480	0	False	NA
chr3_160423512_160423513	chr3	160423512	160423513	0	False	NA
chr3_160423535_160423536	chr3	160423535	160423536	0	False	NA
chr3_160423561_160423562	chr3	160423561	160423562	0	False	NA
chr3_160423593_160423594	chr3	160423593	160423594	0	False	NA
chr3_160423618_160423619	chr3	160423618	160423619	0	False	NA
chr3_160423644_160423645	chr3	160423644	160423645	0	False	NA
chr3_160423764_160423765	chr3	160423764	160423765	0	False	NA
chr3_160423787_160423788	chr3	160423787	160423788	0	False	NA
chr3_160423810_160423811	chr3	160423810	160423811	0	False	NA
chr3_160423882_160423883	chr3	160423882	160423883	1305	True	4
chr3_160423906_160423907	chr3	160423906	160423907	0	False	NA
chr3_160423927_160423928	chr3	160423927	160423928	0	False	NA
chr3_160424888_160424889	chr3	160424888	160424889	5	False	NA
chr3_160424980_160424981	chr3	160424980	160424981	5	False	NA
chr3_160425002_160425003	chr3	160425002	160425003	0	False	NA
chr3_160426099_160426100	chr3	160426099	160426100	0	False	NA
chr3_160426129_160426130	chr3	160426129	160426130	0	False	NA
chr3_160426154_160426155	chr3	160426154	160426155	0	False	NA
chr3_160426192_160426193	chr3	160426192	160426193	0	False	NA
chr3_160428772_160428773	chr3	160428772	160428773	5	False	NA
chr3_160428797_160428798	chr3	160428797	160428798	5	False	NA
chr3_160428811_160428812	chr3	160428811	160428812	5	False	NA
chr3_160428834_160428835	chr3	160428834	160428835	0	False	NA
chr3_160428869_160428870	chr3	160428869	160428870	0	False	NA
chr3_160428909_160428910	chr3	160428909	160428910	0	False	NA
chr3_160428928_160428929	chr3	160428928	160428929	0	False	NA
chr3_160430623_160430624	chr3	160430623	160430624	0	False	NA
chr3_160430691_160430692	chr3	160430691	160430692	0	False	NA
chr3_160430723_160430724	chr3	160430723	160430724	0	False	NA
chr3_160430788_160430789	chr3	160430788	160430789	0	False	NA
chr3_160431127_160431128	chr3	160431127	160431128	0	False	NA
chr3_160431152_160431153	chr3	160431152	160431153	0	False	NA
chr3_160431180_160431181	chr3	160431180	160431181	0	False	NA
chr3_160431694_160431695	chr3	160431694	160431695	0	False	NA
chr3_160431720_160431721	chr3	160431720	160431721	19	False	NA
chr3_160431741_160431742	chr3	160431741	160431742	26	False	NA
chr3_160431759_160431760	chr3	160431759	160431760	26	False	NA
chr3_160431784_160431785	chr3	160431784	160431785	26	False	NA
chr3_160432324_160432325	chr3	160432324	160432325	13	False	NA
chr3_160432384_160432385	chr3	160432384	160432385	13	False	NA
chr3_160432438_160432439	chr3	160432438	160432439	13	False	NA
chr3_160432470_160432471	chr3	160432470	160432471	8	False	NA
chr3_160432490_160432491	chr3	160432490	160432491	8	False	NA
chr3_160433052_160433053	chr3	160433052	160433053	5	False	NA
chr3_160799236_160799237	chr3	160799236	160799237	0	False	NA
chr3_165811561_165811562	chr3	165811561	165811562	71	False	NA
chr3_165811582_165811583	chr3	165811582	165811583	0	False	NA
chr3_168504159_168504160	chr3	168504159	168504160	0	False	NA
chr3_169581171_169581172	chr3	169581171	169581172	19	False	NA
chr3_169581324_169581325	chr3	169581324	169581325	28	False	NA
chr3_169982877_169982878	chr3	169982877	169982878	0	False	NA
chr3_169982903_169982904	chr3	169982903	169982904	0	False	NA
chr3_172755457_172755458	chr3	172755457	172755458	1223	True	4
chr3_180606553_180606554	chr3	180606553	180606554	0	False	NA
chr3_180606567_180606568	chr3	180606567	180606568	0	False	NA
chr3_180607688_180607689	chr3	180607688	180607689	0	False	NA
chr3_180607756_180607757	chr3	180607756	180607757	0	False	NA
chr3_180607799_180607800	chr3	180607799	180607800	0	False	NA
chr3_180607987_180607988	chr3	180607987	180607988	0	False	NA
chr3_180608436_180608437	chr3	180608436	180608437	0	False	NA
chr3_180608499_180608500	chr3	180608499	180608500	0	False	NA
chr3_180608702_180608703	chr3	180608702	180608703	0	False	NA
chr3_180609852_180609853	chr3	180609852	180609853	0	False	NA
chr3_180609977_180609978	chr3	180609977	180609978	0	False	NA
chr3_180610128_180610129	chr3	180610128	180610129	0	False	NA
chr3_180957224_180957225	chr3	180957224	180957225	304	True	5
chr3_180970046_180970047	chr3	180970046	180970047	779	True	2
chr3_181231734_181231735	chr3	181231734	181231735	5275	True	2
chr3_182501963_182501964	chr3	182501963	182501964	0	False	NA
chr3_183522329_183522330	chr3	183522329	183522330	65	False	NA
chr3_183740365_183740366	chr3	183740365	183740366	75	False	NA
chr3_183740952_183740953	chr3	183740952	183740953	888	True	4
chr3_183743003_183743004	chr3	183743003	183743004	389	True	2
chr3_183760331_183760332	chr3	183760331	183760332	173	False	NA
chr3_183760724_183760725	chr3	183760724	183760725	76	False	NA
chr3_184848581_184848582	chr3	184848581	184848582	176	False	NA
chr3_185417399_185417400	chr3	185417399	185417400	16	False	NA
chr3_185923995_185923996	chr3	185923995	185923996	1849	True	5
chr3_185931560_185931561	chr3	185931560	185931561	2960	True	6
chr3_185931613_185931614	chr3	185931613	185931614	3869	True	3
chr3_185931657_185931658	chr3	185931657	185931658	3940	True	4
chr3_185931696_185931697	chr3	185931696	185931697	3431	True	4
chr3_185931732_185931733	chr3	185931732	185931733	2947	True	4
chr3_185931793_185931794	chr3	185931793	185931794	2292	True	2
chr3_185931930_185931931	chr3	185931930	185931931	1603	True	5
chr3_186785353_186785354	chr3	186785353	186785354	1542	True	4
chr3_186787923_186787924	chr3	186787923	186787924	6098	True	4
chr3_186787991_186787992	chr3	186787991	186787992	2171	True	4
chr3_186788016_186788017	chr3	186788016	186788017	2838	True	4
chr3_186788091_186788092	chr3	186788091	186788092	3796	True	4
chr3_186788129_186788130	chr3	186788129	186788130	3482	True	4
chr3_186788156_186788157	chr3	186788156	186788157	3748	True	4
chr3_186788171_186788172	chr3	186788171	186788172	3839	True	4
chr3_186788187_186788188	chr3	186788187	186788188	3866	True	4
chr3_186788209_186788210	chr3	186788209	186788210	4303	True	4
chr3_186788230_186788231	chr3	186788230	186788231	5110	True	4
chr3_186788245_186788246	chr3	186788245	186788246	5130	True	4
chr3_186788296_186788297	chr3	186788296	186788297	3963	True	5
chr3_186788363_186788364	chr3	186788363	186788364	5306	True	4
chr3_186788379_186788380	chr3	186788379	186788380	5324	True	4
chr3_186788436_186788437	chr3	186788436	186788437	7143	True	3
chr3_186788460_186788461	chr3	186788460	186788461	8002	True	3
chr3_186788500_186788501	chr3	186788500	186788501	7539	True	3
chr3_186788520_186788521	chr3	186788520	186788521	7328	True	3
chr3_186788546_186788547	chr3	186788546	186788547	6816	True	3
chr3_186788662_186788663	chr3	186788662	186788663	2277	True	4
chr3_186788718_186788719	chr3	186788718	186788719	4103	True	4
chr3_186788769_186788770	chr3	186788769	186788770	4422	True	4
chr3_186788843_186788844	chr3	186788843	186788844	4099	True	4
chr3_186788966_186788967	chr3	186788966	186788967	3712	True	4
chr3_186789113_186789114	chr3	186789113	186789114	11005	True	3
chr3_186790259_186790260	chr3	186790259	186790260	1567	True	2
chr3_190600016_190600017	chr3	190600016	190600017	6	False	NA
chr3_194433574_194433575	chr3	194433574	194433575	94	False	NA
chr3_194629703_194629704	chr3	194629703	194629704	245	True	2
chr3_195209853_195209854	chr3	195209853	195209854	10	False	NA
chr3_196063077_196063078	chr3	196063077	196063078	3522	True	4
chr3_196063281_196063282	chr3	196063281	196063282	2998	True	4
chr3_196910358_196910359	chr3	196910358	196910359	621	True	4
chr3_197614473_197614474	chr3	197614473	197614474	1509	True	2
chr3_197614636_197614637	chr3	197614636	197614637	2805	True	6
chr3_197614857_197614858	chr3	197614857	197614858	1775	True	6
chr3_197614879_197614880	chr3	197614879	197614880	1765	True	6
chr3_197614916_197614917	chr3	197614916	197614917	1760	True	6
chr3_197850352_197850353	chr3	197850352	197850353	91	False	NA
chr4_157126_157127	chr4	157126	157127	86	False	NA
chr4_159395_159396	chr4	159395	159396	14	False	NA
chr4_440430_440431	chr4	440430	440431	0	False	NA
chr4_440457_440458	chr4	440457	440458	0	False	NA
chr4_441353_441354	chr4	441353	441354	0	False	NA
chr4_441471_441472	chr4	441471	441472	0	False	NA
chr4_441535_441536	chr4	441535	441536	0	False	NA
chr4_441616_441617	chr4	441616	441617	0	False	NA
chr4_441647_441648	chr4	441647	441648	0	False	NA
chr4_441673_441674	chr4	441673	441674	0	False	NA
chr4_442061_442062	chr4	442061	442062	0	False	NA
chr4_442101_442102	chr4	442101	442102	0	False	NA
chr4_442274_442275	chr4	442274	442275	0	False	NA
chr4_442333_442334	chr4	442333	442334	0	False	NA
chr4_442569_442570	chr4	442569	442570	0	False	NA
chr4_442597_442598	chr4	442597	442598	0	False	NA
chr4_442942_442943	chr4	442942	442943	0	False	NA
chr4_442984_442985	chr4	442984	442985	0	False	NA
chr4_443078_443079	chr4	443078	443079	0	False	NA
chr4_443167_443168	chr4	443167	443168	0	False	NA
chr4_443754_443755	chr4	443754	443755	0	False	NA
chr4_443835_443836	chr4	443835	443836	0	False	NA
chr4_443993_443994	chr4	443993	443994	0	False	NA
chr4_444257_444258	chr4	444257	444258	0	False	NA
chr4_444271_444272	chr4	444271	444272	0	False	NA
chr4_444325_444326	chr4	444325	444326	0	False	NA
chr4_447328_447329	chr4	447328	447329	174	False	NA
chr4_447434_447435	chr4	447434	447435	0	False	NA
chr4_447458_447459	chr4	447458	447459	171	False	NA
chr4_447679_447680	chr4	447679	447680	269	True	5
chr4_873496_873497	chr4	873496	873497	121	False	NA
chr4_874675_874676	chr4	874675	874676	240	True	2
chr4_1321514_1321515	chr4	1321514	1321515	383	True	2
chr4_1938437_1938438	chr4	1938437	1938438	1395	True	4
chr4_1965622_1965623	chr4	1965622	1965623	355	True	2
chr4_2948293_2948294	chr4	2948293	2948294	0	False	NA
chr4_2951117_2951118	chr4	2951117	2951118	6	False	NA
chr4_2951142_2951143	chr4	2951142	2951143	14	False	NA
chr4_2952391_2952392	chr4	2952391	2952392	0	False	NA
chr4_2953523_2953524	chr4	2953523	2953524	0	False	NA
chr4_2956751_2956752	chr4	2956751	2956752	0	False	NA
chr4_2962658_2962659	chr4	2962658	2962659	235	True	5
chr4_3195576_3195577	chr4	3195576	3195577	50	False	NA
chr4_4761488_4761489	chr4	4761488	4761489	72	False	NA
chr4_7582612_7582613	chr4	7582612	7582613	79366	True	1
chr4_17808539_17808540	chr4	17808539	17808540	563	True	3
chr4_17809562_17809563	chr4	17809562	17809563	1022	True	4
chr4_17810175_17810176	chr4	17810175	17810176	707	True	2
chr4_17815117_17815118	chr4	17815117	17815118	226	True	2
chr4_17815265_17815266	chr4	17815265	17815266	416	True	2
chr4_17815389_17815390	chr4	17815389	17815390	496	True	2
chr4_17816139_17816140	chr4	17816139	17816140	623	True	3
chr4_17817795_17817796	chr4	17817795	17817796	195	False	NA
chr4_17818105_17818106	chr4	17818105	17818106	1080	True	2
chr4_17821474_17821475	chr4	17821474	17821475	231	True	4
chr4_17823463_17823464	chr4	17823463	17823464	216	True	2
chr4_17836460_17836461	chr4	17836460	17836461	167	False	NA
chr4_17840256_17840257	chr4	17840256	17840257	589	True	5
chr4_17840280_17840281	chr4	17840280	17840281	532	True	5
chr4_17840330_17840331	chr4	17840330	17840331	337	True	5
chr4_17840462_17840463	chr4	17840462	17840463	259	True	2
chr4_17840483_17840484	chr4	17840483	17840484	257	True	2
chr4_17840591_17840592	chr4	17840591	17840592	981	True	2
chr4_20274483_20274484	chr4	20274483	20274484	141	False	NA
chr4_20358279_20358280	chr4	20358279	20358280	54	False	NA
chr4_20414626_20414627	chr4	20414626	20414627	33	False	NA
chr4_20557249_20557250	chr4	20557249	20557250	0	False	NA
chr4_20557700_20557701	chr4	20557700	20557701	0	False	NA
chr4_21445278_21445279	chr4	21445278	21445279	0	False	NA
chr4_22421217_22421218	chr4	22421217	22421218	169	False	NA
chr4_24539779_24539780	chr4	24539779	24539780	1184	True	3
chr4_24539979_24539980	chr4	24539979	24539980	1376	True	4
chr4_24540029_24540030	chr4	24540029	24540030	1616	True	4
chr4_38132815_38132816	chr4	38132815	38132816	7	False	NA
chr4_39844484_39844485	chr4	39844484	39844485	190	False	NA
chr4_39923334_39923335	chr4	39923334	39923335	338	True	4
chr4_39926136_39926137	chr4	39926136	39926137	457	True	5
chr4_39926182_39926183	chr4	39926182	39926183	421	True	5
chr4_39926196_39926197	chr4	39926196	39926197	421	True	5
chr4_39926217_39926218	chr4	39926217	39926218	374	True	5
chr4_39926523_39926524	chr4	39926523	39926524	928	True	3
chr4_39926959_39926960	chr4	39926959	39926960	217	True	5
chr4_48849894_48849895	chr4	48849894	48849895	1168	True	4
chr4_48849934_48849935	chr4	48849934	48849935	836	True	4
chr4_48852047_48852048	chr4	48852047	48852048	2099	True	2
chr4_48852227_48852228	chr4	48852227	48852228	1309	True	2
chr4_48852251_48852252	chr4	48852251	48852252	0	False	NA
chr4_48852266_48852267	chr4	48852266	48852267	594	True	2
chr4_48852394_48852395	chr4	48852394	48852395	0	False	NA
chr4_48856732_48856733	chr4	48856732	48856733	218	True	5
chr4_48856998_48856999	chr4	48856998	48856999	241	True	2
chr4_55968384_55968385	chr4	55968384	55968385	131	False	NA
chr4_56354585_56354586	chr4	56354585	56354586	164	False	NA
chr4_56498121_56498122	chr4	56498121	56498122	160	False	NA
chr4_56498172_56498173	chr4	56498172	56498173	136	False	NA
chr4_57006313_57006314	chr4	57006313	57006314	51	False	NA
chr4_67493269_67493270	chr4	67493269	67493270	179	False	NA
chr4_68321922_68321923	chr4	68321922	68321923	924	True	4
chr4_68321945_68321946	chr4	68321945	68321946	1160	True	4
chr4_68321996_68321997	chr4	68321996	68321997	1067	True	4
chr4_68322213_68322214	chr4	68322213	68322214	1556	True	3
chr4_68322256_68322257	chr4	68322256	68322257	1194	True	4
chr4_68322299_68322300	chr4	68322299	68322300	1585	True	4
chr4_68322676_68322677	chr4	68322676	68322677	1561	True	2
chr4_70825935_70825936	chr4	70825935	70825936	325	True	5
chr4_73093918_73093919	chr4	73093918	73093919	132	False	NA
chr4_73100459_73100460	chr4	73100459	73100460	263	True	5
chr4_73100683_73100684	chr4	73100683	73100684	214	True	5
chr4_73139237_73139238	chr4	73139237	73139238	238	True	5
chr4_73233930_73233931	chr4	73233930	73233931	742	True	2
chr4_73250593_73250594	chr4	73250593	73250594	658	True	1
chr4_75799194_75799195	chr4	75799194	75799195	111	False	NA
chr4_75963897_75963898	chr4	75963897	75963898	47	False	NA
chr4_77161113_77161114	chr4	77161113	77161114	71	False	NA
chr4_82355256_82355257	chr4	82355256	82355257	5473	True	3
chr4_82426364_82426365	chr4	82426364	82426365	951	True	2
chr4_82426443_82426444	chr4	82426443	82426444	5913	True	3
chr4_82426637_82426638	chr4	82426637	82426638	3824	True	3
chr4_82426684_82426685	chr4	82426684	82426685	2551	True	3
chr4_82427037_82427038	chr4	82427037	82427038	540	True	5
chr4_82429040_82429041	chr4	82429040	82429041	5135	True	3
chr4_88057003_88057004	chr4	88057003	88057004	50	False	NA
chr4_88226807_88226808	chr4	88226807	88226808	0	False	NA
chr4_94244168_94244169	chr4	94244168	94244169	25	False	NA
chr4_95469315_95469316	chr4	95469315	95469316	0	False	NA
chr4_98556503_98556504	chr4	98556503	98556504	0	False	NA
chr4_98893091_98893092	chr4	98893091	98893092	369	True	2
chr4_98893133_98893134	chr4	98893133	98893134	369	True	2
chr4_98893152_98893153	chr4	98893152	98893153	375	True	2
chr4_99037796_99037797	chr4	99037796	99037797	359	True	5
chr4_99037858_99037859	chr4	99037858	99037859	260	True	5
chr4_102679907_102679908	chr4	102679907	102679908	18	False	NA
chr4_102679930_102679931	chr4	102679930	102679931	18	False	NA
chr4_102680587_102680588	chr4	102680587	102680588	17	False	NA
chr4_103141106_103141107	chr4	103141106	103141107	321	True	2
chr4_103141254_103141255	chr4	103141254	103141255	26	False	NA
chr4_103143009_103143010	chr4	103143009	103143010	157	False	NA
chr4_103143238_103143239	chr4	103143238	103143239	344	True	2
chr4_103145027_103145028	chr4	103145027	103145028	486	True	2
chr4_103145707_103145708	chr4	103145707	103145708	211	True	2
chr4_103145800_103145801	chr4	103145800	103145801	324	True	2
chr4_103149079_103149080	chr4	103149079	103149080	627	True	2
chr4_103149097_103149098	chr4	103149097	103149098	712	True	2
chr4_103161314_103161315	chr4	103161314	103161315	1296	True	2
chr4_103174646_103174647	chr4	103174646	103174647	400	True	5
chr4_103195474_103195475	chr4	103195474	103195475	54	False	NA
chr4_105671773_105671774	chr4	105671773	105671774	0	False	NA
chr4_106244508_106244509	chr4	106244508	106244509	225	True	5
chr4_106247514_106247515	chr4	106247514	106247515	525	True	2
chr4_108054279_108054280	chr4	108054279	108054280	0	False	NA
chr4_112585650_112585651	chr4	112585650	112585651	147	False	NA
chr4_112647090_112647091	chr4	112647090	112647091	0	False	NA
chr4_112647303_112647304	chr4	112647303	112647304	0	False	NA
chr4_112647338_112647339	chr4	112647338	112647339	0	False	NA
chr4_112647543_112647544	chr4	112647543	112647544	0	False	NA
chr4_112647692_112647693	chr4	112647692	112647693	0	False	NA
chr4_112649578_112649579	chr4	112649578	112649579	0	False	NA
chr4_112649600_112649601	chr4	112649600	112649601	0	False	NA
chr4_113066399_113066400	chr4	113066399	113066400	0	False	NA
chr4_113066418_113066419	chr4	113066418	113066419	0	False	NA
chr4_113420350_113420351	chr4	113420350	113420351	0	False	NA
chr4_118302881_118302882	chr4	118302881	118302882	31	False	NA
chr4_119451784_119451785	chr4	119451784	119451785	48	False	NA
chr4_119483856_119483857	chr4	119483856	119483857	41	False	NA
chr4_122272035_122272036	chr4	122272035	122272036	82	False	NA
chr4_127809590_127809591	chr4	127809590	127809591	78	False	NA
chr4_128081724_128081725	chr4	128081724	128081725	66	False	NA
chr4_128113359_128113360	chr4	128113359	128113360	84	False	NA
chr4_129055824_129055825	chr4	129055824	129055825	821	True	4
chr4_137654828_137654829	chr4	137654828	137654829	33	False	NA
chr4_139125219_139125220	chr4	139125219	139125220	849	True	2
chr4_139301726_139301727	chr4	139301726	139301727	0	False	NA
chr4_139360884_139360885	chr4	139360884	139360885	298	True	5
chr4_144186762_144186763	chr4	144186762	144186763	0	False	NA
chr4_144186780_144186781	chr4	144186780	144186781	334	True	2
chr4_145146117_145146118	chr4	145146117	145146118	187	False	NA
chr4_150834339_150834340	chr4	150834339	150834340	197	False	NA
chr4_151102875_151102876	chr4	151102875	151102876	0	False	NA
chr4_151102898_151102899	chr4	151102898	151102899	0	False	NA
chr4_151103092_151103093	chr4	151103092	151103093	1962	True	2
chr4_151103539_151103540	chr4	151103539	151103540	664	True	5
chr4_151104205_151104206	chr4	151104205	151104206	0	False	NA
chr4_151104506_151104507	chr4	151104506	151104507	0	False	NA
chr4_155704541_155704542	chr4	155704541	155704542	606	True	2
chr4_158794656_158794657	chr4	158794656	158794657	37	False	NA
chr4_163136334_163136335	chr4	163136334	163136335	47	False	NA
chr4_163518003_163518004	chr4	163518003	163518004	187	False	NA
chr4_170069236_170069237	chr4	170069236	170069237	185	False	NA
chr4_170605133_170605134	chr4	170605133	170605134	64	False	NA
chr4_172036893_172036894	chr4	172036893	172036894	172	False	NA
chr4_175933509_175933510	chr4	175933509	175933510	0	False	NA
chr4_177353458_177353459	chr4	177353458	177353459	0	False	NA
chr4_177353497_177353498	chr4	177353497	177353498	0	False	NA
chr4_177354561_177354562	chr4	177354561	177354562	166	False	NA
chr4_184697812_184697813	chr4	184697812	184697813	600	True	2
chr5_293411_293412	chr5	293411	293412	0	False	NA
chr5_461311_461312	chr5	461311	461312	260	True	4
chr5_656777_656778	chr5	656777	656778	310	True	6
chr5_881566_881567	chr5	881566	881567	1418	True	5
chr5_1491061_1491062	chr5	1491061	1491062	311	True	5
chr5_1569361_1569362	chr5	1569361	1569362	915	True	6
chr5_1571796_1571797	chr5	1571796	1571797	489	True	6
chr5_1579656_1579657	chr5	1579656	1579657	1250	True	6
chr5_1580456_1580457	chr5	1580456	1580457	388	True	5
chr5_1580688_1580689	chr5	1580688	1580689	285	True	5
chr5_1580858_1580859	chr5	1580858	1580859	445	True	2
chr5_1580927_1580928	chr5	1580927	1580928	621	True	2
chr5_1580997_1580998	chr5	1580997	1580998	531	True	2
chr5_1581126_1581127	chr5	1581126	1581127	371	True	2
chr5_1581400_1581401	chr5	1581400	1581401	830	True	2
chr5_1581461_1581462	chr5	1581461	1581462	842	True	2
chr5_1581590_1581591	chr5	1581590	1581591	610	True	2
chr5_5452179_5452180	chr5	5452179	5452180	177	False	NA
chr5_5475964_5475965	chr5	5475964	5475965	251	True	2
chr5_5476859_5476860	chr5	5476859	5476860	57	False	NA
chr5_5477078_5477079	chr5	5477078	5477079	224	True	2
chr5_5478605_5478606	chr5	5478605	5478606	17	False	NA
chr5_6605220_6605221	chr5	6605220	6605221	1807	True	5
chr5_6606798_6606799	chr5	6606798	6606799	995	True	2
chr5_6606917_6606918	chr5	6606917	6606918	1280	True	2
chr5_6620602_6620603	chr5	6620602	6620603	206	True	5
chr5_6714851_6714852	chr5	6714851	6714852	1611	True	3
chr5_6714869_6714870	chr5	6714869	6714870	2078	True	3
chr5_6714955_6714956	chr5	6714955	6714956	1231	True	4
chr5_6715212_6715213	chr5	6715212	6715213	1056	True	6
chr5_7756588_7756589	chr5	7756588	7756589	0	False	NA
chr5_7867628_7867629	chr5	7867628	7867629	0	False	NA
chr5_7868004_7868005	chr5	7868004	7868005	0	False	NA
chr5_7897404_7897405	chr5	7897404	7897405	51	False	NA
chr5_7897923_7897924	chr5	7897923	7897924	131	False	NA
chr5_8328574_8328575	chr5	8328574	8328575	7	False	NA
chr5_8328707_8328708	chr5	8328707	8328708	5	False	NA
chr5_8330183_8330184	chr5	8330183	8330184	6	False	NA
chr5_8330801_8330802	chr5	8330801	8330802	7	False	NA
chr5_8331186_8331187	chr5	8331186	8331187	0	False	NA
chr5_8331258_8331259	chr5	8331258	8331259	0	False	NA
chr5_8332185_8332186	chr5	8332185	8332186	0	False	NA
chr5_8334502_8334503	chr5	8334502	8334503	0	False	NA
chr5_8334554_8334555	chr5	8334554	8334555	5	False	NA
chr5_8334572_8334573	chr5	8334572	8334573	5	False	NA
chr5_8334739_8334740	chr5	8334739	8334740	5	False	NA
chr5_8334852_8334853	chr5	8334852	8334853	0	False	NA
chr5_8334909_8334910	chr5	8334909	8334910	0	False	NA
chr5_8334930_8334931	chr5	8334930	8334931	0	False	NA
chr5_8335005_8335006	chr5	8335005	8335006	0	False	NA
chr5_8335027_8335028	chr5	8335027	8335028	0	False	NA
chr5_8335049_8335050	chr5	8335049	8335050	0	False	NA
chr5_8335312_8335313	chr5	8335312	8335313	0	False	NA
chr5_8335326_8335327	chr5	8335326	8335327	0	False	NA
chr5_8335639_8335640	chr5	8335639	8335640	0	False	NA
chr5_8335675_8335676	chr5	8335675	8335676	0	False	NA
chr5_8335712_8335713	chr5	8335712	8335713	0	False	NA
chr5_8335735_8335736	chr5	8335735	8335736	0	False	NA
chr5_8335804_8335805	chr5	8335804	8335805	0	False	NA
chr5_8335822_8335823	chr5	8335822	8335823	0	False	NA
chr5_8336028_8336029	chr5	8336028	8336029	5	False	NA
chr5_8336064_8336065	chr5	8336064	8336065	5	False	NA
chr5_8336091_8336092	chr5	8336091	8336092	5	False	NA
chr5_8336171_8336172	chr5	8336171	8336172	11	False	NA
chr5_8336195_8336196	chr5	8336195	8336196	6	False	NA
chr5_8336341_8336342	chr5	8336341	8336342	0	False	NA
chr5_8336406_8336407	chr5	8336406	8336407	0	False	NA
chr5_8336486_8336487	chr5	8336486	8336487	0	False	NA
chr5_10254404_10254405	chr5	10254404	10254405	179	False	NA
chr5_10400872_10400873	chr5	10400872	10400873	4351	True	3
chr5_10401268_10401269	chr5	10401268	10401269	2633	True	4
chr5_10401318_10401319	chr5	10401318	10401319	2841	True	4
chr5_10401348_10401349	chr5	10401348	10401349	2873	True	4
chr5_10401439_10401440	chr5	10401439	10401440	3492	True	4
chr5_10401732_10401733	chr5	10401732	10401733	2522	True	3
chr5_11117093_11117094	chr5	11117093	11117094	0	False	NA
chr5_14219855_14219856	chr5	14219855	14219856	43	False	NA
chr5_14221233_14221234	chr5	14221233	14221234	224	True	2
chr5_14221824_14221825	chr5	14221824	14221825	183	False	NA
chr5_14222149_14222150	chr5	14222149	14222150	224	True	2
chr5_14459927_14459928	chr5	14459927	14459928	194	False	NA
chr5_14481788_14481789	chr5	14481788	14481789	304	True	5
chr5_14481811_14481812	chr5	14481811	14481812	315	True	5
chr5_21535038_21535039	chr5	21535038	21535039	0	False	NA
chr5_27472881_27472882	chr5	27472881	27472882	121	False	NA
chr5_27475220_27475221	chr5	27475220	27475221	498	True	2
chr5_27475771_27475772	chr5	27475771	27475772	3526	True	6
chr5_27476072_27476073	chr5	27476072	27476073	4116	True	6
chr5_27477391_27477392	chr5	27477391	27477392	3416	True	6
chr5_27477502_27477503	chr5	27477502	27477503	3613	True	6
chr5_27477855_27477856	chr5	27477855	27477856	4686	True	6
chr5_27478046_27478047	chr5	27478046	27478047	1596	True	6
chr5_27478143_27478144	chr5	27478143	27478144	2034	True	6
chr5_27478212_27478213	chr5	27478212	27478213	1611	True	2
chr5_27478240_27478241	chr5	27478240	27478241	1908	True	5
chr5_27478262_27478263	chr5	27478262	27478263	1634	True	5
chr5_27478314_27478315	chr5	27478314	27478315	1826	True	5
chr5_27478347_27478348	chr5	27478347	27478348	1307	True	5
chr5_27478408_27478409	chr5	27478408	27478409	1541	True	5
chr5_27478456_27478457	chr5	27478456	27478457	1175	True	5
chr5_27478501_27478502	chr5	27478501	27478502	1182	True	5
chr5_27478539_27478540	chr5	27478539	27478540	806	True	2
chr5_27478558_27478559	chr5	27478558	27478559	801	True	2
chr5_27478572_27478573	chr5	27478572	27478573	751	True	2
chr5_27479607_27479608	chr5	27479607	27479608	1674	True	6
chr5_27479935_27479936	chr5	27479935	27479936	2479	True	6
chr5_27486382_27486383	chr5	27486382	27486383	3367	True	6
chr5_27489707_27489708	chr5	27489707	27489708	950	True	6
chr5_31459419_31459420	chr5	31459419	31459420	75	False	NA
chr5_31467188_31467189	chr5	31467188	31467189	72	False	NA
chr5_32385270_32385271	chr5	32385270	32385271	324	True	5
chr5_32385465_32385466	chr5	32385465	32385466	959	True	5
chr5_32427381_32427382	chr5	32427381	32427382	534	True	3
chr5_33460043_33460044	chr5	33460043	33460044	987	True	4
chr5_33461145_33461146	chr5	33461145	33461146	2299	True	2
chr5_34195236_34195237	chr5	34195236	34195237	850	True	4
chr5_34195259_34195260	chr5	34195259	34195260	850	True	4
chr5_34922890_34922891	chr5	34922890	34922891	469	True	2
chr5_35139212_35139213	chr5	35139212	35139213	0	False	NA
chr5_36195073_36195074	chr5	36195073	36195074	0	False	NA
chr5_36986478_36986479	chr5	36986478	36986479	522	True	4
chr5_36995605_36995606	chr5	36995605	36995606	1261	True	2
chr5_37157939_37157940	chr5	37157939	37157940	6	False	NA
chr5_37165111_37165112	chr5	37165111	37165112	54	False	NA
chr5_37226250_37226251	chr5	37226250	37226251	37	False	NA
chr5_37229876_37229877	chr5	37229876	37229877	39	False	NA
chr5_37308881_37308882	chr5	37308881	37308882	103	False	NA
chr5_37350823_37350824	chr5	37350823	37350824	151	False	NA
chr5_37568955_37568956	chr5	37568955	37568956	0	False	NA
chr5_38950832_38950833	chr5	38950832	38950833	598	True	2
chr5_38958241_38958242	chr5	38958241	38958242	159	False	NA
chr5_38961111_38961112	chr5	38961111	38961112	159	False	NA
chr5_40834265_40834266	chr5	40834265	40834266	37090	True	1
chr5_43134566_43134567	chr5	43134566	43134567	274	True	2
chr5_43134597_43134598	chr5	43134597	43134598	158	False	NA
chr5_43134709_43134710	chr5	43134709	43134710	217	True	5
chr5_43136372_43136373	chr5	43136372	43136373	287	True	5
chr5_43136501_43136502	chr5	43136501	43136502	824	True	6
chr5_43136662_43136663	chr5	43136662	43136663	162	False	NA
chr5_43502355_43502356	chr5	43502355	43502356	5	False	NA
chr5_43613239_43613240	chr5	43613239	43613240	59	False	NA
chr5_43613392_43613393	chr5	43613392	43613393	41	False	NA
chr5_43613415_43613416	chr5	43613415	43613416	35	False	NA
chr5_54267563_54267564	chr5	54267563	54267564	271	True	2
chr5_55285797_55285798	chr5	55285797	55285798	0	False	NA
chr5_55289315_55289316	chr5	55289315	55289316	0	False	NA
chr5_55338593_55338594	chr5	55338593	55338594	438	True	5
chr5_55338803_55338804	chr5	55338803	55338804	132	False	NA
chr5_55405655_55405656	chr5	55405655	55405656	304	True	5
chr5_55955448_55955449	chr5	55955448	55955449	320	True	5
chr5_55955856_55955857	chr5	55955856	55955857	459	True	6
chr5_57236049_57236050	chr5	57236049	57236050	1596	True	4
chr5_57236102_57236103	chr5	57236102	57236103	1251	True	4
chr5_57237488_57237489	chr5	57237488	57237489	740	True	2
chr5_57237533_57237534	chr5	57237533	57237534	807	True	2
chr5_59585991_59585992	chr5	59585991	59585992	152	False	NA
chr5_59586509_59586510	chr5	59586509	59586510	34	False	NA
chr5_59587937_59587938	chr5	59587937	59587938	64	False	NA
chr5_60599012_60599013	chr5	60599012	60599013	110	False	NA
chr5_60914794_60914795	chr5	60914794	60914795	308	True	2
chr5_60915098_60915099	chr5	60915098	60915099	97	False	NA
chr5_60981628_60981629	chr5	60981628	60981629	72	False	NA
chr5_61337663_61337664	chr5	61337663	61337664	42	False	NA
chr5_61374564_61374565	chr5	61374564	61374565	5	False	NA
chr5_61377370_61377371	chr5	61377370	61377371	5	False	NA
chr5_61377969_61377970	chr5	61377969	61377970	7	False	NA
chr5_61378091_61378092	chr5	61378091	61378092	7	False	NA
chr5_65518808_65518809	chr5	65518808	65518809	110	False	NA
chr5_65527103_65527104	chr5	65527103	65527104	212	True	5
chr5_65528406_65528407	chr5	65528406	65528407	269	True	2
chr5_65528869_65528870	chr5	65528869	65528870	234	True	2
chr5_65538005_65538006	chr5	65538005	65538006	125	False	NA
chr5_65538114_65538115	chr5	65538114	65538115	202	True	2
chr5_65538627_65538628	chr5	65538627	65538628	156	False	NA
chr5_65538694_65538695	chr5	65538694	65538695	278	True	2
chr5_65548314_65548315	chr5	65548314	65548315	50	False	NA
chr5_65550179_65550180	chr5	65550179	65550180	149	False	NA
chr5_65552750_65552751	chr5	65552750	65552751	260	True	2
chr5_65552773_65552774	chr5	65552773	65552774	259	True	2
chr5_65552843_65552844	chr5	65552843	65552844	197	False	NA
chr5_65552908_65552909	chr5	65552908	65552909	208	True	2
chr5_65552962_65552963	chr5	65552962	65552963	153	False	NA
chr5_65552995_65552996	chr5	65552995	65552996	152	False	NA
chr5_65553048_65553049	chr5	65553048	65553049	229	True	2
chr5_65553066_65553067	chr5	65553066	65553067	157	False	NA
chr5_65553088_65553089	chr5	65553088	65553089	160	False	NA
chr5_65553103_65553104	chr5	65553103	65553104	134	False	NA
chr5_65553258_65553259	chr5	65553258	65553259	87	False	NA
chr5_65553363_65553364	chr5	65553363	65553364	109	False	NA
chr5_65554640_65554641	chr5	65554640	65554641	192	False	NA
chr5_65554666_65554667	chr5	65554666	65554667	235	True	2
chr5_65554745_65554746	chr5	65554745	65554746	491	True	2
chr5_65556137_65556138	chr5	65556137	65556138	591	True	4
chr5_65559982_65559983	chr5	65559982	65559983	298	True	5
chr5_65560036_65560037	chr5	65560036	65560037	318	True	5
chr5_65560318_65560319	chr5	65560318	65560319	373	True	5
chr5_65567206_65567207	chr5	65567206	65567207	148	False	NA
chr5_65568905_65568906	chr5	65568905	65568906	364	True	2
chr5_65576389_65576390	chr5	65576389	65576390	230	True	5
chr5_65577094_65577095	chr5	65577094	65577095	888	True	2
chr5_66028160_66028161	chr5	66028160	66028161	178	False	NA
chr5_66158123_66158124	chr5	66158123	66158124	673	True	3
chr5_66158329_66158330	chr5	66158329	66158330	554	True	4
chr5_66158468_66158469	chr5	66158468	66158469	586	True	4
chr5_66159128_66159129	chr5	66159128	66159129	1829	True	2
chr5_66162673_66162674	chr5	66162673	66162674	685	True	4
chr5_66163187_66163188	chr5	66163187	66163188	563	True	4
chr5_66163989_66163990	chr5	66163989	66163990	989	True	2
chr5_66624162_66624163	chr5	66624162	66624163	5	False	NA
chr5_69116118_69116119	chr5	69116118	69116119	0	False	NA
chr5_69116169_69116170	chr5	69116169	69116170	0	False	NA
chr5_70076766_70076767	chr5	70076766	70076767	0	False	NA
chr5_71047989_71047990	chr5	71047989	71047990	13	False	NA
chr5_72897497_72897498	chr5	72897497	72897498	195	False	NA
chr5_72897643_72897644	chr5	72897643	72897644	264	True	5
chr5_72906068_72906069	chr5	72906068	72906069	502	True	5
chr5_72906307_72906308	chr5	72906307	72906308	201	True	5
chr5_77124995_77124996	chr5	77124995	77124996	15	False	NA
chr5_77143878_77143879	chr5	77143878	77143879	15	False	NA
chr5_77144609_77144610	chr5	77144609	77144610	11	False	NA
chr5_79312541_79312542	chr5	79312541	79312542	281	True	2
chr5_79397916_79397917	chr5	79397916	79397917	73	False	NA
chr5_79614112_79614113	chr5	79614112	79614113	783	True	3
chr5_79619897_79619898	chr5	79619897	79619898	1002	True	5
chr5_79619920_79619921	chr5	79619920	79619921	1034	True	5
chr5_79640830_79640831	chr5	79640830	79640831	1067	True	4
chr5_79641348_79641349	chr5	79641348	79641349	544	True	5
chr5_79641446_79641447	chr5	79641446	79641447	577	True	5
chr5_79641470_79641471	chr5	79641470	79641471	525	True	5
chr5_79641489_79641490	chr5	79641489	79641490	574	True	5
chr5_79641816_79641817	chr5	79641816	79641817	448	True	4
chr5_79648889_79648890	chr5	79648889	79648890	225	True	5
chr5_79649430_79649431	chr5	79649430	79649431	302	True	5
chr5_80438578_80438579	chr5	80438578	80438579	0	False	NA
chr5_80448168_80448169	chr5	80448168	80448169	0	False	NA
chr5_80448347_80448348	chr5	80448347	80448348	0	False	NA
chr5_80449700_80449701	chr5	80449700	80449701	0	False	NA
chr5_80450495_80450496	chr5	80450495	80450496	0	False	NA
chr5_80450530_80450531	chr5	80450530	80450531	0	False	NA
chr5_80456150_80456151	chr5	80456150	80456151	49	False	NA
chr5_80456296_80456297	chr5	80456296	80456297	85	False	NA
chr5_80456364_80456365	chr5	80456364	80456365	141	False	NA
chr5_80456387_80456388	chr5	80456387	80456388	161	False	NA
chr5_80456417_80456418	chr5	80456417	80456418	0	False	NA
chr5_80473850_80473851	chr5	80473850	80473851	0	False	NA
chr5_80651451_80651452	chr5	80651451	80651452	4654	True	6
chr5_80674751_80674752	chr5	80674751	80674752	160	False	NA
chr5_81249635_81249636	chr5	81249635	81249636	0	False	NA
chr5_81249737_81249738	chr5	81249737	81249738	0	False	NA
chr5_81249767_81249768	chr5	81249767	81249768	72	False	NA
chr5_81249817_81249818	chr5	81249817	81249818	58	False	NA
chr5_82276405_82276406	chr5	82276405	82276406	0	False	NA
chr5_82276850_82276851	chr5	82276850	82276851	432	True	4
chr5_83522511_83522512	chr5	83522511	83522512	57	False	NA
chr5_83522608_83522609	chr5	83522608	83522609	47	False	NA
chr5_83537091_83537092	chr5	83537091	83537092	0	False	NA
chr5_83537195_83537196	chr5	83537195	83537196	0	False	NA
chr5_83537477_83537478	chr5	83537477	83537478	0	False	NA
chr5_83537850_83537851	chr5	83537850	83537851	0	False	NA
chr5_83537879_83537880	chr5	83537879	83537880	0	False	NA
chr5_83538039_83538040	chr5	83538039	83538040	0	False	NA
chr5_83538317_83538318	chr5	83538317	83538318	0	False	NA
chr5_83538369_83538370	chr5	83538369	83538370	0	False	NA
chr5_83538472_83538473	chr5	83538472	83538473	0	False	NA
chr5_83538863_83538864	chr5	83538863	83538864	0	False	NA
chr5_83539012_83539013	chr5	83539012	83539013	0	False	NA
chr5_83539417_83539418	chr5	83539417	83539418	0	False	NA
chr5_83539438_83539439	chr5	83539438	83539439	0	False	NA
chr5_83539580_83539581	chr5	83539580	83539581	0	False	NA
chr5_83539612_83539613	chr5	83539612	83539613	0	False	NA
chr5_83539647_83539648	chr5	83539647	83539648	0	False	NA
chr5_83539848_83539849	chr5	83539848	83539849	0	False	NA
chr5_83539997_83539998	chr5	83539997	83539998	0	False	NA
chr5_83540133_83540134	chr5	83540133	83540134	0	False	NA
chr5_83540401_83540402	chr5	83540401	83540402	0	False	NA
chr5_83540743_83540744	chr5	83540743	83540744	0	False	NA
chr5_83540829_83540830	chr5	83540829	83540830	0	False	NA
chr5_83541761_83541762	chr5	83541761	83541762	0	False	NA
chr5_83541904_83541905	chr5	83541904	83541905	0	False	NA
chr5_87356394_87356395	chr5	87356394	87356395	213	True	5
chr5_87368080_87368081	chr5	87368080	87368081	49	False	NA
chr5_87368137_87368138	chr5	87368137	87368138	655	True	4
chr5_87390846_87390847	chr5	87390846	87390847	584	True	5
chr5_87392273_87392274	chr5	87392273	87392274	476	True	5
chr5_87392753_87392754	chr5	87392753	87392754	1273	True	2
chr5_87392809_87392810	chr5	87392809	87392810	937	True	2
chr5_87393030_87393031	chr5	87393030	87393031	562	True	5
chr5_87393075_87393076	chr5	87393075	87393076	511	True	5
chr5_88202633_88202634	chr5	88202633	88202634	584	True	5
chr5_88287020_88287021	chr5	88287020	88287021	484	True	5
chr5_88287036_88287037	chr5	88287036	88287037	468	True	5
chr5_90625951_90625952	chr5	90625951	90625952	19	False	NA
chr5_90629093_90629094	chr5	90629093	90629094	10	False	NA
chr5_90629754_90629755	chr5	90629754	90629755	6	False	NA
chr5_90644117_90644118	chr5	90644117	90644118	6	False	NA
chr5_90644150_90644151	chr5	90644150	90644151	6	False	NA
chr5_90646412_90646413	chr5	90646412	90646413	27	False	NA
chr5_90691396_90691397	chr5	90691396	90691397	246	True	2
chr5_90693151_90693152	chr5	90693151	90693152	210	True	2
chr5_90702111_90702112	chr5	90702111	90702112	8	False	NA
chr5_90720321_90720322	chr5	90720321	90720322	42	False	NA
chr5_90749879_90749880	chr5	90749879	90749880	5	False	NA
chr5_90749900_90749901	chr5	90749900	90749901	5	False	NA
chr5_90749992_90749993	chr5	90749992	90749993	5	False	NA
chr5_90750105_90750106	chr5	90750105	90750106	0	False	NA
chr5_90750208_90750209	chr5	90750208	90750209	11	False	NA
chr5_90795106_90795107	chr5	90795106	90795107	290	True	2
chr5_93583650_93583651	chr5	93583650	93583651	0	False	NA
chr5_93583739_93583740	chr5	93583739	93583740	8	False	NA
chr5_93583756_93583757	chr5	93583756	93583757	8	False	NA
chr5_93583879_93583880	chr5	93583879	93583880	14	False	NA
chr5_93583917_93583918	chr5	93583917	93583918	14	False	NA
chr5_93583957_93583958	chr5	93583957	93583958	35	False	NA
chr5_93950950_93950951	chr5	93950950	93950951	40	False	NA
chr5_94652864_94652865	chr5	94652864	94652865	174	False	NA
chr5_94671714_94671715	chr5	94671714	94671715	212	True	2
chr5_95474393_95474394	chr5	95474393	95474394	65	False	NA
chr5_95495309_95495310	chr5	95495309	95495310	81	False	NA
chr5_95512845_95512846	chr5	95512845	95512846	656	True	5
chr5_95512920_95512921	chr5	95512920	95512921	601	True	5
chr5_95513099_95513100	chr5	95513099	95513100	91	False	NA
chr5_95516891_95516892	chr5	95516891	95516892	690	True	2
chr5_95521037_95521038	chr5	95521037	95521038	33	False	NA
chr5_95522024_95522025	chr5	95522024	95522025	280	True	2
chr5_96771684_96771685	chr5	96771684	96771685	0	False	NA
chr5_96772711_96772712	chr5	96772711	96772712	0	False	NA
chr5_96995460_96995461	chr5	96995460	96995461	65	False	NA
chr5_97389178_97389179	chr5	97389178	97389179	0	False	NA
chr5_98859897_98859898	chr5	98859897	98859898	231	True	2
chr5_98863243_98863244	chr5	98863243	98863244	374	True	5
chr5_98863344_98863345	chr5	98863344	98863345	378	True	5
chr5_98869047_98869048	chr5	98869047	98869048	60	False	NA
chr5_98869083_98869084	chr5	98869083	98869084	54	False	NA
chr5_98872403_98872404	chr5	98872403	98872404	534	True	2
chr5_98873478_98873479	chr5	98873478	98873479	130	False	NA
chr5_98873504_98873505	chr5	98873504	98873505	125	False	NA
chr5_98881740_98881741	chr5	98881740	98881741	34	False	NA
chr5_98888058_98888059	chr5	98888058	98888059	685	True	2
chr5_98893231_98893232	chr5	98893231	98893232	19	False	NA
chr5_98900284_98900285	chr5	98900284	98900285	55	False	NA
chr5_98901348_98901349	chr5	98901348	98901349	745	True	2
chr5_98901402_98901403	chr5	98901402	98901403	567	True	2
chr5_98901437_98901438	chr5	98901437	98901438	105	False	NA
chr5_98901466_98901467	chr5	98901466	98901467	8	False	NA
chr5_98901612_98901613	chr5	98901612	98901613	43	False	NA
chr5_98901637_98901638	chr5	98901637	98901638	43	False	NA
chr5_98901744_98901745	chr5	98901744	98901745	40	False	NA
chr5_102870230_102870231	chr5	102870230	102870231	0	False	NA
chr5_104121267_104121268	chr5	104121267	104121268	1054	True	2
chr5_104138050_104138051	chr5	104138050	104138051	511	True	2
chr5_104150739_104150740	chr5	104150739	104150740	609	True	4
chr5_104150949_104150950	chr5	104150949	104150950	929	True	4
chr5_104151000_104151001	chr5	104151000	104151001	846	True	4
chr5_104237606_104237607	chr5	104237606	104237607	386	True	2
chr5_104237669_104237670	chr5	104237669	104237670	408	True	2
chr5_104238139_104238140	chr5	104238139	104238140	298	True	2
chr5_104263138_104263139	chr5	104263138	104263139	181	False	NA
chr5_107657574_107657575	chr5	107657574	107657575	35	False	NA
chr5_107670024_107670025	chr5	107670024	107670025	83	False	NA
chr5_109292550_109292551	chr5	109292550	109292551	1107	True	2
chr5_109699729_109699730	chr5	109699729	109699730	11	False	NA
chr5_111099479_111099480	chr5	111099479	111099480	32	False	NA
chr5_111105456_111105457	chr5	111105456	111105457	194	False	NA
chr5_113539190_113539191	chr5	113539190	113539191	278	True	2
chr5_113540063_113540064	chr5	113540063	113540064	16	False	NA
chr5_113559389_113559390	chr5	113559389	113559390	95	False	NA
chr5_113559473_113559474	chr5	113559473	113559474	125	False	NA
chr5_113559536_113559537	chr5	113559536	113559537	106	False	NA
chr5_113559560_113559561	chr5	113559560	113559561	113	False	NA
chr5_113559587_113559588	chr5	113559587	113559588	89	False	NA
chr5_113559748_113559749	chr5	113559748	113559749	209	True	2
chr5_113559780_113559781	chr5	113559780	113559781	202	True	2
chr5_113559817_113559818	chr5	113559817	113559818	193	False	NA
chr5_113559999_113560000	chr5	113559999	113560000	138	False	NA
chr5_113560019_113560020	chr5	113560019	113560020	138	False	NA
chr5_113560193_113560194	chr5	113560193	113560194	134	False	NA
chr5_113560226_113560227	chr5	113560226	113560227	134	False	NA
chr5_113560521_113560522	chr5	113560521	113560522	163	False	NA
chr5_113560579_113560580	chr5	113560579	113560580	159	False	NA
chr5_113560615_113560616	chr5	113560615	113560616	183	False	NA
chr5_113560831_113560832	chr5	113560831	113560832	251	True	5
chr5_113584788_113584789	chr5	113584788	113584789	108	False	NA
chr5_113592231_113592232	chr5	113592231	113592232	292	True	2
chr5_113592879_113592880	chr5	113592879	113592880	17	False	NA
chr5_118974818_118974819	chr5	118974818	118974819	0	False	NA
chr5_119473328_119473329	chr5	119473328	119473329	45	False	NA
chr5_126565616_126565617	chr5	126565616	126565617	23	False	NA
chr5_126807879_126807880	chr5	126807879	126807880	95	False	NA
chr5_126820849_126820850	chr5	126820849	126820850	812	True	4
chr5_128388569_128388570	chr5	128388569	128388570	0	False	NA
chr5_131479457_131479458	chr5	131479457	131479458	621	True	2
chr5_132579682_132579683	chr5	132579682	132579683	543	True	2
chr5_132588105_132588106	chr5	132588105	132588106	1200	True	2
chr5_132588119_132588120	chr5	132588119	132588120	1034	True	2
chr5_132588139_132588140	chr5	132588139	132588140	679	True	2
chr5_132588604_132588605	chr5	132588604	132588605	431	True	2
chr5_132588684_132588685	chr5	132588684	132588685	786	True	2
chr5_132595060_132595061	chr5	132595060	132595061	1002	True	2
chr5_132604278_132604279	chr5	132604278	132604279	164	False	NA
chr5_132605057_132605058	chr5	132605057	132605058	124	False	NA
chr5_132608954_132608955	chr5	132608954	132608955	49	False	NA
chr5_132609239_132609240	chr5	132609239	132609240	796	True	2
chr5_132609277_132609278	chr5	132609277	132609278	941	True	2
chr5_132609453_132609454	chr5	132609453	132609454	602	True	2
chr5_132637123_132637124	chr5	132637123	132637124	0	False	NA
chr5_132637162_132637163	chr5	132637162	132637163	0	False	NA
chr5_132637183_132637184	chr5	132637183	132637184	0	False	NA
chr5_132702154_132702155	chr5	132702154	132702155	0	False	NA
chr5_132702561_132702562	chr5	132702561	132702562	0	False	NA
chr5_132702588_132702589	chr5	132702588	132702589	0	False	NA
chr5_132703010_132703011	chr5	132703010	132703011	0	False	NA
chr5_132703057_132703058	chr5	132703057	132703058	0	False	NA
chr5_133959410_133959411	chr5	133959410	133959411	180	False	NA
chr5_134198519_134198520	chr5	134198519	134198520	55	False	NA
chr5_134773683_134773684	chr5	134773683	134773684	1342	True	2
chr5_134777744_134777745	chr5	134777744	134777745	2722	True	4
chr5_134788640_134788641	chr5	134788640	134788641	1352	True	4
chr5_134788920_134788921	chr5	134788920	134788921	250	True	5
chr5_134789058_134789059	chr5	134789058	134789059	545	True	5
chr5_134790166_134790167	chr5	134790166	134790167	1461	True	2
chr5_134790194_134790195	chr5	134790194	134790195	1500	True	2
chr5_134790456_134790457	chr5	134790456	134790457	2117	True	2
chr5_134811684_134811685	chr5	134811684	134811685	809	True	2
chr5_135933673_135933674	chr5	135933673	135933674	26	False	NA
chr5_135934013_135934014	chr5	135934013	135934014	91	False	NA
chr5_135934065_135934066	chr5	135934065	135934066	5	False	NA
chr5_135935431_135935432	chr5	135935431	135935432	209	True	2
chr5_135936149_135936150	chr5	135936149	135936150	49	False	NA
chr5_135936766_135936767	chr5	135936766	135936767	300	True	5
chr5_135936852_135936853	chr5	135936852	135936853	0	False	NA
chr5_135936902_135936903	chr5	135936902	135936903	0	False	NA
chr5_135936923_135936924	chr5	135936923	135936924	0	False	NA
chr5_135937143_135937144	chr5	135937143	135937144	0	False	NA
chr5_135937260_135937261	chr5	135937260	135937261	99	False	NA
chr5_135937302_135937303	chr5	135937302	135937303	82	False	NA
chr5_135937331_135937332	chr5	135937331	135937332	135	False	NA
chr5_135940607_135940608	chr5	135940607	135940608	0	False	NA
chr5_135940674_135940675	chr5	135940674	135940675	0	False	NA
chr5_135940730_135940731	chr5	135940730	135940731	0	False	NA
chr5_135940784_135940785	chr5	135940784	135940785	0	False	NA
chr5_135940839_135940840	chr5	135940839	135940840	0	False	NA
chr5_138018595_138018596	chr5	138018595	138018596	167	False	NA
chr5_138018646_138018647	chr5	138018646	138018647	88	False	NA
chr5_138018869_138018870	chr5	138018869	138018870	103	False	NA
chr5_138428209_138428210	chr5	138428209	138428210	548	True	4
chr5_138429121_138429122	chr5	138429121	138429122	77	False	NA
chr5_138512202_138512203	chr5	138512202	138512203	750	True	3
chr5_138512431_138512432	chr5	138512431	138512432	371	True	4
chr5_138559690_138559691	chr5	138559690	138559691	704	True	4
chr5_138566869_138566870	chr5	138566869	138566870	1011	True	2
chr5_138999897_138999898	chr5	138999897	138999898	265	True	2
chr5_139279116_139279117	chr5	139279116	139279117	0	False	NA
chr5_139279238_139279239	chr5	139279238	139279239	2171	True	1
chr5_139279270_139279271	chr5	139279270	139279271	0	False	NA
chr5_139281019_139281020	chr5	139281019	139281020	2064	True	1
chr5_139303115_139303116	chr5	139303115	139303116	785	True	3
chr5_139303780_139303781	chr5	139303780	139303781	347	True	6
chr5_139309496_139309497	chr5	139309496	139309497	401	True	4
chr5_139310110_139310111	chr5	139310110	139310111	594	True	5
chr5_139310163_139310164	chr5	139310163	139310164	657	True	5
chr5_139310196_139310197	chr5	139310196	139310197	634	True	5
chr5_139311780_139311781	chr5	139311780	139311781	1071	True	3
chr5_139314991_139314992	chr5	139314991	139314992	484	True	5
chr5_139315181_139315182	chr5	139315181	139315182	1964	True	3
chr5_139315688_139315689	chr5	139315688	139315689	3048	True	4
chr5_139316068_139316069	chr5	139316068	139316069	5176	True	3
chr5_139318145_139318146	chr5	139318145	139318146	513	True	4
chr5_139318464_139318465	chr5	139318464	139318465	311	True	4
chr5_139320758_139320759	chr5	139320758	139320759	158	False	NA
chr5_139322198_139322199	chr5	139322198	139322199	180	False	NA
chr5_139322283_139322284	chr5	139322283	139322284	144	False	NA
chr5_139323030_139323031	chr5	139323030	139323031	1077	True	2
chr5_139323148_139323149	chr5	139323148	139323149	77	False	NA
chr5_139323268_139323269	chr5	139323268	139323269	88	False	NA
chr5_139324880_139324881	chr5	139324880	139324881	60	False	NA
chr5_139325674_139325675	chr5	139325674	139325675	4616	True	2
chr5_139325963_139325964	chr5	139325963	139325964	2655	True	4
chr5_139326434_139326435	chr5	139326434	139326435	717	True	4
chr5_139368755_139368756	chr5	139368755	139368756	0	False	NA
chr5_139368792_139368793	chr5	139368792	139368793	0	False	NA
chr5_139368864_139368865	chr5	139368864	139368865	0	False	NA
chr5_140496476_140496477	chr5	140496476	140496477	883	True	2
chr5_141526314_141526315	chr5	141526314	141526315	2274	True	4
chr5_141583239_141583240	chr5	141583239	141583240	1923	True	2
chr5_143353113_143353114	chr5	143353113	143353114	59	False	NA
chr5_146049779_146049780	chr5	146049779	146049780	6	False	NA
chr5_146113516_146113517	chr5	146113516	146113517	0	False	NA
chr5_146113637_146113638	chr5	146113637	146113638	0	False	NA
chr5_146114131_146114132	chr5	146114131	146114132	0	False	NA
chr5_146130168_146130169	chr5	146130168	146130169	1738	True	4
chr5_146130207_146130208	chr5	146130207	146130208	1284	True	4
chr5_146132809_146132810	chr5	146132809	146132810	769	True	5
chr5_146140287_146140288	chr5	146140287	146140288	1725	True	4
chr5_146141320_146141321	chr5	146141320	146141321	588	True	4
chr5_146142278_146142279	chr5	146142278	146142279	1603	True	1
chr5_146142752_146142753	chr5	146142752	146142753	1042	True	5
chr5_146143096_146143097	chr5	146143096	146143097	1793	True	4
chr5_146143160_146143161	chr5	146143160	146143161	1066	True	4
chr5_146143205_146143206	chr5	146143205	146143206	960	True	5
chr5_146143231_146143232	chr5	146143231	146143232	1111	True	5
chr5_146143290_146143291	chr5	146143290	146143291	1105	True	5
chr5_146143330_146143331	chr5	146143330	146143331	945	True	5
chr5_146143641_146143642	chr5	146143641	146143642	1116	True	5
chr5_146143668_146143669	chr5	146143668	146143669	498	True	5
chr5_146143685_146143686	chr5	146143685	146143686	504	True	5
chr5_146144009_146144010	chr5	146144009	146144010	175	False	NA
chr5_146144203_146144204	chr5	146144203	146144204	1335	True	5
chr5_146144352_146144353	chr5	146144352	146144353	3574	True	4
chr5_146144421_146144422	chr5	146144421	146144422	4793	True	4
chr5_146144553_146144554	chr5	146144553	146144554	5726	True	4
chr5_146144614_146144615	chr5	146144614	146144615	4418	True	4
chr5_146144720_146144721	chr5	146144720	146144721	3214	True	3
chr5_146144776_146144777	chr5	146144776	146144777	1594	True	6
chr5_146144789_146144790	chr5	146144789	146144790	1509	True	6
chr5_146144898_146144899	chr5	146144898	146144899	542	True	4
chr5_146144964_146144965	chr5	146144964	146144965	456	True	4
chr5_146144980_146144981	chr5	146144980	146144981	419	True	4
chr5_146145408_146145409	chr5	146145408	146145409	307	True	3
chr5_146145423_146145424	chr5	146145423	146145424	307	True	3
chr5_146145583_146145584	chr5	146145583	146145584	70	False	NA
chr5_146145671_146145672	chr5	146145671	146145672	123	False	NA
chr5_146145867_146145868	chr5	146145867	146145868	426	True	5
chr5_146146537_146146538	chr5	146146537	146146538	1003	True	1
chr5_146147407_146147408	chr5	146147407	146147408	1069	True	3
chr5_146148464_146148465	chr5	146148464	146148465	1098	True	4
chr5_146149485_146149486	chr5	146149485	146149486	1040	True	2
chr5_146149559_146149560	chr5	146149559	146149560	1813	True	4
chr5_146149590_146149591	chr5	146149590	146149591	2733	True	2
chr5_146149699_146149700	chr5	146149699	146149700	2897	True	2
chr5_146151172_146151173	chr5	146151172	146151173	115	False	NA
chr5_146151221_146151222	chr5	146151221	146151222	154	False	NA
chr5_146151256_146151257	chr5	146151256	146151257	135	False	NA
chr5_146151274_146151275	chr5	146151274	146151275	128	False	NA
chr5_146151303_146151304	chr5	146151303	146151304	206	True	5
chr5_146151476_146151477	chr5	146151476	146151477	263	True	2
chr5_146151495_146151496	chr5	146151495	146151496	200	True	2
chr5_146151511_146151512	chr5	146151511	146151512	200	True	2
chr5_146151534_146151535	chr5	146151534	146151535	182	False	NA
chr5_146151601_146151602	chr5	146151601	146151602	377	True	2
chr5_146151837_146151838	chr5	146151837	146151838	1714	True	2
chr5_146159320_146159321	chr5	146159320	146159321	283	True	2
chr5_146162250_146162251	chr5	146162250	146162251	5	False	NA
chr5_146471611_146471612	chr5	146471611	146471612	1352	True	5
chr5_146473466_146473467	chr5	146473466	146473467	641	True	2
chr5_146473652_146473653	chr5	146473652	146473653	306	True	2
chr5_146474528_146474529	chr5	146474528	146474529	280	True	2
chr5_146474797_146474798	chr5	146474797	146474798	479	True	5
chr5_146480130_146480131	chr5	146480130	146480131	3112	True	2
chr5_146480385_146480386	chr5	146480385	146480386	1458	True	4
chr5_146481245_146481246	chr5	146481245	146481246	1159	True	5
chr5_146481334_146481335	chr5	146481334	146481335	1922	True	2
chr5_146481757_146481758	chr5	146481757	146481758	1485	True	4
chr5_146481830_146481831	chr5	146481830	146481831	1779	True	4
chr5_146481880_146481881	chr5	146481880	146481881	1705	True	4
chr5_146482085_146482086	chr5	146482085	146482086	417	True	2
chr5_146482138_146482139	chr5	146482138	146482139	513	True	4
chr5_146482289_146482290	chr5	146482289	146482290	725	True	4
chr5_146482411_146482412	chr5	146482411	146482412	852	True	4
chr5_146482431_146482432	chr5	146482431	146482432	665	True	4
chr5_146482470_146482471	chr5	146482470	146482471	770	True	5
chr5_146482582_146482583	chr5	146482582	146482583	2706	True	2
chr5_146483051_146483052	chr5	146483051	146483052	1783	True	2
chr5_146483192_146483193	chr5	146483192	146483193	803	True	5
chr5_146483307_146483308	chr5	146483307	146483308	760	True	5
chr5_146483528_146483529	chr5	146483528	146483529	3893	True	4
chr5_146488173_146488174	chr5	146488173	146488174	341	True	2
chr5_146488251_146488252	chr5	146488251	146488252	466	True	2
chr5_146488336_146488337	chr5	146488336	146488337	650	True	2
chr5_146489171_146489172	chr5	146489171	146489172	861	True	2
chr5_146489198_146489199	chr5	146489198	146489199	829	True	2
chr5_146496690_146496691	chr5	146496690	146496691	497	True	6
chr5_146498697_146498698	chr5	146498697	146498698	3551	True	4
chr5_146502951_146502952	chr5	146502951	146502952	158	False	NA
chr5_148413344_148413345	chr5	148413344	148413345	93	False	NA
chr5_149500800_149500801	chr5	149500800	149500801	660	True	4
chr5_151776649_151776650	chr5	151776649	151776650	487	True	5
chr5_151776760_151776761	chr5	151776760	151776761	290	True	4
chr5_151803303_151803304	chr5	151803303	151803304	932	True	3
chr5_154755482_154755483	chr5	154755482	154755483	12573	True	1
chr5_157308171_157308172	chr5	157308171	157308172	15	False	NA
chr5_160112132_160112133	chr5	160112132	160112133	368	True	3
chr5_163483349_163483350	chr5	163483349	163483350	0	False	NA
chr5_163483368_163483369	chr5	163483368	163483369	0	False	NA
chr5_163484064_163484065	chr5	163484064	163484065	614	True	2
chr5_163484101_163484102	chr5	163484101	163484102	0	False	NA
chr5_163484153_163484154	chr5	163484153	163484154	0	False	NA
chr5_163484184_163484185	chr5	163484184	163484185	0	False	NA
chr5_168494078_168494079	chr5	168494078	168494079	427	True	2
chr5_168494178_168494179	chr5	168494178	168494179	272	True	2
chr5_168494228_168494229	chr5	168494228	168494229	239	True	2
chr5_168495016_168495017	chr5	168495016	168495017	886	True	3
chr5_168495641_168495642	chr5	168495641	168495642	696	True	4
chr5_168518090_168518091	chr5	168518090	168518091	784	True	4
chr5_168563019_168563020	chr5	168563019	168563020	748	True	3
chr5_168563628_168563629	chr5	168563628	168563629	464	True	4
chr5_170917937_170917938	chr5	170917937	170917938	75	False	NA
chr5_170918004_170918005	chr5	170918004	170918005	38	False	NA
chr5_170938901_170938902	chr5	170938901	170938902	0	False	NA
chr5_170939393_170939394	chr5	170939393	170939394	0	False	NA
chr5_171077725_171077726	chr5	171077725	171077726	14	False	NA
chr5_171078146_171078147	chr5	171078146	171078147	0	False	NA
chr5_171388075_171388076	chr5	171388075	171388076	7215	True	1
chr5_171391293_171391294	chr5	171391293	171391294	8449	True	1
chr5_171392253_171392254	chr5	171392253	171392254	455	True	5
chr5_171392600_171392601	chr5	171392600	171392601	394	True	5
chr5_171392658_171392659	chr5	171392658	171392659	685	True	5
chr5_171392828_171392829	chr5	171392828	171392829	392	True	2
chr5_171392906_171392907	chr5	171392906	171392907	879	True	2
chr5_171394054_171394055	chr5	171394054	171394055	1076	True	1
chr5_171395974_171395975	chr5	171395974	171395975	634	True	3
chr5_171400284_171400285	chr5	171400284	171400285	1707	True	4
chr5_171400470_171400471	chr5	171400470	171400471	846	True	6
chr5_172256923_172256924	chr5	172256923	172256924	206	True	5
chr5_172257716_172257717	chr5	172257716	172257717	119	False	NA
chr5_172258070_172258071	chr5	172258070	172258071	27	False	NA
chr5_175493824_175493825	chr5	175493824	175493825	299	True	2
chr5_175493898_175493899	chr5	175493898	175493899	303	True	2
chr5_175494431_175494432	chr5	175494431	175494432	329	True	2
chr5_175526166_175526167	chr5	175526166	175526167	212	True	5
chr5_177615262_177615263	chr5	177615262	177615263	100	False	NA
chr5_177616434_177616435	chr5	177616434	177616435	34	False	NA
chr5_177616608_177616609	chr5	177616608	177616609	31	False	NA
chr5_178209360_178209361	chr5	178209360	178209361	180	False	NA
chr5_178617181_178617182	chr5	178617181	178617182	207	True	5
chr5_178617201_178617202	chr5	178617201	178617202	198	False	NA
chr5_178617293_178617294	chr5	178617293	178617294	226	True	5
chr5_179616790_179616791	chr5	179616790	179616791	2967	True	3
chr5_179617969_179617970	chr5	179617969	179617970	17132	True	1
chr5_179618343_179618344	chr5	179618343	179618344	18958	True	1
chr5_179618523_179618524	chr5	179618523	179618524	9126	True	1
chr5_179618887_179618888	chr5	179618887	179618888	11371	True	1
chr5_179618987_179618988	chr5	179618987	179618988	8703	True	1
chr5_179619046_179619047	chr5	179619046	179619047	7746	True	1
chr5_179619102_179619103	chr5	179619102	179619103	7524	True	1
chr5_179619131_179619132	chr5	179619131	179619132	7867	True	1
chr5_179619179_179619180	chr5	179619179	179619180	9561	True	1
chr5_179619426_179619427	chr5	179619426	179619427	22770	True	1
chr5_179619449_179619450	chr5	179619449	179619450	22943	True	1
chr5_179619487_179619488	chr5	179619487	179619488	18152	True	1
chr5_179619757_179619758	chr5	179619757	179619758	11518	True	3
chr5_179619820_179619821	chr5	179619820	179619821	9500	True	3
chr5_179619849_179619850	chr5	179619849	179619850	11267	True	3
chr5_179619953_179619954	chr5	179619953	179619954	13500	True	1
chr5_179619967_179619968	chr5	179619967	179619968	13355	True	1
chr5_179619983_179619984	chr5	179619983	179619984	13506	True	1
chr5_179620001_179620002	chr5	179620001	179620002	12700	True	1
chr5_179620020_179620021	chr5	179620020	179620021	14827	True	1
chr5_179620049_179620050	chr5	179620049	179620050	14562	True	1
chr5_179620072_179620073	chr5	179620072	179620073	15298	True	1
chr5_179620108_179620109	chr5	179620108	179620109	14154	True	1
chr5_179620128_179620129	chr5	179620128	179620129	14492	True	3
chr5_179620158_179620159	chr5	179620158	179620159	11651	True	3
chr5_179620172_179620173	chr5	179620172	179620173	12481	True	3
chr5_179620189_179620190	chr5	179620189	179620190	12520	True	3
chr5_179620230_179620231	chr5	179620230	179620231	13403	True	1
chr5_179620270_179620271	chr5	179620270	179620271	13655	True	1
chr5_179620298_179620299	chr5	179620298	179620299	13692	True	1
chr5_179620539_179620540	chr5	179620539	179620540	14122	True	1
chr5_179620571_179620572	chr5	179620571	179620572	15618	True	1
chr5_179620593_179620594	chr5	179620593	179620594	18232	True	1
chr5_179620624_179620625	chr5	179620624	179620625	16629	True	1
chr5_179620656_179620657	chr5	179620656	179620657	14786	True	1
chr5_179620678_179620679	chr5	179620678	179620679	16550	True	1
chr5_179620698_179620699	chr5	179620698	179620699	15965	True	1
chr5_179620709_179620710	chr5	179620709	179620710	17180	True	1
chr5_179620729_179620730	chr5	179620729	179620730	16835	True	1
chr5_179620742_179620743	chr5	179620742	179620743	17273	True	1
chr5_179620766_179620767	chr5	179620766	179620767	17663	True	1
chr5_179620801_179620802	chr5	179620801	179620802	17277	True	1
chr5_179620828_179620829	chr5	179620828	179620829	18034	True	1
chr5_179620854_179620855	chr5	179620854	179620855	18257	True	1
chr5_179621079_179621080	chr5	179621079	179621080	13964	True	1
chr5_179621113_179621114	chr5	179621113	179621114	14102	True	1
chr5_179621132_179621133	chr5	179621132	179621133	15135	True	1
chr5_179621144_179621145	chr5	179621144	179621145	17181	True	1
chr5_179621172_179621173	chr5	179621172	179621173	15522	True	3
chr5_179621219_179621220	chr5	179621219	179621220	19002	True	3
chr5_179621233_179621234	chr5	179621233	179621234	18595	True	3
chr5_179621406_179621407	chr5	179621406	179621407	20084	True	1
chr5_179621438_179621439	chr5	179621438	179621439	17981	True	1
chr5_179621464_179621465	chr5	179621464	179621465	16765	True	1
chr5_179621495_179621496	chr5	179621495	179621496	15271	True	1
chr5_179621513_179621514	chr5	179621513	179621514	13545	True	1
chr5_179621530_179621531	chr5	179621530	179621531	11119	True	1
chr5_179621544_179621545	chr5	179621544	179621545	12076	True	1
chr5_179621558_179621559	chr5	179621558	179621559	11882	True	1
chr5_179621585_179621586	chr5	179621585	179621586	12736	True	1
chr5_179621615_179621616	chr5	179621615	179621616	11447	True	1
chr5_179621637_179621638	chr5	179621637	179621638	11262	True	1
chr5_179621664_179621665	chr5	179621664	179621665	6855	True	3
chr5_179621692_179621693	chr5	179621692	179621693	8039	True	3
chr5_179621736_179621737	chr5	179621736	179621737	13337	True	1
chr5_179621795_179621796	chr5	179621795	179621796	15062	True	1
chr5_179621820_179621821	chr5	179621820	179621821	15341	True	1
chr5_179621848_179621849	chr5	179621848	179621849	15248	True	1
chr5_179621872_179621873	chr5	179621872	179621873	15165	True	1
chr5_179621903_179621904	chr5	179621903	179621904	16999	True	1
chr5_179621951_179621952	chr5	179621951	179621952	13215	True	1
chr5_179621984_179621985	chr5	179621984	179621985	10968	True	1
chr5_179622004_179622005	chr5	179622004	179622005	10996	True	1
chr5_179622023_179622024	chr5	179622023	179622024	11738	True	1
chr5_179622042_179622043	chr5	179622042	179622043	12867	True	1
chr5_179622080_179622081	chr5	179622080	179622081	11729	True	1
chr5_179622106_179622107	chr5	179622106	179622107	10050	True	1
chr5_179622134_179622135	chr5	179622134	179622135	9213	True	1
chr5_179622191_179622192	chr5	179622191	179622192	9050	True	1
chr5_179622215_179622216	chr5	179622215	179622216	9773	True	1
chr5_179622234_179622235	chr5	179622234	179622235	11231	True	1
chr5_179622287_179622288	chr5	179622287	179622288	10001	True	1
chr5_179622304_179622305	chr5	179622304	179622305	11145	True	1
chr5_179622331_179622332	chr5	179622331	179622332	12246	True	1
chr5_179622386_179622387	chr5	179622386	179622387	10523	True	1
chr5_179622401_179622402	chr5	179622401	179622402	9753	True	1
chr5_179622418_179622419	chr5	179622418	179622419	8298	True	1
chr5_179622711_179622712	chr5	179622711	179622712	15747	True	1
chr5_179622736_179622737	chr5	179622736	179622737	19577	True	1
chr5_179622766_179622767	chr5	179622766	179622767	19892	True	1
chr5_179622831_179622832	chr5	179622831	179622832	13822	True	1
chr5_179883971_179883972	chr5	179883971	179883972	51	False	NA
chr5_180860694_180860695	chr5	180860694	180860695	477	True	6
chr5_181238805_181238806	chr5	181238805	181238806	2013	True	1
chr5_181238962_181238963	chr5	181238962	181238963	680	True	5
chr5_181241430_181241431	chr5	181241430	181241431	6425	True	1
chr5_181255911_181255912	chr5	181255911	181255912	905	True	5
chr5_181256904_181256905	chr5	181256904	181256905	1371	True	3
chr5_181256920_181256921	chr5	181256920	181256921	1901	True	3
chr5_181257006_181257007	chr5	181257006	181257007	2370	True	3
chr5_181257091_181257092	chr5	181257091	181257092	1691	True	3
chr5_181260411_181260412	chr5	181260411	181260412	0	False	NA
chr5_181265668_181265669	chr5	181265668	181265669	12137	True	1
chr6_3302007_3302008	chr6	3302007	3302008	585	True	5
chr6_3315149_3315150	chr6	3315149	3315150	1154	True	6
chr6_4049495_4049496	chr6	4049495	4049496	617	True	2
chr6_4057108_4057109	chr6	4057108	4057109	0	False	NA
chr6_4059652_4059653	chr6	4059652	4059653	692	True	4
chr6_4060569_4060570	chr6	4060569	4060570	0	False	NA
chr6_4060610_4060611	chr6	4060610	4060611	0	False	NA
chr6_4060673_4060674	chr6	4060673	4060674	0	False	NA
chr6_4060808_4060809	chr6	4060808	4060809	0	False	NA
chr6_4064099_4064100	chr6	4064099	4064100	0	False	NA
chr6_4428083_4428084	chr6	4428083	4428084	0	False	NA
chr6_6377613_6377614	chr6	6377613	6377614	0	False	NA
chr6_7401702_7401703	chr6	7401702	7401703	27	False	NA
chr6_8652552_8652553	chr6	8652552	8652553	0	False	NA
chr6_9727500_9727501	chr6	9727500	9727501	81	False	NA
chr6_10887603_10887604	chr6	10887603	10887604	89533	True	1
chr6_17632851_17632852	chr6	17632851	17632852	1285	True	2
chr6_17665056_17665057	chr6	17665056	17665057	1936	True	1
chr6_17674786_17674787	chr6	17674786	17674787	1110	True	4
chr6_17682920_17682921	chr6	17682920	17682921	187	False	NA
chr6_18249137_18249138	chr6	18249137	18249138	338	True	5
chr6_18249629_18249630	chr6	18249629	18249630	3974	True	4
chr6_20886115_20886116	chr6	20886115	20886116	51	False	NA
chr6_24783330_24783331	chr6	24783330	24783331	145	False	NA
chr6_24783556_24783557	chr6	24783556	24783557	261	True	2
chr6_26158126_26158127	chr6	26158126	26158127	13880	True	3
chr6_27298078_27298079	chr6	27298078	27298079	0	False	NA
chr6_27505843_27505844	chr6	27505843	27505844	17920	True	1
chr6_28297842_28297843	chr6	28297842	28297843	504	True	2
chr6_28589451_28589452	chr6	28589451	28589452	325	True	2
chr6_28607231_28607232	chr6	28607231	28607232	135	False	NA
chr6_30285777_30285778	chr6	30285777	30285778	0	False	NA
chr6_30285802_30285803	chr6	30285802	30285803	0	False	NA
chr6_30286233_30286234	chr6	30286233	30286234	0	False	NA
chr6_30286301_30286302	chr6	30286301	30286302	122	False	NA
chr6_30286408_30286409	chr6	30286408	30286409	182	False	NA
chr6_30287996_30287997	chr6	30287996	30287997	0	False	NA
chr6_30297501_30297502	chr6	30297501	30297502	460	True	2
chr6_30298448_30298449	chr6	30298448	30298449	109	False	NA
chr6_30300201_30300202	chr6	30300201	30300202	169	False	NA
chr6_30300468_30300469	chr6	30300468	30300469	451	True	2
chr6_30300682_30300683	chr6	30300682	30300683	343	True	2
chr6_30301344_30301345	chr6	30301344	30301345	327	True	2
chr6_30615232_30615233	chr6	30615232	30615233	392	True	5
chr6_30616462_30616463	chr6	30616462	30616463	5330	True	1
chr6_30703514_30703515	chr6	30703514	30703515	0	False	NA
chr6_31531562_31531563	chr6	31531562	31531563	4700	True	1
chr6_31531691_31531692	chr6	31531691	31531692	5868	True	1
chr6_31532611_31532612	chr6	31532611	31532612	8055	True	1
chr6_31532702_31532703	chr6	31532702	31532703	10197	True	1
chr6_31532925_31532926	chr6	31532925	31532926	15446	True	1
chr6_31533031_31533032	chr6	31533031	31533032	13294	True	1
chr6_31533054_31533055	chr6	31533054	31533055	13922	True	1
chr6_31533140_31533141	chr6	31533140	31533141	12285	True	1
chr6_31533819_31533820	chr6	31533819	31533820	9068	True	1
chr6_31534465_31534466	chr6	31534465	31534466	17762	True	1
chr6_31534518_31534519	chr6	31534518	31534519	16709	True	1
chr6_31534627_31534628	chr6	31534627	31534628	12637	True	1
chr6_31534643_31534644	chr6	31534643	31534644	13928	True	1
chr6_31534724_31534725	chr6	31534724	31534725	19993	True	1
chr6_31534745_31534746	chr6	31534745	31534746	14209	True	1
chr6_31534787_31534788	chr6	31534787	31534788	16918	True	1
chr6_31534817_31534818	chr6	31534817	31534818	16127	True	1
chr6_31535040_31535041	chr6	31535040	31535041	16746	True	1
chr6_31535067_31535068	chr6	31535067	31535068	15545	True	1
chr6_31535087_31535088	chr6	31535087	31535088	15571	True	1
chr6_31535103_31535104	chr6	31535103	31535104	18576	True	1
chr6_31535122_31535123	chr6	31535122	31535123	18667	True	1
chr6_31535351_31535352	chr6	31535351	31535352	10913	True	1
chr6_31835562_31835563	chr6	31835562	31835563	4076	True	1
chr6_31835857_31835858	chr6	31835857	31835858	4510	True	1
chr6_31835982_31835983	chr6	31835982	31835983	3979	True	1
chr6_31836287_31836288	chr6	31836287	31836288	3456	True	1
chr6_31836598_31836599	chr6	31836598	31836599	5832	True	1
chr6_31836673_31836674	chr6	31836673	31836674	5615	True	1
chr6_32975220_32975221	chr6	32975220	32975221	1826	True	4
chr6_32975236_32975237	chr6	32975236	32975237	1808	True	4
chr6_32975313_32975314	chr6	32975313	32975314	2416	True	4
chr6_32975335_32975336	chr6	32975335	32975336	2226	True	5
chr6_32975375_32975376	chr6	32975375	32975376	3205	True	4
chr6_32975537_32975538	chr6	32975537	32975538	3121	True	4
chr6_32975756_32975757	chr6	32975756	32975757	192	False	NA
chr6_32975832_32975833	chr6	32975832	32975833	447	True	5
chr6_32975896_32975897	chr6	32975896	32975897	517	True	5
chr6_32976241_32976242	chr6	32976241	32976242	5545	True	4
chr6_32977050_32977051	chr6	32977050	32977051	1486	True	2
chr6_32977100_32977101	chr6	32977100	32977101	1788	True	2
chr6_32977132_32977133	chr6	32977132	32977133	1801	True	2
chr6_32977160_32977161	chr6	32977160	32977161	1508	True	4
chr6_32977252_32977253	chr6	32977252	32977253	2040	True	4
chr6_32977269_32977270	chr6	32977269	32977270	2346	True	4
chr6_32977435_32977436	chr6	32977435	32977436	3698	True	2
chr6_32978117_32978118	chr6	32978117	32978118	4128	True	2
chr6_32978557_32978558	chr6	32978557	32978558	1238	True	1
chr6_32978588_32978589	chr6	32978588	32978589	1236	True	1
chr6_32979048_32979049	chr6	32979048	32979049	1293	True	3
chr6_32979081_32979082	chr6	32979081	32979082	1269	True	3
chr6_32979228_32979229	chr6	32979228	32979229	741	True	3
chr6_32979254_32979255	chr6	32979254	32979255	766	True	3
chr6_32979478_32979479	chr6	32979478	32979479	793	True	4
chr6_32979496_32979497	chr6	32979496	32979497	1033	True	4
chr6_32979548_32979549	chr6	32979548	32979549	968	True	4
chr6_32979587_32979588	chr6	32979587	32979588	964	True	4
chr6_32979618_32979619	chr6	32979618	32979619	660	True	5
chr6_32979818_32979819	chr6	32979818	32979819	4167	True	2
chr6_32980157_32980158	chr6	32980157	32980158	3643	True	4
chr6_32980478_32980479	chr6	32980478	32980479	3487	True	2
chr6_34424145_34424146	chr6	34424145	34424146	1628	True	1
chr6_35469606_35469607	chr6	35469606	35469607	3933	True	3
chr6_35833983_35833984	chr6	35833983	35833984	0	False	NA
chr6_35834471_35834472	chr6	35834471	35834472	0	False	NA
chr6_35835150_35835151	chr6	35835150	35835151	0	False	NA
chr6_35838290_35838291	chr6	35838290	35838291	0	False	NA
chr6_35842581_35842582	chr6	35842581	35842582	0	False	NA
chr6_35869428_35869429	chr6	35869428	35869429	1485	True	2
chr6_35869918_35869919	chr6	35869918	35869919	2344	True	4
chr6_35869985_35869986	chr6	35869985	35869986	1345	True	2
chr6_35870013_35870014	chr6	35870013	35870014	923	True	2
chr6_35870117_35870118	chr6	35870117	35870118	478	True	2
chr6_35870154_35870155	chr6	35870154	35870155	499	True	2
chr6_35870172_35870173	chr6	35870172	35870173	478	True	2
chr6_35870202_35870203	chr6	35870202	35870203	675	True	2
chr6_35870259_35870260	chr6	35870259	35870260	2254	True	2
chr6_35871135_35871136	chr6	35871135	35871136	249	True	5
chr6_35871424_35871425	chr6	35871424	35871425	378	True	5
chr6_35873197_35873198	chr6	35873197	35873198	442	True	6
chr6_35874131_35874132	chr6	35874131	35874132	1722	True	1
chr6_35886415_35886416	chr6	35886415	35886416	271	True	5
chr6_35886438_35886439	chr6	35886438	35886439	388	True	5
chr6_35886604_35886605	chr6	35886604	35886605	1012	True	5
chr6_35886635_35886636	chr6	35886635	35886636	998	True	5
chr6_35886704_35886705	chr6	35886704	35886705	946	True	2
chr6_35887362_35887363	chr6	35887362	35887363	545	True	6
chr6_35888472_35888473	chr6	35888472	35888473	405	True	5
chr6_35888539_35888540	chr6	35888539	35888540	411	True	5
chr6_36088402_36088403	chr6	36088402	36088403	258	True	2
chr6_36597113_36597114	chr6	36597113	36597114	2982	True	1
chr6_36601021_36601022	chr6	36601021	36601022	3467	True	1
chr6_36601953_36601954	chr6	36601953	36601954	2530	True	4
chr6_36704219_36704220	chr6	36704219	36704220	20	False	NA
chr6_37962427_37962428	chr6	37962427	37962428	551	True	2
chr6_37962446_37962447	chr6	37962446	37962447	596	True	2
chr6_38694257_38694258	chr6	38694257	38694258	234	True	2
chr6_42295946_42295947	chr6	42295946	42295947	0	False	NA
chr6_42663073_42663074	chr6	42663073	42663074	188	False	NA
chr6_42882301_42882302	chr6	42882301	42882302	407	True	3
chr6_43556531_43556532	chr6	43556531	43556532	331	True	4
chr6_43625273_43625274	chr6	43625273	43625274	5585	True	3
chr6_45274108_45274109	chr6	45274108	45274109	102	False	NA
chr6_45274271_45274272	chr6	45274271	45274272	198	False	NA
chr6_45353314_45353315	chr6	45353314	45353315	125	False	NA
chr6_46653942_46653943	chr6	46653942	46653943	76	False	NA
chr6_46654291_46654292	chr6	46654291	46654292	40	False	NA
chr6_46654363_46654364	chr6	46654363	46654364	18	False	NA
chr6_46654415_46654416	chr6	46654415	46654416	22	False	NA
chr6_46654642_46654643	chr6	46654642	46654643	55	False	NA
chr6_46655568_46655569	chr6	46655568	46655569	43	False	NA
chr6_46655790_46655791	chr6	46655790	46655791	125	False	NA
chr6_46655821_46655822	chr6	46655821	46655822	106	False	NA
chr6_46656188_46656189	chr6	46656188	46656189	11	False	NA
chr6_46657701_46657702	chr6	46657701	46657702	21	False	NA
chr6_46657725_46657726	chr6	46657725	46657726	40	False	NA
chr6_46658499_46658500	chr6	46658499	46658500	102	False	NA
chr6_46658733_46658734	chr6	46658733	46658734	6	False	NA
chr6_46658797_46658798	chr6	46658797	46658798	17	False	NA
chr6_46658895_46658896	chr6	46658895	46658896	194	False	NA
chr6_46658951_46658952	chr6	46658951	46658952	194	False	NA
chr6_46676669_46676670	chr6	46676669	46676670	0	False	NA
chr6_52274521_52274522	chr6	52274521	52274522	439	True	4
chr6_52278075_52278076	chr6	52278075	52278076	172	False	NA
chr6_52278380_52278381	chr6	52278380	52278381	131	False	NA
chr6_52283141_52283142	chr6	52283141	52283142	68	False	NA
chr6_53075755_53075756	chr6	53075755	53075756	191	False	NA
chr6_53093458_53093459	chr6	53093458	53093459	2187	True	5
chr6_53624962_53624963	chr6	53624962	53624963	0	False	NA
chr6_56463414_56463415	chr6	56463414	56463415	63	False	NA
chr6_56542332_56542333	chr6	56542332	56542333	656	True	5
chr6_56542432_56542433	chr6	56542432	56542433	681	True	5
chr6_56567434_56567435	chr6	56567434	56567435	6	False	NA
chr6_56604458_56604459	chr6	56604458	56604459	38	False	NA
chr6_56605082_56605083	chr6	56605082	56605083	67	False	NA
chr6_56605133_56605134	chr6	56605133	56605134	99	False	NA
chr6_56605206_56605207	chr6	56605206	56605207	111	False	NA
chr6_56606100_56606101	chr6	56606100	56606101	32	False	NA
chr6_56606236_56606237	chr6	56606236	56606237	27	False	NA
chr6_56606397_56606398	chr6	56606397	56606398	45	False	NA
chr6_56606655_56606656	chr6	56606655	56606656	60	False	NA
chr6_56608018_56608019	chr6	56608018	56608019	145	False	NA
chr6_56608079_56608080	chr6	56608079	56608080	116	False	NA
chr6_56608131_56608132	chr6	56608131	56608132	92	False	NA
chr6_56608216_56608217	chr6	56608216	56608217	34	False	NA
chr6_56610415_56610416	chr6	56610415	56610416	468	True	2
chr6_56623991_56623992	chr6	56623991	56623992	78	False	NA
chr6_57128830_57128831	chr6	57128830	57128831	0	False	NA
chr6_57138276_57138277	chr6	57138276	57138277	876	True	1
chr6_57141417_57141418	chr6	57141417	57141418	0	False	NA
chr6_57142075_57142076	chr6	57142075	57142076	0	False	NA
chr6_57147477_57147478	chr6	57147477	57147478	0	False	NA
chr6_57147790_57147791	chr6	57147790	57147791	0	False	NA
chr6_57148472_57148473	chr6	57148472	57148473	0	False	NA
chr6_57148507_57148508	chr6	57148507	57148508	0	False	NA
chr6_57150771_57150772	chr6	57150771	57150772	0	False	NA
chr6_57150834_57150835	chr6	57150834	57150835	0	False	NA
chr6_57150881_57150882	chr6	57150881	57150882	0	False	NA
chr6_57151548_57151549	chr6	57151548	57151549	354	True	5
chr6_57151590_57151591	chr6	57151590	57151591	0	False	NA
chr6_57153973_57153974	chr6	57153973	57153974	0	False	NA
chr6_58279435_58279436	chr6	58279435	58279436	0	False	NA
chr6_63646893_63646894	chr6	63646893	63646894	183	False	NA
chr6_63646939_63646940	chr6	63646939	63646940	158	False	NA
chr6_63686351_63686352	chr6	63686351	63686352	243	True	5
chr6_63691255_63691256	chr6	63691255	63691256	147	False	NA
chr6_63692198_63692199	chr6	63692198	63692199	125	False	NA
chr6_63707880_63707881	chr6	63707880	63707881	243	True	5
chr6_72655320_72655321	chr6	72655320	72655321	46	False	NA
chr6_72655606_72655607	chr6	72655606	72655607	75	False	NA
chr6_72655760_72655761	chr6	72655760	72655761	60	False	NA
chr6_72655799_72655800	chr6	72655799	72655800	54	False	NA
chr6_72655883_72655884	chr6	72655883	72655884	84	False	NA
chr6_72656014_72656015	chr6	72656014	72656015	102	False	NA
chr6_72711619_72711620	chr6	72711619	72711620	92	False	NA
chr6_72711802_72711803	chr6	72711802	72711803	114	False	NA
chr6_72711860_72711861	chr6	72711860	72711861	110	False	NA
chr6_72711885_72711886	chr6	72711885	72711886	92	False	NA
chr6_72832796_72832797	chr6	72832796	72832797	20	False	NA
chr6_73517944_73517945	chr6	73517944	73517945	1877	True	2
chr6_73519529_73519530	chr6	73519529	73519530	2501	True	2
chr6_75634505_75634506	chr6	75634505	75634506	205	True	4
chr6_75634889_75634890	chr6	75634889	75634890	1101	True	5
chr6_75638257_75638258	chr6	75638257	75638258	293	True	5
chr6_75639834_75639835	chr6	75639834	75639835	381	True	5
chr6_75640093_75640094	chr6	75640093	75640094	550	True	2
chr6_75647079_75647080	chr6	75647079	75647080	252	True	4
chr6_75647093_75647094	chr6	75647093	75647094	245	True	4
chr6_75647219_75647220	chr6	75647219	75647220	219	True	4
chr6_75647609_75647610	chr6	75647609	75647610	446	True	5
chr6_75659672_75659673	chr6	75659672	75659673	70	False	NA
chr6_75682420_75682421	chr6	75682420	75682421	184	False	NA
chr6_78891241_78891242	chr6	78891241	78891242	0	False	NA
chr6_78940639_78940640	chr6	78940639	78940640	0	False	NA
chr6_78940712_78940713	chr6	78940712	78940713	0	False	NA
chr6_78941062_78941063	chr6	78941062	78941063	5	False	NA
chr6_78941079_78941080	chr6	78941079	78941080	5	False	NA
chr6_78945314_78945315	chr6	78945314	78945315	0	False	NA
chr6_78946146_78946147	chr6	78946146	78946147	5	False	NA
chr6_78954709_78954710	chr6	78954709	78954710	107	False	NA
chr6_78957582_78957583	chr6	78957582	78957583	246	True	5
chr6_78960106_78960107	chr6	78960106	78960107	189	False	NA
chr6_78966496_78966497	chr6	78966496	78966497	485	True	2
chr6_78966582_78966583	chr6	78966582	78966583	463	True	2
chr6_78966772_78966773	chr6	78966772	78966773	119	False	NA
chr6_78967130_78967131	chr6	78967130	78967131	371	True	5
chr6_78967171_78967172	chr6	78967171	78967172	324	True	5
chr6_78969789_78969790	chr6	78969789	78969790	492	True	2
chr6_78969920_78969921	chr6	78969920	78969921	599	True	2
chr6_78999370_78999371	chr6	78999370	78999371	87	False	NA
chr6_79016288_79016289	chr6	79016288	79016289	100	False	NA
chr6_79016335_79016336	chr6	79016335	79016336	179	False	NA
chr6_79016653_79016654	chr6	79016653	79016654	2637	True	4
chr6_79016888_79016889	chr6	79016888	79016889	352	True	2
chr6_79201991_79201992	chr6	79201991	79201992	1389	True	3
chr6_82190732_82190733	chr6	82190732	82190733	35	False	NA
chr6_82210668_82210669	chr6	82210668	82210669	241	True	5
chr6_82211321_82211322	chr6	82211321	82211322	512	True	2
chr6_82211988_82211989	chr6	82211988	82211989	126	False	NA
chr6_82212291_82212292	chr6	82212291	82212292	648	True	6
chr6_82212438_82212439	chr6	82212438	82212439	186	False	NA
chr6_82212452_82212453	chr6	82212452	82212453	186	False	NA
chr6_82212592_82212593	chr6	82212592	82212593	205	True	5
chr6_83094946_83094947	chr6	83094946	83094947	66	False	NA
chr6_85509795_85509796	chr6	85509795	85509796	450	True	2
chr6_85618382_85618383	chr6	85618382	85618383	592	True	3
chr6_85622379_85622380	chr6	85622379	85622380	1127	True	3
chr6_85635778_85635779	chr6	85635778	85635779	476	True	3
chr6_85636448_85636449	chr6	85636448	85636449	440	True	4
chr6_85636843_85636844	chr6	85636843	85636844	708	True	4
chr6_85637159_85637160	chr6	85637159	85637160	822	True	2
chr6_85638384_85638385	chr6	85638384	85638385	114	False	NA
chr6_85640218_85640219	chr6	85640218	85640219	1491	True	2
chr6_85640692_85640693	chr6	85640692	85640693	243	True	2
chr6_85642995_85642996	chr6	85642995	85642996	10364	True	1
chr6_85643011_85643012	chr6	85643011	85643012	9567	True	1
chr6_85677885_85677886	chr6	85677885	85677886	5778	True	3
chr6_87646000_87646001	chr6	87646000	87646001	180	False	NA
chr6_89148990_89148991	chr6	89148990	89148991	32	False	NA
chr6_89656363_89656364	chr6	89656363	89656364	124	False	NA
chr6_89663945_89663946	chr6	89663945	89663946	544	True	4
chr6_89684348_89684349	chr6	89684348	89684349	99	False	NA
chr6_89726467_89726468	chr6	89726467	89726468	318	True	5
chr6_89727083_89727084	chr6	89727083	89727084	108	False	NA
chr6_89780072_89780073	chr6	89780072	89780073	492	True	4
chr6_97224565_97224566	chr6	97224565	97224566	202	True	2
chr6_97240939_97240940	chr6	97240939	97240940	367	True	2
chr6_97241044_97241045	chr6	97241044	97241045	439	True	2
chr6_97241313_97241314	chr6	97241313	97241314	420	True	2
chr6_97241338_97241339	chr6	97241338	97241339	448	True	2
chr6_97241608_97241609	chr6	97241608	97241609	142	False	NA
chr6_97241871_97241872	chr6	97241871	97241872	155	False	NA
chr6_97241995_97241996	chr6	97241995	97241996	158	False	NA
chr6_97242102_97242103	chr6	97242102	97242103	181	False	NA
chr6_97242641_97242642	chr6	97242641	97242642	267	True	2
chr6_97242871_97242872	chr6	97242871	97242872	372	True	2
chr6_97243004_97243005	chr6	97243004	97243005	409	True	2
chr6_97243041_97243042	chr6	97243041	97243042	294	True	2
chr6_97243170_97243171	chr6	97243170	97243171	170	False	NA
chr6_97243235_97243236	chr6	97243235	97243236	257	True	2
chr6_97243276_97243277	chr6	97243276	97243277	234	True	2
chr6_97243312_97243313	chr6	97243312	97243313	262	True	2
chr6_97243981_97243982	chr6	97243981	97243982	332	True	2
chr6_97244055_97244056	chr6	97244055	97244056	353	True	2
chr6_97262662_97262663	chr6	97262662	97262663	246	True	4
chr6_97262947_97262948	chr6	97262947	97262948	59	False	NA
chr6_97267627_97267628	chr6	97267627	97267628	98	False	NA
chr6_97267646_97267647	chr6	97267646	97267647	116	False	NA
chr6_97270881_97270882	chr6	97270881	97270882	167	False	NA
chr6_99402745_99402746	chr6	99402745	99402746	4193	True	3
chr6_99403117_99403118	chr6	99403117	99403118	2255	True	3
chr6_99403963_99403964	chr6	99403963	99403964	4149	True	3
chr6_99404094_99404095	chr6	99404094	99404095	3994	True	3
chr6_99404187_99404188	chr6	99404187	99404188	2239	True	4
chr6_99404239_99404240	chr6	99404239	99404240	2616	True	4
chr6_99404261_99404262	chr6	99404261	99404262	2312	True	4
chr6_99404322_99404323	chr6	99404322	99404323	3043	True	3
chr6_99404422_99404423	chr6	99404422	99404423	2897	True	3
chr6_99404508_99404509	chr6	99404508	99404509	7163	True	3
chr6_99404539_99404540	chr6	99404539	99404540	6428	True	3
chr6_99412040_99412041	chr6	99412040	99412041	2174	True	4
chr6_99415071_99415072	chr6	99415071	99415072	149	False	NA
chr6_99463805_99463806	chr6	99463805	99463806	159	False	NA
chr6_99464977_99464978	chr6	99464977	99464978	56	False	NA
chr6_99544019_99544020	chr6	99544019	99544020	280	True	5
chr6_99544135_99544136	chr6	99544135	99544136	130	False	NA
chr6_99545155_99545156	chr6	99545155	99545156	12	False	NA
chr6_99552137_99552138	chr6	99552137	99552138	185	False	NA
chr6_99562346_99562347	chr6	99562346	99562347	111	False	NA
chr6_100661879_100661880	chr6	100661879	100661880	291	True	2
chr6_100760078_100760079	chr6	100760078	100760079	34	False	NA
chr6_100825314_100825315	chr6	100825314	100825315	38	False	NA
chr6_100825370_100825371	chr6	100825370	100825371	20	False	NA
chr6_100848122_100848123	chr6	100848122	100848123	375	True	2
chr6_100864038_100864039	chr6	100864038	100864039	508	True	5
chr6_104788740_104788741	chr6	104788740	104788741	100	False	NA
chr6_107884254_107884255	chr6	107884254	107884255	168	False	NA
chr6_107888481_107888482	chr6	107888481	107888482	158	False	NA
chr6_107888571_107888572	chr6	107888571	107888572	227	True	2
chr6_107889724_107889725	chr6	107889724	107889725	78	False	NA
chr6_110158847_110158848	chr6	110158847	110158848	49	False	NA
chr6_110177950_110177951	chr6	110177950	110177951	133	False	NA
chr6_110178025_110178026	chr6	110178025	110178026	199	False	NA
chr6_110887704_110887705	chr6	110887704	110887705	648	True	3
chr6_111367456_111367457	chr6	111367456	111367457	0	False	NA
chr6_111372761_111372762	chr6	111372761	111372762	0	False	NA
chr6_111373123_111373124	chr6	111373123	111373124	0	False	NA
chr6_111373230_111373231	chr6	111373230	111373231	0	False	NA
chr6_111373276_111373277	chr6	111373276	111373277	0	False	NA
chr6_111373338_111373339	chr6	111373338	111373339	0	False	NA
chr6_111373823_111373824	chr6	111373823	111373824	0	False	NA
chr6_111373848_111373849	chr6	111373848	111373849	0	False	NA
chr6_111373987_111373988	chr6	111373987	111373988	0	False	NA
chr6_111374430_111374431	chr6	111374430	111374431	0	False	NA
chr6_111374636_111374637	chr6	111374636	111374637	0	False	NA
chr6_111374938_111374939	chr6	111374938	111374939	0	False	NA
chr6_111374961_111374962	chr6	111374961	111374962	0	False	NA
chr6_111374992_111374993	chr6	111374992	111374993	0	False	NA
chr6_111375421_111375422	chr6	111375421	111375422	0	False	NA
chr6_111375562_111375563	chr6	111375562	111375563	0	False	NA
chr6_111376180_111376181	chr6	111376180	111376181	0	False	NA
chr6_111376248_111376249	chr6	111376248	111376249	0	False	NA
chr6_111381225_111381226	chr6	111381225	111381226	0	False	NA
chr6_111381247_111381248	chr6	111381247	111381248	176	False	NA
chr6_111387862_111387863	chr6	111387862	111387863	0	False	NA
chr6_111405511_111405512	chr6	111405511	111405512	0	False	NA
chr6_112079425_112079426	chr6	112079425	112079426	502	True	5
chr6_112079624_112079625	chr6	112079624	112079625	467	True	2
chr6_116277878_116277879	chr6	116277878	116277879	0	False	NA
chr6_116645592_116645593	chr6	116645592	116645593	340	True	5
chr6_116648980_116648981	chr6	116648980	116648981	145	False	NA
chr6_116667988_116667989	chr6	116667988	116667989	166	False	NA
chr6_116668014_116668015	chr6	116668014	116668015	166	False	NA
chr6_117566936_117566937	chr6	117566936	117566937	0	False	NA
chr6_117696575_117696576	chr6	117696575	117696576	390	True	2
chr6_117696589_117696590	chr6	117696589	117696590	402	True	2
chr6_117700459_117700460	chr6	117700459	117700460	262	True	2
chr6_118022765_118022766	chr6	118022765	118022766	0	False	NA
chr6_118964711_118964712	chr6	118964711	118964712	0	False	NA
chr6_118964763_118964764	chr6	118964763	118964764	0	False	NA
chr6_118966836_118966837	chr6	118966836	118966837	0	False	NA
chr6_118966865_118966866	chr6	118966865	118966866	0	False	NA
chr6_118975086_118975087	chr6	118975086	118975087	0	False	NA
chr6_118975102_118975103	chr6	118975102	118975103	0	False	NA
chr6_118993336_118993337	chr6	118993336	118993337	373	True	2
chr6_118993356_118993357	chr6	118993356	118993357	28	False	NA
chr6_119002897_119002898	chr6	119002897	119002898	0	False	NA
chr6_119016737_119016738	chr6	119016737	119016738	0	False	NA
chr6_119024199_119024200	chr6	119024199	119024200	0	False	NA
chr6_119024588_119024589	chr6	119024588	119024589	0	False	NA
chr6_119151252_119151253	chr6	119151252	119151253	0	False	NA
chr6_121233943_121233944	chr6	121233943	121233944	39	False	NA
chr6_123823873_123823874	chr6	123823873	123823874	25	False	NA
chr6_125999626_125999627	chr6	125999626	125999627	805	True	2
chr6_126010994_126010995	chr6	126010994	126010995	1759	True	2
chr6_126011022_126011023	chr6	126011022	126011023	1543	True	2
chr6_126136265_126136266	chr6	126136265	126136266	156	False	NA
chr6_126136726_126136727	chr6	126136726	126136727	53	False	NA
chr6_131603950_131603951	chr6	131603950	131603951	615	True	2
chr6_131604883_131604884	chr6	131604883	131604884	104	False	NA
chr6_131604980_131604981	chr6	131604980	131604981	88	False	NA
chr6_131605086_131605087	chr6	131605086	131605087	41	False	NA
chr6_131615071_131615072	chr6	131615071	131615072	128	False	NA
chr6_131615486_131615487	chr6	131615486	131615487	197	False	NA
chr6_131615511_131615512	chr6	131615511	131615512	144	False	NA
chr6_132815852_132815853	chr6	132815852	132815853	1224	True	6
chr6_135367552_135367553	chr6	135367552	135367553	34	False	NA
chr6_135429734_135429735	chr6	135429734	135429735	189	False	NA
chr6_136261228_136261229	chr6	136261228	136261229	1931	True	2
chr6_136268451_136268452	chr6	136268451	136268452	654	True	5
chr6_136268644_136268645	chr6	136268644	136268645	1008	True	5
chr6_136268848_136268849	chr6	136268848	136268849	696	True	5
chr6_136268934_136268935	chr6	136268934	136268935	752	True	2
chr6_136269171_136269172	chr6	136269171	136269172	1035	True	2
chr6_136269284_136269285	chr6	136269284	136269285	1291	True	2
chr6_136269770_136269771	chr6	136269770	136269771	232	True	2
chr6_136270119_136270120	chr6	136270119	136270120	907	True	4
chr6_136270377_136270378	chr6	136270377	136270378	819	True	2
chr6_136270792_136270793	chr6	136270792	136270793	597	True	5
chr6_136270863_136270864	chr6	136270863	136270864	596	True	5
chr6_136270972_136270973	chr6	136270972	136270973	638	True	4
chr6_136271567_136271568	chr6	136271567	136271568	930	True	4
chr6_136271624_136271625	chr6	136271624	136271625	780	True	4
chr6_136271881_136271882	chr6	136271881	136271882	809	True	2
chr6_136271966_136271967	chr6	136271966	136271967	1006	True	2
chr6_136273281_136273282	chr6	136273281	136273282	1216	True	4
chr6_136273564_136273565	chr6	136273564	136273565	261	True	4
chr6_136274175_136274176	chr6	136274175	136274176	417	True	4
chr6_136274306_136274307	chr6	136274306	136274307	459	True	4
chr6_136274400_136274401	chr6	136274400	136274401	396	True	4
chr6_136274650_136274651	chr6	136274650	136274651	286	True	5
chr6_136274754_136274755	chr6	136274754	136274755	416	True	5
chr6_136283183_136283184	chr6	136283183	136283184	1225	True	1
chr6_136514585_136514586	chr6	136514585	136514586	0	False	NA
chr6_140883328_140883329	chr6	140883328	140883329	667	True	2
chr6_140883624_140883625	chr6	140883624	140883625	560	True	2
chr6_140883775_140883776	chr6	140883775	140883776	328	True	2
chr6_140883867_140883868	chr6	140883867	140883868	825	True	2
chr6_140885622_140885623	chr6	140885622	140885623	676	True	2
chr6_140886094_140886095	chr6	140886094	140886095	636	True	2
chr6_140889986_140889987	chr6	140889986	140889987	849	True	2
chr6_140897759_140897760	chr6	140897759	140897760	1004	True	6
chr6_140897803_140897804	chr6	140897803	140897804	969	True	6
chr6_143443835_143443836	chr6	143443835	143443836	1277	True	1
chr6_143846272_143846273	chr6	143846272	143846273	424	True	2
chr6_143851588_143851589	chr6	143851588	143851589	222	True	5
chr6_143857449_143857450	chr6	143857449	143857450	1081	True	2
chr6_143860591_143860592	chr6	143860591	143860592	371	True	2
chr6_144370997_144370998	chr6	144370997	144370998	180	False	NA
chr6_144602142_144602143	chr6	144602142	144602143	1115	True	6
chr6_145907498_145907499	chr6	145907498	145907499	181	False	NA
chr6_145907787_145907788	chr6	145907787	145907788	266	True	2
chr6_145908390_145908391	chr6	145908390	145908391	215	True	2
chr6_145908620_145908621	chr6	145908620	145908621	178	False	NA
chr6_145909043_145909044	chr6	145909043	145909044	197	False	NA
chr6_145909595_145909596	chr6	145909595	145909596	227	True	2
chr6_145951191_145951192	chr6	145951191	145951192	17	False	NA
chr6_148781617_148781618	chr6	148781617	148781618	0	False	NA
chr6_149578917_149578918	chr6	149578917	149578918	10	False	NA
chr6_149579988_149579989	chr6	149579988	149579989	0	False	NA
chr6_159231332_159231333	chr6	159231332	159231333	0	False	NA
chr6_159755676_159755677	chr6	159755676	159755677	0	False	NA
chr6_159755814_159755815	chr6	159755814	159755815	0	False	NA
chr6_159755829_159755830	chr6	159755829	159755830	0	False	NA
chr6_159787418_159787419	chr6	159787418	159787419	464	True	4
chr6_159788591_159788592	chr6	159788591	159788592	2218	True	1
chr6_161051253_161051254	chr6	161051253	161051254	818	True	4
chr6_161051354_161051355	chr6	161051354	161051355	1283	True	4
chr6_161051372_161051373	chr6	161051372	161051373	699	True	5
chr6_163507902_163507903	chr6	163507902	163507903	203	True	5
chr6_165512448_165512449	chr6	165512448	165512449	0	False	NA
chr6_165513921_165513922	chr6	165513921	165513922	6	False	NA
chr6_166375544_166375545	chr6	166375544	166375545	271	True	2
chr6_166982081_166982082	chr6	166982081	166982082	928	True	2
chr6_166983517_166983518	chr6	166983517	166983518	244	True	2
chr6_166992226_166992227	chr6	166992226	166992227	1347	True	2
chr6_166992628_166992629	chr6	166992628	166992629	1467	True	2
chr6_166994444_166994445	chr6	166994444	166994445	1028	True	2
chr6_166995051_166995052	chr6	166995051	166995052	701	True	2
chr6_166995574_166995575	chr6	166995574	166995575	2063	True	2
chr6_166995635_166995636	chr6	166995635	166995636	2017	True	2
chr6_167025198_167025199	chr6	167025198	167025199	112	False	NA
chr6_167947498_167947499	chr6	167947498	167947499	681	True	6
chr6_167947722_167947723	chr6	167947722	167947723	595	True	5
chr6_167948088_167948089	chr6	167948088	167948089	457	True	2
chr6_167948117_167948118	chr6	167948117	167948118	585	True	6
chr6_169627227_169627228	chr6	169627227	169627228	31	False	NA
chr6_169663252_169663253	chr6	169663252	169663253	952	True	5
chr6_169664678_169664679	chr6	169664678	169664679	3430	True	3
chr6_169664824_169664825	chr6	169664824	169664825	1533	True	5
chr6_169665572_169665573	chr6	169665572	169665573	2365	True	6
chr6_169665696_169665697	chr6	169665696	169665697	935	True	5
chr6_169665715_169665716	chr6	169665715	169665716	860	True	5
chr6_169665940_169665941	chr6	169665940	169665941	1831	True	6
chr6_169665970_169665971	chr6	169665970	169665971	1804	True	6
chr6_169666001_169666002	chr6	169666001	169666002	1801	True	6
chr6_169666030_169666031	chr6	169666030	169666031	1807	True	6
chr6_169666064_169666065	chr6	169666064	169666065	1746	True	6
chr6_169666076_169666077	chr6	169666076	169666077	632	True	4
chr6_169666104_169666105	chr6	169666104	169666105	826	True	4
chr6_169666118_169666119	chr6	169666118	169666119	808	True	4
chr6_169666144_169666145	chr6	169666144	169666145	673	True	5
chr6_169666212_169666213	chr6	169666212	169666213	1237	True	5
chr6_169667083_169667084	chr6	169667083	169667084	2273	True	6
chr6_169667288_169667289	chr6	169667288	169667289	1621	True	6
chr6_169667307_169667308	chr6	169667307	169667308	1284	True	6
chr6_169667331_169667332	chr6	169667331	169667332	1380	True	6
chr6_169667356_169667357	chr6	169667356	169667357	1454	True	6
chr6_169667373_169667374	chr6	169667373	169667374	1382	True	6
chr6_169667400_169667401	chr6	169667400	169667401	912	True	5
chr6_169667433_169667434	chr6	169667433	169667434	638	True	6
chr6_169667593_169667594	chr6	169667593	169667594	2567	True	1
chr6_169670146_169670147	chr6	169670146	169670147	1272	True	6
chr6_169670199_169670200	chr6	169670199	169670200	1347	True	6
chr6_169670430_169670431	chr6	169670430	169670431	1236	True	4
chr6_169689157_169689158	chr6	169689157	169689158	1065	True	5
chr6_169715569_169715570	chr6	169715569	169715570	1500	True	6
chr6_169719793_169719794	chr6	169719793	169719794	127	False	NA
chr6_169719953_169719954	chr6	169719953	169719954	147	False	NA
chr6_169719978_169719979	chr6	169719978	169719979	160	False	NA
chr6_169720151_169720152	chr6	169720151	169720152	131	False	NA
chr6_169720320_169720321	chr6	169720320	169720321	198	False	NA
chr6_170385521_170385522	chr6	170385521	170385522	501	True	5
chr6_170568835_170568836	chr6	170568835	170568836	145	False	NA
chr6_170583391_170583392	chr6	170583391	170583392	202	True	2
chr7_848445_848446	chr7	848445	848446	1443	True	3
chr7_848487_848488	chr7	848487	848488	1491	True	3
chr7_848506_848507	chr7	848506	848507	1511	True	3
chr7_848527_848528	chr7	848527	848528	1373	True	3
chr7_848542_848543	chr7	848542	848543	1876	True	3
chr7_848580_848581	chr7	848580	848581	1701	True	3
chr7_2356144_2356145	chr7	2356144	2356145	157	False	NA
chr7_2365689_2365690	chr7	2365689	2365690	345	True	4
chr7_2367856_2367857	chr7	2367856	2367857	1302	True	1
chr7_2999198_2999199	chr7	2999198	2999199	5	False	NA
chr7_3340125_3340126	chr7	3340125	3340126	18	False	NA
chr7_3342881_3342882	chr7	3342881	3342882	0	False	NA
chr7_3342935_3342936	chr7	3342935	3342936	0	False	NA
chr7_5300753_5300754	chr7	5300753	5300754	84092	True	1
chr7_6692285_6692286	chr7	6692285	6692286	0	False	NA
chr7_11051795_11051796	chr7	11051795	11051796	772	True	2
chr7_11076488_11076489	chr7	11076488	11076489	348	True	6
chr7_11076579_11076580	chr7	11076579	11076580	266	True	6
chr7_12354297_12354298	chr7	12354297	12354298	1183	True	4
chr7_22510350_22510351	chr7	22510350	22510351	739	True	5
chr7_23406040_23406041	chr7	23406040	23406041	875	True	6
chr7_23406074_23406075	chr7	23406074	23406075	805	True	6
chr7_23406315_23406316	chr7	23406315	23406316	1214	True	6
chr7_23406339_23406340	chr7	23406339	23406340	1289	True	6
chr7_23505584_23505585	chr7	23505584	23505585	6028	True	1
chr7_23521944_23521945	chr7	23521944	23521945	4944	True	3
chr7_23521969_23521970	chr7	23521969	23521970	4135	True	3
chr7_23521986_23521987	chr7	23521986	23521987	3862	True	3
chr7_23522017_23522018	chr7	23522017	23522018	4158	True	3
chr7_23522035_23522036	chr7	23522035	23522036	4479	True	3
chr7_23691768_23691769	chr7	23691768	23691769	88	False	NA
chr7_24630255_24630256	chr7	24630255	24630256	95	False	NA
chr7_26193021_26193022	chr7	26193021	26193022	2471	True	3
chr7_26193163_26193164	chr7	26193163	26193164	3207	True	3
chr7_26193223_26193224	chr7	26193223	26193224	13660	True	1
chr7_26193244_26193245	chr7	26193244	26193245	19134	True	1
chr7_26193382_26193383	chr7	26193382	26193383	19466	True	1
chr7_26193445_26193446	chr7	26193445	26193446	5996	True	3
chr7_26193493_26193494	chr7	26193493	26193494	6572	True	3
chr7_26194031_26194032	chr7	26194031	26194032	2869	True	1
chr7_26194542_26194543	chr7	26194542	26194543	4079	True	1
chr7_26194764_26194765	chr7	26194764	26194765	2778	True	1
chr7_26194795_26194796	chr7	26194795	26194796	2009	True	1
chr7_26195096_26195097	chr7	26195096	26195097	2557	True	1
chr7_26195692_26195693	chr7	26195692	26195693	3287	True	4
chr7_26195762_26195763	chr7	26195762	26195763	3699	True	4
chr7_26196015_26196016	chr7	26196015	26196016	2120	True	4
chr7_26196337_26196338	chr7	26196337	26196338	5745	True	1
chr7_26196355_26196356	chr7	26196355	26196356	10067	True	1
chr7_26196489_26196490	chr7	26196489	26196490	22356	True	1
chr7_26196526_26196527	chr7	26196526	26196527	19068	True	1
chr7_26196662_26196663	chr7	26196662	26196663	8531	True	1
chr7_26196778_26196779	chr7	26196778	26196779	8543	True	3
chr7_26197023_26197024	chr7	26197023	26197024	14494	True	1
chr7_26197038_26197039	chr7	26197038	26197039	13245	True	1
chr7_26197118_26197119	chr7	26197118	26197119	4305	True	4
chr7_26197133_26197134	chr7	26197133	26197134	4279	True	4
chr7_26197162_26197163	chr7	26197162	26197163	2766	True	4
chr7_26197180_26197181	chr7	26197180	26197181	2580	True	4
chr7_26197193_26197194	chr7	26197193	26197194	2703	True	4
chr7_26197214_26197215	chr7	26197214	26197215	2723	True	4
chr7_26197584_26197585	chr7	26197584	26197585	11041	True	1
chr7_26197611_26197612	chr7	26197611	26197612	15225	True	1
chr7_26197743_26197744	chr7	26197743	26197744	14158	True	3
chr7_26197789_26197790	chr7	26197789	26197790	9065	True	3
chr7_26197880_26197881	chr7	26197880	26197881	5622	True	3
chr7_26197992_26197993	chr7	26197992	26197993	2517	True	4
chr7_26198022_26198023	chr7	26198022	26198023	2584	True	4
chr7_26198107_26198108	chr7	26198107	26198108	1617	True	4
chr7_26198218_26198219	chr7	26198218	26198219	3889	True	1
chr7_26198241_26198242	chr7	26198241	26198242	4289	True	1
chr7_26198265_26198266	chr7	26198265	26198266	4475	True	1
chr7_26198281_26198282	chr7	26198281	26198282	4551	True	1
chr7_26198338_26198339	chr7	26198338	26198339	5822	True	1
chr7_26198372_26198373	chr7	26198372	26198373	5045	True	3
chr7_26198431_26198432	chr7	26198431	26198432	4029	True	3
chr7_26198563_26198564	chr7	26198563	26198564	3981	True	3
chr7_26198694_26198695	chr7	26198694	26198695	5183	True	1
chr7_26198713_26198714	chr7	26198713	26198714	4165	True	3
chr7_26198729_26198730	chr7	26198729	26198730	4015	True	3
chr7_26198774_26198775	chr7	26198774	26198775	3954	True	3
chr7_26198792_26198793	chr7	26198792	26198793	4477	True	3
chr7_26198914_26198915	chr7	26198914	26198915	5783	True	1
chr7_26198967_26198968	chr7	26198967	26198968	6007	True	1
chr7_26199116_26199117	chr7	26199116	26199117	5986	True	3
chr7_26199142_26199143	chr7	26199142	26199143	6946	True	3
chr7_26199167_26199168	chr7	26199167	26199168	7321	True	3
chr7_26199233_26199234	chr7	26199233	26199234	7473	True	3
chr7_26199249_26199250	chr7	26199249	26199250	7964	True	3
chr7_26199269_26199270	chr7	26199269	26199270	6719	True	3
chr7_26199305_26199306	chr7	26199305	26199306	7612	True	3
chr7_26199319_26199320	chr7	26199319	26199320	7907	True	3
chr7_26199473_26199474	chr7	26199473	26199474	7310	True	3
chr7_26199500_26199501	chr7	26199500	26199501	7952	True	3
chr7_26199599_26199600	chr7	26199599	26199600	10456	True	1
chr7_26199624_26199625	chr7	26199624	26199625	10060	True	1
chr7_26199642_26199643	chr7	26199642	26199643	10676	True	1
chr7_26199687_26199688	chr7	26199687	26199688	11684	True	1
chr7_26199740_26199741	chr7	26199740	26199741	11105	True	1
chr7_26199761_26199762	chr7	26199761	26199762	8795	True	1
chr7_26199850_26199851	chr7	26199850	26199851	9656	True	1
chr7_26199971_26199972	chr7	26199971	26199972	8319	True	1
chr7_26200015_26200016	chr7	26200015	26200016	7968	True	1
chr7_26200036_26200037	chr7	26200036	26200037	8296	True	1
chr7_26202521_26202522	chr7	26202521	26202522	2160	True	3
chr7_27141072_27141073	chr7	27141072	27141073	0	False	NA
chr7_27143607_27143608	chr7	27143607	27143608	27	False	NA
chr7_27143635_27143636	chr7	27143635	27143636	27	False	NA
chr7_27143687_27143688	chr7	27143687	27143688	150	False	NA
chr7_27143786_27143787	chr7	27143786	27143787	105	False	NA
chr7_27144138_27144139	chr7	27144138	27144139	0	False	NA
chr7_27144224_27144225	chr7	27144224	27144225	47	False	NA
chr7_27144314_27144315	chr7	27144314	27144315	0	False	NA
chr7_27144362_27144363	chr7	27144362	27144363	103	False	NA
chr7_27144380_27144381	chr7	27144380	27144381	73	False	NA
chr7_27144383_27144384	chr7	27144383	27144384	0	False	NA
chr7_27144436_27144437	chr7	27144436	27144437	85	False	NA
chr7_27144669_27144670	chr7	27144669	27144670	0	False	NA
chr7_27144688_27144689	chr7	27144688	27144689	108	False	NA
chr7_27144765_27144766	chr7	27144765	27144766	102	False	NA
chr7_27568088_27568089	chr7	27568088	27568089	99	False	NA
chr7_28683005_28683006	chr7	28683005	28683006	9	False	NA
chr7_36418761_36418762	chr7	36418761	36418762	250	True	5
chr7_36420012_36420013	chr7	36420012	36420013	95	False	NA
chr7_39998222_39998223	chr7	39998222	39998223	307	True	5
chr7_39998314_39998315	chr7	39998314	39998315	234	True	5
chr7_43629358_43629359	chr7	43629358	43629359	26	False	NA
chr7_43630936_43630937	chr7	43630936	43630937	7	False	NA
chr7_43630977_43630978	chr7	43630977	43630978	316	True	2
chr7_43633059_43633060	chr7	43633059	43633060	6	False	NA
chr7_43633082_43633083	chr7	43633082	43633083	12	False	NA
chr7_43633099_43633100	chr7	43633099	43633100	345	True	2
chr7_43633146_43633147	chr7	43633146	43633147	378	True	2
chr7_43703289_43703290	chr7	43703289	43703290	438	True	2
chr7_43703643_43703644	chr7	43703643	43703644	340	True	2
chr7_43704271_43704272	chr7	43704271	43704272	588	True	2
chr7_43704341_43704342	chr7	43704341	43704342	519	True	2
chr7_43797119_43797120	chr7	43797119	43797120	68	False	NA
chr7_44468359_44468360	chr7	44468359	44468360	94	False	NA
chr7_44798953_44798954	chr7	44798953	44798954	1351	True	5
chr7_44800783_44800784	chr7	44800783	44800784	455	True	5
chr7_53776256_53776257	chr7	53776256	53776257	28	False	NA
chr7_56060066_56060067	chr7	56060066	56060067	134	False	NA
chr7_56061692_56061693	chr7	56061692	56061693	561	True	5
chr7_56409060_56409061	chr7	56409060	56409061	10	False	NA
chr7_56409075_56409076	chr7	56409075	56409076	10	False	NA
chr7_63925833_63925834	chr7	63925833	63925834	737	True	4
chr7_64522931_64522932	chr7	64522931	64522932	221	True	2
chr7_64830391_64830392	chr7	64830391	64830392	122	False	NA
chr7_64830500_64830501	chr7	64830500	64830501	129	False	NA
chr7_64830886_64830887	chr7	64830886	64830887	109	False	NA
chr7_65283088_65283089	chr7	65283088	65283089	33	False	NA
chr7_66337321_66337322	chr7	66337321	66337322	161	False	NA
chr7_66855773_66855774	chr7	66855773	66855774	643	True	3
chr7_66855788_66855789	chr7	66855788	66855789	631	True	3
chr7_66856119_66856120	chr7	66856119	66856120	544	True	3
chr7_67312835_67312836	chr7	67312835	67312836	414	True	6
chr7_70175757_70175758	chr7	70175757	70175758	0	False	NA
chr7_73456943_73456944	chr7	73456943	73456944	324	True	3
chr7_73460196_73460197	chr7	73460196	73460197	478	True	1
chr7_76592305_76592306	chr7	76592305	76592306	765	True	2
chr7_77945427_77945428	chr7	77945427	77945428	168	False	NA
chr7_78143502_78143503	chr7	78143502	78143503	0	False	NA
chr7_87162118_87162119	chr7	87162118	87162119	833	True	1
chr7_87162251_87162252	chr7	87162251	87162252	282	True	4
chr7_87162827_87162828	chr7	87162827	87162828	309	True	5
chr7_87180078_87180079	chr7	87180078	87180079	334	True	2
chr7_87180871_87180872	chr7	87180871	87180872	735	True	4
chr7_90215800_90215801	chr7	90215800	90215801	47	False	NA
chr7_90359166_90359167	chr7	90359166	90359167	374	True	2
chr7_92040936_92040937	chr7	92040936	92040937	687	True	2
chr7_92041013_92041014	chr7	92041013	92041014	279	True	2
chr7_92041197_92041198	chr7	92041197	92041198	141	False	NA
chr7_92226693_92226694	chr7	92226693	92226694	398	True	2
chr7_92240294_92240295	chr7	92240294	92240295	185	False	NA
chr7_92240854_92240855	chr7	92240854	92240855	614	True	5
chr7_92240901_92240902	chr7	92240901	92240902	689	True	5
chr7_92240979_92240980	chr7	92240979	92240980	642	True	2
chr7_93666048_93666049	chr7	93666048	93666049	53	False	NA
chr7_93713868_93713869	chr7	93713868	93713869	93	False	NA
chr7_93714842_93714843	chr7	93714842	93714843	20	False	NA
chr7_93714862_93714863	chr7	93714862	93714863	20	False	NA
chr7_93714884_93714885	chr7	93714884	93714885	27	False	NA
chr7_93714921_93714922	chr7	93714921	93714922	37	False	NA
chr7_93715119_93715120	chr7	93715119	93715120	104	False	NA
chr7_93715167_93715168	chr7	93715167	93715168	71	False	NA
chr7_93715620_93715621	chr7	93715620	93715621	63	False	NA
chr7_93715634_93715635	chr7	93715634	93715635	72	False	NA
chr7_93715735_93715736	chr7	93715735	93715736	70	False	NA
chr7_93740101_93740102	chr7	93740101	93740102	68	False	NA
chr7_93746251_93746252	chr7	93746251	93746252	63	False	NA
chr7_93746338_93746339	chr7	93746338	93746339	100	False	NA
chr7_93746377_93746378	chr7	93746377	93746378	47	False	NA
chr7_93746947_93746948	chr7	93746947	93746948	18	False	NA
chr7_93771982_93771983	chr7	93771982	93771983	59	False	NA
chr7_94537648_94537649	chr7	94537648	94537649	0	False	NA
chr7_94537693_94537694	chr7	94537693	94537694	0	False	NA
chr7_94537754_94537755	chr7	94537754	94537755	0	False	NA
chr7_95415958_95415959	chr7	95415958	95415959	696	True	6
chr7_96274205_96274206	chr7	96274205	96274206	365	True	2
chr7_97859104_97859105	chr7	97859104	97859105	819	True	2
chr7_97859500_97859501	chr7	97859500	97859501	294	True	2
chr7_97859531_97859532	chr7	97859531	97859532	209	True	2
chr7_97859582_97859583	chr7	97859582	97859583	217	True	2
chr7_97859638_97859639	chr7	97859638	97859639	152	False	NA
chr7_97859689_97859690	chr7	97859689	97859690	136	False	NA
chr7_97860726_97860727	chr7	97860726	97860727	430	True	2
chr7_97860758_97860759	chr7	97860758	97860759	436	True	2
chr7_97860844_97860845	chr7	97860844	97860845	306	True	2
chr7_97861333_97861334	chr7	97861333	97861334	355	True	5
chr7_97861360_97861361	chr7	97861360	97861361	626	True	4
chr7_97861461_97861462	chr7	97861461	97861462	585	True	4
chr7_97861582_97861583	chr7	97861582	97861583	137	False	NA
chr7_98181668_98181669	chr7	98181668	98181669	306	True	5
chr7_98881812_98881813	chr7	98881812	98881813	182655	True	1
chr7_99022243_99022244	chr7	99022243	99022244	131	False	NA
chr7_99448476_99448477	chr7	99448476	99448477	527	True	4
chr7_99572229_99572230	chr7	99572229	99572230	923	True	2
chr7_99901132_99901133	chr7	99901132	99901133	199	False	NA
chr7_100098089_100098090	chr7	100098089	100098090	2795	True	4
chr7_100099416_100099417	chr7	100099416	100099417	5869	True	4
chr7_100362522_100362523	chr7	100362522	100362523	609	True	6
chr7_100362685_100362686	chr7	100362685	100362686	138	False	NA
chr7_100882666_100882667	chr7	100882666	100882667	2207	True	4
chr7_102379049_102379050	chr7	102379049	102379050	248	True	5
chr7_103316875_103316876	chr7	103316875	103316876	10	False	NA
chr7_103316904_103316905	chr7	103316904	103316905	10	False	NA
chr7_103319658_103319659	chr7	103319658	103319659	0	False	NA
chr7_103319779_103319780	chr7	103319779	103319780	13	False	NA
chr7_103319830_103319831	chr7	103319830	103319831	13	False	NA
chr7_103321939_103321940	chr7	103321939	103321940	0	False	NA
chr7_103321972_103321973	chr7	103321972	103321973	0	False	NA
chr7_103321999_103322000	chr7	103321999	103322000	0	False	NA
chr7_103322011_103322012	chr7	103322011	103322012	0	False	NA
chr7_103322070_103322071	chr7	103322070	103322071	0	False	NA
chr7_103322535_103322536	chr7	103322535	103322536	0	False	NA
chr7_103322555_103322556	chr7	103322555	103322556	0	False	NA
chr7_103322636_103322637	chr7	103322636	103322637	2278	True	2
chr7_103322665_103322666	chr7	103322665	103322666	33	False	NA
chr7_103322687_103322688	chr7	103322687	103322688	1899	True	2
chr7_103322691_103322692	chr7	103322691	103322692	46	False	NA
chr7_103324547_103324548	chr7	103324547	103324548	0	False	NA
chr7_103388978_103388979	chr7	103388978	103388979	230	True	2
chr7_105359522_105359523	chr7	105359522	105359523	354	True	5
chr7_105359637_105359638	chr7	105359637	105359638	420	True	2
chr7_105359668_105359669	chr7	105359668	105359669	576	True	2
chr7_105359725_105359726	chr7	105359725	105359726	631	True	2
chr7_105360791_105360792	chr7	105360791	105360792	428	True	5
chr7_105360830_105360831	chr7	105360830	105360831	416	True	5
chr7_105482449_105482450	chr7	105482449	105482450	318	True	2
chr7_105496456_105496457	chr7	105496456	105496457	178	False	NA
chr7_105507923_105507924	chr7	105507923	105507924	356	True	5
chr7_107503136_107503137	chr7	107503136	107503137	455	True	2
chr7_107503569_107503570	chr7	107503569	107503570	290	True	2
chr7_107923912_107923913	chr7	107923912	107923913	77	False	NA
chr7_107923944_107923945	chr7	107923944	107923945	82	False	NA
chr7_107923987_107923988	chr7	107923987	107923988	93	False	NA
chr7_107924285_107924286	chr7	107924285	107924286	107	False	NA
chr7_107924339_107924340	chr7	107924339	107924340	118	False	NA
chr7_107924359_107924360	chr7	107924359	107924360	123	False	NA
chr7_107926231_107926232	chr7	107926231	107926232	112	False	NA
chr7_107929068_107929069	chr7	107929068	107929069	74	False	NA
chr7_107929190_107929191	chr7	107929190	107929191	43	False	NA
chr7_107929505_107929506	chr7	107929505	107929506	114	False	NA
chr7_107949915_107949916	chr7	107949915	107949916	124	False	NA
chr7_111420370_111420371	chr7	111420370	111420371	566	True	4
chr7_111420546_111420547	chr7	111420546	111420547	320	True	2
chr7_111422144_111422145	chr7	111422144	111422145	236	True	2
chr7_111422255_111422256	chr7	111422255	111422256	246	True	2
chr7_111439545_111439546	chr7	111439545	111439546	364	True	2
chr7_111440817_111440818	chr7	111440817	111440818	581	True	2
chr7_112105300_112105301	chr7	112105300	112105301	38	False	NA
chr7_112238820_112238821	chr7	112238820	112238821	79	False	NA
chr7_112459399_112459400	chr7	112459399	112459400	949	True	4
chr7_112459573_112459574	chr7	112459573	112459574	403	True	5
chr7_116249242_116249243	chr7	116249242	116249243	0	False	NA
chr7_122098878_122098879	chr7	122098878	122098879	273	True	5
chr7_122099779_122099780	chr7	122099779	122099780	285	True	5
chr7_122100727_122100728	chr7	122100727	122100728	54	False	NA
chr7_123161559_123161560	chr7	123161559	123161560	0	False	NA
chr7_125064862_125064863	chr7	125064862	125064863	0	False	NA
chr7_128335775_128335776	chr7	128335775	128335776	3279	True	2
chr7_128335803_128335804	chr7	128335803	128335804	3857	True	2
chr7_128335838_128335839	chr7	128335838	128335839	4192	True	2
chr7_128337340_128337341	chr7	128337340	128337341	349	True	2
chr7_128754168_128754169	chr7	128754168	128754169	1041	True	4
chr7_128754251_128754252	chr7	128754251	128754252	3980	True	3
chr7_128762051_128762052	chr7	128762051	128762052	290	True	5
chr7_132897651_132897652	chr7	132897651	132897652	222	True	2
chr7_132974879_132974880	chr7	132974879	132974880	47	False	NA
chr7_134933380_134933381	chr7	134933380	134933381	0	False	NA
chr7_134934083_134934084	chr7	134934083	134934084	0	False	NA
chr7_134941095_134941096	chr7	134941095	134941096	0	False	NA
chr7_134941114_134941115	chr7	134941114	134941115	0	False	NA
chr7_134941139_134941140	chr7	134941139	134941140	0	False	NA
chr7_134941159_134941160	chr7	134941159	134941160	0	False	NA
chr7_134941174_134941175	chr7	134941174	134941175	0	False	NA
chr7_134941192_134941193	chr7	134941192	134941193	0	False	NA
chr7_134941216_134941217	chr7	134941216	134941217	0	False	NA
chr7_134947523_134947524	chr7	134947523	134947524	0	False	NA
chr7_134947548_134947549	chr7	134947548	134947549	0	False	NA
chr7_134947577_134947578	chr7	134947577	134947578	0	False	NA
chr7_134947635_134947636	chr7	134947635	134947636	0	False	NA
chr7_134958087_134958088	chr7	134958087	134958088	0	False	NA
chr7_135600254_135600255	chr7	135600254	135600255	271	True	4
chr7_139340732_139340733	chr7	139340732	139340733	41147	True	1
chr7_139365086_139365087	chr7	139365086	139365087	953	True	4
chr7_140808356_140808357	chr7	140808356	140808357	332	True	4
chr7_141745632_141745633	chr7	141745632	141745633	1847	True	4
chr7_148799422_148799423	chr7	148799422	148799423	578	True	2
chr7_148815931_148815932	chr7	148815931	148815932	935	True	4
chr7_148817000_148817001	chr7	148817000	148817001	1424	True	2
chr7_148817575_148817576	chr7	148817575	148817576	1849	True	2
chr7_148817621_148817622	chr7	148817621	148817622	2210	True	2
chr7_148817851_148817852	chr7	148817851	148817852	4687	True	4
chr7_148819163_148819164	chr7	148819163	148819164	1343	True	4
chr7_148826034_148826035	chr7	148826034	148826035	1614	True	4
chr7_148826213_148826214	chr7	148826213	148826214	2819	True	4
chr7_148826251_148826252	chr7	148826251	148826252	3009	True	4
chr7_148826310_148826311	chr7	148826310	148826311	2250	True	4
chr7_149084360_149084361	chr7	149084360	149084361	30	False	NA
chr7_149165612_149165613	chr7	149165612	149165613	37	False	NA
chr7_149575630_149575631	chr7	149575630	149575631	105	False	NA
chr7_149578891_149578892	chr7	149578891	149578892	217	True	2
chr7_149589088_149589089	chr7	149589088	149589089	2066	True	3
chr7_152153734_152153735	chr7	152153734	152153735	462	True	4
chr7_152161299_152161300	chr7	152161299	152161300	216	True	5
chr7_152161992_152161993	chr7	152161992	152161993	1569	True	4
chr7_152162072_152162073	chr7	152162072	152162073	2042	True	4
chr7_152314531_152314532	chr7	152314531	152314532	258	True	2
chr7_152825323_152825324	chr7	152825323	152825324	226	True	5
chr7_155706865_155706866	chr7	155706865	155706866	2469	True	2
chr7_157175184_157175185	chr7	157175184	157175185	358	True	5
chr7_157192966_157192967	chr7	157192966	157192967	680	True	2
chr7_157208088_157208089	chr7	157208088	157208089	722	True	3
chr7_157239364_157239365	chr7	157239364	157239365	632	True	2
chr7_158905154_158905155	chr7	158905154	158905155	916	True	4
chr8_521241_521242	chr8	521241	521242	82	False	NA
chr8_641386_641387	chr8	641386	641387	136	False	NA
chr8_672583_672584	chr8	672583	672584	125	False	NA
chr8_673272_673273	chr8	673272	673273	613	True	5
chr8_1776064_1776065	chr8	1776064	1776065	76	False	NA
chr8_6718816_6718817	chr8	6718816	6718817	325	True	2
chr8_6719076_6719077	chr8	6719076	6719077	336	True	2
chr8_6719243_6719244	chr8	6719243	6719244	323	True	2
chr8_6720358_6720359	chr8	6720358	6720359	404	True	2
chr8_6720451_6720452	chr8	6720451	6720452	478	True	2
chr8_6720747_6720748	chr8	6720747	6720748	515	True	5
chr8_11111881_11111882	chr8	11111881	11111882	52	False	NA
chr8_11118129_11118130	chr8	11118129	11118130	11	False	NA
chr8_11118189_11118190	chr8	11118189	11118190	11	False	NA
chr8_11118457_11118458	chr8	11118457	11118458	0	False	NA
chr8_11132863_11132864	chr8	11132863	11132864	58	False	NA
chr8_11182837_11182838	chr8	11182837	11182838	642	True	2
chr8_11182859_11182860	chr8	11182859	11182860	435	True	2
chr8_11182876_11182877	chr8	11182876	11182877	382	True	2
chr8_17939310_17939311	chr8	17939310	17939311	23	False	NA
chr8_17939464_17939465	chr8	17939464	17939465	94	False	NA
chr8_17941742_17941743	chr8	17941742	17941743	216	True	2
chr8_17956146_17956147	chr8	17956146	17956147	391	True	5
chr8_17957079_17957080	chr8	17957079	17957080	451	True	2
chr8_17960535_17960536	chr8	17960535	17960536	97	False	NA
chr8_17962227_17962228	chr8	17962227	17962228	1591	True	5
chr8_17962956_17962957	chr8	17962956	17962957	351	True	2
chr8_17964792_17964793	chr8	17964792	17964793	1867	True	4
chr8_17965624_17965625	chr8	17965624	17965625	279	True	2
chr8_17965739_17965740	chr8	17965739	17965740	240	True	2
chr8_17965760_17965761	chr8	17965760	17965761	295	True	2
chr8_17965866_17965867	chr8	17965866	17965867	306	True	2
chr8_17965888_17965889	chr8	17965888	17965889	359	True	2
chr8_17966760_17966761	chr8	17966760	17966761	582	True	5
chr8_17986228_17986229	chr8	17986228	17986229	188	False	NA
chr8_17992627_17992628	chr8	17992627	17992628	329	True	4
chr8_17993904_17993905	chr8	17993904	17993905	446	True	6
chr8_18006212_18006213	chr8	18006212	18006213	1525	True	4
chr8_18006234_18006235	chr8	18006234	18006235	1807	True	4
chr8_18006255_18006256	chr8	18006255	18006256	1806	True	4
chr8_18858457_18858458	chr8	18858457	18858458	70	False	NA
chr8_18902013_18902014	chr8	18902013	18902014	6	False	NA
chr8_19824193_19824194	chr8	19824193	19824194	61	False	NA
chr8_21946657_21946658	chr8	21946657	21946658	536	True	4
chr8_23061199_23061200	chr8	23061199	23061200	206	True	5
chr8_23439978_23439979	chr8	23439978	23439979	372	True	2
chr8_23566636_23566637	chr8	23566636	23566637	6551	True	4
chr8_25389238_25389239	chr8	25389238	25389239	3483	True	2
chr8_25491632_25491633	chr8	25491632	25491633	586	True	4
chr8_25491806_25491807	chr8	25491806	25491807	78	False	NA
chr8_26294187_26294188	chr8	26294187	26294188	836	True	4
chr8_27360260_27360261	chr8	27360260	27360261	21	False	NA
chr8_27740489_27740490	chr8	27740489	27740490	0	False	NA
chr8_30710720_30710721	chr8	30710720	30710721	697	True	3
chr8_31063734_31063735	chr8	31063734	31063735	542	True	4
chr8_31063760_31063761	chr8	31063760	31063761	541	True	4
chr8_31064123_31064124	chr8	31064123	31064124	122	False	NA
chr8_31064135_31064136	chr8	31064135	31064136	113	False	NA
chr8_31081324_31081325	chr8	31081324	31081325	934	True	2
chr8_31081349_31081350	chr8	31081349	31081350	484	True	2
chr8_31081774_31081775	chr8	31081774	31081775	588	True	4
chr8_31122884_31122885	chr8	31122884	31122885	140	False	NA
chr8_38320370_38320371	chr8	38320370	38320371	365	True	2
chr8_38320647_38320648	chr8	38320647	38320648	316	True	5
chr8_42025598_42025599	chr8	42025598	42025599	241	True	2
chr8_42029050_42029051	chr8	42029050	42029051	167	False	NA
chr8_43079268_43079269	chr8	43079268	43079269	141	False	NA
chr8_43079705_43079706	chr8	43079705	43079706	171	False	NA
chr8_43079997_43079998	chr8	43079997	43079998	203	True	2
chr8_43080457_43080458	chr8	43080457	43080458	81	False	NA
chr8_47316758_47316759	chr8	47316758	47316759	277	True	2
chr8_47468353_47468354	chr8	47468353	47468354	102	False	NA
chr8_47781431_47781432	chr8	47781431	47781432	61	False	NA
chr8_47781583_47781584	chr8	47781583	47781584	177	False	NA
chr8_47793632_47793633	chr8	47793632	47793633	34	False	NA
chr8_47794502_47794503	chr8	47794502	47794503	988	True	2
chr8_47794580_47794581	chr8	47794580	47794581	715	True	2
chr8_47794762_47794763	chr8	47794762	47794763	140	False	NA
chr8_47794825_47794826	chr8	47794825	47794826	143	False	NA
chr8_47796344_47796345	chr8	47796344	47796345	100	False	NA
chr8_47796999_47797000	chr8	47796999	47797000	58	False	NA
chr8_47797299_47797300	chr8	47797299	47797300	85	False	NA
chr8_47798175_47798176	chr8	47798175	47798176	396	True	2
chr8_47798225_47798226	chr8	47798225	47798226	1249	True	2
chr8_47817836_47817837	chr8	47817836	47817837	191	False	NA
chr8_47818583_47818584	chr8	47818583	47818584	279	True	4
chr8_47854001_47854002	chr8	47854001	47854002	161	False	NA
chr8_47897398_47897399	chr8	47897398	47897399	814	True	2
chr8_47897771_47897772	chr8	47897771	47897772	252	True	2
chr8_47897997_47897998	chr8	47897997	47897998	748	True	4
chr8_47898180_47898181	chr8	47898180	47898181	508	True	2
chr8_47898202_47898203	chr8	47898202	47898203	531	True	2
chr8_47898260_47898261	chr8	47898260	47898261	542	True	2
chr8_47898371_47898372	chr8	47898371	47898372	1095	True	2
chr8_47898447_47898448	chr8	47898447	47898448	1880	True	2
chr8_47898668_47898669	chr8	47898668	47898669	1026	True	2
chr8_47899155_47899156	chr8	47899155	47899156	428	True	5
chr8_47899176_47899177	chr8	47899176	47899177	384	True	5
chr8_47899195_47899196	chr8	47899195	47899196	391	True	5
chr8_47899647_47899648	chr8	47899647	47899648	986	True	3
chr8_47899904_47899905	chr8	47899904	47899905	501	True	2
chr8_47900184_47900185	chr8	47900184	47900185	1895	True	4
chr8_47900359_47900360	chr8	47900359	47900360	3132	True	4
chr8_47932955_47932956	chr8	47932955	47932956	781	True	2
chr8_47944176_47944177	chr8	47944176	47944177	618	True	2
chr8_47944217_47944218	chr8	47944217	47944218	597	True	2
chr8_47950983_47950984	chr8	47950983	47950984	368	True	4
chr8_47971899_47971900	chr8	47971899	47971900	126	False	NA
chr8_47973504_47973505	chr8	47973504	47973505	742	True	3
chr8_60781180_60781181	chr8	60781180	60781181	797	True	2
chr8_63182972_63182973	chr8	63182972	63182973	840	True	1
chr8_66922603_66922604	chr8	66922603	66922604	29816	True	1
chr8_67095276_67095277	chr8	67095276	67095277	313	True	2
chr8_67095752_67095753	chr8	67095752	67095753	605	True	2
chr8_68638579_68638580	chr8	68638579	68638580	0	False	NA
chr8_69690101_69690102	chr8	69690101	69690102	3929	True	4
chr8_73293078_73293079	chr8	73293078	73293079	1040	True	3
chr8_73728470_73728471	chr8	73728470	73728471	204	True	5
chr8_82266330_82266331	chr8	82266330	82266331	653	True	6
chr8_90942893_90942894	chr8	90942893	90942894	78	False	NA
chr8_93737788_93737789	chr8	93737788	93737789	435	True	4
chr8_99293002_99293003	chr8	99293002	99293003	1586	True	3
chr8_100712794_100712795	chr8	100712794	100712795	11344	True	1
chr8_100717379_100717380	chr8	100717379	100717380	192	False	NA
chr8_100717899_100717900	chr8	100717899	100717900	11677	True	1
chr8_102269184_102269185	chr8	102269184	102269185	330	True	2
chr8_102302202_102302203	chr8	102302202	102302203	814	True	4
chr8_102302992_102302993	chr8	102302992	102302993	1232	True	4
chr8_102304538_102304539	chr8	102304538	102304539	244	True	5
chr8_102304605_102304606	chr8	102304605	102304606	196	False	NA
chr8_102304675_102304676	chr8	102304675	102304676	135	False	NA
chr8_102304756_102304757	chr8	102304756	102304757	71	False	NA
chr8_102304967_102304968	chr8	102304967	102304968	242	True	5
chr8_103525184_103525185	chr8	103525184	103525185	0	False	NA
chr8_108292390_108292391	chr8	108292390	108292391	976	True	2
chr8_116848965_116848966	chr8	116848965	116848966	0	False	NA
chr8_116856920_116856921	chr8	116856920	116856921	408	True	2
chr8_119597200_119597201	chr8	119597200	119597201	36	False	NA
chr8_119832163_119832164	chr8	119832163	119832164	365	True	4
chr8_120456717_120456718	chr8	120456717	120456718	241	True	2
chr8_120458263_120458264	chr8	120458263	120458264	200	True	2
chr8_123347492_123347493	chr8	123347492	123347493	2048	True	4
chr8_123370143_123370144	chr8	123370143	123370144	1055	True	5
chr8_123371185_123371186	chr8	123371185	123371186	902	True	5
chr8_123807857_123807858	chr8	123807857	123807858	85	False	NA
chr8_124497886_124497887	chr8	124497886	124497887	29	False	NA
chr8_125005140_125005141	chr8	125005140	125005141	93	False	NA
chr8_125987656_125987657	chr8	125987656	125987657	0	False	NA
chr8_125987675_125987676	chr8	125987675	125987676	7427	True	1
chr8_127738700_127738701	chr8	127738700	127738701	0	False	NA
chr8_127738733_127738734	chr8	127738733	127738734	0	False	NA
chr8_127833869_127833870	chr8	127833869	127833870	285	True	5
chr8_127834713_127834714	chr8	127834713	127834714	81	False	NA
chr8_127897654_127897655	chr8	127897654	127897655	73	False	NA
chr8_127897700_127897701	chr8	127897700	127897701	101	False	NA
chr8_127898297_127898298	chr8	127898297	127898298	626	True	2
chr8_127898359_127898360	chr8	127898359	127898360	891	True	2
chr8_127898384_127898385	chr8	127898384	127898385	945	True	2
chr8_129929456_129929457	chr8	129929456	129929457	18	False	NA
chr8_130276359_130276360	chr8	130276359	130276360	6	False	NA
chr8_134693636_134693637	chr8	134693636	134693637	0	False	NA
chr8_137086768_137086769	chr8	137086768	137086769	0	False	NA
chr8_143256753_143256754	chr8	143256753	143256754	198	False	NA
chr8_143542399_143542400	chr8	143542399	143542400	5	False	NA
chr8_144398219_144398220	chr8	144398219	144398220	8007	True	3
chr8_144746109_144746110	chr8	144746109	144746110	133	False	NA
chr9_657533_657534	chr9	657533	657534	0	False	NA
chr9_4729838_4729839	chr9	4729838	4729839	759	True	3
chr9_4740064_4740065	chr9	4740064	4740065	423	True	3
chr9_8500029_8500030	chr9	8500029	8500030	32	False	NA
chr9_8500553_8500554	chr9	8500553	8500554	18	False	NA
chr9_15464623_15464624	chr9	15464623	15464624	225	True	2
chr9_15465404_15465405	chr9	15465404	15465405	200	True	2
chr9_15465479_15465480	chr9	15465479	15465480	211	True	5
chr9_15472596_15472597	chr9	15472596	15472597	1062	True	2
chr9_15776205_15776206	chr9	15776205	15776206	0	False	NA
chr9_20575518_20575519	chr9	20575518	20575519	24	False	NA
chr9_20587531_20587532	chr9	20587531	20587532	121	False	NA
chr9_35058603_35058604	chr9	35058603	35058604	549	True	4
chr9_36656641_36656642	chr9	36656641	36656642	284	True	4
chr9_65703609_65703610	chr9	65703609	65703610	583	True	6
chr9_70188700_70188701	chr9	70188700	70188701	10	False	NA
chr9_72360366_72360367	chr9	72360366	72360367	472	True	4
chr9_72360408_72360409	chr9	72360408	72360409	444	True	4
chr9_76572006_76572007	chr9	76572006	76572007	17042	True	1
chr9_77205605_77205606	chr9	77205605	77205606	89	False	NA
chr9_77212958_77212959	chr9	77212958	77212959	942	True	2
chr9_77324282_77324283	chr9	77324282	77324283	30	False	NA
chr9_77331138_77331139	chr9	77331138	77331139	26	False	NA
chr9_77331704_77331705	chr9	77331704	77331705	25	False	NA
chr9_77336818_77336819	chr9	77336818	77336819	107	False	NA
chr9_77340727_77340728	chr9	77340727	77340728	215	True	2
chr9_77345205_77345206	chr9	77345205	77345206	149	False	NA
chr9_77345221_77345222	chr9	77345221	77345222	144	False	NA
chr9_77345507_77345508	chr9	77345507	77345508	100	False	NA
chr9_77352330_77352331	chr9	77352330	77352331	253	True	5
chr9_77352350_77352351	chr9	77352350	77352351	265	True	5
chr9_77373940_77373941	chr9	77373940	77373941	172	False	NA
chr9_78271713_78271714	chr9	78271713	78271714	115	False	NA
chr9_83055770_83055771	chr9	83055770	83055771	14	False	NA
chr9_83670549_83670550	chr9	83670549	83670550	678	True	5
chr9_83972954_83972955	chr9	83972954	83972955	0	False	NA
chr9_83974579_83974580	chr9	83974579	83974580	0	False	NA
chr9_85585296_85585297	chr9	85585296	85585297	5	False	NA
chr9_85661955_85661956	chr9	85661955	85661956	42	False	NA
chr9_85975765_85975766	chr9	85975765	85975766	184	False	NA
chr9_85976026_85976027	chr9	85976026	85976027	128	False	NA
chr9_86048017_86048018	chr9	86048017	86048018	6	False	NA
chr9_86050737_86050738	chr9	86050737	86050738	0	False	NA
chr9_86090792_86090793	chr9	86090792	86090793	0	False	NA
chr9_90631452_90631453	chr9	90631452	90631453	0	False	NA
chr9_92226537_92226538	chr9	92226537	92226538	970	True	5
chr9_92226571_92226572	chr9	92226571	92226572	874	True	5
chr9_92237484_92237485	chr9	92237484	92237485	514	True	2
chr9_92237542_92237543	chr9	92237542	92237543	592	True	2
chr9_92238738_92238739	chr9	92238738	92238739	640	True	2
chr9_92239101_92239102	chr9	92239101	92239102	812	True	2
chr9_92251902_92251903	chr9	92251902	92251903	3697	True	3
chr9_92255402_92255403	chr9	92255402	92255403	4267	True	3
chr9_92255615_92255616	chr9	92255615	92255616	1805	True	4
chr9_92255977_92255978	chr9	92255977	92255978	1840	True	3
chr9_92277677_92277678	chr9	92277677	92277678	820	True	3
chr9_92286373_92286374	chr9	92286373	92286374	1657	True	4
chr9_92286928_92286929	chr9	92286928	92286929	845	True	4
chr9_92287652_92287653	chr9	92287652	92287653	1221	True	3
chr9_92287692_92287693	chr9	92287692	92287693	1692	True	3
chr9_92287778_92287779	chr9	92287778	92287779	3042	True	3
chr9_92289210_92289211	chr9	92289210	92289211	761	True	4
chr9_92320088_92320089	chr9	92320088	92320089	236	True	2
chr9_96925632_96925633	chr9	96925632	96925633	162	False	NA
chr9_100175165_100175166	chr9	100175165	100175166	279	True	2
chr9_111362180_111362181	chr9	111362180	111362181	1574	True	4
chr9_111374256_111374257	chr9	111374256	111374257	324	True	5
chr9_111374407_111374408	chr9	111374407	111374408	164	False	NA
chr9_111444241_111444242	chr9	111444241	111444242	69	False	NA
chr9_112998545_112998546	chr9	112998545	112998546	34	False	NA
chr9_119276014_119276015	chr9	119276014	119276015	0	False	NA
chr9_120466296_120466297	chr9	120466296	120466297	432	True	5
chr9_123077182_123077183	chr9	123077182	123077183	303	True	6
chr9_123925439_123925440	chr9	123925439	123925440	38	False	NA
chr9_124599423_124599424	chr9	124599423	124599424	255	True	6
chr9_124611177_124611178	chr9	124611177	124611178	255	True	5
chr9_125466721_125466722	chr9	125466721	125466722	348	True	2
chr9_130700039_130700040	chr9	130700039	130700040	991	True	1
chr9_130701436_130701437	chr9	130701436	130701437	310	True	6
chr9_131141493_131141494	chr9	131141493	131141494	5981	True	4
chr9_131205039_131205040	chr9	131205039	131205040	1577	True	4
chr9_131448805_131448806	chr9	131448805	131448806	151	False	NA
chr9_131474369_131474370	chr9	131474369	131474370	1082	True	4
chr9_131478792_131478793	chr9	131478792	131478793	686	True	2
chr9_131506551_131506552	chr9	131506551	131506552	238	True	2
chr9_132282023_132282024	chr9	132282023	132282024	244	True	5
chr9_132353380_132353381	chr9	132353380	132353381	192	False	NA
chr9_132653499_132653500	chr9	132653499	132653500	50	False	NA
chr9_136390724_136390725	chr9	136390724	136390725	117	False	NA
chr9_136802975_136802976	chr9	136802975	136802976	0	False	NA
chr9_136831144_136831145	chr9	136831144	136831145	2865	True	6
chr9_137210228_137210229	chr9	137210228	137210229	239	True	6
chr9_137738466_137738467	chr9	137738466	137738467	169	False	NA
chr9_137791747_137791748	chr9	137791747	137791748	254	True	5
chr9_138051052_138051053	chr9	138051052	138051053	89	False	NA
chrX_283889_283890	chrX	283889	283890	0	False	NA
chrX_1413979_1413980	chrX	1413979	1413980	0	False	NA
chrX_1594630_1594631	chrX	1594630	1594631	0	False	NA
chrX_3647957_3647958	chrX	3647957	3647958	77	False	NA
chrX_12188985_12188986	chrX	12188985	12188986	0	False	NA
chrX_12189189_12189190	chrX	12189189	12189190	0	False	NA
chrX_12189856_12189857	chrX	12189856	12189857	0	False	NA
chrX_12190279_12190280	chrX	12190279	12190280	5	False	NA
chrX_12190367_12190368	chrX	12190367	12190368	10	False	NA
chrX_12190438_12190439	chrX	12190438	12190439	5	False	NA
chrX_12190591_12190592	chrX	12190591	12190592	0	False	NA
chrX_12190853_12190854	chrX	12190853	12190854	0	False	NA
chrX_12191073_12191074	chrX	12191073	12191074	11	False	NA
chrX_12191279_12191280	chrX	12191279	12191280	6	False	NA
chrX_12299463_12299464	chrX	12299463	12299464	0	False	NA
chrX_12611925_12611926	chrX	12611925	12611926	0	False	NA
chrX_12798974_12798975	chrX	12798974	12798975	0	False	NA
chrX_14683802_14683803	chrX	14683802	14683803	0	False	NA
chrX_14894330_14894331	chrX	14894330	14894331	27	False	NA
chrX_15833434_15833435	chrX	15833434	15833435	133	False	NA
chrX_16829788_16829789	chrX	16829788	16829789	436	True	2
chrX_16851132_16851133	chrX	16851132	16851133	133	False	NA
chrX_16852355_16852356	chrX	16852355	16852356	207	True	2
chrX_16852638_16852639	chrX	16852638	16852639	1281	True	2
chrX_16852891_16852892	chrX	16852891	16852892	1656	True	2
chrX_16853272_16853273	chrX	16853272	16853273	440	True	2
chrX_16853330_16853331	chrX	16853330	16853331	436	True	2
chrX_16853391_16853392	chrX	16853391	16853392	260	True	2
chrX_16853564_16853565	chrX	16853564	16853565	674	True	2
chrX_16853579_16853580	chrX	16853579	16853580	673	True	2
chrX_16853592_16853593	chrX	16853592	16853593	857	True	2
chrX_17739325_17739326	chrX	17739325	17739326	157	False	NA
chrX_17739514_17739515	chrX	17739514	17739515	203	True	2
chrX_17742139_17742140	chrX	17742139	17742140	94	False	NA
chrX_17742188_17742189	chrX	17742188	17742189	104	False	NA
chrX_17744023_17744024	chrX	17744023	17744024	569	True	2
chrX_17744052_17744053	chrX	17744052	17744053	651	True	2
chrX_17744253_17744254	chrX	17744253	17744254	283	True	2
chrX_17744292_17744293	chrX	17744292	17744293	271	True	2
chrX_17744412_17744413	chrX	17744412	17744413	342	True	5
chrX_17744618_17744619	chrX	17744618	17744619	222	True	5
chrX_17744817_17744818	chrX	17744817	17744818	85	False	NA
chrX_17745026_17745027	chrX	17745026	17745027	160	False	NA
chrX_17745301_17745302	chrX	17745301	17745302	219	True	5
chrX_17745445_17745446	chrX	17745445	17745446	856	True	2
chrX_17745473_17745474	chrX	17745473	17745474	949	True	2
chrX_17745501_17745502	chrX	17745501	17745502	982	True	2
chrX_17745582_17745583	chrX	17745582	17745583	474	True	2
chrX_17745608_17745609	chrX	17745608	17745609	606	True	2
chrX_17745702_17745703	chrX	17745702	17745703	556	True	2
chrX_17745718_17745719	chrX	17745718	17745719	713	True	5
chrX_17745805_17745806	chrX	17745805	17745806	670	True	5
chrX_17745835_17745836	chrX	17745835	17745836	515	True	5
chrX_17745934_17745935	chrX	17745934	17745935	683	True	2
chrX_17746002_17746003	chrX	17746002	17746003	831	True	2
chrX_17750809_17750810	chrX	17750809	17750810	45	False	NA
chrX_17751791_17751792	chrX	17751791	17751792	559	True	2
chrX_17752587_17752588	chrX	17752587	17752588	6	False	NA
chrX_22710237_22710238	chrX	22710237	22710238	0	False	NA
chrX_22710258_22710259	chrX	22710258	22710259	104	False	NA
chrX_23707741_23707742	chrX	23707741	23707742	581	True	6
chrX_23783899_23783900	chrX	23783899	23783900	11194	True	6
chrX_23783926_23783927	chrX	23783926	23783927	9467	True	6
chrX_23783956_23783957	chrX	23783956	23783957	4340	True	6
chrX_23783978_23783979	chrX	23783978	23783979	3811	True	6
chrX_23784015_23784016	chrX	23784015	23784016	3677	True	6
chrX_23784043_23784044	chrX	23784043	23784044	3510	True	6
chrX_23784088_23784089	chrX	23784088	23784089	4191	True	6
chrX_23784131_23784132	chrX	23784131	23784132	5401	True	6
chrX_23784182_23784183	chrX	23784182	23784183	8133	True	6
chrX_23784200_23784201	chrX	23784200	23784201	8024	True	6
chrX_23784272_23784273	chrX	23784272	23784273	7097	True	6
chrX_23784297_23784298	chrX	23784297	23784298	7274	True	6
chrX_23784327_23784328	chrX	23784327	23784328	8179	True	6
chrX_23784369_23784370	chrX	23784369	23784370	8405	True	6
chrX_23784418_23784419	chrX	23784418	23784419	4366	True	6
chrX_23784583_23784584	chrX	23784583	23784584	6824	True	1
chrX_23784625_23784626	chrX	23784625	23784626	7113	True	1
chrX_23784654_23784655	chrX	23784654	23784655	8668	True	1
chrX_23784673_23784674	chrX	23784673	23784674	8790	True	1
chrX_23784716_23784717	chrX	23784716	23784717	4041	True	6
chrX_23784743_23784744	chrX	23784743	23784744	3282	True	6
chrX_23785318_23785319	chrX	23785318	23785319	8288	True	6
chrX_23785517_23785518	chrX	23785517	23785518	4805	True	6
chrX_24001806_24001807	chrX	24001806	24001807	178	False	NA
chrX_24004352_24004353	chrX	24004352	24004353	176	False	NA
chrX_24005953_24005954	chrX	24005953	24005954	58	False	NA
chrX_24009690_24009691	chrX	24009690	24009691	28	False	NA
chrX_24022643_24022644	chrX	24022643	24022644	149	False	NA
chrX_24067509_24067510	chrX	24067509	24067510	188	False	NA
chrX_24073392_24073393	chrX	24073392	24073393	1247	True	4
chrX_24073938_24073939	chrX	24073938	24073939	2341	True	3
chrX_24074876_24074877	chrX	24074876	24074877	3147	True	1
chrX_24075753_24075754	chrX	24075753	24075754	4175	True	1
chrX_24075880_24075881	chrX	24075880	24075881	2060	True	1
chrX_24076186_24076187	chrX	24076186	24076187	2253	True	3
chrX_24076590_24076591	chrX	24076590	24076591	2112	True	3
chrX_24076615_24076616	chrX	24076615	24076616	3294	True	3
chrX_24076710_24076711	chrX	24076710	24076711	3427	True	3
chrX_24726920_24726921	chrX	24726920	24726921	665	True	2
chrX_24732608_24732609	chrX	24732608	24732609	109	False	NA
chrX_24737243_24737244	chrX	24737243	24737244	160	False	NA
chrX_24748782_24748783	chrX	24748782	24748783	333	True	2
chrX_24806105_24806106	chrX	24806105	24806106	81	False	NA
chrX_24822807_24822808	chrX	24822807	24822808	130	False	NA
chrX_30665351_30665352	chrX	30665351	30665352	191	False	NA
chrX_30665844_30665845	chrX	30665844	30665845	175	False	NA
chrX_30666293_30666294	chrX	30666293	30666294	242	True	5
chrX_30668184_30668185	chrX	30668184	30668185	222	True	2
chrX_30669194_30669195	chrX	30669194	30669195	197	False	NA
chrX_30694729_30694730	chrX	30694729	30694730	331	True	5
chrX_30695153_30695154	chrX	30695153	30695154	392	True	5
chrX_30695773_30695774	chrX	30695773	30695774	279	True	5
chrX_30700405_30700406	chrX	30700405	30700406	2183	True	6
chrX_31883400_31883401	chrX	31883400	31883401	0	False	NA
chrX_32008900_32008901	chrX	32008900	32008901	0	False	NA
chrX_33041898_33041899	chrX	33041898	33041899	0	False	NA
chrX_34271393_34271394	chrX	34271393	34271394	0	False	NA
chrX_34271420_34271421	chrX	34271420	34271421	0	False	NA
chrX_34271972_34271973	chrX	34271972	34271973	7	False	NA
chrX_40710606_40710607	chrX	40710606	40710607	70	False	NA
chrX_41168518_41168519	chrX	41168518	41168519	223	True	5
chrX_41168668_41168669	chrX	41168668	41168669	200	True	5
chrX_41169155_41169156	chrX	41169155	41169156	89	False	NA
chrX_41169472_41169473	chrX	41169472	41169473	124	False	NA
chrX_41183835_41183836	chrX	41183835	41183836	163	False	NA
chrX_41196809_41196810	chrX	41196809	41196810	368	True	2
chrX_41197191_41197192	chrX	41197191	41197192	169	False	NA
chrX_41202110_41202111	chrX	41202110	41202111	461	True	2
chrX_41205646_41205647	chrX	41205646	41205647	193	False	NA
chrX_41337654_41337655	chrX	41337654	41337655	1228	True	3
chrX_41338889_41338890	chrX	41338889	41338890	1329	True	4
chrX_41338961_41338962	chrX	41338961	41338962	1973	True	4
chrX_41339927_41339928	chrX	41339927	41339928	1704	True	3
chrX_41340995_41340996	chrX	41340995	41340996	1336	True	1
chrX_41343213_41343214	chrX	41343213	41343214	1312	True	2
chrX_41343420_41343421	chrX	41343420	41343421	889	True	4
chrX_41344450_41344451	chrX	41344450	41344451	1263	True	4
chrX_41347503_41347504	chrX	41347503	41347504	856	True	2
chrX_41899162_41899163	chrX	41899162	41899163	0	False	NA
chrX_45062844_45062845	chrX	45062844	45062845	64	False	NA
chrX_45063032_45063033	chrX	45063032	45063033	58	False	NA
chrX_45063186_45063187	chrX	45063186	45063187	53	False	NA
chrX_45746361_45746362	chrX	45746361	45746362	722	True	2
chrX_45746471_45746472	chrX	45746471	45746472	414	True	2
chrX_45746829_45746830	chrX	45746829	45746830	265	True	2
chrX_45764525_45764526	chrX	45764525	45764526	46	False	NA
chrX_45768211_45768212	chrX	45768211	45768212	16	False	NA
chrX_45768325_45768326	chrX	45768325	45768326	14	False	NA
chrX_53084733_53084734	chrX	53084733	53084734	504	True	2
chrX_53147317_53147318	chrX	53147317	53147318	12	False	NA
chrX_53391463_53391464	chrX	53391463	53391464	185	False	NA
chrX_53401887_53401888	chrX	53401887	53401888	0	False	NA
chrX_53402027_53402028	chrX	53402027	53402028	161	False	NA
chrX_53402395_53402396	chrX	53402395	53402396	137	False	NA
chrX_53402553_53402554	chrX	53402553	53402554	70	False	NA
chrX_53402874_53402875	chrX	53402874	53402875	52	False	NA
chrX_53403176_53403177	chrX	53403176	53403177	210	True	2
chrX_53403672_53403673	chrX	53403672	53403673	3257	True	2
chrX_53405956_53405957	chrX	53405956	53405957	1604	True	2
chrX_53408838_53408839	chrX	53408838	53408839	98	False	NA
chrX_53411920_53411921	chrX	53411920	53411921	2658	True	2
chrX_53414081_53414082	chrX	53414081	53414082	184	False	NA
chrX_53539324_53539325	chrX	53539324	53539325	58	False	NA
chrX_53640697_53640698	chrX	53640697	53640698	290	True	5
chrX_53648528_53648529	chrX	53648528	53648529	204	True	5
chrX_53681434_53681435	chrX	53681434	53681435	346	True	4
chrX_54565503_54565504	chrX	54565503	54565504	325	True	5
chrX_54565839_54565840	chrX	54565839	54565840	927	True	1
chrX_56752622_56752623	chrX	56752622	56752623	179	False	NA
chrX_56753383_56753384	chrX	56753383	56753384	0	False	NA
chrX_56753996_56753997	chrX	56753996	56753997	0	False	NA
chrX_65433806_65433807	chrX	65433806	65433807	5	False	NA
chrX_65458094_65458095	chrX	65458094	65458095	5	False	NA
chrX_69797074_69797075	chrX	69797074	69797075	0	False	NA
chrX_71285356_71285357	chrX	71285356	71285357	256	True	5
chrX_71291418_71291419	chrX	71291418	71291419	698	True	5
chrX_71292210_71292211	chrX	71292210	71292211	494	True	4
chrX_71297480_71297481	chrX	71297480	71297481	6489	True	4
chrX_71297523_71297524	chrX	71297523	71297524	7705	True	6
chrX_71297548_71297549	chrX	71297548	71297549	7605	True	6
chrX_71297616_71297617	chrX	71297616	71297617	4932	True	1
chrX_71297686_71297687	chrX	71297686	71297687	4219	True	6
chrX_71297826_71297827	chrX	71297826	71297827	10470	True	3
chrX_71297944_71297945	chrX	71297944	71297945	11445	True	3
chrX_71297973_71297974	chrX	71297973	71297974	9770	True	3
chrX_71297997_71297998	chrX	71297997	71297998	7414	True	3
chrX_71298025_71298026	chrX	71298025	71298026	5571	True	3
chrX_71298046_71298047	chrX	71298046	71298047	3464	True	2
chrX_71298064_71298065	chrX	71298064	71298065	3456	True	2
chrX_71379124_71379125	chrX	71379124	71379125	241	True	5
chrX_71544656_71544657	chrX	71544656	71544657	11521	True	1
chrX_71544688_71544689	chrX	71544688	71544689	10309	True	1
chrX_71544707_71544708	chrX	71544707	71544708	9742	True	1
chrX_71544722_71544723	chrX	71544722	71544723	9683	True	1
chrX_71544736_71544737	chrX	71544736	71544737	9579	True	1
chrX_71544841_71544842	chrX	71544841	71544842	8855	True	3
chrX_71544871_71544872	chrX	71544871	71544872	8572	True	3
chrX_71545989_71545990	chrX	71545989	71545990	5217	True	1
chrX_71546335_71546336	chrX	71546335	71546336	14221	True	3
chrX_71546419_71546420	chrX	71546419	71546420	13775	True	3
chrX_71546445_71546446	chrX	71546445	71546446	10768	True	3
chrX_71546738_71546739	chrX	71546738	71546739	13744	True	3
chrX_71546770_71546771	chrX	71546770	71546771	13959	True	3
chrX_71546806_71546807	chrX	71546806	71546807	13270	True	3
chrX_71547014_71547015	chrX	71547014	71547015	12864	True	1
chrX_71547029_71547030	chrX	71547029	71547030	12144	True	1
chrX_71547044_71547045	chrX	71547044	71547045	12351	True	1
chrX_71547059_71547060	chrX	71547059	71547060	13147	True	1
chrX_71547081_71547082	chrX	71547081	71547082	12812	True	1
chrX_71547103_71547104	chrX	71547103	71547104	12154	True	1
chrX_71547735_71547736	chrX	71547735	71547736	15751	True	1
chrX_71547885_71547886	chrX	71547885	71547886	17280	True	1
chrX_72272606_72272607	chrX	72272606	72272607	0	False	NA
chrX_72272692_72272693	chrX	72272692	72272693	0	False	NA
chrX_72273272_72273273	chrX	72273272	72273273	0	False	NA
chrX_72273347_72273348	chrX	72273347	72273348	0	False	NA
chrX_72273382_72273383	chrX	72273382	72273383	0	False	NA
chrX_72273628_72273629	chrX	72273628	72273629	293	True	2
chrX_72273858_72273859	chrX	72273858	72273859	0	False	NA
chrX_72273880_72273881	chrX	72273880	72273881	0	False	NA
chrX_72273941_72273942	chrX	72273941	72273942	0	False	NA
chrX_72273977_72273978	chrX	72273977	72273978	17434	True	3
chrX_72274060_72274061	chrX	72274060	72274061	2463	True	2
chrX_72274208_72274209	chrX	72274208	72274209	0	False	NA
chrX_72274346_72274347	chrX	72274346	72274347	0	False	NA
chrX_72274380_72274381	chrX	72274380	72274381	444	True	2
chrX_72274523_72274524	chrX	72274523	72274524	219	True	2
chrX_72274786_72274787	chrX	72274786	72274787	423	True	5
chrX_72275034_72275035	chrX	72275034	72275035	0	False	NA
chrX_72275120_72275121	chrX	72275120	72275121	0	False	NA
chrX_72275142_72275143	chrX	72275142	72275143	0	False	NA
chrX_72275548_72275549	chrX	72275548	72275549	0	False	NA
chrX_72275572_72275573	chrX	72275572	72275573	0	False	NA
chrX_72275596_72275597	chrX	72275596	72275597	0	False	NA
chrX_72275653_72275654	chrX	72275653	72275654	0	False	NA
chrX_72275693_72275694	chrX	72275693	72275694	0	False	NA
chrX_72276190_72276191	chrX	72276190	72276191	0	False	NA
chrX_73829885_73829886	chrX	73829885	73829886	244	True	2
chrX_73830129_73830130	chrX	73830129	73830130	357	True	2
chrX_73831013_73831014	chrX	73831013	73831014	386	True	2
chrX_73831289_73831290	chrX	73831289	73831290	3834	True	4
chrX_73831451_73831452	chrX	73831451	73831452	397	True	2
chrX_73832335_73832336	chrX	73832335	73832336	337	True	2
chrX_73832582_73832583	chrX	73832582	73832583	426	True	2
chrX_73833382_73833383	chrX	73833382	73833383	4107	True	2
chrX_73833436_73833437	chrX	73833436	73833437	2434	True	2
chrX_73833469_73833470	chrX	73833469	73833470	1735	True	2
chrX_73833574_73833575	chrX	73833574	73833575	1442	True	2
chrX_73833675_73833676	chrX	73833675	73833676	543	True	2
chrX_73833966_73833967	chrX	73833966	73833967	724	True	2
chrX_73834009_73834010	chrX	73834009	73834010	1396	True	2
chrX_73834039_73834040	chrX	73834039	73834040	1776	True	2
chrX_73834184_73834185	chrX	73834184	73834185	1641	True	2
chrX_73834244_73834245	chrX	73834244	73834245	959	True	2
chrX_73834295_73834296	chrX	73834295	73834296	746	True	2
chrX_73834596_73834597	chrX	73834596	73834597	2159	True	2
chrX_73834999_73835000	chrX	73834999	73835000	444	True	2
chrX_73835769_73835770	chrX	73835769	73835770	509	True	2
chrX_73835961_73835962	chrX	73835961	73835962	608	True	2
chrX_73836029_73836030	chrX	73836029	73836030	1348	True	2
chrX_73836064_73836065	chrX	73836064	73836065	1425	True	2
chrX_73836151_73836152	chrX	73836151	73836152	1710	True	2
chrX_73836646_73836647	chrX	73836646	73836647	2695	True	2
chrX_73836728_73836729	chrX	73836728	73836729	1899	True	2
chrX_73836816_73836817	chrX	73836816	73836817	1653	True	2
chrX_73836978_73836979	chrX	73836978	73836979	934	True	2
chrX_73837145_73837146	chrX	73837145	73837146	1104	True	2
chrX_73837268_73837269	chrX	73837268	73837269	967	True	2
chrX_73837308_73837309	chrX	73837308	73837309	1184	True	2
chrX_73837331_73837332	chrX	73837331	73837332	1284	True	2
chrX_73837412_73837413	chrX	73837412	73837413	2438	True	2
chrX_73837516_73837517	chrX	73837516	73837517	2671	True	4
chrX_73837530_73837531	chrX	73837530	73837531	2615	True	4
chrX_73837574_73837575	chrX	73837574	73837575	2085	True	4
chrX_73837621_73837622	chrX	73837621	73837622	780	True	2
chrX_73837640_73837641	chrX	73837640	73837641	785	True	2
chrX_73837713_73837714	chrX	73837713	73837714	641	True	2
chrX_73837731_73837732	chrX	73837731	73837732	629	True	2
chrX_73837866_73837867	chrX	73837866	73837867	1451	True	2
chrX_73837906_73837907	chrX	73837906	73837907	1464	True	2
chrX_73838056_73838057	chrX	73838056	73838057	1529	True	2
chrX_73838410_73838411	chrX	73838410	73838411	2216	True	2
chrX_73838436_73838437	chrX	73838436	73838437	2157	True	2
chrX_73838497_73838498	chrX	73838497	73838498	2263	True	2
chrX_73838819_73838820	chrX	73838819	73838820	1951	True	2
chrX_73839058_73839059	chrX	73839058	73839059	871	True	2
chrX_73839240_73839241	chrX	73839240	73839241	2815	True	2
chrX_73839411_73839412	chrX	73839411	73839412	1734	True	2
chrX_73839532_73839533	chrX	73839532	73839533	2516	True	2
chrX_73840440_73840441	chrX	73840440	73840441	1605	True	2
chrX_73840615_73840616	chrX	73840615	73840616	1716	True	2
chrX_73840687_73840688	chrX	73840687	73840688	1467	True	2
chrX_73840742_73840743	chrX	73840742	73840743	1050	True	2
chrX_73840857_73840858	chrX	73840857	73840858	2024	True	4
chrX_73840931_73840932	chrX	73840931	73840932	2698	True	2
chrX_73841084_73841085	chrX	73841084	73841085	1738	True	2
chrX_73841223_73841224	chrX	73841223	73841224	1205	True	2
chrX_73841249_73841250	chrX	73841249	73841250	2260	True	2
chrX_73841274_73841275	chrX	73841274	73841275	1890	True	2
chrX_73841330_73841331	chrX	73841330	73841331	2712	True	2
chrX_73944721_73944722	chrX	73944721	73944722	632	True	5
chrX_73945935_73945936	chrX	73945935	73945936	242	True	5
chrX_73947436_73947437	chrX	73947436	73947437	746	True	5
chrX_73947585_73947586	chrX	73947585	73947586	177	False	NA
chrX_73950231_73950232	chrX	73950231	73950232	382	True	5
chrX_73950252_73950253	chrX	73950252	73950253	0	False	NA
chrX_73960398_73960399	chrX	73960398	73960399	622	True	6
chrX_73962722_73962723	chrX	73962722	73962723	431	True	5
chrX_73970146_73970147	chrX	73970146	73970147	635	True	5
chrX_73970169_73970170	chrX	73970169	73970170	0	False	NA
chrX_73970324_73970325	chrX	73970324	73970325	478	True	5
chrX_73970559_73970560	chrX	73970559	73970560	317	True	5
chrX_73970587_73970588	chrX	73970587	73970588	0	False	NA
chrX_73970934_73970935	chrX	73970934	73970935	203	True	5
chrX_73972448_73972449	chrX	73972448	73972449	505	True	5
chrX_73972479_73972480	chrX	73972479	73972480	0	False	NA
chrX_73975459_73975460	chrX	73975459	73975460	406	True	5
chrX_73975481_73975482	chrX	73975481	73975482	414	True	5
chrX_73975494_73975495	chrX	73975494	73975495	0	False	NA
chrX_73975921_73975922	chrX	73975921	73975922	485	True	3
chrX_73976293_73976294	chrX	73976293	73976294	114	False	NA
chrX_73980355_73980356	chrX	73980355	73980356	563	True	5
chrX_73982138_73982139	chrX	73982138	73982139	0	False	NA
chrX_73987626_73987627	chrX	73987626	73987627	503	True	5
chrX_73987679_73987680	chrX	73987679	73987680	0	False	NA
chrX_73996870_73996871	chrX	73996870	73996871	57	False	NA
chrX_73998922_73998923	chrX	73998922	73998923	256	True	6
chrX_74001895_74001896	chrX	74001895	74001896	0	False	NA
chrX_74002363_74002364	chrX	74002363	74002364	0	False	NA
chrX_74002930_74002931	chrX	74002930	74002931	0	False	NA
chrX_74003304_74003305	chrX	74003304	74003305	850	True	4
chrX_74003357_74003358	chrX	74003357	74003358	0	False	NA
chrX_74003752_74003753	chrX	74003752	74003753	252	True	2
chrX_74003867_74003868	chrX	74003867	74003868	140	False	NA
chrX_74030720_74030721	chrX	74030720	74030721	385	True	2
chrX_74030739_74030740	chrX	74030739	74030740	0	False	NA
chrX_74081374_74081375	chrX	74081374	74081375	26	False	NA
chrX_74193010_74193011	chrX	74193010	74193011	47	False	NA
chrX_74223983_74223984	chrX	74223983	74223984	1325	True	6
chrX_74224655_74224656	chrX	74224655	74224656	908	True	6
chrX_74226663_74226664	chrX	74226663	74226664	611	True	6
chrX_74226909_74226910	chrX	74226909	74226910	935	True	6
chrX_74227315_74227316	chrX	74227315	74227316	1005	True	6
chrX_74227482_74227483	chrX	74227482	74227483	781	True	1
chrX_74228030_74228031	chrX	74228030	74228031	470	True	6
chrX_74244392_74244393	chrX	74244392	74244393	787	True	6
chrX_74273803_74273804	chrX	74273803	74273804	655	True	6
chrX_74274195_74274196	chrX	74274195	74274196	1288	True	6
chrX_74276237_74276238	chrX	74276237	74276238	1096	True	1
chrX_74280244_74280245	chrX	74280244	74280245	2014	True	6
chrX_77633855_77633856	chrX	77633855	77633856	243	True	5
chrX_77633941_77633942	chrX	77633941	77633942	280	True	5
chrX_77634235_77634236	chrX	77634235	77634236	165	False	NA
chrX_77634304_77634305	chrX	77634304	77634305	273	True	5
chrX_77634336_77634337	chrX	77634336	77634337	232	True	2
chrX_77634356_77634357	chrX	77634356	77634357	226	True	2
chrX_77634404_77634405	chrX	77634404	77634405	238	True	2
chrX_77634422_77634423	chrX	77634422	77634423	233	True	2
chrX_77634450_77634451	chrX	77634450	77634451	500	True	2
chrX_77634536_77634537	chrX	77634536	77634537	615	True	2
chrX_77652500_77652501	chrX	77652500	77652501	10	False	NA
chrX_77652811_77652812	chrX	77652811	77652812	71	False	NA
chrX_77653009_77653010	chrX	77653009	77653010	23	False	NA
chrX_77664783_77664784	chrX	77664783	77664784	857	True	2
chrX_85244012_85244013	chrX	85244012	85244013	112	False	NA
chrX_85245482_85245483	chrX	85245482	85245483	31	False	NA
chrX_85245668_85245669	chrX	85245668	85245669	11	False	NA
chrX_85245735_85245736	chrX	85245735	85245736	5	False	NA
chrX_85246049_85246050	chrX	85246049	85246050	144	False	NA
chrX_85246091_85246092	chrX	85246091	85246092	156	False	NA
chrX_85246114_85246115	chrX	85246114	85246115	181	False	NA
chrX_85246144_85246145	chrX	85246144	85246145	189	False	NA
chrX_85246171_85246172	chrX	85246171	85246172	189	False	NA
chrX_85246200_85246201	chrX	85246200	85246201	173	False	NA
chrX_85246226_85246227	chrX	85246226	85246227	136	False	NA
chrX_85246255_85246256	chrX	85246255	85246256	105	False	NA
chrX_85246326_85246327	chrX	85246326	85246327	71	False	NA
chrX_85246353_85246354	chrX	85246353	85246354	51	False	NA
chrX_85246371_85246372	chrX	85246371	85246372	56	False	NA
chrX_85246409_85246410	chrX	85246409	85246410	63	False	NA
chrX_85246469_85246470	chrX	85246469	85246470	44	False	NA
chrX_85246493_85246494	chrX	85246493	85246494	28	False	NA
chrX_85246636_85246637	chrX	85246636	85246637	16	False	NA
chrX_85246653_85246654	chrX	85246653	85246654	11	False	NA
chrX_85246692_85246693	chrX	85246692	85246693	11	False	NA
chrX_85246726_85246727	chrX	85246726	85246727	17	False	NA
chrX_85246750_85246751	chrX	85246750	85246751	29	False	NA
chrX_85246795_85246796	chrX	85246795	85246796	51	False	NA
chrX_85246826_85246827	chrX	85246826	85246827	62	False	NA
chrX_85246853_85246854	chrX	85246853	85246854	80	False	NA
chrX_85246893_85246894	chrX	85246893	85246894	98	False	NA
chrX_85246919_85246920	chrX	85246919	85246920	98	False	NA
chrX_85247662_85247663	chrX	85247662	85247663	216	True	2
chrX_85247681_85247682	chrX	85247681	85247682	149	False	NA
chrX_85247722_85247723	chrX	85247722	85247723	90	False	NA
chrX_85247738_85247739	chrX	85247738	85247739	57	False	NA
chrX_85247758_85247759	chrX	85247758	85247759	49	False	NA
chrX_85247773_85247774	chrX	85247773	85247774	44	False	NA
chrX_85247788_85247789	chrX	85247788	85247789	32	False	NA
chrX_85247804_85247805	chrX	85247804	85247805	32	False	NA
chrX_85247829_85247830	chrX	85247829	85247830	32	False	NA
chrX_85247881_85247882	chrX	85247881	85247882	25	False	NA
chrX_85247905_85247906	chrX	85247905	85247906	25	False	NA
chrX_85247948_85247949	chrX	85247948	85247949	19	False	NA
chrX_85248020_85248021	chrX	85248020	85248021	19	False	NA
chrX_85248106_85248107	chrX	85248106	85248107	19	False	NA
chrX_85248154_85248155	chrX	85248154	85248155	0	False	NA
chrX_85248171_85248172	chrX	85248171	85248172	0	False	NA
chrX_85248616_85248617	chrX	85248616	85248617	26	False	NA
chrX_85248649_85248650	chrX	85248649	85248650	31	False	NA
chrX_85248684_85248685	chrX	85248684	85248685	32	False	NA
chrX_85248759_85248760	chrX	85248759	85248760	37	False	NA
chrX_85248799_85248800	chrX	85248799	85248800	37	False	NA
chrX_85248826_85248827	chrX	85248826	85248827	48	False	NA
chrX_85248848_85248849	chrX	85248848	85248849	48	False	NA
chrX_85248966_85248967	chrX	85248966	85248967	27	False	NA
chrX_85248991_85248992	chrX	85248991	85248992	46	False	NA
chrX_85249031_85249032	chrX	85249031	85249032	50	False	NA
chrX_85249059_85249060	chrX	85249059	85249060	50	False	NA
chrX_85249076_85249077	chrX	85249076	85249077	50	False	NA
chrX_85249108_85249109	chrX	85249108	85249109	72	False	NA
chrX_85249147_85249148	chrX	85249147	85249148	72	False	NA
chrX_85249189_85249190	chrX	85249189	85249190	37	False	NA
chrX_85249244_85249245	chrX	85249244	85249245	44	False	NA
chrX_85249265_85249266	chrX	85249265	85249266	44	False	NA
chrX_85249289_85249290	chrX	85249289	85249290	22	False	NA
chrX_85249358_85249359	chrX	85249358	85249359	34	False	NA
chrX_85249381_85249382	chrX	85249381	85249382	34	False	NA
chrX_85249413_85249414	chrX	85249413	85249414	34	False	NA
chrX_85249489_85249490	chrX	85249489	85249490	18	False	NA
chrX_85249626_85249627	chrX	85249626	85249627	403	True	2
chrX_85249693_85249694	chrX	85249693	85249694	416	True	2
chrX_85249759_85249760	chrX	85249759	85249760	132	False	NA
chrX_85249810_85249811	chrX	85249810	85249811	19	False	NA
chrX_85250175_85250176	chrX	85250175	85250176	22	False	NA
chrX_85250273_85250274	chrX	85250273	85250274	28	False	NA
chrX_85250355_85250356	chrX	85250355	85250356	66	False	NA
chrX_85250434_85250435	chrX	85250434	85250435	43	False	NA
chrX_85250614_85250615	chrX	85250614	85250615	55	False	NA
chrX_85250670_85250671	chrX	85250670	85250671	55	False	NA
chrX_85250695_85250696	chrX	85250695	85250696	49	False	NA
chrX_85250894_85250895	chrX	85250894	85250895	22	False	NA
chrX_85251122_85251123	chrX	85251122	85251123	18	False	NA
chrX_85251642_85251643	chrX	85251642	85251643	62	False	NA
chrX_85252266_85252267	chrX	85252266	85252267	23	False	NA
chrX_85252590_85252591	chrX	85252590	85252591	12	False	NA
chrX_85252612_85252613	chrX	85252612	85252613	19	False	NA
chrX_85253216_85253217	chrX	85253216	85253217	29	False	NA
chrX_85253317_85253318	chrX	85253317	85253318	75	False	NA
chrX_85253379_85253380	chrX	85253379	85253380	67	False	NA
chrX_85253412_85253413	chrX	85253412	85253413	67	False	NA
chrX_85253438_85253439	chrX	85253438	85253439	67	False	NA
chrX_85253618_85253619	chrX	85253618	85253619	8	False	NA
chrX_85253672_85253673	chrX	85253672	85253673	23	False	NA
chrX_85253877_85253878	chrX	85253877	85253878	25	False	NA
chrX_85253934_85253935	chrX	85253934	85253935	25	False	NA
chrX_85253983_85253984	chrX	85253983	85253984	32	False	NA
chrX_85254155_85254156	chrX	85254155	85254156	51	False	NA
chrX_85254216_85254217	chrX	85254216	85254217	31	False	NA
chrX_85254849_85254850	chrX	85254849	85254850	16	False	NA
chrX_85254872_85254873	chrX	85254872	85254873	67	False	NA
chrX_85254962_85254963	chrX	85254962	85254963	128	False	NA
chrX_85254999_85255000	chrX	85254999	85255000	123	False	NA
chrX_85255026_85255027	chrX	85255026	85255027	123	False	NA
chrX_85255056_85255057	chrX	85255056	85255057	112	False	NA
chrX_85255249_85255250	chrX	85255249	85255250	129	False	NA
chrX_85255844_85255845	chrX	85255844	85255845	167	False	NA
chrX_85255861_85255862	chrX	85255861	85255862	51	False	NA
chrX_85255879_85255880	chrX	85255879	85255880	27	False	NA
chrX_85255907_85255908	chrX	85255907	85255908	5	False	NA
chrX_85255921_85255922	chrX	85255921	85255922	5	False	NA
chrX_85255956_85255957	chrX	85255956	85255957	5	False	NA
chrX_85255971_85255972	chrX	85255971	85255972	5	False	NA
chrX_85256024_85256025	chrX	85256024	85256025	0	False	NA
chrX_85256068_85256069	chrX	85256068	85256069	0	False	NA
chrX_85256084_85256085	chrX	85256084	85256085	0	False	NA
chrX_85256102_85256103	chrX	85256102	85256103	0	False	NA
chrX_85256120_85256121	chrX	85256120	85256121	0	False	NA
chrX_85256142_85256143	chrX	85256142	85256143	0	False	NA
chrX_85256176_85256177	chrX	85256176	85256177	0	False	NA
chrX_85256236_85256237	chrX	85256236	85256237	6	False	NA
chrX_85256292_85256293	chrX	85256292	85256293	11	False	NA
chrX_85256433_85256434	chrX	85256433	85256434	5	False	NA
chrX_85256559_85256560	chrX	85256559	85256560	18	False	NA
chrX_85256588_85256589	chrX	85256588	85256589	33	False	NA
chrX_85256789_85256790	chrX	85256789	85256790	15	False	NA
chrX_85256851_85256852	chrX	85256851	85256852	5	False	NA
chrX_85257232_85257233	chrX	85257232	85257233	213	True	2
chrX_85261382_85261383	chrX	85261382	85261383	16	False	NA
chrX_85261780_85261781	chrX	85261780	85261781	32	False	NA
chrX_85262211_85262212	chrX	85262211	85262212	0	False	NA
chrX_85262405_85262406	chrX	85262405	85262406	196	False	NA
chrX_85262444_85262445	chrX	85262444	85262445	242	True	2
chrX_85262461_85262462	chrX	85262461	85262462	267	True	2
chrX_85262474_85262475	chrX	85262474	85262475	267	True	2
chrX_85262535_85262536	chrX	85262535	85262536	147	False	NA
chrX_85262550_85262551	chrX	85262550	85262551	147	False	NA
chrX_85262601_85262602	chrX	85262601	85262602	126	False	NA
chrX_85262645_85262646	chrX	85262645	85262646	80	False	NA
chrX_85262713_85262714	chrX	85262713	85262714	0	False	NA
chrX_85262827_85262828	chrX	85262827	85262828	6	False	NA
chrX_85262854_85262855	chrX	85262854	85262855	6	False	NA
chrX_85262935_85262936	chrX	85262935	85262936	6	False	NA
chrX_85262978_85262979	chrX	85262978	85262979	0	False	NA
chrX_85263104_85263105	chrX	85263104	85263105	6	False	NA
chrX_85263141_85263142	chrX	85263141	85263142	14	False	NA
chrX_85263175_85263176	chrX	85263175	85263176	14	False	NA
chrX_85263298_85263299	chrX	85263298	85263299	13	False	NA
chrX_85263571_85263572	chrX	85263571	85263572	23	False	NA
chrX_85263903_85263904	chrX	85263903	85263904	34	False	NA
chrX_85263938_85263939	chrX	85263938	85263939	18	False	NA
chrX_85264032_85264033	chrX	85264032	85264033	0	False	NA
chrX_85264064_85264065	chrX	85264064	85264065	0	False	NA
chrX_85264106_85264107	chrX	85264106	85264107	0	False	NA
chrX_85264128_85264129	chrX	85264128	85264129	20	False	NA
chrX_85264159_85264160	chrX	85264159	85264160	20	False	NA
chrX_85264224_85264225	chrX	85264224	85264225	69	False	NA
chrX_85264240_85264241	chrX	85264240	85264241	102	False	NA
chrX_85264266_85264267	chrX	85264266	85264267	113	False	NA
chrX_85264449_85264450	chrX	85264449	85264450	275	True	2
chrX_85264481_85264482	chrX	85264481	85264482	192	False	NA
chrX_85264533_85264534	chrX	85264533	85264534	0	False	NA
chrX_85264558_85264559	chrX	85264558	85264559	0	False	NA
chrX_85264571_85264572	chrX	85264571	85264572	0	False	NA
chrX_85265283_85265284	chrX	85265283	85265284	75	False	NA
chrX_85265307_85265308	chrX	85265307	85265308	73	False	NA
chrX_85265328_85265329	chrX	85265328	85265329	73	False	NA
chrX_85265462_85265463	chrX	85265462	85265463	10	False	NA
chrX_85265544_85265545	chrX	85265544	85265545	10	False	NA
chrX_85265562_85265563	chrX	85265562	85265563	10	False	NA
chrX_85265606_85265607	chrX	85265606	85265607	10	False	NA
chrX_85265724_85265725	chrX	85265724	85265725	18	False	NA
chrX_85266352_85266353	chrX	85266352	85266353	25	False	NA
chrX_85266387_85266388	chrX	85266387	85266388	25	False	NA
chrX_85266402_85266403	chrX	85266402	85266403	25	False	NA
chrX_85266461_85266462	chrX	85266461	85266462	5	False	NA
chrX_85266514_85266515	chrX	85266514	85266515	0	False	NA
chrX_85266533_85266534	chrX	85266533	85266534	0	False	NA
chrX_85266553_85266554	chrX	85266553	85266554	0	False	NA
chrX_85266594_85266595	chrX	85266594	85266595	0	False	NA
chrX_85266625_85266626	chrX	85266625	85266626	0	False	NA
chrX_85266669_85266670	chrX	85266669	85266670	0	False	NA
chrX_85266688_85266689	chrX	85266688	85266689	0	False	NA
chrX_85266710_85266711	chrX	85266710	85266711	6	False	NA
chrX_85266823_85266824	chrX	85266823	85266824	75	False	NA
chrX_85266846_85266847	chrX	85266846	85266847	75	False	NA
chrX_85266880_85266881	chrX	85266880	85266881	75	False	NA
chrX_85266914_85266915	chrX	85266914	85266915	0	False	NA
chrX_85266941_85266942	chrX	85266941	85266942	0	False	NA
chrX_85267037_85267038	chrX	85267037	85267038	0	False	NA
chrX_85267166_85267167	chrX	85267166	85267167	0	False	NA
chrX_85267273_85267274	chrX	85267273	85267274	43	False	NA
chrX_85267433_85267434	chrX	85267433	85267434	92	False	NA
chrX_85267574_85267575	chrX	85267574	85267575	16	False	NA
chrX_85267644_85267645	chrX	85267644	85267645	11	False	NA
chrX_85267686_85267687	chrX	85267686	85267687	36	False	NA
chrX_85267752_85267753	chrX	85267752	85267753	36	False	NA
chrX_85267817_85267818	chrX	85267817	85267818	48	False	NA
chrX_85267857_85267858	chrX	85267857	85267858	12	False	NA
chrX_85267876_85267877	chrX	85267876	85267877	12	False	NA
chrX_85267922_85267923	chrX	85267922	85267923	12	False	NA
chrX_85267935_85267936	chrX	85267935	85267936	12	False	NA
chrX_85267959_85267960	chrX	85267959	85267960	12	False	NA
chrX_85268000_85268001	chrX	85268000	85268001	0	False	NA
chrX_85268013_85268014	chrX	85268013	85268014	0	False	NA
chrX_85268053_85268054	chrX	85268053	85268054	0	False	NA
chrX_85268080_85268081	chrX	85268080	85268081	9	False	NA
chrX_85268136_85268137	chrX	85268136	85268137	9	False	NA
chrX_85268172_85268173	chrX	85268172	85268173	9	False	NA
chrX_85268205_85268206	chrX	85268205	85268206	38	False	NA
chrX_85268238_85268239	chrX	85268238	85268239	143	False	NA
chrX_85268285_85268286	chrX	85268285	85268286	134	False	NA
chrX_85268392_85268393	chrX	85268392	85268393	111	False	NA
chrX_85268998_85268999	chrX	85268998	85268999	0	False	NA
chrX_85269031_85269032	chrX	85269031	85269032	0	False	NA
chrX_85269049_85269050	chrX	85269049	85269050	0	False	NA
chrX_85269062_85269063	chrX	85269062	85269063	0	False	NA
chrX_85269204_85269205	chrX	85269204	85269205	63	False	NA
chrX_85269386_85269387	chrX	85269386	85269387	10	False	NA
chrX_85270160_85270161	chrX	85270160	85270161	261	True	2
chrX_85270176_85270177	chrX	85270176	85270177	304	True	2
chrX_85270197_85270198	chrX	85270197	85270198	382	True	2
chrX_85270292_85270293	chrX	85270292	85270293	475	True	2
chrX_85270338_85270339	chrX	85270338	85270339	412	True	2
chrX_85270362_85270363	chrX	85270362	85270363	371	True	2
chrX_85270380_85270381	chrX	85270380	85270381	391	True	2
chrX_85270401_85270402	chrX	85270401	85270402	257	True	2
chrX_85270424_85270425	chrX	85270424	85270425	309	True	2
chrX_85270474_85270475	chrX	85270474	85270475	237	True	2
chrX_85270519_85270520	chrX	85270519	85270520	206	True	2
chrX_85270535_85270536	chrX	85270535	85270536	191	False	NA
chrX_85270553_85270554	chrX	85270553	85270554	686	True	2
chrX_85270590_85270591	chrX	85270590	85270591	700	True	2
chrX_85270640_85270641	chrX	85270640	85270641	837	True	2
chrX_85330471_85330472	chrX	85330471	85330472	0	False	NA
chrX_101392527_101392528	chrX	101392527	101392528	232	True	2
chrX_101395342_101395343	chrX	101395342	101395343	0	False	NA
chrX_101395363_101395364	chrX	101395363	101395364	0	False	NA
chrX_101395390_101395391	chrX	101395390	101395391	0	False	NA
chrX_101395415_101395416	chrX	101395415	101395416	0	False	NA
chrX_101395498_101395499	chrX	101395498	101395499	0	False	NA
chrX_101395749_101395750	chrX	101395749	101395750	10	False	NA
chrX_101398040_101398041	chrX	101398040	101398041	0	False	NA
chrX_101398090_101398091	chrX	101398090	101398091	0	False	NA
chrX_101398375_101398376	chrX	101398375	101398376	16	False	NA
chrX_101398410_101398411	chrX	101398410	101398411	16	False	NA
chrX_101398492_101398493	chrX	101398492	101398493	0	False	NA
chrX_101398526_101398527	chrX	101398526	101398527	0	False	NA
chrX_101398578_101398579	chrX	101398578	101398579	228	True	2
chrX_101398589_101398590	chrX	101398589	101398590	0	False	NA
chrX_101398617_101398618	chrX	101398617	101398618	223	True	2
chrX_101398645_101398646	chrX	101398645	101398646	248	True	2
chrX_101398685_101398686	chrX	101398685	101398686	0	False	NA
chrX_101398686_101398687	chrX	101398686	101398687	134	False	NA
chrX_101398730_101398731	chrX	101398730	101398731	284	True	2
chrX_101398789_101398790	chrX	101398789	101398790	0	False	NA
chrX_101398825_101398826	chrX	101398825	101398826	0	False	NA
chrX_101398869_101398870	chrX	101398869	101398870	0	False	NA
chrX_101398902_101398903	chrX	101398902	101398903	6	False	NA
chrX_101400744_101400745	chrX	101400744	101400745	0	False	NA
chrX_101401253_101401254	chrX	101401253	101401254	0	False	NA
chrX_101401288_101401289	chrX	101401288	101401289	316	True	2
chrX_101401384_101401385	chrX	101401384	101401385	9	False	NA
chrX_101401523_101401524	chrX	101401523	101401524	0	False	NA
chrX_101401547_101401548	chrX	101401547	101401548	93	False	NA
chrX_101401675_101401676	chrX	101401675	101401676	0	False	NA
chrX_101401727_101401728	chrX	101401727	101401728	0	False	NA
chrX_101401778_101401779	chrX	101401778	101401779	0	False	NA
chrX_103685945_103685946	chrX	103685945	103685946	1246	True	3
chrX_107065859_107065860	chrX	107065859	107065860	594	True	2
chrX_107080587_107080588	chrX	107080587	107080588	503	True	4
chrX_107084140_107084141	chrX	107084140	107084141	247	True	2
chrX_107982140_107982141	chrX	107982140	107982141	0	False	NA
chrX_108736012_108736013	chrX	108736012	108736013	0	False	NA
chrX_111705503_111705504	chrX	111705503	111705504	241	True	5
chrX_111705620_111705621	chrX	111705620	111705621	183	False	NA
chrX_111709696_111709697	chrX	111709696	111709697	488	True	4
chrX_111711176_111711177	chrX	111711176	111711177	160	False	NA
chrX_111722966_111722967	chrX	111722966	111722967	129	False	NA
chrX_111755647_111755648	chrX	111755647	111755648	54	False	NA
chrX_115931117_115931118	chrX	115931117	115931118	0	False	NA
chrX_115931683_115931684	chrX	115931683	115931684	0	False	NA
chrX_115932495_115932496	chrX	115932495	115932496	0	False	NA
chrX_115932685_115932686	chrX	115932685	115932686	5	False	NA
chrX_115932765_115932766	chrX	115932765	115932766	5	False	NA
chrX_115932813_115932814	chrX	115932813	115932814	5	False	NA
chrX_115932899_115932900	chrX	115932899	115932900	5	False	NA
chrX_115933593_115933594	chrX	115933593	115933594	5	False	NA
chrX_115933710_115933711	chrX	115933710	115933711	0	False	NA
chrX_115934460_115934461	chrX	115934460	115934461	0	False	NA
chrX_118993706_118993707	chrX	118993706	118993707	112	False	NA
chrX_118993799_118993800	chrX	118993799	118993800	73	False	NA
chrX_118994192_118994193	chrX	118994192	118994193	40	False	NA
chrX_118994415_118994416	chrX	118994415	118994416	26	False	NA
chrX_118995042_118995043	chrX	118995042	118995043	23	False	NA
chrX_118995073_118995074	chrX	118995073	118995074	37	False	NA
chrX_118995890_118995891	chrX	118995890	118995891	34	False	NA
chrX_118996171_118996172	chrX	118996171	118996172	92	False	NA
chrX_118996198_118996199	chrX	118996198	118996199	118	False	NA
chrX_118996285_118996286	chrX	118996285	118996286	72	False	NA
chrX_118996587_118996588	chrX	118996587	118996588	53	False	NA
chrX_118998337_118998338	chrX	118998337	118998338	19	False	NA
chrX_118998712_118998713	chrX	118998712	118998713	83	False	NA
chrX_119846512_119846513	chrX	119846512	119846513	73	False	NA
chrX_119934436_119934437	chrX	119934436	119934437	444	True	5
chrX_123601289_123601290	chrX	123601289	123601290	2129	True	2
chrX_123612079_123612080	chrX	123612079	123612080	473	True	5
chrX_123612187_123612188	chrX	123612187	123612188	343	True	5
chrX_123613323_123613324	chrX	123613323	123613324	711	True	2
chrX_123614547_123614548	chrX	123614547	123614548	381	True	4
chrX_123619591_123619592	chrX	123619591	123619592	860	True	2
chrX_123619623_123619624	chrX	123619623	123619624	779	True	2
chrX_123619651_123619652	chrX	123619651	123619652	704	True	5
chrX_123619681_123619682	chrX	123619681	123619682	558	True	5
chrX_123619739_123619740	chrX	123619739	123619740	446	True	5
chrX_123619886_123619887	chrX	123619886	123619887	525	True	4
chrX_123619903_123619904	chrX	123619903	123619904	564	True	4
chrX_123619928_123619929	chrX	123619928	123619929	1352	True	3
chrX_123620017_123620018	chrX	123620017	123620018	1257	True	3
chrX_123620122_123620123	chrX	123620122	123620123	695	True	2
chrX_123620159_123620160	chrX	123620159	123620160	750	True	2
chrX_123620421_123620422	chrX	123620421	123620422	1943	True	2
chrX_123620498_123620499	chrX	123620498	123620499	3817	True	4
chrX_123620525_123620526	chrX	123620525	123620526	4044	True	4
chrX_123620540_123620541	chrX	123620540	123620541	4003	True	4
chrX_123620561_123620562	chrX	123620561	123620562	4469	True	4
chrX_123620583_123620584	chrX	123620583	123620584	4384	True	4
chrX_123620621_123620622	chrX	123620621	123620622	4335	True	4
chrX_123620657_123620658	chrX	123620657	123620658	3636	True	4
chrX_123620681_123620682	chrX	123620681	123620682	2709	True	4
chrX_123620705_123620706	chrX	123620705	123620706	2243	True	4
chrX_123620727_123620728	chrX	123620727	123620728	1757	True	4
chrX_123620745_123620746	chrX	123620745	123620746	1876	True	4
chrX_123620769_123620770	chrX	123620769	123620770	1632	True	5
chrX_123620793_123620794	chrX	123620793	123620794	1479	True	5
chrX_123620830_123620831	chrX	123620830	123620831	1837	True	5
chrX_123623400_123623401	chrX	123623400	123623401	915	True	2
chrX_123623460_123623461	chrX	123623460	123623461	673	True	2
chrX_123623538_123623539	chrX	123623538	123623539	805	True	2
chrX_123623588_123623589	chrX	123623588	123623589	1105	True	2
chrX_123623656_123623657	chrX	123623656	123623657	1699	True	2
chrX_123623699_123623700	chrX	123623699	123623700	2976	True	2
chrX_123623773_123623774	chrX	123623773	123623774	3463	True	4
chrX_123623804_123623805	chrX	123623804	123623805	4075	True	4
chrX_123623847_123623848	chrX	123623847	123623848	4033	True	4
chrX_123623875_123623876	chrX	123623875	123623876	3022	True	4
chrX_123623899_123623900	chrX	123623899	123623900	2833	True	4
chrX_123624075_123624076	chrX	123624075	123624076	1696	True	4
chrX_123624098_123624099	chrX	123624098	123624099	1709	True	4
chrX_123626007_123626008	chrX	123626007	123626008	1129	True	2
chrX_123627900_123627901	chrX	123627900	123627901	1415	True	2
chrX_123631754_123631755	chrX	123631754	123631755	1668	True	4
chrX_123631821_123631822	chrX	123631821	123631822	1511	True	4
chrX_123644675_123644676	chrX	123644675	123644676	956	True	2
chrX_123667197_123667198	chrX	123667197	123667198	1483	True	2
chrX_123668314_123668315	chrX	123668314	123668315	1262	True	2
chrX_123671731_123671732	chrX	123671731	123671732	1165	True	2
chrX_123686629_123686630	chrX	123686629	123686630	1197	True	2
chrX_123686670_123686671	chrX	123686670	123686671	959	True	2
chrX_123686686_123686687	chrX	123686686	123686687	893	True	2
chrX_123686708_123686709	chrX	123686708	123686709	903	True	2
chrX_123696056_123696057	chrX	123696056	123696057	947	True	2
chrX_123696129_123696130	chrX	123696129	123696130	891	True	2
chrX_123696839_123696840	chrX	123696839	123696840	1147	True	2
chrX_123697655_123697656	chrX	123697655	123697656	798	True	2
chrX_123703594_123703595	chrX	123703594	123703595	390	True	5
chrX_123703681_123703682	chrX	123703681	123703682	368	True	4
chrX_123703731_123703732	chrX	123703731	123703732	329	True	4
chrX_123703879_123703880	chrX	123703879	123703880	289	True	4
chrX_123703896_123703897	chrX	123703896	123703897	289	True	4
chrX_123704038_123704039	chrX	123704038	123704039	126	False	NA
chrX_123706620_123706621	chrX	123706620	123706621	206	True	5
chrX_123706683_123706684	chrX	123706683	123706684	251	True	5
chrX_123706722_123706723	chrX	123706722	123706723	282	True	5
chrX_123712901_123712902	chrX	123712901	123712902	1201	True	2
chrX_124045765_124045766	chrX	124045765	124045766	125	False	NA
chrX_124326128_124326129	chrX	124326128	124326129	0	False	NA
chrX_129811771_129811772	chrX	129811771	129811772	17	False	NA
chrX_129920528_129920529	chrX	129920528	129920529	0	False	NA
chrX_129921552_129921553	chrX	129921552	129921553	0	False	NA
chrX_129925155_129925156	chrX	129925155	129925156	0	False	NA
chrX_129925181_129925182	chrX	129925181	129925182	0	False	NA
chrX_131749081_131749082	chrX	131749081	131749082	165	False	NA
chrX_131788863_131788864	chrX	131788863	131788864	66	False	NA
chrX_131789998_131789999	chrX	131789998	131789999	186	False	NA
chrX_131790138_131790139	chrX	131790138	131790139	152	False	NA
chrX_131790209_131790210	chrX	131790209	131790210	96	False	NA
chrX_131790601_131790602	chrX	131790601	131790602	86	False	NA
chrX_131790674_131790675	chrX	131790674	131790675	100	False	NA
chrX_131791267_131791268	chrX	131791267	131791268	111	False	NA
chrX_131791291_131791292	chrX	131791291	131791292	126	False	NA
chrX_131794129_131794130	chrX	131794129	131794130	279	True	5
chrX_131794477_131794478	chrX	131794477	131794478	863	True	2
chrX_131802187_131802188	chrX	131802187	131802188	37	False	NA
chrX_131814567_131814568	chrX	131814567	131814568	95	False	NA
chrX_131814638_131814639	chrX	131814638	131814639	56	False	NA
chrX_131814832_131814833	chrX	131814832	131814833	42	False	NA
chrX_131814942_131814943	chrX	131814942	131814943	22	False	NA
chrX_131815797_131815798	chrX	131815797	131815798	41	False	NA
chrX_131817083_131817084	chrX	131817083	131817084	147	False	NA
chrX_131817103_131817104	chrX	131817103	131817104	180	False	NA
chrX_131817140_131817141	chrX	131817140	131817141	187	False	NA
chrX_131824006_131824007	chrX	131824006	131824007	75	False	NA
chrX_131824033_131824034	chrX	131824033	131824034	71	False	NA
chrX_131824541_131824542	chrX	131824541	131824542	150	False	NA
chrX_131824569_131824570	chrX	131824569	131824570	131	False	NA
chrX_134514717_134514718	chrX	134514717	134514718	33	False	NA
chrX_136845059_136845060	chrX	136845059	136845060	131	False	NA
chrX_136845757_136845758	chrX	136845757	136845758	229	True	5
chrX_136870789_136870790	chrX	136870789	136870790	433	True	4
chrX_136872359_136872360	chrX	136872359	136872360	2667	True	2
chrX_136872795_136872796	chrX	136872795	136872796	1290	True	3
chrX_136872852_136872853	chrX	136872852	136872853	1439	True	3
chrX_136872892_136872893	chrX	136872892	136872893	1637	True	3
chrX_136872909_136872910	chrX	136872909	136872910	1581	True	3
chrX_136872954_136872955	chrX	136872954	136872955	1613	True	3
chrX_136872966_136872967	chrX	136872966	136872967	1608	True	3
chrX_136873053_136873054	chrX	136873053	136873054	1100	True	3
chrX_136873222_136873223	chrX	136873222	136873223	1028	True	2
chrX_136873419_136873420	chrX	136873419	136873420	1034	True	4
chrX_147943651_147943652	chrX	147943651	147943652	739	True	6
chrX_150706963_150706964	chrX	150706963	150706964	114	False	NA
chrX_150707015_150707016	chrX	150707015	150707016	87	False	NA
chrX_151740385_151740386	chrX	151740385	151740386	0	False	NA
chrX_154764614_154764615	chrX	154764614	154764615	577	True	4
chrX_154767528_154767529	chrX	154767528	154767529	556	True	2
chrX_154767579_154767580	chrX	154767579	154767580	613	True	2
chrX_155113141_155113142	chrX	155113141	155113142	262	True	5
chrX_155113229_155113230	chrX	155113229	155113230	0	False	NA
