binf_chr_start_end	chrom	start	end	row_sum_support	passes_heatmap_filter	heatmap_cluster
chr1_629921_629922	chr1	629921	629922	27896	True	6
chr1_631328_631329	chr1	631328	631329	302	True	2
chr1_631355_631356	chr1	631355	631356	308	True	2
chr1_631386_631387	chr1	631386	631387	336	True	2
chr1_631512_631513	chr1	631512	631513	618	True	2
chr1_632579_632580	chr1	632579	632580	1624	True	4
chr1_632607_632608	chr1	632607	632608	1556	True	4
chr1_633927_633928	chr1	633927	633928	43741	True	6
chr1_633944_633945	chr1	633944	633945	43741	True	6
chr1_633971_633972	chr1	633971	633972	43741	True	6
chr1_633995_633996	chr1	633995	633996	43748	True	6
chr1_634016_634017	chr1	634016	634017	43748	True	6
chr1_634060_634061	chr1	634060	634061	15193	True	3
chr1_1014432_1014433	chr1	1014432	1014433	103	False	NA
chr1_1045196_1045197	chr1	1045196	1045197	2449	True	4
chr1_1055015_1055016	chr1	1055015	1055016	12305	True	5
chr1_2054579_2054580	chr1	2054579	2054580	31	False	NA
chr1_3531558_3531559	chr1	3531558	3531559	196	False	NA
chr1_6197751_6197752	chr1	6197751	6197752	4823	True	3
chr1_6199592_6199593	chr1	6199592	6199593	9051	True	6
chr1_6613870_6613871	chr1	6613870	6613871	121	False	NA
chr1_6668443_6668444	chr1	6668443	6668444	5	False	NA
chr1_7961718_7961719	chr1	7961718	7961719	2136	True	3
chr1_7977678_7977679	chr1	7977678	7977679	962	True	3
chr1_7985236_7985237	chr1	7985236	7985237	1992	True	4
chr1_8727163_8727164	chr1	8727163	8727164	97	False	NA
chr1_8861079_8861080	chr1	8861079	8861080	43661	True	1
chr1_8861126_8861127	chr1	8861126	8861127	47122	True	1
chr1_8861217_8861218	chr1	8861217	8861218	37352	True	1
chr1_8861382_8861383	chr1	8861382	8861383	22643	True	3
chr1_8863273_8863274	chr1	8863273	8863274	17464	True	3
chr1_8863300_8863301	chr1	8863300	8863301	17572	True	3
chr1_8863989_8863990	chr1	8863989	8863990	21765	True	3
chr1_8864039_8864040	chr1	8864039	8864040	15391	True	3
chr1_8865303_8865304	chr1	8865303	8865304	12410	True	5
chr1_8865338_8865339	chr1	8865338	8865339	14444	True	5
chr1_8865413_8865414	chr1	8865413	8865414	14247	True	5
chr1_8865439_8865440	chr1	8865439	8865440	12601	True	5
chr1_8866349_8866350	chr1	8866349	8866350	24271	True	3
chr1_8866379_8866380	chr1	8866379	8866380	24457	True	3
chr1_8866400_8866401	chr1	8866400	8866401	25248	True	3
chr1_8866443_8866444	chr1	8866443	8866444	18960	True	3
chr1_8866494_8866495	chr1	8866494	8866495	14508	True	3
chr1_8867133_8867134	chr1	8867133	8867134	18899	True	3
chr1_8867247_8867248	chr1	8867247	8867248	19046	True	3
chr1_8868047_8868048	chr1	8868047	8868048	12732	True	3
chr1_8870490_8870491	chr1	8870490	8870491	18221	True	5
chr1_8871905_8871906	chr1	8871905	8871906	20206	True	3
chr1_8871948_8871949	chr1	8871948	8871949	19445	True	3
chr1_8874837_8874838	chr1	8874837	8874838	25776	True	5
chr1_8874874_8874875	chr1	8874874	8874875	25778	True	5
chr1_8874899_8874900	chr1	8874899	8874900	25698	True	5
chr1_8878607_8878608	chr1	8878607	8878608	29300	True	3
chr1_8878644_8878645	chr1	8878644	8878645	28469	True	3
chr1_8878687_8878688	chr1	8878687	8878688	28138	True	3
chr1_9574756_9574757	chr1	9574756	9574757	639	True	4
chr1_10328240_10328241	chr1	10328240	10328241	6	False	NA
chr1_11012653_11012654	chr1	11012653	11012654	2862	True	3
chr1_11023130_11023131	chr1	11023130	11023131	4298	True	1
chr1_11054656_11054657	chr1	11054656	11054657	2058	True	4
chr1_11908150_11908151	chr1	11908150	11908151	248452	True	1
chr1_11908176_11908177	chr1	11908176	11908177	248523	True	1
chr1_11908192_11908193	chr1	11908192	11908193	248556	True	1
chr1_11908205_11908206	chr1	11908205	11908206	248566	True	1
chr1_11908239_11908240	chr1	11908239	11908240	248566	True	1
chr1_11909842_11909843	chr1	11909842	11909843	13167	True	1
chr1_11909886_11909887	chr1	11909886	11909887	13150	True	1
chr1_11909927_11909928	chr1	11909927	11909928	12974	True	1
chr1_12075984_12075985	chr1	12075984	12075985	6	False	NA
chr1_15728843_15728844	chr1	15728843	15728844	0	False	NA
chr1_16514289_16514290	chr1	16514289	16514290	511	True	2
chr1_16872583_16872584	chr1	16872583	16872584	723	True	2
chr1_16872616_16872617	chr1	16872616	16872617	723	True	2
chr1_16889705_16889706	chr1	16889705	16889706	856	True	2
chr1_17257843_17257844	chr1	17257843	17257844	93	False	NA
chr1_17439666_17439667	chr1	17439666	17439667	3139	True	3
chr1_19305129_19305130	chr1	19305129	19305130	807	True	2
chr1_19608586_19608587	chr1	19608586	19608587	916	True	2
chr1_19622133_19622134	chr1	19622133	19622134	1260	True	3
chr1_21885095_21885096	chr1	21885095	21885096	1429	True	4
chr1_22091806_22091807	chr1	22091806	22091807	817	True	2
chr1_23310975_23310976	chr1	23310975	23310976	7662	True	3
chr1_23311273_23311274	chr1	23311273	23311274	7525	True	3
chr1_23318670_23318671	chr1	23318670	23318671	4495	True	3
chr1_23691804_23691805	chr1	23691804	23691805	5644	True	3
chr1_23692752_23692753	chr1	23692752	23692753	21158	True	1
chr1_23693858_23693859	chr1	23693858	23693859	27171	True	6
chr1_23693892_23693893	chr1	23693892	23693893	27004	True	6
chr1_23694717_23694718	chr1	23694717	23694718	36436	True	1
chr1_23694748_23694749	chr1	23694748	23694749	36736	True	1
chr1_23694768_23694769	chr1	23694768	23694769	36321	True	1
chr1_23695818_23695819	chr1	23695818	23695819	11241	True	6
chr1_23695851_23695852	chr1	23695851	23695852	10833	True	6
chr1_23695864_23695865	chr1	23695864	23695865	10670	True	6
chr1_23695898_23695899	chr1	23695898	23695899	9842	True	6
chr1_23696354_23696355	chr1	23696354	23696355	6562	True	1
chr1_23696381_23696382	chr1	23696381	23696382	6516	True	1
chr1_25676477_25676478	chr1	25676477	25676478	0	False	NA
chr1_25900671_25900672	chr1	25900671	25900672	15271	True	1
chr1_25900861_25900862	chr1	25900861	25900862	31377	True	1
chr1_25900918_25900919	chr1	25900918	25900919	26870	True	1
chr1_25900940_25900941	chr1	25900940	25900941	24965	True	1
chr1_25901508_25901509	chr1	25901508	25901509	8320	True	3
chr1_25901625_25901626	chr1	25901625	25901626	10765	True	3
chr1_26472502_26472503	chr1	26472502	26472503	12113	True	3
chr1_26472514_26472515	chr1	26472514	26472515	12131	True	3
chr1_26472588_26472589	chr1	26472588	26472589	13528	True	3
chr1_26474631_26474632	chr1	26474631	26474632	568	True	2
chr1_26475214_26475215	chr1	26475214	26475215	8852	True	1
chr1_26475256_26475257	chr1	26475256	26475257	8846	True	1
chr1_26945619_26945620	chr1	26945619	26945620	2412	True	3
chr1_26946176_26946177	chr1	26946176	26946177	3090	True	3
chr1_27834399_27834400	chr1	27834399	27834400	10551	True	3
chr1_27834412_27834413	chr1	27834412	27834413	10558	True	3
chr1_27834443_27834444	chr1	27834443	27834444	20479	True	5
chr1_27834490_27834491	chr1	27834490	27834491	20678	True	5
chr1_27834514_27834515	chr1	27834514	27834515	17164	True	5
chr1_27834527_27834528	chr1	27834527	27834528	17123	True	5
chr1_27834546_27834547	chr1	27834546	27834547	15955	True	5
chr1_28506044_28506045	chr1	28506044	28506045	12644	True	5
chr1_28506081_28506082	chr1	28506081	28506082	12911	True	5
chr1_28507363_28507364	chr1	28507363	28507364	276564	True	6
chr1_28507375_28507376	chr1	28507375	28507376	307925	True	6
chr1_28507389_28507390	chr1	28507389	28507390	309458	True	3
chr1_28507410_28507411	chr1	28507410	28507411	345516	True	6
chr1_28507438_28507439	chr1	28507438	28507439	418613	True	1
chr1_28507456_28507457	chr1	28507456	28507457	419905	True	1
chr1_28507476_28507477	chr1	28507476	28507477	345150	True	1
chr1_28507490_28507491	chr1	28507490	28507491	337091	True	1
chr1_28507510_28507511	chr1	28507510	28507511	256851	True	1
chr1_28507536_28507537	chr1	28507536	28507537	252303	True	1
chr1_28507549_28507550	chr1	28507549	28507550	209105	True	1
chr1_28508556_28508557	chr1	28508556	28508557	332622	True	5
chr1_28508582_28508583	chr1	28508582	28508583	346680	True	5
chr1_28508598_28508599	chr1	28508598	28508599	351585	True	5
chr1_28508606_28508607	chr1	28508606	28508607	385972	True	5
chr1_28508619_28508620	chr1	28508619	28508620	388035	True	5
chr1_28508630_28508631	chr1	28508630	28508631	431024	True	1
chr1_28508646_28508647	chr1	28508646	28508647	432815	True	1
chr1_28508664_28508665	chr1	28508664	28508665	344863	True	1
chr1_28508674_28508675	chr1	28508674	28508675	343062	True	1
chr1_28508682_28508683	chr1	28508682	28508683	339558	True	1
chr1_28508701_28508702	chr1	28508701	28508702	221003	True	1
chr1_28508723_28508724	chr1	28508723	28508724	204252	True	1
chr1_28508777_28508778	chr1	28508777	28508778	92668	True	1
chr1_28508920_28508921	chr1	28508920	28508921	22810	True	1
chr1_28509113_28509114	chr1	28509113	28509114	12462	True	1
chr1_28538827_28538828	chr1	28538827	28538828	2382	True	5
chr1_28578788_28578789	chr1	28578788	28578789	16513	True	3
chr1_28578801_28578802	chr1	28578801	28578802	16276	True	3
chr1_28578821_28578822	chr1	28578821	28578822	16203	True	3
chr1_28579794_28579795	chr1	28579794	28579795	97042	True	3
chr1_28579828_28579829	chr1	28579828	28579829	96782	True	3
chr1_28579845_28579846	chr1	28579845	28579846	97447	True	3
chr1_28579879_28579880	chr1	28579879	28579880	97995	True	3
chr1_28579894_28579895	chr1	28579894	28579895	98056	True	3
chr1_28580418_28580419	chr1	28580418	28580419	58442	True	5
chr1_28580437_28580438	chr1	28580437	28580438	58659	True	5
chr1_28580466_28580467	chr1	28580466	28580467	59121	True	5
chr1_28580484_28580485	chr1	28580484	28580485	59411	True	5
chr1_28580513_28580514	chr1	28580513	28580514	60809	True	5
chr1_28580956_28580957	chr1	28580956	28580957	39703	True	3
chr1_28580974_28580975	chr1	28580974	28580975	39448	True	3
chr1_28581008_28581009	chr1	28581008	28581009	39727	True	3
chr1_28581022_28581023	chr1	28581022	28581023	39538	True	3
chr1_28581054_28581055	chr1	28581054	28581055	39799	True	3
chr1_28648597_28648598	chr1	28648597	28648598	102836	True	1
chr1_28648638_28648639	chr1	28648638	28648639	106227	True	1
chr1_28648665_28648666	chr1	28648665	28648666	106259	True	1
chr1_28648691_28648692	chr1	28648691	28648692	106293	True	1
chr1_30949202_30949203	chr1	30949202	30949203	0	False	NA
chr1_30968196_30968197	chr1	30968196	30968197	13579	True	3
chr1_30968217_30968218	chr1	30968217	30968218	13577	True	3
chr1_30968236_30968237	chr1	30968236	30968237	13812	True	3
chr1_31656807_31656808	chr1	31656807	31656808	25	False	NA
chr1_32680372_32680373	chr1	32680372	32680373	6771	True	1
chr1_35184157_35184158	chr1	35184157	35184158	13892	True	1
chr1_35184236_35184237	chr1	35184236	35184237	13474	True	1
chr1_35189008_35189009	chr1	35189008	35189009	7299	True	5
chr1_35189064_35189065	chr1	35189064	35189065	6193	True	5
chr1_35189199_35189200	chr1	35189199	35189200	4071	True	3
chr1_35189331_35189332	chr1	35189331	35189332	5041	True	3
chr1_35190583_35190584	chr1	35190583	35190584	4217	True	5
chr1_35190878_35190879	chr1	35190878	35190879	7640	True	5
chr1_35191377_35191378	chr1	35191377	35191378	8704	True	3
chr1_35191405_35191406	chr1	35191405	35191406	8701	True	3
chr1_35191449_35191450	chr1	35191449	35191450	9219	True	3
chr1_35427846_35427847	chr1	35427846	35427847	944	True	2
chr1_35808335_35808336	chr1	35808335	35808336	122	False	NA
chr1_36304463_36304464	chr1	36304463	36304464	5452	True	1
chr1_39028868_39028869	chr1	39028868	39028869	2783	True	3
chr1_39034536_39034537	chr1	39034536	39034537	3260	True	5
chr1_39560871_39560872	chr1	39560871	39560872	4415	True	1
chr1_39560911_39560912	chr1	39560911	39560912	4497	True	1
chr1_39560969_39560970	chr1	39560969	39560970	4344	True	1
chr1_39567393_39567394	chr1	39567393	39567394	29640	True	5
chr1_39567411_39567412	chr1	39567411	39567412	42660	True	5
chr1_39567455_39567456	chr1	39567455	39567456	42511	True	5
chr1_39567494_39567495	chr1	39567494	39567495	42561	True	5
chr1_39567511_39567512	chr1	39567511	39567512	30088	True	5
chr1_40988629_40988630	chr1	40988629	40988630	570	True	4
chr1_41008708_41008709	chr1	41008708	41008709	1556	True	2
chr1_42682425_42682426	chr1	42682425	42682426	3708	True	3
chr1_42682651_42682652	chr1	42682651	42682652	6418	True	4
chr1_42682690_42682691	chr1	42682690	42682691	6572	True	4
chr1_42682720_42682721	chr1	42682720	42682721	6596	True	4
chr1_42683457_42683458	chr1	42683457	42683458	2168	True	4
chr1_42693512_42693513	chr1	42693512	42693513	5113	True	5
chr1_42696273_42696274	chr1	42696273	42696274	5396	True	3
chr1_42696725_42696726	chr1	42696725	42696726	6378	True	3
chr1_42697244_42697245	chr1	42697244	42697245	3293	True	5
chr1_42700875_42700876	chr1	42700875	42700876	4476	True	3
chr1_42700921_42700922	chr1	42700921	42700922	6483	True	3
chr1_42701031_42701032	chr1	42701031	42701032	5337	True	3
chr1_42701988_42701989	chr1	42701988	42701989	8871	True	3
chr1_42702173_42702174	chr1	42702173	42702174	1879	True	5
chr1_44418076_44418077	chr1	44418076	44418077	705	True	2
chr1_44721813_44721814	chr1	44721813	44721814	50599	True	1
chr1_44721862_44721863	chr1	44721862	44721863	50458	True	1
chr1_44721904_44721905	chr1	44721904	44721905	50448	True	1
chr1_44731129_44731130	chr1	44731129	44731130	27600	True	1
chr1_44731171_44731172	chr1	44731171	44731172	27600	True	1
chr1_44775574_44775575	chr1	44775574	44775575	2982	True	3
chr1_44775862_44775863	chr1	44775862	44775863	38633	True	3
chr1_44775894_44775895	chr1	44775894	44775895	38576	True	3
chr1_44776491_44776492	chr1	44776491	44776492	40903	True	3
chr1_44776509_44776510	chr1	44776509	44776510	40988	True	3
chr1_44776533_44776534	chr1	44776533	44776534	41167	True	3
chr1_44776543_44776544	chr1	44776543	44776544	40901	True	3
chr1_44777750_44777751	chr1	44777750	44777751	49539	True	3
chr1_44777840_44777841	chr1	44777840	44777841	38518	True	3
chr1_44777870_44777871	chr1	44777870	44777871	22205	True	3
chr1_44778020_44778021	chr1	44778020	44778021	31445	True	5
chr1_44778110_44778111	chr1	44778110	44778111	31404	True	5
chr1_44778387_44778388	chr1	44778387	44778388	22943	True	3
chr1_44778408_44778409	chr1	44778408	44778409	22999	True	3
chr1_44778424_44778425	chr1	44778424	44778425	23029	True	3
chr1_44778649_44778650	chr1	44778649	44778650	11560	True	1
chr1_44819914_44819915	chr1	44819914	44819915	47424	True	1
chr1_44819944_44819945	chr1	44819944	44819945	47424	True	1
chr1_44819956_44819957	chr1	44819956	44819957	47424	True	1
chr1_44819972_44819973	chr1	44819972	44819973	47393	True	1
chr1_44819999_44820000	chr1	44819999	44820000	47199	True	1
chr1_45511108_45511109	chr1	45511108	45511109	5856	True	1
chr1_45511165_45511166	chr1	45511165	45511166	14755	True	1
chr1_45511260_45511261	chr1	45511260	45511261	15976	True	1
chr1_45511315_45511316	chr1	45511315	45511316	14666	True	1
chr1_45511346_45511347	chr1	45511346	45511347	12117	True	1
chr1_45511381_45511382	chr1	45511381	45511382	6178	True	1
chr1_45514523_45514524	chr1	45514523	45514524	4237	True	3
chr1_45514599_45514600	chr1	45514599	45514600	4659	True	3
chr1_45514628_45514629	chr1	45514628	45514629	3673	True	3
chr1_45514911_45514912	chr1	45514911	45514912	3631	True	3
chr1_45514942_45514943	chr1	45514942	45514943	3486	True	3
chr1_45514980_45514981	chr1	45514980	45514981	3392	True	3
chr1_45515673_45515674	chr1	45515673	45515674	4995	True	5
chr1_45515716_45515717	chr1	45515716	45515717	7983	True	5
chr1_45515740_45515741	chr1	45515740	45515741	8026	True	5
chr1_45515767_45515768	chr1	45515767	45515768	7522	True	5
chr1_45515786_45515787	chr1	45515786	45515787	6675	True	5
chr1_45518967_45518968	chr1	45518967	45518968	5690	True	5
chr1_45519000_45519001	chr1	45519000	45519001	5550	True	5
chr1_45521848_45521849	chr1	45521848	45521849	9862	True	3
chr1_45521881_45521882	chr1	45521881	45521882	9471	True	3
chr1_45850747_45850748	chr1	45850747	45850748	108	False	NA
chr1_46303718_46303719	chr1	46303718	46303719	6863	True	3
chr1_46316730_46316731	chr1	46316730	46316731	9518	True	1
chr1_47987866_47987867	chr1	47987866	47987867	0	False	NA
chr1_51973416_51973417	chr1	51973416	51973417	4731	True	3
chr1_52754321_52754322	chr1	52754321	52754322	15682	True	4
chr1_54890587_54890588	chr1	54890587	54890588	0	False	NA
chr1_55064700_55064701	chr1	55064700	55064701	6228	True	5
chr1_59874555_59874556	chr1	59874555	59874556	77	False	NA
chr1_62025661_62025662	chr1	62025661	62025662	184	False	NA
chr1_62442241_62442242	chr1	62442241	62442242	1411	True	4
chr1_65415915_65415916	chr1	65415915	65415916	832	True	2
chr1_67411482_67411483	chr1	67411482	67411483	3347	True	4
chr1_67413060_67413061	chr1	67413060	67413061	3127	True	1
chr1_67413144_67413145	chr1	67413144	67413145	6302	True	1
chr1_67420116_67420117	chr1	67420116	67420117	1690	True	3
chr1_67424894_67424895	chr1	67424894	67424895	865	True	2
chr1_67425108_67425109	chr1	67425108	67425109	249	True	2
chr1_67426255_67426256	chr1	67426255	67426256	10943	True	3
chr1_67430240_67430241	chr1	67430240	67430241	14465	True	3
chr1_67430334_67430335	chr1	67430334	67430335	8902	True	3
chr1_67430387_67430388	chr1	67430387	67430388	5271	True	3
chr1_69597241_69597242	chr1	69597241	69597242	0	False	NA
chr1_71067704_71067705	chr1	71067704	71067705	6011	True	2
chr1_75787069_75787070	chr1	75787069	75787070	25350	True	5
chr1_75787093_75787094	chr1	75787093	75787094	25485	True	5
chr1_75787116_75787117	chr1	75787116	75787117	25564	True	5
chr1_75787886_75787887	chr1	75787886	75787887	68225	True	1
chr1_75787917_75787918	chr1	75787917	75787918	68172	True	1
chr1_75787935_75787936	chr1	75787935	75787936	68095	True	1
chr1_75789474_75789475	chr1	75789474	75789475	41037	True	1
chr1_75789484_75789485	chr1	75789484	75789485	41036	True	1
chr1_75789503_75789504	chr1	75789503	75789504	40806	True	1
chr1_75789525_75789526	chr1	75789525	75789526	40630	True	1
chr1_77962838_77962839	chr1	77962838	77962839	3857	True	5
chr1_77963617_77963618	chr1	77963617	77963618	4107	True	5
chr1_77979074_77979075	chr1	77979074	77979075	1574	True	3
chr1_85580758_85580759	chr1	85580758	85580759	28	False	NA
chr1_85580807_85580808	chr1	85580807	85580808	34	False	NA
chr1_85580944_85580945	chr1	85580944	85580945	25	False	NA
chr1_85581033_85581034	chr1	85581033	85581034	78	False	NA
chr1_85581371_85581372	chr1	85581371	85581372	59	False	NA
chr1_85581463_85581464	chr1	85581463	85581464	64	False	NA
chr1_85581932_85581933	chr1	85581932	85581933	129	False	NA
chr1_85581960_85581961	chr1	85581960	85581961	129	False	NA
chr1_85582042_85582043	chr1	85582042	85582043	118	False	NA
chr1_85582070_85582071	chr1	85582070	85582071	142	False	NA
chr1_85582112_85582113	chr1	85582112	85582113	173	False	NA
chr1_85582145_85582146	chr1	85582145	85582146	141	False	NA
chr1_85582204_85582205	chr1	85582204	85582205	128	False	NA
chr1_85582439_85582440	chr1	85582439	85582440	116	False	NA
chr1_85582450_85582451	chr1	85582450	85582451	121	False	NA
chr1_85582478_85582479	chr1	85582478	85582479	131	False	NA
chr1_85582541_85582542	chr1	85582541	85582542	102	False	NA
chr1_85582578_85582579	chr1	85582578	85582579	77	False	NA
chr1_85582606_85582607	chr1	85582606	85582607	90	False	NA
chr1_85582790_85582791	chr1	85582790	85582791	165	False	NA
chr1_85582930_85582931	chr1	85582930	85582931	133	False	NA
chr1_85582999_85583000	chr1	85582999	85583000	36	False	NA
chr1_85583024_85583025	chr1	85583024	85583025	51	False	NA
chr1_85583056_85583057	chr1	85583056	85583057	193	False	NA
chr1_85583079_85583080	chr1	85583079	85583080	190	False	NA
chr1_85583107_85583108	chr1	85583107	85583108	187	False	NA
chr1_85583139_85583140	chr1	85583139	85583140	192	False	NA
chr1_85583265_85583266	chr1	85583265	85583266	45	False	NA
chr1_85583290_85583291	chr1	85583290	85583291	45	False	NA
chr1_85583369_85583370	chr1	85583369	85583370	67	False	NA
chr1_85583573_85583574	chr1	85583573	85583574	159	False	NA
chr1_85583623_85583624	chr1	85583623	85583624	164	False	NA
chr1_85583641_85583642	chr1	85583641	85583642	178	False	NA
chr1_85583664_85583665	chr1	85583664	85583665	173	False	NA
chr1_85592280_85592281	chr1	85592280	85592281	50	False	NA
chr1_86863460_86863461	chr1	86863460	86863461	2689	True	1
chr1_86903196_86903197	chr1	86903196	86903197	347	True	2
chr1_88794473_88794474	chr1	88794473	88794474	1966	True	4
chr1_88794515_88794516	chr1	88794515	88794516	1966	True	4
chr1_91387317_91387318	chr1	91387317	91387318	17923	True	3
chr1_91387360_91387361	chr1	91387360	91387361	19263	True	4
chr1_91387391_91387392	chr1	91387391	91387392	22802	True	3
chr1_91387455_91387456	chr1	91387455	91387456	20976	True	3
chr1_91387538_91387539	chr1	91387538	91387539	79949	True	3
chr1_91387555_91387556	chr1	91387555	91387556	78853	True	3
chr1_91387593_91387594	chr1	91387593	91387594	75250	True	3
chr1_92832040_92832041	chr1	92832040	92832041	14309	True	1
chr1_92833422_92833423	chr1	92833422	92833423	8864	True	1
chr1_92833443_92833444	chr1	92833443	92833444	11220	True	1
chr1_92833558_92833559	chr1	92833558	92833559	24713	True	1
chr1_92834793_92834794	chr1	92834793	92834794	11904	True	3
chr1_92836197_92836198	chr1	92836197	92836198	3513	True	3
chr1_92837288_92837289	chr1	92837288	92837289	10981	True	3
chr1_92837304_92837305	chr1	92837304	92837305	10936	True	3
chr1_92837320_92837321	chr1	92837320	92837321	10991	True	3
chr1_92837331_92837332	chr1	92837331	92837332	10991	True	3
chr1_92837357_92837358	chr1	92837357	92837358	10984	True	3
chr1_92837497_92837498	chr1	92837497	92837498	22210	True	6
chr1_92837546_92837547	chr1	92837546	92837547	22204	True	1
chr1_92840581_92840582	chr1	92840581	92840582	1941	True	4
chr1_92840601_92840602	chr1	92840601	92840602	2011	True	4
chr1_92840626_92840627	chr1	92840626	92840627	21535	True	5
chr1_92840716_92840717	chr1	92840716	92840717	69891	True	5
chr1_92840730_92840731	chr1	92840730	92840731	77243	True	5
chr1_92840746_92840747	chr1	92840746	92840747	77196	True	5
chr1_92840779_92840780	chr1	92840779	92840780	77041	True	3
chr1_92840805_92840806	chr1	92840805	92840806	76880	True	3
chr1_92840818_92840819	chr1	92840818	92840819	76899	True	3
chr1_92840829_92840830	chr1	92840829	92840830	57357	True	3
chr1_92841784_92841785	chr1	92841784	92841785	29191	True	3
chr1_92841813_92841814	chr1	92841813	92841814	30021	True	1
chr1_92841877_92841878	chr1	92841877	92841878	28741	True	1
chr1_93847567_93847568	chr1	93847567	93847568	17696	True	1
chr1_93847621_93847622	chr1	93847621	93847622	17701	True	1
chr1_93869808_93869809	chr1	93869808	93869809	385	True	2
chr1_109100194_109100195	chr1	109100194	109100195	119377	True	5
chr1_109100313_109100314	chr1	109100313	109100314	514587	True	1
chr1_109100332_109100333	chr1	109100332	109100333	556972	True	1
chr1_109100376_109100377	chr1	109100376	109100377	562161	True	1
chr1_109100429_109100430	chr1	109100429	109100430	444547	True	1
chr1_109100473_109100474	chr1	109100473	109100474	268661	True	5
chr1_109100534_109100535	chr1	109100534	109100535	87938	True	5
chr1_109100591_109100592	chr1	109100591	109100592	18785	True	2
chr1_109591579_109591580	chr1	109591579	109591580	3243	True	4
chr1_109621590_109621591	chr1	109621590	109621591	830	True	2
chr1_111461196_111461197	chr1	111461196	111461197	1437	True	3
chr1_112650813_112650814	chr1	112650813	112650814	1120	True	2
chr1_112667119_112667120	chr1	112667119	112667120	1222	True	3
chr1_112912810_112912811	chr1	112912810	112912811	5881	True	1
chr1_112914082_112914083	chr1	112914082	112914083	3559	True	3
chr1_112917314_112917315	chr1	112917314	112917315	4032	True	3
chr1_112917660_112917661	chr1	112917660	112917661	1954	True	4
chr1_112917870_112917871	chr1	112917870	112917871	3385	True	4
chr1_112956197_112956198	chr1	112956197	112956198	1802	True	4
chr1_114723963_114723964	chr1	114723963	114723964	5262	True	3
chr1_114727786_114727787	chr1	114727786	114727787	1801	True	4
chr1_114734105_114734106	chr1	114734105	114734106	4078	True	3
chr1_114737990_114737991	chr1	114737990	114737991	5517	True	3
chr1_115085010_115085011	chr1	115085010	115085011	0	False	NA
chr1_116395181_116395182	chr1	116395181	116395182	5810	True	3
chr1_116400897_116400898	chr1	116400897	116400898	8096	True	3
chr1_119331518_119331519	chr1	119331518	119331519	612	True	2
chr1_120850856_120850857	chr1	120850856	120850857	7113	True	5
chr1_120850880_120850881	chr1	120850880	120850881	7327	True	5
chr1_121016862_121016863	chr1	121016862	121016863	2910	True	3
chr1_121016923_121016924	chr1	121016923	121016924	2910	True	3
chr1_121327341_121327342	chr1	121327341	121327342	2096	True	4
chr1_144412580_144412581	chr1	144412580	144412581	2257	True	1
chr1_144551875_144551876	chr1	144551875	144551876	6535	True	5
chr1_144560745_144560746	chr1	144560745	144560746	55316	True	6
chr1_144560794_144560795	chr1	144560794	144560795	55307	True	6
chr1_144560830_144560831	chr1	144560830	144560831	54563	True	6
chr1_144952739_144952740	chr1	144952739	144952740	3256	True	2
chr1_145281114_145281115	chr1	145281114	145281115	141262	True	3
chr1_145281126_145281127	chr1	145281126	145281127	141268	True	3
chr1_145281186_145281187	chr1	145281186	145281187	141443	True	3
chr1_145465672_145465673	chr1	145465672	145465673	27632	True	5
chr1_145465715_145465716	chr1	145465715	145465716	27775	True	5
chr1_145465751_145465752	chr1	145465751	145465752	27696	True	5
chr1_145465781_145465782	chr1	145465781	145465782	17452	True	5
chr1_145925782_145925783	chr1	145925782	145925783	1014	True	4
chr1_146052103_146052104	chr1	146052103	146052104	2396	True	3
chr1_147203168_147203169	chr1	147203168	147203169	1235	True	2
chr1_148038790_148038791	chr1	148038790	148038791	52626	True	1
chr1_148038814_148038815	chr1	148038814	148038815	52993	True	1
chr1_148161082_148161083	chr1	148161082	148161083	1008	True	2
chr1_148388526_148388527	chr1	148388526	148388527	1462	True	2
chr1_148388571_148388572	chr1	148388571	148388572	2849	True	4
chr1_148388629_148388630	chr1	148388629	148388630	2569	True	4
chr1_148522688_148522689	chr1	148522688	148522689	3329	True	1
chr1_149692877_149692878	chr1	149692877	149692878	634	True	2
chr1_149708678_149708679	chr1	149708678	149708679	5064	True	3
chr1_149708736_149708737	chr1	149708736	149708737	5064	True	3
chr1_149812266_149812267	chr1	149812266	149812267	2354	True	4
chr1_149886238_149886239	chr1	149886238	149886239	6030	True	5
chr1_149886283_149886284	chr1	149886283	149886284	5856	True	5
chr1_149886370_149886371	chr1	149886370	149886371	6714	True	5
chr1_149886438_149886439	chr1	149886438	149886439	7622	True	3
chr1_149886583_149886584	chr1	149886583	149886584	14877	True	3
chr1_149886645_149886646	chr1	149886645	149886646	12790	True	3
chr1_149886679_149886680	chr1	149886679	149886680	10346	True	3
chr1_149886922_149886923	chr1	149886922	149886923	4744	True	1
chr1_149887124_149887125	chr1	149887124	149887125	2610	True	3
chr1_149887231_149887232	chr1	149887231	149887232	4400	True	3
chr1_149887276_149887277	chr1	149887276	149887277	4401	True	5
chr1_149887304_149887305	chr1	149887304	149887305	5096	True	5
chr1_149887334_149887335	chr1	149887334	149887335	5096	True	5
chr1_150218762_150218763	chr1	150218762	150218763	4093	True	5
chr1_150237048_150237049	chr1	150237048	150237049	3421	True	4
chr1_150237066_150237067	chr1	150237066	150237067	3396	True	4
chr1_150237118_150237119	chr1	150237118	150237119	574	True	2
chr1_150574909_150574910	chr1	150574909	150574910	6493	True	3
chr1_150575609_150575610	chr1	150575609	150575610	2886	True	5
chr1_150575875_150575876	chr1	150575875	150575876	5268	True	5
chr1_150575893_150575894	chr1	150575893	150575894	4862	True	5
chr1_150576443_150576444	chr1	150576443	150576444	2277	True	5
chr1_150576616_150576617	chr1	150576616	150576617	3111	True	5
chr1_150576793_150576794	chr1	150576793	150576794	2344	True	5
chr1_150576830_150576831	chr1	150576830	150576831	2262	True	5
chr1_150577018_150577019	chr1	150577018	150577019	3460	True	3
chr1_150577348_150577349	chr1	150577348	150577349	3589	True	5
chr1_150578895_150578896	chr1	150578895	150578896	4656	True	5
chr1_150622178_150622179	chr1	150622178	150622179	3756	True	3
chr1_151073634_151073635	chr1	151073634	151073635	44	False	NA
chr1_151399566_151399567	chr1	151399566	151399567	3815	True	3
chr1_152032566_152032567	chr1	152032566	152032567	2054	True	1
chr1_152032625_152032626	chr1	152032625	152032626	2195	True	1
chr1_152033653_152033654	chr1	152033653	152033654	749	True	4
chr1_152033736_152033737	chr1	152033736	152033737	1034	True	4
chr1_153534650_153534651	chr1	153534650	153534651	304	True	2
chr1_153534692_153534693	chr1	153534692	153534693	338	True	2
chr1_153534707_153534708	chr1	153534707	153534708	356	True	2
chr1_153534721_153534722	chr1	153534721	153534722	395	True	2
chr1_153534749_153534750	chr1	153534749	153534750	358	True	2
chr1_153534812_153534813	chr1	153534812	153534813	248	True	2
chr1_153535210_153535211	chr1	153535210	153535211	157	False	NA
chr1_153535289_153535290	chr1	153535289	153535290	245	True	2
chr1_153535351_153535352	chr1	153535351	153535352	211	True	2
chr1_153535968_153535969	chr1	153535968	153535969	212	True	2
chr1_153535992_153535993	chr1	153535992	153535993	212	True	2
chr1_153543691_153543692	chr1	153543691	153543692	728	True	2
chr1_153543799_153543800	chr1	153543799	153543800	46	False	NA
chr1_153543837_153543838	chr1	153543837	153543838	81	False	NA
chr1_153543892_153543893	chr1	153543892	153543893	81	False	NA
chr1_153544740_153544741	chr1	153544740	153544741	32	False	NA
chr1_153545807_153545808	chr1	153545807	153545808	56	False	NA
chr1_153990762_153990763	chr1	153990762	153990763	12539	True	6
chr1_153991203_153991204	chr1	153991203	153991204	1025	True	4
chr1_153991588_153991589	chr1	153991588	153991589	233	True	2
chr1_153991607_153991608	chr1	153991607	153991608	249	True	2
chr1_153991629_153991630	chr1	153991629	153991630	520	True	2
chr1_154156996_154156997	chr1	154156996	154156997	5128	True	1
chr1_154157490_154157491	chr1	154157490	154157491	5588	True	1
chr1_154157520_154157521	chr1	154157520	154157521	7332	True	1
chr1_154170419_154170420	chr1	154170419	154170420	2117	True	3
chr1_154259758_154259759	chr1	154259758	154259759	16989	True	3
chr1_154259826_154259827	chr1	154259826	154259827	17296	True	3
chr1_155195235_155195236	chr1	155195235	155195236	524	True	2
chr1_155679217_155679218	chr1	155679217	155679218	6113	True	3
chr1_155679249_155679250	chr1	155679249	155679250	6267	True	3
chr1_155919932_155919933	chr1	155919932	155919933	53422	True	5
chr1_155919947_155919948	chr1	155919947	155919948	55002	True	5
chr1_155919963_155919964	chr1	155919963	155919964	58331	True	5
chr1_155919990_155919991	chr1	155919990	155919991	58370	True	5
chr1_155920016_155920017	chr1	155920016	155920017	58370	True	5
chr1_155920032_155920033	chr1	155920032	155920033	58311	True	5
chr1_155920049_155920050	chr1	155920049	155920050	44127	True	5
chr1_155925993_155925994	chr1	155925993	155925994	34468	True	3
chr1_155926022_155926023	chr1	155926022	155926023	34507	True	3
chr1_155926035_155926036	chr1	155926035	155926036	34537	True	3
chr1_155926074_155926075	chr1	155926074	155926075	34482	True	3
chr1_155926087_155926088	chr1	155926087	155926088	34398	True	3
chr1_156009211_156009212	chr1	156009211	156009212	1872	True	4
chr1_156009587_156009588	chr1	156009587	156009588	2701	True	4
chr1_156009615_156009616	chr1	156009615	156009616	2499	True	4
chr1_156011813_156011814	chr1	156011813	156011814	1458	True	4
chr1_156015015_156015016	chr1	156015015	156015016	1621	True	4
chr1_156114991_156114992	chr1	156114991	156114992	3391	True	3
chr1_156115114_156115115	chr1	156115114	156115115	3011	True	3
chr1_156115256_156115257	chr1	156115256	156115257	2753	True	3
chr1_156134477_156134478	chr1	156134477	156134478	4330	True	3
chr1_156134517_156134518	chr1	156134517	156134518	4021	True	3
chr1_156139251_156139252	chr1	156139251	156139252	2006	True	5
chr1_156309005_156309006	chr1	156309005	156309006	2048	True	1
chr1_156309027_156309028	chr1	156309027	156309028	2591	True	1
chr1_156309052_156309053	chr1	156309052	156309053	2877	True	1
chr1_156312114_156312115	chr1	156312114	156312115	4043	True	3
chr1_156317215_156317216	chr1	156317215	156317216	3346	True	5
chr1_156317245_156317246	chr1	156317245	156317246	3181	True	3
chr1_156317462_156317463	chr1	156317462	156317463	3348	True	4
chr1_156317536_156317537	chr1	156317536	156317537	3246	True	4
chr1_156318893_156318894	chr1	156318893	156318894	1091	True	4
chr1_156318930_156318931	chr1	156318930	156318931	1748	True	3
chr1_156318967_156318968	chr1	156318967	156318968	1765	True	3
chr1_156320925_156320926	chr1	156320925	156320926	4265	True	3
chr1_156333641_156333642	chr1	156333641	156333642	5497	True	3
chr1_156338195_156338196	chr1	156338195	156338196	4510	True	5
chr1_156742170_156742171	chr1	156742170	156742171	6620	True	5
chr1_156742210_156742211	chr1	156742210	156742211	6991	True	5
chr1_156742231_156742232	chr1	156742231	156742232	8910	True	5
chr1_156742337_156742338	chr1	156742337	156742338	12816	True	5
chr1_156742412_156742413	chr1	156742412	156742413	18148	True	5
chr1_156742560_156742561	chr1	156742560	156742561	12285	True	1
chr1_156742601_156742602	chr1	156742601	156742602	8025	True	1
chr1_156742635_156742636	chr1	156742635	156742636	4315	True	6
chr1_156742653_156742654	chr1	156742653	156742654	4364	True	6
chr1_156743322_156743323	chr1	156743322	156743323	10269	True	5
chr1_156743729_156743730	chr1	156743729	156743730	4732	True	3
chr1_156745316_156745317	chr1	156745316	156745317	3617	True	5
chr1_159918173_159918174	chr1	159918173	159918174	2988	True	3
chr1_159918450_159918451	chr1	159918450	159918451	9754	True	5
chr1_159918620_159918621	chr1	159918620	159918621	6173	True	1
chr1_159919820_159919821	chr1	159919820	159919821	2018	True	3
chr1_160260752_160260753	chr1	160260752	160260753	107	False	NA
chr1_161100611_161100612	chr1	161100611	161100612	2275	True	1
chr1_161100630_161100631	chr1	161100630	161100631	2346	True	1
chr1_161422167_161422168	chr1	161422167	161422168	7468	True	3
chr1_161531104_161531105	chr1	161531104	161531105	11304	True	5
chr1_161540268_161540269	chr1	161540268	161540269	7021	True	1
chr1_161540299_161540300	chr1	161540299	161540300	7029	True	1
chr1_165655567_165655568	chr1	165655567	165655568	1044	True	2
chr1_165759557_165759558	chr1	165759557	165759558	928	True	4
chr1_173485373_173485374	chr1	173485373	173485374	3989	True	3
chr1_173486385_173486386	chr1	173486385	173486386	5061	True	3
chr1_173487930_173487931	chr1	173487930	173487931	8891	True	5
chr1_173488219_173488220	chr1	173488219	173488220	3216	True	1
chr1_173488761_173488762	chr1	173488761	173488762	804	True	2
chr1_173791864_173791865	chr1	173791864	173791865	14485	True	6
chr1_173864201_173864202	chr1	173864201	173864202	28789	True	5
chr1_173864219_173864220	chr1	173864219	173864220	29416	True	5
chr1_173864401_173864402	chr1	173864401	173864402	65365	True	1
chr1_173864413_173864414	chr1	173864413	173864414	65396	True	1
chr1_173864432_173864433	chr1	173864432	173864433	67877	True	1
chr1_173864446_173864447	chr1	173864446	173864447	68170	True	1
chr1_173864858_173864859	chr1	173864858	173864859	42483	True	5
chr1_173864889_173864890	chr1	173864889	173864890	42075	True	5
chr1_173864905_173864906	chr1	173864905	173864906	42159	True	5
chr1_173865391_173865392	chr1	173865391	173865392	46105	True	1
chr1_173865411_173865412	chr1	173865411	173865412	45890	True	1
chr1_173865430_173865431	chr1	173865430	173865431	46512	True	1
chr1_173865666_173865667	chr1	173865666	173865667	24248	True	3
chr1_173865687_173865688	chr1	173865687	173865688	23982	True	3
chr1_173865987_173865988	chr1	173865987	173865988	24087	True	3
chr1_173866029_173866030	chr1	173866029	173866030	20254	True	5
chr1_173866340_173866341	chr1	173866340	173866341	17498	True	1
chr1_173866368_173866369	chr1	173866368	173866369	18375	True	1
chr1_173866661_173866662	chr1	173866661	173866662	50991	True	5
chr1_173866678_173866679	chr1	173866678	173866679	53399	True	5
chr1_173866696_173866697	chr1	173866696	173866697	55828	True	5
chr1_173866714_173866715	chr1	173866714	173866715	56396	True	5
chr1_173866925_173866926	chr1	173866925	173866926	52258	True	1
chr1_173866940_173866941	chr1	173866940	173866941	52142	True	1
chr1_173867718_173867719	chr1	173867718	173867719	20654	True	3
chr1_173867725_173867726	chr1	173867725	173867726	20700	True	3
chr1_173867745_173867746	chr1	173867745	173867746	20795	True	3
chr1_175009986_175009987	chr1	175009986	175009987	3815	True	3
chr1_175010021_175010022	chr1	175010021	175010022	3868	True	3
chr1_175968440_175968441	chr1	175968440	175968441	8590	True	3
chr1_175968466_175968467	chr1	175968466	175968467	8576	True	3
chr1_175968486_175968487	chr1	175968486	175968487	8576	True	3
chr1_175968500_175968501	chr1	175968500	175968501	8561	True	3
chr1_175968540_175968541	chr1	175968540	175968541	7892	True	3
chr1_180349227_180349228	chr1	180349227	180349228	685	True	2
chr1_180758793_180758794	chr1	180758793	180758794	6860	True	4
chr1_182212497_182212498	chr1	182212497	182212498	6035	True	3
chr1_182866539_182866540	chr1	182866539	182866540	1953	True	4
chr1_183134730_183134731	chr1	183134730	183134731	1414	True	4
chr1_183692319_183692320	chr1	183692319	183692320	86	False	NA
chr1_184690882_184690883	chr1	184690882	184690883	744	True	2
chr1_185316473_185316474	chr1	185316473	185316474	356	True	2
chr1_186977742_186977743	chr1	186977742	186977743	10	False	NA
chr1_190333257_190333258	chr1	190333257	190333258	7	False	NA
chr1_193057416_193057417	chr1	193057416	193057417	94	False	NA
chr1_201728716_201728717	chr1	201728716	201728717	1729	True	2
chr1_202619949_202619950	chr1	202619949	202619950	0	False	NA
chr1_203729623_203729624	chr1	203729623	203729624	6919	True	4
chr1_203870021_203870022	chr1	203870021	203870022	4831	True	1
chr1_204707393_204707394	chr1	204707393	204707394	0	False	NA
chr1_205718088_205718089	chr1	205718088	205718089	11234	True	1
chr1_205718282_205718283	chr1	205718282	205718283	5504	True	5
chr1_205720534_205720535	chr1	205720534	205720535	11735	True	3
chr1_205727708_205727709	chr1	205727708	205727709	8680	True	3
chr1_205727794_205727795	chr1	205727794	205727795	8624	True	3
chr1_205750018_205750019	chr1	205750018	205750019	30482	True	3
chr1_205750179_205750180	chr1	205750179	205750180	8785	True	3
chr1_206345709_206345710	chr1	206345709	206345710	680	True	2
chr1_206704243_206704244	chr1	206704243	206704244	341	True	2
chr1_207123062_207123063	chr1	207123062	207123063	8	False	NA
chr1_207321681_207321682	chr1	207321681	207321682	1317	True	4
chr1_207321710_207321711	chr1	207321710	207321711	1465	True	4
chr1_207321751_207321752	chr1	207321751	207321752	1785	True	4
chr1_207321767_207321768	chr1	207321767	207321768	1892	True	4
chr1_207322408_207322409	chr1	207322408	207322409	1559	True	4
chr1_207322437_207322438	chr1	207322437	207322438	1633	True	4
chr1_207322489_207322490	chr1	207322489	207322490	1490	True	4
chr1_207322525_207322526	chr1	207322525	207322526	1297	True	4
chr1_207322563_207322564	chr1	207322563	207322564	1160	True	4
chr1_207324610_207324611	chr1	207324610	207324611	1445	True	4
chr1_207324627_207324628	chr1	207324627	207324628	1695	True	4
chr1_207324717_207324718	chr1	207324717	207324718	1285	True	2
chr1_207324742_207324743	chr1	207324742	207324743	846	True	2
chr1_207325631_207325632	chr1	207325631	207325632	704	True	4
chr1_207325686_207325687	chr1	207325686	207325687	696	True	4
chr1_207326759_207326760	chr1	207326759	207326760	1527	True	1
chr1_207326788_207326789	chr1	207326788	207326789	1509	True	1
chr1_207326804_207326805	chr1	207326804	207326805	1531	True	1
chr1_207331112_207331113	chr1	207331112	207331113	837	True	4
chr1_207331147_207331148	chr1	207331147	207331148	1051	True	4
chr1_207331170_207331171	chr1	207331170	207331171	1470	True	4
chr1_207331240_207331241	chr1	207331240	207331241	1288	True	1
chr1_207336702_207336703	chr1	207336702	207336703	1166	True	2
chr1_207336751_207336752	chr1	207336751	207336752	1313	True	2
chr1_207336768_207336769	chr1	207336768	207336769	1337	True	2
chr1_207337343_207337344	chr1	207337343	207337344	770	True	2
chr1_207337368_207337369	chr1	207337368	207337369	754	True	2
chr1_207339408_207339409	chr1	207339408	207339409	873	True	2
chr1_207359588_207359589	chr1	207359588	207359589	1105	True	2
chr1_207359714_207359715	chr1	207359714	207359715	883	True	2
chr1_207359734_207359735	chr1	207359734	207359735	848	True	2
chr1_207359754_207359755	chr1	207359754	207359755	833	True	2
chr1_207359887_207359888	chr1	207359887	207359888	618	True	2
chr1_207359993_207359994	chr1	207359993	207359994	596	True	2
chr1_207360075_207360076	chr1	207360075	207360076	825	True	2
chr1_207360102_207360103	chr1	207360102	207360103	834	True	2
chr1_207360127_207360128	chr1	207360127	207360128	850	True	2
chr1_207360269_207360270	chr1	207360269	207360270	430	True	2
chr1_207360323_207360324	chr1	207360323	207360324	938	True	2
chr1_207360388_207360389	chr1	207360388	207360389	915	True	2
chr1_207360415_207360416	chr1	207360415	207360416	1076	True	2
chr1_207360466_207360467	chr1	207360466	207360467	1046	True	2
chr1_210374229_210374230	chr1	210374229	210374230	38879	True	1
chr1_210374270_210374271	chr1	210374270	210374271	38879	True	1
chr1_210502695_210502696	chr1	210502695	210502696	5	False	NA
chr1_220200572_220200573	chr1	220200572	220200573	3596	True	2
chr1_220200617_220200618	chr1	220200617	220200618	3905	True	2
chr1_220200677_220200678	chr1	220200677	220200678	3705	True	2
chr1_222208471_222208472	chr1	222208471	222208472	0	False	NA
chr1_223775135_223775136	chr1	223775135	223775136	1328	True	2
chr1_225789498_225789499	chr1	225789498	225789499	4700	True	1
chr1_226405441_226405442	chr1	226405441	226405442	60	False	NA
chr1_226900274_226900275	chr1	226900274	226900275	1252	True	2
chr1_227561262_227561263	chr1	227561262	227561263	2016	True	3
chr1_228098199_228098200	chr1	228098199	228098200	24598	True	1
chr1_228098940_228098941	chr1	228098940	228098941	12162	True	1
chr1_228099095_228099096	chr1	228099095	228099096	12147	True	1
chr1_228628185_228628186	chr1	228628185	228628186	5941	True	3
chr1_228628268_228628269	chr1	228628268	228628269	5891	True	3
chr1_230067238_230067239	chr1	230067238	230067239	1018	True	4
chr1_230067346_230067347	chr1	230067346	230067347	2396	True	4
chr1_230082151_230082152	chr1	230082151	230082152	624	True	2
chr1_230178262_230178263	chr1	230178262	230178263	806	True	4
chr1_230203163_230203164	chr1	230203163	230203164	1199	True	4
chr1_230236360_230236361	chr1	230236360	230236361	335	True	4
chr1_230236390_230236391	chr1	230236390	230236391	335	True	4
chr1_230236410_230236411	chr1	230236410	230236411	335	True	4
chr1_230246116_230246117	chr1	230246116	230246117	291	True	4
chr1_230249203_230249204	chr1	230249203	230249204	314	True	2
chr1_230249266_230249267	chr1	230249266	230249267	209	True	2
chr1_230250502_230250503	chr1	230250502	230250503	1052	True	4
chr1_230250521_230250522	chr1	230250521	230250522	1042	True	4
chr1_230262619_230262620	chr1	230262619	230262620	572	True	4
chr1_230262924_230262925	chr1	230262924	230262925	248	True	4
chr1_230262952_230262953	chr1	230262952	230262953	331	True	4
chr1_230265308_230265309	chr1	230265308	230265309	913	True	4
chr1_230265338_230265339	chr1	230265338	230265339	912	True	4
chr1_230274487_230274488	chr1	230274487	230274488	951	True	4
chr1_230274524_230274525	chr1	230274524	230274525	920	True	4
chr1_230279536_230279537	chr1	230279536	230279537	1413	True	4
chr1_230279558_230279559	chr1	230279558	230279559	1480	True	4
chr1_230279943_230279944	chr1	230279943	230279944	1538	True	1
chr1_230280037_230280038	chr1	230280037	230280038	2582	True	1
chr1_230280057_230280058	chr1	230280057	230280058	3042	True	1
chr1_230280391_230280392	chr1	230280391	230280392	3712	True	4
chr1_230280589_230280590	chr1	230280589	230280590	1535	True	2
chr1_230280802_230280803	chr1	230280802	230280803	1669	True	4
chr1_230281487_230281488	chr1	230281487	230281488	2111	True	4
chr1_230281857_230281858	chr1	230281857	230281858	1639	True	4
chr1_230281889_230281890	chr1	230281889	230281890	1587	True	4
chr1_230281929_230281930	chr1	230281929	230281930	2065	True	4
chr1_230282003_230282004	chr1	230282003	230282004	1469	True	2
chr1_230282020_230282021	chr1	230282020	230282021	1304	True	2
chr1_230282060_230282061	chr1	230282060	230282061	965	True	2
chr1_231422321_231422322	chr1	231422321	231422322	1196	True	4
chr1_234593376_234593377	chr1	234593376	234593377	245	True	2
chr1_235127822_235127823	chr1	235127822	235127823	44738	True	3
chr1_235127839_235127840	chr1	235127839	235127840	47543	True	3
chr1_235127856_235127857	chr1	235127856	235127857	47476	True	3
chr1_235127875_235127876	chr1	235127875	235127876	47432	True	3
chr1_235127889_235127890	chr1	235127889	235127890	47455	True	3
chr1_235127905_235127906	chr1	235127905	235127906	47331	True	3
chr1_235127933_235127934	chr1	235127933	235127934	45465	True	3
chr1_235204788_235204789	chr1	235204788	235204789	146	False	NA
chr1_236267876_236267877	chr1	236267876	236267877	4455	True	2
chr1_236267912_236267913	chr1	236267912	236267913	4117	True	2
chr1_236267937_236267938	chr1	236267937	236267938	4110	True	2
chr1_237603034_237603035	chr1	237603034	237603035	6472	True	3
chr1_237603094_237603095	chr1	237603094	237603095	15313	True	3
chr1_237603110_237603111	chr1	237603110	237603111	15589	True	3
chr1_237603137_237603138	chr1	237603137	237603138	18135	True	3
chr1_237603160_237603161	chr1	237603160	237603161	20220	True	3
chr1_237603202_237603203	chr1	237603202	237603203	18425	True	3
chr1_242147440_242147441	chr1	242147440	242147441	0	False	NA
chr1_243290782_243290783	chr1	243290782	243290783	25	False	NA
chr1_244853627_244853628	chr1	244853627	244853628	3475	True	5
chr1_244853775_244853776	chr1	244853775	244853776	4666	True	5
chr1_244853890_244853891	chr1	244853890	244853891	5433	True	5
chr1_244854004_244854005	chr1	244854004	244854005	3833	True	5
chr1_244854104_244854105	chr1	244854104	244854105	7775	True	1
chr1_244854165_244854166	chr1	244854165	244854166	9503	True	1
chr1_244854237_244854238	chr1	244854237	244854238	11374	True	1
chr1_244854275_244854276	chr1	244854275	244854276	10557	True	1
chr1_244854328_244854329	chr1	244854328	244854329	15388	True	1
chr1_244854385_244854386	chr1	244854385	244854386	14168	True	1
chr1_244854463_244854464	chr1	244854463	244854464	14447	True	1
chr1_244854499_244854500	chr1	244854499	244854500	9961	True	5
chr1_244855009_244855010	chr1	244855009	244855010	4281	True	1
chr1_244855434_244855435	chr1	244855434	244855435	6637	True	3
chr1_244855500_244855501	chr1	244855500	244855501	10397	True	3
chr1_244855916_244855917	chr1	244855916	244855917	12956	True	3
chr1_244855936_244855937	chr1	244855936	244855937	13021	True	3
chr1_244855972_244855973	chr1	244855972	244855973	13798	True	3
chr1_244856077_244856078	chr1	244856077	244856078	10065	True	3
chr1_244856114_244856115	chr1	244856114	244856115	8972	True	3
chr1_244856151_244856152	chr1	244856151	244856152	8421	True	3
chr1_244856572_244856573	chr1	244856572	244856573	12721	True	3
chr1_244856741_244856742	chr1	244856741	244856742	10956	True	5
chr1_244856774_244856775	chr1	244856774	244856775	13561	True	5
chr1_244856807_244856808	chr1	244856807	244856808	13529	True	5
chr1_244856847_244856848	chr1	244856847	244856848	9010	True	5
chr1_244857616_244857617	chr1	244857616	244857617	12424	True	3
chr1_244857637_244857638	chr1	244857637	244857638	12632	True	3
chr1_244857667_244857668	chr1	244857667	244857668	12339	True	3
chr1_244858051_244858052	chr1	244858051	244858052	13261	True	5
chr1_244858081_244858082	chr1	244858081	244858082	13581	True	5
chr1_244858104_244858105	chr1	244858104	244858105	16107	True	3
chr1_244858132_244858133	chr1	244858132	244858133	14321	True	3
chr1_244858191_244858192	chr1	244858191	244858192	12852	True	3
chr1_244858270_244858271	chr1	244858270	244858271	9625	True	5
chr1_244858739_244858740	chr1	244858739	244858740	9349	True	5
chr1_244858761_244858762	chr1	244858761	244858762	9582	True	5
chr1_244858774_244858775	chr1	244858774	244858775	9608	True	5
chr1_244858812_244858813	chr1	244858812	244858813	9600	True	3
chr1_244858827_244858828	chr1	244858827	244858828	9610	True	3
chr1_244859294_244859295	chr1	244859294	244859295	7901	True	5
chr1_244859346_244859347	chr1	244859346	244859347	7872	True	5
chr1_244859368_244859369	chr1	244859368	244859369	7742	True	3
chr1_244860457_244860458	chr1	244860457	244860458	9259	True	3
chr1_244862648_244862649	chr1	244862648	244862649	16401	True	5
chr1_244863859_244863860	chr1	244863859	244863860	23588	True	3
chr1_244863896_244863897	chr1	244863896	244863897	27138	True	3
chr1_244864088_244864089	chr1	244864088	244864089	17766	True	3
chr1_244864428_244864429	chr1	244864428	244864429	16726	True	3
chr1_245133967_245133968	chr1	245133967	245133968	107	False	NA
chr1_246444467_246444468	chr1	246444467	246444468	20	False	NA
chr1_247634779_247634780	chr1	247634779	247634780	0	False	NA
chr10_282122_282123	chr10	282122	282123	2537	True	3
chr10_10855718_10855719	chr10	10855718	10855719	0	False	NA
chr10_15371241_15371242	chr10	15371241	15371242	737	True	4
chr10_16965003_16965004	chr10	16965003	16965004	41	False	NA
chr10_17229276_17229277	chr10	17229276	17229277	3342	True	3
chr10_17229290_17229291	chr10	17229290	17229291	3473	True	3
chr10_17229333_17229334	chr10	17229333	17229334	4814	True	3
chr10_17229358_17229359	chr10	17229358	17229359	5545	True	3
chr10_17229400_17229401	chr10	17229400	17229401	4800	True	3
chr10_17229450_17229451	chr10	17229450	17229451	5270	True	3
chr10_17229578_17229579	chr10	17229578	17229579	2408	True	3
chr10_17229770_17229771	chr10	17229770	17229771	3047	True	3
chr10_17229917_17229918	chr10	17229917	17229918	2567	True	3
chr10_17233596_17233597	chr10	17233596	17233597	2792	True	3
chr10_17233828_17233829	chr10	17233828	17233829	3758	True	3
chr10_17233873_17233874	chr10	17233873	17233874	3622	True	3
chr10_17235211_17235212	chr10	17235211	17235212	5177	True	3
chr10_17235237_17235238	chr10	17235237	17235238	5456	True	3
chr10_17235267_17235268	chr10	17235267	17235268	6357	True	3
chr10_17235848_17235849	chr10	17235848	17235849	2031	True	6
chr10_17235866_17235867	chr10	17235866	17235867	2130	True	6
chr10_17236306_17236307	chr10	17236306	17236307	2244	True	1
chr10_17237244_17237245	chr10	17237244	17237245	2752	True	1
chr10_17237365_17237366	chr10	17237365	17237366	5666	True	1
chr10_17237386_17237387	chr10	17237386	17237387	5406	True	1
chr10_17237410_17237411	chr10	17237410	17237411	5062	True	1
chr10_17237498_17237499	chr10	17237498	17237499	4302	True	1
chr10_17237536_17237537	chr10	17237536	17237537	3351	True	1
chr10_19244285_19244286	chr10	19244285	19244286	31	False	NA
chr10_27088341_27088342	chr10	27088341	27088342	1020	True	2
chr10_29686558_29686559	chr10	29686558	29686559	52	False	NA
chr10_32901479_32901480	chr10	32901479	32901480	888	True	4
chr10_32911923_32911924	chr10	32911923	32911924	3235	True	3
chr10_32912075_32912076	chr10	32912075	32912076	3723	True	3
chr10_32920259_32920260	chr10	32920259	32920260	1029	True	4
chr10_32922301_32922302	chr10	32922301	32922302	1339	True	4
chr10_32922650_32922651	chr10	32922650	32922651	1783	True	4
chr10_32922730_32922731	chr10	32922730	32922731	1785	True	4
chr10_32923587_32923588	chr10	32923587	32923588	840	True	4
chr10_32923642_32923643	chr10	32923642	32923643	1840	True	4
chr10_32928104_32928105	chr10	32928104	32928105	1895	True	4
chr10_32928138_32928139	chr10	32928138	32928139	2319	True	4
chr10_32928210_32928211	chr10	32928210	32928211	2792	True	4
chr10_32928243_32928244	chr10	32928243	32928244	2306	True	4
chr10_32929835_32929836	chr10	32929835	32929836	2929	True	6
chr10_32929997_32929998	chr10	32929997	32929998	3808	True	6
chr10_32930038_32930039	chr10	32930038	32930039	2387	True	6
chr10_32935545_32935546	chr10	32935545	32935546	2008	True	4
chr10_32958223_32958224	chr10	32958223	32958224	1721	True	4
chr10_42734124_42734125	chr10	42734124	42734125	0	False	NA
chr10_43386816_43386817	chr10	43386816	43386817	5487	True	3
chr10_51082477_51082478	chr10	51082477	51082478	0	False	NA
chr10_58239146_58239147	chr10	58239146	58239147	220	True	2
chr10_59688360_59688361	chr10	59688360	59688361	2013	True	3
chr10_67045522_67045523	chr10	67045522	67045523	11414	True	3
chr10_67045578_67045579	chr10	67045578	67045579	12050	True	3
chr10_67045599_67045600	chr10	67045599	67045600	11947	True	3
chr10_67045642_67045643	chr10	67045642	67045643	11060	True	3
chr10_68337201_68337202	chr10	68337201	68337202	2735	True	3
chr10_68721391_68721392	chr10	68721391	68721392	1007	True	2
chr10_68755170_68755171	chr10	68755170	68755171	16667	True	3
chr10_68755193_68755194	chr10	68755193	68755194	16305	True	3
chr10_68960200_68960201	chr10	68960200	68960201	4381	True	4
chr10_68973616_68973617	chr10	68973616	68973617	3010	True	3
chr10_68982789_68982790	chr10	68982789	68982790	4314	True	3
chr10_68982828_68982829	chr10	68982828	68982829	2227	True	5
chr10_70817634_70817635	chr10	70817634	70817635	2144	True	3
chr10_71816622_71816623	chr10	71816622	71816623	17809	True	5
chr10_71817315_71817316	chr10	71817315	71817316	27609	True	1
chr10_71817394_71817395	chr10	71817394	71817395	23395	True	1
chr10_71828087_71828088	chr10	71828087	71828088	8004	True	3
chr10_71828149_71828150	chr10	71828149	71828150	5592	True	4
chr10_71851221_71851222	chr10	71851221	71851222	3452	True	3
chr10_72275474_72275475	chr10	72275474	72275475	12617	True	5
chr10_72275624_72275625	chr10	72275624	72275625	24543	True	5
chr10_72275919_72275920	chr10	72275919	72275920	11990	True	1
chr10_72276005_72276006	chr10	72276005	72276006	2343	True	1
chr10_73126163_73126164	chr10	73126163	73126164	6932	True	3
chr10_73126204_73126205	chr10	73126204	73126205	6932	True	3
chr10_73422295_73422296	chr10	73422295	73422296	6	False	NA
chr10_77178602_77178603	chr10	77178602	77178603	14	False	NA
chr10_78033863_78033864	chr10	78033863	78033864	17354	True	1
chr10_78035365_78035366	chr10	78035365	78035366	17393	True	1
chr10_78035399_78035400	chr10	78035399	78035400	17496	True	1
chr10_78035519_78035520	chr10	78035519	78035520	18149	True	6
chr10_78035584_78035585	chr10	78035584	78035585	18039	True	6
chr10_78035704_78035705	chr10	78035704	78035705	629	True	2
chr10_78037204_78037205	chr10	78037204	78037205	46860	True	3
chr10_78037281_78037282	chr10	78037281	78037282	47571	True	3
chr10_78040642_78040643	chr10	78040642	78040643	26871	True	1
chr10_78040663_78040664	chr10	78040663	78040664	26770	True	1
chr10_79513680_79513681	chr10	79513680	79513681	11	False	NA
chr10_79513713_79513714	chr10	79513713	79513714	11	False	NA
chr10_80272064_80272065	chr10	80272064	80272065	320	True	2
chr10_84141612_84141613	chr10	84141612	84141613	3089	True	3
chr10_89285139_89285140	chr10	89285139	89285140	0	False	NA
chr10_90142875_90142876	chr10	90142875	90142876	0	False	NA
chr10_94562706_94562707	chr10	94562706	94562707	480	True	2
chr10_96112785_96112786	chr10	96112785	96112786	8653	True	4
chr10_96750863_96750864	chr10	96750863	96750864	13	False	NA
chr10_98837974_98837975	chr10	98837974	98837975	30	False	NA
chr10_100179596_100179597	chr10	100179596	100179597	229	True	2
chr10_100237089_100237090	chr10	100237089	100237090	34979	True	3
chr10_100237136_100237137	chr10	100237136	100237137	74953	True	3
chr10_100237156_100237157	chr10	100237156	100237157	79537	True	3
chr10_100237195_100237196	chr10	100237195	100237196	96981	True	3
chr10_100237233_100237234	chr10	100237233	100237234	91499	True	3
chr10_100237302_100237303	chr10	100237302	100237303	67202	True	3
chr10_100348091_100348092	chr10	100348091	100348092	13676	True	3
chr10_100348266_100348267	chr10	100348266	100348267	15455	True	5
chr10_100352377_100352378	chr10	100352377	100352378	9604	True	5
chr10_100356635_100356636	chr10	100356635	100356636	14433	True	5
chr10_100356749_100356750	chr10	100356749	100356750	13043	True	3
chr10_100361176_100361177	chr10	100361176	100361177	62727	True	5
chr10_100361673_100361674	chr10	100361673	100361674	25174	True	1
chr10_100361757_100361758	chr10	100361757	100361758	28013	True	1
chr10_100362385_100362386	chr10	100362385	100362386	41948	True	1
chr10_100362413_100362414	chr10	100362413	100362414	52962	True	1
chr10_100362944_100362945	chr10	100362944	100362945	24368	True	5
chr10_100363568_100363569	chr10	100363568	100363569	12888	True	5
chr10_101364872_101364873	chr10	101364872	101364873	154013	True	5
chr10_101364911_101364912	chr10	101364911	101364912	157593	True	5
chr10_101364941_101364942	chr10	101364941	101364942	161448	True	5
chr10_101781520_101781521	chr10	101781520	101781521	2030	True	4
chr10_102010087_102010088	chr10	102010087	102010088	276	True	2
chr10_103394322_103394323	chr10	103394322	103394323	2374	True	2
chr10_103885877_103885878	chr10	103885877	103885878	0	False	NA
chr10_115094104_115094105	chr10	115094104	115094105	0	False	NA
chr10_119057014_119057015	chr10	119057014	119057015	3086	True	4
chr10_119058059_119058060	chr10	119058059	119058060	5826	True	4
chr10_119060044_119060045	chr10	119060044	119060045	17638	True	3
chr10_119060061_119060062	chr10	119060061	119060062	17624	True	3
chr10_119060084_119060085	chr10	119060084	119060085	17623	True	3
chr10_119060111_119060112	chr10	119060111	119060112	17649	True	3
chr10_119060129_119060130	chr10	119060129	119060130	17663	True	3
chr10_119060140_119060141	chr10	119060140	119060141	17672	True	3
chr10_119330735_119330736	chr10	119330735	119330736	0	False	NA
chr11_809967_809968	chr11	809967	809968	37699	True	5
chr11_810008_810009	chr11	810008	810009	37738	True	5
chr11_810307_810308	chr11	810307	810308	34371	True	3
chr11_811679_811680	chr11	811679	811680	87421	True	1
chr11_811691_811692	chr11	811691	811692	92139	True	1
chr11_811725_811726	chr11	811725	811726	56241	True	3
chr11_811745_811746	chr11	811745	811746	48416	True	3
chr11_811755_811756	chr11	811755	811756	48392	True	3
chr11_811792_811793	chr11	811792	811793	39135	True	3
chr11_812554_812555	chr11	812554	812555	39845	True	3
chr11_812773_812774	chr11	812773	812774	11940	True	3
chr11_826876_826877	chr11	826876	826877	1389	True	2
chr11_993679_993680	chr11	993679	993680	317	True	4
chr11_1854381_1854382	chr11	1854381	1854382	0	False	NA
chr11_2723938_2723939	chr11	2723938	2723939	43	False	NA
chr11_2928526_2928527	chr11	2928526	2928527	384	True	2
chr11_2963794_2963795	chr11	2963794	2963795	29826	True	3
chr11_2963807_2963808	chr11	2963807	2963808	29843	True	3
chr11_2963832_2963833	chr11	2963832	2963833	29311	True	3
chr11_2963848_2963849	chr11	2963848	2963849	29220	True	3
chr11_2963863_2963864	chr11	2963863	2963864	29175	True	3
chr11_2963881_2963882	chr11	2963881	2963882	29042	True	3
chr11_2963895_2963896	chr11	2963895	2963896	29028	True	3
chr11_2971522_2971523	chr11	2971522	2971523	3689	True	4
chr11_4838651_4838652	chr11	4838651	4838652	0	False	NA
chr11_6641885_6641886	chr11	6641885	6641886	10	False	NA
chr11_6863394_6863395	chr11	6863394	6863395	5	False	NA
chr11_8682792_8682793	chr11	8682792	8682793	1523	True	4
chr11_8683229_8683230	chr11	8683229	8683230	11876	True	5
chr11_8684226_8684227	chr11	8684226	8684227	46651	True	3
chr11_8684238_8684239	chr11	8684238	8684239	46791	True	3
chr11_8684279_8684280	chr11	8684279	8684280	46802	True	3
chr11_8684303_8684304	chr11	8684303	8684304	46609	True	3
chr11_8684322_8684323	chr11	8684322	8684323	46545	True	3
chr11_8684847_8684848	chr11	8684847	8684848	11793	True	5
chr11_8684874_8684875	chr11	8684874	8684875	12086	True	5
chr11_8685437_8685438	chr11	8685437	8685438	89321	True	3
chr11_8685451_8685452	chr11	8685451	8685452	91225	True	3
chr11_8685468_8685469	chr11	8685468	8685469	91075	True	3
chr11_8685486_8685487	chr11	8685486	8685487	90980	True	3
chr11_8685503_8685504	chr11	8685503	8685504	90635	True	3
chr11_8685517_8685518	chr11	8685517	8685518	90396	True	3
chr11_8685533_8685534	chr11	8685533	8685534	90351	True	3
chr11_8685711_8685712	chr11	8685711	8685712	24426	True	6
chr11_8685724_8685725	chr11	8685724	8685725	24424	True	1
chr11_8685769_8685770	chr11	8685769	8685770	25184	True	1
chr11_8685804_8685805	chr11	8685804	8685805	15920	True	1
chr11_9384650_9384651	chr11	9384650	9384651	2213	True	3
chr11_9408559_9408560	chr11	9408559	9408560	2430	True	4
chr11_9410058_9410059	chr11	9410058	9410059	2623	True	4
chr11_9423022_9423023	chr11	9423022	9423023	966	True	4
chr11_9428764_9428765	chr11	9428764	9428765	30723	True	3
chr11_9428775_9428776	chr11	9428775	9428776	30931	True	3
chr11_9428794_9428795	chr11	9428794	9428795	37263	True	5
chr11_9428827_9428828	chr11	9428827	9428828	39945	True	5
chr11_9428857_9428858	chr11	9428857	9428858	39959	True	5
chr11_9428890_9428891	chr11	9428890	9428891	31714	True	5
chr11_9428919_9428920	chr11	9428919	9428920	23810	True	5
chr11_9437853_9437854	chr11	9437853	9437854	3350	True	3
chr11_9437934_9437935	chr11	9437934	9437935	2779	True	3
chr11_9438194_9438195	chr11	9438194	9438195	2622	True	5
chr11_9445401_9445402	chr11	9445401	9445402	2696	True	3
chr11_10797092_10797093	chr11	10797092	10797093	1942	True	2
chr11_10797115_10797116	chr11	10797115	10797116	2901	True	5
chr11_10797174_10797175	chr11	10797174	10797175	4209	True	5
chr11_10797302_10797303	chr11	10797302	10797303	5273	True	1
chr11_10797337_10797338	chr11	10797337	10797338	5296	True	1
chr11_10797614_10797615	chr11	10797614	10797615	8867	True	1
chr11_10797645_10797646	chr11	10797645	10797646	8727	True	1
chr11_10799415_10799416	chr11	10799415	10799416	4675	True	5
chr11_10799560_10799561	chr11	10799560	10799561	3615	True	3
chr11_10799590_10799591	chr11	10799590	10799591	3952	True	3
chr11_10799651_10799652	chr11	10799651	10799652	6943	True	3
chr11_10800197_10800198	chr11	10800197	10800198	6827	True	3
chr11_10800330_10800331	chr11	10800330	10800331	4321	True	5
chr11_10800624_10800625	chr11	10800624	10800625	4331	True	3
chr11_10800782_10800783	chr11	10800782	10800783	3662	True	3
chr11_10800804_10800805	chr11	10800804	10800805	3448	True	3
chr11_10801486_10801487	chr11	10801486	10801487	134357	True	1
chr11_10801501_10801502	chr11	10801501	10801502	135573	True	1
chr11_10801515_10801516	chr11	10801515	10801516	138721	True	1
chr11_10801537_10801538	chr11	10801537	10801538	138786	True	1
chr11_10801567_10801568	chr11	10801567	10801568	139007	True	1
chr11_10801579_10801580	chr11	10801579	10801580	139625	True	1
chr11_10801608_10801609	chr11	10801608	10801609	138298	True	1
chr11_10803521_10803522	chr11	10803521	10803522	5497	True	3
chr11_10804176_10804177	chr11	10804176	10804177	2708	True	5
chr11_10804203_10804204	chr11	10804203	10804204	2462	True	5
chr11_10804304_10804305	chr11	10804304	10804305	2679	True	5
chr11_10804330_10804331	chr11	10804330	10804331	3124	True	5
chr11_10805958_10805959	chr11	10805958	10805959	4186	True	5
chr11_10805989_10805990	chr11	10805989	10805990	4166	True	3
chr11_10807261_10807262	chr11	10807261	10807262	9294	True	5
chr11_10807335_10807336	chr11	10807335	10807336	14287	True	5
chr11_10807375_10807376	chr11	10807375	10807376	12344	True	5
chr11_10808798_10808799	chr11	10808798	10808799	32339	True	1
chr11_10808926_10808927	chr11	10808926	10808927	3544	True	3
chr11_12764186_12764187	chr11	12764186	12764187	457	True	4
chr11_16974661_16974662	chr11	16974661	16974662	122	False	NA
chr11_16974680_16974681	chr11	16974680	16974681	112	False	NA
chr11_16974741_16974742	chr11	16974741	16974742	104	False	NA
chr11_17074677_17074678	chr11	17074677	17074678	19160	True	5
chr11_17074692_17074693	chr11	17074692	17074693	19187	True	5
chr11_17074731_17074732	chr11	17074731	17074732	19267	True	5
chr11_17074745_17074746	chr11	17074745	17074746	19277	True	5
chr11_17075116_17075117	chr11	17075116	17075117	5952	True	5
chr11_17075153_17075154	chr11	17075153	17075154	5955	True	5
chr11_17075171_17075172	chr11	17075171	17075172	5930	True	5
chr11_17075505_17075506	chr11	17075505	17075506	5332	True	1
chr11_17075815_17075816	chr11	17075815	17075816	37183	True	5
chr11_17075835_17075836	chr11	17075835	17075836	37192	True	5
chr11_17075851_17075852	chr11	17075851	17075852	37226	True	5
chr11_17075869_17075870	chr11	17075869	17075870	37271	True	5
chr11_17077450_17077451	chr11	17077450	17077451	5671	True	3
chr11_17077667_17077668	chr11	17077667	17077668	8609	True	3
chr11_17485222_17485223	chr11	17485222	17485223	0	False	NA
chr11_18394559_18394560	chr11	18394559	18394560	9085	True	3
chr11_18394590_18394591	chr11	18394590	18394591	9223	True	3
chr11_18396836_18396837	chr11	18396836	18396837	15188	True	3
chr11_18396872_18396873	chr11	18396872	18396873	17784	True	3
chr11_18396907_18396908	chr11	18396907	18396908	17606	True	3
chr11_18396958_18396959	chr11	18396958	18396959	13496	True	3
chr11_18399515_18399516	chr11	18399515	18399516	4711	True	5
chr11_18400871_18400872	chr11	18400871	18400872	14749	True	3
chr11_18400891_18400892	chr11	18400891	18400892	14608	True	3
chr11_18400913_18400914	chr11	18400913	18400914	14661	True	3
chr11_18402846_18402847	chr11	18402846	18402847	1433	True	4
chr11_18402935_18402936	chr11	18402935	18402936	3082	True	3
chr11_18403005_18403006	chr11	18403005	18403006	2329	True	3
chr11_18403699_18403700	chr11	18403699	18403700	22728	True	6
chr11_18403757_18403758	chr11	18403757	18403758	22714	True	6
chr11_18405452_18405453	chr11	18405452	18405453	12671	True	6
chr11_18405511_18405512	chr11	18405511	18405512	13331	True	6
chr11_18405532_18405533	chr11	18405532	18405533	13223	True	6
chr11_18405560_18405561	chr11	18405560	18405561	12171	True	3
chr11_18407121_18407122	chr11	18407121	18407122	5728	True	5
chr11_18407162_18407163	chr11	18407162	18407163	9226	True	1
chr11_18407248_18407249	chr11	18407248	18407249	26971	True	1
chr11_18407276_18407277	chr11	18407276	18407277	26964	True	1
chr11_18407297_18407298	chr11	18407297	18407298	31961	True	1
chr11_18407315_18407316	chr11	18407315	18407316	30018	True	1
chr11_18407387_18407388	chr11	18407387	18407388	31431	True	1
chr11_18407444_18407445	chr11	18407444	18407445	36074	True	1
chr11_18407516_18407517	chr11	18407516	18407517	29719	True	1
chr11_18407620_18407621	chr11	18407620	18407621	20131	True	1
chr11_18407644_18407645	chr11	18407644	18407645	14619	True	1
chr11_18407686_18407687	chr11	18407686	18407687	16791	True	1
chr11_18407725_18407726	chr11	18407725	18407726	15144	True	1
chr11_18407758_18407759	chr11	18407758	18407759	7370	True	1
chr11_32097158_32097159	chr11	32097158	32097159	164	False	NA
chr11_32097313_32097314	chr11	32097313	32097314	98	False	NA
chr11_32602402_32602403	chr11	32602402	32602403	1334	True	1
chr11_33708976_33708977	chr11	33708976	33708977	1243	True	2
chr11_33709333_33709334	chr11	33709333	33709334	2263	True	5
chr11_33709502_33709503	chr11	33709502	33709503	1762	True	5
chr11_33709554_33709555	chr11	33709554	33709555	1981	True	4
chr11_33710038_33710039	chr11	33710038	33710039	2619	True	5
chr11_33710056_33710057	chr11	33710056	33710057	2669	True	5
chr11_33710103_33710104	chr11	33710103	33710104	2901	True	5
chr11_33710129_33710130	chr11	33710129	33710130	2828	True	5
chr11_33710158_33710159	chr11	33710158	33710159	2640	True	5
chr11_33710178_33710179	chr11	33710178	33710179	2418	True	5
chr11_33710301_33710302	chr11	33710301	33710302	763	True	4
chr11_33717401_33717402	chr11	33717401	33717402	856	True	4
chr11_33736425_33736426	chr11	33736425	33736426	655	True	4
chr11_34079671_34079672	chr11	34079671	34079672	3734	True	3
chr11_35139268_35139269	chr11	35139268	35139269	10	False	NA
chr11_35189882_35189883	chr11	35189882	35189883	59	False	NA
chr11_35189992_35189993	chr11	35189992	35189993	133	False	NA
chr11_35214892_35214893	chr11	35214892	35214893	13	False	NA
chr11_35221718_35221719	chr11	35221718	35221719	8	False	NA
chr11_35229341_35229342	chr11	35229341	35229342	15	False	NA
chr11_35229381_35229382	chr11	35229381	35229382	256	True	2
chr11_35229486_35229487	chr11	35229486	35229487	313	True	2
chr11_35229837_35229838	chr11	35229837	35229838	126	False	NA
chr11_35230229_35230230	chr11	35230229	35230230	137	False	NA
chr11_46142547_46142548	chr11	46142547	46142548	0	False	NA
chr11_46762417_46762418	chr11	46762417	46762418	23236	True	3
chr11_46762436_46762437	chr11	46762436	46762437	23262	True	3
chr11_46762457_46762458	chr11	46762457	46762458	23284	True	3
chr11_46762484_46762485	chr11	46762484	46762485	23280	True	3
chr11_46762498_46762499	chr11	46762498	46762499	23280	True	3
chr11_47408706_47408707	chr11	47408706	47408707	0	False	NA
chr11_47618760_47618761	chr11	47618760	47618761	1225	True	4
chr11_47618837_47618838	chr11	47618837	47618838	1613	True	4
chr11_57326034_57326035	chr11	57326034	57326035	1879	True	1
chr11_57420989_57420990	chr11	57420989	57420990	890	True	2
chr11_59551340_59551341	chr11	59551340	59551341	5888	True	1
chr11_59551822_59551823	chr11	59551822	59551823	6086	True	1
chr11_59556423_59556424	chr11	59556423	59556424	8746	True	1
chr11_59556465_59556466	chr11	59556465	59556466	8759	True	1
chr11_61299558_61299559	chr11	61299558	61299559	3563	True	1
chr11_61964736_61964737	chr11	61964736	61964737	23192	True	1
chr11_61964764_61964765	chr11	61964764	61964765	23192	True	1
chr11_61964816_61964817	chr11	61964816	61964817	24177	True	1
chr11_61964869_61964870	chr11	61964869	61964870	14241	True	1
chr11_61965002_61965003	chr11	61965002	61965003	22823	True	6
chr11_61965032_61965033	chr11	61965032	61965033	22668	True	6
chr11_61965058_61965059	chr11	61965058	61965059	21658	True	6
chr11_61965077_61965078	chr11	61965077	61965078	21735	True	6
chr11_61965102_61965103	chr11	61965102	61965103	21651	True	6
chr11_61965380_61965381	chr11	61965380	61965381	2766	True	4
chr11_61965455_61965456	chr11	61965455	61965456	2302	True	4
chr11_61965510_61965511	chr11	61965510	61965511	1003	True	4
chr11_61967323_61967324	chr11	61967323	61967324	4629	True	4
chr11_61967386_61967387	chr11	61967386	61967387	25014	True	3
chr11_61967437_61967438	chr11	61967437	61967438	51790	True	5
chr11_61967461_61967462	chr11	61967461	61967462	52757	True	5
chr11_61967495_61967496	chr11	61967495	61967496	65086	True	1
chr11_61967519_61967520	chr11	61967519	61967520	68529	True	1
chr11_61967540_61967541	chr11	61967540	61967541	62935	True	1
chr11_61967560_61967561	chr11	61967560	61967561	60692	True	1
chr11_61967582_61967583	chr11	61967582	61967583	48595	True	1
chr11_61967602_61967603	chr11	61967602	61967603	47088	True	1
chr11_61967633_61967634	chr11	61967633	61967634	18829	True	6
chr11_62516080_62516081	chr11	62516080	62516081	3177	True	5
chr11_62516322_62516323	chr11	62516322	62516323	6625	True	5
chr11_62516425_62516426	chr11	62516425	62516426	4122	True	5
chr11_62516823_62516824	chr11	62516823	62516824	4092	True	4
chr11_62519649_62519650	chr11	62519649	62519650	4072	True	4
chr11_62520284_62520285	chr11	62520284	62520285	3690	True	4
chr11_62524185_62524186	chr11	62524185	62524186	5315	True	3
chr11_62524209_62524210	chr11	62524209	62524210	4715	True	4
chr11_62524344_62524345	chr11	62524344	62524345	4462	True	3
chr11_62524505_62524506	chr11	62524505	62524506	3233	True	4
chr11_62524692_62524693	chr11	62524692	62524693	3213	True	4
chr11_62524798_62524799	chr11	62524798	62524799	1761	True	4
chr11_62526718_62526719	chr11	62526718	62526719	3487	True	4
chr11_62526758_62526759	chr11	62526758	62526759	2771	True	4
chr11_62527045_62527046	chr11	62527045	62527046	5229	True	3
chr11_62527340_62527341	chr11	62527340	62527341	5579	True	4
chr11_62527396_62527397	chr11	62527396	62527397	4971	True	3
chr11_62527458_62527459	chr11	62527458	62527459	4280	True	3
chr11_62528688_62528689	chr11	62528688	62528689	4412	True	3
chr11_62528988_62528989	chr11	62528988	62528989	6414	True	3
chr11_62529112_62529113	chr11	62529112	62529113	6905	True	3
chr11_62529154_62529155	chr11	62529154	62529155	4657	True	4
chr11_62529656_62529657	chr11	62529656	62529657	3937	True	4
chr11_62529754_62529755	chr11	62529754	62529755	4875	True	3
chr11_62530139_62530140	chr11	62530139	62530140	4479	True	3
chr11_62530631_62530632	chr11	62530631	62530632	6575	True	3
chr11_62531089_62531090	chr11	62531089	62531090	6467	True	3
chr11_62531214_62531215	chr11	62531214	62531215	5248	True	3
chr11_62531415_62531416	chr11	62531415	62531416	3757	True	3
chr11_62531597_62531598	chr11	62531597	62531598	5473	True	4
chr11_62532266_62532267	chr11	62532266	62532267	5193	True	3
chr11_62559725_62559726	chr11	62559725	62559726	28349	True	6
chr11_62559743_62559744	chr11	62559743	62559744	28349	True	6
chr11_62559802_62559803	chr11	62559802	62559803	28322	True	6
chr11_62567001_62567002	chr11	62567001	62567002	6479	True	6
chr11_62567405_62567406	chr11	62567405	62567406	6525	True	3
chr11_62567448_62567449	chr11	62567448	62567449	11452	True	3
chr11_62567520_62567521	chr11	62567520	62567521	9788	True	3
chr11_62572636_62572637	chr11	62572636	62572637	12885	True	3
chr11_62572685_62572686	chr11	62572685	62572686	12984	True	3
chr11_62624899_62624900	chr11	62624899	62624900	8136	True	1
chr11_62625498_62625499	chr11	62625498	62625499	11610	True	1
chr11_62625646_62625647	chr11	62625646	62625647	10481	True	1
chr11_62626598_62626599	chr11	62626598	62626599	2058	True	3
chr11_62632584_62632585	chr11	62632584	62632585	2736	True	3
chr11_62639703_62639704	chr11	62639703	62639704	5184	True	3
chr11_62665419_62665420	chr11	62665419	62665420	76676	True	5
chr11_62665447_62665448	chr11	62665447	62665448	85982	True	5
chr11_62665467_62665468	chr11	62665467	62665468	88103	True	5
chr11_62665513_62665514	chr11	62665513	62665514	86305	True	5
chr11_62665533_62665534	chr11	62665533	62665534	70346	True	5
chr11_62665548_62665549	chr11	62665548	62665549	70354	True	5
chr11_62715132_62715133	chr11	62715132	62715133	5321	True	5
chr11_62723708_62723709	chr11	62723708	62723709	3424	True	4
chr11_62841643_62841644	chr11	62841643	62841644	554141	True	1
chr11_62841681_62841682	chr11	62841681	62841682	600030	True	1
chr11_62841715_62841716	chr11	62841715	62841716	603278	True	1
chr11_62841735_62841736	chr11	62841735	62841736	602932	True	1
chr11_62841754_62841755	chr11	62841754	62841755	573947	True	1
chr11_62841783_62841784	chr11	62841783	62841784	517383	True	1
chr11_62841796_62841797	chr11	62841796	62841797	496965	True	1
chr11_62841810_62841811	chr11	62841810	62841811	247720	True	1
chr11_62852938_62852939	chr11	62852938	62852939	107502	True	5
chr11_62852969_62852970	chr11	62852969	62852970	105599	True	5
chr11_62852999_62853000	chr11	62852999	62853000	107167	True	5
chr11_62853016_62853017	chr11	62853016	62853017	109728	True	5
chr11_62853037_62853038	chr11	62853037	62853038	105330	True	5
chr11_62853362_62853363	chr11	62853362	62853363	23172	True	3
chr11_62853377_62853378	chr11	62853377	62853378	23171	True	3
chr11_62853394_62853395	chr11	62853394	62853395	24763	True	3
chr11_62853694_62853695	chr11	62853694	62853695	43462	True	5
chr11_62853718_62853719	chr11	62853718	62853719	43740	True	5
chr11_62853733_62853734	chr11	62853733	62853734	44424	True	5
chr11_62853949_62853950	chr11	62853949	62853950	29920	True	1
chr11_62853969_62853970	chr11	62853969	62853970	29483	True	1
chr11_62854648_62854649	chr11	62854648	62854649	54601	True	5
chr11_62854671_62854672	chr11	62854671	62854672	52605	True	5
chr11_62854696_62854697	chr11	62854696	62854697	53082	True	5
chr11_62855043_62855044	chr11	62855043	62855044	49339	True	5
chr11_62855062_62855063	chr11	62855062	62855063	48915	True	5
chr11_62855084_62855085	chr11	62855084	62855085	49836	True	5
chr11_62855331_62855332	chr11	62855331	62855332	65375	True	5
chr11_62855351_62855352	chr11	62855351	62855352	65563	True	5
chr11_62855367_62855368	chr11	62855367	62855368	66406	True	5
chr11_62855600_62855601	chr11	62855600	62855601	51554	True	5
chr11_62855613_62855614	chr11	62855613	62855614	51755	True	5
chr11_62855632_62855633	chr11	62855632	62855633	51486	True	5
chr11_62881202_62881203	chr11	62881202	62881203	3447	True	4
chr11_62881328_62881329	chr11	62881328	62881329	2008	True	4
chr11_62881918_62881919	chr11	62881918	62881919	6822	True	3
chr11_62881954_62881955	chr11	62881954	62881955	6759	True	3
chr11_62882012_62882013	chr11	62882012	62882013	6905	True	3
chr11_62882931_62882932	chr11	62882931	62882932	5744	True	3
chr11_62884643_62884644	chr11	62884643	62884644	3573	True	4
chr11_62885198_62885199	chr11	62885198	62885199	3341	True	3
chr11_62885320_62885321	chr11	62885320	62885321	3732	True	5
chr11_62885491_62885492	chr11	62885491	62885492	5219	True	4
chr11_62885559_62885560	chr11	62885559	62885560	4614	True	5
chr11_62888180_62888181	chr11	62888180	62888181	4305	True	3
chr11_62888455_62888456	chr11	62888455	62888456	8693	True	5
chr11_62888502_62888503	chr11	62888502	62888503	7951	True	5
chr11_62888589_62888590	chr11	62888589	62888590	7372	True	5
chr11_62888624_62888625	chr11	62888624	62888625	4465	True	5
chr11_62888694_62888695	chr11	62888694	62888695	6363	True	1
chr11_62888727_62888728	chr11	62888727	62888728	6545	True	1
chr11_62888760_62888761	chr11	62888760	62888761	6071	True	1
chr11_63752611_63752612	chr11	63752611	63752612	1891	True	4
chr11_64193212_64193213	chr11	64193212	64193213	3064	True	3
chr11_64197279_64197280	chr11	64197279	64197280	2802	True	3
chr11_64197317_64197318	chr11	64197317	64197318	2854	True	3
chr11_64197915_64197916	chr11	64197915	64197916	1890	True	3
chr11_64199983_64199984	chr11	64199983	64199984	2359	True	3
chr11_64204243_64204244	chr11	64204243	64204244	5558	True	5
chr11_64204416_64204417	chr11	64204416	64204417	7213	True	1
chr11_64204457_64204458	chr11	64204457	64204458	6822	True	1
chr11_64244540_64244541	chr11	64244540	64244541	2732	True	1
chr11_64244573_64244574	chr11	64244573	64244574	2724	True	1
chr11_64244594_64244595	chr11	64244594	64244595	2724	True	1
chr11_64296098_64296099	chr11	64296098	64296099	5598	True	1
chr11_64316813_64316814	chr11	64316813	64316814	5340	True	1
chr11_64316840_64316841	chr11	64316840	64316841	4808	True	5
chr11_64770277_64770278	chr11	64770277	64770278	3401	True	4
chr11_65120672_65120673	chr11	65120672	65120673	12096	True	1
chr11_65120800_65120801	chr11	65120800	65120801	15647	True	3
chr11_65120986_65120987	chr11	65120986	65120987	1398	True	3
chr11_65121019_65121020	chr11	65121019	65121020	1480	True	3
chr11_65122118_65122119	chr11	65122118	65122119	7602	True	5
chr11_65147608_65147609	chr11	65147608	65147609	11941	True	3
chr11_65147708_65147709	chr11	65147708	65147709	11479	True	3
chr11_65422993_65422994	chr11	65422993	65422994	150741	True	5
chr11_65423204_65423205	chr11	65423204	65423205	147977	True	5
chr11_65423257_65423258	chr11	65423257	65423258	159351	True	5
chr11_65423285_65423286	chr11	65423285	65423286	119371	True	5
chr11_65423391_65423392	chr11	65423391	65423392	95744	True	5
chr11_65423499_65423500	chr11	65423499	65423500	122893	True	1
chr11_65423531_65423532	chr11	65423531	65423532	145892	True	1
chr11_65423553_65423554	chr11	65423553	65423554	153754	True	1
chr11_65423609_65423610	chr11	65423609	65423610	122957	True	5
chr11_65423646_65423647	chr11	65423646	65423647	132342	True	1
chr11_65423676_65423677	chr11	65423676	65423677	91738	True	1
chr11_65423711_65423712	chr11	65423711	65423712	120275	True	1
chr11_65423796_65423797	chr11	65423796	65423797	179739	True	1
chr11_65423852_65423853	chr11	65423852	65423853	166546	True	5
chr11_65423883_65423884	chr11	65423883	65423884	191873	True	1
chr11_65423931_65423932	chr11	65423931	65423932	184907	True	1
chr11_65423956_65423957	chr11	65423956	65423957	188554	True	1
chr11_65424026_65424027	chr11	65424026	65424027	113847	True	1
chr11_65424089_65424090	chr11	65424089	65424090	93848	True	5
chr11_65424126_65424127	chr11	65424126	65424127	102713	True	5
chr11_65424155_65424156	chr11	65424155	65424156	65838	True	5
chr11_65424172_65424173	chr11	65424172	65424173	72893	True	5
chr11_65424206_65424207	chr11	65424206	65424207	64900	True	5
chr11_65424260_65424261	chr11	65424260	65424261	53780	True	5
chr11_65424302_65424303	chr11	65424302	65424303	65010	True	5
chr11_65424319_65424320	chr11	65424319	65424320	66803	True	5
chr11_65424337_65424338	chr11	65424337	65424338	61711	True	5
chr11_65424363_65424364	chr11	65424363	65424364	71261	True	5
chr11_65424376_65424377	chr11	65424376	65424377	69439	True	5
chr11_65424412_65424413	chr11	65424412	65424413	86543	True	5
chr11_65424457_65424458	chr11	65424457	65424458	80894	True	5
chr11_65424481_65424482	chr11	65424481	65424482	73367	True	5
chr11_65424514_65424515	chr11	65424514	65424515	63740	True	5
chr11_65424548_65424549	chr11	65424548	65424549	94380	True	5
chr11_65424576_65424577	chr11	65424576	65424577	81651	True	5
chr11_65424600_65424601	chr11	65424600	65424601	79767	True	5
chr11_65424621_65424622	chr11	65424621	65424622	62828	True	5
chr11_65424674_65424675	chr11	65424674	65424675	71605	True	5
chr11_65424736_65424737	chr11	65424736	65424737	61789	True	1
chr11_65424795_65424796	chr11	65424795	65424796	50892	True	1
chr11_65424970_65424971	chr11	65424970	65424971	69911	True	1
chr11_65425028_65425029	chr11	65425028	65425029	86533	True	1
chr11_65425066_65425067	chr11	65425066	65425067	99163	True	1
chr11_65425109_65425110	chr11	65425109	65425110	97220	True	1
chr11_65425188_65425189	chr11	65425188	65425189	67057	True	1
chr11_65425232_65425233	chr11	65425232	65425233	57926	True	1
chr11_65425353_65425354	chr11	65425353	65425354	76006	True	5
chr11_65425403_65425404	chr11	65425403	65425404	83541	True	5
chr11_65425421_65425422	chr11	65425421	65425422	62561	True	1
chr11_65425497_65425498	chr11	65425497	65425498	72136	True	1
chr11_65425540_65425541	chr11	65425540	65425541	30348	True	1
chr11_65425598_65425599	chr11	65425598	65425599	31006	True	1
chr11_65425718_65425719	chr11	65425718	65425719	19806	True	1
chr11_65425757_65425758	chr11	65425757	65425758	20904	True	1
chr11_65425807_65425808	chr11	65425807	65425808	20595	True	1
chr11_65425850_65425851	chr11	65425850	65425851	26608	True	1
chr11_65425870_65425871	chr11	65425870	65425871	38228	True	5
chr11_65425896_65425897	chr11	65425896	65425897	37575	True	5
chr11_65425955_65425956	chr11	65425955	65425956	89833	True	5
chr11_65426067_65426068	chr11	65426067	65426068	90150	True	1
chr11_65426150_65426151	chr11	65426150	65426151	49789	True	1
chr11_65426203_65426204	chr11	65426203	65426204	54794	True	1
chr11_65426244_65426245	chr11	65426244	65426245	66207	True	1
chr11_65426279_65426280	chr11	65426279	65426280	78999	True	1
chr11_65426314_65426315	chr11	65426314	65426315	65366	True	1
chr11_65426343_65426344	chr11	65426343	65426344	72249	True	1
chr11_65426364_65426365	chr11	65426364	65426365	57532	True	1
chr11_65426451_65426452	chr11	65426451	65426452	72822	True	1
chr11_65426480_65426481	chr11	65426480	65426481	62896	True	5
chr11_65426553_65426554	chr11	65426553	65426554	84317	True	5
chr11_65426604_65426605	chr11	65426604	65426605	77157	True	5
chr11_65426687_65426688	chr11	65426687	65426688	83516	True	5
chr11_65426775_65426776	chr11	65426775	65426776	73441	True	5
chr11_65426815_65426816	chr11	65426815	65426816	70290	True	5
chr11_65426834_65426835	chr11	65426834	65426835	54382	True	5
chr11_65426874_65426875	chr11	65426874	65426875	72155	True	5
chr11_65426968_65426969	chr11	65426968	65426969	115784	True	5
chr11_65426991_65426992	chr11	65426991	65426992	97268	True	5
chr11_65427021_65427022	chr11	65427021	65427022	98561	True	5
chr11_65427200_65427201	chr11	65427200	65427201	71117	True	5
chr11_65427221_65427222	chr11	65427221	65427222	77940	True	5
chr11_65427240_65427241	chr11	65427240	65427241	89729	True	5
chr11_65427299_65427300	chr11	65427299	65427300	129402	True	5
chr11_65427329_65427330	chr11	65427329	65427330	128223	True	5
chr11_65427343_65427344	chr11	65427343	65427344	148196	True	5
chr11_65427367_65427368	chr11	65427367	65427368	130125	True	5
chr11_65427432_65427433	chr11	65427432	65427433	119554	True	5
chr11_65427482_65427483	chr11	65427482	65427483	99374	True	5
chr11_65427498_65427499	chr11	65427498	65427499	114454	True	5
chr11_65427582_65427583	chr11	65427582	65427583	95993	True	5
chr11_65427648_65427649	chr11	65427648	65427649	58896	True	5
chr11_65427700_65427701	chr11	65427700	65427701	63006	True	5
chr11_65427726_65427727	chr11	65427726	65427727	64745	True	5
chr11_65427743_65427744	chr11	65427743	65427744	64922	True	5
chr11_65427760_65427761	chr11	65427760	65427761	64289	True	5
chr11_65427794_65427795	chr11	65427794	65427795	62342	True	5
chr11_65427897_65427898	chr11	65427897	65427898	72246	True	5
chr11_65427913_65427914	chr11	65427913	65427914	54778	True	5
chr11_65427950_65427951	chr11	65427950	65427951	66254	True	5
chr11_65427986_65427987	chr11	65427986	65427987	70999	True	5
chr11_65428047_65428048	chr11	65428047	65428048	59002	True	5
chr11_65428153_65428154	chr11	65428153	65428154	55945	True	5
chr11_65428184_65428185	chr11	65428184	65428185	59196	True	5
chr11_65428228_65428229	chr11	65428228	65428229	72278	True	5
chr11_65428264_65428265	chr11	65428264	65428265	69455	True	5
chr11_65428294_65428295	chr11	65428294	65428295	55895	True	5
chr11_65428427_65428428	chr11	65428427	65428428	42023	True	5
chr11_65428511_65428512	chr11	65428511	65428512	45717	True	5
chr11_65428570_65428571	chr11	65428570	65428571	41787	True	5
chr11_65428591_65428592	chr11	65428591	65428592	57562	True	5
chr11_65428617_65428618	chr11	65428617	65428618	43502	True	5
chr11_65428675_65428676	chr11	65428675	65428676	58479	True	5
chr11_65428731_65428732	chr11	65428731	65428732	49002	True	5
chr11_65428806_65428807	chr11	65428806	65428807	33035	True	1
chr11_65428879_65428880	chr11	65428879	65428880	22618	True	1
chr11_65428921_65428922	chr11	65428921	65428922	20188	True	1
chr11_65428946_65428947	chr11	65428946	65428947	28780	True	1
chr11_65429016_65429017	chr11	65429016	65429017	20311	True	5
chr11_65429037_65429038	chr11	65429037	65429038	25982	True	5
chr11_65429093_65429094	chr11	65429093	65429094	36257	True	5
chr11_65429121_65429122	chr11	65429121	65429122	39241	True	5
chr11_65429144_65429145	chr11	65429144	65429145	30908	True	5
chr11_65429177_65429178	chr11	65429177	65429178	38152	True	5
chr11_65429217_65429218	chr11	65429217	65429218	61820	True	5
chr11_65429249_65429250	chr11	65429249	65429250	48459	True	5
chr11_65429266_65429267	chr11	65429266	65429267	47099	True	5
chr11_65429299_65429300	chr11	65429299	65429300	42048	True	5
chr11_65429362_65429363	chr11	65429362	65429363	49043	True	5
chr11_65429432_65429433	chr11	65429432	65429433	31804	True	5
chr11_65429461_65429462	chr11	65429461	65429462	35296	True	5
chr11_65429525_65429526	chr11	65429525	65429526	31740	True	5
chr11_65429572_65429573	chr11	65429572	65429573	33047	True	5
chr11_65429626_65429627	chr11	65429626	65429627	38359	True	5
chr11_65429649_65429650	chr11	65429649	65429650	35769	True	5
chr11_65429681_65429682	chr11	65429681	65429682	32030	True	5
chr11_65429734_65429735	chr11	65429734	65429735	40162	True	5
chr11_65429758_65429759	chr11	65429758	65429759	78083	True	5
chr11_65429805_65429806	chr11	65429805	65429806	77400	True	5
chr11_65429840_65429841	chr11	65429840	65429841	92792	True	5
chr11_65429942_65429943	chr11	65429942	65429943	129387	True	5
chr11_65429971_65429972	chr11	65429971	65429972	85441	True	5
chr11_65430012_65430013	chr11	65430012	65430013	90628	True	5
chr11_65430090_65430091	chr11	65430090	65430091	61017	True	5
chr11_65430110_65430111	chr11	65430110	65430111	42263	True	5
chr11_65430213_65430214	chr11	65430213	65430214	90508	True	5
chr11_65430282_65430283	chr11	65430282	65430283	90418	True	5
chr11_65430323_65430324	chr11	65430323	65430324	95863	True	5
chr11_65430347_65430348	chr11	65430347	65430348	92977	True	5
chr11_65430380_65430381	chr11	65430380	65430381	88225	True	5
chr11_65430400_65430401	chr11	65430400	65430401	49944	True	5
chr11_65430443_65430444	chr11	65430443	65430444	63433	True	5
chr11_65430490_65430491	chr11	65430490	65430491	48848	True	5
chr11_65430518_65430519	chr11	65430518	65430519	40382	True	5
chr11_65430590_65430591	chr11	65430590	65430591	34046	True	5
chr11_65430658_65430659	chr11	65430658	65430659	49152	True	5
chr11_65430693_65430694	chr11	65430693	65430694	45366	True	5
chr11_65430750_65430751	chr11	65430750	65430751	44352	True	5
chr11_65430823_65430824	chr11	65430823	65430824	24773	True	5
chr11_65430863_65430864	chr11	65430863	65430864	21853	True	5
chr11_65430932_65430933	chr11	65430932	65430933	22458	True	5
chr11_65430998_65430999	chr11	65430998	65430999	42553	True	5
chr11_65431160_65431161	chr11	65431160	65431161	23458	True	5
chr11_65431219_65431220	chr11	65431219	65431220	36403	True	5
chr11_65431264_65431265	chr11	65431264	65431265	27918	True	5
chr11_65431353_65431354	chr11	65431353	65431354	32834	True	1
chr11_65431463_65431464	chr11	65431463	65431464	37469	True	1
chr11_65431490_65431491	chr11	65431490	65431491	47001	True	1
chr11_65431511_65431512	chr11	65431511	65431512	49148	True	1
chr11_65431682_65431683	chr11	65431682	65431683	44829	True	5
chr11_65431851_65431852	chr11	65431851	65431852	39519	True	5
chr11_65431872_65431873	chr11	65431872	65431873	36982	True	5
chr11_65431912_65431913	chr11	65431912	65431913	28853	True	5
chr11_65431938_65431939	chr11	65431938	65431939	31238	True	1
chr11_65432040_65432041	chr11	65432040	65432041	48491	True	1
chr11_65432062_65432063	chr11	65432062	65432063	40538	True	1
chr11_65432103_65432104	chr11	65432103	65432104	40342	True	1
chr11_65432220_65432221	chr11	65432220	65432221	45784	True	5
chr11_65432250_65432251	chr11	65432250	65432251	47914	True	5
chr11_65432285_65432286	chr11	65432285	65432286	48157	True	5
chr11_65432454_65432455	chr11	65432454	65432455	21861	True	1
chr11_65432496_65432497	chr11	65432496	65432497	19759	True	1
chr11_65432608_65432609	chr11	65432608	65432609	12950	True	2
chr11_65432660_65432661	chr11	65432660	65432661	17784	True	5
chr11_65432697_65432698	chr11	65432697	65432698	23820	True	5
chr11_65432772_65432773	chr11	65432772	65432773	39109	True	5
chr11_65432823_65432824	chr11	65432823	65432824	43811	True	1
chr11_65432844_65432845	chr11	65432844	65432845	43717	True	1
chr11_65432886_65432887	chr11	65432886	65432887	39668	True	1
chr11_65432986_65432987	chr11	65432986	65432987	31664	True	1
chr11_65433047_65433048	chr11	65433047	65433048	42264	True	1
chr11_65433090_65433091	chr11	65433090	65433091	48813	True	1
chr11_65433130_65433131	chr11	65433130	65433131	49827	True	1
chr11_65433149_65433150	chr11	65433149	65433150	56009	True	1
chr11_65433279_65433280	chr11	65433279	65433280	45754	True	1
chr11_65433334_65433335	chr11	65433334	65433335	38626	True	1
chr11_65433435_65433436	chr11	65433435	65433436	46140	True	1
chr11_65433470_65433471	chr11	65433470	65433471	30834	True	1
chr11_65433493_65433494	chr11	65433493	65433494	26125	True	1
chr11_65433528_65433529	chr11	65433528	65433529	27348	True	1
chr11_65433602_65433603	chr11	65433602	65433603	15144	True	5
chr11_65433659_65433660	chr11	65433659	65433660	12325	True	5
chr11_65433754_65433755	chr11	65433754	65433755	19233	True	5
chr11_65433841_65433842	chr11	65433841	65433842	36843	True	5
chr11_65433876_65433877	chr11	65433876	65433877	36914	True	5
chr11_65433922_65433923	chr11	65433922	65433923	40164	True	5
chr11_65434002_65434003	chr11	65434002	65434003	35132	True	5
chr11_65434028_65434029	chr11	65434028	65434029	44940	True	5
chr11_65434061_65434062	chr11	65434061	65434062	47653	True	5
chr11_65434112_65434113	chr11	65434112	65434113	80418	True	5
chr11_65434158_65434159	chr11	65434158	65434159	86236	True	5
chr11_65434250_65434251	chr11	65434250	65434251	63318	True	5
chr11_65434349_65434350	chr11	65434349	65434350	33002	True	1
chr11_65434373_65434374	chr11	65434373	65434374	41350	True	1
chr11_65434410_65434411	chr11	65434410	65434411	48053	True	1
chr11_65434470_65434471	chr11	65434470	65434471	53500	True	1
chr11_65434522_65434523	chr11	65434522	65434523	60999	True	1
chr11_65434593_65434594	chr11	65434593	65434594	43972	True	1
chr11_65434690_65434691	chr11	65434690	65434691	69976	True	1
chr11_65434721_65434722	chr11	65434721	65434722	50520	True	1
chr11_65434793_65434794	chr11	65434793	65434794	40870	True	1
chr11_65434856_65434857	chr11	65434856	65434857	15339	True	5
chr11_65434928_65434929	chr11	65434928	65434929	44751	True	1
chr11_65435009_65435010	chr11	65435009	65435010	57953	True	1
chr11_65435087_65435088	chr11	65435087	65435088	71638	True	1
chr11_65435139_65435140	chr11	65435139	65435140	42838	True	1
chr11_65435177_65435178	chr11	65435177	65435178	44102	True	1
chr11_65435213_65435214	chr11	65435213	65435214	42895	True	1
chr11_65435285_65435286	chr11	65435285	65435286	42998	True	5
chr11_65435307_65435308	chr11	65435307	65435308	36370	True	5
chr11_65435330_65435331	chr11	65435330	65435331	38414	True	5
chr11_65435347_65435348	chr11	65435347	65435348	36099	True	5
chr11_65435381_65435382	chr11	65435381	65435382	36752	True	5
chr11_65435424_65435425	chr11	65435424	65435425	50722	True	5
chr11_65435476_65435477	chr11	65435476	65435477	64790	True	5
chr11_65435507_65435508	chr11	65435507	65435508	62304	True	5
chr11_65435548_65435549	chr11	65435548	65435549	60077	True	5
chr11_65435699_65435700	chr11	65435699	65435700	58347	True	5
chr11_65435747_65435748	chr11	65435747	65435748	59710	True	5
chr11_65435855_65435856	chr11	65435855	65435856	37657	True	5
chr11_65435948_65435949	chr11	65435948	65435949	88852	True	5
chr11_65435987_65435988	chr11	65435987	65435988	97247	True	5
chr11_65436076_65436077	chr11	65436076	65436077	111758	True	5
chr11_65436137_65436138	chr11	65436137	65436138	51963	True	5
chr11_65436222_65436223	chr11	65436222	65436223	54450	True	5
chr11_65436250_65436251	chr11	65436250	65436251	53329	True	5
chr11_65436425_65436426	chr11	65436425	65436426	41987	True	5
chr11_65436473_65436474	chr11	65436473	65436474	38960	True	5
chr11_65436510_65436511	chr11	65436510	65436511	46219	True	5
chr11_65436654_65436655	chr11	65436654	65436655	34953	True	5
chr11_65436687_65436688	chr11	65436687	65436688	37566	True	5
chr11_65436732_65436733	chr11	65436732	65436733	38084	True	5
chr11_65436781_65436782	chr11	65436781	65436782	48764	True	5
chr11_65436825_65436826	chr11	65436825	65436826	48653	True	5
chr11_65436902_65436903	chr11	65436902	65436903	43745	True	5
chr11_65436963_65436964	chr11	65436963	65436964	36256	True	5
chr11_65436996_65436997	chr11	65436996	65436997	27707	True	5
chr11_65437054_65437055	chr11	65437054	65437055	16710	True	5
chr11_65437099_65437100	chr11	65437099	65437100	10433	True	5
chr11_65437127_65437128	chr11	65437127	65437128	9528	True	5
chr11_65437261_65437262	chr11	65437261	65437262	15118	True	5
chr11_65437340_65437341	chr11	65437340	65437341	40292	True	1
chr11_65437363_65437364	chr11	65437363	65437364	33528	True	1
chr11_65437436_65437437	chr11	65437436	65437437	35018	True	1
chr11_65437481_65437482	chr11	65437481	65437482	27582	True	1
chr11_65437557_65437558	chr11	65437557	65437558	21466	True	5
chr11_65437604_65437605	chr11	65437604	65437605	33110	True	5
chr11_65437665_65437666	chr11	65437665	65437666	43843	True	5
chr11_65437686_65437687	chr11	65437686	65437687	38207	True	5
chr11_65437812_65437813	chr11	65437812	65437813	36838	True	5
chr11_65437932_65437933	chr11	65437932	65437933	38790	True	5
chr11_65437993_65437994	chr11	65437993	65437994	59009	True	5
chr11_65438073_65438074	chr11	65438073	65438074	72620	True	5
chr11_65438117_65438118	chr11	65438117	65438118	66113	True	5
chr11_65438153_65438154	chr11	65438153	65438154	61607	True	5
chr11_65438210_65438211	chr11	65438210	65438211	43950	True	5
chr11_65438232_65438233	chr11	65438232	65438233	43818	True	5
chr11_65438314_65438315	chr11	65438314	65438315	16635	True	5
chr11_65438374_65438375	chr11	65438374	65438375	14876	True	5
chr11_65438431_65438432	chr11	65438431	65438432	17209	True	5
chr11_65438476_65438477	chr11	65438476	65438477	16202	True	5
chr11_65438531_65438532	chr11	65438531	65438532	23035	True	5
chr11_65438612_65438613	chr11	65438612	65438613	31984	True	5
chr11_65438655_65438656	chr11	65438655	65438656	29687	True	5
chr11_65438688_65438689	chr11	65438688	65438689	23912	True	5
chr11_65438733_65438734	chr11	65438733	65438734	28502	True	5
chr11_65438774_65438775	chr11	65438774	65438775	17412	True	5
chr11_65438883_65438884	chr11	65438883	65438884	36702	True	5
chr11_65438964_65438965	chr11	65438964	65438965	36249	True	5
chr11_65439171_65439172	chr11	65439171	65439172	25279	True	5
chr11_65439219_65439220	chr11	65439219	65439220	24231	True	5
chr11_65439238_65439239	chr11	65439238	65439239	24005	True	5
chr11_65439263_65439264	chr11	65439263	65439264	26116	True	5
chr11_65439312_65439313	chr11	65439312	65439313	33785	True	5
chr11_65439341_65439342	chr11	65439341	65439342	30176	True	5
chr11_65439380_65439381	chr11	65439380	65439381	43306	True	5
chr11_65439461_65439462	chr11	65439461	65439462	42643	True	5
chr11_65439717_65439718	chr11	65439717	65439718	25263	True	5
chr11_65439758_65439759	chr11	65439758	65439759	23408	True	5
chr11_65439806_65439807	chr11	65439806	65439807	30423	True	5
chr11_65439970_65439971	chr11	65439970	65439971	31396	True	5
chr11_65440088_65440089	chr11	65440088	65440089	10278	True	5
chr11_65440110_65440111	chr11	65440110	65440111	19029	True	5
chr11_65440194_65440195	chr11	65440194	65440195	14379	True	5
chr11_65440277_65440278	chr11	65440277	65440278	33772	True	5
chr11_65440294_65440295	chr11	65440294	65440295	33094	True	3
chr11_65440412_65440413	chr11	65440412	65440413	17352	True	3
chr11_65441018_65441019	chr11	65441018	65441019	39457	True	5
chr11_65441059_65441060	chr11	65441059	65441060	14470	True	5
chr11_65441078_65441079	chr11	65441078	65441079	20435	True	5
chr11_65441199_65441200	chr11	65441199	65441200	22447	True	5
chr11_65441218_65441219	chr11	65441218	65441219	19521	True	5
chr11_65441268_65441269	chr11	65441268	65441269	32879	True	5
chr11_65441295_65441296	chr11	65441295	65441296	29814	True	5
chr11_65441325_65441326	chr11	65441325	65441326	27577	True	5
chr11_65442138_65442139	chr11	65442138	65442139	36718	True	5
chr11_65442906_65442907	chr11	65442906	65442907	21452	True	5
chr11_65442997_65442998	chr11	65442997	65442998	41747	True	5
chr11_65443044_65443045	chr11	65443044	65443045	49653	True	5
chr11_65443086_65443087	chr11	65443086	65443087	55997	True	5
chr11_65443113_65443114	chr11	65443113	65443114	63114	True	5
chr11_65443232_65443233	chr11	65443232	65443233	73625	True	5
chr11_65443257_65443258	chr11	65443257	65443258	72818	True	5
chr11_65443305_65443306	chr11	65443305	65443306	49314	True	5
chr11_65443394_65443395	chr11	65443394	65443395	32434	True	1
chr11_65443411_65443412	chr11	65443411	65443412	29085	True	1
chr11_65443445_65443446	chr11	65443445	65443446	29011	True	1
chr11_65443478_65443479	chr11	65443478	65443479	60214	True	1
chr11_65443500_65443501	chr11	65443500	65443501	74384	True	1
chr11_65443624_65443625	chr11	65443624	65443625	96658	True	5
chr11_65443640_65443641	chr11	65443640	65443641	100122	True	5
chr11_65443673_65443674	chr11	65443673	65443674	69752	True	5
chr11_65443733_65443734	chr11	65443733	65443734	74354	True	5
chr11_65443781_65443782	chr11	65443781	65443782	78005	True	5
chr11_65443810_65443811	chr11	65443810	65443811	52426	True	5
chr11_65443882_65443883	chr11	65443882	65443883	67869	True	5
chr11_65444040_65444041	chr11	65444040	65444041	57805	True	5
chr11_65444199_65444200	chr11	65444199	65444200	67237	True	5
chr11_65444250_65444251	chr11	65444250	65444251	83197	True	5
chr11_65444322_65444323	chr11	65444322	65444323	77050	True	5
chr11_65444370_65444371	chr11	65444370	65444371	82816	True	5
chr11_65444501_65444502	chr11	65444501	65444502	78353	True	3
chr11_65444679_65444680	chr11	65444679	65444680	96582	True	5
chr11_65444749_65444750	chr11	65444749	65444750	89934	True	5
chr11_65444935_65444936	chr11	65444935	65444936	54953	True	3
chr11_65444976_65444977	chr11	65444976	65444977	40358	True	6
chr11_65445008_65445009	chr11	65445008	65445009	29990	True	1
chr11_65445085_65445086	chr11	65445085	65445086	21150	True	1
chr11_65445181_65445182	chr11	65445181	65445182	33756	True	5
chr11_65445430_65445431	chr11	65445430	65445431	52485	True	5
chr11_65445457_65445458	chr11	65445457	65445458	51197	True	5
chr11_65499042_65499043	chr11	65499042	65499043	164471	True	1
chr11_65499124_65499125	chr11	65499124	65499125	213062	True	1
chr11_65499214_65499215	chr11	65499214	65499215	213300	True	1
chr11_65499232_65499233	chr11	65499232	65499233	153133	True	6
chr11_65499288_65499289	chr11	65499288	65499289	200007	True	6
chr11_65499382_65499383	chr11	65499382	65499383	233578	True	6
chr11_65499447_65499448	chr11	65499447	65499448	254987	True	6
chr11_65499580_65499581	chr11	65499580	65499581	214249	True	6
chr11_65499609_65499610	chr11	65499609	65499610	182970	True	6
chr11_65499633_65499634	chr11	65499633	65499634	159118	True	6
chr11_65499735_65499736	chr11	65499735	65499736	219115	True	6
chr11_65499758_65499759	chr11	65499758	65499759	182269	True	6
chr11_65499829_65499830	chr11	65499829	65499830	182409	True	6
chr11_65499884_65499885	chr11	65499884	65499885	131687	True	4
chr11_65500016_65500017	chr11	65500016	65500017	381525	True	6
chr11_65500041_65500042	chr11	65500041	65500042	372694	True	6
chr11_65500089_65500090	chr11	65500089	65500090	372500	True	6
chr11_65500109_65500110	chr11	65500109	65500110	398215	True	6
chr11_65500330_65500331	chr11	65500330	65500331	423673	True	1
chr11_65500357_65500358	chr11	65500357	65500358	407079	True	1
chr11_65500382_65500383	chr11	65500382	65500383	473327	True	1
chr11_65500468_65500469	chr11	65500468	65500469	410975	True	3
chr11_65500588_65500589	chr11	65500588	65500589	597698	True	6
chr11_65500616_65500617	chr11	65500616	65500617	702466	True	6
chr11_65500676_65500677	chr11	65500676	65500677	658250	True	6
chr11_65500713_65500714	chr11	65500713	65500714	598830	True	1
chr11_65500765_65500766	chr11	65500765	65500766	411644	True	1
chr11_65500795_65500796	chr11	65500795	65500796	506777	True	1
chr11_65500830_65500831	chr11	65500830	65500831	503118	True	1
chr11_65500853_65500854	chr11	65500853	65500854	501003	True	1
chr11_65500875_65500876	chr11	65500875	65500876	457953	True	1
chr11_65500896_65500897	chr11	65500896	65500897	454326	True	1
chr11_65500918_65500919	chr11	65500918	65500919	453964	True	1
chr11_65500954_65500955	chr11	65500954	65500955	455442	True	1
chr11_65500980_65500981	chr11	65500980	65500981	346056	True	1
chr11_65501014_65501015	chr11	65501014	65501015	345023	True	1
chr11_65501047_65501048	chr11	65501047	65501048	251532	True	1
chr11_65501094_65501095	chr11	65501094	65501095	297302	True	1
chr11_65501148_65501149	chr11	65501148	65501149	339011	True	1
chr11_65501172_65501173	chr11	65501172	65501173	409781	True	1
chr11_65501227_65501228	chr11	65501227	65501228	390654	True	1
chr11_65501264_65501265	chr11	65501264	65501265	326028	True	1
chr11_65501291_65501292	chr11	65501291	65501292	356822	True	1
chr11_65501369_65501370	chr11	65501369	65501370	150714	True	1
chr11_65501395_65501396	chr11	65501395	65501396	151206	True	1
chr11_65501447_65501448	chr11	65501447	65501448	220744	True	1
chr11_65501476_65501477	chr11	65501476	65501477	199552	True	1
chr11_65501510_65501511	chr11	65501510	65501511	308871	True	1
chr11_65501537_65501538	chr11	65501537	65501538	343215	True	1
chr11_65501579_65501580	chr11	65501579	65501580	283017	True	1
chr11_65501604_65501605	chr11	65501604	65501605	314870	True	1
chr11_65501660_65501661	chr11	65501660	65501661	317891	True	1
chr11_65501680_65501681	chr11	65501680	65501681	293573	True	1
chr11_65501718_65501719	chr11	65501718	65501719	169309	True	1
chr11_65501745_65501746	chr11	65501745	65501746	161853	True	1
chr11_65501804_65501805	chr11	65501804	65501805	178454	True	1
chr11_65501833_65501834	chr11	65501833	65501834	286630	True	1
chr11_65501904_65501905	chr11	65501904	65501905	211324	True	1
chr11_65502027_65502028	chr11	65502027	65502028	171040	True	1
chr11_65502099_65502100	chr11	65502099	65502100	265151	True	1
chr11_65502160_65502161	chr11	65502160	65502161	188154	True	5
chr11_65502219_65502220	chr11	65502219	65502220	277680	True	5
chr11_65502280_65502281	chr11	65502280	65502281	246568	True	3
chr11_65502303_65502304	chr11	65502303	65502304	171532	True	3
chr11_65502404_65502405	chr11	65502404	65502405	292976	True	1
chr11_65502431_65502432	chr11	65502431	65502432	230249	True	1
chr11_65502458_65502459	chr11	65502458	65502459	247706	True	1
chr11_65502499_65502500	chr11	65502499	65502500	257070	True	1
chr11_65502518_65502519	chr11	65502518	65502519	212617	True	1
chr11_65502580_65502581	chr11	65502580	65502581	264175	True	1
chr11_65502598_65502599	chr11	65502598	65502599	268208	True	1
chr11_65502633_65502634	chr11	65502633	65502634	259321	True	1
chr11_65502750_65502751	chr11	65502750	65502751	118659	True	1
chr11_65502790_65502791	chr11	65502790	65502791	169467	True	1
chr11_65502829_65502830	chr11	65502829	65502830	204002	True	1
chr11_65502853_65502854	chr11	65502853	65502854	178616	True	1
chr11_65502877_65502878	chr11	65502877	65502878	176872	True	1
chr11_65502970_65502971	chr11	65502970	65502971	349826	True	1
chr11_65503014_65503015	chr11	65503014	65503015	335140	True	1
chr11_65503103_65503104	chr11	65503103	65503104	403307	True	1
chr11_65503132_65503133	chr11	65503132	65503133	363252	True	1
chr11_65503152_65503153	chr11	65503152	65503153	398364	True	1
chr11_65503242_65503243	chr11	65503242	65503243	188349	True	1
chr11_65503269_65503270	chr11	65503269	65503270	172520	True	1
chr11_65503324_65503325	chr11	65503324	65503325	119008	True	1
chr11_65503342_65503343	chr11	65503342	65503343	152455	True	1
chr11_65503425_65503426	chr11	65503425	65503426	168841	True	1
chr11_65503477_65503478	chr11	65503477	65503478	113580	True	1
chr11_65503587_65503588	chr11	65503587	65503588	234341	True	1
chr11_65503614_65503615	chr11	65503614	65503615	263136	True	1
chr11_65503635_65503636	chr11	65503635	65503636	298929	True	1
chr11_65503675_65503676	chr11	65503675	65503676	347172	True	1
chr11_65503712_65503713	chr11	65503712	65503713	374410	True	1
chr11_65503727_65503728	chr11	65503727	65503728	405363	True	1
chr11_65503751_65503752	chr11	65503751	65503752	395736	True	1
chr11_65503793_65503794	chr11	65503793	65503794	229894	True	1
chr11_65503816_65503817	chr11	65503816	65503817	235820	True	1
chr11_65503846_65503847	chr11	65503846	65503847	204039	True	1
chr11_65503895_65503896	chr11	65503895	65503896	223709	True	1
chr11_65503916_65503917	chr11	65503916	65503917	248874	True	1
chr11_65503943_65503944	chr11	65503943	65503944	209773	True	1
chr11_65503968_65503969	chr11	65503968	65503969	193257	True	1
chr11_65503999_65504000	chr11	65503999	65504000	223108	True	1
chr11_65504027_65504028	chr11	65504027	65504028	316899	True	1
chr11_65504070_65504071	chr11	65504070	65504071	253033	True	1
chr11_65504116_65504117	chr11	65504116	65504117	224079	True	1
chr11_65504235_65504236	chr11	65504235	65504236	243872	True	1
chr11_65504293_65504294	chr11	65504293	65504294	256619	True	1
chr11_65504318_65504319	chr11	65504318	65504319	262970	True	1
chr11_65504417_65504418	chr11	65504417	65504418	297919	True	1
chr11_65504443_65504444	chr11	65504443	65504444	145096	True	1
chr11_65504463_65504464	chr11	65504463	65504464	144397	True	1
chr11_65504539_65504540	chr11	65504539	65504540	363355	True	1
chr11_65504575_65504576	chr11	65504575	65504576	382283	True	1
chr11_65504590_65504591	chr11	65504590	65504591	376966	True	1
chr11_65504612_65504613	chr11	65504612	65504613	366210	True	1
chr11_65504644_65504645	chr11	65504644	65504645	391347	True	1
chr11_65504670_65504671	chr11	65504670	65504671	390472	True	1
chr11_65504694_65504695	chr11	65504694	65504695	456980	True	1
chr11_65504739_65504740	chr11	65504739	65504740	393948	True	1
chr11_65504768_65504769	chr11	65504768	65504769	353735	True	1
chr11_65504781_65504782	chr11	65504781	65504782	351146	True	1
chr11_65504808_65504809	chr11	65504808	65504809	381748	True	1
chr11_65504887_65504888	chr11	65504887	65504888	356282	True	1
chr11_65504915_65504916	chr11	65504915	65504916	245198	True	1
chr11_65504943_65504944	chr11	65504943	65504944	292977	True	1
chr11_65504961_65504962	chr11	65504961	65504962	306930	True	1
chr11_65504992_65504993	chr11	65504992	65504993	335262	True	1
chr11_65505035_65505036	chr11	65505035	65505036	203651	True	1
chr11_65505086_65505087	chr11	65505086	65505087	370958	True	1
chr11_65505147_65505148	chr11	65505147	65505148	347530	True	1
chr11_65505178_65505179	chr11	65505178	65505179	343725	True	1
chr11_65505195_65505196	chr11	65505195	65505196	320825	True	1
chr11_65505221_65505222	chr11	65505221	65505222	394511	True	1
chr11_65505269_65505270	chr11	65505269	65505270	409367	True	1
chr11_65505308_65505309	chr11	65505308	65505309	190502	True	1
chr11_65505341_65505342	chr11	65505341	65505342	162783	True	1
chr11_65505394_65505395	chr11	65505394	65505395	151625	True	1
chr11_65505583_65505584	chr11	65505583	65505584	56247	True	1
chr11_65505665_65505666	chr11	65505665	65505666	104520	True	1
chr11_65505682_65505683	chr11	65505682	65505683	100883	True	1
chr11_65505715_65505716	chr11	65505715	65505716	107628	True	1
chr11_65505732_65505733	chr11	65505732	65505733	114281	True	1
chr11_65505775_65505776	chr11	65505775	65505776	136677	True	1
chr11_65505842_65505843	chr11	65505842	65505843	217728	True	1
chr11_65505864_65505865	chr11	65505864	65505865	247155	True	1
chr11_65505889_65505890	chr11	65505889	65505890	225259	True	1
chr11_65505908_65505909	chr11	65505908	65505909	223627	True	1
chr11_65505930_65505931	chr11	65505930	65505931	231734	True	1
chr11_65505981_65505982	chr11	65505981	65505982	201050	True	1
chr11_65506011_65506012	chr11	65506011	65506012	107465	True	1
chr11_65854892_65854893	chr11	65854892	65854893	12031	True	1
chr11_65854958_65854959	chr11	65854958	65854959	26608	True	1
chr11_65854990_65854991	chr11	65854990	65854991	26581	True	1
chr11_65855007_65855008	chr11	65855007	65855008	25643	True	1
chr11_65855043_65855044	chr11	65855043	65855044	24482	True	1
chr11_65855113_65855114	chr11	65855113	65855114	27704	True	1
chr11_65855166_65855167	chr11	65855166	65855167	16363	True	1
chr11_65855190_65855191	chr11	65855190	65855191	16847	True	1
chr11_65855339_65855340	chr11	65855339	65855340	10045	True	5
chr11_65855422_65855423	chr11	65855422	65855423	5706	True	5
chr11_65855690_65855691	chr11	65855690	65855691	2540	True	3
chr11_65855942_65855943	chr11	65855942	65855943	7035	True	5
chr11_65855981_65855982	chr11	65855981	65855982	9856	True	5
chr11_65856001_65856002	chr11	65856001	65856002	9962	True	5
chr11_65856018_65856019	chr11	65856018	65856019	10490	True	5
chr11_65856033_65856034	chr11	65856033	65856034	11752	True	5
chr11_65856056_65856057	chr11	65856056	65856057	9313	True	3
chr11_65856121_65856122	chr11	65856121	65856122	10286	True	3
chr11_65858116_65858117	chr11	65858116	65858117	5428	True	5
chr11_65858179_65858180	chr11	65858179	65858180	5336	True	5
chr11_65921471_65921472	chr11	65921471	65921472	1845	True	4
chr11_66068764_66068765	chr11	66068764	66068765	6672	True	1
chr11_66348150_66348151	chr11	66348150	66348151	11561	True	1
chr11_66348186_66348187	chr11	66348186	66348187	11575	True	1
chr11_67584556_67584557	chr11	67584556	67584557	3796	True	3
chr11_67586121_67586122	chr11	67586121	67586122	6620	True	3
chr11_67586529_67586530	chr11	67586529	67586530	7815	True	3
chr11_67586559_67586560	chr11	67586559	67586560	6151	True	3
chr11_67682770_67682771	chr11	67682770	67682771	111	False	NA
chr11_67682808_67682809	chr11	67682808	67682809	111	False	NA
chr11_67682827_67682828	chr11	67682827	67682828	111	False	NA
chr11_69328530_69328531	chr11	69328530	69328531	0	False	NA
chr11_70435268_70435269	chr11	70435268	70435269	6598	True	1
chr11_71712915_71712916	chr11	71712915	71712916	89	False	NA
chr11_73099627_73099628	chr11	73099627	73099628	26	False	NA
chr11_73721683_73721684	chr11	73721683	73721684	33	False	NA
chr11_74745787_74745788	chr11	74745787	74745788	484	True	4
chr11_75399518_75399519	chr11	75399518	75399519	16281	True	1
chr11_75400389_75400390	chr11	75400389	75400390	28627	True	3
chr11_75400413_75400414	chr11	75400413	75400414	31329	True	3
chr11_75400432_75400433	chr11	75400432	75400433	32040	True	3
chr11_75400449_75400450	chr11	75400449	75400450	32030	True	3
chr11_75400465_75400466	chr11	75400465	75400466	32031	True	3
chr11_75400478_75400479	chr11	75400478	75400479	32040	True	3
chr11_75400500_75400501	chr11	75400500	75400501	26397	True	3
chr11_75400695_75400696	chr11	75400695	75400696	25476	True	1
chr11_75400737_75400738	chr11	75400737	75400738	25631	True	1
chr11_75400809_75400810	chr11	75400809	75400810	21928	True	5
chr11_75401651_75401652	chr11	75401651	75401652	10550	True	3
chr11_75401689_75401690	chr11	75401689	75401690	10645	True	3
chr11_75401711_75401712	chr11	75401711	75401712	10585	True	3
chr11_75404063_75404064	chr11	75404063	75404064	15294	True	6
chr11_75404419_75404420	chr11	75404419	75404420	42920	True	3
chr11_75404444_75404445	chr11	75404444	75404445	46241	True	3
chr11_75404458_75404459	chr11	75404458	75404459	46366	True	3
chr11_75404488_75404489	chr11	75404488	75404489	46348	True	3
chr11_75404506_75404507	chr11	75404506	75404507	46241	True	3
chr11_75404534_75404535	chr11	75404534	75404535	36637	True	3
chr11_75404735_75404736	chr11	75404735	75404736	16078	True	3
chr11_75404771_75404772	chr11	75404771	75404772	19637	True	3
chr11_75404806_75404807	chr11	75404806	75404807	19787	True	3
chr11_75404856_75404857	chr11	75404856	75404857	15038	True	3
chr11_75405617_75405618	chr11	75405617	75405618	5650	True	1
chr11_75405633_75405634	chr11	75405633	75405634	5712	True	1
chr11_75562250_75562251	chr11	75562250	75562251	1289	True	4
chr11_75568947_75568948	chr11	75568947	75568948	1111	True	4
chr11_75572334_75572335	chr11	75572334	75572335	7608	True	5
chr11_75572391_75572392	chr11	75572391	75572392	5803	True	5
chr11_75572679_75572680	chr11	75572679	75572680	6101	True	1
chr11_75572723_75572724	chr11	75572723	75572724	5757	True	1
chr11_75572759_75572760	chr11	75572759	75572760	5541	True	1
chr11_77886414_77886415	chr11	77886414	77886415	2210	True	4
chr11_77886514_77886515	chr11	77886514	77886515	13133	True	3
chr11_77886546_77886547	chr11	77886546	77886547	15109	True	3
chr11_77886568_77886569	chr11	77886568	77886569	20091	True	3
chr11_77886582_77886583	chr11	77886582	77886583	20517	True	3
chr11_77886614_77886615	chr11	77886614	77886615	20299	True	3
chr11_83728185_83728186	chr11	83728185	83728186	0	False	NA
chr11_85081741_85081742	chr11	85081741	85081742	6595	True	6
chr11_85096721_85096722	chr11	85096721	85096722	13	False	NA
chr11_86808378_86808379	chr11	86808378	86808379	5	False	NA
chr11_86808839_86808840	chr11	86808839	86808840	518	True	2
chr11_86808863_86808864	chr11	86808863	86808864	516	True	2
chr11_86808927_86808928	chr11	86808927	86808928	554	True	2
chr11_88293981_88293982	chr11	88293981	88293982	848	True	4
chr11_88612872_88612873	chr11	88612872	88612873	6587	True	3
chr11_88612887_88612888	chr11	88612887	88612888	6587	True	3
chr11_93721512_93721513	chr11	93721512	93721513	30599	True	5
chr11_93721540_93721541	chr11	93721540	93721541	30718	True	3
chr11_93721584_93721585	chr11	93721584	93721585	44930	True	3
chr11_93721609_93721610	chr11	93721609	93721610	54488	True	3
chr11_93721641_93721642	chr11	93721641	93721642	46055	True	3
chr11_93721666_93721667	chr11	93721666	93721667	65088	True	3
chr11_93721699_93721700	chr11	93721699	93721700	85184	True	3
chr11_93721714_93721715	chr11	93721714	93721715	84448	True	3
chr11_93721745_93721746	chr11	93721745	93721746	124102	True	5
chr11_93721769_93721770	chr11	93721769	93721770	120945	True	5
chr11_93721792_93721793	chr11	93721792	93721793	101618	True	5
chr11_93721816_93721817	chr11	93721816	93721817	100600	True	5
chr11_93721829_93721830	chr11	93721829	93721830	97146	True	5
chr11_93730535_93730536	chr11	93730535	93730536	31101	True	3
chr11_93730548_93730549	chr11	93730548	93730549	36157	True	3
chr11_93730580_93730581	chr11	93730580	93730581	36789	True	3
chr11_93730600_93730601	chr11	93730600	93730601	37554	True	3
chr11_93730614_93730615	chr11	93730614	93730615	37620	True	3
chr11_93730626_93730627	chr11	93730626	93730627	40351	True	6
chr11_93730639_93730640	chr11	93730639	93730640	40199	True	6
chr11_93730649_93730650	chr11	93730649	93730650	27004	True	6
chr11_93730733_93730734	chr11	93730733	93730734	11563	True	6
chr11_93731014_93731015	chr11	93731014	93731015	70179	True	1
chr11_93731038_93731039	chr11	93731038	93731039	70230	True	1
chr11_93731065_93731066	chr11	93731065	93731066	70739	True	1
chr11_93731090_93731091	chr11	93731090	93731091	71526	True	1
chr11_93731101_93731102	chr11	93731101	93731102	71705	True	1
chr11_93731549_93731550	chr11	93731549	93731550	23827	True	3
chr11_93731573_93731574	chr11	93731573	93731574	24085	True	3
chr11_93732071_93732072	chr11	93732071	93732072	14792	True	3
chr11_93732086_93732087	chr11	93732086	93732087	14820	True	3
chr11_93732103_93732104	chr11	93732103	93732104	14828	True	3
chr11_93732135_93732136	chr11	93732135	93732136	15834	True	3
chr11_93732394_93732395	chr11	93732394	93732395	75535	True	5
chr11_93732409_93732410	chr11	93732409	93732410	81496	True	5
chr11_93732415_93732416	chr11	93732415	93732416	81460	True	5
chr11_93732421_93732422	chr11	93732421	93732422	81365	True	5
chr11_93732428_93732429	chr11	93732428	93732429	81340	True	5
chr11_93732435_93732436	chr11	93732435	93732436	81437	True	5
chr11_93732452_93732453	chr11	93732452	93732453	81378	True	5
chr11_93732469_93732470	chr11	93732469	93732470	80787	True	5
chr11_93732486_93732487	chr11	93732486	93732487	80787	True	5
chr11_93732501_93732502	chr11	93732501	93732502	57256	True	5
chr11_93733146_93733147	chr11	93733146	93733147	5264	True	4
chr11_93733265_93733266	chr11	93733265	93733266	20611	True	5
chr11_93733283_93733284	chr11	93733283	93733284	20779	True	5
chr11_93733300_93733301	chr11	93733300	93733301	21575	True	5
chr11_93733499_93733500	chr11	93733499	93733500	77796	True	3
chr11_93733519_93733520	chr11	93733519	93733520	75577	True	3
chr11_93733537_93733538	chr11	93733537	93733538	75405	True	3
chr11_93733550_93733551	chr11	93733550	93733551	75324	True	3
chr11_93733559_93733560	chr11	93733559	93733560	75098	True	5
chr11_93733572_93733573	chr11	93733572	93733573	75032	True	5
chr11_93733587_93733588	chr11	93733587	93733588	75084	True	5
chr11_93733598_93733599	chr11	93733598	93733599	66756	True	5
chr11_93735112_93735113	chr11	93735112	93735113	9796	True	6
chr11_93735198_93735199	chr11	93735198	93735199	12676	True	6
chr11_93735214_93735215	chr11	93735214	93735215	12438	True	6
chr11_93735224_93735225	chr11	93735224	93735225	12454	True	6
chr11_93735239_93735240	chr11	93735239	93735240	12960	True	6
chr11_104252596_104252597	chr11	104252596	104252597	502	True	4
chr11_105242281_105242282	chr11	105242281	105242282	69	False	NA
chr11_107908761_107908762	chr11	107908761	107908762	674	True	4
chr11_108665336_108665337	chr11	108665336	108665337	234	True	2
chr11_111821608_111821609	chr11	111821608	111821609	764	True	4
chr11_111928398_111928399	chr11	111928398	111928399	97	False	NA
chr11_111928411_111928412	chr11	111928411	111928412	97	False	NA
chr11_113241385_113241386	chr11	113241385	113241386	0	False	NA
chr11_117290895_117290896	chr11	117290895	117290896	59	False	NA
chr11_118088396_118088397	chr11	118088396	118088397	0	False	NA
chr11_119017488_119017489	chr11	119017488	119017489	10393	True	3
chr11_119017506_119017507	chr11	119017506	119017507	10455	True	3
chr11_119018051_119018052	chr11	119018051	119018052	15978	True	3
chr11_119018342_119018343	chr11	119018342	119018343	35050	True	1
chr11_119311180_119311181	chr11	119311180	119311181	125	False	NA
chr11_121467942_121467943	chr11	121467942	121467943	6	False	NA
chr11_122099831_122099832	chr11	122099831	122099832	53	False	NA
chr11_122146591_122146592	chr11	122146591	122146592	92	False	NA
chr11_122152296_122152297	chr11	122152296	122152297	202	True	2
chr11_123057695_123057696	chr11	123057695	123057696	2958	True	6
chr11_123057736_123057737	chr11	123057736	123057737	5664	True	6
chr11_123057802_123057803	chr11	123057802	123057803	10137	True	3
chr11_123057870_123057871	chr11	123057870	123057871	8858	True	3
chr11_123057897_123057898	chr11	123057897	123057898	8873	True	3
chr11_123058100_123058101	chr11	123058100	123058101	81142	True	1
chr11_123058117_123058118	chr11	123058117	123058118	81267	True	1
chr11_123058142_123058143	chr11	123058142	123058143	82211	True	1
chr11_123058162_123058163	chr11	123058162	123058163	82302	True	1
chr11_123058275_123058276	chr11	123058275	123058276	7925	True	3
chr11_123058391_123058392	chr11	123058391	123058392	9763	True	3
chr11_123058646_123058647	chr11	123058646	123058647	9258	True	3
chr11_123058724_123058725	chr11	123058724	123058725	9570	True	3
chr11_123058945_123058946	chr11	123058945	123058946	47973	True	3
chr11_123058996_123058997	chr11	123058996	123058997	50251	True	3
chr11_123059064_123059065	chr11	123059064	123059065	27691	True	3
chr11_123059095_123059096	chr11	123059095	123059096	14473	True	3
chr11_123059142_123059143	chr11	123059142	123059143	8069	True	3
chr11_123059358_123059359	chr11	123059358	123059359	101790	True	3
chr11_123059399_123059400	chr11	123059399	123059400	103452	True	3
chr11_123059423_123059424	chr11	123059423	123059424	103621	True	3
chr11_123059532_123059533	chr11	123059532	123059533	6958	True	3
chr11_123059600_123059601	chr11	123059600	123059601	7264	True	3
chr11_123059667_123059668	chr11	123059667	123059668	8928	True	3
chr11_123059706_123059707	chr11	123059706	123059707	11634	True	3
chr11_123059769_123059770	chr11	123059769	123059770	10753	True	5
chr11_123059872_123059873	chr11	123059872	123059873	8336	True	5
chr11_123059961_123059962	chr11	123059961	123059962	8121	True	3
chr11_123059981_123059982	chr11	123059981	123059982	5998	True	3
chr11_123060165_123060166	chr11	123060165	123060166	4737	True	3
chr11_123060660_123060661	chr11	123060660	123060661	5233	True	3
chr11_123060734_123060735	chr11	123060734	123060735	5547	True	3
chr11_123061151_123061152	chr11	123061151	123061152	4308	True	3
chr11_123061198_123061199	chr11	123061198	123061199	5892	True	3
chr11_123061264_123061265	chr11	123061264	123061265	7435	True	3
chr11_123062106_123062107	chr11	123062106	123062107	8656	True	3
chr11_123062138_123062139	chr11	123062138	123062139	8388	True	3
chr11_123301494_123301495	chr11	123301494	123301495	69682	True	1
chr11_124636471_124636472	chr11	124636471	124636472	1199	True	4
chr11_125620887_125620888	chr11	125620887	125620888	5477	True	1
chr11_133030141_133030142	chr11	133030141	133030142	0	False	NA
chr11_134144215_134144216	chr11	134144215	134144216	0	False	NA
chr12_2803825_2803826	chr12	2803825	2803826	2645	True	3
chr12_3317411_3317412	chr12	3317411	3317412	0	False	NA
chr12_4370020_4370021	chr12	4370020	4370021	1447	True	2
chr12_4670998_4670999	chr12	4670998	4670999	14	False	NA
chr12_5969110_5969111	chr12	5969110	5969111	0	False	NA
chr12_6510220_6510221	chr12	6510220	6510221	35716	True	3
chr12_6510242_6510243	chr12	6510242	6510243	50546	True	3
chr12_6510289_6510290	chr12	6510289	6510290	89242	True	3
chr12_6510302_6510303	chr12	6510302	6510303	107625	True	3
chr12_6510322_6510323	chr12	6510322	6510323	105924	True	3
chr12_6510363_6510364	chr12	6510363	6510364	152670	True	3
chr12_6510386_6510387	chr12	6510386	6510387	158066	True	5
chr12_6510401_6510402	chr12	6510401	6510402	155867	True	5
chr12_6510422_6510423	chr12	6510422	6510423	175527	True	5
chr12_6510464_6510465	chr12	6510464	6510465	149923	True	5
chr12_6510486_6510487	chr12	6510486	6510487	146285	True	5
chr12_6510503_6510504	chr12	6510503	6510504	104095	True	5
chr12_6510519_6510520	chr12	6510519	6510520	103036	True	5
chr12_6510528_6510529	chr12	6510528	6510529	79898	True	5
chr12_6534517_6534518	chr12	6534517	6534518	24359	True	1
chr12_6534554_6534555	chr12	6534554	6534555	24749	True	1
chr12_6534816_6534817	chr12	6534816	6534817	10961	True	3
chr12_6536502_6536503	chr12	6536502	6536503	11513	True	6
chr12_6536575_6536576	chr12	6536575	6536576	11125	True	6
chr12_6536687_6536688	chr12	6536687	6536688	11652	True	1
chr12_6536776_6536777	chr12	6536776	6536777	12064	True	1
chr12_6536933_6536934	chr12	6536933	6536934	14908	True	6
chr12_6536992_6536993	chr12	6536992	6536993	15137	True	6
chr12_6537133_6537134	chr12	6537133	6537134	31246	True	6
chr12_6537190_6537191	chr12	6537190	6537191	30363	True	6
chr12_6537367_6537368	chr12	6537367	6537368	10754	True	6
chr12_6537600_6537601	chr12	6537600	6537601	25022	True	6
chr12_6537687_6537688	chr12	6537687	6537688	29346	True	6
chr12_6537825_6537826	chr12	6537825	6537826	30438	True	6
chr12_6537886_6537887	chr12	6537886	6537887	27886	True	6
chr12_6537913_6537914	chr12	6537913	6537914	26939	True	6
chr12_6537988_6537989	chr12	6537988	6537989	12704	True	6
chr12_6538154_6538155	chr12	6538154	6538155	9848	True	6
chr12_6538290_6538291	chr12	6538290	6538291	13820	True	6
chr12_6538317_6538318	chr12	6538317	6538318	14062	True	6
chr12_6578867_6578868	chr12	6578867	6578868	3105	True	3
chr12_6581510_6581511	chr12	6581510	6581511	29313	True	3
chr12_6581527_6581528	chr12	6581527	6581528	29313	True	3
chr12_6581546_6581547	chr12	6581546	6581547	29313	True	3
chr12_6581571_6581572	chr12	6581571	6581572	29468	True	3
chr12_6581594_6581595	chr12	6581594	6581595	29555	True	3
chr12_6581611_6581612	chr12	6581611	6581612	27646	True	3
chr12_6606303_6606304	chr12	6606303	6606304	3181	True	4
chr12_6766361_6766362	chr12	6766361	6766362	2559	True	3
chr12_6766520_6766521	chr12	6766520	6766521	3597	True	3
chr12_6766707_6766708	chr12	6766707	6766708	3489	True	3
chr12_6769609_6769610	chr12	6769609	6769610	2329	True	3
chr12_6769954_6769955	chr12	6769954	6769955	5445	True	3
chr12_6769980_6769981	chr12	6769980	6769981	5586	True	3
chr12_6770593_6770594	chr12	6770593	6770594	8017	True	5
chr12_6770726_6770727	chr12	6770726	6770727	18936	True	5
chr12_6770836_6770837	chr12	6770836	6770837	11880	True	5
chr12_6867585_6867586	chr12	6867585	6867586	9017	True	3
chr12_6867651_6867652	chr12	6867651	6867652	9438	True	3
chr12_6869111_6869112	chr12	6869111	6869112	2216	True	3
chr12_6870711_6870712	chr12	6870711	6870712	8809	True	5
chr12_6928318_6928319	chr12	6928318	6928319	6119	True	4
chr12_6943815_6943816	chr12	6943815	6943816	206769	True	1
chr12_6943839_6943840	chr12	6943839	6943840	206787	True	1
chr12_6943858_6943859	chr12	6943858	6943859	206833	True	1
chr12_6967364_6967365	chr12	6967364	6967365	168938	True	5
chr12_6967382_6967383	chr12	6967382	6967383	175447	True	5
chr12_6967425_6967426	chr12	6967425	6967426	199099	True	5
chr12_6967443_6967444	chr12	6967443	6967444	207146	True	5
chr12_6967469_6967470	chr12	6967469	6967470	210864	True	5
chr12_6967488_6967489	chr12	6967488	6967489	195201	True	5
chr12_6967515_6967516	chr12	6967515	6967516	178384	True	5
chr12_6967530_6967531	chr12	6967530	6967531	136361	True	5
chr12_6967555_6967556	chr12	6967555	6967556	74719	True	3
chr12_6967585_6967586	chr12	6967585	6967586	40010	True	3
chr12_6967608_6967609	chr12	6967608	6967609	28811	True	3
chr12_8016756_8016757	chr12	8016756	8016757	23	False	NA
chr12_9239346_9239347	chr12	9239346	9239347	12	False	NA
chr12_10722896_10722897	chr12	10722896	10722897	1078	True	4
chr12_10723324_10723325	chr12	10723324	10723325	1362	True	4
chr12_14770759_14770760	chr12	14770759	14770760	456	True	2
chr12_15832393_15832394	chr12	15832393	15832394	0	False	NA
chr12_15890605_15890606	chr12	15890605	15890606	890	True	4
chr12_16363997_16363998	chr12	16363997	16363998	798	True	2
chr12_20370425_20370426	chr12	20370425	20370426	40	False	NA
chr12_20551422_20551423	chr12	20551422	20551423	83558	True	3
chr12_20629933_20629934	chr12	20629933	20629934	96	False	NA
chr12_20680924_20680925	chr12	20680924	20680925	57	False	NA
chr12_20745274_20745275	chr12	20745274	20745275	0	False	NA
chr12_21635393_21635394	chr12	21635393	21635394	3793	True	1
chr12_21635441_21635442	chr12	21635441	21635442	5299	True	1
chr12_21635496_21635497	chr12	21635496	21635497	6162	True	1
chr12_21635592_21635593	chr12	21635592	21635593	5591	True	5
chr12_21635633_21635634	chr12	21635633	21635634	4843	True	3
chr12_21635668_21635669	chr12	21635668	21635669	4463	True	3
chr12_21637107_21637108	chr12	21637107	21637108	4354	True	3
chr12_21637165_21637166	chr12	21637165	21637166	4354	True	3
chr12_21637183_21637184	chr12	21637183	21637184	4121	True	3
chr12_21638389_21638390	chr12	21638389	21638390	4226	True	3
chr12_21638434_21638435	chr12	21638434	21638435	4226	True	3
chr12_21638460_21638461	chr12	21638460	21638461	4187	True	3
chr12_21641977_21641978	chr12	21641977	21641978	3019	True	3
chr12_21642035_21642036	chr12	21642035	21642036	3673	True	3
chr12_21642066_21642067	chr12	21642066	21642067	3561	True	3
chr12_21643999_21644000	chr12	21643999	21644000	6211	True	1
chr12_21644054_21644055	chr12	21644054	21644055	6293	True	1
chr12_21644087_21644088	chr12	21644087	21644088	6098	True	1
chr12_21646930_21646931	chr12	21646930	21646931	1956	True	3
chr12_21647007_21647008	chr12	21647007	21647008	1945	True	3
chr12_21654602_21654603	chr12	21654602	21654603	3443	True	3
chr12_21654652_21654653	chr12	21654652	21654653	3382	True	3
chr12_21657781_21657782	chr12	21657781	21657782	2000	True	3
chr12_21657807_21657808	chr12	21657807	21657808	2000	True	3
chr12_28505390_28505391	chr12	28505390	28505391	7048	True	3
chr12_38161506_38161507	chr12	38161506	38161507	13574	True	3
chr12_38163456_38163457	chr12	38163456	38163457	881	True	4
chr12_38163470_38163471	chr12	38163470	38163471	881	True	4
chr12_44514162_44514163	chr12	44514162	44514163	0	False	NA
chr12_46183162_46183163	chr12	46183162	46183163	798	True	2
chr12_46183415_46183416	chr12	46183415	46183416	1393	True	2
chr12_46184847_46184848	chr12	46184847	46184848	1385	True	4
chr12_46188522_46188523	chr12	46188522	46188523	1487	True	4
chr12_46188706_46188707	chr12	46188706	46188707	2111	True	4
chr12_46188889_46188890	chr12	46188889	46188890	852	True	2
chr12_46188927_46188928	chr12	46188927	46188928	1107	True	4
chr12_46189018_46189019	chr12	46189018	46189019	1497	True	4
chr12_46197767_46197768	chr12	46197767	46197768	986	True	2
chr12_46197927_46197928	chr12	46197927	46197928	678	True	4
chr12_46198634_46198635	chr12	46198634	46198635	594	True	2
chr12_46206085_46206086	chr12	46206085	46206086	477	True	2
chr12_46207182_46207183	chr12	46207182	46207183	426	True	4
chr12_46207562_46207563	chr12	46207562	46207563	666	True	4
chr12_46229632_46229633	chr12	46229632	46229633	363	True	4
chr12_46239728_46239729	chr12	46239728	46239729	693	True	4
chr12_46268536_46268537	chr12	46268536	46268537	709	True	2
chr12_46358400_46358401	chr12	46358400	46358401	21519	True	5
chr12_46358430_46358431	chr12	46358430	46358431	13080	True	4
chr12_46358486_46358487	chr12	46358486	46358487	6732	True	4
chr12_46358694_46358695	chr12	46358694	46358695	26117	True	1
chr12_46358758_46358759	chr12	46358758	46358759	20864	True	1
chr12_46358779_46358780	chr12	46358779	46358780	21172	True	1
chr12_46358798_46358799	chr12	46358798	46358799	12550	True	4
chr12_46358816_46358817	chr12	46358816	46358817	7759	True	4
chr12_46359092_46359093	chr12	46359092	46359093	15094	True	1
chr12_46359339_46359340	chr12	46359339	46359340	10781	True	4
chr12_46359443_46359444	chr12	46359443	46359444	8080	True	4
chr12_46359503_46359504	chr12	46359503	46359504	8403	True	4
chr12_46359604_46359605	chr12	46359604	46359605	8150	True	4
chr12_46359644_46359645	chr12	46359644	46359645	7161	True	4
chr12_46359664_46359665	chr12	46359664	46359665	8669	True	4
chr12_46359766_46359767	chr12	46359766	46359767	10949	True	4
chr12_46359881_46359882	chr12	46359881	46359882	17526	True	3
chr12_46360120_46360121	chr12	46360120	46360121	8988	True	5
chr12_46360419_46360420	chr12	46360419	46360420	10496	True	4
chr12_46360475_46360476	chr12	46360475	46360476	7406	True	4
chr12_46360492_46360493	chr12	46360492	46360493	5748	True	4
chr12_46360676_46360677	chr12	46360676	46360677	6836	True	1
chr12_46360828_46360829	chr12	46360828	46360829	7386	True	4
chr12_46360864_46360865	chr12	46360864	46360865	12368	True	1
chr12_46360941_46360942	chr12	46360941	46360942	10121	True	1
chr12_46361204_46361205	chr12	46361204	46361205	10192	True	4
chr12_46362354_46362355	chr12	46362354	46362355	5009	True	4
chr12_46362499_46362500	chr12	46362499	46362500	4390	True	4
chr12_46362625_46362626	chr12	46362625	46362626	5927	True	4
chr12_46363029_46363030	chr12	46363029	46363030	10179	True	4
chr12_46363084_46363085	chr12	46363084	46363085	10524	True	5
chr12_46363118_46363119	chr12	46363118	46363119	10749	True	5
chr12_46363730_46363731	chr12	46363730	46363731	8381	True	4
chr12_46363786_46363787	chr12	46363786	46363787	9623	True	4
chr12_46363947_46363948	chr12	46363947	46363948	8022	True	4
chr12_46363972_46363973	chr12	46363972	46363973	8076	True	4
chr12_46364403_46364404	chr12	46364403	46364404	8021	True	4
chr12_46364445_46364446	chr12	46364445	46364446	11443	True	4
chr12_46364503_46364504	chr12	46364503	46364504	8666	True	4
chr12_46364540_46364541	chr12	46364540	46364541	11037	True	4
chr12_46364611_46364612	chr12	46364611	46364612	12432	True	4
chr12_46364664_46364665	chr12	46364664	46364665	9222	True	4
chr12_46364676_46364677	chr12	46364676	46364677	9227	True	4
chr12_46364695_46364696	chr12	46364695	46364696	8938	True	4
chr12_46365131_46365132	chr12	46365131	46365132	5783	True	4
chr12_46367096_46367097	chr12	46367096	46367097	8224	True	4
chr12_46367155_46367156	chr12	46367155	46367156	8466	True	4
chr12_46367295_46367296	chr12	46367295	46367296	7805	True	4
chr12_46370547_46370548	chr12	46370547	46370548	12223	True	4
chr12_46370594_46370595	chr12	46370594	46370595	12813	True	4
chr12_46370814_46370815	chr12	46370814	46370815	8373	True	4
chr12_46370839_46370840	chr12	46370839	46370840	8650	True	4
chr12_46370853_46370854	chr12	46370853	46370854	8444	True	4
chr12_46371207_46371208	chr12	46371207	46371208	20673	True	3
chr12_46371233_46371234	chr12	46371233	46371234	23475	True	3
chr12_46371264_46371265	chr12	46371264	46371265	24065	True	3
chr12_46371352_46371353	chr12	46371352	46371353	20626	True	4
chr12_46372521_46372522	chr12	46372521	46372522	34049	True	5
chr12_46372569_46372570	chr12	46372569	46372570	30648	True	5
chr12_46372622_46372623	chr12	46372622	46372623	30346	True	5
chr12_46372774_46372775	chr12	46372774	46372775	5963	True	4
chr12_48022706_48022707	chr12	48022706	48022707	1747	True	4
chr12_48654400_48654401	chr12	48654400	48654401	20531	True	3
chr12_48654418_48654419	chr12	48654418	48654419	23978	True	3
chr12_48654437_48654438	chr12	48654437	48654438	24136	True	3
chr12_48654456_48654457	chr12	48654456	48654457	24156	True	3
chr12_48654473_48654474	chr12	48654473	48654474	24156	True	3
chr12_48654491_48654492	chr12	48654491	48654492	24163	True	3
chr12_48654510_48654511	chr12	48654510	48654511	23868	True	3
chr12_48654519_48654520	chr12	48654519	48654520	23765	True	3
chr12_48656687_48656688	chr12	48656687	48656688	7943	True	3
chr12_48656704_48656705	chr12	48656704	48656705	7959	True	3
chr12_48656739_48656740	chr12	48656739	48656740	7925	True	3
chr12_48656771_48656772	chr12	48656771	48656772	7923	True	3
chr12_48656783_48656784	chr12	48656783	48656784	7884	True	3
chr12_48667498_48667499	chr12	48667498	48667499	15506	True	3
chr12_48667531_48667532	chr12	48667531	48667532	15522	True	3
chr12_48667551_48667552	chr12	48667551	48667552	15516	True	3
chr12_48667589_48667590	chr12	48667589	48667590	15440	True	3
chr12_49127818_49127819	chr12	49127818	49127819	17697	True	1
chr12_49127843_49127844	chr12	49127843	49127844	19263	True	1
chr12_49127863_49127864	chr12	49127863	49127864	24886	True	1
chr12_49127914_49127915	chr12	49127914	49127915	25783	True	1
chr12_49127956_49127957	chr12	49127956	49127957	17220	True	1
chr12_49128020_49128021	chr12	49128020	49128021	11622	True	1
chr12_49128060_49128061	chr12	49128060	49128061	4239	True	6
chr12_49128309_49128310	chr12	49128309	49128310	1799	True	6
chr12_49128871_49128872	chr12	49128871	49128872	9906	True	3
chr12_49128903_49128904	chr12	49128903	49128904	6174	True	3
chr12_49129520_49129521	chr12	49129520	49129521	5806	True	5
chr12_49129547_49129548	chr12	49129547	49129548	5646	True	5
chr12_49129576_49129577	chr12	49129576	49129577	5542	True	5
chr12_49129607_49129608	chr12	49129607	49129608	5425	True	5
chr12_49131310_49131311	chr12	49131310	49131311	14488	True	3
chr12_49131339_49131340	chr12	49131339	49131340	14243	True	3
chr12_49131398_49131399	chr12	49131398	49131399	13823	True	3
chr12_49265081_49265082	chr12	49265081	49265082	9462	True	3
chr12_49265130_49265131	chr12	49265130	49265131	10141	True	3
chr12_49265173_49265174	chr12	49265173	49265174	10278	True	3
chr12_49273281_49273282	chr12	49273281	49273282	7050	True	1
chr12_49741555_49741556	chr12	49741555	49741556	4057	True	3
chr12_49752538_49752539	chr12	49752538	49752539	6280	True	5
chr12_49753027_49753028	chr12	49753027	49753028	5707	True	5
chr12_49753071_49753072	chr12	49753071	49753072	5458	True	5
chr12_49755646_49755647	chr12	49755646	49755647	3646	True	3
chr12_49755694_49755695	chr12	49755694	49755695	4084	True	3
chr12_49758254_49758255	chr12	49758254	49758255	2047	True	4
chr12_49758394_49758395	chr12	49758394	49758395	3685	True	3
chr12_49758716_49758717	chr12	49758716	49758717	3419	True	3
chr12_49758735_49758736	chr12	49758735	49758736	3810	True	3
chr12_49759281_49759282	chr12	49759281	49759282	3992	True	5
chr12_49759310_49759311	chr12	49759310	49759311	3903	True	5
chr12_49761726_49761727	chr12	49761726	49761727	2387	True	4
chr12_49762886_49762887	chr12	49762886	49762887	8813	True	1
chr12_49762918_49762919	chr12	49762918	49762919	9500	True	1
chr12_49762951_49762952	chr12	49762951	49762952	11657	True	1
chr12_49763035_49763036	chr12	49763035	49763036	18338	True	1
chr12_49763115_49763116	chr12	49763115	49763116	18128	True	1
chr12_49763685_49763686	chr12	49763685	49763686	12555	True	1
chr12_49764035_49764036	chr12	49764035	49764036	8459	True	5
chr12_50456571_50456572	chr12	50456571	50456572	14038	True	1
chr12_50456655_50456656	chr12	50456655	50456656	152398	True	1
chr12_50456697_50456698	chr12	50456697	50456698	148174	True	1
chr12_50456721_50456722	chr12	50456721	50456722	145800	True	1
chr12_51162940_51162941	chr12	51162940	51162941	98	False	NA
chr12_51241005_51241006	chr12	51241005	51241006	1759	True	3
chr12_52051440_52051441	chr12	52051440	52051441	20	False	NA
chr12_52054356_52054357	chr12	52054356	52054357	19	False	NA
chr12_52054826_52054827	chr12	52054826	52054827	67	False	NA
chr12_52054897_52054898	chr12	52054897	52054898	88	False	NA
chr12_52054999_52055000	chr12	52054999	52055000	71	False	NA
chr12_52058870_52058871	chr12	52058870	52058871	64	False	NA
chr12_52058914_52058915	chr12	52058914	52058915	112	False	NA
chr12_52233324_52233325	chr12	52233324	52233325	0	False	NA
chr12_52237523_52237524	chr12	52237523	52237524	0	False	NA
chr12_52237551_52237552	chr12	52237551	52237552	0	False	NA
chr12_52238696_52238697	chr12	52238696	52238697	35	False	NA
chr12_52241500_52241501	chr12	52241500	52241501	0	False	NA
chr12_52243080_52243081	chr12	52243080	52243081	80	False	NA
chr12_52245525_52245526	chr12	52245525	52245526	49	False	NA
chr12_52248600_52248601	chr12	52248600	52248601	8	False	NA
chr12_52248786_52248787	chr12	52248786	52248787	5	False	NA
chr12_52904784_52904785	chr12	52904784	52904785	5106	True	3
chr12_52950827_52950828	chr12	52950827	52950828	1469	True	4
chr12_52952755_52952756	chr12	52952755	52952756	584	True	2
chr12_53028153_53028154	chr12	53028153	53028154	6731	True	5
chr12_53040798_53040799	chr12	53040798	53040799	22988	True	1
chr12_53041616_53041617	chr12	53041616	53041617	4358	True	5
chr12_53041993_53041994	chr12	53041993	53041994	4743	True	3
chr12_53299349_53299350	chr12	53299349	53299350	5856	True	3
chr12_53452326_53452327	chr12	53452326	53452327	45845	True	3
chr12_53454731_53454732	chr12	53454731	53454732	16973	True	3
chr12_53454848_53454849	chr12	53454848	53454849	10817	True	3
chr12_53455357_53455358	chr12	53455357	53455358	1584	True	2
chr12_53455472_53455473	chr12	53455472	53455473	7103	True	5
chr12_53455932_53455933	chr12	53455932	53455933	15012	True	3
chr12_53462553_53462554	chr12	53462553	53462554	10607	True	3
chr12_53465938_53465939	chr12	53465938	53465939	5665	True	3
chr12_53467286_53467287	chr12	53467286	53467287	10557	True	5
chr12_53479562_53479563	chr12	53479562	53479563	7520	True	1
chr12_53479665_53479666	chr12	53479665	53479666	20156	True	1
chr12_53479677_53479678	chr12	53479677	53479678	19161	True	1
chr12_53479698_53479699	chr12	53479698	53479699	18812	True	1
chr12_53665252_53665253	chr12	53665252	53665253	13684	True	5
chr12_53665325_53665326	chr12	53665325	53665326	15601	True	5
chr12_53676073_53676074	chr12	53676073	53676074	2651	True	3
chr12_54241720_54241721	chr12	54241720	54241721	2869	True	5
chr12_54241829_54241830	chr12	54241829	54241830	1113	True	4
chr12_54280746_54280747	chr12	54280746	54280747	996	True	4
chr12_54280781_54280782	chr12	54280781	54280782	3015	True	5
chr12_54280809_54280810	chr12	54280809	54280810	3558	True	5
chr12_54281443_54281444	chr12	54281443	54281444	2823	True	4
chr12_54281470_54281471	chr12	54281470	54281471	2368	True	4
chr12_54281907_54281908	chr12	54281907	54281908	1566	True	4
chr12_54282266_54282267	chr12	54282266	54282267	1071	True	2
chr12_54282616_54282617	chr12	54282616	54282617	2969	True	2
chr12_54282632_54282633	chr12	54282632	54282633	3163	True	4
chr12_54282654_54282655	chr12	54282654	54282655	3149	True	4
chr12_54282856_54282857	chr12	54282856	54282857	5568	True	5
chr12_54283819_54283820	chr12	54283819	54283820	22837	True	3
chr12_54283844_54283845	chr12	54283844	54283845	22231	True	3
chr12_54284310_54284311	chr12	54284310	54284311	6771	True	5
chr12_54284806_54284807	chr12	54284806	54284807	34321	True	1
chr12_54285177_54285178	chr12	54285177	54285178	7323	True	5
chr12_54285904_54285905	chr12	54285904	54285905	13007	True	5
chr12_54337277_54337278	chr12	54337277	54337278	1279	True	2
chr12_55725504_55725505	chr12	55725504	55725505	2533	True	1
chr12_55725587_55725588	chr12	55725587	55725588	4099	True	1
chr12_55726147_55726148	chr12	55726147	55726148	2992	True	3
chr12_55726261_55726262	chr12	55726261	55726262	2865	True	3
chr12_55726784_55726785	chr12	55726784	55726785	2124	True	3
chr12_55728281_55728282	chr12	55728281	55728282	3636	True	3
chr12_55729010_55729011	chr12	55729010	55729011	3502	True	3
chr12_56042160_56042161	chr12	56042160	56042161	964	True	4
chr12_56043432_56043433	chr12	56043432	56043433	384	True	2
chr12_56043482_56043483	chr12	56043482	56043483	240	True	2
chr12_56110588_56110589	chr12	56110588	56110589	1960	True	3
chr12_56111205_56111206	chr12	56111205	56111206	1655	True	3
chr12_56116630_56116631	chr12	56116630	56116631	27189	True	1
chr12_56116653_56116654	chr12	56116653	56116654	27584	True	1
chr12_56116785_56116786	chr12	56116785	56116786	23375	True	3
chr12_56117195_56117196	chr12	56117195	56117196	5823	True	3
chr12_56158363_56158364	chr12	56158363	56158364	3000	True	3
chr12_56158693_56158694	chr12	56158693	56158694	3747	True	3
chr12_56160011_56160012	chr12	56160011	56160012	7780	True	3
chr12_56160064_56160065	chr12	56160064	56160065	8721	True	3
chr12_56160088_56160089	chr12	56160088	56160089	6499	True	3
chr12_56160257_56160258	chr12	56160257	56160258	3960	True	5
chr12_56161465_56161466	chr12	56161465	56161466	12251	True	5
chr12_56161493_56161494	chr12	56161493	56161494	12035	True	5
chr12_56161507_56161508	chr12	56161507	56161508	11746	True	5
chr12_56638265_56638266	chr12	56638265	56638266	14929	True	1
chr12_56638391_56638392	chr12	56638391	56638392	13603	True	5
chr12_56643459_56643460	chr12	56643459	56643460	9381	True	5
chr12_56643718_56643719	chr12	56643718	56643719	12239	True	3
chr12_56643737_56643738	chr12	56643737	56643738	12195	True	5
chr12_56643751_56643752	chr12	56643751	56643752	12194	True	5
chr12_56643881_56643882	chr12	56643881	56643882	7185	True	5
chr12_56645062_56645063	chr12	56645062	56645063	22194	True	3
chr12_56645085_56645086	chr12	56645085	56645086	22709	True	3
chr12_56645102_56645103	chr12	56645102	56645103	25456	True	3
chr12_56645257_56645258	chr12	56645257	56645258	11566	True	3
chr12_56645872_56645873	chr12	56645872	56645873	12249	True	5
chr12_56645901_56645902	chr12	56645901	56645902	12479	True	5
chr12_56663769_56663770	chr12	56663769	56663770	9815	True	1
chr12_56688173_56688174	chr12	56688173	56688174	9316	True	3
chr12_56712803_56712804	chr12	56712803	56712804	16197	True	6
chr12_56712862_56712863	chr12	56712862	56712863	16752	True	6
chr12_56713093_56713094	chr12	56713093	56713094	5140	True	6
chr12_56713118_56713119	chr12	56713118	56713119	5380	True	6
chr12_56713182_56713183	chr12	56713182	56713183	4070	True	6
chr12_56713555_56713556	chr12	56713555	56713556	17683	True	6
chr12_56714613_56714614	chr12	56714613	56714614	12554	True	3
chr12_56714632_56714633	chr12	56714632	56714633	12719	True	3
chr12_56725298_56725299	chr12	56725298	56725299	9729	True	3
chr12_62133659_62133660	chr12	62133659	62133660	0	False	NA
chr12_62603689_62603690	chr12	62603689	62603690	5689	True	2
chr12_62850900_62850901	chr12	62850900	62850901	3438	True	4
chr12_68659799_68659800	chr12	68659799	68659800	1333	True	1
chr12_69589578_69589579	chr12	69589578	69589579	4075	True	3
chr12_69592125_69592126	chr12	69592125	69592126	1244	True	3
chr12_69593524_69593525	chr12	69593524	69593525	2360	True	3
chr12_69669320_69669321	chr12	69669320	69669321	0	False	NA
chr12_70748100_70748101	chr12	70748100	70748101	0	False	NA
chr12_73764300_73764301	chr12	73764300	73764301	19	False	NA
chr12_75688743_75688744	chr12	75688743	75688744	219	True	2
chr12_76050587_76050588	chr12	76050587	76050588	16955	True	3
chr12_76050603_76050604	chr12	76050603	76050604	16943	True	3
chr12_76050635_76050636	chr12	76050635	76050636	16921	True	3
chr12_76053784_76053785	chr12	76053784	76053785	10000	True	3
chr12_76059855_76059856	chr12	76059855	76059856	23986	True	5
chr12_76060156_76060157	chr12	76060156	76060157	4610	True	3
chr12_76068967_76068968	chr12	76068967	76068968	16158	True	1
chr12_76084684_76084685	chr12	76084684	76084685	14044	True	5
chr12_84894027_84894028	chr12	84894027	84894028	8464	True	3
chr12_88581764_88581765	chr12	88581764	88581765	1028	True	2
chr12_89672871_89672872	chr12	89672871	89672872	0	False	NA
chr12_93083309_93083310	chr12	93083309	93083310	297	True	2
chr12_95571263_95571264	chr12	95571263	95571264	771	True	2
chr12_95866092_95866093	chr12	95866092	95866093	3531	True	1
chr12_96288284_96288285	chr12	96288284	96288285	25	False	NA
chr12_98599632_98599633	chr12	98599632	98599633	9216	True	3
chr12_98599719_98599720	chr12	98599719	98599720	45773	True	3
chr12_98599742_98599743	chr12	98599742	98599743	43550	True	3
chr12_98599768_98599769	chr12	98599768	98599769	43501	True	3
chr12_98599792_98599793	chr12	98599792	98599793	43011	True	3
chr12_98599835_98599836	chr12	98599835	98599836	41414	True	3
chr12_98599851_98599852	chr12	98599851	98599852	36402	True	3
chr12_98601194_98601195	chr12	98601194	98601195	5144	True	3
chr12_98601461_98601462	chr12	98601461	98601462	8637	True	3
chr12_98601598_98601599	chr12	98601598	98601599	7032	True	1
chr12_101779811_101779812	chr12	101779811	101779812	494	True	4
chr12_103495617_103495618	chr12	103495617	103495618	0	False	NA
chr12_103767491_103767492	chr12	103767491	103767492	0	False	NA
chr12_103926168_103926169	chr12	103926168	103926169	646	True	3
chr12_103930407_103930408	chr12	103930407	103930408	25638	True	3
chr12_103930471_103930472	chr12	103930471	103930472	33430	True	3
chr12_103931535_103931536	chr12	103931535	103931536	25438	True	3
chr12_103932327_103932328	chr12	103932327	103932328	25135	True	3
chr12_103932828_103932829	chr12	103932828	103932829	8575	True	3
chr12_103932846_103932847	chr12	103932846	103932847	12202	True	3
chr12_103932869_103932870	chr12	103932869	103932870	12214	True	5
chr12_103932936_103932937	chr12	103932936	103932937	7323	True	5
chr12_103933973_103933974	chr12	103933973	103933974	12552	True	3
chr12_103934042_103934043	chr12	103934042	103934043	16647	True	3
chr12_103934108_103934109	chr12	103934108	103934109	13135	True	3
chr12_103934141_103934142	chr12	103934141	103934142	10145	True	3
chr12_103934177_103934178	chr12	103934177	103934178	14638	True	3
chr12_103934202_103934203	chr12	103934202	103934203	14975	True	3
chr12_103934234_103934235	chr12	103934234	103934235	14614	True	3
chr12_103934262_103934263	chr12	103934262	103934263	10906	True	3
chr12_103937743_103937744	chr12	103937743	103937744	15480	True	3
chr12_103937785_103937786	chr12	103937785	103937786	15350	True	3
chr12_103937876_103937877	chr12	103937876	103937877	12784	True	3
chr12_103938352_103938353	chr12	103938352	103938353	31627	True	3
chr12_103938417_103938418	chr12	103938417	103938418	33781	True	3
chr12_103939518_103939519	chr12	103939518	103939519	32391	True	3
chr12_103939550_103939551	chr12	103939550	103939551	32622	True	3
chr12_103939572_103939573	chr12	103939572	103939573	32603	True	3
chr12_103941436_103941437	chr12	103941436	103941437	23419	True	5
chr12_103941475_103941476	chr12	103941475	103941476	23574	True	5
chr12_103941542_103941543	chr12	103941542	103941543	19329	True	5
chr12_103941684_103941685	chr12	103941684	103941685	3062	True	3
chr12_103941881_103941882	chr12	103941881	103941882	9582	True	3
chr12_103942531_103942532	chr12	103942531	103942532	8844	True	3
chr12_103942548_103942549	chr12	103942548	103942549	12645	True	3
chr12_103942622_103942623	chr12	103942622	103942623	26532	True	3
chr12_103942680_103942681	chr12	103942680	103942681	24623	True	3
chr12_103942768_103942769	chr12	103942768	103942769	18538	True	3
chr12_103943086_103943087	chr12	103943086	103943087	11587	True	3
chr12_103943127_103943128	chr12	103943127	103943128	15616	True	3
chr12_103943221_103943222	chr12	103943221	103943222	28960	True	3
chr12_103943271_103943272	chr12	103943271	103943272	25776	True	3
chr12_103943840_103943841	chr12	103943840	103943841	27351	True	3
chr12_103943868_103943869	chr12	103943868	103943869	11159	True	3
chr12_103946618_103946619	chr12	103946618	103946619	18728	True	3
chr12_103946829_103946830	chr12	103946829	103946830	33865	True	3
chr12_103946864_103946865	chr12	103946864	103946865	35260	True	3
chr12_103946916_103946917	chr12	103946916	103946917	31006	True	3
chr12_103947338_103947339	chr12	103947338	103947339	41681	True	3
chr12_103947372_103947373	chr12	103947372	103947373	41824	True	3
chr12_103947404_103947405	chr12	103947404	103947405	41768	True	3
chr12_103947670_103947671	chr12	103947670	103947671	49077	True	5
chr12_103947737_103947738	chr12	103947737	103947738	59733	True	1
chr12_103947830_103947831	chr12	103947830	103947831	33620	True	1
chr12_103947891_103947892	chr12	103947891	103947892	10776	True	1
chr12_104125233_104125234	chr12	104125233	104125234	2599	True	4
chr12_104265834_104265835	chr12	104265834	104265835	47	False	NA
chr12_104287026_104287027	chr12	104287026	104287027	1541	True	4
chr12_104311350_104311351	chr12	104311350	104311351	1804	True	4
chr12_104315841_104315842	chr12	104315841	104315842	1406	True	4
chr12_104319033_104319034	chr12	104319033	104319034	1098	True	4
chr12_104319499_104319500	chr12	104319499	104319500	1044	True	4
chr12_104321191_104321192	chr12	104321191	104321192	2109	True	4
chr12_104321294_104321295	chr12	104321294	104321295	822	True	4
chr12_104326393_104326394	chr12	104326393	104326394	1132	True	4
chr12_104331619_104331620	chr12	104331619	104331620	666	True	4
chr12_104334245_104334246	chr12	104334245	104334246	746	True	4
chr12_104339157_104339158	chr12	104339157	104339158	874	True	4
chr12_104348366_104348367	chr12	104348366	104348367	927	True	4
chr12_104348754_104348755	chr12	104348754	104348755	3425	True	1
chr12_104348772_104348773	chr12	104348772	104348773	3549	True	1
chr12_104348795_104348796	chr12	104348795	104348796	3750	True	1
chr12_104348848_104348849	chr12	104348848	104348849	4066	True	1
chr12_104349096_104349097	chr12	104349096	104349097	2833	True	5
chr12_104349481_104349482	chr12	104349481	104349482	1721	True	2
chr12_104349768_104349769	chr12	104349768	104349769	3386	True	5
chr12_104350012_104350013	chr12	104350012	104350013	5605	True	1
chr12_104350144_104350145	chr12	104350144	104350145	1169	True	2
chr12_104350193_104350194	chr12	104350193	104350194	979	True	2
chr12_106238601_106238602	chr12	106238601	106238602	4066	True	4
chr12_106240098_106240099	chr12	106240098	106240099	1260	True	4
chr12_109995989_109995990	chr12	109995989	109995990	22	False	NA
chr12_110282769_110282770	chr12	110282769	110282770	2801	True	1
chr12_110292086_110292087	chr12	110292086	110292087	3260	True	5
chr12_110334060_110334061	chr12	110334060	110334061	2280	True	3
chr12_110342346_110342347	chr12	110342346	110342347	2793	True	4
chr12_110639523_110639524	chr12	110639523	110639524	29	False	NA
chr12_112382365_112382366	chr12	112382365	112382366	712	True	4
chr12_112405869_112405870	chr12	112405869	112405870	709	True	2
chr12_112405889_112405890	chr12	112405889	112405890	4548	True	1
chr12_112405922_112405923	chr12	112405922	112405923	5671	True	1
chr12_112405960_112405961	chr12	112405960	112405961	5933	True	6
chr12_112405986_112405987	chr12	112405986	112405987	5986	True	6
chr12_112406010_112406011	chr12	112406010	112406011	6027	True	6
chr12_112406308_112406309	chr12	112406308	112406309	1462	True	2
chr12_112406797_112406798	chr12	112406797	112406798	970	True	2
chr12_112408330_112408331	chr12	112408330	112408331	5410	True	3
chr12_112409605_112409606	chr12	112409605	112409606	1604	True	4
chr12_117049165_117049166	chr12	117049165	117049166	865	True	4
chr12_118145475_118145476	chr12	118145475	118145476	4282	True	5
chr12_118246326_118246327	chr12	118246326	118246327	1906	True	3
chr12_120198609_120198610	chr12	120198609	120198610	14796	True	3
chr12_120198641_120198642	chr12	120198641	120198642	14630	True	3
chr12_120198678_120198679	chr12	120198678	120198679	13187	True	3
chr12_120199193_120199194	chr12	120199193	120199194	16163	True	5
chr12_120199323_120199324	chr12	120199323	120199324	11749	True	5
chr12_120199409_120199410	chr12	120199409	120199410	26002	True	5
chr12_120199460_120199461	chr12	120199460	120199461	23426	True	5
chr12_120201109_120201110	chr12	120201109	120201110	10110	True	3
chr12_120291801_120291802	chr12	120291801	120291802	155701	True	1
chr12_120291834_120291835	chr12	120291834	120291835	171666	True	1
chr12_120291868_120291869	chr12	120291868	120291869	171666	True	1
chr12_120291905_120291906	chr12	120291905	120291906	164436	True	1
chr12_120293136_120293137	chr12	120293136	120293137	56112	True	1
chr12_120293168_120293169	chr12	120293168	120293169	56124	True	1
chr12_120293200_120293201	chr12	120293200	120293201	56119	True	1
chr12_120293239_120293240	chr12	120293239	120293240	52409	True	1
chr12_120438117_120438118	chr12	120438117	120438118	3244	True	3
chr12_120496471_120496472	chr12	120496471	120496472	2476	True	3
chr12_120498206_120498207	chr12	120498206	120498207	2078	True	4
chr12_120498417_120498418	chr12	120498417	120498418	3415	True	1
chr12_123586902_123586903	chr12	123586902	123586903	3989	True	1
chr12_123590417_123590418	chr12	123590417	123590418	3361	True	4
chr12_123616706_123616707	chr12	123616706	123616707	1708	True	4
chr12_124793838_124793839	chr12	124793838	124793839	0	False	NA
chr12_124911681_124911682	chr12	124911681	124911682	8711	True	1
chr12_124911704_124911705	chr12	124911704	124911705	8678	True	1
chr12_124911769_124911770	chr12	124911769	124911770	11147	True	1
chr12_124913042_124913043	chr12	124913042	124913043	10156	True	3
chr12_124914652_124914653	chr12	124914652	124914653	11937	True	3
chr12_126677979_126677980	chr12	126677979	126677980	0	False	NA
chr12_130873119_130873120	chr12	130873119	130873120	6465	True	3
chr12_130874604_130874605	chr12	130874604	130874605	4306	True	3
chr12_130874723_130874724	chr12	130874723	130874724	2572	True	3
chr12_130875752_130875753	chr12	130875752	130875753	955	True	3
chr12_130875961_130875962	chr12	130875961	130875962	5441	True	1
chr12_130876098_130876099	chr12	130876098	130876099	7096	True	1
chr12_130876129_130876130	chr12	130876129	130876130	7109	True	1
chr12_130876168_130876169	chr12	130876168	130876169	7123	True	1
chr12_132031222_132031223	chr12	132031222	132031223	4357	True	3
chr12_132046616_132046617	chr12	132046616	132046617	5	False	NA
chr12_132721260_132721261	chr12	132721260	132721261	4505	True	5
chr13_20612222_20612223	chr13	20612222	20612223	5874	True	3
chr13_20612238_20612239	chr13	20612238	20612239	5874	True	3
chr13_27253792_27253793	chr13	27253792	27253793	1089	True	2
chr13_27255064_27255065	chr13	27255064	27255065	15909	True	3
chr13_27255083_27255084	chr13	27255083	27255084	15908	True	3
chr13_27255113_27255114	chr13	27255113	27255114	16294	True	3
chr13_27255400_27255401	chr13	27255400	27255401	15936	True	3
chr13_27255413_27255414	chr13	27255413	27255414	16236	True	3
chr13_27255447_27255448	chr13	27255447	27255448	16215	True	3
chr13_27255473_27255474	chr13	27255473	27255474	15915	True	3
chr13_27255505_27255506	chr13	27255505	27255506	15415	True	3
chr13_27256279_27256280	chr13	27256279	27256280	222	True	2
chr13_27256320_27256321	chr13	27256320	27256321	373	True	2
chr13_30463232_30463233	chr13	30463232	30463233	2533	True	3
chr13_30465935_30465936	chr13	30465935	30465936	1282	True	4
chr13_30620324_30620325	chr13	30620324	30620325	633	True	2
chr13_32705271_32705272	chr13	32705271	32705272	5	False	NA
chr13_34507437_34507438	chr13	34507437	34507438	0	False	NA
chr13_40391218_40391219	chr13	40391218	40391219	0	False	NA
chr13_41060763_41060764	chr13	41060763	41060764	124171	True	5
chr13_41060810_41060811	chr13	41060810	41060811	124211	True	5
chr13_44433809_44433810	chr13	44433809	44433810	560	True	2
chr13_44433900_44433901	chr13	44433900	44433901	834	True	2
chr13_44434007_44434008	chr13	44434007	44434008	634	True	2
chr13_44434105_44434106	chr13	44434105	44434106	346	True	2
chr13_44434850_44434851	chr13	44434850	44434851	487	True	4
chr13_44436585_44436586	chr13	44436585	44436586	614	True	4
chr13_44436660_44436661	chr13	44436660	44436661	512	True	4
chr13_44436696_44436697	chr13	44436696	44436697	508	True	4
chr13_44436731_44436732	chr13	44436731	44436732	536	True	4
chr13_45336355_45336356	chr13	45336355	45336356	28328	True	3
chr13_45336397_45336398	chr13	45336397	45336398	27580	True	3
chr13_45336434_45336435	chr13	45336434	45336435	27585	True	3
chr13_45336448_45336449	chr13	45336448	45336449	24696	True	3
chr13_45337253_45337254	chr13	45337253	45337254	13972	True	1
chr13_45337267_45337268	chr13	45337267	45337268	28374	True	1
chr13_45337288_45337289	chr13	45337288	45337289	37745	True	1
chr13_45337367_45337368	chr13	45337367	45337368	32741	True	1
chr13_45337387_45337388	chr13	45337387	45337388	31056	True	6
chr13_45337517_45337518	chr13	45337517	45337518	52434	True	3
chr13_45337526_45337527	chr13	45337526	45337527	52434	True	3
chr13_45337547_45337548	chr13	45337547	45337548	52402	True	3
chr13_45337568_45337569	chr13	45337568	45337569	52401	True	3
chr13_45337581_45337582	chr13	45337581	45337582	52416	True	3
chr13_45337610_45337611	chr13	45337610	45337611	52631	True	3
chr13_45338678_45338679	chr13	45338678	45338679	10568	True	6
chr13_45338732_45338733	chr13	45338732	45338733	10894	True	6
chr13_45339514_45339515	chr13	45339514	45339515	7730	True	6
chr13_45339601_45339602	chr13	45339601	45339602	7836	True	6
chr13_45340010_45340011	chr13	45340010	45340011	17697	True	6
chr13_45340037_45340038	chr13	45340037	45340038	23047	True	6
chr13_45340064_45340065	chr13	45340064	45340065	24884	True	6
chr13_45340089_45340090	chr13	45340089	45340090	25635	True	6
chr13_45340759_45340760	chr13	45340759	45340760	12969	True	3
chr13_45341064_45341065	chr13	45341064	45341065	20552	True	6
chr13_45341080_45341081	chr13	45341080	45341081	22849	True	6
chr13_45341108_45341109	chr13	45341108	45341109	32104	True	1
chr13_45341184_45341185	chr13	45341184	45341185	19607	True	1
chr13_46374591_46374592	chr13	46374591	46374592	17282	True	3
chr13_48256228_48256229	chr13	48256228	48256229	3929	True	4
chr13_50049049_50049050	chr13	50049049	50049050	5883	True	2
chr13_50049189_50049190	chr13	50049189	50049190	3648	True	2
chr13_50659546_50659547	chr13	50659546	50659547	0	False	NA
chr13_52177942_52177943	chr13	52177942	52177943	118	False	NA
chr13_70024131_70024132	chr13	70024131	70024132	6	False	NA
chr13_76756052_76756053	chr13	76756052	76756053	0	False	NA
chr13_78530745_78530746	chr13	78530745	78530746	0	False	NA
chr13_81691000_81691001	chr13	81691000	81691001	220	True	2
chr13_81691059_81691060	chr13	81691059	81691060	185	False	NA
chr13_82964532_82964533	chr13	82964532	82964533	6	False	NA
chr13_91350616_91350617	chr13	91350616	91350617	13241	True	1
chr13_91350653_91350654	chr13	91350653	91350654	11949	True	1
chr13_91350754_91350755	chr13	91350754	91350755	9261	True	1
chr13_91350936_91350937	chr13	91350936	91350937	20029	True	1
chr13_91351070_91351071	chr13	91351070	91351071	13883	True	1
chr13_91351130_91351131	chr13	91351130	91351131	8601	True	1
chr13_91351359_91351360	chr13	91351359	91351360	18801	True	3
chr13_94651426_94651427	chr13	94651426	94651427	73	False	NA
chr13_97997561_97997562	chr13	97997561	97997562	2619	True	4
chr13_98006232_98006233	chr13	98006232	98006233	4501	True	3
chr13_98010203_98010204	chr13	98010203	98010204	2559	True	4
chr13_98015572_98015573	chr13	98015572	98015573	2344	True	4
chr13_98015617_98015618	chr13	98015617	98015618	2318	True	4
chr13_98018585_98018586	chr13	98018585	98018586	3613	True	3
chr13_98203988_98203989	chr13	98203988	98203989	812	True	2
chr13_107320964_107320965	chr13	107320964	107320965	0	False	NA
chr13_107374804_107374805	chr13	107374804	107374805	0	False	NA
chr13_110703765_110703766	chr13	110703765	110703766	5	False	NA
chr13_112534868_112534869	chr13	112534868	112534869	105	False	NA
chr13_113177690_113177691	chr13	113177690	113177691	778	True	2
chr13_113254744_113254745	chr13	113254744	113254745	607	True	4
chr13_113264367_113264368	chr13	113264367	113264368	918	True	2
chr13_113309817_113309818	chr13	113309817	113309818	940	True	4
chr13_113309840_113309841	chr13	113309840	113309841	823	True	4
chr13_113321565_113321566	chr13	113321565	113321566	899	True	4
chr13_113321615_113321616	chr13	113321615	113321616	1712	True	4
chr13_113322907_113322908	chr13	113322907	113322908	3250	True	4
chr13_113322940_113322941	chr13	113322940	113322941	2602	True	4
chr14_20323203_20323204	chr14	20323203	20323204	55565	True	3
chr14_20323252_20323253	chr14	20323252	20323253	65907	True	3
chr14_20323268_20323269	chr14	20323268	20323269	65902	True	3
chr14_20323283_20323284	chr14	20323283	20323284	65894	True	3
chr14_20323329_20323330	chr14	20323329	20323330	63130	True	3
chr14_20326504_20326505	chr14	20326504	20326505	3285	True	3
chr14_20326524_20326525	chr14	20326524	20326525	3285	True	3
chr14_20343097_20343098	chr14	20343097	20343098	79329	True	1
chr14_20343116_20343117	chr14	20343116	20343117	87348	True	1
chr14_20343141_20343142	chr14	20343141	20343142	218678	True	1
chr14_20343167_20343168	chr14	20343167	20343168	219711	True	1
chr14_20343210_20343211	chr14	20343210	20343211	337223	True	1
chr14_20343241_20343242	chr14	20343241	20343242	471340	True	1
chr14_20343263_20343264	chr14	20343263	20343264	893887	True	6
chr14_20343287_20343288	chr14	20343287	20343288	852397	True	1
chr14_20343352_20343353	chr14	20343352	20343353	840217	True	1
chr14_20343391_20343392	chr14	20343391	20343392	825736	True	1
chr14_20343412_20343413	chr14	20343412	20343413	713213	True	1
chr14_20609351_20609352	chr14	20609351	20609352	42831	True	3
chr14_21210972_21210973	chr14	21210972	21210973	591	True	4
chr14_21211431_21211432	chr14	21211431	21211432	8859	True	3
chr14_21211835_21211836	chr14	21211835	21211836	5096	True	3
chr14_21211899_21211900	chr14	21211899	21211900	5006	True	3
chr14_21213026_21213027	chr14	21213026	21213027	2456	True	3
chr14_21230355_21230356	chr14	21230355	21230356	3055	True	3
chr14_21234206_21234207	chr14	21234206	21234207	7072	True	3
chr14_21234227_21234228	chr14	21234227	21234228	7087	True	3
chr14_21263325_21263326	chr14	21263325	21263326	5181	True	5
chr14_21269425_21269426	chr14	21269425	21269426	8439	True	3
chr14_21392172_21392173	chr14	21392172	21392173	8158	True	4
chr14_21392204_21392205	chr14	21392204	21392205	8150	True	4
chr14_21392230_21392231	chr14	21392230	21392231	8155	True	4
chr14_21392256_21392257	chr14	21392256	21392257	8176	True	4
chr14_21397343_21397344	chr14	21397343	21397344	26636	True	3
chr14_21397402_21397403	chr14	21397402	21397403	26636	True	3
chr14_23325270_23325271	chr14	23325270	23325271	16061	True	3
chr14_24158663_24158664	chr14	24158663	24158664	1610	True	4
chr14_29172408_29172409	chr14	29172408	29172409	0	False	NA
chr14_30791918_30791919	chr14	30791918	30791919	0	False	NA
chr14_33776510_33776511	chr14	33776510	33776511	6889	True	2
chr14_34568672_34568673	chr14	34568672	34568673	119	False	NA
chr14_34568692_34568693	chr14	34568692	34568693	119	False	NA
chr14_35762933_35762934	chr14	35762933	35762934	21428	True	4
chr14_36651619_36651620	chr14	36651619	36651620	100	False	NA
chr14_45110885_45110886	chr14	45110885	45110886	3440	True	3
chr14_45110925_45110926	chr14	45110925	45110926	3407	True	3
chr14_49583645_49583646	chr14	49583645	49583646	5588	True	1
chr14_49585959_49585960	chr14	49585959	49585960	2522	True	3
chr14_49586002_49586003	chr14	49586002	49586003	2569	True	3
chr14_49586375_49586376	chr14	49586375	49586376	16157	True	1
chr14_49586578_49586579	chr14	49586578	49586579	1121	True	4
chr14_49586791_49586792	chr14	49586791	49586792	18533	True	3
chr14_49586814_49586815	chr14	49586814	49586815	18538	True	3
chr14_49586840_49586841	chr14	49586840	49586841	18538	True	3
chr14_49862593_49862594	chr14	49862593	49862594	21135	True	3
chr14_49862614_49862615	chr14	49862614	49862615	21135	True	3
chr14_49862635_49862636	chr14	49862635	49862636	21135	True	3
chr14_49862650_49862651	chr14	49862650	49862651	21111	True	3
chr14_49862680_49862681	chr14	49862680	49862681	21104	True	3
chr14_49862851_49862852	chr14	49862851	49862852	337	True	2
chr14_51991333_51991334	chr14	51991333	51991334	1472	True	4
chr14_52004642_52004643	chr14	52004642	52004643	690	True	2
chr14_56126772_56126773	chr14	56126772	56126773	101	False	NA
chr14_58239933_58239934	chr14	58239933	58239934	45544	True	1
chr14_58239972_58239973	chr14	58239972	58239973	45544	True	1
chr14_58271925_58271926	chr14	58271925	58271926	2126	True	1
chr14_61695801_61695802	chr14	61695801	61695802	2325	True	4
chr14_61720389_61720390	chr14	61720389	61720390	838	True	4
chr14_61720456_61720457	chr14	61720456	61720457	1006	True	4
chr14_61726756_61726757	chr14	61726756	61726757	742	True	4
chr14_61734150_61734151	chr14	61734150	61734151	670	True	4
chr14_61736907_61736908	chr14	61736907	61736908	510	True	4
chr14_61737088_61737089	chr14	61737088	61737089	1080	True	4
chr14_61738126_61738127	chr14	61738126	61738127	881	True	4
chr14_61738302_61738303	chr14	61738302	61738303	480	True	4
chr14_61741063_61741064	chr14	61741063	61741064	633	True	4
chr14_61744796_61744797	chr14	61744796	61744797	280	True	2
chr14_61745699_61745700	chr14	61745699	61745700	336	True	4
chr14_61745741_61745742	chr14	61745741	61745742	597	True	4
chr14_61747103_61747104	chr14	61747103	61747104	2524	True	2
chr14_61748153_61748154	chr14	61748153	61748154	1656	True	2
chr14_69380506_69380507	chr14	69380506	69380507	8956	True	1
chr14_69387035_69387036	chr14	69387035	69387036	3333	True	5
chr14_69771602_69771603	chr14	69771602	69771603	22478	True	5
chr14_69879485_69879486	chr14	69879485	69879486	800	True	4
chr14_69992399_69992400	chr14	69992399	69992400	384	True	2
chr14_70023262_70023263	chr14	70023262	70023263	386	True	2
chr14_70023295_70023296	chr14	70023295	70023296	375	True	2
chr14_70023315_70023316	chr14	70023315	70023316	531	True	4
chr14_70023366_70023367	chr14	70023366	70023367	459	True	4
chr14_70030428_70030429	chr14	70030428	70030429	665	True	2
chr14_70030558_70030559	chr14	70030558	70030559	1354	True	2
chr14_70361064_70361065	chr14	70361064	70361065	18	False	NA
chr14_70815363_70815364	chr14	70815363	70815364	141	False	NA
chr14_73588860_73588861	chr14	73588860	73588861	5298	True	2
chr14_75147697_75147698	chr14	75147697	75147698	710	True	4
chr14_75604172_75604173	chr14	75604172	75604173	1744	True	5
chr14_75604209_75604210	chr14	75604209	75604210	1744	True	5
chr14_77715816_77715817	chr14	77715816	77715817	3421	True	3
chr14_77717506_77717507	chr14	77717506	77717507	1391	True	5
chr14_77717522_77717523	chr14	77717522	77717523	1620	True	5
chr14_78949536_78949537	chr14	78949536	78949537	0	False	NA
chr14_79088610_79088611	chr14	79088610	79088611	0	False	NA
chr14_81202729_81202730	chr14	81202729	81202730	9284	True	3
chr14_81202770_81202771	chr14	81202770	81202771	9778	True	3
chr14_81202792_81202793	chr14	81202792	81202793	9769	True	3
chr14_81202838_81202839	chr14	81202838	81202839	9294	True	3
chr14_81939002_81939003	chr14	81939002	81939003	104	False	NA
chr14_89712508_89712509	chr14	89712508	89712509	2911	True	4
chr14_89712567_89712568	chr14	89712567	89712568	6034	True	4
chr14_90404481_90404482	chr14	90404481	90404482	1567	True	4
chr14_90404732_90404733	chr14	90404732	90404733	2826	True	4
chr14_90404813_90404814	chr14	90404813	90404814	3609	True	1
chr14_90405445_90405446	chr14	90405445	90405446	2149	True	4
chr14_95533385_95533386	chr14	95533385	95533386	114304	True	5
chr14_95533406_95533407	chr14	95533406	95533407	174063	True	5
chr14_95533419_95533420	chr14	95533419	95533420	179084	True	5
chr14_95533444_95533445	chr14	95533444	95533445	179287	True	5
chr14_95533454_95533455	chr14	95533454	95533455	184224	True	5
chr14_95533476_95533477	chr14	95533476	95533477	209547	True	5
chr14_95533496_95533497	chr14	95533496	95533497	196479	True	5
chr14_95533511_95533512	chr14	95533511	95533512	171376	True	5
chr14_95533531_95533532	chr14	95533531	95533532	159045	True	5
chr14_95533562_95533563	chr14	95533562	95533563	127466	True	3
chr14_95533586_95533587	chr14	95533586	95533587	120418	True	3
chr14_95533629_95533630	chr14	95533629	95533630	55782	True	3
chr14_96384663_96384664	chr14	96384663	96384664	4020	True	4
chr14_96384716_96384717	chr14	96384716	96384717	4229	True	4
chr14_99583065_99583066	chr14	99583065	99583066	26374	True	5
chr14_100537311_100537312	chr14	100537311	100537312	0	False	NA
chr14_100897919_100897920	chr14	100897919	100897920	0	False	NA
chr14_100897940_100897941	chr14	100897940	100897941	0	False	NA
chr14_100897965_100897966	chr14	100897965	100897966	0	False	NA
chr14_100929919_100929920	chr14	100929919	100929920	0	False	NA
chr14_100936491_100936492	chr14	100936491	100936492	0	False	NA
chr14_100936512_100936513	chr14	100936512	100936513	0	False	NA
chr14_100938186_100938187	chr14	100938186	100938187	13	False	NA
chr14_100938228_100938229	chr14	100938228	100938229	13	False	NA
chr14_100939555_100939556	chr14	100939555	100939556	0	False	NA
chr14_100939576_100939577	chr14	100939576	100939577	0	False	NA
chr14_100941127_100941128	chr14	100941127	100941128	0	False	NA
chr14_100941164_100941165	chr14	100941164	100941165	0	False	NA
chr14_100943451_100943452	chr14	100943451	100943452	0	False	NA
chr14_100945649_100945650	chr14	100945649	100945650	0	False	NA
chr14_100945665_100945666	chr14	100945665	100945666	0	False	NA
chr14_100949834_100949835	chr14	100949834	100949835	0	False	NA
chr14_100949873_100949874	chr14	100949873	100949874	0	False	NA
chr14_100953349_100953350	chr14	100953349	100953350	27	False	NA
chr14_100953397_100953398	chr14	100953397	100953398	27	False	NA
chr14_100966030_100966031	chr14	100966030	100966031	0	False	NA
chr14_100966062_100966063	chr14	100966062	100966063	0	False	NA
chr14_100968948_100968949	chr14	100968948	100968949	0	False	NA
chr14_100968980_100968981	chr14	100968980	100968981	0	False	NA
chr14_100969903_100969904	chr14	100969903	100969904	0	False	NA
chr14_100972102_100972103	chr14	100972102	100972103	0	False	NA
chr14_100972703_100972704	chr14	100972703	100972704	0	False	NA
chr14_100972715_100972716	chr14	100972715	100972716	0	False	NA
chr14_100974805_100974806	chr14	100974805	100974806	0	False	NA
chr14_100974821_100974822	chr14	100974821	100974822	0	False	NA
chr14_100981175_100981176	chr14	100981175	100981176	6	False	NA
chr14_100981974_100981975	chr14	100981974	100981975	0	False	NA
chr14_100982926_100982927	chr14	100982926	100982927	0	False	NA
chr14_100982941_100982942	chr14	100982941	100982942	0	False	NA
chr14_100982958_100982959	chr14	100982958	100982959	0	False	NA
chr14_100982971_100982972	chr14	100982971	100982972	0	False	NA
chr14_100983876_100983877	chr14	100983876	100983877	0	False	NA
chr14_100986057_100986058	chr14	100986057	100986058	0	False	NA
chr14_100986071_100986072	chr14	100986071	100986072	0	False	NA
chr14_100986090_100986091	chr14	100986090	100986091	0	False	NA
chr14_100987046_100987047	chr14	100987046	100987047	0	False	NA
chr14_100989131_100989132	chr14	100989131	100989132	0	False	NA
chr14_100989164_100989165	chr14	100989164	100989165	0	False	NA
chr14_101001672_101001673	chr14	101001672	101001673	0	False	NA
chr14_101040267_101040268	chr14	101040267	101040268	0	False	NA
chr14_101062092_101062093	chr14	101062092	101062093	10	False	NA
chr14_102081135_102081136	chr14	102081135	102081136	7384	True	5
chr14_102081173_102081174	chr14	102081173	102081174	7325	True	5
chr14_102081305_102081306	chr14	102081305	102081306	13679	True	1
chr14_102081383_102081384	chr14	102081383	102081384	21236	True	1
chr14_102081491_102081492	chr14	102081491	102081492	18751	True	1
chr14_102081622_102081623	chr14	102081622	102081623	20539	True	1
chr14_102081635_102081636	chr14	102081635	102081636	21075	True	1
chr14_102081656_102081657	chr14	102081656	102081657	21903	True	1
chr14_102081714_102081715	chr14	102081714	102081715	29860	True	1
chr14_102081747_102081748	chr14	102081747	102081748	19882	True	1
chr14_102081774_102081775	chr14	102081774	102081775	19075	True	1
chr14_102081790_102081791	chr14	102081790	102081791	18126	True	1
chr14_102081818_102081819	chr14	102081818	102081819	13963	True	5
chr14_102082201_102082202	chr14	102082201	102082202	10243	True	3
chr14_102082305_102082306	chr14	102082305	102082306	4444	True	3
chr14_102082391_102082392	chr14	102082391	102082392	8094	True	5
chr14_102083089_102083090	chr14	102083089	102083090	26798	True	3
chr14_102083131_102083132	chr14	102083131	102083132	27295	True	3
chr14_102083168_102083169	chr14	102083168	102083169	24389	True	3
chr14_102083201_102083202	chr14	102083201	102083202	21005	True	3
chr14_102083278_102083279	chr14	102083278	102083279	9756	True	3
chr14_102083555_102083556	chr14	102083555	102083556	4930	True	3
chr14_102083647_102083648	chr14	102083647	102083648	7575	True	3
chr14_102083689_102083690	chr14	102083689	102083690	6848	True	3
chr14_102083822_102083823	chr14	102083822	102083823	8216	True	3
chr14_102083860_102083861	chr14	102083860	102083861	9577	True	3
chr14_102083893_102083894	chr14	102083893	102083894	14346	True	3
chr14_102083942_102083943	chr14	102083942	102083943	12194	True	3
chr14_102083978_102083979	chr14	102083978	102083979	8122	True	3
chr14_102084406_102084407	chr14	102084406	102084407	5130	True	3
chr14_102084523_102084524	chr14	102084523	102084524	8669	True	3
chr14_102084727_102084728	chr14	102084727	102084728	35514	True	3
chr14_102084749_102084750	chr14	102084749	102084750	41080	True	3
chr14_102084810_102084811	chr14	102084810	102084811	41494	True	3
chr14_102084876_102084877	chr14	102084876	102084877	39207	True	3
chr14_102084978_102084979	chr14	102084978	102084979	14303	True	3
chr14_102085309_102085310	chr14	102085309	102085310	8713	True	3
chr14_102085403_102085404	chr14	102085403	102085404	10257	True	3
chr14_102085424_102085425	chr14	102085424	102085425	8631	True	3
chr14_102085778_102085779	chr14	102085778	102085779	14556	True	3
chr14_102085826_102085827	chr14	102085826	102085827	14295	True	3
chr14_102085872_102085873	chr14	102085872	102085873	13584	True	3
chr14_102085902_102085903	chr14	102085902	102085903	8425	True	3
chr14_102085933_102085934	chr14	102085933	102085934	4024	True	3
chr14_102086050_102086051	chr14	102086050	102086051	9368	True	3
chr14_102086078_102086079	chr14	102086078	102086079	9662	True	3
chr14_102086118_102086119	chr14	102086118	102086119	9925	True	3
chr14_102086270_102086271	chr14	102086270	102086271	8933	True	5
chr14_102086361_102086362	chr14	102086361	102086362	5638	True	3
chr14_102087046_102087047	chr14	102087046	102087047	7535	True	3
chr14_103337843_103337844	chr14	103337843	103337844	33526	True	3
chr14_103337888_103337889	chr14	103337888	103337889	33559	True	3
chr14_103337903_103337904	chr14	103337903	103337904	33547	True	3
chr14_103337924_103337925	chr14	103337924	103337925	33607	True	3
chr14_103337941_103337942	chr14	103337941	103337942	33643	True	3
chr14_103337956_103337957	chr14	103337956	103337957	26659	True	3
chr14_103386166_103386167	chr14	103386166	103386167	196	False	NA
chr14_103519721_103519722	chr14	103519721	103519722	5475	True	1
chr14_103519762_103519763	chr14	103519762	103519763	5789	True	1
chr14_103519822_103519823	chr14	103519822	103519823	4562	True	1
chr14_103521386_103521387	chr14	103521386	103521387	3145	True	3
chr14_103522166_103522167	chr14	103522166	103522167	2795	True	3
chr14_103921529_103921530	chr14	103921529	103921530	1238	True	3
chr14_106636669_106636670	chr14	106636669	106636670	619	True	2
chr15_22880225_22880226	chr15	22880225	22880226	0	False	NA
chr15_24985101_24985102	chr15	24985101	24985102	3917	True	4
chr15_24985120_24985121	chr15	24985120	24985121	3893	True	4
chr15_25054209_25054210	chr15	25054209	25054210	357	True	2
chr15_25080141_25080142	chr15	25080141	25080142	970	True	2
chr15_25080164_25080165	chr15	25080164	25080165	914	True	2
chr15_25080205_25080206	chr15	25080205	25080206	809	True	2
chr15_25081286_25081287	chr15	25081286	25081287	1699	True	4
chr15_25081308_25081309	chr15	25081308	25081309	1600	True	4
chr15_25081349_25081350	chr15	25081349	25081350	1428	True	4
chr15_25082767_25082768	chr15	25082767	25082768	951	True	4
chr15_25085384_25085385	chr15	25085384	25085385	546	True	4
chr15_25087661_25087662	chr15	25087661	25087662	2525	True	4
chr15_25087685_25087686	chr15	25087685	25087686	2655	True	4
chr15_25087723_25087724	chr15	25087723	25087724	2974	True	4
chr15_25089922_25089923	chr15	25089922	25089923	860	True	4
chr15_25091849_25091850	chr15	25091849	25091850	2293	True	4
chr15_25094036_25094037	chr15	25094036	25094037	2269	True	4
chr15_25094054_25094055	chr15	25094054	25094055	2152	True	4
chr15_25094098_25094099	chr15	25094098	25094099	2131	True	4
chr15_25097662_25097663	chr15	25097662	25097663	2808	True	4
chr15_25101574_25101575	chr15	25101574	25101575	1841	True	4
chr15_34106523_34106524	chr15	34106523	34106524	11	False	NA
chr15_39590556_39590557	chr15	39590556	39590557	550	True	4
chr15_39592772_39592773	chr15	39592772	39592773	626	True	4
chr15_39596795_39596796	chr15	39596795	39596796	531	True	2
chr15_39597297_39597298	chr15	39597297	39597298	1347	True	2
chr15_40036488_40036489	chr15	40036488	40036489	3220	True	3
chr15_40038316_40038317	chr15	40038316	40038317	3867	True	3
chr15_43115688_43115689	chr15	43115688	43115689	43	False	NA
chr15_43753882_43753883	chr15	43753882	43753883	2641	True	4
chr15_43761518_43761519	chr15	43761518	43761519	3219	True	3
chr15_43765476_43765477	chr15	43765476	43765477	4162	True	3
chr15_43765961_43765962	chr15	43765961	43765962	2572	True	3
chr15_43766870_43766871	chr15	43766870	43766871	4651	True	3
chr15_43770314_43770315	chr15	43770314	43770315	2937	True	3
chr15_43770565_43770566	chr15	43770565	43770566	1656	True	4
chr15_43771126_43771127	chr15	43771126	43771127	13007	True	3
chr15_43771168_43771169	chr15	43771168	43771169	19845	True	3
chr15_43771213_43771214	chr15	43771213	43771214	27770	True	3
chr15_43771304_43771305	chr15	43771304	43771305	18913	True	5
chr15_43771377_43771378	chr15	43771377	43771378	13679	True	5
chr15_43771437_43771438	chr15	43771437	43771438	10225	True	1
chr15_43771482_43771483	chr15	43771482	43771483	8774	True	1
chr15_43771495_43771496	chr15	43771495	43771496	8734	True	1
chr15_43792326_43792327	chr15	43792326	43792327	8848	True	3
chr15_43792351_43792352	chr15	43792351	43792352	8944	True	3
chr15_43793053_43793054	chr15	43793053	43793054	17458	True	3
chr15_43793916_43793917	chr15	43793916	43793917	28283	True	1
chr15_43793957_43793958	chr15	43793957	43793958	24189	True	1
chr15_44711514_44711515	chr15	44711514	44711515	6293	True	1
chr15_44711589_44711590	chr15	44711589	44711590	6476	True	1
chr15_44715437_44715438	chr15	44715437	44715438	3601	True	6
chr15_44715488_44715489	chr15	44715488	44715489	5457	True	1
chr15_44715506_44715507	chr15	44715506	44715507	5669	True	1
chr15_44715530_44715531	chr15	44715530	44715531	7875	True	1
chr15_44715551_44715552	chr15	44715551	44715552	8038	True	1
chr15_44715574_44715575	chr15	44715574	44715575	9866	True	1
chr15_44715605_44715606	chr15	44715605	44715606	10066	True	1
chr15_44715623_44715624	chr15	44715623	44715624	9379	True	1
chr15_44715647_44715648	chr15	44715647	44715648	9125	True	1
chr15_44715692_44715693	chr15	44715692	44715693	7272	True	1
chr15_44716348_44716349	chr15	44716348	44716349	1776	True	4
chr15_44717610_44717611	chr15	44717610	44717611	7283	True	1
chr15_44717662_44717663	chr15	44717662	44717663	11277	True	1
chr15_44717805_44717806	chr15	44717805	44717806	12029	True	1
chr15_44717858_44717859	chr15	44717858	44717859	10547	True	1
chr15_44717916_44717917	chr15	44717916	44717917	8579	True	1
chr15_44717951_44717952	chr15	44717951	44717952	8440	True	1
chr15_44717964_44717965	chr15	44717964	44717965	7702	True	1
chr15_44717982_44717983	chr15	44717982	44717983	9133	True	1
chr15_44718015_44718016	chr15	44718015	44718016	9196	True	1
chr15_44718034_44718035	chr15	44718034	44718035	8622	True	1
chr15_44718063_44718064	chr15	44718063	44718064	6729	True	1
chr15_44718108_44718109	chr15	44718108	44718109	4928	True	1
chr15_45198606_45198607	chr15	45198606	45198607	7792	True	5
chr15_45198621_45198622	chr15	45198621	45198622	7792	True	5
chr15_45198696_45198697	chr15	45198696	45198697	4690	True	5
chr15_45200413_45200414	chr15	45200413	45200414	4536	True	3
chr15_45200428_45200429	chr15	45200428	45200429	4536	True	3
chr15_45200501_45200502	chr15	45200501	45200502	2709	True	3
chr15_45354862_45354863	chr15	45354862	45354863	134	False	NA
chr15_47734089_47734090	chr15	47734089	47734090	0	False	NA
chr15_48410133_48410134	chr15	48410133	48410134	49	False	NA
chr15_48425453_48425454	chr15	48425453	48425454	0	False	NA
chr15_48496165_48496166	chr15	48496165	48496166	0	False	NA
chr15_48510065_48510066	chr15	48510065	48510066	0	False	NA
chr15_51869302_51869303	chr15	51869302	51869303	650	True	4
chr15_55249700_55249701	chr15	55249700	55249701	28	False	NA
chr15_55686636_55686637	chr15	55686636	55686637	42	False	NA
chr15_55853490_55853491	chr15	55853490	55853491	677	True	2
chr15_57472877_57472878	chr15	57472877	57472878	5	False	NA
chr15_60347430_60347431	chr15	60347430	60347431	3267	True	5
chr15_60347452_60347453	chr15	60347452	60347453	3909	True	5
chr15_60347494_60347495	chr15	60347494	60347495	4282	True	5
chr15_60349085_60349086	chr15	60349085	60349086	833	True	4
chr15_60351223_60351224	chr15	60351223	60351224	1414	True	3
chr15_60351242_60351243	chr15	60351242	60351243	1433	True	3
chr15_60352420_60352421	chr15	60352420	60352421	364	True	2
chr15_60354182_60354183	chr15	60354182	60354183	1025	True	4
chr15_60364499_60364500	chr15	60364499	60364500	3332	True	3
chr15_60382402_60382403	chr15	60382402	60382403	714	True	4
chr15_60382438_60382439	chr15	60382438	60382439	627	True	4
chr15_61647113_61647114	chr15	61647113	61647114	52	False	NA
chr15_63071287_63071288	chr15	63071287	63071288	2028	True	1
chr15_63156507_63156508	chr15	63156507	63156508	2076	True	4
chr15_64155861_64155862	chr15	64155861	64155862	7490	True	1
chr15_64155881_64155882	chr15	64155881	64155882	7674	True	1
chr15_64155905_64155906	chr15	64155905	64155906	14104	True	1
chr15_64156007_64156008	chr15	64156007	64156008	14883	True	1
chr15_64156738_64156739	chr15	64156738	64156739	5043	True	3
chr15_64156899_64156900	chr15	64156899	64156900	4592	True	3
chr15_64160153_64160154	chr15	64160153	64160154	5787	True	3
chr15_64162079_64162080	chr15	64162079	64162080	5023	True	3
chr15_64162144_64162145	chr15	64162144	64162145	4918	True	3
chr15_64162896_64162897	chr15	64162896	64162897	6909	True	3
chr15_64421017_64421018	chr15	64421017	64421018	0	False	NA
chr15_65285548_65285549	chr15	65285548	65285549	1521	True	2
chr15_65285588_65285589	chr15	65285588	65285589	1521	True	2
chr15_65296049_65296050	chr15	65296049	65296050	70133	True	1
chr15_65296092_65296093	chr15	65296092	65296093	70159	True	1
chr15_65296137_65296138	chr15	65296137	65296138	70461	True	1
chr15_65304675_65304676	chr15	65304675	65304676	88184	True	1
chr15_65304718_65304719	chr15	65304718	65304719	88244	True	1
chr15_65304759_65304760	chr15	65304759	65304760	88261	True	1
chr15_66347236_66347237	chr15	66347236	66347237	14257	True	5
chr15_66347279_66347280	chr15	66347279	66347280	14513	True	5
chr15_66347345_66347346	chr15	66347345	66347346	7373	True	3
chr15_66499473_66499474	chr15	66499473	66499474	31149	True	3
chr15_66499494_66499495	chr15	66499494	66499495	31179	True	3
chr15_66499509_66499510	chr15	66499509	66499510	36206	True	3
chr15_66499524_66499525	chr15	66499524	66499525	36864	True	3
chr15_66499603_66499604	chr15	66499603	66499604	20308	True	3
chr15_66499651_66499652	chr15	66499651	66499652	20513	True	3
chr15_66500121_66500122	chr15	66500121	66500122	7327	True	6
chr15_66500171_66500172	chr15	66500171	66500172	4876	True	6
chr15_66500307_66500308	chr15	66500307	66500308	22954	True	3
chr15_66500332_66500333	chr15	66500332	66500333	22912	True	3
chr15_66500352_66500353	chr15	66500352	66500353	22918	True	3
chr15_66500967_66500968	chr15	66500967	66500968	13884	True	3
chr15_66500994_66500995	chr15	66500994	66500995	13844	True	3
chr15_66501275_66501276	chr15	66501275	66501276	13853	True	1
chr15_66501286_66501287	chr15	66501286	66501287	13815	True	1
chr15_66501299_66501300	chr15	66501299	66501300	13847	True	1
chr15_66501317_66501318	chr15	66501317	66501318	13951	True	1
chr15_66501420_66501421	chr15	66501420	66501421	2043	True	4
chr15_66501447_66501448	chr15	66501447	66501448	2087	True	4
chr15_66501796_66501797	chr15	66501796	66501797	9938	True	3
chr15_66501816_66501817	chr15	66501816	66501817	17386	True	3
chr15_66502041_66502042	chr15	66502041	66502042	24002	True	3
chr15_66502057_66502058	chr15	66502057	66502058	24005	True	3
chr15_66502070_66502071	chr15	66502070	66502071	23774	True	3
chr15_66502092_66502093	chr15	66502092	66502093	23774	True	3
chr15_66502638_66502639	chr15	66502638	66502639	8717	True	5
chr15_66502683_66502684	chr15	66502683	66502684	13495	True	5
chr15_66502752_66502753	chr15	66502752	66502753	23880	True	3
chr15_66502837_66502838	chr15	66502837	66502838	67599	True	5
chr15_66502851_66502852	chr15	66502851	66502852	63195	True	5
chr15_66502865_66502866	chr15	66502865	66502866	63740	True	5
chr15_66502884_66502885	chr15	66502884	66502885	63404	True	5
chr15_66502894_66502895	chr15	66502894	66502895	63409	True	5
chr15_66502913_66502914	chr15	66502913	66502914	63545	True	5
chr15_66503087_66503088	chr15	66503087	66503088	9188	True	3
chr15_66503143_66503144	chr15	66503143	66503144	9004	True	3
chr15_66503159_66503160	chr15	66503159	66503160	8879	True	3
chr15_66503280_66503281	chr15	66503280	66503281	27067	True	6
chr15_66503295_66503296	chr15	66503295	66503296	27191	True	6
chr15_66503314_66503315	chr15	66503314	66503315	31545	True	6
chr15_66503364_66503365	chr15	66503364	66503365	31118	True	6
chr15_66504845_66504846	chr15	66504845	66504846	4884	True	3
chr15_68780469_68780470	chr15	68780469	68780470	7079	True	5
chr15_69030274_69030275	chr15	69030274	69030275	11	False	NA
chr15_69452819_69452820	chr15	69452819	69452820	33351	True	1
chr15_69452859_69452860	chr15	69452859	69452860	39657	True	1
chr15_69452892_69452893	chr15	69452892	69452893	39933	True	1
chr15_69452910_69452911	chr15	69452910	69452911	40020	True	1
chr15_69452932_69452933	chr15	69452932	69452933	20569	True	1
chr15_69452959_69452960	chr15	69452959	69452960	18653	True	1
chr15_69452995_69452996	chr15	69452995	69452996	10833	True	1
chr15_69453013_69453014	chr15	69453013	69453014	9797	True	1
chr15_69453670_69453671	chr15	69453670	69453671	7780	True	3
chr15_69453697_69453698	chr15	69453697	69453698	7734	True	3
chr15_69453714_69453715	chr15	69453714	69453715	7698	True	3
chr15_69455185_69455186	chr15	69455185	69455186	23158	True	1
chr15_69455200_69455201	chr15	69455200	69455201	23167	True	1
chr15_69455230_69455231	chr15	69455230	69455231	22558	True	1
chr15_69455248_69455249	chr15	69455248	69455249	22352	True	1
chr15_69455278_69455279	chr15	69455278	69455279	22161	True	1
chr15_69455432_69455433	chr15	69455432	69455433	10357	True	1
chr15_69455514_69455515	chr15	69455514	69455515	10771	True	1
chr15_71164769_71164770	chr15	71164769	71164770	273	True	2
chr15_72199110_72199111	chr15	72199110	72199111	14595	True	1
chr15_72199152_72199153	chr15	72199152	72199153	17072	True	1
chr15_72199173_72199174	chr15	72199173	72199174	17622	True	1
chr15_72199195_72199196	chr15	72199195	72199196	17734	True	1
chr15_72199324_72199325	chr15	72199324	72199325	9380	True	5
chr15_72199374_72199375	chr15	72199374	72199375	7100	True	5
chr15_72199569_72199570	chr15	72199569	72199570	13164	True	1
chr15_72199589_72199590	chr15	72199589	72199590	11243	True	1
chr15_72199614_72199615	chr15	72199614	72199615	10973	True	1
chr15_72199739_72199740	chr15	72199739	72199740	4438	True	3
chr15_72200485_72200486	chr15	72200485	72200486	4964	True	3
chr15_72200555_72200556	chr15	72200555	72200556	9269	True	3
chr15_72200613_72200614	chr15	72200613	72200614	9119	True	3
chr15_72200648_72200649	chr15	72200648	72200649	7681	True	3
chr15_72202471_72202472	chr15	72202471	72202472	4468	True	3
chr15_72202549_72202550	chr15	72202549	72202550	9643	True	3
chr15_72202580_72202581	chr15	72202580	72202581	8672	True	3
chr15_72202619_72202620	chr15	72202619	72202620	8943	True	3
chr15_72206739_72206740	chr15	72206739	72206740	6013	True	3
chr15_72206865_72206866	chr15	72206865	72206866	5569	True	3
chr15_72207141_72207142	chr15	72207141	72207142	9107	True	3
chr15_72207211_72207212	chr15	72207211	72207212	12807	True	3
chr15_72207225_72207226	chr15	72207225	72207226	12807	True	3
chr15_72207245_72207246	chr15	72207245	72207246	10769	True	3
chr15_72207273_72207274	chr15	72207273	72207274	6210	True	3
chr15_72208654_72208655	chr15	72208654	72208655	9019	True	3
chr15_72208694_72208695	chr15	72208694	72208695	10701	True	3
chr15_72208728_72208729	chr15	72208728	72208729	13090	True	3
chr15_72208875_72208876	chr15	72208875	72208876	6201	True	3
chr15_72209697_72209698	chr15	72209697	72209698	6997	True	3
chr15_72209757_72209758	chr15	72209757	72209758	8139	True	3
chr15_72209796_72209797	chr15	72209796	72209797	5225	True	3
chr15_72210355_72210356	chr15	72210355	72210356	6077	True	5
chr15_72210389_72210390	chr15	72210389	72210390	7061	True	5
chr15_72210462_72210463	chr15	72210462	72210463	6626	True	5
chr15_72210475_72210476	chr15	72210475	72210476	5899	True	5
chr15_72217491_72217492	chr15	72217491	72217492	5769	True	3
chr15_72218953_72218954	chr15	72218953	72218954	7473	True	3
chr15_72218987_72218988	chr15	72218987	72218988	9109	True	3
chr15_72219021_72219022	chr15	72219021	72219022	9655	True	3
chr15_72219104_72219105	chr15	72219104	72219105	4194	True	3
chr15_72231051_72231052	chr15	72231051	72231052	7110	True	3
chr15_72231149_72231150	chr15	72231149	72231150	7589	True	3
chr15_73927671_73927672	chr15	73927671	73927672	5	False	NA
chr15_77046160_77046161	chr15	77046160	77046161	3797	True	4
chr15_77046192_77046193	chr15	77046192	77046193	3612	True	4
chr15_77046363_77046364	chr15	77046363	77046364	2056	True	4
chr15_77196366_77196367	chr15	77196366	77196367	499	True	2
chr15_78342016_78342017	chr15	78342016	78342017	72	False	NA
chr15_78549028_78549029	chr15	78549028	78549029	4988	True	1
chr15_78549104_78549105	chr15	78549104	78549105	3424	True	1
chr15_78860557_78860558	chr15	78860557	78860558	8687	True	1
chr15_78897257_78897258	chr15	78897257	78897258	5431	True	1
chr15_80440505_80440506	chr15	80440505	80440506	0	False	NA
chr15_82372245_82372246	chr15	82372245	82372246	413	True	2
chr15_82536826_82536827	chr15	82536826	82536827	9302	True	1
chr15_82536855_82536856	chr15	82536855	82536856	9152	True	1
chr15_82538309_82538310	chr15	82538309	82538310	4923	True	5
chr15_82538347_82538348	chr15	82538347	82538348	4806	True	5
chr15_82538892_82538893	chr15	82538892	82538893	19445	True	1
chr15_82538983_82538984	chr15	82538983	82538984	19392	True	1
chr15_82540017_82540018	chr15	82540017	82540018	25290	True	1
chr15_82540082_82540083	chr15	82540082	82540083	25200	True	1
chr15_82540430_82540431	chr15	82540430	82540431	12547	True	1
chr15_82540448_82540449	chr15	82540448	82540449	12530	True	1
chr15_82755943_82755944	chr15	82755943	82755944	2186	True	2
chr15_83250537_83250538	chr15	83250537	83250538	0	False	NA
chr15_84669751_84669752	chr15	84669751	84669752	2492	True	1
chr15_88538663_88538664	chr15	88538663	88538664	1989	True	4
chr15_89335103_89335104	chr15	89335103	89335104	16981	True	1
chr15_89335130_89335131	chr15	89335130	89335131	17012	True	1
chr15_90433723_90433724	chr15	90433723	90433724	784	True	4
chr15_90441641_90441642	chr15	90441641	90441642	781	True	4
chr15_90453137_90453138	chr15	90453137	90453138	634	True	4
chr15_90456175_90456176	chr15	90456175	90456176	952	True	4
chr15_90467501_90467502	chr15	90467501	90467502	976	True	4
chr15_90476810_90476811	chr15	90476810	90476811	549	True	4
chr15_90966220_90966221	chr15	90966220	90966221	5251	True	1
chr15_93642035_93642036	chr15	93642035	93642036	0	False	NA
chr15_95784662_95784663	chr15	95784662	95784663	745	True	2
chr15_95784678_95784679	chr15	95784678	95784679	745	True	2
chr15_95784688_95784689	chr15	95784688	95784689	745	True	2
chr15_96166645_96166646	chr15	96166645	96166646	6	False	NA
chr15_96334366_96334367	chr15	96334366	96334367	516	True	4
chr16_444341_444342	chr16	444341	444342	38	False	NA
chr16_1320191_1320192	chr16	1320191	1320192	3094	True	3
chr16_1320238_1320239	chr16	1320238	1320239	2548	True	3
chr16_1587871_1587872	chr16	1587871	1587872	0	False	NA
chr16_1962184_1962185	chr16	1962184	1962185	26737	True	1
chr16_1962199_1962200	chr16	1962199	1962200	26895	True	1
chr16_1962247_1962248	chr16	1962247	1962248	28322	True	1
chr16_1962353_1962354	chr16	1962353	1962354	17250	True	3
chr16_1962366_1962367	chr16	1962366	1962367	24971	True	3
chr16_1962386_1962387	chr16	1962386	1962387	28793	True	3
chr16_1962415_1962416	chr16	1962415	1962416	29043	True	3
chr16_1962440_1962441	chr16	1962440	1962441	27891	True	3
chr16_1962447_1962448	chr16	1962447	1962448	27891	True	3
chr16_1962468_1962469	chr16	1962468	1962469	14900	True	3
chr16_1962994_1962995	chr16	1962994	1962995	41428	True	3
chr16_1963009_1963010	chr16	1963009	1963010	46484	True	3
chr16_1963035_1963036	chr16	1963035	1963036	46699	True	3
chr16_1963057_1963058	chr16	1963057	1963058	46945	True	3
chr16_1963075_1963076	chr16	1963075	1963076	46786	True	3
chr16_1963107_1963108	chr16	1963107	1963108	31803	True	3
chr16_1964827_1964828	chr16	1964827	1964828	4483	True	3
chr16_1965177_1965178	chr16	1965177	1965178	14217	True	3
chr16_1965233_1965234	chr16	1965233	1965234	14047	True	3
chr16_1965276_1965277	chr16	1965276	1965277	14093	True	3
chr16_2155070_2155071	chr16	2155070	2155071	56613	True	3
chr16_2155086_2155087	chr16	2155086	2155087	57463	True	3
chr16_2155106_2155107	chr16	2155106	2155107	57712	True	3
chr16_2253263_2253264	chr16	2253263	2253264	5421	True	1
chr16_2253908_2253909	chr16	2253908	2253909	3022	True	1
chr16_2519720_2519721	chr16	2519720	2519721	6122	True	3
chr16_2520129_2520130	chr16	2520129	2520130	10557	True	1
chr16_2520142_2520143	chr16	2520142	2520143	8556	True	5
chr16_2757940_2757941	chr16	2757940	2757941	6619	True	3
chr16_2758495_2758496	chr16	2758495	2758496	7350	True	3
chr16_2759024_2759025	chr16	2759024	2759025	5439	True	4
chr16_2759381_2759382	chr16	2759381	2759382	4000	True	3
chr16_2759583_2759584	chr16	2759583	2759584	9692	True	3
chr16_2760455_2760456	chr16	2760455	2760456	10146	True	3
chr16_2761740_2761741	chr16	2761740	2761741	14742	True	3
chr16_2763040_2763041	chr16	2763040	2763041	11055	True	3
chr16_2765289_2765290	chr16	2765289	2765290	6536	True	3
chr16_2765745_2765746	chr16	2765745	2765746	5438	True	3
chr16_2767808_2767809	chr16	2767808	2767809	14806	True	5
chr16_2767891_2767892	chr16	2767891	2767892	22588	True	5
chr16_2771096_2771097	chr16	2771096	2771097	23021	True	1
chr16_2771354_2771355	chr16	2771354	2771355	8921	True	1
chr16_2927694_2927695	chr16	2927694	2927695	80	False	NA
chr16_3022321_3022322	chr16	3022321	3022322	1586	True	4
chr16_3120275_3120276	chr16	3120275	3120276	37	False	NA
chr16_3307752_3307753	chr16	3307752	3307753	0	False	NA
chr16_3674432_3674433	chr16	3674432	3674433	1952	True	4
chr16_6018917_6018918	chr16	6018917	6018918	0	False	NA
chr16_6350431_6350432	chr16	6350431	6350432	0	False	NA
chr16_8328444_8328445	chr16	8328444	8328445	0	False	NA
chr16_10931467_10931468	chr16	10931467	10931468	11	False	NA
chr16_11841711_11841712	chr16	11841711	11841712	3861	True	3
chr16_11846588_11846589	chr16	11846588	11846589	4047	True	3
chr16_11872769_11872770	chr16	11872769	11872770	10167	True	1
chr16_11872799_11872800	chr16	11872799	11872800	10560	True	1
chr16_11885251_11885252	chr16	11885251	11885252	1799	True	4
chr16_14304015_14304016	chr16	14304015	14304016	2761	True	2
chr16_15055552_15055553	chr16	15055552	15055553	52	False	NA
chr16_15643299_15643300	chr16	15643299	15643300	408	True	2
chr16_18784759_18784760	chr16	18784759	18784760	4227	True	6
chr16_18788120_18788121	chr16	18788120	18788121	15214	True	6
chr16_18788137_18788138	chr16	18788137	18788138	14946	True	6
chr16_18789035_18789036	chr16	18789035	18789036	10415	True	6
chr16_18790334_18790335	chr16	18790334	18790335	13891	True	1
chr16_18791826_18791827	chr16	18791826	18791827	13171	True	1
chr16_18791852_18791853	chr16	18791852	18791853	13500	True	1
chr16_18793325_18793326	chr16	18793325	18793326	2205	True	5
chr16_18794670_18794671	chr16	18794670	18794671	1953	True	4
chr16_23585407_23585408	chr16	23585407	23585408	1221	True	3
chr16_24860527_24860528	chr16	24860527	24860528	843	True	4
chr16_28239817_28239818	chr16	28239817	28239818	853	True	4
chr16_28723225_28723226	chr16	28723225	28723226	2745	True	4
chr16_29810671_29810672	chr16	29810671	29810672	27625	True	1
chr16_29811073_29811074	chr16	29811073	29811074	9084	True	5
chr16_30065759_30065760	chr16	30065759	30065760	19629	True	3
chr16_30065816_30065817	chr16	30065816	30065817	42115	True	3
chr16_30065862_30065863	chr16	30065862	30065863	42894	True	3
chr16_30067242_30067243	chr16	30067242	30067243	37170	True	3
chr16_30067267_30067268	chr16	30067267	30067268	40816	True	3
chr16_30067473_30067474	chr16	30067473	30067474	23877	True	3
chr16_30067628_30067629	chr16	30067628	30067629	41376	True	3
chr16_30068694_30068695	chr16	30068694	30068695	22851	True	3
chr16_30068908_30068909	chr16	30068908	30068909	37960	True	3
chr16_30069344_30069345	chr16	30069344	30069345	23083	True	3
chr16_30069515_30069516	chr16	30069515	30069516	30772	True	3
chr16_30069536_30069537	chr16	30069536	30069537	42721	True	3
chr16_30069608_30069609	chr16	30069608	30069609	44781	True	3
chr16_30069889_30069890	chr16	30069889	30069890	42995	True	3
chr16_30069917_30069918	chr16	30069917	30069918	55207	True	3
chr16_30069988_30069989	chr16	30069988	30069989	42309	True	3
chr16_30070013_30070014	chr16	30070013	30070014	30055	True	3
chr16_30070139_30070140	chr16	30070139	30070140	39919	True	5
chr16_30070195_30070196	chr16	30070195	30070196	53918	True	5
chr16_30070208_30070209	chr16	30070208	30070209	55294	True	5
chr16_30070242_30070243	chr16	30070242	30070243	70817	True	5
chr16_30070265_30070266	chr16	30070265	30070266	67986	True	5
chr16_30070318_30070319	chr16	30070318	30070319	49247	True	5
chr16_30070360_30070361	chr16	30070360	30070361	41071	True	5
chr16_30419762_30419763	chr16	30419762	30419763	1775	True	4
chr16_30710535_30710536	chr16	30710535	30710536	6075	True	4
chr16_30710630_30710631	chr16	30710630	30710631	6153	True	4
chr16_31090958_31090959	chr16	31090958	31090959	2727	True	4
chr16_31185343_31185344	chr16	31185343	31185344	13197	True	1
chr16_31186826_31186827	chr16	31186826	31186827	15154	True	5
chr16_31189180_31189181	chr16	31189180	31189181	7743	True	5
chr16_31189201_31189202	chr16	31189201	31189202	7546	True	5
chr16_31189745_31189746	chr16	31189745	31189746	8613	True	3
chr16_31190086_31190087	chr16	31190086	31190087	7154	True	3
chr16_31191434_31191435	chr16	31191434	31191435	10137	True	1
chr16_31191475_31191476	chr16	31191475	31191476	13702	True	1
chr16_31191497_31191498	chr16	31191497	31191498	12008	True	1
chr16_33586277_33586278	chr16	33586277	33586278	0	False	NA
chr16_34162988_34162989	chr16	34162988	34162989	20160	True	3
chr16_47504814_47504815	chr16	47504814	47504815	22522	True	3
chr16_47505190_47505191	chr16	47505190	47505191	2160	True	3
chr16_47505237_47505238	chr16	47505237	47505238	4836	True	3
chr16_56609313_56609314	chr16	56609313	56609314	4063	True	5
chr16_56609378_56609379	chr16	56609378	56609379	6933	True	5
chr16_56609413_56609414	chr16	56609413	56609414	6933	True	5
chr16_56627065_56627066	chr16	56627065	56627066	308	True	2
chr16_58261024_58261025	chr16	58261024	58261025	0	False	NA
chr16_58548535_58548536	chr16	58548535	58548536	43725	True	5
chr16_58548567_58548568	chr16	58548567	58548568	43746	True	5
chr16_58548587_58548588	chr16	58548587	58548588	43690	True	3
chr16_58548623_58548624	chr16	58548623	58548624	43591	True	3
chr16_58548635_58548636	chr16	58548635	58548636	42617	True	3
chr16_58559815_58559816	chr16	58559815	58559816	12565	True	3
chr16_58559864_58559865	chr16	58559864	58559865	14943	True	3
chr16_58559896_58559897	chr16	58559896	58559897	14942	True	3
chr16_58559932_58559933	chr16	58559932	58559933	14680	True	3
chr16_61055442_61055443	chr16	61055442	61055443	44	False	NA
chr16_67321754_67321755	chr16	67321754	67321755	4098	True	1
chr16_69710896_69710897	chr16	69710896	69710897	1318	True	2
chr16_69710945_69710946	chr16	69710945	69710946	1715	True	4
chr16_69711245_69711246	chr16	69711245	69711246	831	True	4
chr16_69713109_69713110	chr16	69713109	69713110	1117	True	4
chr16_69726498_69726499	chr16	69726498	69726499	1475	True	4
chr16_69796700_69796701	chr16	69796700	69796701	0	False	NA
chr16_70445397_70445398	chr16	70445397	70445398	4191	True	4
chr16_70529511_70529512	chr16	70529511	70529512	7991	True	3
chr16_70529530_70529531	chr16	70529530	70529531	7991	True	3
chr16_70529550_70529551	chr16	70529550	70529551	7966	True	3
chr16_70529566_70529567	chr16	70529566	70529567	7966	True	3
chr16_70538007_70538008	chr16	70538007	70538008	14315	True	5
chr16_70538043_70538044	chr16	70538043	70538044	14344	True	5
chr16_70538071_70538072	chr16	70538071	70538072	14534	True	5
chr16_71758456_71758457	chr16	71758456	71758457	10496	True	3
chr16_71758483_71758484	chr16	71758483	71758484	10496	True	3
chr16_72932652_72932653	chr16	72932652	72932653	4471	True	4
chr16_77191439_77191440	chr16	77191439	77191440	349	True	2
chr16_78203269_78203270	chr16	78203269	78203270	5	False	NA
chr16_85060353_85060354	chr16	85060353	85060354	44	False	NA
chr16_87384059_87384060	chr16	87384059	87384060	39194	True	1
chr16_87384068_87384069	chr16	87384068	87384069	39194	True	1
chr16_87693805_87693806	chr16	87693805	87693806	0	False	NA
chr16_87706150_87706151	chr16	87706150	87706151	2816	True	4
chr16_87830048_87830049	chr16	87830048	87830049	3820	True	4
chr16_87830070_87830071	chr16	87830070	87830071	3928	True	1
chr16_87830121_87830122	chr16	87830121	87830122	6462	True	1
chr16_87830221_87830222	chr16	87830221	87830222	12574	True	5
chr16_87830286_87830287	chr16	87830286	87830287	13330	True	1
chr16_87830316_87830317	chr16	87830316	87830317	13279	True	1
chr16_87830341_87830342	chr16	87830341	87830342	12001	True	1
chr16_87830361_87830362	chr16	87830361	87830362	14480	True	1
chr16_87830395_87830396	chr16	87830395	87830396	9638	True	1
chr16_87830456_87830457	chr16	87830456	87830457	10064	True	1
chr16_87830514_87830515	chr16	87830514	87830515	9632	True	1
chr16_87830557_87830558	chr16	87830557	87830558	8080	True	5
chr16_87830713_87830714	chr16	87830713	87830714	8239	True	5
chr16_87830854_87830855	chr16	87830854	87830855	5811	True	4
chr16_87830932_87830933	chr16	87830932	87830933	4949	True	4
chr16_87831102_87831103	chr16	87831102	87831103	2978	True	4
chr16_87831305_87831306	chr16	87831305	87831306	8166	True	4
chr16_87831395_87831396	chr16	87831395	87831396	5397	True	4
chr16_87831531_87831532	chr16	87831531	87831532	7245	True	4
chr16_87831607_87831608	chr16	87831607	87831608	7850	True	4
chr16_87831724_87831725	chr16	87831724	87831725	10877	True	1
chr16_87831767_87831768	chr16	87831767	87831768	10475	True	1
chr16_87831838_87831839	chr16	87831838	87831839	12527	True	1
chr16_87831975_87831976	chr16	87831975	87831976	8743	True	4
chr16_87832015_87832016	chr16	87832015	87832016	8197	True	4
chr16_87832209_87832210	chr16	87832209	87832210	4699	True	4
chr16_87832321_87832322	chr16	87832321	87832322	11892	True	5
chr16_87832532_87832533	chr16	87832532	87832533	15074	True	1
chr16_87832600_87832601	chr16	87832600	87832601	17557	True	1
chr16_87832633_87832634	chr16	87832633	87832634	16991	True	1
chr16_87832673_87832674	chr16	87832673	87832674	16819	True	1
chr16_87832697_87832698	chr16	87832697	87832698	19543	True	1
chr16_87832716_87832717	chr16	87832716	87832717	16039	True	1
chr16_87832736_87832737	chr16	87832736	87832737	8100	True	1
chr16_87832796_87832797	chr16	87832796	87832797	9637	True	5
chr16_87832845_87832846	chr16	87832845	87832846	10371	True	5
chr16_87832908_87832909	chr16	87832908	87832909	8719	True	5
chr16_87832940_87832941	chr16	87832940	87832941	9019	True	5
chr16_87832973_87832974	chr16	87832973	87832974	5335	True	4
chr16_87832998_87832999	chr16	87832998	87832999	4041	True	4
chr16_87834421_87834422	chr16	87834421	87834422	2471	True	4
chr16_87834464_87834465	chr16	87834464	87834465	3341	True	4
chr16_87834491_87834492	chr16	87834491	87834492	3881	True	4
chr16_87834569_87834570	chr16	87834569	87834570	3124	True	4
chr16_87836552_87836553	chr16	87836552	87836553	5012	True	5
chr16_87836626_87836627	chr16	87836626	87836627	4350	True	5
chr16_87837892_87837893	chr16	87837892	87837893	4454	True	4
chr16_87837937_87837938	chr16	87837937	87837938	4119	True	4
chr16_87838804_87838805	chr16	87838804	87838805	2646	True	4
chr16_87839802_87839803	chr16	87839802	87839803	3485	True	4
chr16_87840464_87840465	chr16	87840464	87840465	2310	True	4
chr16_87841081_87841082	chr16	87841081	87841082	2910	True	4
chr16_87841124_87841125	chr16	87841124	87841125	2950	True	4
chr16_87869135_87869136	chr16	87869135	87869136	1774	True	4
chr16_87869391_87869392	chr16	87869391	87869392	5034	True	4
chr16_88074568_88074569	chr16	88074568	88074569	11	False	NA
chr16_88474572_88474573	chr16	88474572	88474573	719	True	2
chr16_89541789_89541790	chr16	89541789	89541790	931	True	4
chr16_89561317_89561318	chr16	89561317	89561318	16616	True	3
chr16_89561427_89561428	chr16	89561427	89561428	47786	True	3
chr16_89561443_89561444	chr16	89561443	89561444	46505	True	3
chr16_89561477_89561478	chr16	89561477	89561478	46150	True	3
chr16_89561617_89561618	chr16	89561617	89561618	9099	True	3
chr16_89561644_89561645	chr16	89561644	89561645	8943	True	3
chr16_89562376_89562377	chr16	89562376	89562377	14876	True	5
chr16_89562887_89562888	chr16	89562887	89562888	16397	True	3
chr16_89562907_89562908	chr16	89562907	89562908	16382	True	3
chr17_1124526_1124527	chr17	1124526	1124527	0	False	NA
chr17_1344605_1344606	chr17	1344605	1344606	5388	True	1
chr17_1344658_1344659	chr17	1344658	1344659	17048	True	1
chr17_1344723_1344724	chr17	1344723	1344724	16912	True	1
chr17_1344906_1344907	chr17	1344906	1344907	9676	True	5
chr17_1345344_1345345	chr17	1345344	1345345	5605	True	1
chr17_1345401_1345402	chr17	1345401	1345402	5778	True	1
chr17_1345487_1345488	chr17	1345487	1345488	5555	True	3
chr17_1354236_1354237	chr17	1354236	1354237	4904	True	3
chr17_1354275_1354276	chr17	1354275	1354276	4961	True	3
chr17_1361118_1361119	chr17	1361118	1361119	5576	True	5
chr17_1361141_1361142	chr17	1361141	1361142	5498	True	5
chr17_1361908_1361909	chr17	1361908	1361909	2064	True	4
chr17_1361948_1361949	chr17	1361948	1361949	2169	True	4
chr17_1364875_1364876	chr17	1364875	1364876	8865	True	3
chr17_1364935_1364936	chr17	1364935	1364936	10801	True	3
chr17_1400053_1400054	chr17	1400053	1400054	9525	True	3
chr17_1400206_1400207	chr17	1400206	1400207	10155	True	5
chr17_1679076_1679077	chr17	1679076	1679077	2604	True	4
chr17_1679195_1679196	chr17	1679195	1679196	2277	True	4
chr17_1713936_1713937	chr17	1713936	1713937	1338	True	2
chr17_2329147_2329148	chr17	2329147	2329148	18437	True	3
chr17_2329163_2329164	chr17	2329163	2329164	18421	True	3
chr17_2329193_2329194	chr17	2329193	2329194	18440	True	3
chr17_2329208_2329209	chr17	2329208	2329209	18451	True	3
chr17_2330304_2330305	chr17	2330304	2330305	22438	True	5
chr17_2330321_2330322	chr17	2330321	2330322	22444	True	5
chr17_2330345_2330346	chr17	2330345	2330346	22460	True	5
chr17_2330365_2330366	chr17	2330365	2330366	22422	True	5
chr17_4945682_4945683	chr17	4945682	4945683	4758	True	2
chr17_4945695_4945696	chr17	4945695	4945696	10132	True	1
chr17_4945750_4945751	chr17	4945750	4945751	25335	True	1
chr17_4945795_4945796	chr17	4945795	4945796	32016	True	1
chr17_4945822_4945823	chr17	4945822	4945823	32350	True	1
chr17_4945852_4945853	chr17	4945852	4945853	31397	True	1
chr17_4945882_4945883	chr17	4945882	4945883	29455	True	1
chr17_4945908_4945909	chr17	4945908	4945909	23646	True	1
chr17_4946653_4946654	chr17	4946653	4946654	6420	True	1
chr17_4946702_4946703	chr17	4946702	4946703	9139	True	1
chr17_4946725_4946726	chr17	4946725	4946726	10174	True	1
chr17_4946776_4946777	chr17	4946776	4946777	10663	True	1
chr17_4948275_4948276	chr17	4948275	4948276	11794	True	1
chr17_4948304_4948305	chr17	4948304	4948305	11806	True	1
chr17_4948321_4948322	chr17	4948321	4948322	11941	True	1
chr17_4948345_4948346	chr17	4948345	4948346	12500	True	1
chr17_4948373_4948374	chr17	4948373	4948374	13019	True	1
chr17_4948405_4948406	chr17	4948405	4948406	12957	True	1
chr17_4948444_4948445	chr17	4948444	4948445	14038	True	1
chr17_4948477_4948478	chr17	4948477	4948478	11497	True	1
chr17_4948529_4948530	chr17	4948529	4948530	9423	True	1
chr17_4948565_4948566	chr17	4948565	4948566	7473	True	5
chr17_5418042_5418043	chr17	5418042	5418043	0	False	NA
chr17_5432849_5432850	chr17	5432849	5432850	5180	True	2
chr17_5432884_5432885	chr17	5432884	5432885	4997	True	2
chr17_5432922_5432923	chr17	5432922	5432923	4931	True	4
chr17_5433138_5433139	chr17	5433138	5433139	3574	True	1
chr17_5433160_5433161	chr17	5433160	5433161	3041	True	6
chr17_7014323_7014324	chr17	7014323	7014324	3274	True	5
chr17_7307586_7307587	chr17	7307586	7307587	3846	True	3
chr17_7307661_7307662	chr17	7307661	7307662	5828	True	3
chr17_7309630_7309631	chr17	7309630	7309631	5150	True	5
chr17_7309713_7309714	chr17	7309713	7309714	6595	True	5
chr17_7309765_7309766	chr17	7309765	7309766	3986	True	5
chr17_7311380_7311381	chr17	7311380	7311381	3595	True	3
chr17_7311638_7311639	chr17	7311638	7311639	3239	True	5
chr17_7311898_7311899	chr17	7311898	7311899	21445	True	1
chr17_7311925_7311926	chr17	7311925	7311926	22713	True	1
chr17_7311939_7311940	chr17	7311939	7311940	22605	True	1
chr17_7312122_7312123	chr17	7312122	7312123	10349	True	1
chr17_7312188_7312189	chr17	7312188	7312189	17718	True	1
chr17_7312226_7312227	chr17	7312226	7312227	16902	True	1
chr17_7312296_7312297	chr17	7312296	7312297	13390	True	5
chr17_7312349_7312350	chr17	7312349	7312350	3967	True	5
chr17_7484494_7484495	chr17	7484494	7484495	2424	True	5
chr17_7572830_7572831	chr17	7572830	7572831	8142	True	3
chr17_7574623_7574624	chr17	7574623	7574624	13631	True	3
chr17_7574666_7574667	chr17	7574666	7574667	45902	True	3
chr17_7574711_7574712	chr17	7574711	7574712	131994	True	5
chr17_7574726_7574727	chr17	7574726	7574727	133219	True	5
chr17_7574740_7574741	chr17	7574740	7574741	133100	True	5
chr17_7574745_7574746	chr17	7574745	7574746	133068	True	5
chr17_7574758_7574759	chr17	7574758	7574759	133124	True	5
chr17_7574772_7574773	chr17	7574772	7574773	132517	True	5
chr17_7574789_7574790	chr17	7574789	7574790	132392	True	5
chr17_7574806_7574807	chr17	7574806	7574807	132472	True	5
chr17_7574827_7574828	chr17	7574827	7574828	115507	True	5
chr17_7576547_7576548	chr17	7576547	7576548	6256	True	3
chr17_7576645_7576646	chr17	7576645	7576646	8343	True	3
chr17_7576686_7576687	chr17	7576686	7576687	5714	True	3
chr17_7576809_7576810	chr17	7576809	7576810	92104	True	3
chr17_7576827_7576828	chr17	7576827	7576828	94589	True	3
chr17_7576882_7576883	chr17	7576882	7576883	95413	True	5
chr17_7576899_7576900	chr17	7576899	7576900	95277	True	5
chr17_7576917_7576918	chr17	7576917	7576918	74293	True	5
chr17_7576934_7576935	chr17	7576934	7576935	51950	True	5
chr17_7577138_7577139	chr17	7577138	7577139	2166	True	4
chr17_7577418_7577419	chr17	7577418	7577419	7165	True	3
chr17_7577596_7577597	chr17	7577596	7577597	5421	True	3
chr17_7577689_7577690	chr17	7577689	7577690	5270	True	3
chr17_7577861_7577862	chr17	7577861	7577862	21968	True	3
chr17_7577953_7577954	chr17	7577953	7577954	112423	True	5
chr17_7577984_7577985	chr17	7577984	7577985	148249	True	5
chr17_7577999_7578000	chr17	7577999	7578000	147884	True	5
chr17_7578005_7578006	chr17	7578005	7578006	147737	True	5
chr17_7578015_7578016	chr17	7578015	7578016	147763	True	5
chr17_7578039_7578040	chr17	7578039	7578040	147678	True	5
chr17_7578059_7578060	chr17	7578059	7578060	132425	True	5
chr17_7578198_7578199	chr17	7578198	7578199	3748	True	3
chr17_7578221_7578222	chr17	7578221	7578222	3091	True	3
chr17_7578541_7578542	chr17	7578541	7578542	3481	True	3
chr17_7578931_7578932	chr17	7578931	7578932	2879	True	2
chr17_7906062_7906063	chr17	7906062	7906063	3250	True	4
chr17_7906087_7906088	chr17	7906087	7906088	4129	True	4
chr17_7906116_7906117	chr17	7906116	7906117	4741	True	4
chr17_7906240_7906241	chr17	7906240	7906241	4697	True	4
chr17_7906259_7906260	chr17	7906259	7906260	4411	True	4
chr17_7906271_7906272	chr17	7906271	7906272	3948	True	4
chr17_8147685_8147686	chr17	8147685	8147686	329	True	2
chr17_8173506_8173507	chr17	8173506	8173507	693220	True	1
chr17_8173525_8173526	chr17	8173525	8173526	693198	True	1
chr17_8173538_8173539	chr17	8173538	8173539	693095	True	1
chr17_8173558_8173559	chr17	8173558	8173559	692467	True	1
chr17_8173567_8173568	chr17	8173567	8173568	690573	True	1
chr17_8173589_8173590	chr17	8173589	8173590	650260	True	1
chr17_8220884_8220885	chr17	8220884	8220885	3053	True	2
chr17_8222848_8222849	chr17	8222848	8222849	44724	True	4
chr17_8227006_8227007	chr17	8227006	8227007	2952	True	5
chr17_8377587_8377588	chr17	8377587	8377588	16401	True	6
chr17_8377601_8377602	chr17	8377601	8377602	16351	True	6
chr17_8377626_8377627	chr17	8377626	8377627	16222	True	6
chr17_8377650_8377651	chr17	8377650	8377651	16227	True	6
chr17_8377681_8377682	chr17	8377681	8377682	16236	True	6
chr17_8379807_8379808	chr17	8379807	8379808	254	True	2
chr17_8382189_8382190	chr17	8382189	8382190	9523	True	1
chr17_8382208_8382209	chr17	8382208	8382209	9421	True	1
chr17_8382256_8382257	chr17	8382256	8382257	9394	True	6
chr17_8382301_8382302	chr17	8382301	8382302	7758	True	6
chr17_8383195_8383196	chr17	8383195	8383196	3031	True	6
chr17_10355883_10355884	chr17	10355883	10355884	371	True	2
chr17_11537365_11537366	chr17	11537365	11537366	0	False	NA
chr17_15707845_15707846	chr17	15707845	15707846	241	True	2
chr17_16381091_16381092	chr17	16381091	16381092	18761	True	3
chr17_16381123_16381124	chr17	16381123	16381124	18809	True	3
chr17_16381929_16381930	chr17	16381929	16381930	7836	True	3
chr17_16382082_16382083	chr17	16382082	16382083	6574	True	3
chr17_16382198_16382199	chr17	16382198	16382199	4953	True	3
chr17_16382402_16382403	chr17	16382402	16382403	4304	True	3
chr17_16382639_16382640	chr17	16382639	16382640	3734	True	1
chr17_16439038_16439039	chr17	16439038	16439039	12822	True	5
chr17_16439503_16439504	chr17	16439503	16439504	15087	True	5
chr17_16439519_16439520	chr17	16439519	16439520	15273	True	5
chr17_16439537_16439538	chr17	16439537	16439538	15518	True	3
chr17_16439559_16439560	chr17	16439559	16439560	14900	True	3
chr17_16439825_16439826	chr17	16439825	16439826	4248	True	4
chr17_16440009_16440010	chr17	16440009	16440010	27322	True	3
chr17_16440034_16440035	chr17	16440034	16440035	27583	True	3
chr17_16440050_16440051	chr17	16440050	16440051	27515	True	3
chr17_16440072_16440073	chr17	16440072	16440073	27857	True	3
chr17_16440209_16440210	chr17	16440209	16440210	10833	True	1
chr17_16441222_16441223	chr17	16441222	16441223	40046	True	3
chr17_16441234_16441235	chr17	16441234	16441235	39762	True	3
chr17_16441241_16441242	chr17	16441241	16441242	39715	True	3
chr17_16441255_16441256	chr17	16441255	16441256	39507	True	3
chr17_16441268_16441269	chr17	16441268	16441269	39966	True	3
chr17_16441524_16441525	chr17	16441524	16441525	37468	True	1
chr17_16441590_16441591	chr17	16441590	16441591	41125	True	1
chr17_16441650_16441651	chr17	16441650	16441651	54499	True	1
chr17_16441871_16441872	chr17	16441871	16441872	12550	True	1
chr17_16441967_16441968	chr17	16441967	16441968	7495	True	1
chr17_19061910_19061911	chr17	19061910	19061911	466	True	2
chr17_19061944_19061945	chr17	19061944	19061945	501	True	2
chr17_19112431_19112432	chr17	19112431	19112432	174	False	NA
chr17_19112586_19112587	chr17	19112586	19112587	2195	True	4
chr17_19112636_19112637	chr17	19112636	19112637	2195	True	4
chr17_19188014_19188015	chr17	19188014	19188015	450306	True	6
chr17_19188045_19188046	chr17	19188045	19188046	452137	True	6
chr17_19188085_19188086	chr17	19188085	19188086	452137	True	6
chr17_19190173_19190174	chr17	19190173	19190174	3579	True	4
chr17_19190215_19190216	chr17	19190215	19190216	3502	True	4
chr17_19190246_19190247	chr17	19190246	19190247	3112	True	4
chr17_19508213_19508214	chr17	19508213	19508214	4140	True	1
chr17_20999851_20999852	chr17	20999851	20999852	2069	True	4
chr17_21206752_21206753	chr17	21206752	21206753	64	False	NA
chr17_28719994_28719995	chr17	28719994	28719995	1611	True	4
chr17_28720549_28720550	chr17	28720549	28720550	48032	True	5
chr17_28720572_28720573	chr17	28720572	28720573	48125	True	5
chr17_28720594_28720595	chr17	28720594	28720595	48198	True	5
chr17_28722582_28722583	chr17	28722582	28722583	10714	True	3
chr17_28722599_28722600	chr17	28722599	28722600	10730	True	3
chr17_28722614_28722615	chr17	28722614	28722615	11074	True	3
chr17_28722633_28722634	chr17	28722633	28722634	11074	True	3
chr17_28722824_28722825	chr17	28722824	28722825	33500	True	6
chr17_28723428_28723429	chr17	28723428	28723429	11110	True	3
chr17_28723450_28723451	chr17	28723450	28723451	11297	True	3
chr17_28723682_28723683	chr17	28723682	28723683	16495	True	5
chr17_28723700_28723701	chr17	28723700	28723701	16637	True	5
chr17_28723721_28723722	chr17	28723721	28723722	16728	True	5
chr17_29153938_29153939	chr17	29153938	29153939	27	False	NA
chr17_29264261_29264262	chr17	29264261	29264262	3973	True	1
chr17_30117093_30117094	chr17	30117093	30117094	7740	True	2
chr17_30117129_30117130	chr17	30117129	30117130	7783	True	2
chr17_30203182_30203183	chr17	30203182	30203183	15	False	NA
chr17_31560048_31560049	chr17	31560048	31560049	165	False	NA
chr17_32350261_32350262	chr17	32350261	32350262	10049	True	3
chr17_32525607_32525608	chr17	32525607	32525608	1292	True	2
chr17_32876718_32876719	chr17	32876718	32876719	200	True	2
chr17_35573655_35573656	chr17	35573655	35573656	5065	True	3
chr17_35573734_35573735	chr17	35573734	35573735	4874	True	3
chr17_35847086_35847087	chr17	35847086	35847087	6707	True	1
chr17_36885477_36885478	chr17	36885477	36885478	0	False	NA
chr17_38850175_38850176	chr17	38850175	38850176	14573	True	5
chr17_38850205_38850206	chr17	38850205	38850206	14469	True	5
chr17_38850412_38850413	chr17	38850412	38850413	19184	True	1
chr17_38850441_38850442	chr17	38850441	38850442	19156	True	1
chr17_38850458_38850459	chr17	38850458	38850459	19095	True	1
chr17_38850474_38850475	chr17	38850474	38850475	18924	True	1
chr17_38851661_38851662	chr17	38851661	38851662	1780	True	4
chr17_38852633_38852634	chr17	38852633	38852634	10420	True	3
chr17_38852678_38852679	chr17	38852678	38852679	10850	True	3
chr17_38852697_38852698	chr17	38852697	38852698	10933	True	3
chr17_38852714_38852715	chr17	38852714	38852715	9394	True	3
chr17_38852882_38852883	chr17	38852882	38852883	49428	True	3
chr17_38852897_38852898	chr17	38852897	38852898	55576	True	3
chr17_38852916_38852917	chr17	38852916	38852917	55684	True	5
chr17_38852945_38852946	chr17	38852945	38852946	61014	True	1
chr17_38852958_38852959	chr17	38852958	38852959	61266	True	1
chr17_38852986_38852987	chr17	38852986	38852987	72653	True	1
chr17_38852997_38852998	chr17	38852997	38852998	65339	True	1
chr17_38853043_38853044	chr17	38853043	38853044	48211	True	1
chr17_38853730_38853731	chr17	38853730	38853731	29677	True	1
chr17_39153749_39153750	chr17	39153749	39153750	3641	True	3
chr17_39200317_39200318	chr17	39200317	39200318	12076	True	3
chr17_39201280_39201281	chr17	39201280	39201281	18830	True	3
chr17_39203087_39203088	chr17	39203087	39203088	20066	True	6
chr17_39204132_39204133	chr17	39204132	39204133	6825	True	3
chr17_39204548_39204549	chr17	39204548	39204549	35786	True	3
chr17_39204590_39204591	chr17	39204590	39204591	40642	True	3
chr17_39204618_39204619	chr17	39204618	39204619	40368	True	3
chr17_39204643_39204644	chr17	39204643	39204644	36220	True	3
chr17_40027598_40027599	chr17	40027598	40027599	7739	True	3
chr17_40027635_40027636	chr17	40027635	40027636	7548	True	3
chr17_40388587_40388588	chr17	40388587	40388588	3485	True	1
chr17_40392621_40392622	chr17	40392621	40392622	4580	True	3
chr17_40392706_40392707	chr17	40392706	40392707	4858	True	3
chr17_40404830_40404831	chr17	40404830	40404831	4821	True	3
chr17_40411157_40411158	chr17	40411157	40411158	3724	True	3
chr17_40411436_40411437	chr17	40411436	40411437	2937	True	3
chr17_40412901_40412902	chr17	40412901	40412902	6721	True	3
chr17_40454008_40454009	chr17	40454008	40454009	202	True	2
chr17_40456904_40456905	chr17	40456904	40456905	814	True	2
chr17_40457368_40457369	chr17	40457368	40457369	1387	True	4
chr17_40457561_40457562	chr17	40457561	40457562	1783	True	2
chr17_40457649_40457650	chr17	40457649	40457650	1610	True	2
chr17_40457681_40457682	chr17	40457681	40457682	758	True	2
chr17_41468010_41468011	chr17	41468010	41468011	5696	True	4
chr17_41468043_41468044	chr17	41468043	41468044	5696	True	4
chr17_41620694_41620695	chr17	41620694	41620695	0	False	NA
chr17_41621669_41621670	chr17	41621669	41621670	0	False	NA
chr17_41621743_41621744	chr17	41621743	41621744	0	False	NA
chr17_41622373_41622374	chr17	41622373	41622374	0	False	NA
chr17_41622467_41622468	chr17	41622467	41622468	0	False	NA
chr17_41624576_41624577	chr17	41624576	41624577	0	False	NA
chr17_41688913_41688914	chr17	41688913	41688914	15127	True	3
chr17_41689010_41689011	chr17	41689010	41689011	18311	True	3
chr17_41689035_41689036	chr17	41689035	41689036	15726	True	3
chr17_41689880_41689881	chr17	41689880	41689881	8861	True	3
chr17_41689905_41689906	chr17	41689905	41689906	9184	True	3
chr17_41690112_41690113	chr17	41690112	41690113	15903	True	5
chr17_41690140_41690141	chr17	41690140	41690141	15417	True	5
chr17_41690878_41690879	chr17	41690878	41690879	8722	True	1
chr17_41691415_41691416	chr17	41691415	41691416	7349	True	5
chr17_41691571_41691572	chr17	41691571	41691572	10528	True	1
chr17_41718152_41718153	chr17	41718152	41718153	4745	True	5
chr17_41823137_41823138	chr17	41823137	41823138	5281	True	4
chr17_41867080_41867081	chr17	41867080	41867081	3447	True	5
chr17_41872052_41872053	chr17	41872052	41872053	1581	True	4
chr17_42843124_42843125	chr17	42843124	42843125	4363	True	5
chr17_42998442_42998443	chr17	42998442	42998443	1233	True	2
chr17_42998761_42998762	chr17	42998761	42998762	5529	True	6
chr17_42998798_42998799	chr17	42998798	42998799	5677	True	6
chr17_42999951_42999952	chr17	42999951	42999952	17713	True	3
chr17_43000034_43000035	chr17	43000034	43000035	27614	True	1
chr17_43000081_43000082	chr17	43000081	43000082	19084	True	1
chr17_43002708_43002709	chr17	43002708	43002709	10054	True	1
chr17_43002743_43002744	chr17	43002743	43002744	10274	True	1
chr17_43002770_43002771	chr17	43002770	43002771	10200	True	1
chr17_43002873_43002874	chr17	43002873	43002874	4287	True	1
chr17_43002901_43002902	chr17	43002901	43002902	3143	True	1
chr17_43002916_43002917	chr17	43002916	43002917	3196	True	1
chr17_43232560_43232561	chr17	43232560	43232561	2188	True	4
chr17_43273290_43273291	chr17	43273290	43273291	269	True	2
chr17_43290314_43290315	chr17	43290314	43290315	8059	True	2
chr17_43290358_43290359	chr17	43290358	43290359	8059	True	2
chr17_43360775_43360776	chr17	43360775	43360776	452	True	2
chr17_43361071_43361072	chr17	43361071	43361072	788	True	2
chr17_43361360_43361361	chr17	43361360	43361361	885	True	4
chr17_44219756_44219757	chr17	44219756	44219757	106	False	NA
chr17_45148567_45148568	chr17	45148567	45148568	5960	True	3
chr17_47359357_47359358	chr17	47359357	47359358	0	False	NA
chr17_47665097_47665098	chr17	47665097	47665098	3561	True	3
chr17_47665124_47665125	chr17	47665124	47665125	3534	True	3
chr17_47668294_47668295	chr17	47668294	47668295	7706	True	3
chr17_47668401_47668402	chr17	47668401	47668402	4951	True	3
chr17_47669699_47669700	chr17	47669699	47669700	3205	True	3
chr17_47680129_47680130	chr17	47680129	47680130	1976	True	3
chr17_47682457_47682458	chr17	47682457	47682458	7053	True	5
chr17_47682941_47682942	chr17	47682941	47682942	7857	True	1
chr17_47682975_47682976	chr17	47682975	47682976	6677	True	6
chr17_47683168_47683169	chr17	47683168	47683169	13006	True	1
chr17_47683191_47683192	chr17	47683191	47683192	13856	True	1
chr17_47683255_47683256	chr17	47683255	47683256	15540	True	1
chr17_48037195_48037196	chr17	48037195	48037196	201	True	2
chr17_48569846_48569847	chr17	48569846	48569847	0	False	NA
chr17_49036353_49036354	chr17	49036353	49036354	1177	True	4
chr17_50208127_50208128	chr17	50208127	50208128	0	False	NA
chr17_50864064_50864065	chr17	50864064	50864065	3262	True	5
chr17_51161931_51161932	chr17	51161931	51161932	8289	True	1
chr17_51166908_51166909	chr17	51166908	51166909	8750	True	3
chr17_51166947_51166948	chr17	51166947	51166948	7962	True	3
chr17_51171664_51171665	chr17	51171664	51171665	3624	True	3
chr17_57791391_57791392	chr17	57791391	57791392	2562	True	3
chr17_58003782_58003783	chr17	58003782	58003783	17630	True	5
chr17_58004293_58004294	chr17	58004293	58004294	6052	True	5
chr17_58004696_58004697	chr17	58004696	58004697	6481	True	1
chr17_58004978_58004979	chr17	58004978	58004979	16910	True	5
chr17_58005068_58005069	chr17	58005068	58005069	21721	True	5
chr17_58005189_58005190	chr17	58005189	58005190	25109	True	1
chr17_58005313_58005314	chr17	58005313	58005314	22437	True	1
chr17_58005330_58005331	chr17	58005330	58005331	19117	True	1
chr17_58005436_58005437	chr17	58005436	58005437	15894	True	1
chr17_58005817_58005818	chr17	58005817	58005818	13745	True	1
chr17_58005850_58005851	chr17	58005850	58005851	13421	True	1
chr17_58631834_58631835	chr17	58631834	58631835	1198	True	2
chr17_58659185_58659186	chr17	58659185	58659186	2543	True	2
chr17_58659308_58659309	chr17	58659308	58659309	1410	True	2
chr17_59137810_59137811	chr17	59137810	59137811	919	True	2
chr17_59151172_59151173	chr17	59151172	59151173	2672	True	2
chr17_59644361_59644362	chr17	59644361	59644362	4541	True	3
chr17_59663979_59663980	chr17	59663979	59663980	2405	True	5
chr17_59668785_59668786	chr17	59668785	59668786	4993	True	5
chr17_59668808_59668809	chr17	59668808	59668809	5862	True	5
chr17_59668839_59668840	chr17	59668839	59668840	6892	True	5
chr17_59681771_59681772	chr17	59681771	59681772	4417	True	5
chr17_59685774_59685775	chr17	59685774	59685775	5652	True	5
chr17_59690660_59690661	chr17	59690660	59690661	3549	True	3
chr17_59693879_59693880	chr17	59693879	59693880	6518	True	1
chr17_59694605_59694606	chr17	59694605	59694606	8784	True	5
chr17_59694652_59694653	chr17	59694652	59694653	6440	True	3
chr17_59838171_59838172	chr17	59838171	59838172	12760	True	5
chr17_59838198_59838199	chr17	59838198	59838199	14140	True	5
chr17_59838336_59838337	chr17	59838336	59838337	15568	True	1
chr17_59839833_59839834	chr17	59839833	59839834	9643	True	1
chr17_59840531_59840532	chr17	59840531	59840532	4843	True	1
chr17_59841272_59841273	chr17	59841272	59841273	31216	True	1
chr17_60231536_60231537	chr17	60231536	60231537	9069	True	3
chr17_60231580_60231581	chr17	60231580	60231581	11116	True	3
chr17_60231615_60231616	chr17	60231615	60231616	11116	True	3
chr17_60231650_60231651	chr17	60231650	60231651	9798	True	3
chr17_60748979_60748980	chr17	60748979	60748980	732	True	2
chr17_64146079_64146080	chr17	64146079	64146080	90165	True	3
chr17_64146097_64146098	chr17	64146097	64146098	90326	True	3
chr17_64146121_64146122	chr17	64146121	64146122	89334	True	3
chr17_64146335_64146336	chr17	64146335	64146336	72590	True	3
chr17_64146367_64146368	chr17	64146367	64146368	73725	True	3
chr17_64146450_64146451	chr17	64146450	64146451	57332	True	3
chr17_64499737_64499738	chr17	64499737	64499738	6571	True	1
chr17_64499802_64499803	chr17	64499802	64499803	8836	True	1
chr17_64499877_64499878	chr17	64499877	64499878	4411	True	1
chr17_64500150_64500151	chr17	64500150	64500151	15096	True	5
chr17_64500253_64500254	chr17	64500253	64500254	14564	True	5
chr17_64500658_64500659	chr17	64500658	64500659	16205	True	5
chr17_64500747_64500748	chr17	64500747	64500748	24848	True	5
chr17_64500846_64500847	chr17	64500846	64500847	22432	True	5
chr17_64502542_64502543	chr17	64502542	64502543	14540	True	3
chr17_64503016_64503017	chr17	64503016	64503017	7488	True	3
chr17_64503266_64503267	chr17	64503266	64503267	8732	True	3
chr17_64503290_64503291	chr17	64503290	64503291	8735	True	3
chr17_64503477_64503478	chr17	64503477	64503478	7538	True	3
chr17_64504038_64504039	chr17	64504038	64504039	10168	True	3
chr17_64504104_64504105	chr17	64504104	64504105	10144	True	5
chr17_64504238_64504239	chr17	64504238	64504239	7095	True	5
chr17_64504714_64504715	chr17	64504714	64504715	10418	True	3
chr17_64504800_64504801	chr17	64504800	64504801	8753	True	3
chr17_64506156_64506157	chr17	64506156	64506157	8502	True	3
chr17_64506183_64506184	chr17	64506183	64506184	9326	True	3
chr17_65143263_65143264	chr17	65143263	65143264	0	False	NA
chr17_66213054_66213055	chr17	66213054	66213055	174	False	NA
chr17_67740666_67740667	chr17	67740666	67740667	11317	True	3
chr17_68043119_68043120	chr17	68043119	68043120	3948	True	5
chr17_68044326_68044327	chr17	68044326	68044327	2036	True	3
chr17_68046621_68046622	chr17	68046621	68046622	3595	True	1
chr17_68046688_68046689	chr17	68046688	68046689	4203	True	1
chr17_68528982_68528983	chr17	68528982	68528983	3318	True	4
chr17_72502179_72502180	chr17	72502179	72502180	108	False	NA
chr17_72664064_72664065	chr17	72664064	72664065	7884	True	3
chr17_74203685_74203686	chr17	74203685	74203686	21459	True	1
chr17_74203720_74203721	chr17	74203720	74203721	21642	True	1
chr17_74204148_74204149	chr17	74204148	74204149	14588	True	6
chr17_74204180_74204181	chr17	74204180	74204181	14709	True	6
chr17_74209197_74209198	chr17	74209197	74209198	25231	True	6
chr17_74209222_74209223	chr17	74209222	74209223	25408	True	6
chr17_74209248_74209249	chr17	74209248	74209249	25459	True	6
chr17_74209295_74209296	chr17	74209295	74209296	22935	True	6
chr17_74209826_74209827	chr17	74209826	74209827	4855	True	6
chr17_75033937_75033938	chr17	75033937	75033938	5064	True	4
chr17_75035111_75035112	chr17	75035111	75035112	7563	True	1
chr17_75035138_75035139	chr17	75035138	75035139	7681	True	1
chr17_75778314_75778315	chr17	75778314	75778315	7956	True	5
chr17_75778545_75778546	chr17	75778545	75778546	9739	True	1
chr17_75779080_75779081	chr17	75779080	75779081	10327	True	3
chr17_75779739_75779740	chr17	75779739	75779740	11261	True	3
chr17_76558792_76558793	chr17	76558792	76558793	15065	True	5
chr17_76558807_76558808	chr17	76558807	76558808	15050	True	5
chr17_76558829_76558830	chr17	76558829	76558830	15113	True	5
chr17_76561111_76561112	chr17	76561111	76561112	16226	True	3
chr17_76561130_76561131	chr17	76561130	76561131	16228	True	3
chr17_76561149_76561150	chr17	76561149	76561150	16216	True	3
chr17_76561160_76561161	chr17	76561160	76561161	16178	True	3
chr17_76561635_76561636	chr17	76561635	76561636	18395	True	5
chr17_76561654_76561655	chr17	76561654	76561655	18614	True	5
chr17_76561669_76561670	chr17	76561669	76561670	19170	True	5
chr17_76564090_76564091	chr17	76564090	76564091	9038	True	5
chr17_76734214_76734215	chr17	76734214	76734215	4582	True	2
chr17_76734322_76734323	chr17	76734322	76734323	10630	True	5
chr17_76734389_76734390	chr17	76734389	76734390	13334	True	5
chr17_76734418_76734419	chr17	76734418	76734419	10521	True	5
chr17_76734932_76734933	chr17	76734932	76734933	14139	True	1
chr17_76734963_76734964	chr17	76734963	76734964	12152	True	1
chr17_76735157_76735158	chr17	76735157	76735158	11768	True	5
chr17_76736316_76736317	chr17	76736316	76736317	7765	True	3
chr17_76736976_76736977	chr17	76736976	76736977	4426	True	3
chr17_76737328_76737329	chr17	76737328	76737329	4764	True	3
chr17_77089305_77089306	chr17	77089305	77089306	24223	True	3
chr17_77089347_77089348	chr17	77089347	77089348	31863	True	3
chr17_77089392_77089393	chr17	77089392	77089393	32064	True	3
chr17_77089421_77089422	chr17	77089421	77089422	26879	True	3
chr17_77089452_77089453	chr17	77089452	77089453	10765	True	3
chr17_78853124_78853125	chr17	78853124	78853125	630	True	2
chr17_78853321_78853322	chr17	78853321	78853322	285	True	2
chr17_78853815_78853816	chr17	78853815	78853816	714	True	2
chr17_78972109_78972110	chr17	78972109	78972110	4136	True	4
chr17_81510050_81510051	chr17	81510050	81510051	9094	True	1
chr17_81510098_81510099	chr17	81510098	81510099	15901	True	1
chr17_81510121_81510122	chr17	81510121	81510122	22006	True	1
chr17_81510209_81510210	chr17	81510209	81510210	34931	True	1
chr17_81510235_81510236	chr17	81510235	81510236	36485	True	1
chr17_81510270_81510271	chr17	81510270	81510271	44026	True	1
chr17_81510293_81510294	chr17	81510293	81510294	44186	True	1
chr17_81510327_81510328	chr17	81510327	81510328	35066	True	1
chr17_81510616_81510617	chr17	81510616	81510617	11337	True	1
chr17_81510693_81510694	chr17	81510693	81510694	15660	True	1
chr17_81510746_81510747	chr17	81510746	81510747	18460	True	1
chr17_81510829_81510830	chr17	81510829	81510830	11514	True	3
chr17_81510962_81510963	chr17	81510962	81510963	12156	True	3
chr17_81510997_81510998	chr17	81510997	81510998	12329	True	3
chr17_81511032_81511033	chr17	81511032	81511033	13314	True	3
chr17_81511068_81511069	chr17	81511068	81511069	11010	True	5
chr17_81511198_81511199	chr17	81511198	81511199	12432	True	5
chr17_81511243_81511244	chr17	81511243	81511244	12945	True	5
chr17_81511272_81511273	chr17	81511272	81511273	13105	True	3
chr17_81511326_81511327	chr17	81511326	81511327	15763	True	5
chr17_81511356_81511357	chr17	81511356	81511357	12230	True	5
chr17_81511392_81511393	chr17	81511392	81511393	14576	True	5
chr17_81511473_81511474	chr17	81511473	81511474	19959	True	5
chr17_81511509_81511510	chr17	81511509	81511510	18258	True	5
chr17_81511543_81511544	chr17	81511543	81511544	21004	True	5
chr17_81511615_81511616	chr17	81511615	81511616	15054	True	5
chr17_81511932_81511933	chr17	81511932	81511933	16960	True	3
chr17_81511998_81511999	chr17	81511998	81511999	16596	True	3
chr17_81512035_81512036	chr17	81512035	81512036	20658	True	3
chr17_81512057_81512058	chr17	81512057	81512058	20752	True	3
chr17_81512104_81512105	chr17	81512104	81512105	10948	True	3
chr17_81512260_81512261	chr17	81512260	81512261	16624	True	5
chr17_81512357_81512358	chr17	81512357	81512358	16785	True	5
chr17_81512742_81512743	chr17	81512742	81512743	11884	True	3
chr17_81512801_81512802	chr17	81512801	81512802	11584	True	3
chr17_81843204_81843205	chr17	81843204	81843205	4970	True	5
chr17_81843312_81843313	chr17	81843312	81843313	22375	True	3
chr17_81843755_81843756	chr17	81843755	81843756	31757	True	5
chr17_81843835_81843836	chr17	81843835	81843836	22476	True	5
chr17_81843864_81843865	chr17	81843864	81843865	16107	True	5
chr17_81844014_81844015	chr17	81844014	81844015	18846	True	3
chr17_81844056_81844057	chr17	81844056	81844057	17298	True	3
chr17_81844087_81844088	chr17	81844087	81844088	16448	True	3
chr17_81845222_81845223	chr17	81845222	81845223	18560	True	3
chr17_81846504_81846505	chr17	81846504	81846505	18143	True	3
chr17_81846620_81846621	chr17	81846620	81846621	13986	True	3
chr17_81847253_81847254	chr17	81847253	81847254	12592	True	3
chr17_81847278_81847279	chr17	81847278	81847279	12811	True	3
chr17_81847310_81847311	chr17	81847310	81847311	12607	True	3
chr17_81855175_81855176	chr17	81855175	81855176	8143	True	3
chr17_81855253_81855254	chr17	81855253	81855254	7911	True	3
chr17_81867977_81867978	chr17	81867977	81867978	5788	True	3
chr17_81868901_81868902	chr17	81868901	81868902	2901	True	3
chr17_81869853_81869854	chr17	81869853	81869854	3625	True	3
chr17_81887962_81887963	chr17	81887962	81887963	8087	True	1
chr17_81888023_81888024	chr17	81888023	81888024	6363	True	1
chr17_82078399_82078400	chr17	82078399	82078400	4196	True	5
chr17_82078425_82078426	chr17	82078425	82078426	4777	True	5
chr17_82078442_82078443	chr17	82078442	82078443	5879	True	5
chr17_82084105_82084106	chr17	82084105	82084106	4896	True	4
chr17_82090139_82090140	chr17	82090139	82090140	3517	True	4
chr17_82092728_82092729	chr17	82092728	82092729	7901	True	3
chr17_82095404_82095405	chr17	82095404	82095405	10737	True	3
chr17_82098239_82098240	chr17	82098239	82098240	3942	True	4
chr17_82237457_82237458	chr17	82237457	82237458	6532	True	4
chr17_82237494_82237495	chr17	82237494	82237495	8051	True	4
chr17_82237551_82237552	chr17	82237551	82237552	9024	True	4
chr17_82237677_82237678	chr17	82237677	82237678	10216	True	4
chr17_82237746_82237747	chr17	82237746	82237747	7640	True	4
chr17_82238804_82238805	chr17	82238804	82238805	9124	True	4
chr17_82239041_82239042	chr17	82239041	82239042	17987	True	4
chr17_82239315_82239316	chr17	82239315	82239316	10724	True	4
chr18_3256121_3256122	chr18	3256121	3256122	4406	True	1
chr18_3278096_3278097	chr18	3278096	3278097	2345	True	1
chr18_6462168_6462169	chr18	6462168	6462169	103	False	NA
chr18_6462220_6462221	chr18	6462220	6462221	155	False	NA
chr18_6729748_6729749	chr18	6729748	6729749	11	False	NA
chr18_8706632_8706633	chr18	8706632	8706633	292	True	2
chr18_9124976_9124977	chr18	9124976	9124977	1907	True	3
chr18_9518208_9518209	chr18	9518208	9518209	14693	True	4
chr18_9923921_9923922	chr18	9923921	9923922	9226	True	3
chr18_9936161_9936162	chr18	9936161	9936162	2910	True	3
chr18_9950477_9950478	chr18	9950477	9950478	4903	True	3
chr18_9954753_9954754	chr18	9954753	9954754	7007	True	1
chr18_10300480_10300481	chr18	10300480	10300481	0	False	NA
chr18_12116160_12116161	chr18	12116160	12116161	0	False	NA
chr18_21817675_21817676	chr18	21817675	21817676	715	True	2
chr18_26698088_26698089	chr18	26698088	26698089	1350	True	2
chr18_27245470_27245471	chr18	27245470	27245471	0	False	NA
chr18_31523766_31523767	chr18	31523766	31523767	24	False	NA
chr18_32413239_32413240	chr18	32413239	32413240	30	False	NA
chr18_35589201_35589202	chr18	35589201	35589202	1659	True	2
chr18_46088247_46088248	chr18	46088247	46088248	3189	True	3
chr18_46089670_46089671	chr18	46089670	46089671	4724	True	3
chr18_46098296_46098297	chr18	46098296	46098297	3027	True	3
chr18_47149619_47149620	chr18	47149619	47149620	282	True	2
chr18_48169825_48169826	chr18	48169825	48169826	1763	True	2
chr18_49489273_49489274	chr18	49489273	49489274	14461	True	3
chr18_49489282_49489283	chr18	49489282	49489283	14484	True	3
chr18_49489294_49489295	chr18	49489294	49489295	14473	True	3
chr18_49489309_49489310	chr18	49489309	49489310	14395	True	3
chr18_49489401_49489402	chr18	49489401	49489402	6360	True	3
chr18_49489435_49489436	chr18	49489435	49489436	433	True	2
chr18_49490826_49490827	chr18	49490826	49490827	15034	True	3
chr18_49491317_49491318	chr18	49491317	49491318	21116	True	3
chr18_49491348_49491349	chr18	49491348	49491349	21117	True	3
chr18_49491409_49491410	chr18	49491409	49491410	18322	True	5
chr18_49491699_49491700	chr18	49491699	49491700	39364	True	5
chr18_49491713_49491714	chr18	49491713	49491714	39134	True	5
chr18_49491731_49491732	chr18	49491731	49491732	39966	True	5
chr18_49814111_49814112	chr18	49814111	49814112	97494	True	5
chr18_49814417_49814418	chr18	49814417	49814418	62476	True	3
chr18_49904818_49904819	chr18	49904818	49904819	95	False	NA
chr18_54222308_54222309	chr18	54222308	54222309	8043	True	4
chr18_54222339_54222340	chr18	54222339	54222340	9843	True	3
chr18_54222409_54222410	chr18	54222409	54222410	9822	True	3
chr18_55762007_55762008	chr18	55762007	55762008	0	False	NA
chr18_59347546_59347547	chr18	59347546	59347547	1054	True	4
chr18_59355546_59355547	chr18	59355546	59355547	2427	True	4
chr18_63262770_63262771	chr18	63262770	63262771	0	False	NA
chr18_64095180_64095181	chr18	64095180	64095181	0	False	NA
chr18_68858995_68858996	chr18	68858995	68858996	46809	True	4
chr19_572594_572595	chr19	572594	572595	11254	True	3
chr19_579545_579546	chr19	579545	579546	8002	True	3
chr19_580408_580409	chr19	580408	580409	7460	True	3
chr19_580448_580449	chr19	580448	580449	7503	True	3
chr19_580685_580686	chr19	580685	580686	8123	True	3
chr19_581372_581373	chr19	581372	581373	11040	True	3
chr19_581503_581504	chr19	581503	581504	12695	True	5
chr19_581551_581552	chr19	581551	581552	11085	True	5
chr19_582753_582754	chr19	582753	582754	7098	True	1
chr19_582828_582829	chr19	582828	582829	11296	True	1
chr19_582863_582864	chr19	582863	582864	30021	True	1
chr19_583170_583171	chr19	583170	583171	28483	True	1
chr19_583328_583329	chr19	583328	583329	18905	True	1
chr19_583369_583370	chr19	583369	583370	15932	True	1
chr19_583458_583459	chr19	583458	583459	4475	True	4
chr19_807893_807894	chr19	807893	807894	4569	True	5
chr19_811439_811440	chr19	811439	811440	11714	True	1
chr19_811506_811507	chr19	811506	811507	6637	True	1
chr19_812072_812073	chr19	812072	812073	11367	True	1
chr19_893505_893506	chr19	893505	893506	1533	True	4
chr19_893528_893529	chr19	893528	893529	1533	True	4
chr19_1106567_1106568	chr19	1106567	1106568	8437	True	5
chr19_1383588_1383589	chr19	1383588	1383589	7739	True	3
chr19_1435087_1435088	chr19	1435087	1435088	9662	True	1
chr19_1438849_1438850	chr19	1438849	1438850	15927	True	3
chr19_1440366_1440367	chr19	1440366	1440367	7893	True	3
chr19_1440388_1440389	chr19	1440388	1440389	7840	True	3
chr19_1643586_1643587	chr19	1643586	1643587	617	True	2
chr19_2269519_2269520	chr19	2269519	2269520	7711	True	3
chr19_2269668_2269669	chr19	2269668	2269669	16504	True	3
chr19_2271386_2271387	chr19	2271386	2271387	22583	True	3
chr19_2273185_2273186	chr19	2273185	2273186	21157	True	1
chr19_3061234_3061235	chr19	3061234	3061235	3419	True	3
chr19_3976095_3976096	chr19	3976095	3976096	15569	True	1
chr19_3976145_3976146	chr19	3976145	3976146	49477	True	1
chr19_3976179_3976180	chr19	3976179	3976180	68407	True	1
chr19_3976213_3976214	chr19	3976213	3976214	85260	True	1
chr19_3976235_3976236	chr19	3976235	3976236	84539	True	1
chr19_3976275_3976276	chr19	3976275	3976276	90945	True	1
chr19_3976291_3976292	chr19	3976291	3976292	90045	True	1
chr19_3976321_3976322	chr19	3976321	3976322	67110	True	1
chr19_3976374_3976375	chr19	3976374	3976375	45916	True	1
chr19_3976435_3976436	chr19	3976435	3976436	28915	True	1
chr19_3976454_3976455	chr19	3976454	3976455	36872	True	1
chr19_3976474_3976475	chr19	3976474	3976475	30713	True	1
chr19_3976507_3976508	chr19	3976507	3976508	29217	True	6
chr19_3976558_3976559	chr19	3976558	3976559	29197	True	6
chr19_3977233_3977234	chr19	3977233	3977234	24273	True	3
chr19_3977942_3977943	chr19	3977942	3977943	28971	True	3
chr19_3978001_3978002	chr19	3978001	3978002	29632	True	3
chr19_3978126_3978127	chr19	3978126	3978127	19892	True	3
chr19_3979379_3979380	chr19	3979379	3979380	21608	True	3
chr19_3979857_3979858	chr19	3979857	3979858	10849	True	3
chr19_3979956_3979957	chr19	3979956	3979957	21223	True	3
chr19_3980560_3980561	chr19	3980560	3980561	20681	True	6
chr19_3980629_3980630	chr19	3980629	3980630	34224	True	1
chr19_3980670_3980671	chr19	3980670	3980671	27590	True	1
chr19_3980706_3980707	chr19	3980706	3980707	26968	True	1
chr19_3980874_3980875	chr19	3980874	3980875	21877	True	3
chr19_3980928_3980929	chr19	3980928	3980929	26142	True	3
chr19_3981364_3981365	chr19	3981364	3981365	31867	True	3
chr19_3981390_3981391	chr19	3981390	3981391	31868	True	3
chr19_3981431_3981432	chr19	3981431	3981432	31423	True	3
chr19_3981967_3981968	chr19	3981967	3981968	19308	True	3
chr19_3982045_3982046	chr19	3982045	3982046	19693	True	3
chr19_3982284_3982285	chr19	3982284	3982285	25518	True	3
chr19_3982304_3982305	chr19	3982304	3982305	32484	True	3
chr19_3982334_3982335	chr19	3982334	3982335	34408	True	3
chr19_3982554_3982555	chr19	3982554	3982555	18506	True	5
chr19_3982573_3982574	chr19	3982573	3982574	18633	True	5
chr19_3982856_3982857	chr19	3982856	3982857	37135	True	3
chr19_3983247_3983248	chr19	3983247	3983248	26276	True	3
chr19_3983277_3983278	chr19	3983277	3983278	24122	True	3
chr19_3984184_3984185	chr19	3984184	3984185	18871	True	3
chr19_3985393_3985394	chr19	3985393	3985394	16822	True	3
chr19_3985420_3985421	chr19	3985420	3985421	16689	True	3
chr19_3985464_3985465	chr19	3985464	3985465	16351	True	3
chr19_4724648_4724649	chr19	4724648	4724649	5022	True	1
chr19_4724674_4724675	chr19	4724674	4724675	5022	True	1
chr19_5690264_5690265	chr19	5690264	5690265	8423	True	3
chr19_5690521_5690522	chr19	5690521	5690522	17468	True	3
chr19_5691378_5691379	chr19	5691378	5691379	20249	True	5
chr19_5691440_5691441	chr19	5691440	5691441	26674	True	5
chr19_5691546_5691547	chr19	5691546	5691547	13240	True	3
chr19_5691584_5691585	chr19	5691584	5691585	13213	True	3
chr19_5691617_5691618	chr19	5691617	5691618	12508	True	3
chr19_6572999_6573000	chr19	6572999	6573000	3890	True	4
chr19_8322337_8322338	chr19	8322337	8322338	766	True	2
chr19_8390139_8390140	chr19	8390139	8390140	175	False	NA
chr19_8466276_8466277	chr19	8466276	8466277	8402	True	3
chr19_10107656_10107657	chr19	10107656	10107657	5920	True	3
chr19_10107677_10107678	chr19	10107677	10107678	5786	True	3
chr19_10107695_10107696	chr19	10107695	10107696	5876	True	3
chr19_10109760_10109761	chr19	10109760	10109761	10518	True	3
chr19_10109779_10109780	chr19	10109779	10109780	10213	True	3
chr19_10109804_10109805	chr19	10109804	10109805	10194	True	3
chr19_10467868_10467869	chr19	10467868	10467869	319	True	2
chr19_10681079_10681080	chr19	10681079	10681080	3336	True	3
chr19_10681226_10681227	chr19	10681226	10681227	8196	True	3
chr19_10681249_10681250	chr19	10681249	10681250	8116	True	3
chr19_10681281_10681282	chr19	10681281	10681282	10357	True	3
chr19_12703627_12703628	chr19	12703627	12703628	18784	True	3
chr19_12703639_12703640	chr19	12703639	12703640	18903	True	3
chr19_12703650_12703651	chr19	12703650	12703651	18821	True	3
chr19_12703670_12703671	chr19	12703670	12703671	18969	True	3
chr19_12706476_12706477	chr19	12706476	12706477	10254	True	3
chr19_12706495_12706496	chr19	12706495	12706496	10335	True	3
chr19_12706519_12706520	chr19	12706519	12706520	10369	True	3
chr19_12793266_12793267	chr19	12793266	12793267	338	True	2
chr19_12796922_12796923	chr19	12796922	12796923	4989	True	3
chr19_12938609_12938610	chr19	12938609	12938610	19903	True	3
chr19_12938642_12938643	chr19	12938642	12938643	20921	True	3
chr19_12938686_12938687	chr19	12938686	12938687	31204	True	3
chr19_12938751_12938752	chr19	12938751	12938752	20954	True	3
chr19_12939196_12939197	chr19	12939196	12939197	8529	True	3
chr19_12939455_12939456	chr19	12939455	12939456	8439	True	3
chr19_12939576_12939577	chr19	12939576	12939577	8019	True	3
chr19_12940097_12940098	chr19	12940097	12940098	10846	True	3
chr19_12940292_12940293	chr19	12940292	12940293	21274	True	3
chr19_12940310_12940311	chr19	12940310	12940311	24071	True	3
chr19_12940363_12940364	chr19	12940363	12940364	24795	True	3
chr19_12940390_12940391	chr19	12940390	12940391	21725	True	3
chr19_12940581_12940582	chr19	12940581	12940582	12734	True	3
chr19_12940648_12940649	chr19	12940648	12940649	13098	True	3
chr19_12940784_12940785	chr19	12940784	12940785	15821	True	5
chr19_12940853_12940854	chr19	12940853	12940854	14088	True	5
chr19_12943562_12943563	chr19	12943562	12943563	7133	True	3
chr19_12943605_12943606	chr19	12943605	12943606	7228	True	3
chr19_12943621_12943622	chr19	12943621	12943622	7110	True	3
chr19_12943723_12943724	chr19	12943723	12943724	13265	True	5
chr19_12943755_12943756	chr19	12943755	12943756	23000	True	5
chr19_12943979_12943980	chr19	12943979	12943980	22896	True	1
chr19_12944009_12944010	chr19	12944009	12944010	30202	True	1
chr19_12944101_12944102	chr19	12944101	12944102	77293	True	1
chr19_12944120_12944121	chr19	12944120	12944121	71333	True	1
chr19_12944175_12944176	chr19	12944175	12944176	71886	True	1
chr19_12944357_12944358	chr19	12944357	12944358	14532	True	1
chr19_13154218_13154219	chr19	13154218	13154219	8551	True	5
chr19_13778382_13778383	chr19	13778382	13778383	2052	True	3
chr19_13836468_13836469	chr19	13836468	13836469	3648	True	2
chr19_13836616_13836617	chr19	13836616	13836617	2028	True	2
chr19_13842238_13842239	chr19	13842238	13842239	2474	True	2
chr19_14408883_14408884	chr19	14408883	14408884	1097	True	4
chr19_16076804_16076805	chr19	16076804	16076805	1830	True	2
chr19_16088045_16088046	chr19	16088045	16088046	2095	True	4
chr19_16089046_16089047	chr19	16089046	16089047	2014	True	3
chr19_16089089_16089090	chr19	16089089	16089090	2246	True	3
chr19_16093571_16093572	chr19	16093571	16093572	882	True	4
chr19_16101343_16101344	chr19	16101343	16101344	630	True	4
chr19_16101574_16101575	chr19	16101574	16101575	4644	True	1
chr19_16101593_16101594	chr19	16101593	16101594	4800	True	1
chr19_16101610_16101611	chr19	16101610	16101611	4872	True	1
chr19_16101807_16101808	chr19	16101807	16101808	1928	True	1
chr19_16101892_16101893	chr19	16101892	16101893	1784	True	1
chr19_16102551_16102552	chr19	16102551	16102552	568	True	2
chr19_16102717_16102718	chr19	16102717	16102718	1686	True	4
chr19_16102785_16102786	chr19	16102785	16102786	1757	True	4
chr19_16102861_16102862	chr19	16102861	16102862	805	True	2
chr19_16102909_16102910	chr19	16102909	16102910	398	True	2
chr19_17403021_17403022	chr19	17403021	17403022	3936	True	1
chr19_17404181_17404182	chr19	17404181	17404182	1100	True	4
chr19_17404395_17404396	chr19	17404395	17404396	375	True	4
chr19_17686825_17686826	chr19	17686825	17686826	2667	True	2
chr19_17862586_17862587	chr19	17862586	17862587	100748	True	3
chr19_17862601_17862602	chr19	17862601	17862602	103839	True	3
chr19_17862618_17862619	chr19	17862618	17862619	103876	True	3
chr19_17862635_17862636	chr19	17862635	17862636	103883	True	3
chr19_17862644_17862645	chr19	17862644	17862645	103814	True	3
chr19_17862661_17862662	chr19	17862661	17862662	103802	True	3
chr19_17862691_17862692	chr19	17862691	17862692	98978	True	3
chr19_18279839_18279840	chr19	18279839	18279840	7669	True	5
chr19_18307313_18307314	chr19	18307313	18307314	7072	True	1
chr19_18307329_18307330	chr19	18307329	18307330	7024	True	1
chr19_18571864_18571865	chr19	18571864	18571865	10701	True	1
chr19_18573310_18573311	chr19	18573310	18573311	14428	True	3
chr19_18573688_18573689	chr19	18573688	18573689	11125	True	3
chr19_18574878_18574879	chr19	18574878	18574879	14326	True	3
chr19_18574910_18574911	chr19	18574910	18574911	14463	True	3
chr19_18575071_18575072	chr19	18575071	18575072	24509	True	1
chr19_18575116_18575117	chr19	18575116	18575117	25711	True	1
chr19_18596939_18596940	chr19	18596939	18596940	2876	True	4
chr19_22395231_22395232	chr19	22395231	22395232	0	False	NA
chr19_22694858_22694859	chr19	22694858	22694859	31318	True	1
chr19_22694900_22694901	chr19	22694900	22694901	31318	True	1
chr19_27768628_27768629	chr19	27768628	27768629	91	False	NA
chr19_34365357_34365358	chr19	34365357	34365358	7325	True	3
chr19_34396410_34396411	chr19	34396410	34396411	7814	True	3
chr19_34399584_34399585	chr19	34399584	34399585	4529	True	3
chr19_34399747_34399748	chr19	34399747	34399748	6557	True	3
chr19_34400032_34400033	chr19	34400032	34400033	18610	True	5
chr19_34400216_34400217	chr19	34400216	34400217	14260	True	6
chr19_34400252_34400253	chr19	34400252	34400253	11589	True	6
chr19_35276801_35276802	chr19	35276801	35276802	53	False	NA
chr19_35575800_35575801	chr19	35575800	35575801	5920	True	1
chr19_35575818_35575819	chr19	35575818	35575819	5847	True	1
chr19_36125878_36125879	chr19	36125878	36125879	1639	True	2
chr19_36141036_36141037	chr19	36141036	36141037	2945	True	4
chr19_36150292_36150293	chr19	36150292	36150293	2970	True	5
chr19_38647683_38647684	chr19	38647683	38647684	12506	True	3
chr19_38700707_38700708	chr19	38700707	38700708	4618	True	4
chr19_38701012_38701013	chr19	38701012	38701013	4435	True	3
chr19_38714513_38714514	chr19	38714513	38714514	4126	True	4
chr19_38725793_38725794	chr19	38725793	38725794	4288	True	3
chr19_38729559_38729560	chr19	38729559	38729560	10023	True	5
chr19_38729691_38729692	chr19	38729691	38729692	13832	True	5
chr19_38730027_38730028	chr19	38730027	38730028	5091	True	5
chr19_38730241_38730242	chr19	38730241	38730242	8233	True	1
chr19_38730439_38730440	chr19	38730439	38730440	5703	True	1
chr19_38730462_38730463	chr19	38730462	38730463	5396	True	1
chr19_38836502_38836503	chr19	38836502	38836503	17245	True	1
chr19_38836521_38836522	chr19	38836521	38836522	17968	True	1
chr19_38836605_38836606	chr19	38836605	38836606	18824	True	1
chr19_38847428_38847429	chr19	38847428	38847429	4879	True	3
chr19_38849942_38849943	chr19	38849942	38849943	4795	True	3
chr19_38920409_38920410	chr19	38920409	38920410	294	True	2
chr19_39433281_39433282	chr19	39433281	39433282	22192	True	5
chr19_39433324_39433325	chr19	39433324	39433325	21854	True	5
chr19_39433371_39433372	chr19	39433371	39433372	20048	True	5
chr19_39433390_39433391	chr19	39433390	39433391	18958	True	5
chr19_39433552_39433553	chr19	39433552	39433553	6084	True	3
chr19_39433569_39433570	chr19	39433569	39433570	11699	True	5
chr19_39433669_39433670	chr19	39433669	39433670	17744	True	5
chr19_39433698_39433699	chr19	39433698	39433699	17754	True	5
chr19_39433713_39433714	chr19	39433713	39433714	17749	True	5
chr19_39435851_39435852	chr19	39435851	39435852	24025	True	1
chr19_39435948_39435949	chr19	39435948	39435949	23539	True	1
chr19_40548217_40548218	chr19	40548217	40548218	12	False	NA
chr19_41860254_41860255	chr19	41860254	41860255	19852	True	1
chr19_41860785_41860786	chr19	41860785	41860786	20004	True	1
chr19_41861199_41861200	chr19	41861199	41861200	13105	True	5
chr19_41869052_41869053	chr19	41869052	41869053	29593	True	3
chr19_41869132_41869133	chr19	41869132	41869133	42020	True	3
chr19_41869199_41869200	chr19	41869199	41869200	29559	True	3
chr19_41869723_41869724	chr19	41869723	41869724	10811	True	3
chr19_45478652_45478653	chr19	45478652	45478653	4451	True	1
chr19_45478688_45478689	chr19	45478688	45478689	4373	True	1
chr19_45688498_45688499	chr19	45688498	45688499	8383	True	3
chr19_46609364_46609365	chr19	46609364	46609365	6240	True	3
chr19_46775123_46775124	chr19	46775123	46775124	20840	True	1
chr19_46775567_46775568	chr19	46775567	46775568	7935	True	3
chr19_46775677_46775678	chr19	46775677	46775678	5413	True	3
chr19_46775716_46775717	chr19	46775716	46775717	5322	True	3
chr19_46787563_46787564	chr19	46787563	46787564	5433	True	3
chr19_46788102_46788103	chr19	46788102	46788103	3695	True	3
chr19_46788597_46788598	chr19	46788597	46788598	1608	True	4
chr19_47755851_47755852	chr19	47755851	47755852	21383	True	3
chr19_47755874_47755875	chr19	47755874	47755875	21066	True	3
chr19_47755902_47755903	chr19	47755902	47755903	20872	True	3
chr19_47755934_47755935	chr19	47755934	47755935	20391	True	3
chr19_48329460_48329461	chr19	48329460	48329461	1886	True	3
chr19_48615376_48615377	chr19	48615376	48615377	6924	True	1
chr19_48615415_48615416	chr19	48615415	48615416	7035	True	1
chr19_48615443_48615444	chr19	48615443	48615444	6760	True	1
chr19_48615882_48615883	chr19	48615882	48615883	6846	True	3
chr19_48616140_48616141	chr19	48616140	48616141	16983	True	3
chr19_48616761_48616762	chr19	48616761	48616762	21268	True	3
chr19_48616792_48616793	chr19	48616792	48616793	21100	True	3
chr19_48617359_48617360	chr19	48617359	48617360	16299	True	3
chr19_48617421_48617422	chr19	48617421	48617422	16374	True	3
chr19_48619144_48619145	chr19	48619144	48619145	10228	True	5
chr19_48619178_48619179	chr19	48619178	48619179	9656	True	5
chr19_48965306_48965307	chr19	48965306	48965307	18513	True	3
chr19_48965380_48965381	chr19	48965380	48965381	48109	True	3
chr19_48965406_48965407	chr19	48965406	48965407	64373	True	5
chr19_48965434_48965435	chr19	48965434	48965435	61664	True	5
chr19_48965492_48965493	chr19	48965492	48965493	51880	True	5
chr19_48965572_48965573	chr19	48965572	48965573	29269	True	5
chr19_48965778_48965779	chr19	48965778	48965779	37047	True	3
chr19_48965823_48965824	chr19	48965823	48965824	38686	True	3
chr19_48965907_48965908	chr19	48965907	48965908	16062	True	3
chr19_48966369_48966370	chr19	48966369	48966370	43324	True	5
chr19_48966612_48966613	chr19	48966612	48966613	48101	True	3
chr19_48966630_48966631	chr19	48966630	48966631	53407	True	3
chr19_48966662_48966663	chr19	48966662	48966663	51150	True	3
chr19_48966703_48966704	chr19	48966703	48966704	46918	True	3
chr19_48966724_48966725	chr19	48966724	48966725	47630	True	3
chr19_48966828_48966829	chr19	48966828	48966829	14566	True	1
chr19_49031787_49031788	chr19	49031787	49031788	528	True	2
chr19_49487608_49487609	chr19	49487608	49487609	21098	True	5
chr19_49489912_49489913	chr19	49489912	49489913	59094	True	3
chr19_49489964_49489965	chr19	49489964	49489965	63504	True	3
chr19_49489991_49489992	chr19	49489991	49489992	63593	True	3
chr19_49490009_49490010	chr19	49490009	49490010	63640	True	3
chr19_49490024_49490025	chr19	49490024	49490025	55191	True	3
chr19_49490282_49490283	chr19	49490282	49490283	7079	True	3
chr19_49490485_49490486	chr19	49490485	49490486	24835	True	3
chr19_49490532_49490533	chr19	49490532	49490533	34882	True	6
chr19_49490614_49490615	chr19	49490614	49490615	54668	True	6
chr19_49490641_49490642	chr19	49490641	49490642	45120	True	6
chr19_49490673_49490674	chr19	49490673	49490674	39483	True	6
chr19_49490780_49490781	chr19	49490780	49490781	8794	True	3
chr19_49490905_49490906	chr19	49490905	49490906	49310	True	5
chr19_49490932_49490933	chr19	49490932	49490933	49825	True	5
chr19_49491173_49491174	chr19	49491173	49491174	111914	True	5
chr19_49491189_49491190	chr19	49491189	49491190	112246	True	5
chr19_49491199_49491200	chr19	49491199	49491200	112162	True	5
chr19_49491215_49491216	chr19	49491215	49491216	111895	True	5
chr19_49491230_49491231	chr19	49491230	49491231	111932	True	5
chr19_49491517_49491518	chr19	49491517	49491518	2677	True	4
chr19_49492246_49492247	chr19	49492246	49492247	5858	True	3
chr19_49496436_49496437	chr19	49496436	49496437	28326	True	1
chr19_49497289_49497290	chr19	49497289	49497290	16884	True	6
chr19_49497311_49497312	chr19	49497311	49497312	17090	True	6
chr19_49497537_49497538	chr19	49497537	49497538	20445	True	6
chr19_49497718_49497719	chr19	49497718	49497719	57670	True	5
chr19_49497734_49497735	chr19	49497734	49497735	57649	True	5
chr19_49497748_49497749	chr19	49497748	49497749	57481	True	5
chr19_49497758_49497759	chr19	49497758	49497759	57443	True	5
chr19_49497778_49497779	chr19	49497778	49497779	57469	True	5
chr19_49497948_49497949	chr19	49497948	49497949	43093	True	1
chr19_49497984_49497985	chr19	49497984	49497985	42755	True	1
chr19_49499588_49499589	chr19	49499588	49499589	22974	True	1
chr19_49499623_49499624	chr19	49499623	49499624	22819	True	1
chr19_49499642_49499643	chr19	49499642	49499643	13128	True	5
chr19_50695190_50695191	chr19	50695190	50695191	0	False	NA
chr19_50799468_50799469	chr19	50799468	50799469	30256	True	3
chr19_50799506_50799507	chr19	50799506	50799507	30085	True	3
chr19_50799530_50799531	chr19	50799530	50799531	29653	True	3
chr19_50802355_50802356	chr19	50802355	50802356	29859	True	1
chr19_50802373_50802374	chr19	50802373	50802374	29659	True	1
chr19_50802389_50802390	chr19	50802389	50802390	29622	True	1
chr19_50802416_50802417	chr19	50802416	50802417	29399	True	1
chr19_51002538_51002539	chr19	51002538	51002539	43	False	NA
chr19_51692617_51692618	chr19	51692617	51692618	1856	True	2
chr19_51692791_51692792	chr19	51692791	51692792	1405	True	2
chr19_51693266_51693267	chr19	51693266	51693267	3996	True	2
chr19_52226358_52226359	chr19	52226358	52226359	5375	True	1
chr19_54200857_54200858	chr19	54200857	54200858	13078	True	5
chr19_54201532_54201533	chr19	54201532	54201533	5929	True	3
chr19_54206451_54206452	chr19	54206451	54206452	9933	True	5
chr19_54207465_54207466	chr19	54207465	54207466	12648	True	3
chr19_54207524_54207525	chr19	54207524	54207525	12352	True	3
chr19_54461114_54461115	chr19	54461114	54461115	28013	True	5
chr19_54868996_54868997	chr19	54868996	54868997	4813	True	2
chr19_55339274_55339275	chr19	55339274	55339275	0	False	NA
chr19_55385931_55385932	chr19	55385931	55385932	15108	True	3
chr19_55386367_55386368	chr19	55386367	55386368	14416	True	3
chr19_55386577_55386578	chr19	55386577	55386578	43103	True	6
chr19_55386619_55386620	chr19	55386619	55386620	49947	True	6
chr19_55386678_55386679	chr19	55386678	55386679	49929	True	6
chr19_55388006_55388007	chr19	55388006	55388007	16541	True	3
chr19_55388025_55388026	chr19	55388025	55388026	16436	True	3
chr19_55388266_55388267	chr19	55388266	55388267	12887	True	3
chr19_55388298_55388299	chr19	55388298	55388299	13017	True	3
chr19_55674599_55674600	chr19	55674599	55674600	10972	True	1
chr19_58363509_58363510	chr19	58363509	58363510	1425	True	4
chr19_58387270_58387271	chr19	58387270	58387271	11866	True	3
chr19_58388158_58388159	chr19	58388158	58388159	11186	True	3
chr19_58388183_58388184	chr19	58388183	58388184	11278	True	3
chr19_58393036_58393037	chr19	58393036	58393037	12681	True	3
chr19_58393393_58393394	chr19	58393393	58393394	13963	True	3
chr19_58393421_58393422	chr19	58393421	58393422	14019	True	3
chr19_58394544_58394545	chr19	58394544	58394545	17839	True	3
chr19_58394580_58394581	chr19	58394580	58394581	17875	True	3
chr19_58394700_58394701	chr19	58394700	58394701	10750	True	5
chr19_58394752_58394753	chr19	58394752	58394753	10918	True	5
chr19_58545483_58545484	chr19	58545483	58545484	5158	True	3
chr19_58549103_58549104	chr19	58549103	58549104	7283	True	3
chr19_58550204_58550205	chr19	58550204	58550205	7555	True	3
chr19_58558354_58558355	chr19	58558354	58558355	2419	True	3
chr2_1632015_1632016	chr2	1632015	1632016	312	True	2
chr2_1632547_1632548	chr2	1632547	1632548	27	False	NA
chr2_1633032_1633033	chr2	1633032	1633033	158	False	NA
chr2_1683724_1683725	chr2	1683724	1683725	36	False	NA
chr2_3575324_3575325	chr2	3575324	3575325	1622	True	4
chr2_3575875_3575876	chr2	3575875	3575876	2212	True	4
chr2_3576620_3576621	chr2	3576620	3576621	701	True	2
chr2_3580182_3580183	chr2	3580182	3580183	3796	True	5
chr2_9584395_9584396	chr2	9584395	9584396	1017	True	4
chr2_9584660_9584661	chr2	9584660	9584661	728	True	1
chr2_9585186_9585187	chr2	9585186	9585187	4245	True	1
chr2_9585336_9585337	chr2	9585336	9585337	1578	True	4
chr2_9588202_9588203	chr2	9588202	9588203	1089	True	4
chr2_9591437_9591438	chr2	9591437	9591438	2193	True	3
chr2_9591499_9591500	chr2	9591499	9591500	2160	True	3
chr2_10440626_10440627	chr2	10440626	10440627	4336	True	5
chr2_10441900_10441901	chr2	10441900	10441901	1621	True	4
chr2_10444557_10444558	chr2	10444557	10444558	2788	True	4
chr2_10446768_10446769	chr2	10446768	10446769	29988	True	3
chr2_10446787_10446788	chr2	10446787	10446788	29988	True	3
chr2_10446804_10446805	chr2	10446804	10446805	29988	True	3
chr2_10446819_10446820	chr2	10446819	10446820	29988	True	3
chr2_10446852_10446853	chr2	10446852	10446853	29501	True	3
chr2_10788978_10788979	chr2	10788978	10788979	9158	True	3
chr2_10789882_10789883	chr2	10789882	10789883	7014	True	4
chr2_10802621_10802622	chr2	10802621	10802622	12440	True	6
chr2_12058674_12058675	chr2	12058674	12058675	0	False	NA
chr2_20447072_20447073	chr2	20447072	20447073	2758	True	4
chr2_20447191_20447192	chr2	20447191	20447192	4023	True	4
chr2_20448565_20448566	chr2	20448565	20448566	9258	True	4
chr2_20449114_20449115	chr2	20449114	20449115	3513	True	4
chr2_20449178_20449179	chr2	20449178	20449179	5608	True	4
chr2_20449262_20449263	chr2	20449262	20449263	4939	True	4
chr2_24969479_24969480	chr2	24969479	24969480	0	False	NA
chr2_26945495_26945496	chr2	26945495	26945496	0	False	NA
chr2_26970447_26970448	chr2	26970447	26970448	0	False	NA
chr2_27004300_27004301	chr2	27004300	27004301	11	False	NA
chr2_27050773_27050774	chr2	27050773	27050774	34618	True	1
chr2_27050834_27050835	chr2	27050834	27050835	40638	True	1
chr2_27050854_27050855	chr2	27050854	27050855	40638	True	1
chr2_27051271_27051272	chr2	27051271	27051272	5867	True	6
chr2_27393579_27393580	chr2	27393579	27393580	35	False	NA
chr2_28800242_28800243	chr2	28800242	28800243	7563	True	1
chr2_28800597_28800598	chr2	28800597	28800598	6079	True	1
chr2_28913662_28913663	chr2	28913662	28913663	32477	True	3
chr2_28913682_28913683	chr2	28913682	28913683	32464	True	3
chr2_28913700_28913701	chr2	28913700	28913701	32464	True	3
chr2_28913709_28913710	chr2	28913709	28913710	32464	True	3
chr2_28913722_28913723	chr2	28913722	28913723	32405	True	3
chr2_28927065_28927066	chr2	28927065	28927066	18638	True	5
chr2_28927084_28927085	chr2	28927084	28927085	18638	True	5
chr2_28927107_28927108	chr2	28927107	28927108	18645	True	5
chr2_28927123_28927124	chr2	28927123	28927124	18586	True	5
chr2_28927981_28927982	chr2	28927981	28927982	18437	True	3
chr2_28927998_28927999	chr2	28927998	28927999	18446	True	3
chr2_28928015_28928016	chr2	28928015	28928016	18450	True	3
chr2_28928037_28928038	chr2	28928037	28928038	18452	True	5
chr2_32916239_32916240	chr2	32916239	32916240	20091	True	4
chr2_33934501_33934502	chr2	33934501	33934502	5	False	NA
chr2_38745097_38745098	chr2	38745097	38745098	5849	True	1
chr2_43011136_43011137	chr2	43011136	43011137	12	False	NA
chr2_44244927_44244928	chr2	44244927	44244928	10	False	NA
chr2_47160263_47160264	chr2	47160263	47160264	9252	True	1
chr2_47160289_47160290	chr2	47160289	47160290	9923	True	1
chr2_47160625_47160626	chr2	47160625	47160626	15073	True	1
chr2_47160689_47160690	chr2	47160689	47160690	11542	True	1
chr2_47161789_47161790	chr2	47161789	47161790	10173	True	3
chr2_47161843_47161844	chr2	47161843	47161844	9745	True	3
chr2_47162292_47162293	chr2	47162292	47162293	4251	True	3
chr2_47162641_47162642	chr2	47162641	47162642	4158	True	3
chr2_47176514_47176515	chr2	47176514	47176515	8891	True	3
chr2_47280795_47280796	chr2	47280795	47280796	1941	True	2
chr2_47551654_47551655	chr2	47551654	47551655	0	False	NA
chr2_49285879_49285880	chr2	49285879	49285880	454	True	2
chr2_53825890_53825891	chr2	53825890	53825891	34017	True	4
chr2_54655194_54655195	chr2	54655194	54655195	3742	True	4
chr2_54668374_54668375	chr2	54668374	54668375	4957	True	4
chr2_54668973_54668974	chr2	54668973	54668974	6078	True	4
chr2_54953061_54953062	chr2	54953061	54953062	5	False	NA
chr2_54972300_54972301	chr2	54972300	54972301	8015	True	6
chr2_54972724_54972725	chr2	54972724	54972725	10860	True	1
chr2_54972775_54972776	chr2	54972775	54972776	12341	True	1
chr2_54973025_54973026	chr2	54973025	54973026	20881	True	1
chr2_55232686_55232687	chr2	55232686	55232687	3518	True	3
chr2_55234903_55234904	chr2	55234903	55234904	1953	True	3
chr2_55234934_55234935	chr2	55234934	55234935	1678	True	3
chr2_55234955_55234956	chr2	55234955	55234956	1755	True	3
chr2_55235447_55235448	chr2	55235447	55235448	7698	True	3
chr2_55235478_55235479	chr2	55235478	55235479	7796	True	3
chr2_59603681_59603682	chr2	59603681	59603682	1654	True	3
chr2_59603724_59603725	chr2	59603724	59603725	1654	True	3
chr2_61490765_61490766	chr2	61490765	61490766	2502	True	3
chr2_61496909_61496910	chr2	61496909	61496910	3350	True	3
chr2_61502272_61502273	chr2	61502272	61502273	3675	True	5
chr2_61533794_61533795	chr2	61533794	61533795	4773	True	3
chr2_61533820_61533821	chr2	61533820	61533821	5745	True	3
chr2_61868498_61868499	chr2	61868498	61868499	3255	True	1
chr2_61873234_61873235	chr2	61873234	61873235	1611	True	3
chr2_61873254_61873255	chr2	61873254	61873255	1599	True	3
chr2_61876161_61876162	chr2	61876161	61876162	3039	True	3
chr2_63399620_63399621	chr2	63399620	63399621	8	False	NA
chr2_63891113_63891114	chr2	63891113	63891114	247	True	4
chr2_64994835_64994836	chr2	64994835	64994836	371	True	2
chr2_65088332_65088333	chr2	65088332	65088333	4080	True	5
chr2_69071770_69071771	chr2	69071770	69071771	26	False	NA
chr2_70088603_70088604	chr2	70088603	70088604	7071	True	3
chr2_70088922_70088923	chr2	70088922	70088923	6572	True	5
chr2_70089063_70089064	chr2	70089063	70089064	16879	True	1
chr2_71379812_71379813	chr2	71379812	71379813	5064	True	3
chr2_72721899_72721900	chr2	72721899	72721900	658	True	2
chr2_73385264_73385265	chr2	73385264	73385265	0	False	NA
chr2_74214923_74214924	chr2	74214923	74214924	4599	True	1
chr2_76818297_76818298	chr2	76818297	76818298	0	False	NA
chr2_77793056_77793057	chr2	77793056	77793057	85	False	NA
chr2_84905655_84905656	chr2	84905655	84905656	5491	True	6
chr2_84905692_84905693	chr2	84905692	84905693	5557	True	6
chr2_84906009_84906010	chr2	84906009	84906010	6662	True	6
chr2_84906028_84906029	chr2	84906028	84906029	6883	True	6
chr2_84906057_84906058	chr2	84906057	84906058	6703	True	6
chr2_84906103_84906104	chr2	84906103	84906104	6818	True	6
chr2_84906390_84906391	chr2	84906390	84906391	10945	True	1
chr2_84906418_84906419	chr2	84906418	84906419	11188	True	1
chr2_84906437_84906438	chr2	84906437	84906438	17385	True	1
chr2_84906524_84906525	chr2	84906524	84906525	16323	True	1
chr2_84906599_84906600	chr2	84906599	84906600	8468	True	5
chr2_85542348_85542349	chr2	85542348	85542349	10562	True	5
chr2_85542592_85542593	chr2	85542592	85542593	10205	True	3
chr2_85542938_85542939	chr2	85542938	85542939	9072	True	5
chr2_85543859_85543860	chr2	85543859	85543860	9927	True	1
chr2_85544394_85544395	chr2	85544394	85544395	6278	True	3
chr2_85544865_85544866	chr2	85544865	85544866	3204	True	1
chr2_85544898_85544899	chr2	85544898	85544899	2791	True	1
chr2_86135869_86135870	chr2	86135869	86135870	28956	True	3
chr2_88016380_88016381	chr2	88016380	88016381	151	False	NA
chr2_101002291_101002292	chr2	101002291	101002292	20593	True	6
chr2_101002748_101002749	chr2	101002748	101002749	27929	True	6
chr2_101002774_101002775	chr2	101002774	101002775	27794	True	6
chr2_101004257_101004258	chr2	101004257	101004258	16300	True	3
chr2_101005972_101005973	chr2	101005972	101005973	17986	True	6
chr2_101006041_101006042	chr2	101006041	101006042	18771	True	6
chr2_101006352_101006353	chr2	101006352	101006353	9260	True	5
chr2_101006379_101006380	chr2	101006379	101006380	9198	True	5
chr2_101272967_101272968	chr2	101272967	101272968	53439	True	3
chr2_101272990_101272991	chr2	101272990	101272991	53459	True	3
chr2_101273048_101273049	chr2	101273048	101273049	53497	True	3
chr2_102724058_102724059	chr2	102724058	102724059	17	False	NA
chr2_109301910_109301911	chr2	109301910	109301911	0	False	NA
chr2_112653279_112653280	chr2	112653279	112653280	576	True	2
chr2_113086853_113086854	chr2	113086853	113086854	1089	True	2
chr2_113951754_113951755	chr2	113951754	113951755	1840	True	3
chr2_117763663_117763664	chr2	117763663	117763664	0	False	NA
chr2_121530878_121530879	chr2	121530878	121530879	48722	True	1
chr2_121530921_121530922	chr2	121530921	121530922	50233	True	1
chr2_121530935_121530936	chr2	121530935	121530936	50233	True	1
chr2_121530953_121530954	chr2	121530953	121530954	50233	True	1
chr2_121530978_121530979	chr2	121530978	121530979	50233	True	1
chr2_124267820_124267821	chr2	124267820	124267821	10	False	NA
chr2_130190647_130190648	chr2	130190647	130190648	1497	True	4
chr2_132253185_132253186	chr2	132253185	132253186	220	True	2
chr2_132253198_132253199	chr2	132253198	132253199	220	True	2
chr2_132254449_132254450	chr2	132254449	132254450	1061	True	2
chr2_132255188_132255189	chr2	132255188	132255189	750	True	4
chr2_132255609_132255610	chr2	132255609	132255610	64819	True	6
chr2_132255653_132255654	chr2	132255653	132255654	54288	True	6
chr2_132255670_132255671	chr2	132255670	132255671	54058	True	6
chr2_132255703_132255704	chr2	132255703	132255704	5605	True	3
chr2_132255806_132255807	chr2	132255806	132255807	894	True	4
chr2_132256116_132256117	chr2	132256116	132256117	1308	True	3
chr2_132256146_132256147	chr2	132256146	132256147	1288	True	3
chr2_132256172_132256173	chr2	132256172	132256173	1187	True	3
chr2_132256196_132256197	chr2	132256196	132256197	900	True	4
chr2_135136624_135136625	chr2	135136624	135136625	1667	True	2
chr2_136863902_136863903	chr2	136863902	136863903	0	False	NA
chr2_142954856_142954857	chr2	142954856	142954857	54	False	NA
chr2_144407257_144407258	chr2	144407257	144407258	30	False	NA
chr2_148881820_148881821	chr2	148881820	148881821	264519	True	6
chr2_156325077_156325078	chr2	156325077	156325078	5	False	NA
chr2_166609736_166609737	chr2	166609736	166609737	15945	True	5
chr2_166962298_166962299	chr2	166962298	166962299	0	False	NA
chr2_167832849_167832850	chr2	167832849	167832850	0	False	NA
chr2_170819855_170819856	chr2	170819855	170819856	3823	True	2
chr2_171517282_171517283	chr2	171517282	171517283	273	True	2
chr2_174558074_174558075	chr2	174558074	174558075	8812	True	4
chr2_175178255_175178256	chr2	175178255	175178256	10647	True	1
chr2_178038940_178038941	chr2	178038940	178038941	825	True	2
chr2_186638452_186638453	chr2	186638452	186638453	610	True	4
chr2_187466824_187466825	chr2	187466824	187466825	4620	True	4
chr2_187466864_187466865	chr2	187466864	187466865	3013	True	4
chr2_187467010_187467011	chr2	187467010	187467011	1576	True	4
chr2_187467032_187467033	chr2	187467032	187467033	1508	True	4
chr2_187467791_187467792	chr2	187467791	187467792	3483	True	4
chr2_187467826_187467827	chr2	187467826	187467827	4472	True	4
chr2_187484129_187484130	chr2	187484129	187484130	5555	True	4
chr2_187484180_187484181	chr2	187484180	187484181	5519	True	4
chr2_187484854_187484855	chr2	187484854	187484855	7596	True	4
chr2_187484889_187484890	chr2	187484889	187484890	9357	True	4
chr2_187484920_187484921	chr2	187484920	187484921	9364	True	4
chr2_187484975_187484976	chr2	187484975	187484976	5800	True	4
chr2_187496920_187496921	chr2	187496920	187496921	7829	True	3
chr2_187496955_187496956	chr2	187496955	187496956	9506	True	3
chr2_187496982_187496983	chr2	187496982	187496983	10270	True	3
chr2_188994735_188994736	chr2	188994735	188994736	0	False	NA
chr2_189010858_189010859	chr2	189010858	189010859	0	False	NA
chr2_189011714_189011715	chr2	189011714	189011715	136	False	NA
chr2_189011807_189011808	chr2	189011807	189011808	178	False	NA
chr2_189011830_189011831	chr2	189011830	189011831	178	False	NA
chr2_189011985_189011986	chr2	189011985	189011986	331	True	2
chr2_189012000_189012001	chr2	189012000	189012001	331	True	2
chr2_189012705_189012706	chr2	189012705	189012706	72	False	NA
chr2_196332414_196332415	chr2	196332414	196332415	0	False	NA
chr2_196349261_196349262	chr2	196349261	196349262	0	False	NA
chr2_197400858_197400859	chr2	197400858	197400859	5757	True	3
chr2_197403702_197403703	chr2	197403702	197403703	6494	True	3
chr2_197405312_197405313	chr2	197405312	197405313	2998	True	4
chr2_197421051_197421052	chr2	197421051	197421052	3003	True	4
chr2_197486741_197486742	chr2	197486741	197486742	5261	True	1
chr2_197487021_197487022	chr2	197487021	197487022	1547	True	3
chr2_197487872_197487873	chr2	197487872	197487873	4869	True	3
chr2_197487920_197487921	chr2	197487920	197487921	5070	True	3
chr2_197488024_197488025	chr2	197488024	197488025	923	True	4
chr2_197488362_197488363	chr2	197488362	197488363	5739	True	5
chr2_197488429_197488430	chr2	197488429	197488430	5766	True	3
chr2_197489025_197489026	chr2	197489025	197489026	6346	True	3
chr2_197489145_197489146	chr2	197489145	197489146	6808	True	3
chr2_197490218_197490219	chr2	197490218	197490219	4052	True	3
chr2_197493342_197493343	chr2	197493342	197493343	5784	True	5
chr2_197493378_197493379	chr2	197493378	197493379	6722	True	5
chr2_197493438_197493439	chr2	197493438	197493439	6528	True	3
chr2_197494173_197494174	chr2	197494173	197494174	2497	True	4
chr2_197494219_197494220	chr2	197494219	197494220	2095	True	4
chr2_197494706_197494707	chr2	197494706	197494707	5923	True	5
chr2_197494740_197494741	chr2	197494740	197494741	6070	True	3
chr2_197495316_197495317	chr2	197495316	197495317	4288	True	4
chr2_197495341_197495342	chr2	197495341	197495342	2868	True	4
chr2_197497201_197497202	chr2	197497201	197497202	9148	True	3
chr2_197497221_197497222	chr2	197497221	197497222	9441	True	3
chr2_197497250_197497251	chr2	197497250	197497251	10333	True	3
chr2_197497275_197497276	chr2	197497275	197497276	10767	True	3
chr2_197497296_197497297	chr2	197497296	197497297	14389	True	3
chr2_197497378_197497379	chr2	197497378	197497379	6935	True	3
chr2_197498685_197498686	chr2	197498685	197498686	4176	True	5
chr2_197498710_197498711	chr2	197498710	197498711	5143	True	5
chr2_197499815_197499816	chr2	197499815	197499816	7322	True	3
chr2_197499841_197499842	chr2	197499841	197499842	7091	True	3
chr2_197499867_197499868	chr2	197499867	197499868	6975	True	3
chr2_197500351_197500352	chr2	197500351	197500352	3953	True	3
chr2_197501117_197501118	chr2	197501117	197501118	2222	True	4
chr2_197501226_197501227	chr2	197501226	197501227	1405	True	6
chr2_197503054_197503055	chr2	197503054	197503055	546	True	2
chr2_197503216_197503217	chr2	197503216	197503217	2856	True	4
chr2_197503265_197503266	chr2	197503265	197503266	3307	True	1
chr2_197503299_197503300	chr2	197503299	197503300	2878	True	1
chr2_197503318_197503319	chr2	197503318	197503319	3166	True	1
chr2_200811971_200811972	chr2	200811971	200811972	1064	True	4
chr2_200813216_200813217	chr2	200813216	200813217	713	True	4
chr2_200813249_200813250	chr2	200813249	200813250	780	True	4
chr2_200813262_200813263	chr2	200813262	200813263	780	True	4
chr2_200815439_200815440	chr2	200815439	200815440	1504	True	4
chr2_200815696_200815697	chr2	200815696	200815697	788	True	4
chr2_200817128_200817129	chr2	200817128	200817129	536	True	4
chr2_200817214_200817215	chr2	200817214	200817215	589	True	4
chr2_200818002_200818003	chr2	200818002	200818003	175	False	NA
chr2_200821276_200821277	chr2	200821276	200821277	119	False	NA
chr2_200823225_200823226	chr2	200823225	200823226	678	True	2
chr2_200823593_200823594	chr2	200823593	200823594	99	False	NA
chr2_200830033_200830034	chr2	200830033	200830034	21414	True	1
chr2_202276437_202276438	chr2	202276437	202276438	21771	True	3
chr2_202276454_202276455	chr2	202276454	202276455	21832	True	3
chr2_202276484_202276485	chr2	202276484	202276485	21827	True	3
chr2_202278114_202278115	chr2	202278114	202278115	23566	True	3
chr2_202278132_202278133	chr2	202278132	202278133	23858	True	3
chr2_202278147_202278148	chr2	202278147	202278148	23551	True	3
chr2_202278159_202278160	chr2	202278159	202278160	23757	True	3
chr2_202291333_202291334	chr2	202291333	202291334	31598	True	5
chr2_202291354_202291355	chr2	202291354	202291355	31392	True	5
chr2_202291378_202291379	chr2	202291378	202291379	30750	True	5
chr2_202291393_202291394	chr2	202291393	202291394	30699	True	5
chr2_202293051_202293052	chr2	202293051	202293052	13215	True	5
chr2_202293070_202293071	chr2	202293070	202293071	13218	True	5
chr2_202293089_202293090	chr2	202293089	202293090	13172	True	5
chr2_202293108_202293109	chr2	202293108	202293109	13107	True	5
chr2_202976984_202976985	chr2	202976984	202976985	0	False	NA
chr2_203191224_203191225	chr2	203191224	203191225	88	False	NA
chr2_206071327_206071328	chr2	206071327	206071328	52	False	NA
chr2_206159899_206159900	chr2	206159899	206159900	6567	True	5
chr2_206159925_206159926	chr2	206159925	206159926	6566	True	5
chr2_206160617_206160618	chr2	206160617	206160618	4670	True	3
chr2_206161880_206161881	chr2	206161880	206161881	9015	True	5
chr2_206161898_206161899	chr2	206161898	206161899	9053	True	5
chr2_206161909_206161910	chr2	206161909	206161910	9075	True	5
chr2_206162226_206162227	chr2	206162226	206162227	90797	True	5
chr2_206162256_206162257	chr2	206162256	206162257	92143	True	5
chr2_206162277_206162278	chr2	206162277	206162278	92142	True	3
chr2_206162318_206162319	chr2	206162318	206162319	92121	True	3
chr2_206162829_206162830	chr2	206162829	206162830	40	False	NA
chr2_209630990_209630991	chr2	209630990	209630991	354	True	2
chr2_210556654_210556655	chr2	210556654	210556655	604	True	2
chr2_210556707_210556708	chr2	210556707	210556708	641	True	2
chr2_210573348_210573349	chr2	210573348	210573349	932	True	2
chr2_210579725_210579726	chr2	210579725	210579726	209	True	2
chr2_210590819_210590820	chr2	210590819	210590820	497	True	4
chr2_210591875_210591876	chr2	210591875	210591876	416	True	2
chr2_210612188_210612189	chr2	210612188	210612189	120	False	NA
chr2_210642650_210642651	chr2	210642650	210642651	70	False	NA
chr2_210656604_210656605	chr2	210656604	210656605	287	True	2
chr2_210679048_210679049	chr2	210679048	210679049	327	True	2
chr2_211775713_211775714	chr2	211775713	211775714	14	False	NA
chr2_213513030_213513031	chr2	213513030	213513031	0	False	NA
chr2_213714202_213714203	chr2	213714202	213714203	29	False	NA
chr2_215346911_215346912	chr2	215346911	215346912	1589	True	4
chr2_216117762_216117763	chr2	216117762	216117763	1467	True	4
chr2_216122212_216122213	chr2	216122212	216122213	2862	True	4
chr2_216122243_216122244	chr2	216122243	216122244	2264	True	4
chr2_216125964_216125965	chr2	216125964	216125965	2328	True	4
chr2_216126007_216126008	chr2	216126007	216126008	2283	True	4
chr2_216127623_216127624	chr2	216127623	216127624	3777	True	4
chr2_216130972_216130973	chr2	216130972	216130973	2301	True	4
chr2_216137201_216137202	chr2	216137201	216137202	1687	True	4
chr2_216148135_216148136	chr2	216148135	216148136	3210	True	3
chr2_216148202_216148203	chr2	216148202	216148203	2970	True	3
chr2_216148223_216148224	chr2	216148223	216148224	2690	True	3
chr2_216148266_216148267	chr2	216148266	216148267	1856	True	3
chr2_216190256_216190257	chr2	216190256	216190257	2084	True	3
chr2_216190283_216190284	chr2	216190283	216190284	2144	True	3
chr2_216204366_216204367	chr2	216204366	216204367	1791	True	3
chr2_216205196_216205197	chr2	216205196	216205197	3211	True	3
chr2_216205389_216205390	chr2	216205389	216205390	3340	True	1
chr2_216268245_216268246	chr2	216268245	216268246	0	False	NA
chr2_216498842_216498843	chr2	216498842	216498843	19819	True	1
chr2_216498872_216498873	chr2	216498872	216498873	20040	True	1
chr2_216499279_216499280	chr2	216499279	216499280	26306	True	6
chr2_216499304_216499305	chr2	216499304	216499305	30085	True	6
chr2_216499317_216499318	chr2	216499317	216499318	29780	True	6
chr2_216499353_216499354	chr2	216499353	216499354	29784	True	6
chr2_216499389_216499390	chr2	216499389	216499390	28555	True	6
chr2_216499956_216499957	chr2	216499956	216499957	29937	True	5
chr2_216499995_216499996	chr2	216499995	216499996	30063	True	5
chr2_216500026_216500027	chr2	216500026	216500027	30246	True	5
chr2_216501356_216501357	chr2	216501356	216501357	14262	True	1
chr2_216501400_216501401	chr2	216501400	216501401	15216	True	1
chr2_216501418_216501419	chr2	216501418	216501419	15063	True	1
chr2_218402655_218402656	chr2	218402655	218402656	11423	True	4
chr2_222908877_222908878	chr2	222908877	222908878	6099	True	1
chr2_222930665_222930666	chr2	222930665	222930666	4516	True	4
chr2_223975321_223975322	chr2	223975321	223975322	441	True	2
chr2_223975536_223975537	chr2	223975536	223975537	196	False	NA
chr2_223977566_223977567	chr2	223977566	223977567	120	False	NA
chr2_223977611_223977612	chr2	223977611	223977612	120	False	NA
chr2_223998328_223998329	chr2	223998328	223998329	165	False	NA
chr2_227232248_227232249	chr2	227232248	227232249	5	False	NA
chr2_229180914_229180915	chr2	229180914	229180915	78836	True	6
chr2_229180972_229180973	chr2	229180972	229180973	71961	True	6
chr2_229181003_229181004	chr2	229181003	229181004	64994	True	6
chr2_229181017_229181018	chr2	229181017	229181018	60936	True	6
chr2_229264315_229264316	chr2	229264315	229264316	0	False	NA
chr2_231454849_231454850	chr2	231454849	231454850	13459	True	1
chr2_231454871_231454872	chr2	231454871	231454872	13577	True	1
chr2_231454914_231454915	chr2	231454914	231454915	13870	True	1
chr2_231454963_231454964	chr2	231454963	231454964	6643	True	1
chr2_231455085_231455086	chr2	231455085	231455086	7738	True	1
chr2_231455137_231455138	chr2	231455137	231455138	8196	True	5
chr2_231455168_231455169	chr2	231455168	231455169	9367	True	5
chr2_231455616_231455617	chr2	231455616	231455617	7917	True	3
chr2_231455822_231455823	chr2	231455822	231455823	72635	True	6
chr2_231455836_231455837	chr2	231455836	231455837	92216	True	6
chr2_231455850_231455851	chr2	231455850	231455851	92790	True	6
chr2_231455867_231455868	chr2	231455867	231455868	93102	True	6
chr2_231455896_231455897	chr2	231455896	231455897	93159	True	6
chr2_231455910_231455911	chr2	231455910	231455911	93306	True	6
chr2_231455937_231455938	chr2	231455937	231455938	90785	True	3
chr2_231456045_231456046	chr2	231456045	231456046	9248	True	3
chr2_231456075_231456076	chr2	231456075	231456076	9193	True	3
chr2_231456479_231456480	chr2	231456479	231456480	42934	True	3
chr2_231456494_231456495	chr2	231456494	231456495	42922	True	3
chr2_231456507_231456508	chr2	231456507	231456508	43235	True	3
chr2_231456525_231456526	chr2	231456525	231456526	43281	True	3
chr2_231456647_231456648	chr2	231456647	231456648	9946	True	3
chr2_231456710_231456711	chr2	231456710	231456711	9645	True	3
chr2_231456756_231456757	chr2	231456756	231456757	8683	True	3
chr2_231457038_231457039	chr2	231457038	231457039	3118	True	3
chr2_231457104_231457105	chr2	231457104	231457105	3529	True	3
chr2_231457679_231457680	chr2	231457679	231457680	8262	True	5
chr2_231457708_231457709	chr2	231457708	231457709	13622	True	5
chr2_231457784_231457785	chr2	231457784	231457785	12368	True	3
chr2_231458319_231458320	chr2	231458319	231458320	8340	True	3
chr2_231458351_231458352	chr2	231458351	231458352	9101	True	3
chr2_231459068_231459069	chr2	231459068	231459069	7411	True	5
chr2_231459106_231459107	chr2	231459106	231459107	6987	True	3
chr2_231460244_231460245	chr2	231460244	231460245	10122	True	3
chr2_231460269_231460270	chr2	231460269	231460270	9856	True	3
chr2_231460393_231460394	chr2	231460393	231460394	18740	True	3
chr2_231460410_231460411	chr2	231460410	231460411	19407	True	3
chr2_231460426_231460427	chr2	231460426	231460427	23330	True	3
chr2_231460439_231460440	chr2	231460439	231460440	29635	True	3
chr2_231460553_231460554	chr2	231460553	231460554	19398	True	3
chr2_231460735_231460736	chr2	231460735	231460736	29606	True	3
chr2_231460796_231460797	chr2	231460796	231460797	22589	True	3
chr2_231460842_231460843	chr2	231460842	231460843	13513	True	3
chr2_231461549_231461550	chr2	231461549	231461550	18441	True	3
chr2_231461589_231461590	chr2	231461589	231461590	22740	True	3
chr2_231461640_231461641	chr2	231461640	231461641	25586	True	3
chr2_231461676_231461677	chr2	231461676	231461677	18005	True	3
chr2_231461841_231461842	chr2	231461841	231461842	16203	True	3
chr2_231463213_231463214	chr2	231463213	231463214	23557	True	3
chr2_231463236_231463237	chr2	231463236	231463237	23593	True	3
chr2_231463277_231463278	chr2	231463277	231463278	23642	True	3
chr2_231463300_231463301	chr2	231463300	231463301	23524	True	3
chr2_231464372_231464373	chr2	231464372	231464373	11528	True	3
chr2_231502201_231502202	chr2	231502201	231502202	357	True	2
chr2_231708526_231708527	chr2	231708526	231708527	13276	True	5
chr2_231708559_231708560	chr2	231708559	231708560	13276	True	5
chr2_231708637_231708638	chr2	231708637	231708638	12940	True	5
chr2_231708671_231708672	chr2	231708671	231708672	1797	True	4
chr2_231708740_231708741	chr2	231708740	231708741	2302	True	4
chr2_231711351_231711352	chr2	231711351	231711352	2197	True	4
chr2_231711375_231711376	chr2	231711375	231711376	2218	True	4
chr2_231711409_231711410	chr2	231711409	231711410	2070	True	4
chr2_231711897_231711898	chr2	231711897	231711898	11640	True	3
chr2_231711925_231711926	chr2	231711925	231711926	11729	True	3
chr2_231711975_231711976	chr2	231711975	231711976	11999	True	3
chr2_231712461_231712462	chr2	231712461	231712462	17181	True	5
chr2_231712852_231712853	chr2	231712852	231712853	4730	True	5
chr2_231712874_231712875	chr2	231712874	231712875	4562	True	5
chr2_231712906_231712907	chr2	231712906	231712907	4292	True	5
chr2_231712928_231712929	chr2	231712928	231712929	4292	True	5
chr2_231713090_231713091	chr2	231713090	231713091	28	False	NA
chr2_231713133_231713134	chr2	231713133	231713134	38	False	NA
chr2_231713171_231713172	chr2	231713171	231713172	38	False	NA
chr2_231713382_231713383	chr2	231713382	231713383	1426	True	4
chr2_233275747_233275748	chr2	233275747	233275748	45274	True	3
chr2_233275806_233275807	chr2	233275806	233275807	145347	True	3
chr2_233275830_233275831	chr2	233275830	233275831	143963	True	3
chr2_233275858_233275859	chr2	233275858	233275859	157734	True	3
chr2_233275885_233275886	chr2	233275885	233275886	151885	True	3
chr2_233275928_233275929	chr2	233275928	233275929	138755	True	3
chr2_233275945_233275946	chr2	233275945	233275946	122846	True	3
chr2_233275958_233275959	chr2	233275958	233275959	122820	True	3
chr2_233288673_233288674	chr2	233288673	233288674	17566	True	4
chr2_233288732_233288733	chr2	233288732	233288733	38805	True	4
chr2_233288813_233288814	chr2	233288813	233288814	53605	True	3
chr2_233288834_233288835	chr2	233288834	233288835	49640	True	3
chr2_233288866_233288867	chr2	233288866	233288867	46009	True	3
chr2_233288884_233288885	chr2	233288884	233288885	40980	True	3
chr2_233288902_233288903	chr2	233288902	233288903	38918	True	3
chr2_238161711_238161712	chr2	238161711	238161712	11	False	NA
chr2_238733487_238733488	chr2	238733487	238733488	0	False	NA
chr2_240466263_240466264	chr2	240466263	240466264	94	False	NA
chr2_241256202_241256203	chr2	241256202	241256203	7835	True	3
chr2_241352083_241352084	chr2	241352083	241352084	6907	True	1
chr20_1369917_1369918	chr20	1369917	1369918	3116	True	5
chr20_2461697_2461698	chr20	2461697	2461698	7261	True	1
chr20_2462994_2462995	chr20	2462994	2462995	12288	True	3
chr20_2463021_2463022	chr20	2463021	2463022	13178	True	3
chr20_2463035_2463036	chr20	2463035	2463036	13186	True	3
chr20_2654210_2654211	chr20	2654210	2654211	44358	True	3
chr20_2654234_2654235	chr20	2654234	2654235	44457	True	3
chr20_2654257_2654258	chr20	2654257	2654258	44038	True	3
chr20_2655064_2655065	chr20	2655064	2655065	140766	True	3
chr20_2655080_2655081	chr20	2655080	2655081	141588	True	3
chr20_2655097_2655098	chr20	2655097	2655098	141545	True	3
chr20_2655113_2655114	chr20	2655113	2655114	141297	True	3
chr20_2655139_2655140	chr20	2655139	2655140	141356	True	3
chr20_2656097_2656098	chr20	2656097	2656098	4848	True	4
chr20_2656622_2656623	chr20	2656622	2656623	73421	True	5
chr20_2656642_2656643	chr20	2656642	2656643	74233	True	5
chr20_2656937_2656938	chr20	2656937	2656938	54010	True	5
chr20_2656969_2656970	chr20	2656969	2656970	53070	True	5
chr20_2656984_2656985	chr20	2656984	2656985	53760	True	5
chr20_2658348_2658349	chr20	2658348	2658349	2373	True	4
chr20_5890056_5890057	chr20	5890056	5890057	1739	True	4
chr20_8270499_8270500	chr20	8270499	8270500	62	False	NA
chr20_9356938_9356939	chr20	9356938	9356939	5	False	NA
chr20_11918430_11918431	chr20	11918430	11918431	361	True	4
chr20_16670688_16670689	chr20	16670688	16670689	14040	True	3
chr20_17187547_17187548	chr20	17187547	17187548	1195	True	2
chr20_17209162_17209163	chr20	17209162	17209163	123	False	NA
chr20_17962741_17962742	chr20	17962741	17962742	70610	True	3
chr20_17962753_17962754	chr20	17962753	17962754	71587	True	3
chr20_17962771_17962772	chr20	17962771	17962772	104004	True	3
chr20_17962787_17962788	chr20	17962787	17962788	115621	True	3
chr20_17962823_17962824	chr20	17962823	17962824	127792	True	3
chr20_17962858_17962859	chr20	17962858	17962859	174624	True	3
chr20_17962873_17962874	chr20	17962873	17962874	172150	True	3
chr20_17962927_17962928	chr20	17962927	17962928	112250	True	3
chr20_17962947_17962948	chr20	17962947	17962948	110879	True	3
chr20_21166213_21166214	chr20	21166213	21166214	241	True	2
chr20_26209369_26209370	chr20	26209369	26209370	7489	True	4
chr20_26209453_26209454	chr20	26209453	26209454	7077	True	4
chr20_29297126_29297127	chr20	29297126	29297127	50	False	NA
chr20_29741525_29741526	chr20	29741525	29741526	571	True	4
chr20_29741541_29741542	chr20	29741541	29741542	587	True	4
chr20_29741601_29741602	chr20	29741601	29741602	583	True	4
chr20_30485005_30485006	chr20	30485005	30485006	1469	True	4
chr20_30485044_30485045	chr20	30485044	30485045	1141	True	4
chr20_30485076_30485077	chr20	30485076	30485077	820	True	4
chr20_31544965_31544966	chr20	31544965	31544966	2067	True	4
chr20_31569386_31569387	chr20	31569386	31569387	4147	True	4
chr20_31569487_31569488	chr20	31569487	31569488	4511	True	4
chr20_31605346_31605347	chr20	31605346	31605347	8495	True	3
chr20_31792793_31792794	chr20	31792793	31792794	3732	True	4
chr20_31901253_31901254	chr20	31901253	31901254	3148	True	4
chr20_33495070_33495071	chr20	33495070	33495071	64	False	NA
chr20_35556043_35556044	chr20	35556043	35556044	2793	True	4
chr20_35664900_35664901	chr20	35664900	35664901	5549	True	3
chr20_35707131_35707132	chr20	35707131	35707132	8951	True	4
chr20_36046841_36046842	chr20	36046841	36046842	16705	True	3
chr20_36093519_36093520	chr20	36093519	36093520	42	False	NA
chr20_37228560_37228561	chr20	37228560	37228561	4352	True	4
chr20_37975276_37975277	chr20	37975276	37975277	2066	True	6
chr20_38425217_38425218	chr20	38425217	38425218	38774	True	5
chr20_38425233_38425234	chr20	38425233	38425234	46313	True	5
chr20_38425255_38425256	chr20	38425255	38425256	46435	True	5
chr20_38425268_38425269	chr20	38425268	38425269	46440	True	5
chr20_38425285_38425286	chr20	38425285	38425286	46444	True	5
chr20_38425301_38425302	chr20	38425301	38425302	46456	True	5
chr20_38425323_38425324	chr20	38425323	38425324	46318	True	5
chr20_38425333_38425334	chr20	38425333	38425334	40163	True	5
chr20_38427340_38427341	chr20	38427340	38427341	22659	True	3
chr20_38427364_38427365	chr20	38427364	38427365	25842	True	3
chr20_38427396_38427397	chr20	38427396	38427397	25907	True	3
chr20_38427422_38427423	chr20	38427422	38427423	25958	True	3
chr20_38427444_38427445	chr20	38427444	38427445	24730	True	3
chr20_38429704_38429705	chr20	38429704	38429705	17762	True	3
chr20_38429725_38429726	chr20	38429725	38429726	19761	True	3
chr20_38429758_38429759	chr20	38429758	38429759	19723	True	3
chr20_38429807_38429808	chr20	38429807	38429808	14903	True	3
chr20_38433889_38433890	chr20	38433889	38433890	27467	True	3
chr20_38433900_38433901	chr20	38433900	38433901	31711	True	3
chr20_38433920_38433921	chr20	38433920	38433921	31768	True	3
chr20_38433937_38433938	chr20	38433937	38433938	31768	True	3
chr20_38433953_38433954	chr20	38433953	38433954	31761	True	3
chr20_38433969_38433970	chr20	38433969	38433970	31772	True	3
chr20_38434000_38434001	chr20	38434000	38434001	28036	True	3
chr20_38448081_38448082	chr20	38448081	38448082	5372	True	4
chr20_38449367_38449368	chr20	38449367	38449368	11496	True	4
chr20_43457895_43457896	chr20	43457895	43457896	4921	True	4
chr20_43460034_43460035	chr20	43460034	43460035	5473	True	4
chr20_43473029_43473030	chr20	43473029	43473030	1205	True	2
chr20_45816890_45816891	chr20	45816890	45816891	2924	True	2
chr20_49063323_49063324	chr20	49063323	49063324	1552	True	4
chr20_49090806_49090807	chr20	49090806	49090807	1039	True	4
chr20_49092054_49092055	chr20	49092054	49092055	800	True	4
chr20_49278943_49278944	chr20	49278943	49278944	81912	True	5
chr20_49278965_49278966	chr20	49278965	49278966	82549	True	5
chr20_49278997_49278998	chr20	49278997	49278998	83554	True	5
chr20_49280323_49280324	chr20	49280323	49280324	106898	True	1
chr20_49280345_49280346	chr20	49280345	49280346	107898	True	1
chr20_49280360_49280361	chr20	49280360	49280361	107924	True	1
chr20_49280374_49280375	chr20	49280374	49280375	108006	True	1
chr20_49280686_49280687	chr20	49280686	49280687	54075	True	5
chr20_49280708_49280709	chr20	49280708	49280709	53930	True	5
chr20_49280738_49280739	chr20	49280738	49280739	53536	True	5
chr20_50192572_50192573	chr20	50192572	50192573	3314	True	5
chr20_50890937_50890938	chr20	50890937	50890938	2254	True	5
chr20_53375816_53375817	chr20	53375816	53375817	0	False	NA
chr20_58891726_58891727	chr20	58891726	58891727	11435	True	3
chr20_58891746_58891747	chr20	58891746	58891747	13479	True	3
chr20_58891829_58891830	chr20	58891829	58891830	10098	True	3
chr20_58895631_58895632	chr20	58895631	58895632	7435	True	3
chr20_58895671_58895672	chr20	58895671	58895672	7760	True	3
chr20_58903535_58903536	chr20	58903535	58903536	6585	True	3
chr20_58903563_58903564	chr20	58903563	58903564	6537	True	3
chr20_58903674_58903675	chr20	58903674	58903675	9781	True	3
chr20_58903692_58903693	chr20	58903692	58903693	9285	True	3
chr20_58905387_58905388	chr20	58905387	58905388	6993	True	3
chr20_58909179_58909180	chr20	58909179	58909180	6034	True	3
chr20_58909380_58909381	chr20	58909380	58909381	5072	True	5
chr20_58909978_58909979	chr20	58909978	58909979	9848	True	3
chr20_58910041_58910042	chr20	58910041	58910042	9972	True	3
chr20_58910387_58910388	chr20	58910387	58910388	7804	True	3
chr20_58910728_58910729	chr20	58910728	58910729	10884	True	3
chr20_58910758_58910759	chr20	58910758	58910759	13454	True	3
chr20_58910788_58910789	chr20	58910788	58910789	13839	True	5
chr20_58910809_58910810	chr20	58910809	58910810	16526	True	1
chr20_58910846_58910847	chr20	58910846	58910847	14210	True	1
chr20_58910892_58910893	chr20	58910892	58910893	27570	True	1
chr20_58910960_58910961	chr20	58910960	58910961	30476	True	1
chr20_58910973_58910974	chr20	58910973	58910974	30637	True	1
chr20_58911004_58911005	chr20	58911004	58911005	27561	True	1
chr20_58911073_58911074	chr20	58911073	58911074	19879	True	1
chr20_58911111_58911112	chr20	58911111	58911112	5356	True	1
chr20_58911133_58911134	chr20	58911133	58911134	4673	True	1
chr20_58995241_58995242	chr20	58995241	58995242	780	True	3
chr20_59028817_59028818	chr20	59028817	59028818	7038	True	6
chr20_59030411_59030412	chr20	59030411	59030412	6167	True	3
chr20_62136776_62136777	chr20	62136776	62136777	5584	True	1
chr20_62136821_62136822	chr20	62136821	62136822	7692	True	1
chr20_62136921_62136922	chr20	62136921	62136922	6307	True	1
chr20_62136947_62136948	chr20	62136947	62136948	4108	True	3
chr20_62137383_62137384	chr20	62137383	62137384	1468	True	4
chr20_62140921_62140922	chr20	62140921	62140922	7080	True	3
chr20_62353383_62353384	chr20	62353383	62353384	839	True	2
chr20_62387104_62387105	chr20	62387104	62387105	13594	True	1
chr20_62387340_62387341	chr20	62387340	62387341	10905	True	3
chr20_62387651_62387652	chr20	62387651	62387652	8865	True	6
chr20_62387865_62387866	chr20	62387865	62387866	20099	True	1
chr20_62387881_62387882	chr20	62387881	62387882	20128	True	1
chr20_62387902_62387903	chr20	62387902	62387903	19887	True	1
chr20_62388320_62388321	chr20	62388320	62388321	11218	True	6
chr20_62388358_62388359	chr20	62388358	62388359	11434	True	6
chr20_62388461_62388462	chr20	62388461	62388462	5491	True	1
chr20_62388476_62388477	chr20	62388476	62388477	5566	True	1
chr20_63891414_63891415	chr20	63891414	63891415	1475	True	4
chr20_63908959_63908960	chr20	63908959	63908960	3516	True	5
chr21_8209270_8209271	chr21	8209270	8209271	664	True	2
chr21_8209630_8209631	chr21	8209630	8209631	243	True	2
chr21_8209726_8209727	chr21	8209726	8209727	436	True	2
chr21_8211409_8211410	chr21	8211409	8211410	22	False	NA
chr21_8213616_8213617	chr21	8213616	8213617	2338	True	2
chr21_8213886_8213887	chr21	8213886	8213887	95	False	NA
chr21_8213930_8213931	chr21	8213930	8213931	114	False	NA
chr21_8214634_8214635	chr21	8214634	8214635	165	False	NA
chr21_8214660_8214661	chr21	8214660	8214661	165	False	NA
chr21_8215032_8215033	chr21	8215032	8215033	18420	True	2
chr21_8216320_8216321	chr21	8216320	8216321	5465	True	6
chr21_8216344_8216345	chr21	8216344	8216345	5437	True	6
chr21_8217515_8217516	chr21	8217515	8217516	3384	True	4
chr21_8217590_8217591	chr21	8217590	8217591	3208	True	4
chr21_8217614_8217615	chr21	8217614	8217615	2658	True	2
chr21_8218484_8218485	chr21	8218484	8218485	10893	True	4
chr21_8218722_8218723	chr21	8218722	8218723	29297	True	3
chr21_8218739_8218740	chr21	8218739	8218740	27424	True	3
chr21_8218757_8218758	chr21	8218757	8218758	26199	True	3
chr21_8218823_8218824	chr21	8218823	8218824	31121	True	3
chr21_8218923_8218924	chr21	8218923	8218924	6669	True	3
chr21_8391670_8391671	chr21	8391670	8391671	5442	True	4
chr21_8392303_8392304	chr21	8392303	8392304	113	False	NA
chr21_8397569_8397570	chr21	8397569	8397570	119511	True	3
chr21_8397610_8397611	chr21	8397610	8397611	120230	True	3
chr21_8397648_8397649	chr21	8397648	8397649	120975	True	3
chr21_8397704_8397705	chr21	8397704	8397705	120903	True	3
chr21_8397849_8397850	chr21	8397849	8397850	3338	True	3
chr21_8397944_8397945	chr21	8397944	8397945	5610	True	3
chr21_8398525_8398526	chr21	8398525	8398526	12	False	NA
chr21_8401687_8401688	chr21	8401687	8401688	22053	True	4
chr21_8401761_8401762	chr21	8401761	8401762	28318	True	6
chr21_8401778_8401779	chr21	8401778	8401779	28263	True	6
chr21_8401911_8401912	chr21	8401911	8401912	1226	True	2
chr21_8401929_8401930	chr21	8401929	8401930	919	True	2
chr21_8441189_8441190	chr21	8441189	8441190	1487	True	4
chr21_8442324_8442325	chr21	8442324	8442325	3533	True	2
chr21_8443190_8443191	chr21	8443190	8443191	90	False	NA
chr21_8443212_8443213	chr21	8443212	8443213	8176	True	2
chr21_8443236_8443237	chr21	8443236	8443237	8197	True	2
chr21_8443278_8443279	chr21	8443278	8443279	8231	True	2
chr21_16539100_16539101	chr21	16539100	16539101	609	True	2
chr21_16539836_16539837	chr21	16539836	16539837	318	True	2
chr21_24859462_24859463	chr21	24859462	24859463	0	False	NA
chr21_25362885_25362886	chr21	25362885	25362886	48	False	NA
chr21_25573982_25573983	chr21	25573982	25573983	56	False	NA
chr21_25880841_25880842	chr21	25880841	25880842	2877	True	4
chr21_25975097_25975098	chr21	25975097	25975098	1780	True	4
chr21_29061301_29061302	chr21	29061301	29061302	6659	True	3
chr21_29062214_29062215	chr21	29062214	29062215	4337	True	3
chr21_29063364_29063365	chr21	29063364	29063365	2037	True	5
chr21_29063426_29063427	chr21	29063426	29063427	5848	True	5
chr21_29063491_29063492	chr21	29063491	29063492	4855	True	3
chr21_29185689_29185690	chr21	29185689	29185690	0	False	NA
chr21_29212361_29212362	chr21	29212361	29212362	11	False	NA
chr21_31668614_31668615	chr21	31668614	31668615	6039	True	1
chr21_32377216_32377217	chr21	32377216	32377217	9993	True	3
chr21_32377255_32377256	chr21	32377255	32377256	10529	True	3
chr21_32377276_32377277	chr21	32377276	32377277	10536	True	3
chr21_32377310_32377311	chr21	32377310	32377311	10522	True	3
chr21_32377325_32377326	chr21	32377325	32377326	9593	True	3
chr21_34305147_34305148	chr21	34305147	34305148	250	True	2
chr21_36198446_36198447	chr21	36198446	36198447	0	False	NA
chr21_36949317_36949318	chr21	36949317	36949318	0	False	NA
chr21_38823235_38823236	chr21	38823235	38823236	862	True	2
chr21_40425542_40425543	chr21	40425542	40425543	0	False	NA
chr21_41579898_41579899	chr21	41579898	41579899	0	False	NA
chr21_42568002_42568003	chr21	42568002	42568003	32	False	NA
chr21_43774040_43774041	chr21	43774040	43774041	4934	True	1
chr22_19517995_19517996	chr22	19517995	19517996	137	False	NA
chr22_20126398_20126399	chr22	20126398	20126399	88850	True	3
chr22_20126428_20126429	chr22	20126428	20126429	89082	True	3
chr22_20126442_20126443	chr22	20126442	20126443	88635	True	3
chr22_20126462_20126463	chr22	20126462	20126463	88427	True	3
chr22_20126492_20126493	chr22	20126492	20126493	87725	True	3
chr22_20127103_20127104	chr22	20127103	20127104	18942	True	1
chr22_20127147_20127148	chr22	20127147	20127148	26549	True	1
chr22_20127213_20127214	chr22	20127213	20127214	21810	True	1
chr22_23867220_23867221	chr22	23867220	23867221	0	False	NA
chr22_23894490_23894491	chr22	23894490	23894491	20172	True	3
chr22_23894774_23894775	chr22	23894774	23894775	7411	True	3
chr22_23895058_23895059	chr22	23895058	23895059	12062	True	1
chr22_23895097_23895098	chr22	23895097	23895098	13268	True	1
chr22_23895167_23895168	chr22	23895167	23895168	9242	True	1
chr22_24455280_24455281	chr22	24455280	24455281	0	False	NA
chr22_28501398_28501399	chr22	28501398	28501399	334	True	2
chr22_28563447_28563448	chr22	28563447	28563448	754	True	4
chr22_29333232_29333233	chr22	29333232	29333233	2556	True	3
chr22_29333247_29333248	chr22	29333247	29333248	2556	True	3
chr22_32213275_32213276	chr22	32213275	32213276	0	False	NA
chr22_35838342_35838343	chr22	35838342	35838343	964	True	3
chr22_36281674_36281675	chr22	36281674	36281675	2703	True	5
chr22_36299009_36299010	chr22	36299009	36299010	2751	True	4
chr22_36300137_36300138	chr22	36300137	36300138	2296	True	4
chr22_36321803_36321804	chr22	36321803	36321804	678	True	4
chr22_36341484_36341485	chr22	36341484	36341485	2369	True	4
chr22_36387968_36387969	chr22	36387968	36387969	1236	True	4
chr22_37678628_37678629	chr22	37678628	37678629	1558	True	4
chr22_37679610_37679611	chr22	37679610	37679611	2023	True	3
chr22_37679660_37679661	chr22	37679660	37679661	2346	True	3
chr22_37679698_37679699	chr22	37679698	37679699	2399	True	3
chr22_37679727_37679728	chr22	37679727	37679728	1182	True	4
chr22_37967759_37967760	chr22	37967759	37967760	948	True	2
chr22_38290935_38290936	chr22	38290935	38290936	4681	True	1
chr22_39313854_39313855	chr22	39313854	39313855	42468	True	3
chr22_39313876_39313877	chr22	39313876	39313877	42533	True	3
chr22_39313909_39313910	chr22	39313909	39313910	42460	True	3
chr22_39314181_39314182	chr22	39314181	39314182	21689	True	3
chr22_39314204_39314205	chr22	39314204	39314205	21431	True	3
chr22_39314712_39314713	chr22	39314712	39314713	14958	True	6
chr22_39314775_39314776	chr22	39314775	39314776	18367	True	6
chr22_39314825_39314826	chr22	39314825	39314826	14575	True	3
chr22_39315241_39315242	chr22	39315241	39315242	34941	True	3
chr22_39315260_39315261	chr22	39315260	39315261	35047	True	3
chr22_39315272_39315273	chr22	39315272	39315273	35191	True	3
chr22_39315287_39315288	chr22	39315287	39315288	36518	True	3
chr22_39315305_39315306	chr22	39315305	39315306	36577	True	3
chr22_39316744_39316745	chr22	39316744	39316745	10606	True	3
chr22_39317624_39317625	chr22	39317624	39317625	29905	True	3
chr22_39318433_39318434	chr22	39318433	39318434	11719	True	3
chr22_39319083_39319084	chr22	39319083	39319084	13138	True	3
chr22_39319098_39319099	chr22	39319098	39319099	13326	True	3
chr22_39319114_39319115	chr22	39319114	39319115	13384	True	3
chr22_39319623_39319624	chr22	39319623	39319624	4769	True	3
chr22_39520562_39520563	chr22	39520562	39520563	10229	True	5
chr22_39520610_39520611	chr22	39520610	39520611	11446	True	5
chr22_39521358_39521359	chr22	39521358	39521359	2158	True	4
chr22_39521546_39521547	chr22	39521546	39521547	6367	True	3
chr22_39522079_39522080	chr22	39522079	39522080	11046	True	5
chr22_39522554_39522555	chr22	39522554	39522555	6436	True	6
chr22_40972554_40972555	chr22	40972554	40972555	3495	True	1
chr22_40972598_40972599	chr22	40972598	40972599	3436	True	1
chr22_41636223_41636224	chr22	41636223	41636224	2428	True	5
chr22_41636529_41636530	chr22	41636529	41636530	2578	True	3
chr22_41636657_41636658	chr22	41636657	41636658	3692	True	3
chr22_41646977_41646978	chr22	41646977	41646978	1899	True	4
chr22_41867130_41867131	chr22	41867130	41867131	8049	True	5
chr22_41900947_41900948	chr22	41900947	41900948	5384	True	2
chr22_42615242_42615243	chr22	42615242	42615243	329659	True	1
chr22_42615255_42615256	chr22	42615255	42615256	330676	True	1
chr22_42615304_42615305	chr22	42615304	42615305	424279	True	1
chr22_42615322_42615323	chr22	42615322	42615323	424296	True	1
chr22_42615360_42615361	chr22	42615360	42615361	377032	True	1
chr22_43516276_43516277	chr22	43516276	43516277	0	False	NA
chr22_46112750_46112751	chr22	46112750	46112751	1025	True	2
chr22_46113688_46113689	chr22	46113688	46113689	1424	True	2
chr22_50210706_50210707	chr22	50210706	50210707	350	True	2
chr22_50595602_50595603	chr22	50595602	50595603	0	False	NA
chr3_181826_181827	chr3	181826	181827	19	False	NA
chr3_838792_838793	chr3	838792	838793	0	False	NA
chr3_4766582_4766583	chr3	4766582	4766583	100	False	NA
chr3_9806461_9806462	chr3	9806461	9806462	9098	True	1
chr3_9806534_9806535	chr3	9806534	9806535	10113	True	1
chr3_12836105_12836106	chr3	12836105	12836106	19638	True	1
chr3_12836197_12836198	chr3	12836197	12836198	18922	True	3
chr3_12836220_12836221	chr3	12836220	12836221	16445	True	3
chr3_12839388_12839389	chr3	12839388	12839389	14262	True	6
chr3_12839456_12839457	chr3	12839456	12839457	23026	True	6
chr3_12839482_12839483	chr3	12839482	12839483	22925	True	6
chr3_12839527_12839528	chr3	12839527	12839528	22959	True	6
chr3_12840148_12840149	chr3	12840148	12840149	22089	True	3
chr3_12840181_12840182	chr3	12840181	12840182	22316	True	3
chr3_12840202_12840203	chr3	12840202	12840203	22325	True	3
chr3_12840223_12840224	chr3	12840223	12840224	22358	True	3
chr3_12840346_12840347	chr3	12840346	12840347	12677	True	4
chr3_12840365_12840366	chr3	12840365	12840366	18217	True	4
chr3_12840384_12840385	chr3	12840384	12840385	17980	True	4
chr3_12840402_12840403	chr3	12840402	12840403	17944	True	4
chr3_12840420_12840421	chr3	12840420	12840421	17818	True	4
chr3_12840435_12840436	chr3	12840435	12840436	17808	True	4
chr3_12840450_12840451	chr3	12840450	12840451	11396	True	4
chr3_12841541_12841542	chr3	12841541	12841542	15121	True	5
chr3_13378598_13378599	chr3	13378598	13378599	275	True	2
chr3_14178849_14178850	chr3	14178849	14178850	866	True	3
chr3_14183955_14183956	chr3	14183955	14183956	3125	True	3
chr3_14198303_14198304	chr3	14198303	14198304	2004	True	3
chr3_15052295_15052296	chr3	15052295	15052296	3998	True	3
chr3_18634908_18634909	chr3	18634908	18634909	0	False	NA
chr3_22345004_22345005	chr3	22345004	22345005	0	False	NA
chr3_23465436_23465437	chr3	23465436	23465437	0	False	NA
chr3_23917147_23917148	chr3	23917147	23917148	2448	True	3
chr3_23919213_23919214	chr3	23919213	23919214	3806	True	3
chr3_23919331_23919332	chr3	23919331	23919332	3787	True	6
chr3_23919354_23919355	chr3	23919354	23919355	3755	True	6
chr3_23919479_23919480	chr3	23919479	23919480	4862	True	1
chr3_23920676_23920677	chr3	23920676	23920677	2797	True	6
chr3_31576401_31576402	chr3	31576401	31576402	995	True	4
chr3_31614517_31614518	chr3	31614517	31614518	22	False	NA
chr3_31636309_31636310	chr3	31636309	31636310	1810	True	5
chr3_33120349_33120350	chr3	33120349	33120350	996	True	4
chr3_37771434_37771435	chr3	37771434	37771435	0	False	NA
chr3_37881009_37881010	chr3	37881009	37881010	36	False	NA
chr3_37961214_37961215	chr3	37961214	37961215	5	False	NA
chr3_39406719_39406720	chr3	39406719	39406720	8921	True	5
chr3_39407635_39407636	chr3	39407635	39407636	284	True	2
chr3_39407758_39407759	chr3	39407758	39407759	964	True	2
chr3_39408388_39408389	chr3	39408388	39408389	145271	True	5
chr3_39408400_39408401	chr3	39408400	39408401	159084	True	5
chr3_39408423_39408424	chr3	39408423	39408424	174464	True	5
chr3_39408434_39408435	chr3	39408434	39408435	174457	True	5
chr3_39408448_39408449	chr3	39408448	39408449	174315	True	5
chr3_39408462_39408463	chr3	39408462	39408463	174365	True	5
chr3_39408477_39408478	chr3	39408477	39408478	174295	True	5
chr3_39408502_39408503	chr3	39408502	39408503	159846	True	5
chr3_39408517_39408518	chr3	39408517	39408518	158195	True	5
chr3_39408616_39408617	chr3	39408616	39408617	10079	True	3
chr3_39411052_39411053	chr3	39411052	39411053	175685	True	5
chr3_39411064_39411065	chr3	39411064	39411065	182469	True	5
chr3_39411088_39411089	chr3	39411088	39411089	194943	True	5
chr3_39411115_39411116	chr3	39411115	39411116	194935	True	5
chr3_39411125_39411126	chr3	39411125	39411126	194882	True	5
chr3_39411144_39411145	chr3	39411144	39411145	194892	True	5
chr3_39411182_39411183	chr3	39411182	39411183	164515	True	5
chr3_40457336_40457337	chr3	40457336	40457337	6891	True	3
chr3_40458689_40458690	chr3	40458689	40458690	25659	True	1
chr3_40458719_40458720	chr3	40458719	40458720	25548	True	1
chr3_40461422_40461423	chr3	40461422	40461423	9424	True	3
chr3_40461439_40461440	chr3	40461439	40461440	9431	True	3
chr3_40461484_40461485	chr3	40461484	40461485	9223	True	3
chr3_40461633_40461634	chr3	40461633	40461634	23170	True	6
chr3_40462071_40462072	chr3	40462071	40462072	36250	True	3
chr3_40462100_40462101	chr3	40462100	40462101	36250	True	3
chr3_40462123_40462124	chr3	40462123	40462124	36250	True	3
chr3_40462299_40462300	chr3	40462299	40462300	2362	True	5
chr3_41224029_41224030	chr3	41224029	41224030	1668	True	4
chr3_41225713_41225714	chr3	41225713	41225714	3027	True	4
chr3_41225831_41225832	chr3	41225831	41225832	2150	True	4
chr3_41227323_41227324	chr3	41227323	41227324	1933	True	4
chr3_41233363_41233364	chr3	41233363	41233364	1745	True	4
chr3_41233423_41233424	chr3	41233423	41233424	1900	True	4
chr3_41233835_41233836	chr3	41233835	41233836	1922	True	4
chr3_41239274_41239275	chr3	41239274	41239275	3052	True	4
chr3_41239349_41239350	chr3	41239349	41239350	2748	True	4
chr3_41239829_41239830	chr3	41239829	41239830	3559	True	5
chr3_41239894_41239895	chr3	41239894	41239895	5273	True	1
chr3_41239938_41239939	chr3	41239938	41239939	9914	True	1
chr3_41240002_41240003	chr3	41240002	41240003	9291	True	1
chr3_41240026_41240027	chr3	41240026	41240027	9923	True	1
chr3_41240079_41240080	chr3	41240079	41240080	10009	True	1
chr3_41381661_41381662	chr3	41381661	41381662	0	False	NA
chr3_42221893_42221894	chr3	42221893	42221894	703	True	2
chr3_44968820_44968821	chr3	44968820	44968821	40	False	NA
chr3_45689014_45689015	chr3	45689014	45689015	16816	True	3
chr3_45689036_45689037	chr3	45689036	45689037	16796	True	3
chr3_45689078_45689079	chr3	45689078	45689079	16796	True	3
chr3_47852005_47852006	chr3	47852005	47852006	7628	True	3
chr3_48440271_48440272	chr3	48440271	48440272	916	True	4
chr3_49020695_49020696	chr3	49020695	49020696	4055	True	2
chr3_49359199_49359200	chr3	49359199	49359200	5367	True	1
chr3_49359225_49359226	chr3	49359225	49359226	5776	True	1
chr3_49359245_49359246	chr3	49359245	49359246	5892	True	1
chr3_49359446_49359447	chr3	49359446	49359447	6343	True	5
chr3_49359585_49359586	chr3	49359585	49359586	3801	True	1
chr3_49359926_49359927	chr3	49359926	49359927	7842	True	1
chr3_49360013_49360014	chr3	49360013	49360014	8473	True	5
chr3_49360052_49360053	chr3	49360052	49360053	10094	True	1
chr3_49360069_49360070	chr3	49360069	49360070	10223	True	1
chr3_49360120_49360121	chr3	49360120	49360121	8663	True	1
chr3_49362525_49362526	chr3	49362525	49362526	2686	True	3
chr3_49411927_49411928	chr3	49411927	49411928	4867	True	3
chr3_51385342_51385343	chr3	51385342	51385343	3894	True	4
chr3_51389169_51389170	chr3	51389169	51389170	3234	True	1
chr3_51993803_51993804	chr3	51993803	51993804	9950	True	6
chr3_51993832_51993833	chr3	51993832	51993833	10855	True	6
chr3_51993936_51993937	chr3	51993936	51993937	7793	True	3
chr3_51995894_51995895	chr3	51995894	51995895	8040	True	3
chr3_52268359_52268360	chr3	52268359	52268360	2489	True	2
chr3_52688889_52688890	chr3	52688889	52688890	2515	True	5
chr3_52688910_52688911	chr3	52688910	52688911	2466	True	5
chr3_52690751_52690752	chr3	52690751	52690752	3784	True	5
chr3_52690779_52690780	chr3	52690779	52690780	3793	True	5
chr3_52691376_52691377	chr3	52691376	52691377	10556	True	5
chr3_52691402_52691403	chr3	52691402	52691403	10401	True	5
chr3_52692741_52692742	chr3	52692741	52692742	5564	True	3
chr3_52692754_52692755	chr3	52692754	52692755	5574	True	3
chr3_52692782_52692783	chr3	52692782	52692783	5750	True	3
chr3_52692939_52692940	chr3	52692939	52692940	2517	True	4
chr3_52693422_52693423	chr3	52693422	52693423	4465	True	5
chr3_52693463_52693464	chr3	52693463	52693464	4225	True	5
chr3_52693691_52693692	chr3	52693691	52693692	3098	True	3
chr3_52707710_52707711	chr3	52707710	52707711	1027	True	4
chr3_52707745_52707746	chr3	52707745	52707746	1415	True	4
chr3_53225675_53225676	chr3	53225675	53225676	3033	True	1
chr3_53225692_53225693	chr3	53225692	53225693	3401	True	1
chr3_53225725_53225726	chr3	53225725	53225726	3860	True	1
chr3_53225749_53225750	chr3	53225749	53225750	4145	True	1
chr3_53225768_53225769	chr3	53225768	53225769	4206	True	1
chr3_53225907_53225908	chr3	53225907	53225908	2980	True	3
chr3_53226762_53226763	chr3	53226762	53226763	3329	True	5
chr3_53226818_53226819	chr3	53226818	53226819	4184	True	5
chr3_53226845_53226846	chr3	53226845	53226846	4168	True	5
chr3_53226871_53226872	chr3	53226871	53226872	2361	True	3
chr3_53228091_53228092	chr3	53228091	53228092	2902	True	4
chr3_53228115_53228116	chr3	53228115	53228116	2889	True	4
chr3_53228347_53228348	chr3	53228347	53228348	2619	True	3
chr3_53229013_53229014	chr3	53229013	53229014	2371	True	3
chr3_53229041_53229042	chr3	53229041	53229042	2551	True	3
chr3_53229064_53229065	chr3	53229064	53229065	2658	True	3
chr3_53229095_53229096	chr3	53229095	53229096	2640	True	3
chr3_53229296_53229297	chr3	53229296	53229297	4082	True	3
chr3_53229348_53229349	chr3	53229348	53229349	4447	True	3
chr3_53229380_53229381	chr3	53229380	53229381	4486	True	3
chr3_53230512_53230513	chr3	53230512	53230513	3383	True	3
chr3_53230559_53230560	chr3	53230559	53230560	3926	True	3
chr3_53231419_53231420	chr3	53231419	53231420	2705	True	3
chr3_53231459_53231460	chr3	53231459	53231460	4647	True	3
chr3_53231505_53231506	chr3	53231505	53231506	4100	True	3
chr3_53231538_53231539	chr3	53231538	53231539	3777	True	3
chr3_53233176_53233177	chr3	53233176	53233177	3071	True	3
chr3_53235010_53235011	chr3	53235010	53235011	4560	True	3
chr3_53235075_53235076	chr3	53235075	53235076	5912	True	3
chr3_53235162_53235163	chr3	53235162	53235163	2867	True	3
chr3_53240266_53240267	chr3	53240266	53240267	2726	True	4
chr3_53240340_53240341	chr3	53240340	53240341	2649	True	4
chr3_53241165_53241166	chr3	53241165	53241166	2577	True	4
chr3_53241199_53241200	chr3	53241199	53241200	2629	True	4
chr3_53241225_53241226	chr3	53241225	53241226	2636	True	4
chr3_53242193_53242194	chr3	53242193	53242194	3613	True	5
chr3_53255868_53255869	chr3	53255868	53255869	2662	True	3
chr3_53255898_53255899	chr3	53255898	53255899	5395	True	3
chr3_53255986_53255987	chr3	53255986	53255987	4136	True	3
chr3_54993503_54993504	chr3	54993503	54993504	203	True	2
chr3_56330054_56330055	chr3	56330054	56330055	0	False	NA
chr3_57571478_57571479	chr3	57571478	57571479	2545	True	1
chr3_57577380_57577381	chr3	57577380	57577381	1301	True	3
chr3_58168458_58168459	chr3	58168458	58168459	3168	True	4
chr3_62635674_62635675	chr3	62635674	62635675	0	False	NA
chr3_65844193_65844194	chr3	65844193	65844194	0	False	NA
chr3_69242535_69242536	chr3	69242535	69242536	0	False	NA
chr3_73111059_73111060	chr3	73111059	73111060	23954	True	5
chr3_76286576_76286577	chr3	76286576	76286577	0	False	NA
chr3_96841437_96841438	chr3	96841437	96841438	0	False	NA
chr3_99796111_99796112	chr3	99796111	99796112	9	False	NA
chr3_99796179_99796180	chr3	99796179	99796180	9	False	NA
chr3_101681165_101681166	chr3	101681165	101681166	3669	True	3
chr3_101682833_101682834	chr3	101682833	101682834	2207	True	5
chr3_101685845_101685846	chr3	101685845	101685846	9505	True	5
chr3_101685917_101685918	chr3	101685917	101685918	9498	True	5
chr3_101686701_101686702	chr3	101686701	101686702	10983	True	5
chr3_101686716_101686717	chr3	101686716	101686717	10933	True	5
chr3_101815259_101815260	chr3	101815259	101815260	17	False	NA
chr3_111457421_111457422	chr3	111457421	111457422	13	False	NA
chr3_120055318_120055319	chr3	120055318	120055319	17	False	NA
chr3_120394376_120394377	chr3	120394376	120394377	653	True	2
chr3_120394391_120394392	chr3	120394391	120394392	659	True	2
chr3_120394441_120394442	chr3	120394441	120394442	605	True	2
chr3_120394890_120394891	chr3	120394890	120394891	302	True	2
chr3_120395104_120395105	chr3	120395104	120395105	264	True	2
chr3_120395334_120395335	chr3	120395334	120395335	313	True	2
chr3_120395372_120395373	chr3	120395372	120395373	329	True	2
chr3_120395464_120395465	chr3	120395464	120395465	142	False	NA
chr3_120395496_120395497	chr3	120395496	120395497	126	False	NA
chr3_120395950_120395951	chr3	120395950	120395951	311	True	2
chr3_120395979_120395980	chr3	120395979	120395980	287	True	2
chr3_120396040_120396041	chr3	120396040	120396041	291	True	2
chr3_120396112_120396113	chr3	120396112	120396113	538	True	2
chr3_120396186_120396187	chr3	120396186	120396187	2201	True	2
chr3_120396232_120396233	chr3	120396232	120396233	2248	True	2
chr3_120396317_120396318	chr3	120396317	120396318	1951	True	2
chr3_120396355_120396356	chr3	120396355	120396356	666	True	2
chr3_120396461_120396462	chr3	120396461	120396462	236	True	2
chr3_120396814_120396815	chr3	120396814	120396815	771	True	2
chr3_120399909_120399910	chr3	120399909	120399910	24	False	NA
chr3_120399952_120399953	chr3	120399952	120399953	24	False	NA
chr3_120402826_120402827	chr3	120402826	120402827	66	False	NA
chr3_120402862_120402863	chr3	120402862	120402863	66	False	NA
chr3_120403285_120403286	chr3	120403285	120403286	38	False	NA
chr3_120404892_120404893	chr3	120404892	120404893	11	False	NA
chr3_120404910_120404911	chr3	120404910	120404911	11	False	NA
chr3_120409577_120409578	chr3	120409577	120409578	21	False	NA
chr3_120409594_120409595	chr3	120409594	120409595	21	False	NA
chr3_120411932_120411933	chr3	120411932	120411933	14	False	NA
chr3_120416820_120416821	chr3	120416820	120416821	0	False	NA
chr3_128067014_128067015	chr3	128067014	128067015	3617	True	4
chr3_128075104_128075105	chr3	128075104	128075105	4061	True	5
chr3_128075250_128075251	chr3	128075250	128075251	3944	True	5
chr3_128620019_128620020	chr3	128620019	128620020	3448	True	1
chr3_128620102_128620103	chr3	128620102	128620103	4641	True	1
chr3_128625565_128625566	chr3	128625565	128625566	3519	True	4
chr3_128638051_128638052	chr3	128638051	128638052	1782	True	4
chr3_128813466_128813467	chr3	128813466	128813467	3641	True	6
chr3_128899295_128899296	chr3	128899295	128899296	190	False	NA
chr3_129169546_129169547	chr3	129169546	129169547	1981	True	2
chr3_129169666_129169667	chr3	129169666	129169667	2773	True	6
chr3_129169709_129169710	chr3	129169709	129169710	3037	True	6
chr3_129170296_129170297	chr3	129170296	129170297	12655	True	5
chr3_129170408_129170409	chr3	129170408	129170409	9069	True	1
chr3_129397264_129397265	chr3	129397264	129397265	4708	True	4
chr3_129397349_129397350	chr3	129397349	129397350	2943	True	4
chr3_129597313_129597314	chr3	129597313	129597314	80	False	NA
chr3_131479117_131479118	chr3	131479117	131479118	16666	True	3
chr3_131479133_131479134	chr3	131479133	131479134	16907	True	3
chr3_131479147_131479148	chr3	131479147	131479148	19728	True	3
chr3_131479164_131479165	chr3	131479164	131479165	19723	True	3
chr3_131479201_131479202	chr3	131479201	131479202	19688	True	3
chr3_133637535_133637536	chr3	133637535	133637536	40	False	NA
chr3_134783544_134783545	chr3	134783544	134783545	4582	True	3
chr3_138670088_138670089	chr3	138670088	138670089	20	False	NA
chr3_139388308_139388309	chr3	139388308	139388309	4606	True	4
chr3_139388341_139388342	chr3	139388341	139388342	4606	True	4
chr3_139508496_139508497	chr3	139508496	139508497	0	False	NA
chr3_140942671_140942672	chr3	140942671	140942672	311	True	2
chr3_141925752_141925753	chr3	141925752	141925753	7005	True	5
chr3_141926036_141926037	chr3	141926036	141926037	3409	True	5
chr3_141926082_141926083	chr3	141926082	141926083	3788	True	5
chr3_141926117_141926118	chr3	141926117	141926118	2381	True	5
chr3_141977138_141977139	chr3	141977138	141977139	5	False	NA
chr3_143477359_143477360	chr3	143477359	143477360	0	False	NA
chr3_143973329_143973330	chr3	143973329	143973330	58	False	NA
chr3_146070622_146070623	chr3	146070622	146070623	3598	True	4
chr3_146071118_146071119	chr3	146071118	146071119	1391	True	4
chr3_146076800_146076801	chr3	146076800	146076801	1087	True	4
chr3_149369116_149369117	chr3	149369116	149369117	3654	True	4
chr3_149369155_149369156	chr3	149369155	149369156	4851	True	4
chr3_149369353_149369354	chr3	149369353	149369354	4986	True	4
chr3_149369531_149369532	chr3	149369531	149369532	7268	True	4
chr3_149369656_149369657	chr3	149369656	149369657	7829	True	4
chr3_149369721_149369722	chr3	149369721	149369722	11328	True	4
chr3_149369789_149369790	chr3	149369789	149369790	5897	True	4
chr3_149369812_149369813	chr3	149369812	149369813	6116	True	4
chr3_149371744_149371745	chr3	149371744	149371745	3804	True	4
chr3_149371790_149371791	chr3	149371790	149371791	5739	True	4
chr3_149371853_149371854	chr3	149371853	149371854	3742	True	4
chr3_149375465_149375466	chr3	149375465	149375466	6079	True	4
chr3_149375493_149375494	chr3	149375493	149375494	6397	True	4
chr3_149375538_149375539	chr3	149375538	149375539	6269	True	4
chr3_149375747_149375748	chr3	149375747	149375748	2935	True	4
chr3_149377399_149377400	chr3	149377399	149377400	3430	True	4
chr3_149377439_149377440	chr3	149377439	149377440	5397	True	4
chr3_149377467_149377468	chr3	149377467	149377468	5852	True	4
chr3_149377604_149377605	chr3	149377604	149377605	6632	True	4
chr3_151188095_151188096	chr3	151188095	151188096	4227	True	3
chr3_154205077_154205078	chr3	154205077	154205078	10	False	NA
chr3_156047105_156047106	chr3	156047105	156047106	7	False	NA
chr3_159526650_159526651	chr3	159526650	159526651	46	False	NA
chr3_160399649_160399650	chr3	160399649	160399650	2723	True	3
chr3_160404606_160404607	chr3	160404606	160404607	9773	True	5
chr3_160411949_160411950	chr3	160411949	160411950	3308	True	4
chr3_160514935_160514936	chr3	160514935	160514936	66693	True	5
chr3_160514969_160514970	chr3	160514969	160514970	95844	True	5
chr3_160514989_160514990	chr3	160514989	160514990	103656	True	5
chr3_160515026_160515027	chr3	160515026	160515027	223755	True	5
chr3_160515057_160515058	chr3	160515057	160515058	228064	True	5
chr3_160515106_160515107	chr3	160515106	160515107	193684	True	5
chr3_160515142_160515143	chr3	160515142	160515143	187279	True	5
chr3_160515172_160515173	chr3	160515172	160515173	158029	True	5
chr3_160515208_160515209	chr3	160515208	160515209	68540	True	3
chr3_160515238_160515239	chr3	160515238	160515239	28665	True	3
chr3_164982089_164982090	chr3	164982089	164982090	0	False	NA
chr3_165811561_165811562	chr3	165811561	165811562	71	False	NA
chr3_168475241_168475242	chr3	168475241	168475242	2461	True	2
chr3_168504159_168504160	chr3	168504159	168504160	0	False	NA
chr3_169764651_169764652	chr3	169764651	169764652	17099	True	3
chr3_169764704_169764705	chr3	169764704	169764705	17471	True	3
chr3_169764731_169764732	chr3	169764731	169764732	19725	True	3
chr3_169764745_169764746	chr3	169764745	169764746	8135	True	3
chr3_169764903_169764904	chr3	169764903	169764904	22663	True	3
chr3_169765022_169765023	chr3	169765022	169765023	18526	True	3
chr3_169765044_169765045	chr3	169765044	169765045	18280	True	3
chr3_169765063_169765064	chr3	169765063	169765064	14536	True	3
chr3_175463695_175463696	chr3	175463695	175463696	7	False	NA
chr3_175569547_175569548	chr3	175569547	175569548	0	False	NA
chr3_179570077_179570078	chr3	179570077	179570078	397	True	4
chr3_179779614_179779615	chr3	179779614	179779615	3868	True	3
chr3_179779636_179779637	chr3	179779636	179779637	3868	True	3
chr3_179779650_179779651	chr3	179779650	179779651	3868	True	3
chr3_179779707_179779708	chr3	179779707	179779708	3868	True	3
chr3_181231734_181231735	chr3	181231734	181231735	5275	True	4
chr3_181822992_181822993	chr3	181822992	181822993	18046	True	3
chr3_183453812_183453813	chr3	183453812	183453813	9612	True	3
chr3_184306431_184306432	chr3	184306431	184306432	1421	True	4
chr3_184317327_184317328	chr3	184317327	184317328	4996	True	3
chr3_184320669_184320670	chr3	184320669	184320670	3420	True	3
chr3_184321927_184321928	chr3	184321927	184321928	4990	True	3
chr3_184322400_184322401	chr3	184322400	184322401	2080	True	4
chr3_184322893_184322894	chr3	184322893	184322894	4825	True	3
chr3_184323432_184323433	chr3	184323432	184323433	4772	True	3
chr3_184323451_184323452	chr3	184323451	184323452	5178	True	3
chr3_184323477_184323478	chr3	184323477	184323478	5696	True	3
chr3_184323490_184323491	chr3	184323490	184323491	5628	True	3
chr3_184323811_184323812	chr3	184323811	184323812	3776	True	4
chr3_184324951_184324952	chr3	184324951	184324952	5656	True	3
chr3_184325101_184325102	chr3	184325101	184325102	3272	True	3
chr3_184325286_184325287	chr3	184325286	184325287	5434	True	3
chr3_184325342_184325343	chr3	184325342	184325343	5591	True	3
chr3_184325694_184325695	chr3	184325694	184325695	22902	True	3
chr3_184325712_184325713	chr3	184325712	184325713	22474	True	3
chr3_184325727_184325728	chr3	184325727	184325728	22403	True	3
chr3_184325738_184325739	chr3	184325738	184325739	22322	True	3
chr3_184331586_184331587	chr3	184331586	184331587	2189	True	3
chr3_184335217_184335218	chr3	184335217	184335218	12079	True	1
chr3_184335294_184335295	chr3	184335294	184335295	8808	True	1
chr3_185275198_185275199	chr3	185275198	185275199	0	False	NA
chr3_185937988_185937989	chr3	185937988	185937989	4595	True	3
chr3_186582058_186582059	chr3	186582058	186582059	1225	True	4
chr3_186784796_186784797	chr3	186784796	186784797	54895	True	5
chr3_186784817_186784818	chr3	186784817	186784818	54896	True	5
chr3_186786321_186786322	chr3	186786321	186786322	7715	True	5
chr3_186786362_186786363	chr3	186786362	186786363	7004	True	5
chr3_186786408_186786409	chr3	186786408	186786409	7248	True	5
chr3_186786673_186786674	chr3	186786673	186786674	369939	True	5
chr3_186786686_186786687	chr3	186786686	186786687	381416	True	5
chr3_186786719_186786720	chr3	186786719	186786720	412444	True	5
chr3_186786739_186786740	chr3	186786739	186786740	409555	True	5
chr3_186786771_186786772	chr3	186786771	186786772	409431	True	5
chr3_186786785_186786786	chr3	186786785	186786786	398646	True	5
chr3_186786809_186786810	chr3	186786809	186786810	352709	True	5
chr3_186787297_186787298	chr3	186787297	186787298	69045	True	5
chr3_186787309_186787310	chr3	186787309	186787310	91757	True	5
chr3_186787328_186787329	chr3	186787328	186787329	91381	True	5
chr3_186787357_186787358	chr3	186787357	186787358	91871	True	5
chr3_186787375_186787376	chr3	186787375	186787376	91789	True	5
chr3_186787395_186787396	chr3	186787395	186787396	92219	True	5
chr3_186787611_186787612	chr3	186787611	186787612	20381	True	1
chr3_186787650_186787651	chr3	186787650	186787651	18250	True	1
chr3_186787714_186787715	chr3	186787714	186787715	18220	True	5
chr3_186787732_186787733	chr3	186787732	186787733	15030	True	5
chr3_186787781_186787782	chr3	186787781	186787782	8401	True	5
chr3_187999938_187999939	chr3	187999938	187999939	0	False	NA
chr3_189794928_189794929	chr3	189794928	189794929	0	False	NA
chr3_192647578_192647579	chr3	192647578	192647579	2486	True	2
chr3_193655777_193655778	chr3	193655777	193655778	2297	True	4
chr3_194685881_194685882	chr3	194685881	194685882	6	False	NA
chr3_196050182_196050183	chr3	196050182	196050183	9974	True	1
chr3_196050669_196050670	chr3	196050669	196050670	6568	True	5
chr3_196050818_196050819	chr3	196050818	196050819	6051	True	5
chr3_196051060_196051061	chr3	196051060	196051061	4874	True	5
chr3_196051271_196051272	chr3	196051271	196051272	11957	True	5
chr3_196051314_196051315	chr3	196051314	196051315	8217	True	5
chr3_196052140_196052141	chr3	196052140	196052141	4360	True	3
chr3_196052156_196052157	chr3	196052156	196052157	3870	True	3
chr3_196053504_196053505	chr3	196053504	196053505	6107	True	3
chr3_196053544_196053545	chr3	196053544	196053545	5259	True	3
chr3_196055098_196055099	chr3	196055098	196055099	5637	True	3
chr3_196065466_196065467	chr3	196065466	196065467	4836	True	3
chr3_196065557_196065558	chr3	196065557	196065558	6001	True	3
chr3_196071400_196071401	chr3	196071400	196071401	5899	True	3
chr3_196072132_196072133	chr3	196072132	196072133	3116	True	3
chr3_196075284_196075285	chr3	196075284	196075285	7336	True	3
chr3_196075337_196075338	chr3	196075337	196075338	6982	True	3
chr3_196082092_196082093	chr3	196082092	196082093	5864	True	3
chr3_196785057_196785058	chr3	196785057	196785058	7208	True	4
chr3_197950191_197950192	chr3	197950191	197950192	8512	True	3
chr3_197951177_197951178	chr3	197951177	197951178	14110	True	1
chr3_197951245_197951246	chr3	197951245	197951246	19413	True	1
chr3_197951270_197951271	chr3	197951270	197951271	19758	True	1
chr3_197951297_197951298	chr3	197951297	197951298	12599	True	1
chr3_197954009_197954010	chr3	197954009	197954010	10779	True	6
chr3_197954112_197954113	chr3	197954112	197954113	12410	True	1
chr3_197955768_197955769	chr3	197955768	197955769	4100	True	1
chr4_342841_342842	chr4	342841	342842	10	False	NA
chr4_673393_673394	chr4	673393	673394	5922	True	3
chr4_1383892_1383893	chr4	1383892	1383893	531	True	2
chr4_1974634_1974635	chr4	1974634	1974635	39516	True	3
chr4_1974659_1974660	chr4	1974659	1974660	39586	True	3
chr4_1974684_1974685	chr4	1974684	1974685	39572	True	3
chr4_1974728_1974729	chr4	1974728	1974729	39608	True	3
chr4_5781368_5781369	chr4	5781368	5781369	30	False	NA
chr4_6640683_6640684	chr4	6640683	6640684	858	True	4
chr4_6641817_6641818	chr4	6641817	6641818	6094	True	1
chr4_6642606_6642607	chr4	6642606	6642607	2962	True	5
chr4_6997302_6997303	chr4	6997302	6997303	3004	True	3
chr4_7112247_7112248	chr4	7112247	7112248	1467	True	4
chr4_7582571_7582572	chr4	7582571	7582572	80560	True	3
chr4_7582591_7582592	chr4	7582591	7582592	79399	True	3
chr4_7582606_7582607	chr4	7582606	7582607	79371	True	3
chr4_7690968_7690969	chr4	7690968	7690969	0	False	NA
chr4_8067698_8067699	chr4	8067698	8067699	10	False	NA
chr4_8393082_8393083	chr4	8393082	8393083	2239	True	3
chr4_22702907_22702908	chr4	22702907	22702908	0	False	NA
chr4_34015034_34015035	chr4	34015034	34015035	233	True	2
chr4_34274566_34274567	chr4	34274566	34274567	5	False	NA
chr4_36512643_36512644	chr4	36512643	36512644	64	False	NA
chr4_38054332_38054333	chr4	38054332	38054333	83	False	NA
chr4_39454599_39454600	chr4	39454599	39454600	762	True	2
chr4_39458913_39458914	chr4	39458913	39458914	1650	True	4
chr4_41615293_41615294	chr4	41615293	41615294	1346	True	4
chr4_41949335_41949336	chr4	41949335	41949336	544	True	4
chr4_52712618_52712619	chr4	52712618	52712619	52931	True	5
chr4_52712649_52712650	chr4	52712649	52712650	52837	True	5
chr4_52712683_52712684	chr4	52712683	52712684	52498	True	3
chr4_52712713_52712714	chr4	52712713	52712714	52548	True	3
chr4_52713236_52713237	chr4	52713236	52713237	55701	True	3
chr4_52713255_52713256	chr4	52713255	52713256	56571	True	3
chr4_52713284_52713285	chr4	52713284	52713285	56488	True	3
chr4_52713307_52713308	chr4	52713307	52713308	56453	True	3
chr4_52713329_52713330	chr4	52713329	52713330	56458	True	3
chr4_52713345_52713346	chr4	52713345	52713346	50047	True	3
chr4_56448472_56448473	chr4	56448472	56448473	2618	True	3
chr4_56459580_56459581	chr4	56459580	56459581	2347	True	3
chr4_56459758_56459759	chr4	56459758	56459759	5191	True	1
chr4_56459833_56459834	chr4	56459833	56459834	4532	True	1
chr4_57031172_57031173	chr4	57031172	57031173	314	True	2
chr4_57031234_57031235	chr4	57031234	57031235	264	True	2
chr4_57032449_57032450	chr4	57032449	57032450	30	False	NA
chr4_68376566_68376567	chr4	68376566	68376567	221	True	2
chr4_68376607_68376608	chr4	68376607	68376608	221	True	2
chr4_76532285_76532286	chr4	76532285	76532286	64123	True	3
chr4_76532304_76532305	chr4	76532304	76532305	64123	True	3
chr4_79208527_79208528	chr4	79208527	79208528	5	False	NA
chr4_81594303_81594304	chr4	81594303	81594304	82	False	NA
chr4_82354065_82354066	chr4	82354065	82354066	10846	True	1
chr4_82355315_82355316	chr4	82355315	82355316	7478	True	5
chr4_82357381_82357382	chr4	82357381	82357382	4094	True	3
chr4_82359496_82359497	chr4	82359496	82359497	4208	True	3
chr4_82359536_82359537	chr4	82359536	82359537	7692	True	3
chr4_82373911_82373912	chr4	82373911	82373912	26467	True	3
chr4_82424727_82424728	chr4	82424727	82424728	8910	True	1
chr4_82424793_82424794	chr4	82424793	82424794	12008	True	1
chr4_82426071_82426072	chr4	82426071	82426072	4579	True	5
chr4_82426520_82426521	chr4	82426520	82426521	8335	True	5
chr4_82426594_82426595	chr4	82426594	82426595	7010	True	3
chr4_82427553_82427554	chr4	82427553	82427554	6781	True	3
chr4_82428304_82428305	chr4	82428304	82428305	6283	True	3
chr4_82428379_82428380	chr4	82428379	82428380	10991	True	5
chr4_82895891_82895892	chr4	82895891	82895892	12398	True	5
chr4_82895909_82895910	chr4	82895909	82895910	12404	True	5
chr4_82895928_82895929	chr4	82895928	82895929	12394	True	5
chr4_82898186_82898187	chr4	82898186	82898187	3984	True	3
chr4_82898202_82898203	chr4	82898202	82898203	4000	True	3
chr4_82898220_82898221	chr4	82898220	82898221	4089	True	3
chr4_88090393_88090394	chr4	88090393	88090394	10	False	NA
chr4_93088905_93088906	chr4	93088905	93088906	0	False	NA
chr4_99948323_99948324	chr4	99948323	99948324	4145	True	1
chr4_99948442_99948443	chr4	99948442	99948443	5674	True	1
chr4_99948499_99948500	chr4	99948499	99948500	4409	True	1
chr4_102797297_102797298	chr4	102797297	102797298	5613	True	5
chr4_108620573_108620574	chr4	108620573	108620574	7039	True	3
chr4_108622003_108622004	chr4	108622003	108622004	13789	True	1
chr4_108622134_108622135	chr4	108622134	108622135	10961	True	5
chr4_108622166_108622167	chr4	108622166	108622167	10525	True	3
chr4_108622606_108622607	chr4	108622606	108622607	6451	True	3
chr4_108625143_108625144	chr4	108625143	108625144	864	True	1
chr4_108625177_108625178	chr4	108625177	108625178	959	True	1
chr4_108652225_108652226	chr4	108652225	108652226	2674	True	4
chr4_109125907_109125908	chr4	109125907	109125908	0	False	NA
chr4_113420320_113420321	chr4	113420320	113420321	1956	True	4
chr4_118278758_118278759	chr4	118278758	118278759	4738	True	6
chr4_118279188_118279189	chr4	118279188	118279189	110088	True	5
chr4_118279199_118279200	chr4	118279199	118279200	110683	True	5
chr4_118279231_118279232	chr4	118279231	118279232	110191	True	5
chr4_118279255_118279256	chr4	118279255	118279256	110139	True	5
chr4_118804747_118804748	chr4	118804747	118804748	44	False	NA
chr4_119237414_119237415	chr4	119237414	119237415	6282	True	6
chr4_119237433_119237434	chr4	119237433	119237434	6276	True	6
chr4_119237453_119237454	chr4	119237453	119237454	6266	True	6
chr4_119237468_119237469	chr4	119237468	119237469	6213	True	6
chr4_119237498_119237499	chr4	119237498	119237499	3023	True	6
chr4_121669655_121669656	chr4	121669655	121669656	1110	True	4
chr4_121671613_121671614	chr4	121671613	121671614	911	True	4
chr4_121672573_121672574	chr4	121672573	121672574	945	True	4
chr4_121672621_121672622	chr4	121672621	121672622	945	True	4
chr4_121681727_121681728	chr4	121681727	121681728	1311	True	4
chr4_123148377_123148378	chr4	123148377	123148378	108	False	NA
chr4_128272464_128272465	chr4	128272464	128272465	1509	True	4
chr4_128811946_128811947	chr4	128811946	128811947	451	True	2
chr4_138171519_138171520	chr4	138171519	138171520	898	True	4
chr4_138171894_138171895	chr4	138171894	138171895	920	True	4
chr4_138236414_138236415	chr4	138236414	138236415	1417	True	4
chr4_138236442_138236443	chr4	138236442	138236443	1351	True	4
chr4_138241798_138241799	chr4	138241798	138241799	2001	True	4
chr4_138242091_138242092	chr4	138242091	138242092	3969	True	5
chr4_138837354_138837355	chr4	138837354	138837355	0	False	NA
chr4_139114689_139114690	chr4	139114689	139114690	710	True	4
chr4_141727545_141727546	chr4	141727545	141727546	0	False	NA
chr4_144186782_144186783	chr4	144186782	144186783	334	True	2
chr4_144355972_144355973	chr4	144355972	144355973	6	False	NA
chr4_151099627_151099628	chr4	151099627	151099628	421	True	2
chr4_151103826_151103827	chr4	151103826	151103827	7028	True	3
chr4_151103844_151103845	chr4	151103844	151103845	7079	True	3
chr4_151104275_151104276	chr4	151104275	151104276	695	True	2
chr4_151205256_151205257	chr4	151205256	151205257	52	False	NA
chr4_154372604_154372605	chr4	154372604	154372605	0	False	NA
chr4_158163682_158163683	chr4	158163682	158163683	23	False	NA
chr4_173331769_173331770	chr4	173331769	173331770	11687	True	1
chr4_173332062_173332063	chr4	173332062	173332063	66240	True	3
chr4_173332169_173332170	chr4	173332169	173332170	29107	True	3
chr5_225528_225529	chr5	225528	225529	2482	True	4
chr5_314857_314858	chr5	314857	314858	1490	True	2
chr5_314889_314890	chr5	314889	314890	1443	True	2
chr5_314906_314907	chr5	314906	314907	1330	True	2
chr5_446727_446728	chr5	446727	446728	0	False	NA
chr5_864433_864434	chr5	864433	864434	2002	True	5
chr5_1317918_1317919	chr5	1317918	1317919	798	True	2
chr5_1461913_1461914	chr5	1461913	1461914	2441	True	4
chr5_1802322_1802323	chr5	1802322	1802323	1118	True	4
chr5_1814357_1814358	chr5	1814357	1814358	3891	True	3
chr5_1814407_1814408	chr5	1814407	1814408	3914	True	3
chr5_1815958_1815959	chr5	1815958	1815959	3415	True	4
chr5_6599291_6599292	chr5	6599291	6599292	1320	True	1
chr5_6599700_6599701	chr5	6599700	6599701	2927	True	1
chr5_6604244_6604245	chr5	6604244	6604245	1635	True	4
chr5_6605321_6605322	chr5	6605321	6605322	2615	True	4
chr5_6611768_6611769	chr5	6611768	6611769	1000	True	4
chr5_6631895_6631896	chr5	6631895	6631896	645	True	2
chr5_6715866_6715867	chr5	6715866	6715867	885	True	2
chr5_8458041_8458042	chr5	8458041	8458042	1476	True	2
chr5_10250320_10250321	chr5	10250320	10250321	4639	True	3
chr5_10250368_10250369	chr5	10250368	10250369	5297	True	3
chr5_10250385_10250386	chr5	10250385	10250386	5728	True	3
chr5_10250423_10250424	chr5	10250423	10250424	5327	True	3
chr5_10254149_10254150	chr5	10254149	10254150	1474	True	4
chr5_10254197_10254198	chr5	10254197	10254198	1396	True	4
chr5_10254803_10254804	chr5	10254803	10254804	3190	True	3
chr5_10255972_10255973	chr5	10255972	10255973	3898	True	3
chr5_10256097_10256098	chr5	10256097	10256098	2955	True	3
chr5_10258171_10258172	chr5	10258171	10258172	3840	True	3
chr5_10258209_10258210	chr5	10258209	10258210	4172	True	3
chr5_10258252_10258253	chr5	10258252	10258253	3405	True	3
chr5_10258279_10258280	chr5	10258279	10258280	2775	True	3
chr5_10258297_10258298	chr5	10258297	10258298	2673	True	3
chr5_10258413_10258414	chr5	10258413	10258414	2642	True	3
chr5_10258427_10258428	chr5	10258427	10258428	2672	True	3
chr5_10258482_10258483	chr5	10258482	10258483	2629	True	3
chr5_10258496_10258497	chr5	10258496	10258497	2575	True	3
chr5_10260858_10260859	chr5	10260858	10260859	2741	True	3
chr5_10261721_10261722	chr5	10261721	10261722	2133	True	5
chr5_10262524_10262525	chr5	10262524	10262525	3496	True	6
chr5_10263192_10263193	chr5	10263192	10263193	2942	True	3
chr5_10263225_10263226	chr5	10263225	10263226	3207	True	3
chr5_10264748_10264749	chr5	10264748	10264749	6376	True	5
chr5_10264799_10264800	chr5	10264799	10264800	8357	True	1
chr5_10264863_10264864	chr5	10264863	10264864	7312	True	1
chr5_10264876_10264877	chr5	10264876	10264877	7235	True	1
chr5_10264935_10264936	chr5	10264935	10264936	5610	True	1
chr5_10391677_10391678	chr5	10391677	10391678	3688	True	3
chr5_10407180_10407181	chr5	10407180	10407181	2015	True	3
chr5_10411348_10411349	chr5	10411348	10411349	2072	True	5
chr5_10433626_10433627	chr5	10433626	10433627	1283	True	4
chr5_10680767_10680768	chr5	10680767	10680768	1750	True	5
chr5_14509414_14509415	chr5	14509414	14509415	784	True	2
chr5_14743818_14743819	chr5	14743818	14743819	0	False	NA
chr5_17217629_17217630	chr5	17217629	17217630	0	False	NA
chr5_17217666_17217667	chr5	17217666	17217667	6	False	NA
chr5_17217789_17217790	chr5	17217789	17217790	6	False	NA
chr5_17221383_17221384	chr5	17221383	17221384	442	True	2
chr5_17275211_17275212	chr5	17275211	17275212	64	False	NA
chr5_17275254_17275255	chr5	17275254	17275255	64	False	NA
chr5_17275309_17275310	chr5	17275309	17275310	6	False	NA
chr5_17275382_17275383	chr5	17275382	17275383	0	False	NA
chr5_17275410_17275411	chr5	17275410	17275411	0	False	NA
chr5_17275639_17275640	chr5	17275639	17275640	6	False	NA
chr5_17275702_17275703	chr5	17275702	17275703	6	False	NA
chr5_17275725_17275726	chr5	17275725	17275726	6	False	NA
chr5_17275761_17275762	chr5	17275761	17275762	6	False	NA
chr5_17275842_17275843	chr5	17275842	17275843	27	False	NA
chr5_17275869_17275870	chr5	17275869	17275870	48	False	NA
chr5_17275981_17275982	chr5	17275981	17275982	112	False	NA
chr5_17276026_17276027	chr5	17276026	17276027	113	False	NA
chr5_17276150_17276151	chr5	17276150	17276151	101	False	NA
chr5_17276173_17276174	chr5	17276173	17276174	91	False	NA
chr5_17276387_17276388	chr5	17276387	17276388	1013	True	2
chr5_17276419_17276420	chr5	17276419	17276420	1148	True	2
chr5_17276611_17276612	chr5	17276611	17276612	505	True	2
chr5_17276786_17276787	chr5	17276786	17276787	323	True	2
chr5_24832448_24832449	chr5	24832448	24832449	0	False	NA
chr5_32125537_32125538	chr5	32125537	32125538	5065	True	5
chr5_32126072_32126073	chr5	32126072	32126073	2573	True	5
chr5_32355504_32355505	chr5	32355504	32355505	4311	True	1
chr5_32591643_32591644	chr5	32591643	32591644	3466	True	5
chr5_32598963_32598964	chr5	32598963	32598964	2059	True	3
chr5_32598979_32598980	chr5	32598979	32598980	2066	True	3
chr5_32601012_32601013	chr5	32601012	32601013	1331	True	4
chr5_32601051_32601052	chr5	32601051	32601052	1399	True	4
chr5_32601223_32601224	chr5	32601223	32601224	5373	True	1
chr5_32601239_32601240	chr5	32601239	32601240	5503	True	1
chr5_32601281_32601282	chr5	32601281	32601282	4576	True	1
chr5_32786557_32786558	chr5	32786557	32786558	24	False	NA
chr5_32790242_32790243	chr5	32790242	32790243	5	False	NA
chr5_32949491_32949492	chr5	32949491	32949492	0	False	NA
chr5_33441054_33441055	chr5	33441054	33441055	4000	True	3
chr5_33441116_33441117	chr5	33441116	33441117	3735	True	3
chr5_33445326_33445327	chr5	33445326	33445327	3057	True	4
chr5_33448541_33448542	chr5	33448541	33448542	2554	True	4
chr5_33448561_33448562	chr5	33448561	33448562	3097	True	3
chr5_33448589_33448590	chr5	33448589	33448590	3171	True	3
chr5_33453380_33453381	chr5	33453380	33453381	5124	True	3
chr5_33455007_33455008	chr5	33455007	33455008	2275	True	3
chr5_33455054_33455055	chr5	33455054	33455055	1846	True	3
chr5_33455605_33455606	chr5	33455605	33455606	1804	True	4
chr5_33456050_33456051	chr5	33456050	33456051	1350	True	4
chr5_33456167_33456168	chr5	33456167	33456168	1715	True	4
chr5_33456204_33456205	chr5	33456204	33456205	1681	True	4
chr5_33457314_33457315	chr5	33457314	33457315	2277	True	3
chr5_33458581_33458582	chr5	33458581	33458582	2887	True	1
chr5_33458614_33458615	chr5	33458614	33458615	2925	True	1
chr5_33458646_33458647	chr5	33458646	33458647	2966	True	1
chr5_33460907_33460908	chr5	33460907	33460908	2685	True	4
chr5_33460971_33460972	chr5	33460971	33460972	3182	True	3
chr5_33461045_33461046	chr5	33461045	33461046	2044	True	3
chr5_33461731_33461732	chr5	33461731	33461732	1526	True	4
chr5_33461993_33461994	chr5	33461993	33461994	1294	True	4
chr5_33462135_33462136	chr5	33462135	33462136	1148	True	4
chr5_33463787_33463788	chr5	33463787	33463788	1907	True	5
chr5_33466878_33466879	chr5	33466878	33466879	889	True	4
chr5_33466914_33466915	chr5	33466914	33466915	1000	True	4
chr5_33466977_33466978	chr5	33466977	33466978	751	True	4
chr5_33467595_33467596	chr5	33467595	33467596	2451	True	3
chr5_33467659_33467660	chr5	33467659	33467660	3748	True	3
chr5_33467932_33467933	chr5	33467932	33467933	1676	True	6
chr5_33468034_33468035	chr5	33468034	33468035	583	True	2
chr5_34925543_34925544	chr5	34925543	34925544	4720	True	1
chr5_34925563_34925564	chr5	34925563	34925564	5270	True	1
chr5_39905358_39905359	chr5	39905358	39905359	0	False	NA
chr5_40832508_40832509	chr5	40832508	40832509	7107	True	1
chr5_40832545_40832546	chr5	40832545	40832546	6592	True	1
chr5_40832569_40832570	chr5	40832569	40832570	6554	True	1
chr5_40832698_40832699	chr5	40832698	40832699	8386	True	3
chr5_40832712_40832713	chr5	40832712	40832713	8383	True	3
chr5_40832732_40832733	chr5	40832732	40832733	8293	True	3
chr5_40834206_40834207	chr5	40834206	40834207	37211	True	1
chr5_40834234_40834235	chr5	40834234	40834235	37251	True	1
chr5_40834264_40834265	chr5	40834264	40834265	37090	True	1
chr5_40834483_40834484	chr5	40834483	40834484	36406	True	1
chr5_40834504_40834505	chr5	40834504	40834505	40753	True	6
chr5_40834529_40834530	chr5	40834529	40834530	41072	True	6
chr5_40834565_40834566	chr5	40834565	40834566	40835	True	6
chr5_40834588_40834589	chr5	40834588	40834589	38448	True	6
chr5_40835211_40835212	chr5	40835211	40835212	15353	True	6
chr5_44815152_44815153	chr5	44815152	44815153	1008	True	4
chr5_54208831_54208832	chr5	54208831	54208832	169	False	NA
chr5_55777495_55777496	chr5	55777495	55777496	197	False	NA
chr5_56260407_56260408	chr5	56260407	56260408	2169	True	4
chr5_59102725_59102726	chr5	59102725	59102726	11	False	NA
chr5_59105352_59105353	chr5	59105352	59105353	0	False	NA
chr5_59145330_59145331	chr5	59145330	59145331	55	False	NA
chr5_59275412_59275413	chr5	59275412	59275413	348	True	2
chr5_59275487_59275488	chr5	59275487	59275488	230	True	2
chr5_59703689_59703690	chr5	59703689	59703690	236	True	2
chr5_73405227_73405228	chr5	73405227	73405228	5	False	NA
chr5_73498542_73498543	chr5	73498542	73498543	14608	True	5
chr5_73503084_73503085	chr5	73503084	73503085	8535	True	3
chr5_73504365_73504366	chr5	73504365	73504366	1947	True	3
chr5_73505405_73505406	chr5	73505405	73505406	2404	True	5
chr5_73505431_73505432	chr5	73505431	73505432	2649	True	5
chr5_74776682_74776683	chr5	74776682	74776683	1090	True	4
chr5_77080469_77080470	chr5	77080469	77080470	4605	True	4
chr5_77080508_77080509	chr5	77080508	77080509	5450	True	4
chr5_77080573_77080574	chr5	77080573	77080574	5047	True	4
chr5_77691369_77691370	chr5	77691369	77691370	1395	True	4
chr5_80365798_80365799	chr5	80365798	80365799	109	False	NA
chr5_80650714_80650715	chr5	80650714	80650715	2074	True	4
chr5_80651449_80651450	chr5	80651449	80651450	4624	True	3
chr5_80652064_80652065	chr5	80652064	80652065	5596	True	6
chr5_80652121_80652122	chr5	80652121	80652122	5575	True	3
chr5_80825074_80825075	chr5	80825074	80825075	0	False	NA
chr5_81836708_81836709	chr5	81836708	81836709	0	False	NA
chr5_82276111_82276112	chr5	82276111	82276112	2479	True	1
chr5_82276141_82276142	chr5	82276141	82276142	2372	True	1
chr5_82276184_82276185	chr5	82276184	82276185	1761	True	1
chr5_82276438_82276439	chr5	82276438	82276439	6920	True	1
chr5_82277732_82277733	chr5	82277732	82277733	28062	True	1
chr5_82277768_82277769	chr5	82277768	82277769	32330	True	1
chr5_82277814_82277815	chr5	82277814	82277815	32162	True	1
chr5_82277833_82277834	chr5	82277833	82277834	30995	True	1
chr5_82278354_82278355	chr5	82278354	82278355	17029	True	1
chr5_83064274_83064275	chr5	83064274	83064275	6399	True	3
chr5_83064294_83064295	chr5	83064294	83064295	6390	True	3
chr5_83064338_83064339	chr5	83064338	83064339	6320	True	3
chr5_86619428_86619429	chr5	86619428	86619429	7525	True	5
chr5_86619483_86619484	chr5	86619483	86619484	7421	True	5
chr5_86620505_86620506	chr5	86620505	86620506	3013	True	4
chr5_86620524_86620525	chr5	86620524	86620525	3018	True	4
chr5_86620540_86620541	chr5	86620540	86620541	3018	True	4
chr5_86620682_86620683	chr5	86620682	86620683	4461	True	1
chr5_91311343_91311344	chr5	91311343	91311344	0	False	NA
chr5_93583889_93583890	chr5	93583889	93583890	1951	True	4
chr5_93682583_93682584	chr5	93682583	93682584	41	False	NA
chr5_93682606_93682607	chr5	93682606	93682607	11	False	NA
chr5_93682633_93682634	chr5	93682633	93682634	11	False	NA
chr5_95888724_95888725	chr5	95888724	95888725	1589	True	4
chr5_96598829_96598830	chr5	96598829	96598830	20	False	NA
chr5_96737883_96737884	chr5	96737883	96737884	2016	True	4
chr5_96741508_96741509	chr5	96741508	96741509	735	True	4
chr5_105109782_105109783	chr5	105109782	105109783	12	False	NA
chr5_112161482_112161483	chr5	112161482	112161483	41853	True	3
chr5_112161510_112161511	chr5	112161510	112161511	47037	True	3
chr5_112161528_112161529	chr5	112161528	112161529	47007	True	3
chr5_112161544_112161545	chr5	112161544	112161545	47013	True	3
chr5_112161564_112161565	chr5	112161564	112161565	47028	True	3
chr5_112161581_112161582	chr5	112161581	112161582	47118	True	3
chr5_115620582_115620583	chr5	115620582	115620583	1605	True	4
chr5_115774348_115774349	chr5	115774348	115774349	264	True	2
chr5_118772606_118772607	chr5	118772606	118772607	5	False	NA
chr5_119072499_119072500	chr5	119072499	119072500	38	False	NA
chr5_119072510_119072511	chr5	119072510	119072511	38	False	NA
chr5_123147855_123147856	chr5	123147855	123147856	0	False	NA
chr5_124408801_124408802	chr5	124408801	124408802	0	False	NA
chr5_126836558_126836559	chr5	126836558	126836559	6679	True	1
chr5_131159393_131159394	chr5	131159393	131159394	5240	True	1
chr5_131159428_131159429	chr5	131159428	131159429	6237	True	1
chr5_131162661_131162662	chr5	131162661	131162662	3686	True	6
chr5_132867505_132867506	chr5	132867505	132867506	8298	True	1
chr5_133067421_133067422	chr5	133067421	133067422	898	True	4
chr5_133104262_133104263	chr5	133104262	133104263	1536	True	4
chr5_133556940_133556941	chr5	133556940	133556941	53	False	NA
chr5_133972032_133972033	chr5	133972032	133972033	1631	True	1
chr5_134176952_134176953	chr5	134176952	134176953	4024	True	5
chr5_134924026_134924027	chr5	134924026	134924027	3174	True	3
chr5_134927087_134927088	chr5	134927087	134927088	7326	True	6
chr5_135034328_135034329	chr5	135034328	135034329	36	False	NA
chr5_136063714_136063715	chr5	136063714	136063715	1480	True	4
chr5_136080553_136080554	chr5	136080553	136080554	138373	True	1
chr5_136080600_136080601	chr5	136080600	136080601	138294	True	1
chr5_137752649_137752650	chr5	137752649	137752650	6505	True	1
chr5_137752762_137752763	chr5	137752762	137752763	15774	True	1
chr5_137752890_137752891	chr5	137752890	137752891	10461	True	1
chr5_137753199_137753200	chr5	137753199	137753200	3877	True	5
chr5_138466006_138466007	chr5	138466006	138466007	1794	True	2
chr5_138467055_138467056	chr5	138467055	138467056	2398	True	2
chr5_138467096_138467097	chr5	138467096	138467097	2311	True	2
chr5_138467217_138467218	chr5	138467217	138467218	1085	True	2
chr5_138467815_138467816	chr5	138467815	138467816	4211	True	3
chr5_138468075_138468076	chr5	138468075	138468076	1009	True	2
chr5_138468552_138468553	chr5	138468552	138468553	1027	True	3
chr5_138555410_138555411	chr5	138555410	138555411	2904	True	1
chr5_138555441_138555442	chr5	138555441	138555442	2805	True	1
chr5_138555808_138555809	chr5	138555808	138555809	11127	True	1
chr5_138556024_138556025	chr5	138556024	138556025	5714	True	5
chr5_138556568_138556569	chr5	138556568	138556569	7326	True	3
chr5_138556790_138556791	chr5	138556790	138556791	5919	True	3
chr5_138556832_138556833	chr5	138556832	138556833	6018	True	3
chr5_138557445_138557446	chr5	138557445	138557446	5514	True	3
chr5_138557458_138557459	chr5	138557458	138557459	5243	True	3
chr5_138558650_138558651	chr5	138558650	138558651	3910	True	3
chr5_138559013_138559014	chr5	138559013	138559014	2241	True	4
chr5_138559041_138559042	chr5	138559041	138559042	2165	True	4
chr5_138559907_138559908	chr5	138559907	138559908	3917	True	5
chr5_138561089_138561090	chr5	138561089	138561090	39608	True	5
chr5_138561112_138561113	chr5	138561112	138561113	39632	True	5
chr5_138567021_138567022	chr5	138567021	138567022	5130	True	3
chr5_138567115_138567116	chr5	138567115	138567116	5536	True	3
chr5_138567669_138567670	chr5	138567669	138567670	3420	True	5
chr5_138571018_138571019	chr5	138571018	138571019	6674	True	3
chr5_138753484_138753485	chr5	138753484	138753485	1290	True	4
chr5_138933969_138933970	chr5	138933969	138933970	1386	True	4
chr5_139276178_139276179	chr5	139276178	139276179	49308	True	5
chr5_139276206_139276207	chr5	139276206	139276207	55704	True	5
chr5_139276226_139276227	chr5	139276226	139276227	55453	True	5
chr5_139276252_139276253	chr5	139276252	139276253	56059	True	1
chr5_139276276_139276277	chr5	139276276	139276277	56006	True	1
chr5_139276291_139276292	chr5	139276291	139276292	43609	True	1
chr5_139276351_139276352	chr5	139276351	139276352	17356	True	6
chr5_139278779_139278780	chr5	139278779	139278780	74436	True	3
chr5_139278792_139278793	chr5	139278792	139278793	81128	True	3
chr5_139278807_139278808	chr5	139278807	139278808	85209	True	3
chr5_139278828_139278829	chr5	139278828	139278829	89321	True	3
chr5_139278858_139278859	chr5	139278858	139278859	99598	True	3
chr5_139278884_139278885	chr5	139278884	139278885	80565	True	3
chr5_139278902_139278903	chr5	139278902	139278903	69252	True	3
chr5_139278917_139278918	chr5	139278917	139278918	52116	True	3
chr5_139278960_139278961	chr5	139278960	139278961	29101	True	3
chr5_139307930_139307931	chr5	139307930	139307931	5179	True	3
chr5_140436114_140436115	chr5	140436114	140436115	3489	True	3
chr5_140711283_140711284	chr5	140711283	140711284	24846	True	1
chr5_140711313_140711314	chr5	140711313	140711314	24851	True	1
chr5_140718957_140718958	chr5	140718957	140718958	87616	True	1
chr5_140726244_140726245	chr5	140726244	140726245	26237	True	1
chr5_141095719_141095720	chr5	141095719	141095720	31	False	NA
chr5_142325180_142325181	chr5	142325180	142325181	0	False	NA
chr5_148203116_148203117	chr5	148203116	148203117	22	False	NA
chr5_148203143_148203144	chr5	148203143	148203144	22	False	NA
chr5_148213996_148213997	chr5	148213996	148213997	0	False	NA
chr5_148214927_148214928	chr5	148214927	148214928	311	True	2
chr5_148215016_148215017	chr5	148215016	148215017	521	True	2
chr5_148215040_148215041	chr5	148215040	148215041	516	True	2
chr5_148215096_148215097	chr5	148215096	148215097	497	True	2
chr5_148238616_148238617	chr5	148238616	148238617	0	False	NA
chr5_148273509_148273510	chr5	148273509	148273510	22	False	NA
chr5_148274334_148274335	chr5	148274334	148274335	41	False	NA
chr5_148286010_148286011	chr5	148286010	148286011	18	False	NA
chr5_150444265_150444266	chr5	150444265	150444266	8187	True	1
chr5_150444323_150444324	chr5	150444323	150444324	8385	True	1
chr5_150445628_150445629	chr5	150445628	150445629	12425	True	3
chr5_150446842_150446843	chr5	150446842	150446843	20909	True	5
chr5_150447595_150447596	chr5	150447595	150447596	28801	True	1
chr5_150447730_150447731	chr5	150447730	150447731	14684	True	6
chr5_150449738_150449739	chr5	150449738	150449739	16838	True	1
chr5_150675380_150675381	chr5	150675380	150675381	0	False	NA
chr5_151794231_151794232	chr5	151794231	151794232	1162	True	4
chr5_151800238_151800239	chr5	151800238	151800239	905	True	4
chr5_154814848_154814849	chr5	154814848	154814849	3371	True	1
chr5_154815000_154815001	chr5	154815000	154815001	8875	True	1
chr5_154817029_154817030	chr5	154817029	154817030	5387	True	5
chr5_154817385_154817386	chr5	154817385	154817386	2854	True	5
chr5_157330797_157330798	chr5	157330797	157330798	136	False	NA
chr5_157976803_157976804	chr5	157976803	157976804	2790	True	4
chr5_157976933_157976934	chr5	157976933	157976934	7756	True	3
chr5_157976957_157976958	chr5	157976957	157976958	7350	True	3
chr5_160428684_160428685	chr5	160428684	160428685	1487	True	1
chr5_171387850_171387851	chr5	171387850	171387851	10585	True	3
chr5_171387965_171387966	chr5	171387965	171387966	8481	True	3
chr5_171387998_171387999	chr5	171387998	171387999	4939	True	3
chr5_171390059_171390060	chr5	171390059	171390060	8373	True	1
chr5_171390077_171390078	chr5	171390077	171390078	8421	True	1
chr5_171390120_171390121	chr5	171390120	171390121	8641	True	1
chr5_171391310_171391311	chr5	171391310	171391311	8556	True	3
chr5_171391383_171391384	chr5	171391383	171391384	9510	True	5
chr5_171391779_171391780	chr5	171391779	171391780	944	True	2
chr5_171391793_171391794	chr5	171391793	171391794	862	True	2
chr5_171392764_171392765	chr5	171392764	171392765	697	True	2
chr5_171392808_171392809	chr5	171392808	171392809	379	True	2
chr5_171392948_171392949	chr5	171392948	171392949	917	True	2
chr5_171392971_171392972	chr5	171392971	171392972	674	True	2
chr5_171400169_171400170	chr5	171400169	171400170	1896	True	4
chr5_171400858_171400859	chr5	171400858	171400859	7009	True	5
chr5_171400880_171400881	chr5	171400880	171400881	7121	True	5
chr5_171400911_171400912	chr5	171400911	171400912	6934	True	5
chr5_171405313_171405314	chr5	171405313	171405314	6260	True	3
chr5_171406639_171406640	chr5	171406639	171406640	3880	True	5
chr5_171407707_171407708	chr5	171407707	171407708	1877	True	4
chr5_171410561_171410562	chr5	171410561	171410562	2190	True	4
chr5_171410581_171410582	chr5	171410581	171410582	2153	True	4
chr5_171410697_171410698	chr5	171410697	171410698	4576	True	3
chr5_171410736_171410737	chr5	171410736	171410737	4124	True	3
chr5_171410771_171410772	chr5	171410771	171410772	4124	True	3
chr5_171410789_171410790	chr5	171410789	171410790	4131	True	3
chr5_172768230_172768231	chr5	172768230	172768231	644	True	2
chr5_172768651_172768652	chr5	172768651	172768652	560	True	2
chr5_172952594_172952595	chr5	172952594	172952595	1066	True	2
chr5_173020725_173020726	chr5	173020725	173020726	54406	True	3
chr5_173020738_173020739	chr5	173020738	173020739	57013	True	3
chr5_173020800_173020801	chr5	173020800	173020801	62533	True	3
chr5_173020890_173020891	chr5	173020890	173020891	24996	True	3
chr5_173317798_173317799	chr5	173317798	173317799	2406	True	4
chr5_176394332_176394333	chr5	176394332	176394333	0	False	NA
chr5_177332031_177332032	chr5	177332031	177332032	4210	True	1
chr5_177592363_177592364	chr5	177592363	177592364	8738	True	3
chr5_177593731_177593732	chr5	177593731	177593732	4827	True	5
chr5_177594157_177594158	chr5	177594157	177594158	2055	True	3
chr5_177596058_177596059	chr5	177596058	177596059	5092	True	1
chr5_178149521_178149522	chr5	178149521	178149522	337	True	2
chr5_178205903_178205904	chr5	178205903	178205904	4100	True	5
chr5_178205979_178205980	chr5	178205979	178205980	3387	True	5
chr5_178207114_178207115	chr5	178207114	178207115	3041	True	3
chr5_178210715_178210716	chr5	178210715	178210716	4267	True	1
chr5_178210853_178210854	chr5	178210853	178210854	6056	True	1
chr5_178210990_178210991	chr5	178210990	178210991	7093	True	1
chr5_178211083_178211084	chr5	178211083	178211084	5588	True	1
chr5_178884711_178884712	chr5	178884711	178884712	517	True	2
chr5_179614349_179614350	chr5	179614349	179614350	7347	True	1
chr5_179614468_179614469	chr5	179614468	179614469	9897	True	1
chr5_179614539_179614540	chr5	179614539	179614540	11906	True	1
chr5_179614579_179614580	chr5	179614579	179614580	8502	True	5
chr5_179614736_179614737	chr5	179614736	179614737	19584	True	1
chr5_179614786_179614787	chr5	179614786	179614787	20642	True	1
chr5_179615587_179615588	chr5	179615587	179615588	8102	True	1
chr5_179616142_179616143	chr5	179616142	179616143	12487	True	5
chr5_179617647_179617648	chr5	179617647	179617648	16160	True	5
chr5_179617874_179617875	chr5	179617874	179617875	15158	True	1
chr5_179617925_179617926	chr5	179617925	179617926	16003	True	1
chr5_179618040_179618041	chr5	179618040	179618041	8902	True	1
chr5_179618154_179618155	chr5	179618154	179618155	13207	True	3
chr5_179618201_179618202	chr5	179618201	179618202	17725	True	5
chr5_179618232_179618233	chr5	179618232	179618233	21006	True	5
chr5_179618279_179618280	chr5	179618279	179618280	21553	True	5
chr5_179618523_179618524	chr5	179618523	179618524	9126	True	1
chr5_179619330_179619331	chr5	179619330	179619331	23810	True	5
chr5_179619375_179619376	chr5	179619375	179619376	22188	True	5
chr5_179621233_179621234	chr5	179621233	179621234	18595	True	1
chr5_179621314_179621315	chr5	179621314	179621315	21700	True	1
chr5_179621359_179621360	chr5	179621359	179621360	19349	True	5
chr5_179623044_179623045	chr5	179623044	179623045	13842	True	3
chr5_179623123_179623124	chr5	179623123	179623124	17362	True	3
chr5_179623671_179623672	chr5	179623671	179623672	4340	True	5
chr5_179698979_179698980	chr5	179698979	179698980	13237	True	3
chr5_179699029_179699030	chr5	179699029	179699030	14388	True	3
chr5_179705680_179705681	chr5	179705680	179705681	9628	True	3
chr5_179705706_179705707	chr5	179705706	179705707	10675	True	3
chr5_179705729_179705730	chr5	179705729	179705730	11589	True	3
chr5_179705838_179705839	chr5	179705838	179705839	4978	True	3
chr5_179706261_179706262	chr5	179706261	179706262	6331	True	3
chr5_179707140_179707141	chr5	179707140	179707141	3110	True	5
chr5_179708325_179708326	chr5	179708325	179708326	7912	True	3
chr5_179708371_179708372	chr5	179708371	179708372	7263	True	3
chr5_179708992_179708993	chr5	179708992	179708993	2549	True	3
chr5_179709904_179709905	chr5	179709904	179709905	5508	True	3
chr5_179709951_179709952	chr5	179709951	179709952	7068	True	6
chr5_179709984_179709985	chr5	179709984	179709985	7460	True	6
chr5_179710033_179710034	chr5	179710033	179710034	6710	True	6
chr5_179710054_179710055	chr5	179710054	179710055	5138	True	6
chr5_179716113_179716114	chr5	179716113	179716114	11579	True	1
chr5_179716201_179716202	chr5	179716201	179716202	14820	True	1
chr5_179716280_179716281	chr5	179716280	179716281	10047	True	3
chr5_179719726_179719727	chr5	179719726	179719727	7634	True	3
chr5_179720413_179720414	chr5	179720413	179720414	9166	True	3
chr5_179720450_179720451	chr5	179720450	179720451	10981	True	3
chr5_179720512_179720513	chr5	179720512	179720513	10980	True	3
chr5_179722842_179722843	chr5	179722842	179722843	7956	True	5
chr5_179722860_179722861	chr5	179722860	179722861	8176	True	5
chr5_179722874_179722875	chr5	179722874	179722875	13513	True	5
chr5_179722921_179722922	chr5	179722921	179722922	19290	True	5
chr5_179722937_179722938	chr5	179722937	179722938	18906	True	5
chr5_179723720_179723721	chr5	179723720	179723721	11880	True	5
chr5_179724680_179724681	chr5	179724680	179724681	10454	True	3
chr5_179724778_179724779	chr5	179724778	179724779	10491	True	3
chr5_179726701_179726702	chr5	179726701	179726702	8125	True	3
chr5_179726725_179726726	chr5	179726725	179726726	8155	True	3
chr5_179726746_179726747	chr5	179726746	179726747	8133	True	3
chr5_179728610_179728611	chr5	179728610	179728611	16098	True	5
chr5_179728651_179728652	chr5	179728651	179728652	20665	True	5
chr5_179728674_179728675	chr5	179728674	179728675	22170	True	5
chr5_179728699_179728700	chr5	179728699	179728700	23339	True	5
chr5_179728722_179728723	chr5	179728722	179728723	19851	True	5
chr5_179728747_179728748	chr5	179728747	179728748	20928	True	5
chr5_179728814_179728815	chr5	179728814	179728815	10572	True	1
chr5_179728917_179728918	chr5	179728917	179728918	9829	True	1
chr5_179728957_179728958	chr5	179728957	179728958	9443	True	1
chr5_179729526_179729527	chr5	179729526	179729527	19843	True	1
chr5_179729571_179729572	chr5	179729571	179729572	25945	True	1
chr5_179729610_179729611	chr5	179729610	179729611	26095	True	1
chr5_179729637_179729638	chr5	179729637	179729638	20459	True	1
chr5_179729685_179729686	chr5	179729685	179729686	16611	True	1
chr5_179729756_179729757	chr5	179729756	179729757	15720	True	1
chr5_179729902_179729903	chr5	179729902	179729903	15534	True	1
chr5_179729976_179729977	chr5	179729976	179729977	22643	True	1
chr5_179730284_179730285	chr5	179730284	179730285	17659	True	1
chr5_179730311_179730312	chr5	179730311	179730312	17424	True	1
chr5_179730332_179730333	chr5	179730332	179730333	17618	True	1
chr5_179730360_179730361	chr5	179730360	179730361	18474	True	1
chr5_179730395_179730396	chr5	179730395	179730396	16442	True	1
chr5_179730684_179730685	chr5	179730684	179730685	8649	True	1
chr5_179730774_179730775	chr5	179730774	179730775	9456	True	1
chr5_179730846_179730847	chr5	179730846	179730847	5561	True	5
chr5_179820908_179820909	chr5	179820908	179820909	1586	True	3
chr5_179820999_179821000	chr5	179820999	179821000	4110	True	3
chr5_179821123_179821124	chr5	179821123	179821124	3902	True	3
chr5_179822972_179822973	chr5	179822972	179822973	3088	True	4
chr5_179823005_179823006	chr5	179823005	179823006	2671	True	4
chr5_179825176_179825177	chr5	179825176	179825177	2719	True	3
chr5_179825219_179825220	chr5	179825219	179825220	2765	True	3
chr5_179833073_179833074	chr5	179833073	179833074	2138	True	4
chr5_179833103_179833104	chr5	179833103	179833104	3053	True	4
chr5_179833174_179833175	chr5	179833174	179833175	3178	True	4
chr5_179836569_179836570	chr5	179836569	179836570	4461	True	5
chr5_179836600_179836601	chr5	179836600	179836601	5546	True	5
chr5_179836637_179836638	chr5	179836637	179836638	5528	True	5
chr5_179836911_179836912	chr5	179836911	179836912	3854	True	5
chr5_179836934_179836935	chr5	179836934	179836935	4908	True	5
chr5_179836970_179836971	chr5	179836970	179836971	5599	True	5
chr5_179837000_179837001	chr5	179837000	179837001	5516	True	5
chr5_179837134_179837135	chr5	179837134	179837135	2392	True	5
chr5_179837158_179837159	chr5	179837158	179837159	1830	True	5
chr5_179837177_179837178	chr5	179837177	179837178	1477	True	5
chr5_179837209_179837210	chr5	179837209	179837210	1426	True	5
chr5_179837226_179837227	chr5	179837226	179837227	1432	True	5
chr5_180175246_180175247	chr5	180175246	180175247	494	True	2
chr5_181040950_181040951	chr5	181040950	181040951	0	False	NA
chr5_181188869_181188870	chr5	181188869	181188870	27616	True	3
chr5_181191702_181191703	chr5	181191702	181191703	8390	True	1
chr5_181236982_181236983	chr5	181236982	181236983	10661	True	1
chr5_181237035_181237036	chr5	181237035	181237036	10697	True	1
chr5_181237637_181237638	chr5	181237637	181237638	23847	True	1
chr5_181237675_181237676	chr5	181237675	181237676	22896	True	6
chr5_181237717_181237718	chr5	181237717	181237718	22507	True	6
chr5_181238108_181238109	chr5	181238108	181238109	20114	True	5
chr5_181238169_181238170	chr5	181238169	181238170	23139	True	5
chr5_181238194_181238195	chr5	181238194	181238195	23126	True	3
chr5_181239151_181239152	chr5	181239151	181239152	9559	True	3
chr5_181239518_181239519	chr5	181239518	181239519	18863	True	1
chr5_181239541_181239542	chr5	181239541	181239542	18966	True	1
chr5_181241505_181241506	chr5	181241505	181241506	13428	True	3
chr5_181241869_181241870	chr5	181241869	181241870	28576	True	3
chr5_181241891_181241892	chr5	181241891	181241892	28523	True	3
chr5_181242179_181242180	chr5	181242179	181242180	13029	True	5
chr5_181242336_181242337	chr5	181242336	181242337	13989	True	3
chr5_181243340_181243341	chr5	181243340	181243341	18153	True	3
chr5_181243361_181243362	chr5	181243361	181243362	18125	True	3
chr5_181243380_181243381	chr5	181243380	181243381	18134	True	3
chr5_181243735_181243736	chr5	181243735	181243736	13971	True	3
chr5_181243775_181243776	chr5	181243775	181243776	22026	True	1
chr5_181243856_181243857	chr5	181243856	181243857	18821	True	1
chr5_181243904_181243905	chr5	181243904	181243905	15845	True	1
chr6_1766688_1766689	chr6	1766688	1766689	110	False	NA
chr6_4427966_4427967	chr6	4427966	4427967	110976	True	3
chr6_4428002_4428003	chr6	4428002	4428003	112448	True	3
chr6_4428041_4428042	chr6	4428041	4428042	112448	True	3
chr6_6244838_6244839	chr6	6244838	6244839	0	False	NA
chr6_6285740_6285741	chr6	6285740	6285741	0	False	NA
chr6_7289604_7289605	chr6	7289604	7289605	5558	True	5
chr6_7289832_7289833	chr6	7289832	7289833	8071	True	5
chr6_7882913_7882914	chr6	7882913	7882914	3034	True	4
chr6_8086536_8086537	chr6	8086536	8086537	21033	True	3
chr6_8686905_8686906	chr6	8686905	8686906	0	False	NA
chr6_10887603_10887604	chr6	10887603	10887604	89533	True	1
chr6_12514698_12514699	chr6	12514698	12514699	125	False	NA
chr6_12514715_12514716	chr6	12514715	12514716	125	False	NA
chr6_13214150_13214151	chr6	13214150	13214151	15490	True	3
chr6_15257772_15257773	chr6	15257772	15257773	343	True	2
chr6_18225078_18225079	chr6	18225078	18225079	8062	True	1
chr6_19716124_19716125	chr6	19716124	19716125	20	False	NA
chr6_25126198_25126199	chr6	25126198	25126199	0	False	NA
chr6_26026927_26026928	chr6	26026927	26026928	5268	True	1
chr6_26026989_26026990	chr6	26026989	26026990	5655	True	1
chr6_26027226_26027227	chr6	26027226	26027227	9392	True	3
chr6_26031634_26031635	chr6	26031634	26031635	13402	True	1
chr6_26031702_26031703	chr6	26031702	26031703	15743	True	1
chr6_26031725_26031726	chr6	26031725	26031726	17814	True	1
chr6_26031826_26031827	chr6	26031826	26031827	10728	True	3
chr6_26032067_26032068	chr6	26032067	26032068	10037	True	3
chr6_26032101_26032102	chr6	26032101	26032102	7903	True	3
chr6_26045842_26045843	chr6	26045842	26045843	943	True	4
chr6_26055773_26055774	chr6	26055773	26055774	14424	True	5
chr6_26055794_26055795	chr6	26055794	26055795	15048	True	5
chr6_26055825_26055826	chr6	26055825	26055826	15862	True	5
chr6_26055875_26055876	chr6	26055875	26055876	26583	True	5
chr6_26055932_26055933	chr6	26055932	26055933	24741	True	3
chr6_26055971_26055972	chr6	26055971	26055972	28750	True	3
chr6_26056016_26056017	chr6	26056016	26056017	34106	True	5
chr6_26056045_26056046	chr6	26056045	26056046	26932	True	5
chr6_26056114_26056115	chr6	26056114	26056115	24589	True	5
chr6_26056277_26056278	chr6	26056277	26056278	29711	True	3
chr6_26056432_26056433	chr6	26056432	26056433	34673	True	3
chr6_26103930_26103931	chr6	26103930	26103931	4207	True	3
chr6_26104145_26104146	chr6	26104145	26104146	9196	True	5
chr6_26104163_26104164	chr6	26104163	26104164	8279	True	5
chr6_26104221_26104222	chr6	26104221	26104222	9731	True	5
chr6_26104265_26104266	chr6	26104265	26104266	6850	True	5
chr6_26123506_26123507	chr6	26123506	26123507	5873	True	1
chr6_26123520_26123521	chr6	26123520	26123521	6068	True	1
chr6_26123532_26123533	chr6	26123532	26123533	6776	True	1
chr6_26123710_26123711	chr6	26123710	26123711	7897	True	1
chr6_26123738_26123739	chr6	26123738	26123739	8076	True	1
chr6_26123792_26123793	chr6	26123792	26123793	12215	True	1
chr6_26123860_26123861	chr6	26123860	26123861	10609	True	3
chr6_26123910_26123911	chr6	26123910	26123911	8962	True	3
chr6_26124178_26124179	chr6	26124178	26124179	14408	True	3
chr6_26124225_26124226	chr6	26124225	26124226	16804	True	3
chr6_26124278_26124279	chr6	26124278	26124279	17985	True	3
chr6_26124401_26124402	chr6	26124401	26124402	6149	True	3
chr6_26124519_26124520	chr6	26124519	26124520	8065	True	3
chr6_26124561_26124562	chr6	26124561	26124562	11335	True	3
chr6_26124633_26124634	chr6	26124633	26124634	10738	True	3
chr6_26156326_26156327	chr6	26156326	26156327	22814	True	3
chr6_26156389_26156390	chr6	26156389	26156390	33110	True	3
chr6_26156521_26156522	chr6	26156521	26156522	26578	True	3
chr6_26156569_26156570	chr6	26156569	26156570	21433	True	3
chr6_26156626_26156627	chr6	26156626	26156627	13475	True	3
chr6_26156676_26156677	chr6	26156676	26156677	11123	True	3
chr6_26156710_26156711	chr6	26156710	26156711	15357	True	3
chr6_26156803_26156804	chr6	26156803	26156804	17110	True	3
chr6_26156850_26156851	chr6	26156850	26156851	13977	True	3
chr6_26156894_26156895	chr6	26156894	26156895	12359	True	3
chr6_26156944_26156945	chr6	26156944	26156945	7385	True	3
chr6_26156975_26156976	chr6	26156975	26156976	11956	True	1
chr6_26156989_26156990	chr6	26156989	26156990	11919	True	1
chr6_26157025_26157026	chr6	26157025	26157026	11925	True	1
chr6_26157051_26157052	chr6	26157051	26157052	11789	True	1
chr6_26157072_26157073	chr6	26157072	26157073	11318	True	1
chr6_26158125_26158126	chr6	26158125	26158126	13617	True	1
chr6_26158157_26158158	chr6	26158157	26158158	16987	True	1
chr6_26158199_26158200	chr6	26158199	26158200	18948	True	1
chr6_26158292_26158293	chr6	26158292	26158293	13904	True	3
chr6_26158337_26158338	chr6	26158337	26158338	7405	True	3
chr6_26158570_26158571	chr6	26158570	26158571	6222	True	1
chr6_26188760_26188761	chr6	26188760	26188761	3469	True	5
chr6_26188782_26188783	chr6	26188782	26188783	4414	True	5
chr6_26188831_26188832	chr6	26188831	26188832	4780	True	5
chr6_26196869_26196870	chr6	26196869	26196870	4989	True	3
chr6_26196892_26196893	chr6	26196892	26196893	5442	True	3
chr6_26196919_26196920	chr6	26196919	26196920	7521	True	3
chr6_26196938_26196939	chr6	26196938	26196939	5260	True	3
chr6_26197284_26197285	chr6	26197284	26197285	4476	True	3
chr6_26198813_26198814	chr6	26198813	26198814	4557	True	1
chr6_26198839_26198840	chr6	26198839	26198840	7188	True	1
chr6_26198905_26198906	chr6	26198905	26198906	8579	True	1
chr6_26198937_26198938	chr6	26198937	26198938	7896	True	5
chr6_26199073_26199074	chr6	26199073	26199074	6397	True	3
chr6_26199254_26199255	chr6	26199254	26199255	6071	True	1
chr6_26199288_26199289	chr6	26199288	26199289	4821	True	1
chr6_26199554_26199555	chr6	26199554	26199555	4051	True	3
chr6_26199943_26199944	chr6	26199943	26199944	3509	True	1
chr6_26204610_26204611	chr6	26204610	26204611	14075	True	3
chr6_26204626_26204627	chr6	26204626	26204627	14331	True	3
chr6_26204796_26204797	chr6	26204796	26204797	6373	True	6
chr6_26204858_26204859	chr6	26204858	26204859	7630	True	1
chr6_26204908_26204909	chr6	26204908	26204909	7932	True	1
chr6_26204937_26204938	chr6	26204937	26204938	5982	True	1
chr6_26204969_26204970	chr6	26204969	26204970	5047	True	1
chr6_26216283_26216284	chr6	26216283	26216284	3969	True	3
chr6_26216688_26216689	chr6	26216688	26216689	15018	True	3
chr6_26217162_26217163	chr6	26217162	26217163	3451	True	3
chr6_26217236_26217237	chr6	26217236	26217237	5525	True	3
chr6_26217318_26217319	chr6	26217318	26217319	7050	True	3
chr6_26217348_26217349	chr6	26217348	26217349	6939	True	3
chr6_26234240_26234241	chr6	26234240	26234241	1441	True	2
chr6_26234302_26234303	chr6	26234302	26234303	1233	True	2
chr6_26250214_26250215	chr6	26250214	26250215	1035	True	4
chr6_26250268_26250269	chr6	26250268	26250269	1166	True	4
chr6_26251771_26251772	chr6	26251771	26251772	884	True	4
chr6_26270972_26270973	chr6	26270972	26270973	32	False	NA
chr6_26273227_26273228	chr6	26273227	26273228	77	False	NA
chr6_26285162_26285163	chr6	26285162	26285163	6845	True	1
chr6_26285206_26285207	chr6	26285206	26285207	6696	True	1
chr6_26285283_26285284	chr6	26285283	26285284	3079	True	5
chr6_26285403_26285404	chr6	26285403	26285404	8300	True	3
chr6_26285535_26285536	chr6	26285535	26285536	7805	True	3
chr6_27132633_27132634	chr6	27132633	27132634	12890	True	3
chr6_27132711_27132712	chr6	27132711	27132712	11188	True	5
chr6_27133307_27133308	chr6	27133307	27133308	8414	True	3
chr6_27133405_27133406	chr6	27133405	27133406	11730	True	5
chr6_27133445_27133446	chr6	27133445	27133446	10018	True	5
chr6_27133470_27133471	chr6	27133470	27133471	9062	True	5
chr6_27139645_27139646	chr6	27139645	27139646	1010	True	2
chr6_27146400_27146401	chr6	27146400	27146401	6437	True	1
chr6_27146421_27146422	chr6	27146421	27146422	6326	True	1
chr6_27146442_27146443	chr6	27146442	27146443	5930	True	1
chr6_27146580_27146581	chr6	27146580	27146581	5471	True	3
chr6_27146629_27146630	chr6	27146629	27146630	5471	True	3
chr6_27146856_27146857	chr6	27146856	27146857	12007	True	5
chr6_27147360_27147361	chr6	27147360	27147361	4037	True	3
chr6_27147461_27147462	chr6	27147461	27147462	6195	True	3
chr6_27147479_27147480	chr6	27147479	27147480	4493	True	3
chr6_27147507_27147508	chr6	27147507	27147508	4493	True	3
chr6_27505843_27505844	chr6	27505843	27505844	17920	True	1
chr6_27505861_27505862	chr6	27505861	27505862	17870	True	1
chr6_27505883_27505884	chr6	27505883	27505884	17863	True	1
chr6_27807518_27807519	chr6	27807518	27807519	2310	True	5
chr6_27808516_27808517	chr6	27808516	27808517	4781	True	3
chr6_27808583_27808584	chr6	27808583	27808584	7314	True	3
chr6_27808613_27808614	chr6	27808613	27808614	7844	True	3
chr6_27810063_27810064	chr6	27810063	27810064	5728	True	3
chr6_27810231_27810232	chr6	27810231	27810232	5703	True	3
chr6_27810309_27810310	chr6	27810309	27810310	6406	True	3
chr6_27810384_27810385	chr6	27810384	27810385	6696	True	1
chr6_27810431_27810432	chr6	27810431	27810432	6844	True	1
chr6_27810463_27810464	chr6	27810463	27810464	6567	True	1
chr6_27810503_27810504	chr6	27810503	27810504	5539	True	1
chr6_27810922_27810923	chr6	27810922	27810923	2849	True	3
chr6_27814331_27814332	chr6	27814331	27814332	1148	True	4
chr6_27824342_27824343	chr6	27824342	27824343	1168	True	4
chr6_27824419_27824420	chr6	27824419	27824420	3342	True	1
chr6_27824443_27824444	chr6	27824443	27824444	3666	True	1
chr6_27831206_27831207	chr6	27831206	27831207	3251	True	1
chr6_27831231_27831232	chr6	27831231	27831232	2928	True	1
chr6_27831310_27831311	chr6	27831310	27831311	972	True	4
chr6_27837929_27837930	chr6	27837929	27837930	1924	True	5
chr6_27865726_27865727	chr6	27865726	27865727	1570	True	4
chr6_27865763_27865764	chr6	27865763	27865764	1414	True	4
chr6_27866856_27866857	chr6	27866856	27866857	1563	True	4
chr6_27866893_27866894	chr6	27866893	27866894	1912	True	4
chr6_27866924_27866925	chr6	27866924	27866925	2211	True	4
chr6_27866947_27866948	chr6	27866947	27866948	1552	True	4
chr6_27867103_27867104	chr6	27867103	27867104	2168	True	4
chr6_27867550_27867551	chr6	27867550	27867551	1933	True	3
chr6_27892746_27892747	chr6	27892746	27892747	7771	True	1
chr6_27892776_27892777	chr6	27892776	27892777	9922	True	1
chr6_27893429_27893430	chr6	27893429	27893430	5374	True	5
chr6_27893802_27893803	chr6	27893802	27893803	3962	True	5
chr6_28478683_28478684	chr6	28478683	28478684	619	True	2
chr6_28478706_28478707	chr6	28478706	28478707	619	True	2
chr6_28489032_28489033	chr6	28489032	28489033	2305	True	2
chr6_28643475_28643476	chr6	28643475	28643476	1544	True	4
chr6_28838460_28838461	chr6	28838460	28838461	4649	True	2
chr6_29943507_29943508	chr6	29943507	29943508	2931	True	4
chr6_29945774_29945775	chr6	29945774	29945775	2699	True	4
chr6_30617244_30617245	chr6	30617244	30617245	6442	True	3
chr6_30720352_30720353	chr6	30720352	30720353	12803	True	5
chr6_30720414_30720415	chr6	30720414	30720415	21795	True	1
chr6_30720462_30720463	chr6	30720462	30720463	24882	True	1
chr6_30720500_30720501	chr6	30720500	30720501	17965	True	1
chr6_30722558_30722559	chr6	30722558	30722559	13988	True	3
chr6_30722597_30722598	chr6	30722597	30722598	13895	True	3
chr6_30722628_30722629	chr6	30722628	30722629	13259	True	3
chr6_30722927_30722928	chr6	30722927	30722928	4529	True	5
chr6_30723473_30723474	chr6	30723473	30723474	10163	True	3
chr6_30723560_30723561	chr6	30723560	30723561	12656	True	3
chr6_30723584_30723585	chr6	30723584	30723585	9083	True	3
chr6_30723664_30723665	chr6	30723664	30723665	20973	True	3
chr6_30723686_30723687	chr6	30723686	30723687	19968	True	3
chr6_30723721_30723722	chr6	30723721	30723722	18517	True	3
chr6_30723816_30723817	chr6	30723816	30723817	22723	True	5
chr6_30723859_30723860	chr6	30723859	30723860	20384	True	5
chr6_30723883_30723884	chr6	30723883	30723884	18863	True	5
chr6_30723908_30723909	chr6	30723908	30723909	21942	True	5
chr6_30723991_30723992	chr6	30723991	30723992	10807	True	5
chr6_30724062_30724063	chr6	30724062	30724063	10586	True	3
chr6_30724367_30724368	chr6	30724367	30724368	11737	True	5
chr6_30724508_30724509	chr6	30724508	30724509	35981	True	1
chr6_30724642_30724643	chr6	30724642	30724643	13513	True	1
chr6_30724663_30724664	chr6	30724663	30724664	14626	True	1
chr6_30724688_30724689	chr6	30724688	30724689	15648	True	1
chr6_30724756_30724757	chr6	30724756	30724757	11888	True	1
chr6_30725130_30725131	chr6	30725130	30725131	11354	True	1
chr6_30725210_30725211	chr6	30725210	30725211	18904	True	1
chr6_30725252_30725253	chr6	30725252	30725253	16601	True	1
chr6_30725272_30725273	chr6	30725272	30725273	16047	True	1
chr6_30744548_30744549	chr6	30744548	30744549	1689	True	4
chr6_31536398_31536399	chr6	31536398	31536399	37953	True	5
chr6_31536417_31536418	chr6	31536417	31536418	39839	True	5
chr6_31536434_31536435	chr6	31536434	31536435	43071	True	5
chr6_31536451_31536452	chr6	31536451	31536452	43838	True	5
chr6_31541125_31541126	chr6	31541125	31541126	78749	True	5
chr6_31541144_31541145	chr6	31541144	31541145	78937	True	5
chr6_31541161_31541162	chr6	31541161	31541162	78979	True	5
chr6_31541179_31541180	chr6	31541179	31541180	78825	True	5
chr6_31623077_31623078	chr6	31623077	31623078	17569	True	3
chr6_31623109_31623110	chr6	31623109	31623110	18802	True	3
chr6_31623127_31623128	chr6	31623127	31623128	18802	True	3
chr6_31623158_31623159	chr6	31623158	31623159	18578	True	3
chr6_31623178_31623179	chr6	31623178	31623179	17933	True	3
chr6_31730658_31730659	chr6	31730658	31730659	10356	True	1
chr6_31815665_31815666	chr6	31815665	31815666	10201	True	3
chr6_31817748_31817749	chr6	31817748	31817749	11577	True	5
chr6_31817820_31817821	chr6	31817820	31817821	11391	True	5
chr6_31817876_31817877	chr6	31817876	31817877	8095	True	5
chr6_31830030_31830031	chr6	31830030	31830031	14085	True	1
chr6_31830165_31830166	chr6	31830165	31830166	12665	True	1
chr6_31830216_31830217	chr6	31830216	31830217	10585	True	1
chr6_31835261_31835262	chr6	31835261	31835262	30725	True	3
chr6_31835283_31835284	chr6	31835283	31835284	30431	True	3
chr6_31835295_31835296	chr6	31835295	31835296	31036	True	3
chr6_31837073_31837074	chr6	31837073	31837074	58008	True	5
chr6_31837089_31837090	chr6	31837089	31837090	58012	True	5
chr6_31837102_31837103	chr6	31837102	31837103	57735	True	5
chr6_32550083_32550084	chr6	32550083	32550084	109	False	NA
chr6_33204320_33204321	chr6	33204320	33204321	14988	True	1
chr6_33204363_33204364	chr6	33204363	33204364	14617	True	1
chr6_33272654_33272655	chr6	33272654	33272655	17527	True	6
chr6_33275811_33275812	chr6	33275811	33275812	10860	True	3
chr6_33275870_33275871	chr6	33275870	33275871	11951	True	3
chr6_33276023_33276024	chr6	33276023	33276024	35198	True	1
chr6_33276056_33276057	chr6	33276056	33276057	34946	True	1
chr6_33276242_33276243	chr6	33276242	33276243	1104	True	2
chr6_33290878_33290879	chr6	33290878	33290879	2365	True	3
chr6_34245439_34245440	chr6	34245439	34245440	19016	True	1
chr6_34246158_34246159	chr6	34246158	34246159	11925	True	1
chr6_34426067_34426068	chr6	34426067	34426068	15622	True	5
chr6_35468405_35468406	chr6	35468405	35468406	8462	True	3
chr6_35469384_35469385	chr6	35469384	35469385	7768	True	3
chr6_35469466_35469467	chr6	35469466	35469467	6909	True	3
chr6_35470272_35470273	chr6	35470272	35470273	8596	True	3
chr6_35470293_35470294	chr6	35470293	35470294	8761	True	3
chr6_35470324_35470325	chr6	35470324	35470325	7485	True	3
chr6_36594364_36594365	chr6	36594364	36594365	10028	True	3
chr6_36596799_36596800	chr6	36596799	36596800	3015	True	3
chr6_36639649_36639650	chr6	36639649	36639650	13900	True	1
chr6_36639674_36639675	chr6	36639674	36639675	13900	True	1
chr6_39603557_39603558	chr6	39603557	39603558	0	False	NA
chr6_40520872_40520873	chr6	40520872	40520873	0	False	NA
chr6_41239550_41239551	chr6	41239550	41239551	500	True	2
chr6_44247097_44247098	chr6	44247097	44247098	9735	True	3
chr6_44247170_44247171	chr6	44247170	44247171	11233	True	3
chr6_44248724_44248725	chr6	44248724	44248725	19897	True	5
chr6_44249393_44249394	chr6	44249393	44249394	23755	True	3
chr6_44249457_44249458	chr6	44249457	44249458	24548	True	3
chr6_44249527_44249528	chr6	44249527	44249528	14516	True	3
chr6_44249561_44249562	chr6	44249561	44249562	3897	True	4
chr6_44249816_44249817	chr6	44249816	44249817	21496	True	5
chr6_44250150_44250151	chr6	44250150	44250151	15606	True	5
chr6_44250323_44250324	chr6	44250323	44250324	50435	True	3
chr6_44250412_44250413	chr6	44250412	44250413	80623	True	3
chr6_44250503_44250504	chr6	44250503	44250504	82698	True	3
chr6_44251053_44251054	chr6	44251053	44251054	23936	True	3
chr6_44251089_44251090	chr6	44251089	44251090	23474	True	3
chr6_44251114_44251115	chr6	44251114	44251115	26573	True	3
chr6_44251151_44251152	chr6	44251151	44251152	26102	True	3
chr6_44251421_44251422	chr6	44251421	44251422	23832	True	5
chr6_44251544_44251545	chr6	44251544	44251545	12064	True	3
chr6_44251753_44251754	chr6	44251753	44251754	24810	True	3
chr6_44251839_44251840	chr6	44251839	44251840	30142	True	3
chr6_44251875_44251876	chr6	44251875	44251876	17533	True	3
chr6_44252030_44252031	chr6	44252030	44252031	28973	True	3
chr6_44252070_44252071	chr6	44252070	44252071	50344	True	3
chr6_44252118_44252119	chr6	44252118	44252119	50539	True	3
chr6_44252144_44252145	chr6	44252144	44252145	41304	True	3
chr6_44252189_44252190	chr6	44252189	44252190	36582	True	3
chr6_44252249_44252250	chr6	44252249	44252250	13786	True	3
chr6_44253287_44253288	chr6	44253287	44253288	25729	True	3
chr6_44253321_44253322	chr6	44253321	44253322	18391	True	3
chr6_44253491_44253492	chr6	44253491	44253492	20555	True	3
chr6_44253592_44253593	chr6	44253592	44253593	55316	True	5
chr6_44253634_44253635	chr6	44253634	44253635	87258	True	5
chr6_44253682_44253683	chr6	44253682	44253683	79514	True	5
chr6_44253713_44253714	chr6	44253713	44253714	76580	True	5
chr6_44253822_44253823	chr6	44253822	44253823	12261	True	1
chr6_45414685_45414686	chr6	45414685	45414686	169	False	NA
chr6_45458924_45458925	chr6	45458924	45458925	0	False	NA
chr6_52995811_52995812	chr6	52995811	52995812	818859	True	1
chr6_52995858_52995859	chr6	52995858	52995859	824306	True	1
chr6_52995894_52995895	chr6	52995894	52995895	824306	True	1
chr6_63572556_63572557	chr6	63572556	63572557	6395	True	4
chr6_63572585_63572586	chr6	63572585	63572586	6116	True	4
chr6_63572699_63572700	chr6	63572699	63572700	5539	True	4
chr6_63576440_63576441	chr6	63576440	63576441	3079	True	4
chr6_63576463_63576464	chr6	63576463	63576464	3967	True	4
chr6_63576492_63576493	chr6	63576492	63576493	4087	True	4
chr6_63576516_63576517	chr6	63576516	63576517	4228	True	4
chr6_63576546_63576547	chr6	63576546	63576547	4749	True	4
chr6_63576624_63576625	chr6	63576624	63576625	4959	True	4
chr6_63576687_63576688	chr6	63576687	63576688	4606	True	4
chr6_63576730_63576731	chr6	63576730	63576731	4032	True	4
chr6_63576786_63576787	chr6	63576786	63576787	7473	True	1
chr6_63576840_63576841	chr6	63576840	63576841	6443	True	1
chr6_63576870_63576871	chr6	63576870	63576871	6711	True	1
chr6_63576941_63576942	chr6	63576941	63576942	5477	True	1
chr6_63576976_63576977	chr6	63576976	63576977	3278	True	4
chr6_63578441_63578442	chr6	63578441	63578442	1764	True	4
chr6_63578488_63578489	chr6	63578488	63578489	1869	True	4
chr6_63578968_63578969	chr6	63578968	63578969	3680	True	1
chr6_63579005_63579006	chr6	63579005	63579006	3134	True	1
chr6_63579283_63579284	chr6	63579283	63579284	2610	True	4
chr6_63579322_63579323	chr6	63579322	63579323	2519	True	4
chr6_63580073_63580074	chr6	63580073	63580074	3760	True	4
chr6_63580101_63580102	chr6	63580101	63580102	4315	True	4
chr6_63580170_63580171	chr6	63580170	63580171	3367	True	4
chr6_63580258_63580259	chr6	63580258	63580259	3859	True	4
chr6_63580298_63580299	chr6	63580298	63580299	3700	True	4
chr6_63580356_63580357	chr6	63580356	63580357	3568	True	4
chr6_63580467_63580468	chr6	63580467	63580468	3563	True	1
chr6_63580493_63580494	chr6	63580493	63580494	3850	True	1
chr6_63580553_63580554	chr6	63580553	63580554	3839	True	1
chr6_63580677_63580678	chr6	63580677	63580678	8691	True	1
chr6_63580718_63580719	chr6	63580718	63580719	9411	True	1
chr6_63580739_63580740	chr6	63580739	63580740	9509	True	1
chr6_63580850_63580851	chr6	63580850	63580851	4951	True	1
chr6_63580882_63580883	chr6	63580882	63580883	5197	True	4
chr6_63580909_63580910	chr6	63580909	63580910	4743	True	4
chr6_63580930_63580931	chr6	63580930	63580931	6038	True	1
chr6_63580955_63580956	chr6	63580955	63580956	6085	True	1
chr6_63580978_63580979	chr6	63580978	63580979	6663	True	1
chr6_63581006_63581007	chr6	63581006	63581007	9467	True	1
chr6_63581026_63581027	chr6	63581026	63581027	9461	True	1
chr6_63581049_63581050	chr6	63581049	63581050	12830	True	1
chr6_63581085_63581086	chr6	63581085	63581086	14927	True	1
chr6_63581148_63581149	chr6	63581148	63581149	14090	True	1
chr6_63581222_63581223	chr6	63581222	63581223	11702	True	1
chr6_63581274_63581275	chr6	63581274	63581275	6779	True	4
chr6_63581331_63581332	chr6	63581331	63581332	7789	True	4
chr6_63581357_63581358	chr6	63581357	63581358	7145	True	4
chr6_63581380_63581381	chr6	63581380	63581381	7106	True	4
chr6_63582262_63582263	chr6	63582262	63582263	2399	True	4
chr6_63582294_63582295	chr6	63582294	63582295	2634	True	4
chr6_71396927_71396928	chr6	71396927	71396928	11	False	NA
chr6_71403576_71403577	chr6	71403576	71403577	700	True	2
chr6_71403617_71403618	chr6	71403617	71403618	754	True	2
chr6_73372990_73372991	chr6	73372990	73372991	0	False	NA
chr6_73476041_73476042	chr6	73476041	73476042	2349	True	6
chr6_73517635_73517636	chr6	73517635	73517636	23	False	NA
chr6_73518042_73518043	chr6	73518042	73518043	2361	True	4
chr6_73518083_73518084	chr6	73518083	73518084	1362	True	4
chr6_73518237_73518238	chr6	73518237	73518238	17851	True	3
chr6_73518258_73518259	chr6	73518258	73518259	17941	True	3
chr6_73518364_73518365	chr6	73518364	73518365	2017	True	4
chr6_73518401_73518402	chr6	73518401	73518402	1265	True	4
chr6_73518425_73518426	chr6	73518425	73518426	1035	True	4
chr6_73518453_73518454	chr6	73518453	73518454	605	True	4
chr6_73518709_73518710	chr6	73518709	73518710	2151	True	4
chr6_73518721_73518722	chr6	73518721	73518722	1530	True	2
chr6_73518763_73518764	chr6	73518763	73518764	2285	True	4
chr6_73518799_73518800	chr6	73518799	73518800	3525	True	4
chr6_73518944_73518945	chr6	73518944	73518945	4325	True	4
chr6_73518985_73518986	chr6	73518985	73518986	2683	True	2
chr6_73519353_73519354	chr6	73519353	73519354	30562	True	1
chr6_73519396_73519397	chr6	73519396	73519397	28884	True	1
chr6_73519423_73519424	chr6	73519423	73519424	27927	True	1
chr6_73519439_73519440	chr6	73519439	73519440	29106	True	1
chr6_73519909_73519910	chr6	73519909	73519910	2521	True	4
chr6_73519942_73519943	chr6	73519942	73519943	1367	True	2
chr6_73519962_73519963	chr6	73519962	73519963	1339	True	2
chr6_73521034_73521035	chr6	73521034	73521035	6824	True	3
chr6_83164795_83164796	chr6	83164795	83164796	0	False	NA
chr6_85619304_85619305	chr6	85619304	85619305	2569	True	4
chr6_85677318_85677319	chr6	85677318	85677319	26324	True	5
chr6_85677337_85677338	chr6	85677337	85677338	26954	True	5
chr6_85677354_85677355	chr6	85677354	85677355	27006	True	5
chr6_85677369_85677370	chr6	85677369	85677370	26973	True	5
chr6_85677619_85677620	chr6	85677619	85677620	7973	True	3
chr6_85677642_85677643	chr6	85677642	85677643	8144	True	3
chr6_85677659_85677660	chr6	85677659	85677660	8014	True	3
chr6_86436006_86436007	chr6	86436006	86436007	0	False	NA
chr6_87085564_87085565	chr6	87085564	87085565	174	False	NA
chr6_87085598_87085599	chr6	87085598	87085599	180	False	NA
chr6_87085654_87085655	chr6	87085654	87085655	223	True	2
chr6_87085749_87085750	chr6	87085749	87085750	165	False	NA
chr6_87085814_87085815	chr6	87085814	87085815	100	False	NA
chr6_87085829_87085830	chr6	87085829	87085830	93	False	NA
chr6_87086257_87086258	chr6	87086257	87086258	24	False	NA
chr6_87086285_87086286	chr6	87086285	87086286	38	False	NA
chr6_87086330_87086331	chr6	87086330	87086331	43	False	NA
chr6_87086351_87086352	chr6	87086351	87086352	43	False	NA
chr6_87086375_87086376	chr6	87086375	87086376	34	False	NA
chr6_87086401_87086402	chr6	87086401	87086402	29	False	NA
chr6_87088137_87088138	chr6	87088137	87088138	0	False	NA
chr6_87095060_87095061	chr6	87095060	87095061	7	False	NA
chr6_87845818_87845819	chr6	87845818	87845819	7	False	NA
chr6_89063614_89063615	chr6	89063614	89063615	11017	True	3
chr6_89083972_89083973	chr6	89083972	89083973	1217	True	4
chr6_94344901_94344902	chr6	94344901	94344902	11	False	NA
chr6_96649482_96649483	chr6	96649482	96649483	0	False	NA
chr6_108159288_108159289	chr6	108159288	108159289	0	False	NA
chr6_110440133_110440134	chr6	110440133	110440134	0	False	NA
chr6_114028759_114028760	chr6	114028759	114028760	0	False	NA
chr6_114853952_114853953	chr6	114853952	114853953	0	False	NA
chr6_116889538_116889539	chr6	116889538	116889539	0	False	NA
chr6_118993335_118993336	chr6	118993335	118993336	373	True	2
chr6_119122910_119122911	chr6	119122910	119122911	0	False	NA
chr6_119355798_119355799	chr6	119355798	119355799	110	False	NA
chr6_119586650_119586651	chr6	119586650	119586651	12	False	NA
chr6_121580447_121580448	chr6	121580447	121580448	1576	True	2
chr6_122211646_122211647	chr6	122211646	122211647	6948	True	4
chr6_122684565_122684566	chr6	122684565	122684566	0	False	NA
chr6_125979937_125979938	chr6	125979937	125979938	3145	True	4
chr6_131876950_131876951	chr6	131876950	131876951	375	True	4
chr6_131948561_131948562	chr6	131948561	131948562	27806	True	4
chr6_131948633_131948634	chr6	131948633	131948634	23786	True	4
chr6_131949243_131949244	chr6	131949243	131949244	6369	True	4
chr6_131950823_131950824	chr6	131950823	131950824	10518	True	4
chr6_131951183_131951184	chr6	131951183	131951184	5683	True	4
chr6_131951244_131951245	chr6	131951244	131951245	5905	True	4
chr6_131951279_131951280	chr6	131951279	131951280	6388	True	4
chr6_131951373_131951374	chr6	131951373	131951374	3799	True	4
chr6_132814568_132814569	chr6	132814568	132814569	26327	True	3
chr6_132815306_132815307	chr6	132815306	132815307	49374	True	1
chr6_132815321_132815322	chr6	132815321	132815322	49545	True	1
chr6_132815340_132815341	chr6	132815340	132815341	49568	True	1
chr6_132816803_132816804	chr6	132816803	132816804	34907	True	3
chr6_132816829_132816830	chr6	132816829	132816830	34737	True	3
chr6_132816977_132816978	chr6	132816977	132816978	8626	True	5
chr6_132817217_132817218	chr6	132817217	132817218	122339	True	5
chr6_132817266_132817267	chr6	132817266	132817267	124156	True	5
chr6_132817295_132817296	chr6	132817295	132817296	124234	True	5
chr6_132817311_132817312	chr6	132817311	132817312	124225	True	5
chr6_133272934_133272935	chr6	133272934	133272935	1845	True	3
chr6_134169329_134169330	chr6	134169329	134169330	379	True	2
chr6_134169372_134169373	chr6	134169372	134169373	474	True	2
chr6_134169408_134169409	chr6	134169408	134169409	826	True	2
chr6_134169523_134169524	chr6	134169523	134169524	700	True	2
chr6_134169704_134169705	chr6	134169704	134169705	197	False	NA
chr6_134169852_134169853	chr6	134169852	134169853	491	True	2
chr6_134170136_134170137	chr6	134170136	134170137	986	True	4
chr6_134170172_134170173	chr6	134170172	134170173	627	True	2
chr6_134170211_134170212	chr6	134170211	134170212	638	True	2
chr6_134170236_134170237	chr6	134170236	134170237	639	True	2
chr6_134170303_134170304	chr6	134170303	134170304	666	True	2
chr6_134170399_134170400	chr6	134170399	134170400	498	True	2
chr6_134170839_134170840	chr6	134170839	134170840	486	True	2
chr6_134170889_134170890	chr6	134170889	134170890	471	True	2
chr6_134171170_134171171	chr6	134171170	134171171	1124	True	2
chr6_134172237_134172238	chr6	134172237	134172238	1136	True	2
chr6_134172719_134172720	chr6	134172719	134172720	681	True	4
chr6_134173080_134173081	chr6	134173080	134173081	561	True	2
chr6_134173144_134173145	chr6	134173144	134173145	493	True	2
chr6_134173498_134173499	chr6	134173498	134173499	1047	True	2
chr6_134173545_134173546	chr6	134173545	134173546	1012	True	2
chr6_134174031_134174032	chr6	134174031	134174032	994	True	2
chr6_134174551_134174552	chr6	134174551	134174552	1142	True	2
chr6_134174829_134174830	chr6	134174829	134174830	457	True	4
chr6_134174863_134174864	chr6	134174863	134174864	266	True	4
chr6_136791764_136791765	chr6	136791764	136791765	128	False	NA
chr6_138090874_138090875	chr6	138090874	138090875	717	True	2
chr6_138090910_138090911	chr6	138090910	138090911	1020	True	2
chr6_138091347_138091348	chr6	138091347	138091348	3334	True	4
chr6_138091568_138091569	chr6	138091568	138091569	915	True	2
chr6_138091796_138091797	chr6	138091796	138091797	1479	True	4
chr6_138091891_138091892	chr6	138091891	138091892	1086	True	2
chr6_138092140_138092141	chr6	138092140	138092141	2051	True	4
chr6_138096437_138096438	chr6	138096437	138096438	639	True	4
chr6_138813563_138813564	chr6	138813563	138813564	30	False	NA
chr6_141447732_141447733	chr6	141447732	141447733	0	False	NA
chr6_143449834_143449835	chr6	143449834	143449835	979	True	4
chr6_147016278_147016279	chr6	147016278	147016279	0	False	NA
chr6_149516955_149516956	chr6	149516955	149516956	82	False	NA
chr6_150693052_150693053	chr6	150693052	150693053	47	False	NA
chr6_151280533_151280534	chr6	151280533	151280534	2601	True	4
chr6_152211955_152211956	chr6	152211955	152211956	0	False	NA
chr6_153420471_153420472	chr6	153420471	153420472	501	True	4
chr6_154795096_154795097	chr6	154795096	154795097	1083	True	4
chr6_159779031_159779032	chr6	159779031	159779032	3665	True	1
chr6_159779119_159779120	chr6	159779119	159779120	3742	True	1
chr6_159779667_159779668	chr6	159779667	159779668	2008	True	3
chr6_159780301_159780302	chr6	159780301	159780302	24846	True	3
chr6_159780314_159780315	chr6	159780314	159780315	24839	True	3
chr6_159780334_159780335	chr6	159780334	159780335	24830	True	3
chr6_159780353_159780354	chr6	159780353	159780354	25473	True	3
chr6_159780372_159780373	chr6	159780372	159780373	25869	True	3
chr6_159780382_159780383	chr6	159780382	159780383	24287	True	3
chr6_159783956_159783957	chr6	159783956	159783957	1800	True	3
chr6_161153354_161153355	chr6	161153354	161153355	80	False	NA
chr6_162421457_162421458	chr6	162421457	162421458	80	False	NA
chr6_162467899_162467900	chr6	162467899	162467900	0	False	NA
chr6_165553250_165553251	chr6	165553250	165553251	0	False	NA
chr6_165939637_165939638	chr6	165939637	165939638	480	True	2
chr6_165940302_165940303	chr6	165940302	165940303	100	False	NA
chr6_165943843_165943844	chr6	165943843	165943844	17	False	NA
chr6_165949631_165949632	chr6	165949631	165949632	501	True	2
chr6_165952590_165952591	chr6	165952590	165952591	171	False	NA
chr6_165954195_165954196	chr6	165954195	165954196	43	False	NA
chr6_165954373_165954374	chr6	165954373	165954374	149	False	NA
chr6_165954390_165954391	chr6	165954390	165954391	158	False	NA
chr6_165954461_165954462	chr6	165954461	165954462	174	False	NA
chr6_165959436_165959437	chr6	165959436	165959437	125	False	NA
chr6_165960069_165960070	chr6	165960069	165960070	221	True	2
chr6_165963164_165963165	chr6	165963164	165963165	353	True	2
chr6_165963204_165963205	chr6	165963204	165963205	366	True	2
chr6_165963232_165963233	chr6	165963232	165963233	152	False	NA
chr6_165963603_165963604	chr6	165963603	165963604	116	False	NA
chr6_165964546_165964547	chr6	165964546	165964547	11	False	NA
chr6_165966071_165966072	chr6	165966071	165966072	98	False	NA
chr6_165969869_165969870	chr6	165969869	165969870	154	False	NA
chr6_165970102_165970103	chr6	165970102	165970103	196	False	NA
chr6_165972820_165972821	chr6	165972820	165972821	156	False	NA
chr6_165974629_165974630	chr6	165974629	165974630	391	True	2
chr6_165974759_165974760	chr6	165974759	165974760	92	False	NA
chr6_165975540_165975541	chr6	165975540	165975541	586	True	2
chr6_165975622_165975623	chr6	165975622	165975623	486	True	2
chr6_165975674_165975675	chr6	165975674	165975675	236	True	2
chr6_165976050_165976051	chr6	165976050	165976051	156	False	NA
chr6_165976374_165976375	chr6	165976374	165976375	161	False	NA
chr6_165977197_165977198	chr6	165977197	165977198	263	True	2
chr6_165977463_165977464	chr6	165977463	165977464	528	True	2
chr6_165980557_165980558	chr6	165980557	165980558	102	False	NA
chr6_165981209_165981210	chr6	165981209	165981210	205	True	2
chr6_165981233_165981234	chr6	165981233	165981234	131	False	NA
chr6_165981996_165981997	chr6	165981996	165981997	218	True	2
chr6_165982865_165982866	chr6	165982865	165982866	640	True	2
chr6_165983060_165983061	chr6	165983060	165983061	117	False	NA
chr6_165983114_165983115	chr6	165983114	165983115	85	False	NA
chr6_165983517_165983518	chr6	165983517	165983518	20	False	NA
chr6_165983674_165983675	chr6	165983674	165983675	29	False	NA
chr6_165984168_165984169	chr6	165984168	165984169	238	True	2
chr6_165984460_165984461	chr6	165984460	165984461	147	False	NA
chr6_165984755_165984756	chr6	165984755	165984756	76	False	NA
chr6_165985834_165985835	chr6	165985834	165985835	84	False	NA
chr6_165987457_165987458	chr6	165987457	165987458	477	True	2
chr6_165987509_165987510	chr6	165987509	165987510	751	True	2
chr6_165987609_165987610	chr6	165987609	165987610	735	True	2
chr6_167019019_167019020	chr6	167019019	167019020	818	True	2
chr7_1542973_1542974	chr7	1542973	1542974	916	True	2
chr7_1885021_1885022	chr7	1885021	1885022	533	True	2
chr7_2354865_2354866	chr7	2354865	2354866	2333	True	3
chr7_2363643_2363644	chr7	2363643	2363644	3543	True	3
chr7_2366443_2366444	chr7	2366443	2366444	5258	True	3
chr7_2999164_2999165	chr7	2999164	2999165	5947	True	3
chr7_5527272_5527273	chr7	5527272	5527273	41288	True	1
chr7_5527309_5527310	chr7	5527309	5527310	41360	True	1
chr7_5527346_5527347	chr7	5527346	5527347	45610	True	1
chr7_5527366_5527367	chr7	5527366	5527367	47415	True	1
chr7_5527401_5527402	chr7	5527401	5527402	45862	True	1
chr7_5527435_5527436	chr7	5527435	5527436	36248	True	1
chr7_5527508_5527509	chr7	5527508	5527509	41756	True	1
chr7_5527531_5527532	chr7	5527531	5527532	37783	True	1
chr7_5527550_5527551	chr7	5527550	5527551	39036	True	1
chr7_5527608_5527609	chr7	5527608	5527609	27201	True	1
chr7_5527630_5527631	chr7	5527630	5527631	21827	True	1
chr7_5527649_5527650	chr7	5527649	5527650	21031	True	1
chr7_5527684_5527685	chr7	5527684	5527685	15438	True	1
chr7_5527747_5527748	chr7	5527747	5527748	18627	True	1
chr7_5527772_5527773	chr7	5527772	5527773	13156	True	1
chr7_5527791_5527792	chr7	5527791	5527792	20919	True	1
chr7_5527821_5527822	chr7	5527821	5527822	21847	True	1
chr7_5527867_5527868	chr7	5527867	5527868	20893	True	5
chr7_5527888_5527889	chr7	5527888	5527889	20016	True	5
chr7_5528017_5528018	chr7	5528017	5528018	18151	True	5
chr7_5528043_5528044	chr7	5528043	5528044	20051	True	5
chr7_5528067_5528068	chr7	5528067	5528068	19531	True	5
chr7_5528149_5528150	chr7	5528149	5528150	17781	True	3
chr7_5528338_5528339	chr7	5528338	5528339	16865	True	5
chr7_5528411_5528412	chr7	5528411	5528412	26789	True	5
chr7_5528448_5528449	chr7	5528448	5528449	25760	True	5
chr7_5528473_5528474	chr7	5528473	5528474	30961	True	5
chr7_5528521_5528522	chr7	5528521	5528522	31028	True	5
chr7_5528590_5528591	chr7	5528590	5528591	37846	True	5
chr7_5528639_5528640	chr7	5528639	5528640	37799	True	5
chr7_5528662_5528663	chr7	5528662	5528663	33768	True	5
chr7_5528679_5528680	chr7	5528679	5528680	34195	True	5
chr7_5528706_5528707	chr7	5528706	5528707	30758	True	5
chr7_5529227_5529228	chr7	5529227	5529228	25235	True	3
chr7_5529253_5529254	chr7	5529253	5529254	29814	True	3
chr7_5529279_5529280	chr7	5529279	5529280	28308	True	3
chr7_5529295_5529296	chr7	5529295	5529296	28007	True	3
chr7_5529314_5529315	chr7	5529314	5529315	32426	True	3
chr7_5529328_5529329	chr7	5529328	5529329	32049	True	3
chr7_5529344_5529345	chr7	5529344	5529345	26983	True	3
chr7_5529565_5529566	chr7	5529565	5529566	44853	True	5
chr7_5529603_5529604	chr7	5529603	5529604	44688	True	5
chr7_5529647_5529648	chr7	5529647	5529648	41995	True	5
chr7_5529660_5529661	chr7	5529660	5529661	38116	True	5
chr7_5530561_5530562	chr7	5530561	5530562	22131	True	5
chr7_5530602_5530603	chr7	5530602	5530603	21520	True	5
chr7_5605633_5605634	chr7	5605633	5605634	5283	True	5
chr7_5606344_5606345	chr7	5606344	5606345	8274	True	5
chr7_5606514_5606515	chr7	5606514	5606515	6496	True	1
chr7_5606560_5606561	chr7	5606560	5606561	4890	True	1
chr7_6016873_6016874	chr7	6016873	6016874	7097	True	4
chr7_6016972_6016973	chr7	6016972	6016973	7251	True	4
chr7_6462129_6462130	chr7	6462129	6462130	8168	True	1
chr7_6462812_6462813	chr7	6462812	6462813	5142	True	1
chr7_6462922_6462923	chr7	6462922	6462923	3559	True	1
chr7_6462943_6462944	chr7	6462943	6462944	4116	True	1
chr7_6463089_6463090	chr7	6463089	6463090	5695	True	1
chr7_8739161_8739162	chr7	8739161	8739162	52	False	NA
chr7_10933622_10933623	chr7	10933622	10933623	3440	True	5
chr7_10938877_10938878	chr7	10938877	10938878	3032	True	5
chr7_10940123_10940124	chr7	10940123	10940124	7519	True	5
chr7_12648026_12648027	chr7	12648026	12648027	0	False	NA
chr7_18573534_18573535	chr7	18573534	18573535	0	False	NA
chr7_21630505_21630506	chr7	21630505	21630506	0	False	NA
chr7_22510355_22510356	chr7	22510355	22510356	739	True	1
chr7_22510403_22510404	chr7	22510403	22510404	802	True	1
chr7_22510947_22510948	chr7	22510947	22510948	47	False	NA
chr7_22818045_22818046	chr7	22818045	22818046	1789	True	3
chr7_22856611_22856612	chr7	22856611	22856612	24038	True	1
chr7_22856642_22856643	chr7	22856642	22856643	23789	True	1
chr7_22856664_22856665	chr7	22856664	22856665	23649	True	1
chr7_25123770_25123771	chr7	25123770	25123771	2795	True	3
chr7_25123791_25123792	chr7	25123791	25123792	2795	True	3
chr7_25124020_25124021	chr7	25124020	25124021	5332	True	3
chr7_25125262_25125263	chr7	25125262	25125263	4288	True	6
chr7_26191151_26191152	chr7	26191151	26191152	16532	True	5
chr7_26191912_26191913	chr7	26191912	26191913	17779	True	1
chr7_26191956_26191957	chr7	26191956	26191957	18805	True	1
chr7_26191986_26191987	chr7	26191986	26191987	31395	True	1
chr7_26192094_26192095	chr7	26192094	26192095	25142	True	1
chr7_26192157_26192158	chr7	26192157	26192158	26049	True	1
chr7_26192186_26192187	chr7	26192186	26192187	15566	True	1
chr7_26192217_26192218	chr7	26192217	26192218	15638	True	1
chr7_26192280_26192281	chr7	26192280	26192281	22750	True	1
chr7_26193317_26193318	chr7	26193317	26193318	19634	True	5
chr7_26193337_26193338	chr7	26193337	26193338	19750	True	3
chr7_26193368_26193369	chr7	26193368	26193369	20238	True	5
chr7_26193589_26193590	chr7	26193589	26193590	25305	True	5
chr7_26196415_26196416	chr7	26196415	26196416	16762	True	1
chr7_26196440_26196441	chr7	26196440	26196441	18279	True	1
chr7_26196469_26196470	chr7	26196469	26196470	18212	True	5
chr7_26196574_26196575	chr7	26196574	26196575	9698	True	5
chr7_26196627_26196628	chr7	26196627	26196628	7837	True	5
chr7_26196647_26196648	chr7	26196647	26196648	8236	True	3
chr7_26196811_26196812	chr7	26196811	26196812	16865	True	5
chr7_26196904_26196905	chr7	26196904	26196905	24810	True	5
chr7_26196932_26196933	chr7	26196932	26196933	27036	True	5
chr7_26196991_26196992	chr7	26196991	26196992	16498	True	3
chr7_26197338_26197339	chr7	26197338	26197339	15925	True	5
chr7_26197360_26197361	chr7	26197360	26197361	20580	True	5
chr7_26197407_26197408	chr7	26197407	26197408	21237	True	5
chr7_26197634_26197635	chr7	26197634	26197635	15306	True	1
chr7_26197661_26197662	chr7	26197661	26197662	17689	True	1
chr7_26197703_26197704	chr7	26197703	26197704	17771	True	1
chr7_26200604_26200605	chr7	26200604	26200605	21675	True	5
chr7_26200625_26200626	chr7	26200625	26200626	20957	True	5
chr7_26200676_26200677	chr7	26200676	26200677	20125	True	3
chr7_26200748_26200749	chr7	26200748	26200749	12586	True	3
chr7_26202996_26202997	chr7	26202996	26202997	2185	True	3
chr7_26212270_26212271	chr7	26212270	26212271	6160	True	1
chr7_26212364_26212365	chr7	26212364	26212365	6637	True	1
chr7_26212646_26212647	chr7	26212646	26212647	4914	True	1
chr7_26213181_26213182	chr7	26213181	26213182	3754	True	1
chr7_34661421_34661422	chr7	34661421	34661422	5	False	NA
chr7_35367055_35367056	chr7	35367055	35367056	132	False	NA
chr7_35903190_35903191	chr7	35903190	35903191	1262	True	4
chr7_36208006_36208007	chr7	36208006	36208007	3602	True	2
chr7_39032688_39032689	chr7	39032688	39032689	7	False	NA
chr7_39329024_39329025	chr7	39329024	39329025	2683	True	2
chr7_39623871_39623872	chr7	39623871	39623872	465	True	2
chr7_40524118_40524119	chr7	40524118	40524119	13	False	NA
chr7_44796681_44796682	chr7	44796681	44796682	2687	True	3
chr7_44796786_44796787	chr7	44796786	44796787	6947	True	3
chr7_44799432_44799433	chr7	44799432	44799433	1027	True	2
chr7_44799463_44799464	chr7	44799463	44799464	1169	True	2
chr7_44799744_44799745	chr7	44799744	44799745	3877	True	5
chr7_44799777_44799778	chr7	44799777	44799778	4281	True	5
chr7_44799802_44799803	chr7	44799802	44799803	3837	True	5
chr7_44801436_44801437	chr7	44801436	44801437	74	False	NA
chr7_44801554_44801555	chr7	44801554	44801555	386	True	2
chr7_44834470_44834471	chr7	44834470	44834471	1334	True	3
chr7_44985438_44985439	chr7	44985438	44985439	9662	True	3
chr7_44985463_44985464	chr7	44985463	44985464	9706	True	3
chr7_44985485_44985486	chr7	44985485	44985486	9688	True	3
chr7_44985511_44985512	chr7	44985511	44985512	9702	True	3
chr7_45104384_45104385	chr7	45104384	45104385	20776	True	3
chr7_45104425_45104426	chr7	45104425	45104426	20879	True	3
chr7_45104453_45104454	chr7	45104453	45104454	21229	True	3
chr7_45104468_45104469	chr7	45104468	45104469	21678	True	3
chr7_45104484_45104485	chr7	45104484	45104485	21628	True	3
chr7_45105010_45105011	chr7	45105010	45105011	25253	True	3
chr7_45105029_45105030	chr7	45105029	45105030	24182	True	3
chr7_45105044_45105045	chr7	45105044	45105045	22423	True	3
chr7_48272379_48272380	chr7	48272379	48272380	81	False	NA
chr7_50922206_50922207	chr7	50922206	50922207	0	False	NA
chr7_53776178_53776179	chr7	53776178	53776179	67637	True	4
chr7_53776230_53776231	chr7	53776230	53776231	67637	True	4
chr7_54752306_54752307	chr7	54752306	54752307	3991	True	1
chr7_56052428_56052429	chr7	56052428	56052429	2186	True	4
chr7_56052451_56052452	chr7	56052451	56052452	2232	True	4
chr7_56054494_56054495	chr7	56054494	56054495	706	True	4
chr7_56058384_56058385	chr7	56058384	56058385	2331	True	6
chr7_56060466_56060467	chr7	56060466	56060467	1229	True	4
chr7_56061783_56061784	chr7	56061783	56061784	2049	True	3
chr7_56063190_56063191	chr7	56063190	56063191	2528	True	5
chr7_56063257_56063258	chr7	56063257	56063258	2725	True	5
chr7_56063357_56063358	chr7	56063357	56063358	2778	True	1
chr7_56063439_56063440	chr7	56063439	56063440	1222	True	2
chr7_56101652_56101653	chr7	56101652	56101653	5256	True	1
chr7_56101676_56101677	chr7	56101676	56101677	5245	True	1
chr7_56104232_56104233	chr7	56104232	56104233	2903	True	3
chr7_63925833_63925834	chr7	63925833	63925834	737	True	2
chr7_65755524_65755525	chr7	65755524	65755525	7518	True	3
chr7_65755553_65755554	chr7	65755553	65755554	7518	True	3
chr7_65755567_65755568	chr7	65755567	65755568	7524	True	3
chr7_65755622_65755623	chr7	65755622	65755623	7529	True	3
chr7_70209126_70209127	chr7	70209126	70209127	0	False	NA
chr7_73477850_73477851	chr7	73477850	73477851	3118	True	4
chr7_74191252_74191253	chr7	74191252	74191253	748	True	2
chr7_74195682_74195683	chr7	74195682	74195683	7628	True	5
chr7_75943780_75943781	chr7	75943780	75943781	14690	True	4
chr7_76302674_76302675	chr7	76302674	76302675	3197	True	3
chr7_76304175_76304176	chr7	76304175	76304176	3611	True	1
chr7_76304210_76304211	chr7	76304210	76304211	3618	True	1
chr7_76326841_76326842	chr7	76326841	76326842	3068	True	5
chr7_76327117_76327118	chr7	76327117	76327118	6590	True	5
chr7_76328019_76328020	chr7	76328019	76328020	9038	True	5
chr7_76329655_76329656	chr7	76329655	76329656	2396	True	3
chr7_77537447_77537448	chr7	77537447	77537448	11966	True	3
chr7_87645843_87645844	chr7	87645843	87645844	0	False	NA
chr7_92124523_92124524	chr7	92124523	92124524	58	False	NA
chr7_92806782_92806783	chr7	92806782	92806783	422	True	2
chr7_93926397_93926398	chr7	93926397	93926398	7	False	NA
chr7_94668759_94668760	chr7	94668759	94668760	7686	True	4
chr7_94669211_94669212	chr7	94669211	94669212	16947	True	4
chr7_95405211_95405212	chr7	95405211	95405212	1355	True	2
chr7_95585158_95585159	chr7	95585158	95585159	10	False	NA
chr7_95592591_95592592	chr7	95592591	95592592	24	False	NA
chr7_97598989_97598990	chr7	97598989	97598990	157	False	NA
chr7_97856716_97856717	chr7	97856716	97856717	1954	True	4
chr7_98794785_98794786	chr7	98794785	98794786	1250	True	2
chr7_98881698_98881699	chr7	98881698	98881699	85775	True	3
chr7_98881750_98881751	chr7	98881750	98881751	184311	True	5
chr7_98881793_98881794	chr7	98881793	98881794	185530	True	5
chr7_98881804_98881805	chr7	98881804	98881805	182752	True	5
chr7_98881817_98881818	chr7	98881817	98881818	180696	True	5
chr7_98881834_98881835	chr7	98881834	98881835	177505	True	5
chr7_98881846_98881847	chr7	98881846	98881847	177504	True	5
chr7_99396102_99396103	chr7	99396102	99396103	1890	True	3
chr7_99458296_99458297	chr7	99458296	99458297	5121	True	1
chr7_99459160_99459161	chr7	99459160	99459161	4896	True	3
chr7_100050187_100050188	chr7	100050187	100050188	44	False	NA
chr7_100093838_100093839	chr7	100093838	100093839	8056	True	2
chr7_100094064_100094065	chr7	100094064	100094065	7669	True	2
chr7_100095807_100095808	chr7	100095807	100095808	2679	True	3
chr7_100099374_100099375	chr7	100099374	100099375	6107	True	3
chr7_100099605_100099606	chr7	100099605	100099606	2418	True	3
chr7_103989389_103989390	chr7	103989389	103989390	8838	True	4
chr7_105001365_105001366	chr7	105001365	105001366	1295	True	4
chr7_105665096_105665097	chr7	105665096	105665097	11	False	NA
chr7_107770266_107770267	chr7	107770266	107770267	31	False	NA
chr7_107986070_107986071	chr7	107986070	107986071	213	True	4
chr7_112288928_112288929	chr7	112288928	112288929	5098	True	6
chr7_127252892_127252893	chr7	127252892	127252893	0	False	NA
chr7_128697479_128697480	chr7	128697479	128697480	4731	True	3
chr7_128697516_128697517	chr7	128697516	128697517	4731	True	3
chr7_128739403_128739404	chr7	128739403	128739404	4666	True	5
chr7_128758986_128758987	chr7	128758986	128758987	6061	True	3
chr7_128759827_128759828	chr7	128759827	128759828	2886	True	5
chr7_128767530_128767531	chr7	128767530	128767531	10840	True	3
chr7_128769266_128769267	chr7	128769266	128769267	7547	True	1
chr7_128769431_128769432	chr7	128769431	128769432	7548	True	1
chr7_128769535_128769536	chr7	128769535	128769536	13526	True	1
chr7_128770693_128770694	chr7	128770693	128770694	9214	True	1
chr7_128770774_128770775	chr7	128770774	128770775	8133	True	1
chr7_128770811_128770812	chr7	128770811	128770812	8100	True	1
chr7_128771299_128771300	chr7	128771299	128771300	9908	True	1
chr7_128771395_128771396	chr7	128771395	128771396	9331	True	1
chr7_129484502_129484503	chr7	129484502	129484503	245	True	2
chr7_129774763_129774764	chr7	129774763	129774764	1721	True	2
chr7_130876770_130876771	chr7	130876770	130876771	1528	True	2
chr7_131557484_131557485	chr7	131557484	131557485	0	False	NA
chr7_132138600_132138601	chr7	132138600	132138601	0	False	NA
chr7_133034552_133034553	chr7	133034552	133034553	175	False	NA
chr7_133034569_133034570	chr7	133034569	133034570	165	False	NA
chr7_133034603_133034604	chr7	133034603	133034604	156	False	NA
chr7_133034635_133034636	chr7	133034635	133034636	208	True	2
chr7_134442521_134442522	chr7	134442521	134442522	542	True	2
chr7_135928484_135928485	chr7	135928484	135928485	4692	True	6
chr7_137763154_137763155	chr7	137763154	137763155	695	True	2
chr7_138583497_138583498	chr7	138583497	138583498	1257	True	2
chr7_139340699_139340700	chr7	139340699	139340700	41147	True	1
chr7_139340717_139340718	chr7	139340717	139340718	41147	True	1
chr7_139340733_139340734	chr7	139340733	139340734	41147	True	1
chr7_139340755_139340756	chr7	139340755	139340756	41156	True	1
chr7_139360652_139360653	chr7	139360652	139360653	2811	True	4
chr7_139770325_139770326	chr7	139770325	139770326	324	True	2
chr7_140386825_140386826	chr7	140386825	140386826	50145	True	3
chr7_141727982_141727983	chr7	141727982	141727983	4367	True	4
chr7_141728092_141728093	chr7	141728092	141728093	2506	True	2
chr7_143395275_143395276	chr7	143395275	143395276	6	False	NA
chr7_144849818_144849819	chr7	144849818	144849819	59	False	NA
chr7_148941486_148941487	chr7	148941486	148941487	536857	True	1
chr7_148941533_148941534	chr7	148941533	148941534	536863	True	1
chr7_148963313_148963314	chr7	148963313	148963314	54334	True	6
chr7_148983753_148983754	chr7	148983753	148983754	41785	True	1
chr7_148987211_148987212	chr7	148987211	148987212	110334	True	1
chr7_148987226_148987227	chr7	148987226	148987227	110305	True	1
chr7_148987249_148987250	chr7	148987249	148987250	110305	True	1
chr7_149003525_149003526	chr7	149003525	149003526	7451	True	1
chr7_149003668_149003669	chr7	149003668	149003669	12843	True	1
chr7_149014914_149014915	chr7	149014914	149014915	3897	True	4
chr7_149125757_149125758	chr7	149125757	149125758	72	False	NA
chr7_152593086_152593087	chr7	152593086	152593087	1309	True	4
chr7_154656515_154656516	chr7	154656515	154656516	0	False	NA
chr7_154668452_154668453	chr7	154668452	154668453	0	False	NA
chr7_155458826_155458827	chr7	155458826	155458827	66	False	NA
chr8_3660547_3660548	chr8	3660547	3660548	314	True	2
chr8_5128300_5128301	chr8	5128300	5128301	30	False	NA
chr8_8791132_8791133	chr8	8791132	8791133	0	False	NA
chr8_10686611_10686612	chr8	10686611	10686612	189	False	NA
chr8_14664297_14664298	chr8	14664297	14664298	0	False	NA
chr8_18834335_18834336	chr8	18834335	18834336	14	False	NA
chr8_19948190_19948191	chr8	19948190	19948191	0	False	NA
chr8_19951932_19951933	chr8	19951932	19951933	0	False	NA
chr8_19954207_19954208	chr8	19954207	19954208	5	False	NA
chr8_19959334_19959335	chr8	19959334	19959335	0	False	NA
chr8_19960930_19960931	chr8	19960930	19960931	0	False	NA
chr8_19965463_19965464	chr8	19965463	19965464	21	False	NA
chr8_19965502_19965503	chr8	19965502	19965503	16	False	NA
chr8_19965676_19965677	chr8	19965676	19965677	17	False	NA
chr8_19965950_19965951	chr8	19965950	19965951	5	False	NA
chr8_19966984_19966985	chr8	19966984	19966985	19	False	NA
chr8_20680720_20680721	chr8	20680720	20680721	1016	True	2
chr8_22244999_22245000	chr8	22244999	22245000	556	True	2
chr8_24077034_24077035	chr8	24077034	24077035	21483	True	5
chr8_24077092_24077093	chr8	24077092	24077093	21521	True	5
chr8_24077159_24077160	chr8	24077159	24077160	21321	True	5
chr8_27598041_27598042	chr8	27598041	27598042	4972	True	4
chr8_27598077_27598078	chr8	27598077	27598078	6705	True	4
chr8_27598109_27598110	chr8	27598109	27598110	8630	True	4
chr8_27598147_27598148	chr8	27598147	27598148	10785	True	4
chr8_27598221_27598222	chr8	27598221	27598222	6631	True	4
chr8_27598513_27598514	chr8	27598513	27598514	4355	True	4
chr8_27598539_27598540	chr8	27598539	27598540	4482	True	4
chr8_27598559_27598560	chr8	27598559	27598560	4497	True	4
chr8_27598573_27598574	chr8	27598573	27598574	4365	True	4
chr8_27598605_27598606	chr8	27598605	27598606	4260	True	4
chr8_27599798_27599799	chr8	27599798	27599799	3465	True	4
chr8_27599847_27599848	chr8	27599847	27599848	3960	True	4
chr8_27599957_27599958	chr8	27599957	27599958	3902	True	4
chr8_27600004_27600005	chr8	27600004	27600005	3002	True	4
chr8_27604300_27604301	chr8	27604300	27604301	3225	True	4
chr8_27604337_27604338	chr8	27604337	27604338	3244	True	4
chr8_27604933_27604934	chr8	27604933	27604934	2861	True	4
chr8_27604953_27604954	chr8	27604953	27604954	3379	True	4
chr8_27604970_27604971	chr8	27604970	27604971	4712	True	4
chr8_27605025_27605026	chr8	27605025	27605026	7042	True	4
chr8_27605056_27605057	chr8	27605056	27605057	6861	True	4
chr8_27605096_27605097	chr8	27605096	27605097	7023	True	4
chr8_27605142_27605143	chr8	27605142	27605143	5820	True	4
chr8_27605169_27605170	chr8	27605169	27605170	4750	True	4
chr8_27605215_27605216	chr8	27605215	27605216	4958	True	4
chr8_27605275_27605276	chr8	27605275	27605276	3488	True	4
chr8_27605303_27605304	chr8	27605303	27605304	3299	True	4
chr8_27605323_27605324	chr8	27605323	27605324	3299	True	4
chr8_27606399_27606400	chr8	27606399	27606400	7537	True	4
chr8_27606433_27606434	chr8	27606433	27606434	9627	True	4
chr8_27606450_27606451	chr8	27606450	27606451	9627	True	4
chr8_27606495_27606496	chr8	27606495	27606496	8313	True	4
chr8_27606515_27606516	chr8	27606515	27606516	7221	True	4
chr8_27608962_27608963	chr8	27608962	27608963	7443	True	4
chr8_27608980_27608981	chr8	27608980	27608981	7611	True	4
chr8_27609014_27609015	chr8	27609014	27609015	7761	True	4
chr8_27609047_27609048	chr8	27609047	27609048	7642	True	4
chr8_27609062_27609063	chr8	27609062	27609063	7466	True	4
chr8_27609078_27609079	chr8	27609078	27609079	5035	True	4
chr8_27610487_27610488	chr8	27610487	27610488	11531	True	4
chr8_27610575_27610576	chr8	27610575	27610576	11772	True	4
chr8_27614703_27614704	chr8	27614703	27614704	3355	True	4
chr8_28619258_28619259	chr8	28619258	28619259	27	False	NA
chr8_30679277_30679278	chr8	30679277	30679278	2979	True	5
chr8_33513472_33513473	chr8	33513472	33513473	184452	True	1
chr8_33513539_33513540	chr8	33513539	33513540	184503	True	1
chr8_39103763_39103764	chr8	39103763	39103764	1412	True	4
chr8_40153735_40153736	chr8	40153735	40153736	1090	True	4
chr8_41426697_41426698	chr8	41426697	41426698	3837	True	3
chr8_47789195_47789196	chr8	47789195	47789196	1670	True	3
chr8_47830622_47830623	chr8	47830622	47830623	2779	True	3
chr8_47831903_47831904	chr8	47831903	47831904	1971	True	4
chr8_47857182_47857183	chr8	47857182	47857183	2536	True	3
chr8_47858595_47858596	chr8	47858595	47858596	1887	True	4
chr8_47904885_47904886	chr8	47904885	47904886	1069	True	4
chr8_47915406_47915407	chr8	47915406	47915407	3275	True	3
chr8_47976953_47976954	chr8	47976953	47976954	5391	True	1
chr8_53229638_53229639	chr8	53229638	53229639	0	False	NA
chr8_56073754_56073755	chr8	56073754	56073755	4573	True	6
chr8_56073858_56073859	chr8	56073858	56073859	25785	True	3
chr8_56073882_56073883	chr8	56073882	56073883	23223	True	3
chr8_56073903_56073904	chr8	56073903	56073904	23491	True	3
chr8_56074105_56074106	chr8	56074105	56074106	14605	True	6
chr8_56074152_56074153	chr8	56074152	56074153	14137	True	6
chr8_56074505_56074506	chr8	56074505	56074506	21629	True	5
chr8_56588702_56588703	chr8	56588702	56588703	32	False	NA
chr8_61624997_61624998	chr8	61624997	61624998	510	True	2
chr8_61625886_61625887	chr8	61625886	61625887	706	True	2
chr8_61644624_61644625	chr8	61644624	61644625	1103	True	4
chr8_61646783_61646784	chr8	61646783	61646784	2126	True	4
chr8_61646830_61646831	chr8	61646830	61646831	2285	True	4
chr8_61653603_61653604	chr8	61653603	61653604	2208	True	4
chr8_61684107_61684108	chr8	61684107	61684108	2965	True	4
chr8_61684129_61684130	chr8	61684129	61684130	2802	True	4
chr8_66113360_66113361	chr8	66113360	66113361	11056	True	3
chr8_66113423_66113424	chr8	66113423	66113424	12160	True	3
chr8_66113443_66113444	chr8	66113443	66113444	12160	True	3
chr8_66922487_66922488	chr8	66922487	66922488	27815	True	5
chr8_66922503_66922504	chr8	66922503	66922504	27701	True	5
chr8_66922515_66922516	chr8	66922515	66922516	27671	True	5
chr8_66922529_66922530	chr8	66922529	66922530	28017	True	5
chr8_66922552_66922553	chr8	66922552	66922553	29361	True	5
chr8_69690100_69690101	chr8	69690100	69690101	3920	True	4
chr8_69690147_69690148	chr8	69690147	69690148	4880	True	4
chr8_69690274_69690275	chr8	69690274	69690275	13664	True	3
chr8_69690300_69690301	chr8	69690300	69690301	17693	True	3
chr8_69690383_69690384	chr8	69690383	69690384	14863	True	3
chr8_69922973_69922974	chr8	69922973	69922974	20	False	NA
chr8_72240267_72240268	chr8	72240267	72240268	0	False	NA
chr8_73291112_73291113	chr8	73291112	73291113	339	True	2
chr8_73292250_73292251	chr8	73292250	73292251	191	False	NA
chr8_73292283_73292284	chr8	73292283	73292284	149	False	NA
chr8_73292699_73292700	chr8	73292699	73292700	336	True	2
chr8_73293633_73293634	chr8	73293633	73293634	821	True	4
chr8_76252408_76252409	chr8	76252408	76252409	0	False	NA
chr8_76645608_76645609	chr8	76645608	76645609	3159	True	3
chr8_81280533_81280534	chr8	81280533	81280534	28	False	NA
chr8_82658142_82658143	chr8	82658142	82658143	0	False	NA
chr8_86451203_86451204	chr8	86451203	86451204	55	False	NA
chr8_90002220_90002221	chr8	90002220	90002221	39	False	NA
chr8_90225914_90225915	chr8	90225914	90225915	93	False	NA
chr8_90942892_90942893	chr8	90942892	90942893	78	False	NA
chr8_93686164_93686165	chr8	93686164	93686165	98	False	NA
chr8_96230988_96230989	chr8	96230988	96230989	3637	True	5
chr8_96231118_96231119	chr8	96231118	96231119	1683	True	4
chr8_97724773_97724774	chr8	97724773	97724774	2169	True	1
chr8_97724840_97724841	chr8	97724840	97724841	2128	True	1
chr8_98041783_98041784	chr8	98041783	98041784	4676	True	1
chr8_98041835_98041836	chr8	98041835	98041836	4557	True	1
chr8_98042124_98042125	chr8	98042124	98042125	30766	True	5
chr8_98042156_98042157	chr8	98042156	98042157	30781	True	5
chr8_98042170_98042171	chr8	98042170	98042171	30781	True	5
chr8_98042189_98042190	chr8	98042189	98042190	30781	True	5
chr8_98042207_98042208	chr8	98042207	98042208	30599	True	5
chr8_98042219_98042220	chr8	98042219	98042220	30598	True	5
chr8_98042656_98042657	chr8	98042656	98042657	14507	True	1
chr8_98042679_98042680	chr8	98042679	98042680	14671	True	1
chr8_98042709_98042710	chr8	98042709	98042710	14951	True	1
chr8_98042724_98042725	chr8	98042724	98042725	14856	True	1
chr8_98045049_98045050	chr8	98045049	98045050	27334	True	6
chr8_98045068_98045069	chr8	98045068	98045069	26897	True	6
chr8_98045523_98045524	chr8	98045523	98045524	8369	True	3
chr8_98045547_98045548	chr8	98045547	98045548	8342	True	3
chr8_99893663_99893664	chr8	99893663	99893664	2127	True	6
chr8_100703288_100703289	chr8	100703288	100703289	25676	True	1
chr8_100703311_100703312	chr8	100703311	100703312	25827	True	1
chr8_100703355_100703356	chr8	100703355	100703356	16613	True	1
chr8_100704302_100704303	chr8	100704302	100704303	6539	True	1
chr8_100706743_100706744	chr8	100706743	100706744	18962	True	6
chr8_100706975_100706976	chr8	100706975	100706976	17075	True	3
chr8_100709182_100709183	chr8	100709182	100709183	8526	True	5
chr8_100709485_100709486	chr8	100709485	100709486	14872	True	3
chr8_100712720_100712721	chr8	100712720	100712721	15206	True	3
chr8_100712743_100712744	chr8	100712743	100712744	15161	True	3
chr8_100715590_100715591	chr8	100715590	100715591	9375	True	3
chr8_100717825_100717826	chr8	100717825	100717826	12441	True	3
chr8_100717859_100717860	chr8	100717859	100717860	12514	True	3
chr8_100718095_100718096	chr8	100718095	100718096	7028	True	5
chr8_100718196_100718197	chr8	100718196	100718197	9825	True	5
chr8_100721822_100721823	chr8	100721822	100721823	62999	True	5
chr8_100721909_100721910	chr8	100721909	100721910	73623	True	1
chr8_100721926_100721927	chr8	100721926	100721927	73308	True	1
chr8_100722087_100722088	chr8	100722087	100722088	10349	True	5
chr8_100918845_100918846	chr8	100918845	100918846	907	True	2
chr8_100918959_100918960	chr8	100918959	100918960	4462	True	5
chr8_100919558_100919559	chr8	100919558	100919559	6644	True	1
chr8_100920186_100920187	chr8	100920186	100920187	1802	True	3
chr8_100920346_100920347	chr8	100920346	100920347	6730	True	1
chr8_100948744_100948745	chr8	100948744	100948745	1830	True	3
chr8_105560861_105560862	chr8	105560861	105560862	0	False	NA
chr8_108228279_108228280	chr8	108228279	108228280	4470	True	1
chr8_108228325_108228326	chr8	108228325	108228326	4595	True	1
chr8_108292390_108292391	chr8	108292390	108292391	976	True	4
chr8_116644977_116644978	chr8	116644977	116644978	5560	True	6
chr8_116749683_116749684	chr8	116749683	116749684	15	False	NA
chr8_116846024_116846025	chr8	116846024	116846025	2855	True	5
chr8_118923751_118923752	chr8	118923751	118923752	0	False	NA
chr8_118976510_118976511	chr8	118976510	118976511	11508	True	3
chr8_119561426_119561427	chr8	119561426	119561427	0	False	NA
chr8_119862776_119862777	chr8	119862776	119862777	1271	True	3
chr8_120922682_120922683	chr8	120922682	120922683	0	False	NA
chr8_123434450_123434451	chr8	123434450	123434451	860	True	2
chr8_123434542_123434543	chr8	123434542	123434543	868	True	2
chr8_124543110_124543111	chr8	124543110	124543111	5773	True	3
chr8_125987675_125987676	chr8	125987675	125987676	7427	True	1
chr8_127174442_127174443	chr8	127174442	127174443	884	True	2
chr8_127179077_127179078	chr8	127179077	127179078	409	True	2
chr8_127187734_127187735	chr8	127187734	127187735	527	True	2
chr8_127202159_127202160	chr8	127202159	127202160	1604	True	2
chr8_127202212_127202213	chr8	127202212	127202213	1699	True	2
chr8_127205050_127205051	chr8	127205050	127205051	961	True	2
chr8_127206636_127206637	chr8	127206636	127206637	563	True	2
chr8_127206915_127206916	chr8	127206915	127206916	819	True	2
chr8_127207606_127207607	chr8	127207606	127207607	1418	True	2
chr8_127207658_127207659	chr8	127207658	127207659	1176	True	4
chr8_127207694_127207695	chr8	127207694	127207695	1236	True	4
chr8_127207709_127207710	chr8	127207709	127207710	938	True	4
chr8_127207848_127207849	chr8	127207848	127207849	470	True	2
chr8_127208051_127208052	chr8	127208051	127208052	391	True	2
chr8_127208381_127208382	chr8	127208381	127208382	562	True	4
chr8_127208557_127208558	chr8	127208557	127208558	674	True	2
chr8_127208669_127208670	chr8	127208669	127208670	1039	True	2
chr8_127208713_127208714	chr8	127208713	127208714	1632	True	2
chr8_127208789_127208790	chr8	127208789	127208790	1592	True	2
chr8_127208812_127208813	chr8	127208812	127208813	1272	True	2
chr8_127209114_127209115	chr8	127209114	127209115	645	True	2
chr8_127209235_127209236	chr8	127209235	127209236	902	True	4
chr8_127209533_127209534	chr8	127209533	127209534	477	True	4
chr8_127209644_127209645	chr8	127209644	127209645	1315	True	4
chr8_127209828_127209829	chr8	127209828	127209829	927	True	2
chr8_127209870_127209871	chr8	127209870	127209871	355	True	2
chr8_127210061_127210062	chr8	127210061	127210062	324	True	2
chr8_127210196_127210197	chr8	127210196	127210197	326	True	2
chr8_127210240_127210241	chr8	127210240	127210241	356	True	2
chr8_127210983_127210984	chr8	127210983	127210984	299	True	2
chr8_127211009_127211010	chr8	127211009	127211010	234	True	2
chr8_127211600_127211601	chr8	127211600	127211601	424	True	2
chr8_127211782_127211783	chr8	127211782	127211783	487	True	2
chr8_127212691_127212692	chr8	127212691	127212692	397	True	2
chr8_127214265_127214266	chr8	127214265	127214266	313	True	2
chr8_127215371_127215372	chr8	127215371	127215372	402	True	2
chr8_127215514_127215515	chr8	127215514	127215515	428	True	2
chr8_127216836_127216837	chr8	127216836	127216837	448	True	2
chr8_127217658_127217659	chr8	127217658	127217659	386	True	2
chr8_127217684_127217685	chr8	127217684	127217685	391	True	2
chr8_127218459_127218460	chr8	127218459	127218460	1026	True	2
chr8_127218496_127218497	chr8	127218496	127218497	973	True	2
chr8_127218526_127218527	chr8	127218526	127218527	1026	True	2
chr8_127218568_127218569	chr8	127218568	127218569	858	True	2
chr8_127218610_127218611	chr8	127218610	127218611	833	True	2
chr8_127218633_127218634	chr8	127218633	127218634	635	True	2
chr8_127218651_127218652	chr8	127218651	127218652	711	True	2
chr8_127218675_127218676	chr8	127218675	127218676	974	True	2
chr8_127218757_127218758	chr8	127218757	127218758	1810	True	2
chr8_127218775_127218776	chr8	127218775	127218776	1854	True	2
chr8_127218793_127218794	chr8	127218793	127218794	1863	True	2
chr8_127218820_127218821	chr8	127218820	127218821	1950	True	2
chr8_127218855_127218856	chr8	127218855	127218856	2171	True	2
chr8_127218878_127218879	chr8	127218878	127218879	3527	True	2
chr8_127218904_127218905	chr8	127218904	127218905	2960	True	2
chr8_127218931_127218932	chr8	127218931	127218932	2925	True	2
chr8_127218942_127218943	chr8	127218942	127218943	2972	True	2
chr8_127218956_127218957	chr8	127218956	127218957	2675	True	2
chr8_127218977_127218978	chr8	127218977	127218978	2581	True	2
chr8_127219002_127219003	chr8	127219002	127219003	2610	True	2
chr8_127219019_127219020	chr8	127219019	127219020	2574	True	2
chr8_127219040_127219041	chr8	127219040	127219041	2427	True	2
chr8_127219083_127219084	chr8	127219083	127219084	1426	True	2
chr8_127219115_127219116	chr8	127219115	127219116	1448	True	2
chr8_127219151_127219152	chr8	127219151	127219152	1365	True	2
chr8_127219167_127219168	chr8	127219167	127219168	1425	True	2
chr8_127219181_127219182	chr8	127219181	127219182	1425	True	2
chr8_127219202_127219203	chr8	127219202	127219203	1382	True	2
chr8_127219222_127219223	chr8	127219222	127219223	1362	True	2
chr8_127219261_127219262	chr8	127219261	127219262	1130	True	2
chr8_127219295_127219296	chr8	127219295	127219296	621	True	2
chr8_127219314_127219315	chr8	127219314	127219315	455	True	2
chr8_127219359_127219360	chr8	127219359	127219360	444	True	2
chr8_127219384_127219385	chr8	127219384	127219385	662	True	2
chr8_127219408_127219409	chr8	127219408	127219409	690	True	2
chr8_127219431_127219432	chr8	127219431	127219432	666	True	2
chr8_127219449_127219450	chr8	127219449	127219450	702	True	2
chr8_127219477_127219478	chr8	127219477	127219478	604	True	2
chr8_127219500_127219501	chr8	127219500	127219501	595	True	2
chr8_127219536_127219537	chr8	127219536	127219537	597	True	2
chr8_127219553_127219554	chr8	127219553	127219554	604	True	2
chr8_127219596_127219597	chr8	127219596	127219597	564	True	2
chr8_127219631_127219632	chr8	127219631	127219632	645	True	2
chr8_127219651_127219652	chr8	127219651	127219652	667	True	2
chr8_127219674_127219675	chr8	127219674	127219675	661	True	2
chr8_127219688_127219689	chr8	127219688	127219689	685	True	2
chr8_127219714_127219715	chr8	127219714	127219715	706	True	2
chr8_127219737_127219738	chr8	127219737	127219738	696	True	2
chr8_127219750_127219751	chr8	127219750	127219751	725	True	2
chr8_127219795_127219796	chr8	127219795	127219796	520	True	2
chr8_127219828_127219829	chr8	127219828	127219829	493	True	2
chr8_127219863_127219864	chr8	127219863	127219864	747	True	2
chr8_127219890_127219891	chr8	127219890	127219891	729	True	2
chr8_127219908_127219909	chr8	127219908	127219909	759	True	2
chr8_127219957_127219958	chr8	127219957	127219958	1147	True	2
chr8_127220003_127220004	chr8	127220003	127220004	1470	True	2
chr8_127220068_127220069	chr8	127220068	127220069	1541	True	2
chr8_127220125_127220126	chr8	127220125	127220126	1280	True	2
chr8_127220163_127220164	chr8	127220163	127220164	1445	True	2
chr8_127220188_127220189	chr8	127220188	127220189	1118	True	2
chr8_127220212_127220213	chr8	127220212	127220213	1192	True	2
chr8_127220269_127220270	chr8	127220269	127220270	1169	True	2
chr8_127220319_127220320	chr8	127220319	127220320	946	True	2
chr8_127220334_127220335	chr8	127220334	127220335	2636	True	2
chr8_127220362_127220363	chr8	127220362	127220363	2535	True	2
chr8_127220404_127220405	chr8	127220404	127220405	2471	True	2
chr8_127220418_127220419	chr8	127220418	127220419	2445	True	2
chr8_127220440_127220441	chr8	127220440	127220441	2314	True	2
chr8_127220457_127220458	chr8	127220457	127220458	2169	True	2
chr8_127220476_127220477	chr8	127220476	127220477	2206	True	2
chr8_127220496_127220497	chr8	127220496	127220497	2192	True	2
chr8_127220540_127220541	chr8	127220540	127220541	587	True	2
chr8_127220561_127220562	chr8	127220561	127220562	484	True	2
chr8_127220604_127220605	chr8	127220604	127220605	474	True	2
chr8_127220636_127220637	chr8	127220636	127220637	475	True	2
chr8_127220666_127220667	chr8	127220666	127220667	271	True	2
chr8_127220694_127220695	chr8	127220694	127220695	928	True	2
chr8_127220709_127220710	chr8	127220709	127220710	947	True	2
chr8_127220733_127220734	chr8	127220733	127220734	956	True	2
chr8_127220763_127220764	chr8	127220763	127220764	889	True	2
chr8_127220809_127220810	chr8	127220809	127220810	935	True	2
chr8_127220842_127220843	chr8	127220842	127220843	946	True	2
chr8_127220884_127220885	chr8	127220884	127220885	320	True	2
chr8_127220913_127220914	chr8	127220913	127220914	620	True	2
chr8_127220933_127220934	chr8	127220933	127220934	1170	True	2
chr8_127220960_127220961	chr8	127220960	127220961	1396	True	2
chr8_127220986_127220987	chr8	127220986	127220987	1412	True	2
chr8_127221018_127221019	chr8	127221018	127221019	1671	True	2
chr8_127221056_127221057	chr8	127221056	127221057	1730	True	2
chr8_127221074_127221075	chr8	127221074	127221075	1770	True	2
chr8_127221101_127221102	chr8	127221101	127221102	1440	True	2
chr8_127221129_127221130	chr8	127221129	127221130	1146	True	2
chr8_127221169_127221170	chr8	127221169	127221170	952	True	2
chr8_127221190_127221191	chr8	127221190	127221191	1083	True	2
chr8_127221205_127221206	chr8	127221205	127221206	955	True	2
chr8_127221219_127221220	chr8	127221219	127221220	821	True	2
chr8_127221230_127221231	chr8	127221230	127221231	821	True	2
chr8_127221275_127221276	chr8	127221275	127221276	796	True	2
chr8_127221323_127221324	chr8	127221323	127221324	680	True	2
chr8_127221356_127221357	chr8	127221356	127221357	709	True	2
chr8_127221395_127221396	chr8	127221395	127221396	558	True	2
chr8_127221421_127221422	chr8	127221421	127221422	616	True	2
chr8_127221437_127221438	chr8	127221437	127221438	596	True	2
chr8_127221455_127221456	chr8	127221455	127221456	595	True	2
chr8_127221469_127221470	chr8	127221469	127221470	929	True	2
chr8_127221482_127221483	chr8	127221482	127221483	985	True	2
chr8_127221517_127221518	chr8	127221517	127221518	1831	True	2
chr8_127221566_127221567	chr8	127221566	127221567	1708	True	2
chr8_127221597_127221598	chr8	127221597	127221598	1607	True	2
chr8_127222254_127222255	chr8	127222254	127222255	257	True	2
chr8_127222293_127222294	chr8	127222293	127222294	194	False	NA
chr8_127222335_127222336	chr8	127222335	127222336	289	True	2
chr8_127222416_127222417	chr8	127222416	127222417	199	False	NA
chr8_127222467_127222468	chr8	127222467	127222468	239	True	2
chr8_127222492_127222493	chr8	127222492	127222493	240	True	2
chr8_127222644_127222645	chr8	127222644	127222645	121	False	NA
chr8_127222847_127222848	chr8	127222847	127222848	442	True	2
chr8_127222928_127222929	chr8	127222928	127222929	416	True	2
chr8_127223031_127223032	chr8	127223031	127223032	179	False	NA
chr8_127223090_127223091	chr8	127223090	127223091	775	True	2
chr8_127223159_127223160	chr8	127223159	127223160	1686	True	2
chr8_127223280_127223281	chr8	127223280	127223281	1694	True	2
chr8_127223368_127223369	chr8	127223368	127223369	397	True	2
chr8_127223438_127223439	chr8	127223438	127223439	370	True	2
chr8_127223652_127223653	chr8	127223652	127223653	655	True	2
chr8_127223743_127223744	chr8	127223743	127223744	629	True	2
chr8_127223915_127223916	chr8	127223915	127223916	98	False	NA
chr8_127224067_127224068	chr8	127224067	127224068	103	False	NA
chr8_127224418_127224419	chr8	127224418	127224419	444	True	2
chr8_127224495_127224496	chr8	127224495	127224496	482	True	2
chr8_127224658_127224659	chr8	127224658	127224659	368	True	2
chr8_127225017_127225018	chr8	127225017	127225018	309	True	2
chr8_127225056_127225057	chr8	127225056	127225057	229	True	2
chr8_127225243_127225244	chr8	127225243	127225244	126	False	NA
chr8_127225361_127225362	chr8	127225361	127225362	122	False	NA
chr8_127225744_127225745	chr8	127225744	127225745	418	True	2
chr8_127226071_127226072	chr8	127226071	127226072	302	True	2
chr8_127226308_127226309	chr8	127226308	127226309	168	False	NA
chr8_127226365_127226366	chr8	127226365	127226366	124	False	NA
chr8_127226407_127226408	chr8	127226407	127226408	100	False	NA
chr8_127226742_127226743	chr8	127226742	127226743	88	False	NA
chr8_127227024_127227025	chr8	127227024	127227025	151	False	NA
chr8_127227047_127227048	chr8	127227047	127227048	153	False	NA
chr8_127227150_127227151	chr8	127227150	127227151	234	True	2
chr8_127227223_127227224	chr8	127227223	127227224	256	True	2
chr8_127227264_127227265	chr8	127227264	127227265	694	True	2
chr8_127227326_127227327	chr8	127227326	127227327	688	True	2
chr8_127736067_127736068	chr8	127736067	127736068	1169	True	4
chr8_127736529_127736530	chr8	127736529	127736530	5242	True	5
chr8_127736600_127736601	chr8	127736600	127736601	3582	True	5
chr8_127738274_127738275	chr8	127738274	127738275	7089	True	3
chr8_127738605_127738606	chr8	127738605	127738606	7727	True	3
chr8_127740678_127740679	chr8	127740678	127740679	7126	True	5
chr8_127740706_127740707	chr8	127740706	127740707	6278	True	5
chr8_127740925_127740926	chr8	127740925	127740926	5179	True	5
chr8_127741132_127741133	chr8	127741132	127741133	3661	True	1
chr8_127741155_127741156	chr8	127741155	127741156	3562	True	1
chr8_127741196_127741197	chr8	127741196	127741197	4481	True	1
chr8_127741234_127741235	chr8	127741234	127741235	4337	True	1
chr8_127741256_127741257	chr8	127741256	127741257	4516	True	1
chr8_127741286_127741287	chr8	127741286	127741287	4196	True	1
chr8_127741340_127741341	chr8	127741340	127741341	3038	True	1
chr8_134800592_134800593	chr8	134800592	134800593	1958	True	2
chr8_134804941_134804942	chr8	134804941	134804942	2225	True	2
chr8_135742492_135742493	chr8	135742492	135742493	2694	True	2
chr8_140539506_140539507	chr8	140539506	140539507	152	False	NA
chr8_140975905_140975906	chr8	140975905	140975906	186	False	NA
chr8_141629758_141629759	chr8	141629758	141629759	0	False	NA
chr8_142703205_142703206	chr8	142703205	142703206	6	False	NA
chr8_143022338_143022339	chr8	143022338	143022339	789	True	2
chr8_143542350_143542351	chr8	143542350	143542351	1727	True	6
chr8_143579806_143579807	chr8	143579806	143579807	2608	True	3
chr8_143581063_143581064	chr8	143581063	143581064	2357	True	4
chr8_143595643_143595644	chr8	143595643	143595644	4292	True	3
chr8_143916063_143916064	chr8	143916063	143916064	2412	True	4
chr8_143916109_143916110	chr8	143916109	143916110	1992	True	4
chr8_143916261_143916262	chr8	143916261	143916262	1261	True	4
chr8_143916527_143916528	chr8	143916527	143916528	1050	True	4
chr8_143916731_143916732	chr8	143916731	143916732	1363	True	4
chr8_143918958_143918959	chr8	143918958	143918959	1761	True	4
chr8_143919103_143919104	chr8	143919103	143919104	2347	True	4
chr8_143919147_143919148	chr8	143919147	143919148	2277	True	4
chr8_143919343_143919344	chr8	143919343	143919344	1097	True	4
chr8_143921453_143921454	chr8	143921453	143921454	952	True	4
chr8_143921475_143921476	chr8	143921475	143921476	1182	True	4
chr8_143922955_143922956	chr8	143922955	143922956	1472	True	4
chr8_143924270_143924271	chr8	143924270	143924271	1408	True	4
chr8_143926990_143926991	chr8	143926990	143926991	1436	True	4
chr8_143929676_143929677	chr8	143929676	143929677	1326	True	4
chr8_144051899_144051900	chr8	144051899	144051900	933	True	2
chr8_144254709_144254710	chr8	144254709	144254710	490	True	2
chr8_144789809_144789810	chr8	144789809	144789810	11538	True	3
chr8_144789828_144789829	chr8	144789828	144789829	15679	True	3
chr8_144789868_144789869	chr8	144789868	144789869	19821	True	3
chr8_144789909_144789910	chr8	144789909	144789910	19387	True	3
chr8_144789925_144789926	chr8	144789925	144789926	18431	True	3
chr8_144789947_144789948	chr8	144789947	144789948	16450	True	3
chr8_144790405_144790406	chr8	144790405	144790406	11361	True	3
chr8_144790438_144790439	chr8	144790438	144790439	12013	True	3
chr8_144791346_144791347	chr8	144791346	144791347	25664	True	3
chr8_144791385_144791386	chr8	144791385	144791386	27629	True	3
chr8_144791445_144791446	chr8	144791445	144791446	19527	True	3
chr8_144791485_144791486	chr8	144791485	144791486	14242	True	3
chr8_144791826_144791827	chr8	144791826	144791827	21850	True	5
chr8_144791847_144791848	chr8	144791847	144791848	20914	True	5
chr8_144791910_144791911	chr8	144791910	144791911	18878	True	5
chr8_144792009_144792010	chr8	144792009	144792010	19170	True	3
chr8_144792030_144792031	chr8	144792030	144792031	22499	True	3
chr8_144792064_144792065	chr8	144792064	144792065	22418	True	3
chr8_144792108_144792109	chr8	144792108	144792109	20963	True	3
chr8_144792391_144792392	chr8	144792391	144792392	9335	True	5
chr9_2162794_2162795	chr9	2162794	2162795	2954	True	2
chr9_5092371_5092372	chr9	5092371	5092372	223	True	2
chr9_5094000_5094001	chr9	5094000	5094001	124	False	NA
chr9_5835234_5835235	chr9	5835234	5835235	0	False	NA
chr9_6050842_6050843	chr9	6050842	6050843	0	False	NA
chr9_6413339_6413340	chr9	6413339	6413340	572	True	4
chr9_12972589_12972590	chr9	12972589	12972590	121	False	NA
chr9_14921822_14921823	chr9	14921822	14921823	5041	True	3
chr9_15776241_15776242	chr9	15776241	15776242	3854	True	2
chr9_19063676_19063677	chr9	19063676	19063677	12850	True	4
chr9_19063691_19063692	chr9	19063691	19063692	13823	True	4
chr9_19063709_19063710	chr9	19063709	19063710	13778	True	4
chr9_19063725_19063726	chr9	19063725	19063726	13777	True	4
chr9_19063741_19063742	chr9	19063741	19063742	13782	True	4
chr9_19063756_19063757	chr9	19063756	19063757	13809	True	4
chr9_19063789_19063790	chr9	19063789	19063790	13641	True	5
chr9_19376289_19376290	chr9	19376289	19376290	11349	True	1
chr9_19376319_19376320	chr9	19376319	19376320	11670	True	1
chr9_19376341_19376342	chr9	19376341	19376342	11795	True	1
chr9_19376362_19376363	chr9	19376362	19376363	11670	True	1
chr9_19376383_19376384	chr9	19376383	19376384	11795	True	1
chr9_19376503_19376504	chr9	19376503	19376504	16850	True	3
chr9_19376515_19376516	chr9	19376515	19376516	30825	True	6
chr9_19376555_19376556	chr9	19376555	19376556	33314	True	6
chr9_19376570_19376571	chr9	19376570	19376571	33412	True	6
chr9_19376608_19376609	chr9	19376608	19376609	30761	True	6
chr9_19376621_19376622	chr9	19376621	19376622	23265	True	6
chr9_19376641_19376642	chr9	19376641	19376642	23275	True	6
chr9_19378379_19378380	chr9	19378379	19378380	19687	True	1
chr9_19378427_19378428	chr9	19378427	19378428	39091	True	1
chr9_19378484_19378485	chr9	19378484	19378485	36895	True	1
chr9_19378505_19378506	chr9	19378505	19378506	31061	True	1
chr9_19378719_19378720	chr9	19378719	19378720	7246	True	3
chr9_19378744_19378745	chr9	19378744	19378745	9409	True	3
chr9_19378775_19378776	chr9	19378775	19378776	16913	True	3
chr9_19378807_19378808	chr9	19378807	19378808	22560	True	3
chr9_19378856_19378857	chr9	19378856	19378857	22350	True	3
chr9_19378885_19378886	chr9	19378885	19378886	18489	True	3
chr9_19378915_19378916	chr9	19378915	19378916	18705	True	3
chr9_19379524_19379525	chr9	19379524	19379525	8549	True	3
chr9_19379550_19379551	chr9	19379550	19379551	9145	True	3
chr9_19380198_19380199	chr9	19380198	19380199	13350	True	3
chr9_19380235_19380236	chr9	19380235	19380236	13291	True	3
chr9_21512143_21512144	chr9	21512143	21512144	321	True	2
chr9_21512180_21512181	chr9	21512180	21512181	444	True	2
chr9_21968027_21968028	chr9	21968027	21968028	1681	True	2
chr9_21968081_21968082	chr9	21968081	21968082	1460	True	2
chr9_21968099_21968100	chr9	21968099	21968100	1515	True	2
chr9_21968118_21968119	chr9	21968118	21968119	1515	True	2
chr9_21968138_21968139	chr9	21968138	21968139	692	True	2
chr9_21968158_21968159	chr9	21968158	21968159	675	True	2
chr9_21968168_21968169	chr9	21968168	21968169	605	True	2
chr9_21968190_21968191	chr9	21968190	21968191	358	True	2
chr9_21970923_21970924	chr9	21970923	21970924	99	False	NA
chr9_21970937_21970938	chr9	21970937	21970938	116	False	NA
chr9_21970973_21970974	chr9	21970973	21970974	100	False	NA
chr9_21971022_21971023	chr9	21971022	21971023	54	False	NA
chr9_21971146_21971147	chr9	21971146	21971147	65	False	NA
chr9_28604350_28604351	chr9	28604350	28604351	112	False	NA
chr9_32553910_32553911	chr9	32553910	32553911	659	True	2
chr9_33026507_33026508	chr9	33026507	33026508	1322	True	3
chr9_33026868_33026869	chr9	33026868	33026869	2084	True	4
chr9_33026949_33026950	chr9	33026949	33026950	1914	True	4
chr9_33029977_33029978	chr9	33029977	33029978	2197	True	5
chr9_33030586_33030587	chr9	33030586	33030587	3105	True	5
chr9_33030646_33030647	chr9	33030646	33030647	2774	True	5
chr9_33034294_33034295	chr9	33034294	33034295	3494	True	3
chr9_33034324_33034325	chr9	33034324	33034325	3236	True	3
chr9_33036677_33036678	chr9	33036677	33036678	1431	True	4
chr9_33037052_33037053	chr9	33037052	33037053	679	True	4
chr9_33037071_33037072	chr9	33037071	33037072	664	True	4
chr9_33037104_33037105	chr9	33037104	33037105	627	True	4
chr9_33038838_33038839	chr9	33038838	33038839	802	True	4
chr9_33038934_33038935	chr9	33038934	33038935	1214	True	4
chr9_33038970_33038971	chr9	33038970	33038971	1334	True	4
chr9_33039004_33039005	chr9	33039004	33039005	1470	True	4
chr9_33039025_33039026	chr9	33039025	33039026	1462	True	4
chr9_33110698_33110699	chr9	33110698	33110699	1593	True	2
chr9_33110748_33110749	chr9	33110748	33110749	1663	True	2
chr9_33110779_33110780	chr9	33110779	33110780	1841	True	2
chr9_33110809_33110810	chr9	33110809	33110810	2065	True	2
chr9_33110864_33110865	chr9	33110864	33110865	1515	True	2
chr9_33111214_33111215	chr9	33111214	33111215	3747	True	1
chr9_33111256_33111257	chr9	33111256	33111257	3755	True	1
chr9_33111311_33111312	chr9	33111311	33111312	4047	True	1
chr9_33111393_33111394	chr9	33111393	33111394	1985	True	2
chr9_33111459_33111460	chr9	33111459	33111460	2049	True	2
chr9_33111493_33111494	chr9	33111493	33111494	1973	True	2
chr9_33111607_33111608	chr9	33111607	33111608	1256	True	2
chr9_33111984_33111985	chr9	33111984	33111985	6935	True	4
chr9_33112048_33112049	chr9	33112048	33112049	7658	True	4
chr9_33112075_33112076	chr9	33112075	33112076	6862	True	4
chr9_33112095_33112096	chr9	33112095	33112096	5925	True	4
chr9_33112117_33112118	chr9	33112117	33112118	5838	True	4
chr9_33112158_33112159	chr9	33112158	33112159	6087	True	4
chr9_33112500_33112501	chr9	33112500	33112501	4634	True	4
chr9_33112576_33112577	chr9	33112576	33112577	3961	True	4
chr9_33112630_33112631	chr9	33112630	33112631	3961	True	4
chr9_33112700_33112701	chr9	33112700	33112701	2402	True	2
chr9_33112751_33112752	chr9	33112751	33112752	2119	True	2
chr9_33112896_33112897	chr9	33112896	33112897	2258	True	4
chr9_33112934_33112935	chr9	33112934	33112935	2230	True	4
chr9_33112985_33112986	chr9	33112985	33112986	2057	True	4
chr9_33113100_33113101	chr9	33113100	33113101	673	True	4
chr9_33113134_33113135	chr9	33113134	33113135	732	True	4
chr9_33113240_33113241	chr9	33113240	33113241	765	True	2
chr9_33113365_33113366	chr9	33113365	33113366	1202	True	4
chr9_33113485_33113486	chr9	33113485	33113486	676	True	4
chr9_33113782_33113783	chr9	33113782	33113783	662	True	4
chr9_33113810_33113811	chr9	33113810	33113811	719	True	4
chr9_33113857_33113858	chr9	33113857	33113858	714	True	4
chr9_33113871_33113872	chr9	33113871	33113872	696	True	4
chr9_33115998_33115999	chr9	33115998	33115999	315	True	4
chr9_33116036_33116037	chr9	33116036	33116037	361	True	2
chr9_33116100_33116101	chr9	33116100	33116101	341	True	2
chr9_33120448_33120449	chr9	33120448	33120449	129	False	NA
chr9_33120467_33120468	chr9	33120467	33120468	129	False	NA
chr9_33120536_33120537	chr9	33120536	33120537	203	True	2
chr9_33120561_33120562	chr9	33120561	33120562	198	False	NA
chr9_33135198_33135199	chr9	33135198	33135199	832	True	4
chr9_33135362_33135363	chr9	33135362	33135363	772	True	4
chr9_33135402_33135403	chr9	33135402	33135403	483	True	4
chr9_33167056_33167057	chr9	33167056	33167057	871	True	4
chr9_33281098_33281099	chr9	33281098	33281099	868	True	4
chr9_33441381_33441382	chr9	33441381	33441382	676	True	2
chr9_33934334_33934335	chr9	33934334	33934335	10982	True	3
chr9_33934353_33934354	chr9	33934353	33934354	11027	True	3
chr9_33934371_33934372	chr9	33934371	33934372	11081	True	3
chr9_33952819_33952820	chr9	33952819	33952820	4246	True	5
chr9_33952845_33952846	chr9	33952845	33952846	4239	True	5
chr9_34589047_34589048	chr9	34589047	34589048	528	True	2
chr9_34634848_34634849	chr9	34634848	34634849	4692	True	2
chr9_35056660_35056661	chr9	35056660	35056661	1264	True	4
chr9_35056998_35056999	chr9	35056998	35056999	3954	True	3
chr9_35059080_35059081	chr9	35059080	35059081	2142	True	4
chr9_35059124_35059125	chr9	35059124	35059125	2300	True	4
chr9_35060386_35060387	chr9	35060386	35060387	1595	True	4
chr9_35061628_35061629	chr9	35061628	35061629	1342	True	4
chr9_35067919_35067920	chr9	35067919	35067920	2210	True	4
chr9_35099940_35099941	chr9	35099940	35099941	2538	True	4
chr9_35349338_35349339	chr9	35349338	35349339	0	False	NA
chr9_35657779_35657780	chr9	35657779	35657780	59936	True	1
chr9_35657821_35657822	chr9	35657821	35657822	66059	True	1
chr9_35657861_35657862	chr9	35657861	35657862	348029	True	1
chr9_35657882_35657883	chr9	35657882	35657883	360646	True	1
chr9_35657962_35657963	chr9	35657962	35657963	502578	True	1
chr9_35682051_35682052	chr9	35682051	35682052	658	True	4
chr9_35682092_35682093	chr9	35682092	35682093	760	True	4
chr9_35682126_35682127	chr9	35682126	35682127	767	True	4
chr9_35684262_35684263	chr9	35684262	35684263	459	True	2
chr9_35684538_35684539	chr9	35684538	35684539	546	True	2
chr9_35685531_35685532	chr9	35685531	35685532	665	True	2
chr9_35685657_35685658	chr9	35685657	35685658	174	False	NA
chr9_35689205_35689206	chr9	35689205	35689206	1068	True	2
chr9_35689730_35689731	chr9	35689730	35689731	714	True	4
chr9_35689776_35689777	chr9	35689776	35689777	737	True	4
chr9_35689829_35689830	chr9	35689829	35689830	748	True	4
chr9_35689858_35689859	chr9	35689858	35689859	973	True	4
chr9_35689928_35689929	chr9	35689928	35689929	1240	True	2
chr9_37588450_37588451	chr9	37588450	37588451	1951	True	3
chr9_37588544_37588545	chr9	37588544	37588545	2775	True	1
chr9_37588883_37588884	chr9	37588883	37588884	3348	True	5
chr9_37592437_37592438	chr9	37592437	37592438	4282	True	5
chr9_70324168_70324169	chr9	70324168	70324169	358	True	2
chr9_73165120_73165121	chr9	73165120	73165121	1733	True	3
chr9_73169066_73169067	chr9	73169066	73169067	1061	True	3
chr9_73170151_73170152	chr9	73170151	73170152	1920	True	1
chr9_73170297_73170298	chr9	73170297	73170298	2653	True	1
chr9_73751030_73751031	chr9	73751030	73751031	226	True	2
chr9_76571815_76571816	chr9	76571815	76571816	104169	True	3
chr9_76571833_76571834	chr9	76571833	76571834	101708	True	3
chr9_76571848_76571849	chr9	76571848	76571849	102246	True	3
chr9_76571863_76571864	chr9	76571863	76571864	70016	True	3
chr9_76571910_76571911	chr9	76571910	76571911	55897	True	3
chr9_76571916_76571917	chr9	76571916	76571917	55466	True	3
chr9_76571931_76571932	chr9	76571931	76571932	54417	True	3
chr9_76571952_76571953	chr9	76571952	76571953	34254	True	3
chr9_76571964_76571965	chr9	76571964	76571965	25682	True	3
chr9_76571986_76571987	chr9	76571986	76571987	17096	True	3
chr9_76572003_76572004	chr9	76572003	76572004	17042	True	3
chr9_81725265_81725266	chr9	81725265	81725266	585	True	2
chr9_83969118_83969119	chr9	83969118	83969119	9816	True	1
chr9_83969203_83969204	chr9	83969203	83969204	15316	True	1
chr9_83969311_83969312	chr9	83969311	83969312	14755	True	1
chr9_83969390_83969391	chr9	83969390	83969391	13982	True	1
chr9_83970176_83970177	chr9	83970176	83970177	2797	True	5
chr9_83970317_83970318	chr9	83970317	83970318	2453	True	3
chr9_83970760_83970761	chr9	83970760	83970761	4101	True	5
chr9_83970815_83970816	chr9	83970815	83970816	4267	True	5
chr9_83971719_83971720	chr9	83971719	83971720	3937	True	5
chr9_83971907_83971908	chr9	83971907	83971908	6984	True	5
chr9_83971993_83971994	chr9	83971993	83971994	8625	True	3
chr9_83972151_83972152	chr9	83972151	83972152	7517	True	3
chr9_83972854_83972855	chr9	83972854	83972855	3077	True	5
chr9_83973325_83973326	chr9	83973325	83973326	1293	True	4
chr9_83974587_83974588	chr9	83974587	83974588	6675	True	3
chr9_83975484_83975485	chr9	83975484	83975485	3107	True	5
chr9_83977015_83977016	chr9	83977015	83977016	3454	True	3
chr9_83977720_83977721	chr9	83977720	83977721	4823	True	5
chr9_83977747_83977748	chr9	83977747	83977748	4865	True	5
chr9_83978247_83978248	chr9	83978247	83978248	6141	True	5
chr9_83978382_83978383	chr9	83978382	83978383	5035	True	3
chr9_86423129_86423130	chr9	86423129	86423130	14293	True	5
chr9_89311273_89311274	chr9	89311273	89311274	5703	True	3
chr9_89409636_89409637	chr9	89409636	89409637	0	False	NA
chr9_91281189_91281190	chr9	91281189	91281190	131	False	NA
chr9_91334822_91334823	chr9	91334822	91334823	158	False	NA
chr9_91705142_91705143	chr9	91705142	91705143	0	False	NA
chr9_92263051_92263052	chr9	92263051	92263052	3532	True	3
chr9_92292498_92292499	chr9	92292498	92292499	50819	True	5
chr9_92292517_92292518	chr9	92292517	92292518	50841	True	5
chr9_92292532_92292533	chr9	92292532	92292533	50829	True	5
chr9_92292543_92292544	chr9	92292543	92292544	50838	True	5
chr9_92292557_92292558	chr9	92292557	92292558	50845	True	5
chr9_92292596_92292597	chr9	92292596	92292597	49866	True	5
chr9_92989500_92989501	chr9	92989500	92989501	8	False	NA
chr9_94175960_94175961	chr9	94175960	94175961	7532	True	2
chr9_94178839_94178840	chr9	94178839	94178840	5519	True	4
chr9_95085263_95085264	chr9	95085263	95085264	3476	True	4
chr9_95085503_95085504	chr9	95085503	95085504	4369	True	4
chr9_97417830_97417831	chr9	97417830	97417831	0	False	NA
chr9_97983339_97983340	chr9	97983339	97983340	8022	True	3
chr9_105608950_105608951	chr9	105608950	105608951	77	False	NA
chr9_106487028_106487029	chr9	106487028	106487029	0	False	NA
chr9_107283659_107283660	chr9	107283659	107283660	3469	True	4
chr9_107329792_107329793	chr9	107329792	107329793	10571	True	1
chr9_107330419_107330420	chr9	107330419	107330420	4343	True	1
chr9_107434844_107434845	chr9	107434844	107434845	103	False	NA
chr9_108992444_108992445	chr9	108992444	108992445	305	True	2
chr9_108992572_108992573	chr9	108992572	108992573	205	True	2
chr9_110244209_110244210	chr9	110244209	110244210	1380	True	5
chr9_110244799_110244800	chr9	110244799	110244800	1933	True	3
chr9_110250869_110250870	chr9	110250869	110250870	750	True	4
chr9_110256466_110256467	chr9	110256466	110256467	4872	True	3
chr9_110256481_110256482	chr9	110256481	110256482	4897	True	3
chr9_110256509_110256510	chr9	110256509	110256510	5044	True	3
chr9_114209638_114209639	chr9	114209638	114209639	5249	True	4
chr9_115664458_115664459	chr9	115664458	115664459	0	False	NA
chr9_119276014_119276015	chr9	119276014	119276015	0	False	NA
chr9_120855816_120855817	chr9	120855816	120855817	999	True	3
chr9_121774406_121774407	chr9	121774406	121774407	492	True	4
chr9_122880243_122880244	chr9	122880243	122880244	6655	True	3
chr9_122880264_122880265	chr9	122880264	122880265	6653	True	3
chr9_122880290_122880291	chr9	122880290	122880291	6653	True	3
chr9_122880307_122880308	chr9	122880307	122880308	6648	True	3
chr9_122944893_122944894	chr9	122944893	122944894	37	False	NA
chr9_123422170_123422171	chr9	123422170	123422171	28	False	NA
chr9_124415380_124415381	chr9	124415380	124415381	1645	True	3
chr9_124693723_124693724	chr9	124693723	124693724	483	True	2
chr9_124857935_124857936	chr9	124857935	124857936	16999	True	3
chr9_124857999_124858000	chr9	124857999	124858000	26563	True	3
chr9_124858035_124858036	chr9	124858035	124858036	24289	True	3
chr9_124858057_124858058	chr9	124858057	124858058	20565	True	3
chr9_124860217_124860218	chr9	124860217	124860218	4138	True	3
chr9_124860249_124860250	chr9	124860249	124860250	4115	True	3
chr9_124861428_124861429	chr9	124861428	124861429	2916	True	3
chr9_124861956_124861957	chr9	124861956	124861957	12098	True	3
chr9_125236325_125236326	chr9	125236325	125236326	25708	True	6
chr9_125236419_125236420	chr9	125236419	125236420	40731	True	1
chr9_125236436_125236437	chr9	125236436	125236437	36046	True	1
chr9_125236516_125236517	chr9	125236516	125236517	26524	True	5
chr9_125236561_125236562	chr9	125236561	125236562	45312	True	5
chr9_125236592_125236593	chr9	125236592	125236593	53746	True	5
chr9_125236633_125236634	chr9	125236633	125236634	44413	True	5
chr9_125236662_125236663	chr9	125236662	125236663	48393	True	3
chr9_125236720_125236721	chr9	125236720	125236721	41677	True	3
chr9_125236765_125236766	chr9	125236765	125236766	20022	True	3
chr9_125236793_125236794	chr9	125236793	125236794	10596	True	3
chr9_125236932_125236933	chr9	125236932	125236933	16168	True	3
chr9_125236967_125236968	chr9	125236967	125236968	16168	True	3
chr9_125236981_125236982	chr9	125236981	125236982	16160	True	3
chr9_125238160_125238161	chr9	125238160	125238161	9701	True	3
chr9_125238190_125238191	chr9	125238190	125238191	9728	True	3
chr9_125238276_125238277	chr9	125238276	125238277	9026	True	3
chr9_125238600_125238601	chr9	125238600	125238601	11712	True	3
chr9_125238689_125238690	chr9	125238689	125238690	17398	True	3
chr9_125238752_125238753	chr9	125238752	125238753	16516	True	3
chr9_125238779_125238780	chr9	125238779	125238780	15893	True	3
chr9_125238810_125238811	chr9	125238810	125238811	10589	True	3
chr9_125238958_125238959	chr9	125238958	125238959	10848	True	3
chr9_125238984_125238985	chr9	125238984	125238985	14891	True	3
chr9_125239004_125239005	chr9	125239004	125239005	16101	True	3
chr9_125239036_125239037	chr9	125239036	125239037	18386	True	3
chr9_125239077_125239078	chr9	125239077	125239078	17275	True	3
chr9_125239095_125239096	chr9	125239095	125239096	13290	True	3
chr9_125239133_125239134	chr9	125239133	125239134	14333	True	3
chr9_125239166_125239167	chr9	125239166	125239167	13895	True	3
chr9_125239183_125239184	chr9	125239183	125239184	19003	True	3
chr9_125239230_125239231	chr9	125239230	125239231	15639	True	3
chr9_125239266_125239267	chr9	125239266	125239267	15118	True	3
chr9_125239442_125239443	chr9	125239442	125239443	12960	True	3
chr9_125239499_125239500	chr9	125239499	125239500	12671	True	3
chr9_125239523_125239524	chr9	125239523	125239524	12693	True	3
chr9_125240186_125240187	chr9	125240186	125240187	5142	True	3
chr9_125240230_125240231	chr9	125240230	125240231	5387	True	3
chr9_125240286_125240287	chr9	125240286	125240287	4210	True	3
chr9_125240689_125240690	chr9	125240689	125240690	8349	True	3
chr9_125240781_125240782	chr9	125240781	125240782	15889	True	3
chr9_125240838_125240839	chr9	125240838	125240839	19062	True	3
chr9_125240896_125240897	chr9	125240896	125240897	16801	True	3
chr9_125241013_125241014	chr9	125241013	125241014	13767	True	3
chr9_125241089_125241090	chr9	125241089	125241090	24841	True	3
chr9_125241179_125241180	chr9	125241179	125241180	36516	True	3
chr9_125241229_125241230	chr9	125241229	125241230	34765	True	3
chr9_125241262_125241263	chr9	125241262	125241263	34725	True	3
chr9_125241305_125241306	chr9	125241305	125241306	23260	True	3
chr9_125241346_125241347	chr9	125241346	125241347	12656	True	3
chr9_127447913_127447914	chr9	127447913	127447914	10118	True	1
chr9_127447982_127447983	chr9	127447982	127447983	9293	True	6
chr9_127448539_127448540	chr9	127448539	127448540	72990	True	5
chr9_127448556_127448557	chr9	127448556	127448557	72920	True	5
chr9_127448574_127448575	chr9	127448574	127448575	72916	True	5
chr9_127448589_127448590	chr9	127448589	127448590	72904	True	5
chr9_127448607_127448608	chr9	127448607	127448608	72904	True	5
chr9_127448624_127448625	chr9	127448624	127448625	72840	True	5
chr9_127448638_127448639	chr9	127448638	127448639	71116	True	5
chr9_127449329_127449330	chr9	127449329	127449330	1792	True	4
chr9_127449630_127449631	chr9	127449630	127449631	2730	True	3
chr9_127451370_127451371	chr9	127451370	127451371	4675	True	3
chr9_127451401_127451402	chr9	127451401	127451402	3798	True	3
chr9_128166149_128166150	chr9	128166149	128166150	2004	True	3
chr9_128552589_128552590	chr9	128552589	128552590	656	True	4
chr9_128574708_128574709	chr9	128574708	128574709	1066	True	4
chr9_128583892_128583893	chr9	128583892	128583893	1756	True	4
chr9_128603576_128603577	chr9	128603576	128603577	908	True	4
chr9_128608193_128608194	chr9	128608193	128608194	1212	True	4
chr9_128618901_128618902	chr9	128618901	128618902	1480	True	4
chr9_128633508_128633509	chr9	128633508	128633509	3023	True	2
chr9_128633571_128633572	chr9	128633571	128633572	2330	True	2
chr9_128689344_128689345	chr9	128689344	128689345	18259	True	3
chr9_128689539_128689540	chr9	128689539	128689540	12666	True	5
chr9_128689581_128689582	chr9	128689581	128689582	11151	True	5
chr9_128689631_128689632	chr9	128689631	128689632	10215	True	5
chr9_128691186_128691187	chr9	128691186	128691187	1767	True	4
chr9_128692668_128692669	chr9	128692668	128692669	4196	True	3
chr9_128692918_128692919	chr9	128692918	128692919	3614	True	3
chr9_128693723_128693724	chr9	128693723	128693724	4331	True	3
chr9_128693777_128693778	chr9	128693777	128693778	1455	True	4
chr9_128693910_128693911	chr9	128693910	128693911	13949	True	3
chr9_128693944_128693945	chr9	128693944	128693945	14062	True	3
chr9_128693970_128693971	chr9	128693970	128693971	14082	True	3
chr9_128693991_128693992	chr9	128693991	128693992	13827	True	3
chr9_128694667_128694668	chr9	128694667	128694668	61309	True	1
chr9_128694751_128694752	chr9	128694751	128694752	70319	True	1
chr9_128694800_128694801	chr9	128694800	128694801	69532	True	1
chr9_128695112_128695113	chr9	128695112	128695113	370	True	2
chr9_128695135_128695136	chr9	128695135	128695136	370	True	2
chr9_128695269_128695270	chr9	128695269	128695270	343	True	4
chr9_128695410_128695411	chr9	128695410	128695411	24	False	NA
chr9_128695430_128695431	chr9	128695430	128695431	70	False	NA
chr9_130537687_130537688	chr9	130537687	130537688	0	False	NA
chr9_131485661_131485662	chr9	131485661	131485662	526	True	2
chr9_132421652_132421653	chr9	132421652	132421653	135	False	NA
chr9_133348220_133348221	chr9	133348220	133348221	2004	True	3
chr9_133349394_133349395	chr9	133349394	133349395	61229	True	3
chr9_133349414_133349415	chr9	133349414	133349415	61266	True	3
chr9_133349445_133349446	chr9	133349445	133349446	61774	True	3
chr9_133350094_133350095	chr9	133350094	133350095	25471	True	5
chr9_133350111_133350112	chr9	133350111	133350112	22467	True	5
chr9_133350131_133350132	chr9	133350131	133350132	21187	True	5
chr9_133350454_133350455	chr9	133350454	133350455	13139	True	1
chr9_133350475_133350476	chr9	133350475	133350476	12859	True	1
chr9_133350649_133350650	chr9	133350649	133350650	21113	True	1
chr9_133350844_133350845	chr9	133350844	133350845	52170	True	1
chr9_133350866_133350867	chr9	133350866	133350867	52793	True	1
chr9_133363407_133363408	chr9	133363407	133363408	8339	True	5
chr9_133364872_133364873	chr9	133364872	133364873	1711	True	4
chr9_134164525_134164526	chr9	134164525	134164526	51529	True	1
chr9_134164541_134164542	chr9	134164541	134164542	51529	True	1
chr9_134164566_134164567	chr9	134164566	134164567	51498	True	1
chr9_134659517_134659518	chr9	134659517	134659518	0	False	NA
chr9_134809284_134809285	chr9	134809284	134809285	0	False	NA
chr9_135088083_135088084	chr9	135088083	135088084	0	False	NA
chr9_135090229_135090230	chr9	135090229	135090230	0	False	NA
chr9_135090291_135090292	chr9	135090291	135090292	0	False	NA
chr9_135095890_135095891	chr9	135095890	135095891	26	False	NA
chr9_135095925_135095926	chr9	135095925	135095926	26	False	NA
chr9_135095951_135095952	chr9	135095951	135095952	26	False	NA
chr9_135096012_135096013	chr9	135096012	135096013	18	False	NA
chr9_135098397_135098398	chr9	135098397	135098398	0	False	NA
chr9_135119938_135119939	chr9	135119938	135119939	5	False	NA
chr9_135120054_135120055	chr9	135120054	135120055	5	False	NA
chr9_135120156_135120157	chr9	135120156	135120157	0	False	NA
chr9_135120223_135120224	chr9	135120223	135120224	0	False	NA
chr9_135120666_135120667	chr9	135120666	135120667	42	False	NA
chr9_135120763_135120764	chr9	135120763	135120764	18	False	NA
chr9_135120809_135120810	chr9	135120809	135120810	18	False	NA
chr9_135120940_135120941	chr9	135120940	135120941	0	False	NA
chr9_135120995_135120996	chr9	135120995	135120996	0	False	NA
chr9_136401986_136401987	chr9	136401986	136401987	894	True	4
chr9_136510686_136510687	chr9	136510686	136510687	84	False	NA
chr9_136726124_136726125	chr9	136726124	136726125	18840	True	3
chr9_136726140_136726141	chr9	136726140	136726141	23305	True	3
chr9_136726160_136726161	chr9	136726160	136726161	23911	True	3
chr9_136726187_136726188	chr9	136726187	136726188	24220	True	3
chr9_136726208_136726209	chr9	136726208	136726209	24246	True	3
chr9_136726239_136726240	chr9	136726239	136726240	24358	True	3
chr9_136726254_136726255	chr9	136726254	136726255	21962	True	3
chr9_136726780_136726781	chr9	136726780	136726781	64222	True	3
chr9_136726800_136726801	chr9	136726800	136726801	64644	True	3
chr9_136726816_136726817	chr9	136726816	136726817	64256	True	3
chr9_136726831_136726832	chr9	136726831	136726832	64140	True	3
chr9_136726880_136726881	chr9	136726880	136726881	63236	True	3
chr9_136862276_136862277	chr9	136862276	136862277	2671	True	3
chr9_136863419_136863420	chr9	136863419	136863420	3278	True	3
chr9_136863861_136863862	chr9	136863861	136863862	1547	True	4
chr9_137241285_137241286	chr9	137241285	137241286	3190	True	3
chr9_137241323_137241324	chr9	137241323	137241324	3839	True	3
chr9_137241377_137241378	chr9	137241377	137241378	5821	True	3
chr9_137241720_137241721	chr9	137241720	137241721	6020	True	3
chr9_137242537_137242538	chr9	137242537	137242538	3451	True	3
chr9_137242717_137242718	chr9	137242717	137242718	4582	True	3
chr9_137242765_137242766	chr9	137242765	137242766	4821	True	3
chr9_137242861_137242862	chr9	137242861	137242862	4934	True	3
chr9_137242907_137242908	chr9	137242907	137242908	5176	True	3
chr9_137243101_137243102	chr9	137243101	137243102	5006	True	3
chr9_137243524_137243525	chr9	137243524	137243525	6499	True	1
chr9_137243600_137243601	chr9	137243600	137243601	6353	True	1
chrM_614_615	chrM	614	615	749329	True	1
chrM_690_691	chrM	690	691	1.35876e+06	True	1
chrM_728_729	chrM	728	729	1.31442e+06	True	1
chrM_920_921	chrM	920	921	2.21587e+06	True	1
chrM_952_953	chrM	952	953	2.17817e+06	True	1
chrM_1369_1370	chrM	1369	1370	841154	True	1
chrM_1403_1404	chrM	1403	1404	711286	True	1
chrM_1478_1479	chrM	1478	1479	729691	True	1
chrM_1522_1523	chrM	1522	1523	307663	True	1
chrM_1539_1540	chrM	1539	1540	307883	True	1
chrM_1614_1615	chrM	1614	1615	966179	True	1
chrM_1701_1702	chrM	1701	1702	1.09834e+06	True	1
chrM_1823_1824	chrM	1823	1824	2.65892e+06	True	1
chrM_2041_2042	chrM	2041	2042	994901	True	1
chrM_2158_2159	chrM	2158	2159	2.54347e+06	True	1
chrM_2222_2223	chrM	2222	2223	3.29409e+06	True	1
chrM_2257_2258	chrM	2257	2258	3.58146e+06	True	1
chrM_2321_2322	chrM	2321	2322	4.21571e+06	True	1
chrM_2350_2351	chrM	2350	2351	2.66476e+06	True	1
chrM_2406_2407	chrM	2406	2407	2.76674e+06	True	1
chrM_2504_2505	chrM	2504	2505	2.06538e+06	True	1
chrM_2616_2617	chrM	2616	2617	987895	True	1
chrM_2666_2667	chrM	2666	2667	946779	True	1
chrM_2742_2743	chrM	2742	2743	1.39119e+06	True	6
chrM_2864_2865	chrM	2864	2865	1.48822e+06	True	1
chrM_2884_2885	chrM	2884	2885	1.40521e+06	True	1
chrM_2998_2999	chrM	2998	2999	540172	True	6
chrM_3042_3043	chrM	3042	3043	1.16146e+06	True	1
chrM_3107_3108	chrM	3107	3108	2.59308e+06	True	1
chrM_3153_3154	chrM	3153	3154	2.46711e+06	True	1
chrM_3196_3197	chrM	3196	3197	2.31969e+06	True	1
chrM_3329_3330	chrM	3329	3330	65457	True	1
chrM_3363_3364	chrM	3363	3364	46738	True	1
chrM_3402_3403	chrM	3402	3403	34581	True	6
chrM_3474_3475	chrM	3474	3475	40530	True	6
chrM_3503_3504	chrM	3503	3504	33225	True	3
chrM_3517_3518	chrM	3517	3518	33200	True	3
chrM_3557_3558	chrM	3557	3558	78029	True	6
chrM_3577_3578	chrM	3577	3578	76467	True	6
chrM_3617_3618	chrM	3617	3618	87802	True	6
chrM_3648_3649	chrM	3648	3649	97781	True	6
chrM_3678_3679	chrM	3678	3679	97933	True	6
chrM_3727_3728	chrM	3727	3728	82327	True	6
chrM_3766_3767	chrM	3766	3767	94112	True	6
chrM_3784_3785	chrM	3784	3785	85099	True	6
chrM_3865_3866	chrM	3865	3866	69951	True	6
chrM_4002_4003	chrM	4002	4003	53791	True	6
chrM_4042_4043	chrM	4042	4043	51729	True	6
chrM_4086_4087	chrM	4086	4087	51729	True	6
chrM_4285_4286	chrM	4285	4286	51347	True	1
chrM_4330_4331	chrM	4330	4331	1643	True	4
chrM_4400_4401	chrM	4400	4401	188573	True	6
chrM_4433_4434	chrM	4433	4434	174517	True	6
chrM_4704_4705	chrM	4704	4705	23571	True	3
chrM_4802_4803	chrM	4802	4803	64948	True	3
chrM_4893_4894	chrM	4893	4894	96144	True	6
chrM_4952_4953	chrM	4952	4953	89937	True	6
chrM_4981_4982	chrM	4981	4982	87816	True	6
chrM_5000_5001	chrM	5000	5001	70344	True	6
chrM_5127_5128	chrM	5127	5128	41865	True	6
chrM_5294_5295	chrM	5294	5295	76138	True	6
chrM_5329_5330	chrM	5329	5330	91951	True	6
chrM_5346_5347	chrM	5346	5347	103655	True	6
chrM_5374_5375	chrM	5374	5375	117825	True	6
chrM_5424_5425	chrM	5424	5425	97370	True	6
chrM_5464_5465	chrM	5464	5465	48624	True	6
chrM_5579_5580	chrM	5579	5580	6255	True	6
chrM_5587_5588	chrM	5587	5588	4641	True	4
chrM_5859_5860	chrM	5859	5860	151809	True	1
chrM_5899_5900	chrM	5899	5900	27952	True	6
chrM_5961_5962	chrM	5961	5962	45840	True	6
chrM_6011_6012	chrM	6011	6012	45840	True	6
chrM_6222_6223	chrM	6222	6223	123718	True	6
chrM_6251_6252	chrM	6251	6252	155411	True	6
chrM_6291_6292	chrM	6291	6292	181884	True	6
chrM_6376_6377	chrM	6376	6377	199289	True	6
chrM_6390_6391	chrM	6390	6391	232089	True	6
chrM_6410_6411	chrM	6410	6411	249443	True	6
chrM_6436_6437	chrM	6436	6437	284695	True	6
chrM_6469_6470	chrM	6469	6470	311229	True	6
chrM_6491_6492	chrM	6491	6492	285547	True	6
chrM_6529_6530	chrM	6529	6530	263364	True	6
chrM_6552_6553	chrM	6552	6553	270438	True	6
chrM_6590_6591	chrM	6590	6591	233730	True	6
chrM_6614_6615	chrM	6614	6615	190403	True	6
chrM_6639_6640	chrM	6639	6640	154877	True	6
chrM_6680_6681	chrM	6680	6681	96133	True	6
chrM_6900_6901	chrM	6900	6901	34168	True	6
chrM_7128_7129	chrM	7128	7129	70378	True	6
chrM_7142_7143	chrM	7142	7143	74700	True	6
chrM_7193_7194	chrM	7193	7194	86346	True	6
chrM_7230_7231	chrM	7230	7231	127034	True	6
chrM_7282_7283	chrM	7282	7283	121463	True	6
chrM_7309_7310	chrM	7309	7310	87649	True	6
chrM_7516_7517	chrM	7516	7517	835	True	4
chrM_7681_7682	chrM	7681	7682	132867	True	6
chrM_7783_7784	chrM	7783	7784	223570	True	6
chrM_7803_7804	chrM	7803	7804	114095	True	6
chrM_7837_7838	chrM	7837	7838	115332	True	6
chrM_7879_7880	chrM	7879	7880	115319	True	6
chrM_8013_8014	chrM	8013	8014	54017	True	6
chrM_8046_8047	chrM	8046	8047	79370	True	6
chrM_8135_8136	chrM	8135	8136	67289	True	6
chrM_8192_8193	chrM	8192	8193	39600	True	6
chrM_8421_8422	chrM	8421	8422	108314	True	1
chrM_8449_8450	chrM	8449	8450	117738	True	1
chrM_8478_8479	chrM	8478	8479	117477	True	1
chrM_8503_8504	chrM	8503	8504	111736	True	1
chrM_8624_8625	chrM	8624	8625	188498	True	6
chrM_8709_8710	chrM	8709	8710	179112	True	6
chrM_8911_8912	chrM	8911	8912	55099	True	6
chrM_8932_8933	chrM	8932	8933	58283	True	6
chrM_9015_9016	chrM	9015	9016	58900	True	6
chrM_9043_9044	chrM	9043	9044	63142	True	6
chrM_9066_9067	chrM	9066	9067	89757	True	1
chrM_9107_9108	chrM	9107	9108	89768	True	1
chrM_9147_9148	chrM	9147	9148	98905	True	1
chrM_9164_9165	chrM	9164	9165	99377	True	1
chrM_9233_9234	chrM	9233	9234	148592	True	1
chrM_9316_9317	chrM	9316	9317	126305	True	6
chrM_9417_9418	chrM	9417	9418	106987	True	6
chrM_9509_9510	chrM	9509	9510	91574	True	6
chrM_9538_9539	chrM	9538	9539	97369	True	6
chrM_9600_9601	chrM	9600	9601	96895	True	6
chrM_9727_9728	chrM	9727	9728	86853	True	1
chrM_9765_9766	chrM	9765	9766	119011	True	1
chrM_9796_9797	chrM	9796	9797	147565	True	1
chrM_9832_9833	chrM	9832	9833	128737	True	1
chrM_9854_9855	chrM	9854	9855	132134	True	6
chrM_9882_9883	chrM	9882	9883	130411	True	1
chrM_10003_10004	chrM	10003	10004	167536	True	1
chrM_10077_10078	chrM	10077	10078	159024	True	1
chrM_10119_10120	chrM	10119	10120	83341	True	1
chrM_10249_10250	chrM	10249	10250	89146	True	6
chrM_10274_10275	chrM	10274	10275	84748	True	6
chrM_10336_10337	chrM	10336	10337	70024	True	6
chrM_10537_10538	chrM	10537	10538	78785	True	6
chrM_10594_10595	chrM	10594	10595	93012	True	6
chrM_10708_10709	chrM	10708	10709	71930	True	6
chrM_10788_10789	chrM	10788	10789	176484	True	6
chrM_10905_10906	chrM	10905	10906	314295	True	1
chrM_10959_10960	chrM	10959	10960	237859	True	1
chrM_11009_11010	chrM	11009	11010	219983	True	1
chrM_11055_11056	chrM	11055	11056	240041	True	1
chrM_11124_11125	chrM	11124	11125	185540	True	1
chrM_11213_11214	chrM	11213	11214	257970	True	1
chrM_11257_11258	chrM	11257	11258	168429	True	6
chrM_11290_11291	chrM	11290	11291	184127	True	6
chrM_11400_11401	chrM	11400	11401	69902	True	6
chrM_11465_11466	chrM	11465	11466	91755	True	6
chrM_11503_11504	chrM	11503	11504	80585	True	6
chrM_11545_11546	chrM	11545	11546	91964	True	6
chrM_11703_11704	chrM	11703	11704	102128	True	6
chrM_11733_11734	chrM	11733	11734	111584	True	6
chrM_11796_11797	chrM	11796	11797	121587	True	6
chrM_11877_11878	chrM	11877	11878	88169	True	6
chrM_11943_11944	chrM	11943	11944	191822	True	6
chrM_11990_11991	chrM	11990	11991	245433	True	1
chrM_12073_12074	chrM	12073	12074	487866	True	1
chrM_12149_12150	chrM	12149	12150	349376	True	1
chrM_12216_12217	chrM	12216	12217	249020	True	1
chrM_12394_12395	chrM	12394	12395	59678	True	6
chrM_12447_12448	chrM	12447	12448	83311	True	6
chrM_12468_12469	chrM	12468	12469	78958	True	6
chrM_12522_12523	chrM	12522	12523	88256	True	6
chrM_12600_12601	chrM	12600	12601	50481	True	6
chrM_12675_12676	chrM	12675	12676	86749	True	6
chrM_12748_12749	chrM	12748	12749	77004	True	6
chrM_12788_12789	chrM	12788	12789	80144	True	6
chrM_12884_12885	chrM	12884	12885	53253	True	6
chrM_12902_12903	chrM	12902	12903	44416	True	6
chrM_13058_13059	chrM	13058	13059	57633	True	6
chrM_13121_13122	chrM	13121	13122	58228	True	6
chrM_13353_13354	chrM	13353	13354	62988	True	6
chrM_13538_13539	chrM	13538	13539	80400	True	6
chrM_13569_13570	chrM	13569	13570	89111	True	6
chrM_13620_13621	chrM	13620	13621	136687	True	6
chrM_13657_13658	chrM	13657	13658	174431	True	6
chrM_13690_13691	chrM	13690	13691	183919	True	6
chrM_13738_13739	chrM	13738	13739	173952	True	6
chrM_13830_13831	chrM	13830	13831	133250	True	6
chrM_13958_13959	chrM	13958	13959	65734	True	6
chrM_13995_13996	chrM	13995	13996	71615	True	6
chrM_14033_14034	chrM	14033	14034	46624	True	6
chrM_14056_14057	chrM	14056	14057	42504	True	6
chrM_14144_14145	chrM	14144	14145	34721	True	6
chrM_14296_14297	chrM	14296	14297	307520	True	1
chrM_14321_14322	chrM	14321	14322	322584	True	1
chrM_14393_14394	chrM	14393	14394	323776	True	1
chrM_14500_14501	chrM	14500	14501	207608	True	1
chrM_14544_14545	chrM	14544	14545	191533	True	1
chrM_14578_14579	chrM	14578	14579	191670	True	1
chrM_14597_14598	chrM	14597	14598	187984	True	1
chrM_14745_14746	chrM	14745	14746	41750	True	1
chrM_14798_14799	chrM	14798	14799	46049	True	6
chrM_14850_14851	chrM	14850	14851	49871	True	3
chrM_14910_14911	chrM	14910	14911	18915	True	3
chrM_14935_14936	chrM	14935	14936	27653	True	6
chrM_15017_15018	chrM	15017	15018	34586	True	6
chrM_15035_15036	chrM	15035	15036	38397	True	6
chrM_15092_15093	chrM	15092	15093	44431	True	6
chrM_15129_15130	chrM	15129	15130	38606	True	6
chrM_15188_15189	chrM	15188	15189	28246	True	3
chrM_15337_15338	chrM	15337	15338	24325	True	6
chrM_15450_15451	chrM	15450	15451	37014	True	6
chrM_15511_15512	chrM	15511	15512	47821	True	6
chrM_15566_15567	chrM	15566	15567	57564	True	6
chrM_15586_15587	chrM	15586	15587	41545	True	6
chrM_15637_15638	chrM	15637	15638	58234	True	6
chrM_15693_15694	chrM	15693	15694	55949	True	6
chrM_15719_15720	chrM	15719	15720	56822	True	6
chrM_15752_15753	chrM	15752	15753	50919	True	1
chrM_15787_15788	chrM	15787	15788	47743	True	1
chrM_15816_15817	chrM	15816	15817	38448	True	1
chrM_15902_15903	chrM	15902	15903	158227	True	1
chrM_15918_15919	chrM	15918	15919	160571	True	1
chrM_15952_15953	chrM	15952	15953	237386	True	1
chrM_16007_16008	chrM	16007	16008	244120	True	1
chrM_16024_16025	chrM	16024	16025	241406	True	1
chrX_12975108_12975109	chrX	12975108	12975109	2798	True	5
chrX_12975142_12975143	chrX	12975142	12975143	2882	True	5
chrX_12976251_12976252	chrX	12976251	12976252	465	True	2
chrX_12976286_12976287	chrX	12976286	12976287	578	True	2
chrX_12977043_12977044	chrX	12977043	12977044	6823	True	1
chrX_20136104_20136105	chrX	20136104	20136105	11262	True	3
chrX_20136116_20136117	chrX	20136116	20136117	11419	True	3
chrX_20136140_20136141	chrX	20136140	20136141	11739	True	3
chrX_20136316_20136317	chrX	20136316	20136317	4017	True	4
chrX_20136390_20136391	chrX	20136390	20136391	1978	True	4
chrX_20136414_20136415	chrX	20136414	20136415	1872	True	4
chrX_20240046_20240047	chrX	20240046	20240047	561	True	2
chrX_20490301_20490302	chrX	20490301	20490302	0	False	NA
chrX_21978042_21978043	chrX	21978042	21978043	766	True	4
chrX_24054954_24054955	chrX	24054954	24054955	3567	True	3
chrX_24076942_24076943	chrX	24076942	24076943	7202	True	1
chrX_24744437_24744438	chrX	24744437	24744438	3971	True	3
chrX_29122448_29122449	chrX	29122448	29122449	0	False	NA
chrX_34215964_34215965	chrX	34215964	34215965	296	True	4
chrX_41123518_41123519	chrX	41123518	41123519	1315	True	4
chrX_41341495_41341496	chrX	41341495	41341496	3241	True	3
chrX_41343785_41343786	chrX	41343785	41343786	1726	True	4
chrX_41344240_41344241	chrX	41344240	41344241	2635	True	5
chrX_45746203_45746204	chrX	45746203	45746204	3650	True	2
chrX_45747057_45747058	chrX	45747057	45747058	6041	True	2
chrX_48523727_48523728	chrX	48523727	48523728	5110	True	1
chrX_48577043_48577044	chrX	48577043	48577044	2102	True	4
chrX_48577638_48577639	chrX	48577638	48577639	7394	True	1
chrX_48578197_48578198	chrX	48578197	48578198	4280	True	1
chrX_48777070_48777071	chrX	48777070	48777071	1398	True	2
chrX_48959219_48959220	chrX	48959219	48959220	273	True	2
chrX_49173260_49173261	chrX	49173260	49173261	1114	True	2
chrX_49175022_49175023	chrX	49175022	49175023	834	True	2
chrX_53324644_53324645	chrX	53324644	53324645	299	True	2
chrX_53557269_53557270	chrX	53557269	53557270	2944	True	2
chrX_53584272_53584273	chrX	53584272	53584273	2469	True	4
chrX_55997110_55997111	chrX	55997110	55997111	0	False	NA
chrX_56931270_56931271	chrX	56931270	56931271	8	False	NA
chrX_65729531_65729532	chrX	65729531	65729532	3277	True	3
chrX_65731966_65731967	chrX	65731966	65731967	1161	True	4
chrX_65736813_65736814	chrX	65736813	65736814	4025	True	3
chrX_65736846_65736847	chrX	65736846	65736847	4207	True	3
chrX_65739933_65739934	chrX	65739933	65739934	6397	True	1
chrX_65739964_65739965	chrX	65739964	65739965	6604	True	1
chrX_65740021_65740022	chrX	65740021	65740022	7164	True	1
chrX_65741210_65741211	chrX	65741210	65741211	2734	True	5
chrX_65741543_65741544	chrX	65741543	65741544	7609	True	1
chrX_65741826_65741827	chrX	65741826	65741827	2979	True	5
chrX_65741896_65741897	chrX	65741896	65741897	2215	True	5
chrX_68026257_68026258	chrX	68026257	68026258	0	False	NA
chrX_69672482_69672483	chrX	69672482	69672483	3000	True	4
chrX_69672517_69672518	chrX	69672517	69672518	2990	True	4
chrX_70846260_70846261	chrX	70846260	70846261	1785	True	2
chrX_70963248_70963249	chrX	70963248	70963249	33	False	NA
chrX_71020437_71020438	chrX	71020437	71020438	409	True	2
chrX_71290708_71290709	chrX	71290708	71290709	3908	True	3
chrX_71296606_71296607	chrX	71296606	71296607	5394	True	3
chrX_71297035_71297036	chrX	71297035	71297036	6394	True	3
chrX_71300045_71300046	chrX	71300045	71300046	8142	True	5
chrX_71300181_71300182	chrX	71300181	71300182	8323	True	5
chrX_71300259_71300260	chrX	71300259	71300260	8576	True	3
chrX_71300743_71300744	chrX	71300743	71300744	6281	True	1
chrX_71300841_71300842	chrX	71300841	71300842	5203	True	1
chrX_71301061_71301062	chrX	71301061	71301062	6398	True	1
chrX_72272638_72272639	chrX	72272638	72272639	6995	True	1
chrX_72272679_72272680	chrX	72272679	72272680	6801	True	1
chrX_72272704_72272705	chrX	72272704	72272705	6773	True	1
chrX_72272721_72272722	chrX	72272721	72272722	6767	True	1
chrX_72272752_72272753	chrX	72272752	72272753	6102	True	6
chrX_72273242_72273243	chrX	72273242	72273243	4002	True	3
chrX_72273299_72273300	chrX	72273299	72273300	9266	True	3
chrX_72273818_72273819	chrX	72273818	72273819	14147	True	6
chrX_72273909_72273910	chrX	72273909	72273910	23795	True	6
chrX_72275647_72275648	chrX	72275647	72275648	24110	True	1
chrX_72275670_72275671	chrX	72275670	72275671	22502	True	1
chrX_72275715_72275716	chrX	72275715	72275716	14675	True	1
chrX_72276216_72276217	chrX	72276216	72276217	10235	True	5
chrX_72277218_72277219	chrX	72277218	72277219	2819	True	3
chrX_72377144_72377145	chrX	72377144	72377145	48546	True	3
chrX_72740859_72740860	chrX	72740859	72740860	732	True	2
chrX_74287347_74287348	chrX	74287347	74287348	2209	True	2
chrX_77902749_77902750	chrX	77902749	77902750	3320	True	6
chrX_77905232_77905233	chrX	77905232	77905233	3483	True	3
chrX_78104253_78104254	chrX	78104253	78104254	6682	True	3
chrX_78113855_78113856	chrX	78113855	78113856	7273	True	3
chrX_78114115_78114116	chrX	78114115	78114116	6311	True	3
chrX_78117359_78117360	chrX	78117359	78117360	4887	True	3
chrX_78122845_78122846	chrX	78122845	78122846	6363	True	3
chrX_78122897_78122898	chrX	78122897	78122898	6452	True	3
chrX_78122918_78122919	chrX	78122918	78122919	6044	True	3
chrX_78123211_78123212	chrX	78123211	78123212	10072	True	3
chrX_78125993_78125994	chrX	78125993	78125994	9660	True	1
chrX_78126043_78126044	chrX	78126043	78126044	14826	True	1
chrX_78126085_78126086	chrX	78126085	78126086	20248	True	1
chrX_78126198_78126199	chrX	78126198	78126199	14792	True	1
chrX_78126230_78126231	chrX	78126230	78126231	14920	True	1
chrX_80346380_80346381	chrX	80346380	80346381	0	False	NA
chrX_86178360_86178361	chrX	86178360	86178361	0	False	NA
chrX_101391012_101391013	chrX	101391012	101391013	640	True	4
chrX_101391525_101391526	chrX	101391525	101391526	363	True	2
chrX_101391550_101391551	chrX	101391550	101391551	305	True	2
chrX_101395389_101395390	chrX	101395389	101395390	373	True	2
chrX_101395427_101395428	chrX	101395427	101395428	505	True	4
chrX_102809574_102809575	chrX	102809574	102809575	205	True	2
chrX_103377855_103377856	chrX	103377855	103377856	1744	True	2
chrX_103675747_103675748	chrX	103675747	103675748	8768	True	1
chrX_103676077_103676078	chrX	103676077	103676078	5523	True	1
chrX_103676219_103676220	chrX	103676219	103676220	3313	True	1
chrX_103676426_103676427	chrX	103676426	103676427	6871	True	3
chrX_103676535_103676536	chrX	103676535	103676536	9489	True	3
chrX_103676684_103676685	chrX	103676684	103676685	11497	True	3
chrX_103676702_103676703	chrX	103676702	103676703	11312	True	3
chrX_103678529_103678530	chrX	103678529	103678530	5095	True	5
chrX_103686700_103686701	chrX	103686700	103686701	3252	True	3
chrX_105312163_105312164	chrX	105312163	105312164	0	False	NA
chrX_109054541_109054542	chrX	109054541	109054542	257620	True	3
chrX_109054562_109054563	chrX	109054562	109054563	257590	True	3
chrX_111933688_111933689	chrX	111933688	111933689	0	False	NA
chrX_119423774_119423775	chrX	119423774	119423775	24549	True	1
chrX_119423812_119423813	chrX	119423812	119423813	24586	True	1
chrX_119434688_119434689	chrX	119434688	119434689	353	True	2
chrX_119470102_119470103	chrX	119470102	119470103	3836	True	3
chrX_119471229_119471230	chrX	119471229	119471230	1471	True	5
chrX_119787391_119787392	chrX	119787391	119787392	31964	True	5
chrX_119787405_119787406	chrX	119787405	119787406	31964	True	5
chrX_119787438_119787439	chrX	119787438	119787439	31964	True	5
chrX_119787457_119787458	chrX	119787457	119787458	31928	True	5
chrX_119787469_119787470	chrX	119787469	119787470	31909	True	5
chrX_119787486_119787487	chrX	119787486	119787487	31390	True	5
chrX_119791630_119791631	chrX	119791630	119791631	667	True	4
chrX_122840425_122840426	chrX	122840425	122840426	8	False	NA
chrX_124326183_124326184	chrX	124326183	124326184	77	False	NA
chrX_124649238_124649239	chrX	124649238	124649239	29	False	NA
chrX_126472990_126472991	chrX	126472990	126472991	497	True	2
chrX_128122782_128122783	chrX	128122782	128122783	1980	True	4
chrX_131083860_131083861	chrX	131083860	131083861	0	False	NA
chrX_132580189_132580190	chrX	132580189	132580190	6572	True	3
chrX_134169707_134169708	chrX	134169707	134169708	251	True	2
chrX_134170108_134170109	chrX	134170108	134170109	66	False	NA
chrX_134546702_134546703	chrX	134546702	134546703	936	True	2
chrX_136879225_136879226	chrX	136879225	136879226	42700	True	3
chrX_136879255_136879256	chrX	136879255	136879256	42916	True	3
chrX_136879274_136879275	chrX	136879274	136879275	42737	True	3
chrX_141118139_141118140	chrX	141118139	141118140	2746	True	4
chrX_143432963_143432964	chrX	143432963	143432964	0	False	NA
chrX_151958653_151958654	chrX	151958653	151958654	9804	True	5
chrX_153451228_153451229	chrX	153451228	153451229	3915	True	2
chrX_153723203_153723204	chrX	153723203	153723204	1359	True	4
chrX_154348589_154348590	chrX	154348589	154348590	4177	True	5
chrX_154348627_154348628	chrX	154348627	154348628	5388	True	5
chrX_154348667_154348668	chrX	154348667	154348668	7402	True	5
chrX_154348742_154348743	chrX	154348742	154348743	7213	True	3
chrX_154348783_154348784	chrX	154348783	154348784	7984	True	3
chrX_154348857_154348858	chrX	154348857	154348858	6529	True	3
chrX_154349029_154349030	chrX	154349029	154349030	2556	True	3
chrX_154349660_154349661	chrX	154349660	154349661	3609	True	3
chrX_154349743_154349744	chrX	154349743	154349744	5582	True	3
chrX_154350132_154350133	chrX	154350132	154350133	6684	True	3
chrX_154350165_154350166	chrX	154350165	154350166	6579	True	3
chrX_154350922_154350923	chrX	154350922	154350923	5925	True	3
chrX_154351002_154351003	chrX	154351002	154351003	8363	True	3
chrX_154351594_154351595	chrX	154351594	154351595	4392	True	3
chrX_154351675_154351676	chrX	154351675	154351676	5063	True	3
chrX_154352011_154352012	chrX	154352011	154352012	6307	True	3
chrX_154352270_154352271	chrX	154352270	154352271	6668	True	3
chrX_154352314_154352315	chrX	154352314	154352315	7309	True	3
chrX_154352344_154352345	chrX	154352344	154352345	8557	True	3
chrX_154352362_154352363	chrX	154352362	154352363	7948	True	3
chrX_154352840_154352841	chrX	154352840	154352841	4889	True	3
chrX_154353102_154353103	chrX	154353102	154353103	7048	True	3
chrX_154353198_154353199	chrX	154353198	154353199	3988	True	3
chrX_154353408_154353409	chrX	154353408	154353409	4668	True	3
chrX_154353445_154353446	chrX	154353445	154353446	3370	True	3
chrX_154353941_154353942	chrX	154353941	154353942	7296	True	3
chrX_154354014_154354015	chrX	154354014	154354015	7175	True	3
chrX_154354402_154354403	chrX	154354402	154354403	2097	True	3
chrX_154354648_154354649	chrX	154354648	154354649	3437	True	3
chrX_154354910_154354911	chrX	154354910	154354911	6559	True	3
chrX_154354962_154354963	chrX	154354962	154354963	7843	True	3
chrX_154355048_154355049	chrX	154355048	154355049	4601	True	3
chrX_154357590_154357591	chrX	154357590	154357591	5419	True	3
chrX_154358204_154358205	chrX	154358204	154358205	4363	True	3
chrX_154358246_154358247	chrX	154358246	154358247	6291	True	3
chrX_154358277_154358278	chrX	154358277	154358278	6287	True	3
chrX_154358472_154358473	chrX	154358472	154358473	5110	True	3
chrX_154358513_154358514	chrX	154358513	154358514	5682	True	3
chrX_154359147_154359148	chrX	154359147	154359148	3463	True	3
chrX_154359277_154359278	chrX	154359277	154359278	2747	True	3
chrX_154359509_154359510	chrX	154359509	154359510	4367	True	3
chrX_154359615_154359616	chrX	154359615	154359616	3675	True	3
chrX_154359786_154359787	chrX	154359786	154359787	5190	True	3
chrX_154359879_154359880	chrX	154359879	154359880	4956	True	3
chrX_154360132_154360133	chrX	154360132	154360133	5538	True	3
chrX_154360347_154360348	chrX	154360347	154360348	5485	True	3
chrX_154360387_154360388	chrX	154360387	154360388	4990	True	3
chrX_154360578_154360579	chrX	154360578	154360579	3978	True	3
chrX_154361693_154361694	chrX	154361693	154361694	2129	True	3
chrX_154361997_154361998	chrX	154361997	154361998	3259	True	3
chrX_154362120_154362121	chrX	154362120	154362121	3309	True	3
chrX_154362314_154362315	chrX	154362314	154362315	1744	True	4
chrX_154362437_154362438	chrX	154362437	154362438	4495	True	5
chrX_154362508_154362509	chrX	154362508	154362509	6923	True	5
chrX_154364572_154364573	chrX	154364572	154364573	3559	True	3
chrX_154364680_154364681	chrX	154364680	154364681	3633	True	3
chrX_154364859_154364860	chrX	154364859	154364860	5668	True	3
chrX_154365178_154365179	chrX	154365178	154365179	6010	True	3
chrX_154365201_154365202	chrX	154365201	154365202	6074	True	3
chrX_154365231_154365232	chrX	154365231	154365232	6155	True	3
chrX_154365401_154365402	chrX	154365401	154365402	4966	True	3
chrX_154366041_154366042	chrX	154366041	154366042	3408	True	3
chrX_154366458_154366459	chrX	154366458	154366459	3782	True	3
chrX_154366760_154366761	chrX	154366760	154366761	4696	True	3
chrX_154367487_154367488	chrX	154367487	154367488	4983	True	3
chrX_154367695_154367696	chrX	154367695	154367696	3325	True	3
chrX_154370953_154370954	chrX	154370953	154370954	3892	True	3
chrX_154371014_154371015	chrX	154371014	154371015	4677	True	3
chrX_154371058_154371059	chrX	154371058	154371059	4063	True	3
chrX_154371105_154371106	chrX	154371105	154371106	4895	True	3
chrX_154371220_154371221	chrX	154371220	154371221	2663	True	4
chrX_154371307_154371308	chrX	154371307	154371308	948	True	4
chrX_154398377_154398378	chrX	154398377	154398378	20601	True	3
chrX_154399497_154399498	chrX	154399497	154399498	16152	True	3
chrX_154399886_154399887	chrX	154399886	154399887	8983	True	5
chrX_154399917_154399918	chrX	154399917	154399918	10370	True	5
chrX_154400278_154400279	chrX	154400278	154400279	19686	True	3
chrX_154400291_154400292	chrX	154400291	154400292	19893	True	3
chrX_154400314_154400315	chrX	154400314	154400315	20178	True	3
chrX_154400326_154400327	chrX	154400326	154400327	20697	True	3
chrX_154768526_154768527	chrX	154768526	154768527	8727	True	3
chrX_154768573_154768574	chrX	154768573	154768574	8638	True	3
chrX_154768589_154768590	chrX	154768589	154768590	8598	True	3
chrX_154768627_154768628	chrX	154768627	154768628	8564	True	3
chrX_154774996_154774997	chrX	154774996	154774997	8551	True	3
chrX_154775010_154775011	chrX	154775010	154775011	8434	True	3
chrX_154775059_154775060	chrX	154775059	154775060	8578	True	3
chrX_154775076_154775077	chrX	154775076	154775077	8567	True	3
chrX_154775093_154775094	chrX	154775093	154775094	8597	True	3
chrX_154888415_154888416	chrX	154888415	154888416	0	False	NA
chrY_10200153_10200154	chrY	10200153	10200154	4242	True	4
chrY_10200186_10200187	chrY	10200186	10200187	4248	True	4
chrY_10200225_10200226	chrY	10200225	10200226	4248	True	4
chrY_10200246_10200247	chrY	10200246	10200247	4248	True	4
chrY_15417969_15417970	chrY	15417969	15417970	0	False	NA
