gene	Centro_apex_R1	Centro_apex_R2	Centro_apex_R3	NT_apex_R1	NT_apex_R2	NT_apex_R3	No_apex_R1	No_apex_R2	No_apex_R3
5S_rRNA	69	34	7	33	13	25	11	0	57
5_8S_rRNA	489	237	39	108	65	64	95	1	93
7SK	13241	7797	1137	5182	2287	3542	2082	17	5064
A1BG	0	0	0	0	0	0	0	0	1
A1BG-AS1	3	1	1	0	1	1	0	0	2
A1CF	2	2	0	0	0	1	2	0	0
A2M	0	2	0	1	0	2	0	0	1
A2M-AS1	0	1	0	0	2	0	0	0	0
A2ML1	3	0	0	2	2	0	0	0	1
A2ML1-AS1	1	1	0	0	0	0	0	0	1
A2MP1	26	22	1	19	7	29	4	0	23
A3GALT2	1	0	0	0	0	1	0	0	1
A4GALT	48	27	8	14	5	15	9	0	12
AAAS	88	48	11	29	6	26	10	0	30
AACS	138	105	19	45	35	47	19	0	73
AACSP1	1	1	0	2	0	0	0	0	2
AADAC	0	0	0	0	0	0	0	0	1
AADACL2	2	0	0	0	0	0	0	0	0
AADACL2-AS1	4	4	1	3	1	1	0	0	2
AADACL3	1	0	0	0	0	1	0	0	0
AADACL4	5	0	0	1	1	0	0	0	0
AADACP1	4	0	0	1	0	1	0	0	1
AADAT	41	17	8	18	4	11	5	0	20
AAGAB	172	105	12	70	38	87	29	0	96
AAK1	357	173	24	135	78	152	56	0	173
AAMDC	593	404	45	222	70	87	81	3	156
AAMP	120	45	9	30	14	31	15	0	29
AANAT	1	0	0	0	2	0	1	0	0
AAR2	84	56	5	42	15	48	7	0	48
AARD	0	1	0	0	0	0	1	0	0
AARS1	319	195	33	121	63	110	61	1	165
AARS2	62	43	7	20	17	31	13	0	35
AARSD1	2	0	0	0	0	0	0	0	1
AASDH	49	38	2	21	15	32	6	0	31
AASDHPPT	85	35	3	30	18	24	7	0	37
AASS	72	70	19	44	28	47	17	0	72
AATBC	2	0	0	0	0	0	0	0	1
AATF	445	264	48	166	93	241	49	1	279
AATK	10	2	0	1	1	0	2	0	1
ABALON	0	0	0	0	0	1	0	0	0
ABAT	8	7	0	5	5	3	3	0	10
ABCA1	44	44	3	28	8	20	11	0	25
ABCA10	8	3	0	2	1	3	0	0	4
ABCA11P	0	2	0	2	0	2	0	0	2
ABCA12	7	2	0	1	1	3	0	0	1
ABCA13	56	26	9	26	12	14	7	0	19
ABCA15P	23	16	2	7	8	10	2	0	7
ABCA17P	3	3	0	3	2	1	1	0	1
ABCA2	223	150	38	87	44	94	66	0	138
ABCA3	29	16	3	12	9	6	2	0	9
ABCA4	11	5	2	2	4	2	3	0	2
ABCA5	67	38	5	22	16	28	12	0	43
ABCA6	6	1	1	2	0	1	0	0	1
ABCA7	81	65	12	35	20	41	29	0	56
ABCA8	139	96	27	78	46	79	28	0	119
ABCA9	4	5	1	0	2	1	0	0	1
ABCA9-AS1	11	4	1	5	0	0	0	0	2
ABCB1	72	77	7	47	25	23	10	0	42
ABCB10	40	35	5	23	16	24	8	0	28
ABCB11	5	4	0	1	0	1	0	0	3
ABCB4	2	3	0	1	0	0	0	1	1
ABCB5	14	5	1	3	1	2	0	0	2
ABCB6	65	66	15	38	19	46	23	0	55
ABCB7	166	121	23	72	51	103	25	0	116
ABCB8	67	41	9	23	19	34	21	0	36
ABCB9	54	32	5	23	7	19	14	0	40
ABCC1	1281	734	138	511	222	467	214	2	584
ABCC10	56	49	9	38	11	27	6	0	24
ABCC11	5	3	0	1	0	1	1	0	2
ABCC12	3	1	1	4	0	0	0	0	1
ABCC13	6	4	0	2	1	0	0	0	1
ABCC2	11	7	1	2	0	3	2	0	4
ABCC3	362	326	59	152	101	181	67	0	175
ABCC4	565	281	57	215	131	234	50	0	232
ABCC5	231	152	35	93	48	102	34	0	134
ABCC5-AS1	0	0	0	0	0	0	0	0	1
ABCC6	7	4	0	1	1	5	5	0	8
ABCC8	67	61	10	31	17	34	14	0	51
ABCC9	19	11	5	6	3	9	1	0	14
ABCD1	94	75	13	41	13	23	23	0	32
ABCD2	3	3	0	1	1	2	1	0	2
ABCD3	309	210	43	151	76	175	54	2	257
ABCD4	52	24	4	16	7	14	5	0	17
ABCE1	288	160	19	112	59	122	22	0	111
ABCF1	256	154	36	108	56	91	48	0	121
ABCF2	35	17	2	19	8	8	4	0	17
ABCF2-H2BK1	106	67	14	49	33	29	18	0	37
ABCF2P1	0	0	1	0	0	0	0	0	0
ABCF3	94	42	8	37	10	22	9	0	47
ABCG1	35	12	3	14	6	12	7	0	4
ABCG2	52	27	4	32	10	19	15	1	21
ABCG4	2	1	0	0	0	0	0	0	1
ABCG5	1	0	0	1	0	0	0	0	3
ABCG8	1	0	0	0	0	0	0	0	0
ABHD1	0	0	0	0	1	2	0	0	0
ABHD10	59	29	7	23	15	20	6	0	39
ABHD11	18	9	1	8	2	3	1	0	2
ABHD12	88	68	15	32	20	36	22	1	53
ABHD12B	3	0	0	0	1	0	0	0	1
ABHD13	61	46	8	27	14	40	6	0	69
ABHD14A	10	9	1	4	2	3	2	0	6
ABHD14A-ACY1	45	23	6	14	8	15	9	0	17
ABHD14B	34	37	10	27	7	23	10	0	30
ABHD15	19	15	5	7	7	3	3	0	12
ABHD15-AS1	69	42	6	17	15	11	16	0	17
ABHD16A	16	6	2	8	4	8	2	0	8
ABHD17A	44	27	6	13	4	9	10	0	22
ABHD17AP3	2	0	0	0	0	0	0	0	1
ABHD17AP6	0	2	1	0	0	0	0	0	0
ABHD17B	158	110	21	72	38	97	18	1	135
ABHD17C	124	48	6	37	22	32	14	0	50
ABHD18	74	61	15	45	31	70	16	0	84
ABHD2	235	145	23	93	45	96	30	0	90
ABHD3	145	103	20	44	34	79	35	0	88
ABHD4	39	19	1	13	5	12	5	1	14
ABHD5	149	90	15	54	23	50	13	1	77
ABHD6	41	34	10	19	12	35	13	0	33
ABHD8	13	8	0	9	1	7	4	0	9
ABI1	176	129	25	79	45	130	27	0	165
ABI2	229	210	39	101	56	149	41	1	237
ABI3	2	1	1	0	0	0	0	0	1
ABI3BP	21	37	5	5	11	22	8	0	26
ABITRAM	36	23	4	17	9	18	3	0	11
ABL1	899	724	153	389	266	502	175	2	790
ABL2	916	528	82	367	192	403	120	0	486
ABLIM1	384	249	36	185	91	174	59	0	181
ABLIM2	79	39	5	27	12	18	14	0	24
ABLIM3	115	47	12	38	13	23	11	0	17
ABO	27	2	0	4	2	3	2	0	1
ABR	207	173	23	82	39	80	48	0	116
ABRA	0	0	0	1	0	0	0	0	0
ABRACL	19	11	1	10	3	7	0	0	7
ABRAXAS1	33	16	4	13	4	23	1	0	18
ABRAXAS2	72	59	9	26	22	38	10	0	46
ABT1	25	16	3	11	5	6	5	0	10
ABTB1	27	12	2	10	6	12	7	1	11
ABTB2	511	330	42	182	108	149	74	0	238
ABTB3	13	4	1	5	1	5	1	0	1
ACAA1	45	26	6	15	15	22	11	1	28
ACAA2	53	30	6	19	11	21	7	0	34
ACAA2P1	1	0	0	1	4	0	1	0	0
ACACA	1357	1064	236	690	381	968	316	4	1153
ACACB	67	70	17	41	18	35	21	0	76
ACAD10	59	46	10	23	21	35	9	0	55
ACAD11	18	11	1	6	2	14	6	0	5
ACAD8	18	10	4	10	3	12	2	0	9
ACAD9	299	207	34	140	71	126	52	0	187
ACAD9-DT	11	7	1	6	1	3	1	0	8
ACADL	5	8	0	1	1	3	5	0	3
ACADM	162	91	13	52	40	63	24	0	120
ACADS	4	2	2	2	1	2	3	0	3
ACADSB	13	16	1	9	3	14	4	0	16
ACADVL	260	106	19	110	41	56	50	0	111
ACAN	5	1	0	0	1	1	1	0	0
ACAP1	3	0	0	1	0	1	0	0	0
ACAP2	335	245	57	145	96	205	50	0	269
ACAP2-IT1	4	1	1	1	0	2	0	0	1
ACAP3	137	101	26	53	33	46	45	1	75
ACAT1	91	59	10	36	26	29	22	0	54
ACAT2	85	105	14	37	24	54	23	0	72
ACBD3	166	108	27	76	40	82	31	1	114
ACBD3-AS1	1	0	0	0	0	0	0	0	0
ACBD4	15	19	2	8	4	7	3	0	16
ACBD5	86	35	4	30	9	23	3	0	30
ACBD6	573	384	70	223	131	327	91	2	352
ACBD7	3	4	0	1	2	0	0	0	1
ACCS	16	11	0	5	6	7	6	0	15
ACD	22	18	2	10	1	12	3	0	12
ACE	0	1	0	0	0	0	0	0	0
ACE2	3	0	0	0	1	1	0	0	3
ACE2-DT	0	1	0	1	0	1	0	0	0
ACER1	2	0	0	0	1	0	0	0	0
ACER2	41	34	2	11	11	15	5	0	25
ACER3	209	165	27	92	57	120	33	0	155
ACHE	4	1	0	2	0	0	1	0	0
ACIN1	434	260	46	195	71	177	86	1	223
ACKR2	3	2	0	1	0	0	0	0	1
ACKR3	186	135	15	57	56	67	50	2	98
ACKR4	2	1	0	2	0	0	1	0	2
ACLY	905	601	124	365	204	339	162	1	506
ACMSD	2	0	0	2	0	0	0	0	0
ACO1	168	116	18	61	47	79	28	1	81
ACO2	280	201	43	117	63	123	52	1	141
ACOD1	1	0	0	0	0	0	0	0	0
ACOT1	0	0	0	1	0	1	0	0	0
ACOT11	32	18	3	16	9	13	10	0	19
ACOT12	1	0	1	0	2	0	0	0	1
ACOT13	51	32	7	20	16	24	10	0	36
ACOT2	10	4	0	9	1	1	2	0	1
ACOT4	1	3	1	0	0	1	2	0	1
ACOT6	0	1	0	0	0	0	0	0	0
ACOT7	160	95	20	56	38	50	25	0	85
ACOT8	19	11	3	13	13	16	6	0	18
ACOT9	195	110	26	74	45	102	25	1	130
ACOX1	70	57	10	42	20	47	18	0	45
ACOX2	3	0	0	1	0	0	0	0	0
ACOX3	79	69	9	28	19	46	21	0	70
ACOXL	18	4	3	4	2	1	1	0	4
ACOXL-AS1	1	1	0	0	0	1	1	0	0
ACP1	121	80	12	69	33	64	25	0	83
ACP2	87	51	7	40	14	19	14	0	49
ACP3	1	1	0	0	0	1	0	0	0
ACP5	0	1	0	0	0	0	0	0	0
ACP6	22	20	1	4	3	15	3	0	8
ACP7	3	0	0	1	0	1	0	0	0
ACRBP	3	3	0	0	0	0	0	0	0
ACRV1	0	0	0	0	0	0	1	0	0
ACSBG1	3	3	1	3	1	0	0	0	6
ACSBG2	14	1	0	3	4	12	1	0	8
ACSF2	12	30	1	4	5	15	4	0	12
ACSF3	156	103	33	46	32	51	32	0	83
ACSL1	20	17	4	9	2	4	6	0	5
ACSL3	622	666	119	315	212	496	187	2	657
ACSL4	499	343	61	211	140	255	65	0	241
ACSL5	2	1	0	2	2	0	1	0	2
ACSM1	2	2	1	1	0	0	1	0	5
ACSM2A	3	0	0	0	0	0	0	0	0
ACSM2B	0	1	0	0	0	0	0	0	0
ACSM3	5	7	2	3	0	3	1	0	2
ACSM4	0	0	0	0	0	0	0	0	1
ACSM5	1	2	0	1	0	1	0	0	1
ACSM6	5	0	0	1	0	1	0	0	1
ACSS1	8	0	1	2	0	0	0	0	1
ACSS2	28	31	5	13	16	27	4	0	30
ACSS3	8	10	1	7	2	6	4	0	3
ACTA1	3	0	0	2	0	0	0	0	0
ACTA2	20	26	4	7	8	12	9	0	17
ACTA2-AS1	11	3	0	0	0	1	0	0	1
ACTB	5836	2819	698	2466	1016	1983	901	4	2621
ACTBL2	2	1	0	0	0	0	0	0	0
ACTBP1	1	0	0	0	0	0	0	0	2
ACTBP11	2	1	0	0	0	0	0	0	1
ACTBP12	1	0	0	0	0	0	0	0	0
ACTBP14	0	0	0	1	0	0	0	0	0
ACTBP15	1	1	0	0	0	0	0	0	1
ACTBP2	8	3	1	2	0	1	1	0	4
ACTBP4	2	2	0	1	2	0	1	0	0
ACTBP6	0	0	0	0	0	0	0	0	1
ACTBP7	3	2	0	1	0	1	1	0	0
ACTBP8	1	1	0	1	1	0	1	0	0
ACTBP9	5	2	0	0	0	0	0	0	0
ACTC1	38	5	5	13	3	9	3	0	12
ACTE1P	0	2	0	0	0	0	1	0	0
ACTG1	2278	1181	198	906	428	721	339	3	907
ACTG1P1	5	0	1	0	0	1	0	0	1
ACTG1P10	0	1	0	1	0	2	0	0	0
ACTG1P12	0	0	0	0	0	1	0	0	0
ACTG1P14	6	1	1	3	1	0	0	0	2
ACTG1P15	2	2	0	2	1	0	0	0	0
ACTG1P16	2	0	0	2	0	0	1	0	0
ACTG1P17	5	3	0	3	1	2	1	0	4
ACTG1P18	1	0	0	0	0	0	0	0	0
ACTG1P19	4	2	0	0	0	1	0	0	0
ACTG1P20	4	4	1	2	1	1	0	0	2
ACTG1P21	1	1	0	1	0	0	0	0	0
ACTG1P23	2	0	0	3	0	0	0	0	0
ACTG1P24	2	0	0	0	0	1	1	0	0
ACTG1P25	3	2	1	0	2	1	0	0	4
ACTG1P3	4	2	1	0	0	1	0	0	0
ACTG1P4	4	2	0	2	1	1	0	0	1
ACTG1P9	3	3	0	0	0	0	2	0	5
ACTG2	4	5	0	2	0	0	2	0	1
ACTL10	5	3	0	4	0	0	0	0	0
ACTL11P	2	0	0	0	0	0	0	0	0
ACTL6A	186	131	27	81	29	89	23	4	100
ACTL6B	1	1	0	0	0	0	0	0	0
ACTL7A	0	1	0	0	0	0	0	0	0
ACTL7B	1	0	0	0	0	0	0	0	0
ACTL8	7	3	1	5	2	0	3	0	2
ACTL9	1	1	0	3	0	0	1	0	0
ACTN1	929	797	136	362	238	385	150	1	519
ACTN1-DT	4	1	2	1	1	1	1	0	1
ACTN2	3	2	0	1	1	0	0	0	2
ACTN3	1	2	1	0	0	0	0	0	0
ACTN4	1999	1185	206	765	420	668	374	5	964
ACTN4P1	2	0	0	2	0	0	0	0	1
ACTN4P2	0	1	0	0	0	0	0	0	0
ACTP1	0	0	0	1	0	1	0	0	0
ACTR10	62	41	14	27	8	33	12	0	54
ACTR1A	99	61	16	49	22	45	29	0	54
ACTR1B	38	20	3	24	9	24	9	0	24
ACTR2	311	211	39	131	73	195	40	0	216
ACTR3	583	416	74	296	159	345	107	0	428
ACTR3-AS1	29	33	5	15	7	29	11	0	63
ACTR3B	132	119	18	51	35	85	24	0	110
ACTR3C	60	37	5	29	13	25	10	0	35
ACTR5	43	29	7	14	9	17	3	0	20
ACTR6	57	54	6	34	15	39	9	0	51
ACTR8	71	34	7	19	12	20	9	0	23
ACTRT3	5	3	0	4	0	0	1	0	2
ACVR1	249	135	33	108	62	120	40	1	139
ACVR1B	89	50	12	37	19	34	10	0	24
ACVR1C	11	9	1	5	0	6	1	0	3
ACVR2A	129	104	19	51	47	106	22	1	151
ACVR2B	83	72	17	42	19	46	14	1	55
ACVR2B-AS1	3	2	0	0	1	3	0	0	0
ACVRL1	1	0	0	1	0	0	0	0	0
ACY1	0	2	2	1	1	1	1	0	1
ACYP1	58	36	6	21	14	23	8	0	46
ACYP2	132	106	20	54	39	87	16	0	115
ADA	28	17	1	9	5	7	2	0	12
ADA2	3	5	0	1	1	3	1	0	2
ADAD1	3	3	0	0	0	0	0	0	0
ADAD2	1	0	0	0	0	0	0	0	0
ADAL	53	29	3	19	8	34	13	0	41
ADAM10	514	360	71	225	124	313	80	0	350
ADAM11	33	10	3	5	8	5	5	0	5
ADAM12	1108	488	106	394	190	379	125	2	383
ADAM15	118	56	6	29	12	29	15	0	39
ADAM17	226	127	33	93	55	113	36	0	150
ADAM18	5	5	0	1	1	0	1	0	0
ADAM19	63	36	5	22	16	22	5	0	21
ADAM1B	1	2	0	0	0	0	0	0	0
ADAM2	4	5	1	3	2	1	2	0	1
ADAM20	1	7	0	1	1	1	0	0	3
ADAM20P1	1	2	0	1	0	2	0	0	0
ADAM20P3	0	0	0	0	0	0	1	0	0
ADAM21	4	4	0	1	1	2	0	0	4
ADAM22	169	137	23	75	48	105	25	0	141
ADAM23	36	23	3	10	7	12	4	0	20
ADAM24P	2	1	0	2	0	0	0	0	0
ADAM28	2	1	0	0	0	1	0	0	3
ADAM29	3	7	1	2	0	0	0	0	1
ADAM32	161	138	14	71	36	80	24	1	109
ADAM33	4	9	0	2	4	3	1	0	8
ADAM3A	2	0	0	1	0	3	0	0	0
ADAM5	11	4	0	5	4	0	0	0	8
ADAM7	4	3	0	0	1	0	0	0	1
ADAM7-AS1	26	13	3	10	2	4	5	0	30
ADAM7-AS2	2	1	0	1	0	1	1	0	2
ADAM8	3	3	2	1	0	0	2	0	3
ADAM9	902	462	79	342	157	294	131	2	387
ADAMDEC1	1	0	0	0	0	0	0	0	0
ADAMTS1	324	147	30	90	56	94	44	0	128
ADAMTS10	79	70	18	32	34	35	26	1	66
ADAMTS12	15	12	0	6	3	3	5	0	4
ADAMTS13	20	15	1	5	5	2	2	0	19
ADAMTS14	8	3	0	3	1	3	1	0	3
ADAMTS15	28	6	1	5	3	1	5	0	5
ADAMTS16	20	5	3	7	11	13	10	1	5
ADAMTS16-DT	1	0	0	0	0	0	0	0	0
ADAMTS17	17	10	3	4	6	4	4	0	4
ADAMTS18	7	0	0	4	0	4	0	0	4
ADAMTS19	7	4	0	4	3	1	0	0	2
ADAMTS19-AS1	1	1	0	1	0	0	0	0	0
ADAMTS2	18	11	0	6	2	1	2	0	9
ADAMTS20	11	4	0	0	0	2	1	0	0
ADAMTS3	110	105	24	39	37	101	26	0	103
ADAMTS4	3	2	1	1	0	1	0	0	1
ADAMTS5	38	54	8	29	13	49	13	0	58
ADAMTS6	1921	1404	328	816	457	1474	482	4	2045
ADAMTS7	10	12	4	9	8	6	1	0	9
ADAMTS7P1	1	0	0	2	0	0	0	0	0
ADAMTS7P3	3	2	0	0	1	0	0	0	0
ADAMTS8	11	11	5	9	3	6	1	0	6
ADAMTS9	11	10	3	6	1	8	0	0	14
ADAMTS9-AS1	0	0	0	0	0	1	0	0	0
ADAMTS9-AS2	11	8	0	5	152	3	2	0	2
ADAMTSL1	209	247	44	105	78	170	92	0	329
ADAMTSL2	4	1	0	2	1	1	3	0	1
ADAMTSL3	62	43	6	17	14	18	14	1	22
ADAMTSL4	5	6	1	2	0	1	1	0	4
ADAMTSL4-AS1	2	1	0	0	1	2	1	0	3
ADAMTSL4-AS2	9	4	0	4	2	4	0	0	2
ADAMTSL5	14	12	5	7	2	9	4	0	7
ADAP1	18	8	2	9	3	5	0	0	2
ADAP2	7	11	3	6	8	11	4	0	11
ADAR	489	310	49	246	109	160	67	0	233
ADARB1	2775	1601	261	968	524	941	425	4	1285
ADARB2	130	62	9	45	34	29	18	0	37
ADARB2-AS1	0	0	0	1	0	0	0	0	1
ADAT1	59	30	9	15	13	19	12	0	42
ADAT2	128	81	25	46	28	77	12	0	69
ADAT3	10	4	3	6	3	2	3	0	4
ADCK1	35	25	3	23	16	29	9	0	43
ADCK2	6	4	0	7	2	2	2	0	1
ADCK5	29	23	2	16	6	9	3	1	8
ADCY1	11	1	0	2	1	1	2	0	3
ADCY10	4	25	1	4	2	0	2	0	3
ADCY10P1	15	5	3	4	3	8	1	0	13
ADCY2	17	12	1	8	4	8	4	0	9
ADCY3	231	159	26	90	26	83	34	0	97
ADCY4	1	0	0	1	0	0	1	0	0
ADCY5	11	4	0	8	5	5	3	0	6
ADCY6	101	76	14	50	23	39	33	0	65
ADCY6-DT	0	1	0	0	0	1	1	0	0
ADCY7	199	117	26	60	54	73	31	2	81
ADCY8	7	3	2	1	2	1	2	0	4
ADCY9	583	320	66	372	135	215	99	0	228
ADCYAP1	2	0	0	0	0	0	0	0	0
ADCYAP1R1	1	0	0	0	0	2	1	0	0
ADD1	208	112	25	71	42	70	36	0	93
ADD2	6	5	4	1	1	3	1	0	2
ADD3	185	164	31	87	44	121	35	0	147
ADD3-AS1	9	7	1	3	0	2	4	0	2
ADGB	11	6	3	8	1	7	3	0	4
ADGRA1	6	1	0	0	1	0	0	0	0
ADGRA1-AS1	1	0	0	0	1	0	0	0	0
ADGRA2	34	18	4	14	8	17	11	0	35
ADGRA3	378	324	68	155	121	248	84	3	379
ADGRB1	10	5	5	2	1	1	4	0	3
ADGRB2	122	73	12	47	22	39	40	0	54
ADGRB3	464	532	100	264	163	495	147	1	701
ADGRB3-DT	3	0	0	0	0	1	0	0	3
ADGRD1	687	691	117	291	191	342	255	0	556
ADGRD2	1	1	0	1	0	0	1	0	1
ADGRE1	2	1	0	4	1	1	0	0	2
ADGRE2	55	28	7	27	9	32	13	1	25
ADGRE3	6	3	0	1	1	2	0	0	1
ADGRE5	356	159	44	104	42	76	29	0	89
ADGRF1	1	1	0	0	1	1	0	0	0
ADGRF2	1	1	0	2	1	1	0	0	0
ADGRF3	6	2	2	2	3	7	1	0	3
ADGRF4	1	0	0	1	0	0	0	0	1
ADGRF5	3	1	0	1	0	1	1	0	2
ADGRF5-AS1	0	0	0	1	1	0	0	0	0
ADGRF5P1	0	0	0	1	0	0	0	0	0
ADGRG1	303	172	30	139	65	104	85	1	145
ADGRG2	46	23	8	21	9	13	9	0	20
ADGRG3	0	0	0	0	0	1	0	0	0
ADGRG4	1	4	1	6	0	0	0	0	1
ADGRG5	0	3	0	2	2	1	0	0	0
ADGRG6	92	34	8	42	14	31	7	0	29
ADGRG7	3	0	0	1	1	1	0	0	1
ADGRL1	55	51	9	14	13	25	13	0	41
ADGRL1-AS1	32	30	3	8	6	9	6	0	21
ADGRL2	109	76	18	48	19	82	28	0	90
ADGRL3	35	28	11	8	15	31	9	0	53
ADGRL3-AS1	3	3	1	1	0	1	0	0	0
ADGRL4	24	18	3	9	2	8	5	0	15
ADGRV1	29	29	2	13	7	12	1	0	18
ADH1A	2	0	0	0	0	0	0	0	0
ADH1C	1	0	0	1	0	0	0	0	0
ADH4	1	0	0	0	0	0	0	0	1
ADH5	112	63	7	53	27	36	23	1	64
ADH5P2	0	0	0	0	0	1	0	0	0
ADH5P3	0	0	0	0	1	0	0	0	0
ADH5P5	1	1	0	0	0	1	0	0	0
ADH6	0	0	0	1	0	0	0	0	0
ADH7	0	0	0	0	0	1	1	0	0
ADHFE1	0	0	0	0	1	1	0	0	0
ADI1	79	51	7	38	18	24	19	0	72
ADIPOQ	0	0	0	0	0	0	0	0	1
ADIPOQ-AS1	0	0	0	0	1	0	0	0	0
ADIPOR1	129	93	13	49	41	63	18	0	63
ADIPOR2	305	363	62	174	108	262	52	0	392
ADIRF	3	0	0	0	0	1	0	0	0
ADIRF-AS1	44	13	3	10	8	9	6	0	14
ADK	1380	870	180	518	302	857	219	4	1069
ADM	160	29	5	37	5	17	7	0	6
ADM-DT	5	1	0	0	0	1	0	0	0
ADM2	16	8	2	8	4	9	2	0	4
ADM5	6	3	3	1	5	1	2	0	5
ADNP	788	568	131	315	210	386	143	2	551
ADNP-AS1	4	7	1	3	2	4	2	0	4
ADNP2	254	163	29	102	44	142	35	1	136
ADO	48	27	2	19	10	15	8	0	18
ADORA1	1	4	0	1	0	1	3	0	1
ADORA2A	1	1	0	0	0	0	0	0	0
ADORA2A-AS1	21	5	0	13	3	1	3	0	3
ADORA2B	82	42	6	24	17	16	9	0	26
ADPGK	236	149	22	82	41	103	36	0	111
ADPGK-AS1	2	2	0	1	1	1	0	0	1
ADPRH	5	0	0	1	0	0	0	0	0
ADPRHL1	31	13	1	10	6	9	3	0	15
ADPRM	33	8	1	8	1	12	3	0	9
ADPRS	26	20	3	11	3	12	10	0	15
ADRA1A	4	3	0	0	0	2	1	0	1
ADRA1B	62	31	11	27	12	20	21	0	39
ADRA1D	4	1	1	0	0	1	0	0	1
ADRA2A	241	180	37	99	52	120	50	0	150
ADRA2B	0	1	0	2	0	0	0	0	0
ADRA2C	1	1	2	0	0	1	0	0	0
ADRB1	6	5	0	1	1	2	1	0	2
ADRB2	35	8	0	8	1	6	2	0	10
ADRM1	207	101	27	59	30	47	23	0	46
ADSL	116	60	14	64	23	39	16	0	63
ADSS1	67	53	9	23	16	21	29	1	49
ADSS2	353	191	24	122	64	156	35	0	193
ADTRP	6	4	0	6	1	6	1	0	0
AEBP1	1	1	0	0	1	0	0	0	0
AEBP2	504	427	67	242	161	327	101	2	514
AEN	130	68	14	45	21	43	16	0	44
AFAP1	631	526	112	268	173	325	154	0	575
AFAP1-AS1	0	0	0	1	0	1	0	0	0
AFAP1L1	32	27	1	11	4	12	2	0	6
AFAP1L2	5	0	0	1	0	0	0	0	1
AFDN	137	93	12	47	29	53	23	0	80
AFDN-DT	1	0	0	0	0	0	0	0	0
AFF1	778	497	95	287	172	378	147	0	514
AFF2	20	5	0	6	2	8	4	0	12
AFF3	53	36	6	30	14	16	18	0	33
AFF4	599	357	58	245	136	302	92	2	430
AFF4-DT	4	0	0	2	0	0	0	0	0
AFG1L	126	100	24	45	33	71	28	0	83
AFG3L1P	125	62	22	42	23	62	15	0	61
AFG3L2	234	143	34	90	61	105	34	0	122
AFM	2	1	0	0	0	0	0	0	1
AFMID	112	82	16	52	30	46	26	0	70
AFP	0	0	0	1	0	0	0	0	1
AFTPH	91	58	11	37	24	46	7	0	85
AFTPH-DT	1	3	0	3	0	1	0	0	0
AGA	16	13	1	7	9	13	2	0	8
AGA-DT	26	16	0	7	5	14	5	0	8
AGAP1	2375	1594	295	887	523	923	385	6	1111
AGAP1-IT1	5	4	0	1	1	1	2	0	1
AGAP10P	4	4	0	2	0	2	1	0	2
AGAP13P	7	1	0	3	1	4	0	0	5
AGAP14P	1	0	0	3	0	1	1	0	1
AGAP2	2	0	0	2	1	1	0	0	0
AGAP2-AS1	4	1	1	1	3	1	0	0	5
AGAP3	190	105	21	57	39	75	34	0	75
AGAP4	13	8	2	5	5	2	2	0	12
AGAP5	2	1	1	3	0	1	0	0	0
AGAP6	2	8	0	5	4	10	2	0	4
AGAP7P	0	0	0	1	0	0	0	0	0
AGAP9	3	0	1	1	1	1	0	0	0
AGBL1	86	150	21	33	50	92	41	1	194
AGBL1-AS1	0	0	0	1	0	0	0	0	1
AGBL2	7	9	2	4	4	4	2	0	3
AGBL3	29	17	3	8	4	12	5	0	18
AGBL4	109	72	4	34	20	47	19	0	51
AGBL5	225	282	27	195	65	103	64	0	136
AGBL5-AS1	1	0	0	0	0	0	0	0	0
AGER	3	2	1	2	0	0	1	0	3
AGFG1	493	310	61	197	93	314	99	1	318
AGFG2	47	51	9	27	10	31	11	0	42
AGGF1	36	17	3	6	4	12	4	0	17
AGK	194	124	21	72	33	79	24	0	105
AGK-DT	2	1	0	0	0	0	0	0	2
AGKP1	0	0	0	1	0	0	0	0	0
AGKP2	0	1	0	0	0	0	0	0	0
AGL	157	133	19	83	52	105	45	0	124
AGMAT	21	14	3	5	5	13	6	0	5
AGMO	17	11	4	5	2	8	2	0	20
AGO1	181	109	37	102	35	66	28	0	89
AGO2	1707	1011	174	575	357	566	232	3	749
AGO3	389	257	57	190	113	260	57	0	377
AGO4	44	44	9	28	8	17	13	0	21
AGPAT1	66	46	10	39	13	30	13	1	37
AGPAT2	45	23	5	17	12	13	4	0	7
AGPAT3	245	139	33	98	57	96	55	0	106
AGPAT4	189	170	14	65	50	99	49	1	109
AGPAT5	294	162	22	114	69	125	42	0	129
AGPAT5P1	0	1	0	0	0	0	0	0	0
AGPS	1033	635	136	472	256	523	151	0	616
AGR2	1	1	0	1	0	0	0	0	0
AGR3	2	0	0	0	0	0	0	0	0
AGRN	732	360	80	261	119	184	106	1	251
AGT	1	3	0	1	0	0	0	0	1
AGTPBP1	312	238	57	151	87	205	53	0	253
AGTR1	11	1	1	2	0	2	1	0	0
AGTR2	0	0	0	1	2	1	0	0	0
AGTRAP	43	30	8	12	6	10	18	0	12
AGXT	1	0	0	0	0	0	0	0	0
AGXT2	3	2	0	0	0	0	0	0	0
AHCTF1	439	276	47	183	124	233	58	2	279
AHCTF1P1	1	0	0	0	0	1	0	0	2
AHCY	237	137	31	93	45	84	38	0	117
AHCYL1	311	281	51	165	95	188	69	2	255
AHCYL2	281	174	46	125	80	156	39	0	227
AHCYP4	0	0	0	1	0	0	0	0	0
AHDC1	194	141	29	77	46	80	48	1	92
AHI1	410	350	83	188	119	308	75	1	489
AHI1-DT	20	15	2	8	6	13	4	0	18
AHNAK	3968	2091	320	1045	781	915	616	8	1235
AHNAK2	389	224	42	121	87	125	131	3	279
AHR	340	234	53	161	108	185	43	1	222
AHRR	28	7	8	16	3	9	8	0	16
AHSA1	198	108	25	85	47	63	23	0	89
AHSA2P	134	133	21	56	49	68	32	0	120
AHSG	0	0	0	0	0	0	1	0	0
AICDA	1	0	0	0	0	0	0	0	0
AIDA	63	43	8	27	10	24	7	0	35
AIDAP2	0	0	1	1	0	0	0	0	0
AIF1	1	0	0	0	0	0	0	0	0
AIF1L	23	22	3	13	4	10	5	0	14
AIFM1	101	70	13	40	14	36	12	0	49
AIFM1P1	0	0	0	1	0	0	0	0	0
AIFM2	89	64	10	30	29	33	15	0	46
AIFM3	2	0	0	2	0	1	0	0	1
AIG1	254	240	44	101	73	157	55	0	219
AIM2	2	5	0	5	1	3	2	0	3
AIMP1	130	85	25	69	27	72	14	0	80
AIMP2	179	130	20	75	43	43	25	0	69
AIP	61	27	1	22	9	17	4	0	22
AIPL1	13	1	1	2	3	1	2	0	2
AIRE	1	1	0	1	0	0	0	0	0
AIRN	0	1	0	0	0	0	0	0	0
AJAP1	12	6	1	8	4	3	2	0	3
AJM1	22	17	5	7	8	6	5	1	9
AJUBA	78	15	3	13	7	7	8	0	6
AJUBA-DT	8	3	0	2	1	5	0	0	4
AK1	23	17	2	14	2	14	6	0	16
AK2	438	232	47	176	98	162	52	0	207
AK3	278	181	41	123	70	140	72	0	245
AK3P3	1	1	0	0	0	0	0	0	0
AK4	161	71	11	69	31	59	19	0	43
AK4P1	0	0	0	0	0	0	0	0	1
AK4P3	4	3	0	2	0	1	0	0	4
AK5	40	24	3	11	12	25	7	0	29
AK6	105	82	16	46	23	66	13	0	71
AK7	9	12	1	3	0	3	1	0	3
AK8	9	9	0	6	2	4	0	0	0
AK9	13	14	4	8	1	11	4	0	3
AKAIN1	2	4	1	0	1	0	0	0	0
AKAP1	199	137	30	77	48	79	28	0	117
AKAP1-DT	2	3	0	0	0	0	1	0	0
AKAP10	230	156	32	102	72	156	34	0	258
AKAP11	262	196	35	116	74	152	52	0	185
AKAP12	322	215	50	80	79	153	32	0	184
AKAP13	1286	821	174	461	281	605	174	1	749
AKAP13-AS1	1	1	0	2	0	0	0	0	2
AKAP14	4	2	2	2	0	0	1	0	0
AKAP17A	65	37	6	26	6	18	9	0	26
AKAP3	3	5	0	0	0	4	2	0	3
AKAP4	1	0	0	0	0	0	0	0	0
AKAP5	9	5	1	1	2	4	1	0	6
AKAP6	36	28	5	15	8	13	11	0	29
AKAP7	64	36	11	14	11	29	9	1	29
AKAP8	148	74	14	40	22	50	27	1	54
AKAP8L	180	123	28	53	51	85	31	0	148
AKAP9	379	270	56	130	103	257	84	1	290
AKIP1	25	5	2	18	6	5	1	0	10
AKIRIN1	142	71	19	57	39	74	34	0	75
AKIRIN2	166	107	33	63	36	71	21	0	125
AKNA	78	32	10	19	11	17	3	0	31
AKNAD1	26	19	5	16	12	33	4	0	28
AKR1A1	94	62	13	36	24	41	17	0	48
AKR1B1	183	84	6	56	29	44	35	0	48
AKR1B10	1	0	0	1	0	0	0	0	0
AKR1B15	1	0	0	0	0	0	0	0	0
AKR1B1P2	1	0	0	0	0	0	0	0	0
AKR1B1P3	0	0	0	1	0	0	0	0	0
AKR1C1	17	13	3	11	9	10	3	0	15
AKR1C2	101	70	9	40	15	47	12	0	49
AKR1C3	74	64	11	49	30	49	37	0	62
AKR1C4	1	0	0	0	1	0	2	0	0
AKR1C5P	1	1	0	1	1	0	1	0	2
AKR1C7P	2	3	0	2	1	1	1	0	5
AKR1C8	2	2	0	1	0	0	0	0	1
AKR1D1	3	0	0	0	0	2	1	0	1
AKR1E2	3	5	0	1	1	2	2	0	2
AKR7A2	43	33	6	23	8	20	9	0	25
AKR7A3	2	2	0	1	1	1	2	0	0
AKR7L	4	3	0	3	1	0	4	0	3
AKT1	122	114	16	58	25	48	31	0	64
AKT1S1	192	102	21	93	45	65	31	1	91
AKT2	357	251	33	151	73	113	82	1	201
AKT3	50	43	7	25	14	33	11	0	34
AKTIP	5	7	1	7	2	2	2	0	5
ALAD	44	33	1	17	8	17	8	0	31
ALAS1	116	64	13	57	21	47	21	1	43
ALAS2	0	0	0	0	0	0	0	0	1
ALB	0	0	0	1	0	0	0	0	0
ALCAM	622	196	28	164	68	158	48	0	149
ALDH16A1	66	28	4	25	5	21	3	0	24
ALDH18A1	200	87	18	69	30	72	27	0	89
ALDH1A1	7	0	0	0	2	2	2	0	3
ALDH1A2	44	17	5	11	7	18	4	0	17
ALDH1A2-AS1	0	0	0	1	0	0	0	0	0
ALDH1A3	30	13	3	7	4	11	4	0	7
ALDH1A3-AS1	6	8	2	1	6	1	2	0	3
ALDH1B1	105	71	12	79	23	54	19	0	61
ALDH1L1	6	3	0	3	0	0	2	0	3
ALDH1L1-AS1	1	0	0	0	0	0	0	0	0
ALDH1L1-AS2	3	1	0	0	0	0	1	0	0
ALDH1L2	41	34	6	18	15	23	8	0	22
ALDH2	62	27	7	18	10	22	7	0	19
ALDH3A1	95	53	23	50	21	47	29	0	63
ALDH3A2	308	258	38	149	105	135	67	1	211
ALDH3B1	124	85	22	43	23	50	43	0	66
ALDH3B2	0	1	0	0	0	0	0	0	0
ALDH4A1	17	14	2	5	0	9	7	0	8
ALDH5A1	13	21	1	6	0	4	4	0	20
ALDH6A1	14	15	2	9	8	10	6	0	19
ALDH7A1	152	97	14	62	31	65	33	0	86
ALDH7A1P1	1	1	1	0	1	2	0	0	0
ALDH7A1P2	1	0	0	0	0	0	0	0	0
ALDH8A1	6	4	0	3	3	3	1	0	7
ALDH9A1	103	68	9	36	16	39	16	0	70
ALDOA	758	403	83	290	129	263	133	2	314
ALDOAP1	1	1	0	1	1	0	0	0	0
ALDOAP2	0	0	0	1	0	0	0	0	0
ALDOB	0	1	0	0	1	0	0	0	0
ALDOC	17	14	1	1	6	2	3	0	7
ALG1	65	45	12	25	16	30	14	0	23
ALG10	26	23	2	14	6	16	11	0	21
ALG10B	45	53	7	25	15	45	7	0	51
ALG11	70	58	8	29	16	31	13	0	39
ALG12	47	25	7	22	12	29	15	0	31
ALG13	278	306	51	164	97	229	57	0	405
ALG14	96	39	15	21	22	36	13	0	56
ALG1L2	2	2	0	0	1	1	0	0	0
ALG1L9P	22	18	4	12	3	20	7	0	18
ALG2	48	30	6	20	16	16	7	0	26
ALG3	122	63	12	42	27	54	21	0	54
ALG3P1	0	0	0	1	0	0	0	0	0
ALG5	106	52	8	32	29	32	9	0	60
ALG6	76	58	18	35	23	62	19	0	62
ALG8	250	161	36	102	53	148	37	0	166
ALG9	8	22	3	12	9	18	4	0	26
ALG9-IT1	1	0	0	0	0	0	0	0	0
ALK	25	13	1	13	4	7	3	0	8
ALKAL1	2	2	0	0	0	0	0	0	0
ALKAL2	1	0	0	1	0	0	0	0	1
ALKBH1	72	40	16	35	14	43	9	0	39
ALKBH2	40	22	5	15	10	5	7	0	14
ALKBH3	46	36	3	20	15	23	5	0	29
ALKBH3-AS1	0	0	0	1	0	0	0	0	0
ALKBH4	13	7	3	13	2	9	0	0	7
ALKBH5	247	170	31	111	59	92	45	0	131
ALKBH6	7	5	2	5	4	3	3	0	2
ALKBH7	6	6	1	3	2	2	0	0	3
ALKBH8	45	23	11	22	17	24	4	0	30
ALLC	1	0	0	1	0	1	0	0	0
ALMS1	313	209	54	156	78	204	49	0	239
ALMS1-IT1	3	2	1	3	0	2	0	0	3
ALMS1P1	0	3	1	0	1	1	0	0	2
ALOX12	0	0	0	0	0	0	1	0	0
ALOX12-AS1	80	53	13	41	12	33	13	0	59
ALOX12B	0	1	0	1	0	1	0	0	0
ALOX12P1	3	1	1	0	1	0	0	0	1
ALOX12P2	5	1	1	0	1	3	0	0	2
ALOX15	1	0	0	0	0	0	0	0	0
ALOX15B	0	0	1	0	0	0	0	0	0
ALOX15P2	1	1	0	0	0	0	0	0	0
ALOX5	3	6	0	5	0	1	2	0	2
ALOX5AP	5	0	0	1	0	0	0	0	0
ALOXE3	3	0	0	0	0	0	0	0	0
ALOXE3P1	1	5	0	1	1	1	0	0	2
ALPI	1	3	1	1	0	1	3	0	6
ALPK1	79	52	15	46	20	41	14	0	86
ALPK2	22	6	1	5	4	7	5	0	7
ALPK3	11	8	1	4	2	3	2	0	12
ALPL	475	343	67	185	99	199	107	0	221
ALPP	0	0	0	2	0	0	0	0	1
ALS2	110	73	20	34	25	70	15	0	94
ALS2CL	33	14	1	7	3	4	0	0	9
ALX1	11	6	0	1	2	4	1	0	8
ALX3	1	0	0	2	0	0	1	0	1
ALX4	3	3	0	1	1	1	0	0	0
ALYREF	187	98	21	100	36	52	29	0	69
AMACR	5	7	1	2	3	3	3	0	3
AMBN	1	0	0	0	0	0	0	0	0
AMBP	2	0	0	1	0	2	0	0	1
AMBRA1	541	314	61	195	110	268	78	0	319
AMD1	272	153	32	123	58	118	41	0	137
AMD1P3	3	3	0	2	2	2	0	0	0
AMDHD1	2	3	1	0	1	1	1	0	2
AMDHD2	55	32	11	15	9	14	8	0	15
AMELY	4	1	0	0	0	0	0	0	0
AMER1	45	35	6	18	19	28	11	0	26
AMER3	1	0	0	1	0	0	0	0	0
AMFR	85	51	15	30	14	32	12	0	46
AMH	18	19	4	8	5	6	7	0	13
AMIGO1	7	6	1	3	1	2	0	0	7
AMIGO2	124	31	7	39	10	21	2	0	17
AMIGO3	6	8	0	4	1	5	3	0	3
AMMECR1	424	286	57	183	97	214	78	0	299
AMMECR1-IT1	0	0	0	0	0	1	0	0	0
AMMECR1L	105	57	10	40	21	40	13	0	56
AMMECR1LP1	9	9	2	7	1	5	2	0	6
AMN	6	2	1	1	2	1	0	0	2
AMN1	21	16	3	4	6	12	2	0	16
AMOT	19	16	5	4	4	19	4	0	17
AMOTL1	247	170	30	90	60	98	35	0	128
AMOTL2	433	159	32	118	72	94	32	1	102
AMPD1	2	0	0	0	0	0	0	0	0
AMPD2	156	72	7	46	22	28	15	0	51
AMPD3	46	18	2	17	5	9	3	0	15
AMPH	13	2	2	2	1	2	2	0	2
AMTN	5	1	0	1	1	0	1	0	2
AMY2A	0	3	0	1	1	0	0	0	1
AMY2B	12	7	2	10	5	11	3	0	19
AMZ1	7	6	2	4	0	2	1	0	5
AMZ2	45	35	3	20	11	24	11	0	38
AMZ2P1	4	6	1	4	1	5	2	0	5
AMZ2P3	0	0	0	0	0	0	0	0	1
ANAPC1	206	159	17	79	45	91	29	1	131
ANAPC10	10	3	0	2	2	3	0	0	3
ANAPC10P1	1	1	0	0	0	2	0	0	1
ANAPC11	40	31	7	19	7	13	8	0	23
ANAPC13	48	33	7	20	11	18	10	0	26
ANAPC15	41	29	4	22	7	13	3	0	9
ANAPC16	91	93	14	38	24	60	25	0	96
ANAPC1P1	3	1	0	1	1	0	0	0	0
ANAPC1P2	17	14	5	10	3	11	0	0	14
ANAPC1P3	0	0	0	0	0	0	0	0	1
ANAPC1P4	0	0	0	0	0	1	0	0	0
ANAPC1P5	0	0	0	0	0	0	0	0	1
ANAPC1P6	1	0	0	0	0	0	0	0	0
ANAPC2	156	104	25	63	27	37	31	0	62
ANAPC4	117	94	14	39	21	66	22	0	89
ANAPC5	221	187	31	92	74	150	49	0	192
ANAPC7	169	110	17	73	30	75	23	0	87
ANG	1	1	0	1	0	2	0	0	0
ANGEL1	22	31	4	15	5	12	5	0	10
ANGEL2	93	53	14	45	21	43	11	0	64
ANGPT1	65	56	17	30	18	63	16	0	61
ANGPT2	9	0	0	2	0	2	2	0	0
ANGPT4	3	0	0	0	0	0	0	0	1
ANGPTL2	1	0	0	1	1	1	0	0	1
ANGPTL3	1	0	0	0	0	0	0	0	0
ANGPTL4	8	2	0	2	1	1	1	0	1
ANGPTL5	1	0	1	1	1	1	0	0	0
ANGPTL6	3	1	0	0	0	1	0	0	0
ANGPTL7	0	0	0	1	0	0	0	0	0
ANGPTL8	0	0	0	1	0	0	0	0	0
ANK1	12	7	0	3	3	2	1	0	1
ANK2	22	23	1	7	3	5	3	0	14
ANK2-AS1	4	2	0	1	1	5	1	0	2
ANK3	78	110	21	45	44	85	38	0	121
ANKAR	52	35	3	23	18	27	3	0	45
ANKDD1A	11	8	2	2	6	5	2	0	23
ANKDD1B	7	9	3	1	3	2	1	0	9
ANKEF1	22	16	6	5	4	8	3	0	14
ANKFN1	22	16	2	7	4	12	5	0	16
ANKFY1	373	265	44	165	109	213	66	1	238
ANKH	898	527	108	330	202	384	143	0	432
ANKH-DT	1	0	0	0	0	0	2	0	0
ANKHD1	12	9	1	7	8	7	1	0	5
ANKHD1-DT	20	15	1	0	8	9	4	0	11
ANKHD1-EIF4EBP3	585	408	81	257	145	332	119	1	446
ANKIB1	462	325	71	196	115	301	73	2	327
ANKK1	1	0	0	0	1	0	0	0	0
ANKLE1	25	18	4	15	9	3	9	0	14
ANKLE2	617	310	44	204	116	150	80	1	235
ANKMY1	168	123	26	56	50	86	25	0	115
ANKMY2	67	51	14	27	29	36	18	1	53
ANKRA2	14	7	2	4	6	12	3	0	11
ANKRD1	6	0	0	2	2	0	0	0	0
ANKRD10	508	336	73	175	125	287	69	0	422
ANKRD10-IT1	20	14	4	7	8	15	5	0	20
ANKRD11	2306	1307	251	767	449	707	321	3	924
ANKRD11P1	1	1	1	0	0	0	0	0	0
ANKRD12	195	131	27	78	46	101	27	0	137
ANKRD13A	55	40	6	20	12	31	10	0	51
ANKRD13B	65	26	7	23	14	21	11	0	26
ANKRD13C	213	168	30	107	55	175	38	0	247
ANKRD13D	76	66	16	27	22	34	18	0	56
ANKRD16	26	22	6	7	9	11	6	0	16
ANKRD17	1294	852	180	542	320	784	246	2	994
ANKRD17-DT	16	12	1	9	2	8	1	0	10
ANKRD18A	195	119	22	70	38	41	22	2	101
ANKRD18B	129	67	10	57	27	50	19	0	75
ANKRD18CP	12	9	1	4	2	9	1	0	9
ANKRD18DP	0	0	0	1	0	1	1	0	0
ANKRD2	1	0	0	0	0	1	0	0	0
ANKRD20A1	1	0	0	0	0	0	0	0	1
ANKRD20A11P	1	1	1	0	1	0	2	0	2
ANKRD20A18P	1	0	0	0	0	1	0	0	1
ANKRD20A21P	0	2	0	2	0	1	1	0	2
ANKRD20A4P	0	1	0	0	0	0	0	0	0
ANKRD20A5P	3	2	0	0	0	0	0	0	1
ANKRD20A8P	1	1	0	0	0	0	0	0	0
ANKRD20A9P	7	3	0	4	2	6	3	0	4
ANKRD22	2	2	0	1	1	0	1	0	1
ANKRD23	32	13	3	7	6	9	3	0	15
ANKRD24	9	3	5	6	3	1	0	0	2
ANKRD26	134	117	25	63	35	89	28	1	114
ANKRD26P1	1	2	1	0	0	0	0	0	2
ANKRD26P3	5	0	1	0	1	1	0	0	4
ANKRD26P4	0	1	0	0	1	1	0	0	1
ANKRD27	169	107	30	75	49	94	37	1	81
ANKRD28	954	393	91	331	141	357	84	1	360
ANKRD29	37	43	10	19	19	40	13	0	54
ANKRD30A	2	1	0	0	0	1	0	0	0
ANKRD30B	11	6	1	2	1	9	2	0	9
ANKRD30BL	1504	1156	70	245	140	265	179	0	1084
ANKRD30BP1	2	0	0	0	1	0	1	0	0
ANKRD30BP2	3	1	0	3	2	0	1	0	0
ANKRD30BP3	1	0	0	0	0	0	0	0	0
ANKRD31	11	7	1	5	3	4	0	0	5
ANKRD33	1	0	0	0	0	0	0	0	0
ANKRD33B	216	89	15	68	28	53	33	0	94
ANKRD34A	8	8	0	1	1	4	4	0	2
ANKRD34B	0	0	0	1	1	0	0	0	0
ANKRD34C-AS1	34	5	0	2	3	5	2	0	2
ANKRD35	2	1	0	1	0	0	3	0	1
ANKRD36	201	151	24	87	51	113	37	0	152
ANKRD36B	43	25	3	16	5	21	12	0	17
ANKRD36BP1	0	0	0	0	0	0	0	0	1
ANKRD36BP2	1	7	2	4	6	4	1	0	5
ANKRD36C	78	74	15	28	31	68	29	0	107
ANKRD36P1	3	0	0	0	0	0	0	0	0
ANKRD37	18	12	0	6	5	3	2	0	10
ANKRD39	9	7	1	4	4	4	1	0	2
ANKRD40	123	64	10	39	10	53	19	0	54
ANKRD40CL	2	0	0	0	0	0	0	0	0
ANKRD42	53	34	7	23	8	13	9	0	32
ANKRD42-DT	48	37	10	18	7	32	4	0	29
ANKRD44	253	174	28	93	51	116	45	0	149
ANKRD44-IT1	3	0	1	0	2	0	0	0	0
ANKRD46	45	27	3	17	6	18	4	0	24
ANKRD49	15	10	2	5	10	10	3	0	13
ANKRD49P1	0	1	1	1	0	0	0	0	5
ANKRD49P2	1	0	0	0	1	0	0	0	1
ANKRD50	266	155	21	103	56	113	33	0	121
ANKRD52	215	121	26	91	34	69	38	0	109
ANKRD53	0	0	0	0	0	0	0	0	1
ANKRD54	32	22	5	15	9	15	4	0	24
ANKRD55	1	2	0	5	2	1	0	0	1
ANKRD6	5	4	0	2	3	1	1	0	2
ANKRD60	2	1	0	3	1	1	0	0	0
ANKRD61	1	0	0	0	0	0	0	0	0
ANKRD62	9	6	0	1	2	2	3	0	7
ANKRD62P1-PARP4P3	1	1	0	1	0	1	0	0	0
ANKRD63	0	2	2	0	0	0	1	0	0
ANKRD65	0	0	0	1	0	0	1	0	0
ANKRD65-AS1	0	0	0	0	0	0	0	0	1
ANKRD7	15	9	3	7	1	5	1	0	3
ANKRD9	31	32	4	9	7	9	6	0	14
ANKS1A	460	364	62	184	94	227	101	1	260
ANKS1B	229	166	27	120	58	136	62	3	288
ANKS3	84	63	18	38	34	45	16	0	55
ANKS4B	1	1	0	0	0	0	0	0	0
ANKS6	103	58	12	35	21	44	8	0	33
ANKUB1	40	25	7	23	7	28	4	0	22
ANKZF1	75	44	12	35	14	28	6	0	42
ANLN	721	389	80	301	151	330	89	0	482
ANO1	19	5	1	5	0	3	0	0	7
ANO10	322	292	50	138	93	196	83	0	225
ANO2	15	7	2	12	2	2	3	0	9
ANO3	17	6	2	8	3	10	5	0	14
ANO3-AS1	2	1	0	1	0	0	0	0	0
ANO4	341	244	49	132	73	171	51	1	183
ANO5	9	26	2	9	8	15	9	0	17
ANO6	622	386	74	233	138	284	100	1	359
ANO7	12	18	4	4	5	8	4	0	7
ANO7L1	0	1	1	3	0	2	0	0	1
ANO8	31	24	9	13	12	17	10	0	25
ANO9	9	2	1	1	0	2	2	0	3
ANOS1	134	154	31	62	45	140	67	0	187
ANOS2P	3	1	0	1	0	0	1	0	0
ANP32A	401	242	45	168	75	135	50	2	168
ANP32AP1	3	1	1	0	0	0	0	0	2
ANP32B	540	290	40	199	113	208	61	1	232
ANP32BP1	0	1	0	1	0	0	0	0	0
ANP32C	1	0	0	1	0	0	0	0	2
ANP32E	238	135	19	105	64	103	29	0	124
ANPEP	30	20	2	7	1	14	3	0	9
ANTKMT	14	9	1	4	2	4	4	0	3
ANTXR1	1838	1203	247	760	427	770	292	2	927
ANTXR2	80	17	3	17	8	12	3	0	5
ANTXRL	0	0	1	0	0	2	0	0	1
ANTXRLP1	0	2	0	1	0	0	0	0	0
ANXA1	549	257	33	210	76	155	59	1	182
ANXA10	20	8	0	6	4	3	3	0	9
ANXA11	219	143	22	74	42	85	52	0	126
ANXA13	2	0	0	2	0	2	0	0	0
ANXA2	1756	761	145	595	297	536	224	3	765
ANXA2P1	2	0	0	1	1	0	0	0	0
ANXA2P2	8	5	0	1	1	2	2	0	4
ANXA2R	13	10	1	5	3	1	1	0	1
ANXA2R-AS1	58	46	14	38	20	35	13	0	46
ANXA2R-OT1	160	99	17	62	28	55	25	0	81
ANXA3	346	100	21	89	39	92	18	0	60
ANXA4	80	67	6	43	29	49	25	1	46
ANXA5	635	341	60	201	106	208	61	0	276
ANXA6	134	117	25	56	40	83	37	0	90
ANXA7	163	97	24	56	30	75	22	0	93
ANXA8	6	2	0	0	0	0	0	0	0
ANXA8L1	1	1	0	1	0	1	0	0	0
ANXA9	2	1	0	1	0	0	0	0	0
AOAH	11	3	0	0	1	1	0	0	9
AOC1	8	4	1	4	1	1	1	0	1
AOC2	14	13	1	2	2	3	1	0	2
AOC3	2	2	0	0	0	0	0	0	4
AOC4P	1	0	0	0	0	0	0	0	1
AOPEP	1515	799	131	580	290	583	214	1	710
AOX1	11	2	0	5	3	3	2	0	9
AOX2P	6	2	0	2	0	3	0	0	3
AOX3P	3	1	2	1	1	1	1	0	1
AP1AR	121	85	13	55	25	72	12	0	87
AP1AR-DT	4	1	0	1	0	1	0	0	1
AP1B1	139	85	28	45	33	43	21	0	71
AP1B1P1	1	0	0	0	0	0	0	0	0
AP1G1	284	184	40	145	67	160	45	1	226
AP1G2	52	36	6	12	11	11	14	1	20
AP1G2-AS1	5	14	4	7	4	6	3	0	8
AP1M1	147	106	26	61	47	53	36	1	105
AP1M2	7	6	1	1	0	2	1	0	7
AP1S1	43	34	6	18	10	12	12	0	18
AP1S2	40	36	3	23	11	21	6	0	31
AP1S3	146	146	28	87	57	113	43	0	146
AP2A1	170	107	22	77	34	42	24	0	95
AP2A2	245	132	25	88	36	62	46	1	95
AP2B1	704	475	86	298	150	356	136	0	386
AP2B1P1	0	0	1	0	0	0	0	0	0
AP2M1	247	148	36	126	53	106	52	1	132
AP2S1	104	59	8	37	16	26	22	0	37
AP3B1	483	356	69	208	124	277	81	3	371
AP3B2	12	6	3	7	1	2	0	0	2
AP3D1	306	159	41	126	54	87	57	1	122
AP3M1	145	80	12	52	26	67	25	0	65
AP3M2	36	21	3	13	7	24	4	0	25
AP3S1	216	162	26	86	41	112	21	0	139
AP3S2	9	6	1	5	3	5	4	0	6
AP4B1	54	33	4	19	10	15	9	0	27
AP4B1-AS1	0	1	0	1	0	0	1	0	0
AP4E1	139	99	20	63	32	80	25	0	84
AP4M1	25	21	3	18	3	7	3	0	15
AP4S1	48	21	5	17	10	27	9	0	28
AP5B1	47	30	6	21	9	13	7	0	7
AP5M1	101	65	9	43	20	56	13	1	95
AP5S1	10	6	2	5	3	6	3	0	7
AP5Z1	102	48	12	34	18	31	6	2	26
APAF1	104	63	16	44	34	64	23	0	88
APBA1	16	11	1	5	3	7	4	0	5
APBA2	12	2	1	6	0	6	1	0	6
APBA3	19	16	3	12	2	11	6	0	16
APBB1	17	12	3	8	6	6	2	0	15
APBB1IP	10	4	0	1	0	0	0	0	7
APBB2	419	293	47	176	104	182	60	2	210
APBB3	22	19	2	5	7	12	3	0	14
APC	251	180	39	106	70	141	45	1	165
APC2	16	8	1	3	0	6	2	0	6
APCDD1	2	1	0	1	0	0	1	0	0
APCDD1L	15	6	2	5	2	3	1	0	3
APCDD1L-DT	137	64	12	39	20	24	23	0	36
APEH	134	91	15	57	22	48	14	0	46
APELA	2	1	0	1	0	0	0	0	0
APEX1	178	99	12	96	37	82	37	0	83
APEX2	69	49	12	32	21	27	8	0	46
APH1A	76	57	15	36	19	27	22	0	38
APH1B	11	15	5	4	3	12	5	0	13
API5	209	100	21	76	50	73	26	0	109
API5P1	1	0	0	0	0	0	0	0	0
APIP	97	42	13	33	22	35	26	1	44
APLF	26	14	2	5	3	13	5	0	7
APLN	7	4	0	2	1	1	3	0	1
APLP1	13	13	4	4	7	9	5	0	6
APLP2	390	310	61	158	108	202	76	0	283
APMAP	105	76	13	32	16	46	13	0	60
APOA1	1	1	0	0	0	0	0	0	0
APOA1-AS	0	1	0	1	1	0	1	0	0
APOA4	0	0	0	0	0	0	1	0	0
APOB	6	5	2	0	0	1	0	0	0
APOBEC1	1	0	0	0	0	0	0	0	0
APOBEC3A	5	3	0	1	0	2	0	0	2
APOBEC3B	2	0	0	2	0	0	1	0	1
APOBEC3C	2	1	0	2	0	1	0	0	1
APOBEC3G	1	1	0	0	0	0	0	0	0
APOBEC3H	0	0	0	0	1	0	0	0	1
APOBR	1	0	0	0	0	0	0	0	0
APOC1	2	2	1	1	0	0	0	0	0
APOC3	0	0	1	0	0	0	0	0	0
APOE	5	4	1	1	0	0	0	0	0
APOH	9	12	1	4	0	4	3	0	2
APOL1	10	3	0	0	0	1	0	0	0
APOL2	71	28	5	23	17	18	9	0	25
APOL3	5	2	0	2	0	1	1	0	0
APOL4	0	1	0	0	0	0	0	0	0
APOL5	1	0	0	1	0	0	0	0	0
APOL6	17	13	3	8	3	7	0	0	7
APOLD1	70	78	15	42	27	47	32	0	107
APOM	4	4	0	2	0	4	1	0	6
APOO	73	65	17	29	22	37	29	0	93
APOOL	132	104	20	78	40	87	26	1	105
APOOP4	0	0	0	0	0	1	0	0	0
APOOP5	1	0	0	2	0	0	0	0	0
APP	1232	784	156	477	301	571	190	1	706
APP-DT	4	1	1	2	0	0	0	0	1
APPBP2	143	127	31	46	45	96	45	0	147
APPBP2-DT	4	4	1	3	0	2	0	0	4
APPL1	162	104	24	74	30	70	29	0	100
APPL2	66	63	6	34	24	32	11	0	55
APRG1	86	67	8	35	18	39	20	0	57
APRT	45	30	6	22	11	10	10	0	23
APTR	38	39	5	14	12	13	8	0	27
APTX	290	241	49	127	85	166	60	1	245
AQP1	8	2	1	4	1	1	1	0	2
AQP11	0	2	0	2	0	0	1	0	2
AQP12B	0	1	0	0	0	0	0	0	0
AQP2	1	0	0	0	0	0	0	0	0
AQP3	188	151	28	95	46	75	44	0	163
AQP4	1	0	0	1	0	0	0	0	0
AQP4-AS1	40	23	1	18	8	6	7	0	7
AQP5	0	1	0	0	0	0	0	0	0
AQP5-AS1	0	0	0	0	0	0	1	0	0
AQP6	2	1	1	0	0	2	0	0	2
AQP7B	1	0	0	0	0	0	0	0	0
AQP8	0	1	0	0	0	0	0	0	0
AQP9	1	2	0	0	0	0	0	0	1
AQR	460	263	57	184	102	260	77	0	263
AR	107	58	14	37	29	44	16	1	39
ARAF	86	55	18	41	14	40	17	1	48
ARAFP1	0	0	0	0	1	0	0	0	0
ARAP1	232	162	22	80	54	63	38	0	80
ARAP1-AS1	0	0	0	0	0	0	0	0	1
ARAP2	103	48	5	21	16	31	3	0	54
ARAP3	53	39	8	18	10	22	12	0	20
ARC	93	7	1	20	3	6	1	0	8
ARCN1	202	103	20	90	52	97	33	0	130
AREG	10	3	0	2	2	1	0	0	1
AREL1	187	112	31	79	39	75	29	0	95
ARF1	556	333	54	223	117	185	60	0	227
ARF1P2	2	0	0	0	0	0	0	0	2
ARF3	235	161	42	128	53	103	33	1	130
ARF4	397	240	40	190	83	178	52	0	226
ARF4-AS1	9	6	3	3	1	1	0	0	3
ARF4P1	0	0	0	0	0	0	0	0	1
ARF4P2	0	0	0	0	0	0	0	0	1
ARF5	61	33	8	19	9	23	10	0	29
ARF6	152	69	14	67	23	36	12	0	54
ARFGAP1	193	114	24	83	38	58	39	0	79
ARFGAP2	195	126	21	63	41	60	47	0	92
ARFGAP3	147	81	19	54	39	64	27	1	79
ARFGEF1	236	147	37	97	54	128	39	1	160
ARFGEF1-DT	1	0	0	1	0	0	0	0	0
ARFGEF2	434	287	68	159	86	213	55	1	262
ARFGEF3	32	18	0	19	6	15	2	0	6
ARFIP1	178	146	33	81	65	113	34	1	186
ARFIP2	94	64	11	33	17	31	10	0	39
ARFRP1	138	62	8	48	26	32	26	0	37
ARG1	7	2	1	2	1	3	1	0	0
ARG2	9	6	0	6	2	2	2	0	8
ARGFX	0	2	0	1	0	0	0	0	0
ARGLU1	373	289	61	158	90	245	67	1	359
ARHGAP1	119	65	10	45	21	37	24	0	47
ARHGAP10	372	250	34	146	91	175	42	0	207
ARHGAP11A	157	108	25	80	34	93	27	0	118
ARHGAP11A-DT	2	2	0	0	1	1	0	0	1
ARHGAP11A-SCG5	208	168	28	109	61	125	25	1	208
ARHGAP11B	10	12	2	7	8	10	4	0	7
ARHGAP11B-DT	3	0	0	0	0	1	1	0	3
ARHGAP12	195	93	26	74	33	89	18	0	100
ARHGAP15	48	32	8	24	10	16	6	0	29
ARHGAP17	524	275	65	226	111	198	106	3	313
ARHGAP18	138	83	15	63	33	52	25	0	66
ARHGAP19	24	13	1	7	4	7	1	0	8
ARHGAP19-SLIT1	50	30	2	14	11	24	7	0	18
ARHGAP20	6	8	0	4	1	2	1	0	3
ARHGAP21	758	652	134	346	206	608	233	3	802
ARHGAP22	204	132	29	59	47	78	28	1	98
ARHGAP22-IT1	1	0	0	0	1	0	0	0	1
ARHGAP23	492	199	45	142	81	118	84	1	165
ARHGAP24	117	109	22	66	24	79	28	1	113
ARHGAP25	7	7	0	8	0	4	2	0	2
ARHGAP26	246	157	22	82	53	94	39	0	103
ARHGAP26-AS1	2	2	0	1	1	1	1	0	2
ARHGAP26-IT1	0	1	0	0	0	0	0	0	0
ARHGAP27	25	17	3	9	6	7	4	0	14
ARHGAP27P1-BPTFP1-KPNA2P3	10	13	2	7	5	9	7	1	27
ARHGAP28	60	67	10	27	27	53	26	0	77
ARHGAP29	263	187	48	122	60	167	60	1	260
ARHGAP29-AS1	3	5	1	3	0	2	2	0	3
ARHGAP30	2	0	0	0	0	0	0	0	0
ARHGAP31	7	14	0	2	3	3	2	0	4
ARHGAP31-AS1	3	2	0	0	0	0	0	0	0
ARHGAP32	408	255	45	129	88	194	42	0	237
ARHGAP33	18	13	4	4	6	8	2	0	21
ARHGAP35	690	495	99	293	191	342	148	0	487
ARHGAP36	37	16	0	3	4	6	5	0	9
ARHGAP39	268	128	25	68	47	84	41	0	106
ARHGAP4	7	8	0	1	2	3	2	0	4
ARHGAP40	4	0	1	1	0	2	1	0	0
ARHGAP42	431	317	72	174	125	313	121	1	463
ARHGAP42-AS1	1	0	0	0	0	1	0	0	1
ARHGAP42P2	1	0	0	0	0	0	0	0	0
ARHGAP44	82	80	13	47	36	64	20	2	48
ARHGAP44-AS1	3	0	0	0	0	0	1	0	0
ARHGAP45	51	26	7	14	10	12	5	0	27
ARHGAP5	348	213	48	156	77	181	50	0	273
ARHGAP5-AS1	6	1	1	4	2	0	0	0	0
ARHGAP6	39	13	2	12	7	11	9	0	9
ARHGAP9	1	1	0	0	0	0	0	0	1
ARHGDIA	363	197	51	152	78	117	50	0	155
ARHGDIB	1	0	0	2	1	0	0	0	0
ARHGDIG	0	0	0	0	0	1	1	0	0
ARHGEF1	170	97	14	58	38	53	26	1	68
ARHGEF10	87	43	10	30	17	18	14	0	31
ARHGEF10L	167	113	24	51	31	59	36	0	77
ARHGEF11	154	94	15	81	40	70	36	0	90
ARHGEF12	362	251	52	192	90	189	61	2	226
ARHGEF15	1	0	0	0	0	0	0	0	0
ARHGEF16	24	16	4	8	5	13	5	0	3
ARHGEF17	190	112	29	69	29	63	32	0	102
ARHGEF17-AS1	3	1	0	1	3	1	1	0	1
ARHGEF18	196	94	22	71	32	63	21	1	75
ARHGEF18-AS1	3	1	0	1	0	0	0	0	1
ARHGEF19	21	13	6	8	10	12	5	1	13
ARHGEF2	230	106	10	77	45	55	17	0	64
ARHGEF2-AS1	0	1	0	0	0	1	0	0	0
ARHGEF2-AS2	4	4	2	0	1	1	1	0	0
ARHGEF25	8	12	2	8	1	3	1	0	7
ARHGEF26	93	68	18	33	29	49	17	0	58
ARHGEF26-AS1	4	0	1	2	1	1	0	0	0
ARHGEF28	316	106	22	95	40	79	38	0	82
ARHGEF3	394	236	45	102	79	174	70	0	220
ARHGEF3-AS1	0	2	0	1	0	0	0	0	0
ARHGEF33	23	14	4	3	5	3	7	0	12
ARHGEF34P	0	0	0	1	1	0	0	0	1
ARHGEF35	1	0	0	0	0	0	0	0	0
ARHGEF35-AS1	3	0	0	0	0	2	0	0	1
ARHGEF37	8	4	1	6	3	3	3	0	4
ARHGEF38	3	0	0	1	0	1	1	0	1
ARHGEF38-IT1	1	0	0	0	1	0	1	0	0
ARHGEF39	87	60	7	42	19	29	16	0	46
ARHGEF4	354	162	39	101	69	112	28	0	98
ARHGEF4-AS1	2	0	0	0	1	0	0	0	0
ARHGEF40	28	17	5	7	7	13	9	0	12
ARHGEF5	2	5	0	5	1	5	1	0	4
ARHGEF6	7	1	0	1	0	1	0	0	4
ARHGEF7	549	406	61	191	118	235	83	0	320
ARHGEF7-AS2	0	0	0	0	0	0	0	0	1
ARHGEF9	51	35	11	20	9	29	6	0	31
ARID1A	508	296	64	194	124	220	94	1	233
ARID1B	1498	888	171	565	326	678	247	3	828
ARID2	573	374	72	262	123	336	89	3	347
ARID3A	50	27	2	17	9	9	7	0	15
ARID3B	177	122	19	68	46	88	21	0	92
ARID3C	4	1	0	1	0	0	0	0	5
ARID4A	55	58	11	26	29	41	7	1	74
ARID4B	427	282	61	201	100	246	67	0	331
ARID5A	20	10	1	10	1	9	2	0	10
ARID5B	643	446	105	297	177	403	156	2	543
ARIH1	554	461	91	229	162	331	95	0	582
ARIH2	425	252	54	160	87	210	57	1	255
ARIH2OS	1	3	0	0	0	1	0	0	1
ARIH2P1	0	1	0	1	0	0	0	0	0
ARL1	48	26	5	16	11	20	11	0	38
ARL10	64	47	12	32	19	20	6	0	42
ARL11	0	0	0	0	0	1	0	0	0
ARL13A	3	4	0	0	0	2	0	0	0
ARL13B	148	108	22	87	33	110	22	0	163
ARL14	1	0	0	0	0	0	0	0	0
ARL14EP	45	33	5	32	12	28	10	0	34
ARL14EP-DT	18	5	0	3	6	0	1	0	7
ARL14EPL	3	1	0	1	0	1	0	0	1
ARL15	694	599	128	295	193	504	170	1	713
ARL16	33	18	2	13	8	11	7	0	17
ARL17A	41	38	5	18	18	18	9	0	42
ARL17B	43	27	5	14	11	22	9	0	37
ARL2	21	4	6	14	4	11	9	0	13
ARL2-SNX15	27	35	7	12	5	9	7	0	16
ARL2BP	30	13	2	23	7	19	4	0	32
ARL2BPP10	1	0	0	0	0	0	0	0	0
ARL3	24	28	2	12	9	21	9	0	37
ARL4A	56	28	2	20	6	20	7	0	30
ARL4AP2	1	0	0	0	0	0	0	0	0
ARL4AP5	9	4	0	4	1	0	1	0	3
ARL4C	9	3	0	2	1	0	0	0	0
ARL4D	20	10	3	5	4	4	4	0	1
ARL5A	132	89	18	70	23	82	23	1	88
ARL5AP2	7	5	1	2	1	1	3	0	3
ARL5B	87	66	14	47	20	58	16	1	65
ARL5C	1	0	0	0	0	0	0	0	0
ARL6	44	20	2	14	8	13	4	1	26
ARL6IP1	259	175	31	128	52	97	38	0	162
ARL6IP1P2	1	1	0	2	0	0	0	0	0
ARL6IP1P3	0	0	0	0	0	0	0	0	1
ARL6IP4	50	51	3	28	8	14	10	0	27
ARL6IP5	100	82	19	46	31	62	27	0	75
ARL6IP6	119	108	27	59	24	97	35	1	101
ARL8A	35	17	3	12	7	11	2	0	13
ARL8B	300	173	42	120	60	136	35	0	189
ARL9	2	1	1	0	0	1	0	0	0
ARLNC1	1	1	0	0	0	0	0	0	2
ARMC1	77	50	11	45	16	34	11	0	45
ARMC10	90	51	11	30	26	49	12	0	61
ARMC12	1	0	0	0	0	0	1	0	0
ARMC2	12	13	4	4	4	9	2	0	14
ARMC3	14	6	2	4	2	6	3	0	3
ARMC5	43	14	4	13	8	11	4	0	9
ARMC6	148	72	19	43	39	45	17	0	55
ARMC7	32	20	6	6	14	15	3	0	34
ARMC8	273	175	41	115	85	157	45	0	219
ARMC9	167	105	22	66	41	70	25	0	77
ARMCX1	12	3	1	3	0	1	1	0	2
ARMCX2	148	123	22	58	35	54	19	0	68
ARMCX3	52	60	7	36	26	29	1	2	42
ARMCX3-AS1	0	0	0	1	0	0	0	0	1
ARMCX4	111	86	15	41	28	53	29	1	87
ARMCX5	17	16	2	12	6	6	3	0	14
ARMCX5-GPRASP2	147	129	15	57	45	85	28	0	121
ARMCX6	17	11	0	6	4	2	3	0	3
ARMH1	8	14	4	6	6	11	10	0	29
ARMH3	253	191	36	121	67	136	47	0	178
ARMH4	86	86	10	51	19	33	25	1	41
ARMS2	0	0	0	1	0	0	0	0	0
ARMT1	42	24	4	19	11	20	0	0	30
ARNILA	3	3	0	1	3	2	1	0	1
ARNT	129	80	12	54	36	65	26	0	82
ARNT2	15	11	2	8	2	6	3	0	8
ARNT2-DT	2	0	0	1	0	0	0	0	1
ARPC1A	23	17	4	18	6	9	3	0	17
ARPC1B	16	10	2	11	3	5	4	0	9
ARPC1BP1	0	0	0	0	0	1	0	0	0
ARPC2	328	202	25	138	70	125	52	1	153
ARPC3	95	36	8	37	20	35	11	0	33
ARPC3P2	0	0	0	1	0	0	0	0	0
ARPC3P3	0	0	0	0	0	1	0	0	0
ARPC3P5	0	1	0	0	0	0	0	0	0
ARPC4	168	97	23	59	31	57	23	0	74
ARPC4-TTLL3	188	125	36	71	47	79	31	1	95
ARPC5	271	159	17	96	44	120	38	0	152
ARPC5L	190	121	15	72	40	36	27	0	85
ARPIN	13	28	3	13	7	11	4	0	11
ARPIN-AP3S2	156	87	17	69	29	69	27	0	96
ARPP19	398	230	47	207	94	180	59	0	236
ARPP19P2	1	0	0	0	0	0	0	0	0
ARPP21	7	4	0	6	2	1	1	0	1
ARRB1	110	97	9	50	27	38	26	0	75
ARRB2	58	47	3	19	16	34	14	0	49
ARRDC1	19	15	2	5	3	7	4	0	9
ARRDC1-AS1	53	46	7	11	12	17	11	0	27
ARRDC2	73	38	9	22	10	33	13	0	41
ARRDC3	228	122	28	100	50	130	46	1	162
ARRDC3-AS1	45	20	8	17	9	16	3	0	23
ARRDC4	11	8	2	3	1	3	0	0	3
ARRDC5	1	1	0	0	0	0	0	0	0
ARSA	21	14	5	7	4	6	5	0	15
ARSB	168	92	24	64	44	68	30	0	91
ARSD	1	1	0	1	0	1	0	0	0
ARSDP1	2	0	0	0	0	0	1	0	0
ARSF	4	1	0	0	0	0	0	0	1
ARSG	163	124	21	79	53	81	25	0	90
ARSH	0	0	0	0	0	0	0	0	1
ARSI	6	1	1	2	0	1	1	0	2
ARSJ	276	141	28	127	38	99	33	0	111
ARSK	45	41	6	17	17	28	9	0	33
ARSL	2	0	0	0	0	0	1	0	1
ART1	2	0	1	0	0	1	0	0	0
ART3	4	4	2	1	1	1	0	0	1
ART4	0	0	0	2	0	0	0	0	0
ART5	1	0	0	0	1	0	0	0	0
ARTN	4	1	1	3	1	2	1	0	2
ARV1	33	34	6	15	11	26	10	0	35
ARVCF	16	8	6	7	2	7	5	0	12
ARX	4	1	0	3	2	1	1	0	2
AS3MT	2	1	0	0	0	0	1	0	1
ASAH1	60	54	6	32	13	29	11	1	43
ASAH1-AS1	2	2	0	3	1	0	1	0	1
ASAH2	9	4	1	4	2	1	0	0	3
ASAH2B	19	17	4	11	4	14	5	0	22
ASAP1	2149	1205	205	759	471	784	320	0	980
ASAP1-IT2	9	10	2	1	1	4	1	0	4
ASAP2	300	158	26	99	61	93	42	0	94
ASAP3	50	54	7	29	17	27	22	0	34
ASB1	123	68	13	37	24	26	12	0	68
ASB12	0	0	0	0	0	0	0	0	1
ASB13	29	25	4	17	6	18	12	0	22
ASB15	0	1	0	1	0	2	1	0	3
ASB15-AS1	0	0	0	0	0	2	0	0	0
ASB16	0	0	0	1	0	0	0	0	1
ASB16-AS1	37	37	1	13	8	16	10	0	44
ASB18	0	1	0	0	0	0	0	0	1
ASB2	6	1	0	0	0	0	0	0	0
ASB3	310	212	48	127	90	184	66	1	239
ASB4	2	1	0	0	0	0	1	0	0
ASB5	5	2	0	1	0	1	0	0	1
ASB6	99	55	15	38	14	21	13	0	41
ASB7	67	61	10	26	22	41	11	0	71
ASB8	35	20	3	13	7	15	5	0	16
ASB9	6	7	1	4	3	5	1	0	6
ASCC1	168	115	10	64	53	94	39	1	109
ASCC2	149	100	25	55	27	48	23	0	93
ASCC3	1108	722	159	441	255	644	203	0	726
ASCL1	1	0	0	0	0	0	0	0	0
ASCL2	0	1	0	0	0	0	0	0	0
ASCL3	2	0	0	0	0	0	0	0	0
ASCL5	0	3	0	0	0	0	0	0	0
ASDURF	3	4	0	1	1	0	1	0	2
ASF1A	69	37	1	30	23	41	12	1	29
ASF1B	154	105	16	62	35	51	28	0	95
ASGR1	0	2	1	1	0	2	1	0	4
ASGR2	1	0	0	0	0	0	0	0	0
ASH1L	829	518	120	370	180	446	176	1	565
ASH1L-AS1	7	5	0	1	2	2	1	0	2
ASH1L-IT1	0	2	0	0	0	1	0	0	2
ASH2L	95	63	18	46	26	55	21	0	75
ASIC1	61	66	9	26	19	35	13	0	38
ASIC2	70	48	8	21	14	29	15	0	37
ASIC3	3	3	0	2	2	1	0	0	0
ASIC4	6	3	1	1	1	0	1	0	1
ASIC4-AS1	15	5	0	3	2	2	0	0	2
ASIC5	7	3	1	7	4	0	2	0	4
ASIP	9	2	0	1	0	5	1	0	4
ASL	48	31	6	14	13	16	5	0	18
ASLP1	6	8	3	3	2	2	1	0	10
ASMT	0	0	0	0	1	0	0	0	0
ASMTL	69	44	5	26	23	33	10	0	40
ASMTL-AS1	18	21	4	14	10	23	6	0	25
ASNS	156	98	19	45	28	38	23	0	45
ASNSD1	79	47	7	21	18	37	8	0	46
ASNSP1	4	0	0	1	0	0	0	0	0
ASNSP6	3	1	0	1	1	0	0	0	0
ASPA	1	0	0	0	0	0	0	0	0
ASPG	8	10	3	4	2	5	3	0	8
ASPH	2952	1891	370	1110	745	1439	487	7	1869
ASPHD1	49	31	13	24	6	24	9	1	33
ASPHD2	3	2	0	1	1	1	0	0	0
ASPM	809	528	89	325	183	451	173	1	599
ASPN	1	0	0	0	0	0	0	0	0
ASPRV1	0	0	0	0	0	1	0	0	0
ASPSCR1	119	94	17	36	39	49	41	0	63
ASRGL1	13	17	1	10	2	7	3	0	12
ASS1	116	86	14	32	30	30	17	0	36
ASS1P10	1	0	0	0	0	0	0	0	0
ASS1P14	0	0	0	0	0	1	0	0	0
ASS1P2	1	1	0	0	0	0	0	0	1
ASS1P5	1	0	0	0	0	0	0	0	0
ASTE1	12	10	1	7	4	7	6	1	6
ASTL	7	4	1	0	0	2	0	0	3
ASTN1	30	10	1	7	2	4	5	0	2
ASTN2	147	83	16	57	31	61	32	0	86
ASTN2-AS1	2	2	0	0	0	0	0	0	0
ASXL1	709	506	106	338	166	391	107	2	544
ASXL2	363	219	50	156	99	212	47	2	254
ASXL3	5	3	0	3	0	5	2	0	1
ASXL3-DT	0	1	0	0	0	0	1	0	0
ASZ1	2	1	0	3	0	2	1	0	3
ATAD1	258	176	25	101	61	130	31	1	147
ATAD2	453	306	58	166	99	260	79	2	429
ATAD2B	151	117	34	81	33	110	23	0	134
ATAD3A	168	74	19	52	31	32	24	1	61
ATAD3B	259	127	33	79	53	66	22	0	105
ATAD3C	2	0	0	0	0	0	0	0	1
ATAD5	182	147	27	75	44	122	27	0	174
ATAT1	25	19	3	17	3	10	7	0	12
ATCAY	3	3	0	0	1	1	2	0	0
ATE1	332	206	39	160	72	194	45	1	226
ATE1OSP	9	7	1	4	3	2	0	1	6
ATF1	277	204	49	117	56	182	48	0	233
ATF2	244	197	36	121	62	156	40	1	239
ATF3	320	77	13	77	38	47	20	0	47
ATF4	393	191	49	157	80	131	56	3	160
ATF4P4	2	1	0	0	0	0	0	0	0
ATF5	37	23	1	20	7	14	7	0	18
ATF6	404	250	62	142	80	226	48	2	278
ATF6-DT	2	3	3	1	1	2	0	0	1
ATF6B	70	53	11	25	20	28	13	0	43
ATF7	91	63	15	49	15	42	20	0	63
ATF7-NPFF	248	185	42	121	86	180	51	1	231
ATF7IP	347	292	63	143	104	241	63	0	365
ATF7IP2	79	50	11	34	18	40	12	0	63
ATG10	227	210	42	112	89	178	70	1	256
ATG10-IT1	1	0	0	0	0	0	0	0	0
ATG101	86	26	10	28	16	27	13	0	22
ATG12	104	76	11	46	29	56	12	1	85
ATG12P1	1	1	0	0	0	0	0	0	0
ATG13	162	119	29	81	50	85	29	0	125
ATG14	99	60	9	44	28	40	13	0	66
ATG16L1	141	75	14	48	29	60	20	0	67
ATG16L2	30	29	5	9	10	10	6	0	29
ATG2A	94	47	14	31	14	30	16	1	39
ATG2B	111	58	12	40	19	55	16	0	74
ATG3	127	74	19	72	35	64	18	0	83
ATG4A	35	26	7	13	5	12	6	0	22
ATG4B	152	102	14	62	30	53	21	0	72
ATG4C	71	61	14	27	18	53	21	0	54
ATG4D	22	7	2	7	2	7	5	0	7
ATG5	275	187	36	127	52	173	37	2	174
ATG7	799	603	105	306	212	377	136	2	512
ATG9A	92	49	10	43	16	41	9	0	38
ATG9B	4	2	0	0	0	1	1	0	0
ATIC	356	201	37	158	73	128	50	0	186
ATL1	7	1	0	1	0	0	1	0	0
ATL2	275	222	34	126	63	160	47	0	231
ATL3	349	219	23	135	76	157	56	0	191
ATM	323	241	44	139	91	203	61	0	272
ATMIN	52	29	4	38	10	19	11	0	32
ATN1	265	143	45	117	46	95	43	0	142
ATOH1	0	1	0	0	0	0	0	0	0
ATOH7	2	0	0	0	0	1	0	0	0
ATOH8	42	11	3	11	6	4	4	0	12
ATOSA	130	93	14	45	33	89	26	0	104
ATOSB	28	16	2	14	3	9	6	0	10
ATOX1	51	34	1	15	12	24	7	0	18
ATOX1-AS1	2	0	0	4	0	0	0	0	0
ATP10A	7	6	0	7	2	1	1	1	3
ATP10A-DT	2	1	0	0	0	0	0	0	3
ATP10B	10	4	2	4	0	3	3	0	1
ATP10D	73	35	8	27	18	29	6	0	31
ATP11A	321	209	34	98	69	114	46	0	137
ATP11A-AS1	1	0	0	1	0	0	0	0	0
ATP11AUN	0	0	0	1	0	1	0	0	1
ATP11B	128	94	17	64	40	71	26	1	86
ATP11B-DT	0	0	0	0	1	0	0	0	2
ATP11C	841	572	129	366	221	490	157	1	723
ATP12A	2	1	0	0	0	0	0	0	0
ATP13A1	159	103	28	67	38	66	35	0	89
ATP13A2	44	30	6	23	11	12	10	0	23
ATP13A3	1174	500	136	411	211	423	66	2	480
ATP13A3-DT	25	15	2	8	4	10	1	0	8
ATP13A4	2	0	0	1	2	3	1	0	4
ATP13A4-AS1	1	0	0	0	0	0	0	0	0
ATP13A5	5	1	0	3	0	2	0	0	2
ATP13A5-AS1	0	0	0	0	0	0	0	0	1
ATP1A1	857	509	90	326	183	302	141	0	398
ATP1A1-AS1	12	14	0	2	7	7	4	0	10
ATP1A2	1	2	0	0	0	1	0	0	0
ATP1A4	3	2	0	0	1	0	0	0	1
ATP1B1	341	208	36	113	51	130	55	1	183
ATP1B1P1	2	2	0	1	0	0	0	0	1
ATP1B2	19	2	0	5	1	1	1	0	1
ATP1B3	592	483	76	256	148	326	99	0	445
ATP1B3-AS1	0	0	0	0	0	1	0	0	0
ATP1B3P1	5	0	0	2	0	2	0	0	0
ATP1B4	0	1	0	0	0	0	0	0	0
ATP23	12	5	1	3	3	8	1	0	11
ATP2A1	6	2	0	1	3	1	1	0	3
ATP2A1-AS1	6	7	0	4	4	2	3	0	9
ATP2A2	1036	797	148	439	243	572	161	1	681
ATP2A3	17	13	2	8	5	4	3	0	10
ATP2B1	665	389	70	256	146	312	92	0	421
ATP2B1-AS1	5	4	1	0	1	1	0	0	1
ATP2B2	19	13	2	8	3	2	1	0	4
ATP2B3	9	7	1	8	1	3	2	0	1
ATP2B4	152	121	22	70	35	71	35	1	96
ATP2C1	542	375	70	223	118	248	87	2	323
ATP2C2	3	2	0	1	0	1	0	0	1
ATP2C2-AS1	13	6	2	2	2	4	1	0	2
ATP4A	1	0	0	2	0	0	0	0	1
ATP4B	0	0	0	1	0	0	0	0	0
ATP5F1A	395	260	45	162	93	167	77	0	195
ATP5F1AP2	1	0	0	0	0	0	0	0	0
ATP5F1AP3	1	2	0	0	0	1	0	0	0
ATP5F1AP4	0	0	0	1	0	0	0	0	0
ATP5F1B	1092	949	78	497	261	358	196	2	450
ATP5F1BP1	0	0	0	0	0	1	0	0	1
ATP5F1C	127	110	14	70	38	71	20	1	86
ATP5F1D	145	64	19	56	22	40	13	1	65
ATP5F1E	118	104	18	71	40	102	36	0	119
ATP5F1EP2	0	0	0	1	0	0	0	0	0
ATP5IF1	81	58	11	57	15	39	20	0	77
ATP5MC1	77	42	8	43	10	27	13	0	32
ATP5MC1P2	0	0	0	0	1	0	0	0	0
ATP5MC1P4	0	1	0	0	0	0	1	0	0
ATP5MC1P6	1	2	0	1	1	1	1	0	0
ATP5MC1P8	1	0	0	0	0	0	0	0	0
ATP5MC2	251	159	27	119	52	95	44	0	137
ATP5MC2P2	1	0	0	0	0	0	0	0	0
ATP5MC2P3	1	0	0	0	0	0	0	0	0
ATP5MC2P4	1	1	0	0	0	0	0	0	0
ATP5MC3	123	90	11	52	27	51	30	0	62
ATP5ME	57	56	11	23	9	23	11	0	27
ATP5MF	67	49	8	29	12	35	10	0	51
ATP5MF-PTCD1	93	72	10	23	24	32	13	0	46
ATP5MFP2	0	1	0	1	0	0	0	0	0
ATP5MFP5	0	0	0	0	0	1	0	0	0
ATP5MG	29	19	5	20	9	13	7	0	17
ATP5MGL	1	1	0	1	0	0	0	0	0
ATP5MGP3	0	0	0	2	0	0	0	0	0
ATP5MGP4	1	0	0	0	0	0	0	0	0
ATP5MJ	78	48	4	33	10	34	8	1	38
ATP5MK	86	68	6	56	18	35	12	0	49
ATP5PB	191	135	23	93	40	86	23	0	98
ATP5PBP1	3	0	0	0	0	0	0	0	0
ATP5PBP6	0	0	0	1	0	0	0	0	0
ATP5PD	87	67	13	58	36	40	12	0	68
ATP5PDP4	0	0	0	0	0	0	1	0	2
ATP5PF	84	49	12	41	17	28	15	1	53
ATP5PO	20	22	4	13	5	22	4	0	17
ATP6AP1	124	81	19	39	31	52	26	0	79
ATP6AP1-DT	0	2	0	2	0	0	1	0	0
ATP6AP1L	23	13	1	8	6	17	5	0	24
ATP6AP2	135	100	18	66	38	42	25	0	89
ATP6V0A1	195	113	20	86	43	89	28	0	93
ATP6V0A2	100	69	15	46	23	44	15	1	58
ATP6V0A4	12	10	1	5	2	3	0	0	3
ATP6V0B	111	77	9	40	16	29	14	0	32
ATP6V0C	71	42	5	14	10	17	11	0	22
ATP6V0CP4	2	1	0	3	1	0	2	0	1
ATP6V0D1	111	71	13	45	18	35	24	0	71
ATP6V0D1-DT	15	21	1	7	5	12	14	0	22
ATP6V0D2	4	5	0	0	1	0	3	0	4
ATP6V0E1	311	183	26	126	55	98	46	0	152
ATP6V0E1P2	59	0	0	0	0	0	0	0	0
ATP6V0E2	17	9	1	6	3	1	3	0	8
ATP6V0E2-AS1	14	2	0	2	0	2	0	0	2
ATP6V1A	236	162	30	133	55	107	38	3	165
ATP6V1B1	3	1	0	0	0	1	1	0	1
ATP6V1B2	90	67	6	40	24	48	10	0	55
ATP6V1C1	143	77	10	60	30	55	13	0	74
ATP6V1C2	6	3	1	6	0	4	6	0	4
ATP6V1D	98	49	9	36	15	35	14	1	36
ATP6V1E1	110	65	17	47	18	46	16	0	67
ATP6V1E1P3	1	0	0	0	0	0	0	0	0
ATP6V1E2	7	9	0	3	4	9	1	0	9
ATP6V1F	41	25	3	18	3	9	3	0	18
ATP6V1FNB	4	3	0	1	0	0	0	0	1
ATP6V1G1	123	61	14	62	26	51	14	0	64
ATP6V1G2	0	1	0	0	0	2	0	0	1
ATP6V1G2-DDX39B	445	353	42	201	118	167	60	1	195
ATP6V1G3	1	0	0	0	0	0	0	0	0
ATP6V1H	250	158	32	99	45	82	38	0	110
ATP7A	100	66	11	35	19	49	22	0	71
ATP7B	10	9	1	6	3	5	3	0	3
ATP8A1	37	42	5	17	9	23	11	0	44
ATP8A2	29	14	5	11	6	4	2	0	10
ATP8A2P3	1	1	0	0	0	0	0	0	3
ATP8B1	60	21	5	20	11	21	5	0	29
ATP8B1-AS1	3	6	0	2	1	5	1	0	3
ATP8B2	140	76	16	72	32	52	24	0	59
ATP8B3	27	18	7	15	10	14	8	0	13
ATP8B4	34	30	4	9	7	20	6	0	14
ATP8B5P	7	21	1	14	3	12	1	0	13
ATP9A	330	280	68	168	91	198	80	1	209
ATP9B	356	209	55	98	60	178	54	1	192
ATPAF1	88	58	8	31	26	40	36	0	72
ATPAF2	63	45	11	20	16	23	7	0	28
ATPSCKMT	207	149	26	109	67	104	37	1	105
ATR	436	280	62	156	106	276	83	0	276
ATRAID	55	38	8	36	18	29	12	0	32
ATRIP	83	33	4	24	14	36	11	0	48
ATRN	138	93	27	47	28	60	18	0	70
ATRNL1	56	24	3	16	8	22	13	0	16
ATRX	817	598	130	359	192	550	158	1	723
ATXN1	1067	1116	192	481	326	702	224	1	957
ATXN1-AS1	13	6	0	5	3	11	2	0	7
ATXN10	1158	719	141	464	277	555	190	1	565
ATXN1L	100	59	10	44	23	42	21	0	47
ATXN2	605	408	93	247	138	330	104	0	429
ATXN2-AS	5	0	1	0	0	0	0	0	2
ATXN2L	626	278	81	214	82	179	72	0	238
ATXN3	67	42	12	35	15	58	19	0	76
ATXN3L	0	0	0	0	0	0	0	0	1
ATXN7	455	340	74	173	104	291	92	0	402
ATXN7L1	526	366	75	200	132	200	94	2	293
ATXN7L2	44	23	5	16	5	15	4	0	17
ATXN7L3	97	45	10	49	16	34	24	1	60
ATXN7L3-AS1	12	13	2	3	2	3	0	0	7
ATXN7L3B	83	61	11	48	10	37	17	0	51
ATXN8OS	5	1	2	0	1	0	0	0	2
AUH	388	341	73	280	79	210	87	0	204
AUNIP	55	33	4	21	9	10	5	0	29
AUP1	134	108	14	70	26	80	22	0	58
AURKA	232	167	39	119	74	121	38	0	180
AURKAIP1	126	51	8	34	22	41	17	0	37
AURKAP1	10	5	1	0	1	2	0	0	1
AURKB	149	97	13	74	23	55	28	0	76
AURKBP1	0	0	0	0	0	0	1	0	0
AURKC	0	1	0	0	3	0	1	0	0
AUTS2	3615	2517	423	1449	876	1779	760	5	2481
AVEN	292	136	21	110	49	135	25	0	140
AVIL	7	7	3	1	1	2	0	0	14
AVL9	342	220	51	126	99	172	59	1	220
AVP	1	0	0	0	0	0	0	0	0
AVPI1	140	86	17	50	27	47	21	0	69
AVPR1B	0	1	0	0	0	0	0	0	0
AVPR2	0	0	1	1	0	0	0	0	1
AWAT2	1	0	0	0	0	0	0	0	0
AXDND1	13	16	1	5	2	12	2	0	22
AXIN1	176	126	24	64	42	56	32	0	75
AXIN2	8	7	1	4	4	9	4	0	11
AXL	533	245	54	192	75	139	58	2	177
AZGP1P1	1	0	0	0	0	0	0	0	0
AZI2	100	74	12	57	29	58	21	0	83
AZIN1	222	110	24	97	47	114	23	0	116
AZIN2	14	12	3	2	5	6	2	0	4
AZU1	0	1	0	1	0	1	0	0	0
B2M	974	662	96	415	208	398	147	2	476
B3GALNT1	31	17	2	10	2	5	6	0	11
B3GALNT2	191	110	16	83	37	101	26	0	148
B3GALNT2P1	0	0	0	0	1	1	0	0	0
B3GALT1	86	55	15	44	18	49	9	0	57
B3GALT1-AS1	1	1	0	1	0	0	0	0	3
B3GALT4	3	3	0	2	0	2	1	0	1
B3GALT5	5	4	0	2	0	0	0	0	0
B3GALT5-AS1	1	0	0	0	0	0	0	0	0
B3GALT6	61	39	5	22	9	21	12	0	29
B3GALT9	10	4	1	7	2	9	3	0	8
B3GAT1	2	1	0	0	0	2	0	0	2
B3GAT1-DT	3	2	0	2	1	1	2	0	1
B3GAT2	6	0	1	2	1	2	0	0	0
B3GAT3	40	22	8	19	7	16	11	0	36
B3GLCT	62	33	8	9	7	25	10	0	27
B3GNT2	57	26	5	18	12	23	5	1	20
B3GNT3	4	0	0	2	0	1	0	0	1
B3GNT4	1	0	0	0	0	0	0	0	0
B3GNT5	16	9	2	8	4	7	2	0	8
B3GNT6	1	1	0	0	0	0	0	0	0
B3GNT7	1	0	0	0	0	0	0	0	0
B3GNT8	1	0	0	0	0	0	0	0	0
B3GNT9	13	16	4	8	5	13	6	0	13
B3GNTL1	107	78	20	35	28	39	22	1	60
B4GALNT1	45	37	7	14	11	12	13	0	27
B4GALNT2	4	0	0	0	1	1	0	0	1
B4GALNT3	10	2	1	2	0	0	0	0	2
B4GALNT4	71	49	5	23	14	25	12	0	28
B4GALT1	2476	2043	346	1205	691	1149	510	3	1298
B4GALT1-AS1	11	9	0	2	3	4	2	0	1
B4GALT2	120	50	14	42	23	31	16	0	37
B4GALT3	41	28	3	14	7	13	4	0	21
B4GALT4	108	82	17	46	27	55	22	1	55
B4GALT4-AS1	4	2	0	1	0	0	1	0	1
B4GALT5	351	186	43	147	71	160	44	1	152
B4GALT6	16	9	2	6	5	3	0	0	8
B4GALT7	33	15	4	15	8	13	5	0	17
B4GAT1	28	26	5	17	6	10	7	0	16
B4GAT1-DT	140	89	14	66	23	33	19	2	43
B9D1	48	53	12	21	25	28	15	0	50
B9D2	13	7	0	4	2	4	1	0	9
BAALC	6	0	1	2	0	0	1	0	0
BAALC-AS1	45	23	3	18	5	13	3	0	25
BAALC-AS2	1	0	0	0	0	0	0	0	0
BAAT	6	5	0	3	4	3	0	0	8
BABAM1	28	16	3	12	3	16	2	0	24
BABAM2	418	331	69	163	118	257	76	3	357
BACE1	58	38	7	20	13	21	12	0	32
BACE1-AS	10	10	8	7	12	39	7	0	40
BACE2	407	260	45	148	89	154	91	1	171
BACE2-IT1	1	0	0	0	0	2	1	0	2
BACH1	1119	666	110	439	250	549	124	1	530
BACH1-IT1	61	34	6	21	15	29	2	0	39
BACH1-IT2	20	7	1	8	5	10	1	0	9
BACH1-IT3	18	7	1	10	2	12	5	0	9
BACH2	98	92	11	35	32	73	8	0	82
BAD	23	19	2	19	5	10	4	0	17
BAG1	348	278	45	160	88	140	74	0	213
BAG1P1	2	0	0	1	0	0	0	0	0
BAG2	177	111	18	81	36	102	23	0	112
BAG3	179	88	17	68	31	53	27	0	68
BAG4	78	47	7	28	27	56	12	0	64
BAG5	76	47	5	34	19	29	17	0	46
BAG6	254	118	35	104	35	93	46	0	108
BAGE2	0	0	0	1	0	0	1	0	1
BAHCC1	13	6	1	6	3	6	0	0	6
BAHD1	55	67	9	24	15	26	4	0	40
BAIAP2	315	162	28	81	57	50	37	1	98
BAIAP2-DT	5	4	1	2	2	3	4	0	5
BAIAP2L1	211	143	37	73	48	68	36	1	76
BAIAP2L2	3	2	0	5	0	3	1	0	6
BAIAP3	5	0	2	0	1	0	1	0	1
BAK1	11	11	1	7	2	4	1	0	5
BALR6	0	0	0	0	0	1	1	0	0
BAMBI	25	6	4	5	4	1	2	0	1
BANCR	0	1	0	0	0	0	0	0	1
BANF1	79	38	4	42	16	24	11	0	31
BANF1P3	0	0	0	0	0	0	0	0	1
BANF2	1	3	0	1	0	0	1	0	1
BANK1	46	27	5	12	9	17	4	0	11
BANP	390	259	40	113	94	124	62	1	178
BAP1	114	58	6	39	31	40	23	0	50
BARD1	383	300	71	164	102	289	91	0	391
BARHL1	1	0	0	1	0	0	0	0	0
BARHL2	0	0	0	0	0	0	0	0	1
BARX1	41	20	10	17	8	16	11	1	16
BARX1-DT	8	3	1	3	1	1	2	0	4
BARX2	4	2	0	2	0	1	0	0	2
BASP1	2592	2353	437	1300	787	1638	599	4	2022
BASP1-AS1	196	201	34	104	59	143	60	4	219
BATF	2	0	0	1	0	0	1	0	0
BATF2	3	0	0	1	0	0	0	0	0
BATF3	11	8	2	8	0	6	1	0	4
BAX	73	41	7	35	16	29	15	0	48
BAZ1A	277	157	24	109	51	105	40	0	150
BAZ1A-AS1	5	1	0	2	0	2	2	0	4
BAZ1B	805	465	107	316	159	336	134	0	508
BAZ2A	223	126	36	105	50	102	30	0	129
BAZ2B	353	287	64	176	91	317	86	0	383
BAZ2B-AS1	3	5	0	3	1	0	2	0	1
BBC3	33	20	0	11	5	12	4	0	9
BBIP1	51	40	6	25	14	38	8	0	49
BBLN	20	12	3	11	5	11	1	0	17
BBOF1	10	12	1	3	2	5	3	0	12
BBOX1	4	3	0	2	1	2	2	0	3
BBOX1-AS1	17	16	3	2	3	10	9	0	23
BBS1	1	1	0	0	0	0	0	0	1
BBS10	24	22	3	9	6	10	2	0	13
BBS12	14	4	1	2	1	4	2	0	5
BBS2	46	25	10	21	6	14	10	0	27
BBS4	46	29	5	14	17	22	8	0	35
BBS5	1	1	0	0	0	2	0	0	0
BBS7	56	28	5	22	12	30	6	0	45
BBS7-DT	1	0	0	0	0	0	0	0	0
BBS9	243	225	39	114	71	197	69	0	285
BBX	984	875	143	458	281	643	195	3	667
BCAM	13	13	4	3	3	7	4	0	9
BCAN	3	0	0	0	0	0	0	0	0
BCAN-AS1	7	6	2	4	1	3	2	0	6
BCAN-AS2	95	59	14	26	21	34	15	0	46
BCAP29	3	0	1	0	0	2	0	0	2
BCAP31	176	88	23	49	27	48	27	0	55
BCAR1	195	137	25	73	28	48	34	0	75
BCAR3	1125	388	73	320	177	275	46	1	153
BCAR3-AS1	0	2	0	1	0	1	0	0	1
BCAR4	0	0	1	0	0	0	0	0	0
BCAS1	8	3	1	5	1	1	2	0	0
BCAS2	93	38	6	39	21	49	13	0	39
BCAS2P1	1	0	0	0	0	0	0	0	0
BCAS2P3	1	0	0	0	0	0	0	0	0
BCAS3	606	498	82	280	166	358	127	1	511
BCAS4	101	41	11	29	19	29	16	0	37
BCAT1	462	274	42	206	111	244	36	0	241
BCAT2	54	39	6	24	10	23	14	0	41
BCCIP	166	87	14	50	35	54	23	1	69
BCDIN3D	17	9	2	2	6	9	4	0	11
BCDIN3D-AS1	5	3	0	1	1	2	0	0	1
BCHE	4	1	0	0	0	5	0	0	6
BCKDHA	1	0	0	2	0	0	0	0	0
BCKDHB	309	243	53	146	102	234	59	1	306
BCKDK	63	27	5	14	6	19	8	0	29
BCL10	49	29	4	12	11	34	8	0	27
BCL10-AS1	23	14	2	7	6	8	4	0	13
BCL11A	3	4	3	3	2	2	3	0	2
BCL11B	14	1	1	2	1	1	2	0	6
BCL2	427	568	102	222	192	400	148	3	654
BCL2A1	0	0	0	0	0	0	1	0	0
BCL2L1	275	115	19	73	61	65	27	0	80
BCL2L1-AS1	3	0	1	2	0	1	0	0	0
BCL2L10	1	1	0	0	0	1	0	0	1
BCL2L11	166	128	23	60	43	98	27	0	136
BCL2L12	70	40	10	34	14	28	13	0	35
BCL2L12P1	1	0	0	0	0	0	0	0	0
BCL2L13	162	107	31	65	38	73	26	0	111
BCL2L14	8	4	0	4	0	3	4	0	3
BCL2L15	2	3	0	0	1	0	0	0	0
BCL2L2	53	31	4	13	9	11	6	0	22
BCL2L2-PABPN1	165	108	22	77	36	51	31	0	95
BCL3	105	80	21	39	20	54	20	0	76
BCL6	77	48	8	28	17	33	18	1	41
BCL6B	1	0	0	0	0	0	0	0	2
BCL7A	24	14	4	5	0	8	1	0	2
BCL7B	108	52	17	44	22	44	15	0	51
BCL7C	38	19	5	14	8	9	8	0	23
BCL9	65	42	11	43	15	30	11	0	29
BCL9L	250	137	37	89	42	85	56	0	79
BCLAF1	549	280	64	188	107	267	85	0	317
BCLAF1P1	0	0	0	0	1	1	0	0	1
BCLAF1P2	1	0	0	0	0	0	0	0	0
BCLAF3	46	26	7	21	12	33	7	0	45
BCO1	3	2	0	2	1	0	2	0	0
BCO2	4	2	0	0	1	4	3	0	3
BCOR	524	275	61	187	106	155	104	0	195
BCORL1	99	83	19	46	27	60	25	0	64
BCORP1	2	1	0	1	0	0	0	0	1
BCR	535	278	57	180	116	166	73	0	234
BCRP4	1	0	0	0	0	0	0	0	0
BCRP8	0	0	0	0	0	1	0	0	0
BCS1L	46	35	10	19	9	19	6	0	20
BCYRN1	1	1	2	1	0	0	0	0	0
BDH1	64	32	7	24	14	25	4	0	27
BDH2	20	7	2	4	3	5	8	0	12
BDKRB1	0	0	0	1	0	0	1	0	0
BDKRB2	0	0	0	0	0	0	0	0	2
BDNF	191	73	9	42	25	54	9	0	57
BDNF-AS	27	18	1	9	16	13	9	0	19
BDP1	435	259	44	170	98	214	54	0	290
BDP1P	0	0	0	1	0	0	0	0	0
BEAN1	3	2	0	1	1	0	0	0	0
BEAN1-AS1	1	1	0	0	0	0	0	0	1
BECN1	100	60	9	51	32	46	19	0	57
BEGAIN	494	309	50	154	97	135	79	1	155
BEND2	1	2	0	0	0	1	0	0	0
BEND3	71	28	8	22	6	25	13	0	27
BEND3P2	1	0	0	1	0	0	0	0	0
BEND4	5	4	0	3	3	1	2	0	5
BEND5	0	0	0	0	0	0	0	0	1
BEND6	22	13	3	5	4	13	4	1	15
BEND7	2	1	0	2	0	0	1	0	0
BEND7-DT	3	1	0	0	0	1	0	0	0
BEST1	3	2	0	0	0	1	0	0	1
BEST2	0	1	0	0	0	0	0	0	0
BEST3	44	10	0	15	3	12	5	0	8
BEST4	1	1	0	1	0	0	0	0	0
BET1	48	40	6	25	10	28	8	0	43
BET1-AS1	2	1	1	0	0	1	0	0	1
BET1L	41	20	2	13	8	8	9	1	23
BEX2	3	0	0	0	1	1	0	0	0
BEX3	115	76	9	60	41	49	22	0	77
BEX4	0	0	0	0	0	0	1	0	0
BFAR	172	112	21	79	28	64	31	0	80
BFSP1	24	13	4	5	7	15	3	0	15
BFSP2	3	1	1	2	0	3	1	0	2
BFSP2-AS1	1	0	0	0	0	0	0	0	0
BGLAP	0	0	0	0	0	0	0	0	1
BGN	4	6	3	7	1	2	1	0	8
BHLHA15	47	3	0	7	3	3	2	0	2
BHLHA9	0	0	0	1	0	0	0	0	0
BHLHE22	4	4	0	0	0	0	1	0	0
BHLHE22-AS1	0	0	0	1	0	1	0	0	0
BHLHE23	0	1	0	0	0	0	0	0	0
BHLHE40	270	109	21	88	31	69	24	0	83
BHLHE40-AS1	25	14	5	10	9	10	2	0	13
BHLHE41	2	2	0	0	1	0	0	0	1
BHMT	0	1	0	0	0	0	0	0	1
BHMT2	1	1	0	0	0	1	0	0	0
BICC1	434	217	44	154	90	202	45	1	210
BICD1	563	320	56	198	131	271	82	0	332
BICD1-AS1	1	0	0	0	0	1	0	0	0
BICD2	197	117	9	57	40	60	35	0	88
BICDL1	18	19	4	3	3	7	3	0	14
BICDL2	0	1	0	1	0	0	1	0	0
BICRA	47	19	12	16	8	16	17	0	26
BICRA-AS1	0	0	1	1	0	0	0	0	0
BICRAL	216	158	30	70	49	106	35	0	170
BID	78	51	9	33	22	33	8	0	36
BIK	5	4	0	3	0	0	0	0	0
BIN1	189	118	14	60	27	43	35	0	64
BIN2	1	1	0	1	0	0	0	0	0
BIN3	149	85	11	51	33	55	18	1	60
BIRC2	81	40	10	28	5	28	8	0	36
BIRC3	44	12	1	12	10	13	2	0	5
BIRC5	141	99	18	86	32	68	33	1	89
BIRC6	1031	619	136	394	240	519	152	0	636
BIRC6-AS1	0	0	0	0	0	0	1	0	0
BIRC6-AS2	1	0	0	0	0	0	0	0	1
BIRC7	2	2	0	0	0	0	0	0	1
BIRC8	1	0	0	0	0	0	0	0	0
BISPR	15	10	4	8	4	11	3	0	8
BIVM	21	11	1	12	4	10	6	0	9
BIVM-ERCC5	201	141	42	89	52	122	47	0	152
BLACAT1	2	0	0	1	0	0	0	0	1
BLACE	0	0	0	0	0	0	1	0	1
BLCAP	93	84	8	52	36	37	25	0	62
BLID	4	6	0	1	4	2	0	0	2
BLK	8	5	0	1	2	0	1	0	1
BLM	226	184	24	90	48	140	35	1	192
BLMH	170	94	16	73	36	60	25	1	75
BLNK	2	0	0	3	1	0	2	0	0
BLOC1S1	21	8	5	5	3	6	3	0	4
BLOC1S2	38	24	5	22	12	17	4	0	27
BLOC1S3	19	4	3	9	3	6	2	0	2
BLOC1S4	11	5	2	4	1	0	3	0	2
BLOC1S5	7	9	2	9	2	4	2	0	5
BLOC1S5-TXNDC5	326	197	48	129	71	149	67	0	171
BLOC1S6	83	54	16	36	20	50	10	0	58
BLTP1	297	205	54	139	81	194	79	1	244
BLTP2	390	232	44	176	90	167	57	1	241
BLTP3A	127	56	24	56	23	49	21	1	61
BLTP3B	176	87	22	60	39	71	16	1	88
BLVRA	36	30	3	21	8	12	11	0	16
BLVRB	31	20	3	18	8	9	6	0	19
BLZF1	104	61	13	37	18	58	13	0	73
BLZF2P	4	2	0	2	2	3	0	0	3
BMAL1	136	76	9	57	35	49	30	0	80
BMAL2	110	39	7	24	15	40	10	0	43
BMAL2-AS1	1	1	0	0	0	1	0	0	0
BMERB1	459	184	38	141	73	116	29	0	91
BMF	12	7	2	5	1	7	5	0	10
BMI1	55	37	4	19	6	11	8	0	21
BMI1P1	1	1	0	0	0	0	0	0	0
BMP1	139	106	24	69	35	73	40	0	71
BMP10	0	0	0	0	0	1	0	0	0
BMP2	87	52	5	33	26	29	15	0	64
BMP2K	329	173	35	134	67	144	34	1	170
BMP2K-DT	7	3	1	2	3	1	2	0	1
BMP3	0	1	0	0	0	0	0	0	0
BMP4	3	2	0	0	0	0	0	0	0
BMP5	5	2	0	1	0	1	3	0	0
BMP6	1601	908	161	577	345	595	206	3	868
BMP7	4	3	1	1	0	2	0	0	4
BMP8A	2	4	0	1	1	1	0	0	0
BMP8B	5	5	2	4	2	4	4	0	3
BMPER	205	282	50	123	93	163	79	1	246
BMPR1A	296	195	36	95	77	173	53	1	206
BMPR1AP1	0	0	0	0	0	0	0	0	1
BMPR1B	399	171	43	148	87	138	52	0	180
BMPR1B-DT	2	1	0	1	0	1	1	0	1
BMPR2	372	233	55	164	91	171	56	1	213
BMS1	307	169	21	112	56	114	47	0	132
BMS1P1	43	32	5	14	10	12	7	0	18
BMS1P14	1	0	0	0	0	0	0	0	0
BMS1P20	1	0	1	0	0	0	0	0	1
BMS1P4	1	0	0	0	1	1	1	0	2
BMS1P4-AGAP5	62	50	11	33	15	38	9	0	51
BMT2	63	48	3	27	23	50	10	0	45
BMX	2	0	0	2	0	1	0	0	1
BNC1	6	0	0	0	0	0	1	0	0
BNC2	865	538	107	366	212	423	145	1	543
BNC2-AS1	4	1	0	0	0	1	0	0	1
BNIP1	23	18	1	13	9	14	3	0	19
BNIP2	227	131	36	91	47	101	26	2	139
BNIP3	67	51	4	25	20	24	9	0	34
BNIP3L	111	86	16	50	33	71	21	0	97
BNIP3P1	0	3	0	0	0	2	1	0	2
BNIP3P15	0	0	0	0	0	1	0	0	0
BNIP3P23	0	1	0	0	0	0	0	0	0
BNIP3P37	2	0	0	0	0	0	0	0	0
BNIP5	4	0	0	1	0	0	0	0	0
BNIPL	3	4	0	4	1	0	1	0	4
BOC	28	19	1	19	5	13	5	0	9
BOD1	100	56	12	47	20	39	20	0	45
BOD1L1	364	269	67	155	105	209	97	0	315
BOD1L2	1	0	0	0	0	0	0	0	0
BOK	28	25	1	5	3	5	2	0	13
BOK-AS1	3	1	1	2	0	0	2	0	3
BOLA1	30	21	3	14	2	8	4	0	16
BOLA2-SMG1P6	1	2	0	0	0	1	1	0	1
BOLA2P2	0	1	0	0	0	0	0	0	0
BOLA3	37	10	2	11	8	13	3	0	16
BOLA3-DT	1	3	1	1	1	0	1	0	4
BOLA3P2	0	0	0	1	0	0	0	0	0
BOLL	1	3	0	0	0	2	1	0	1
BOP1	281	144	29	106	56	76	40	0	81
BORA	82	63	11	39	19	54	11	0	70
BORCS5	72	39	11	29	13	35	16	0	44
BORCS6	9	3	3	4	2	2	0	0	3
BORCS7	6	7	2	2	1	3	3	0	3
BORCS7-ASMT	19	17	3	8	3	6	1	0	15
BORCS8	33	13	2	5	6	7	7	0	12
BORCS8-MEF2B	81	75	7	34	23	41	18	0	52
BORCS8P1	1	0	0	0	0	0	0	0	0
BPGM	72	33	1	26	9	22	7	0	26
BPHL	15	11	1	9	2	6	4	0	9
BPI	0	0	0	0	0	1	0	0	0
BPIFA2	1	0	0	1	0	0	0	0	0
BPIFA3	0	1	0	0	0	0	1	0	0
BPIFA4P	2	0	0	1	0	0	0	0	1
BPIFB1	3	0	0	2	1	0	0	0	1
BPIFB3	0	2	0	0	0	0	0	0	0
BPIFB4	4	2	0	1	0	0	0	0	0
BPIFB5P	1	0	0	0	0	0	0	0	0
BPIFB6	1	0	0	0	0	0	0	0	1
BPIFC	4	1	1	1	0	3	0	0	0
BPNT1	31	26	4	17	13	11	12	0	25
BPNT2	274	162	37	117	48	131	28	0	127
BPTF	590	438	86	270	170	388	127	2	531
BPY2DP	1	0	0	0	1	0	0	0	0
BRAF	322	222	48	130	79	195	52	1	260
BRAP	70	59	12	30	16	39	12	0	50
BRAT1	66	49	10	25	13	26	16	0	41
BRCA1	217	183	36	98	69	120	45	0	204
BRCA1P1	0	0	0	0	0	0	0	0	1
BRCA2	158	108	28	68	27	77	24	0	96
BRCC3	117	86	13	54	22	59	23	0	91
BRCC3P1	3	0	0	1	0	0	0	0	0
BRD1	307	219	30	108	69	110	64	2	178
BRD2	676	335	65	241	133	228	88	3	259
BRD3	234	144	33	94	53	70	51	0	136
BRD3OS	32	12	2	21	6	17	9	0	24
BRD4	966	610	115	331	211	365	154	3	569
BRD7	126	60	15	41	26	56	5	0	53
BRD7P1	1	1	0	0	0	0	0	0	0
BRD7P2	0	1	0	0	0	0	0	0	1
BRD7P6	1	0	0	0	0	0	0	0	0
BRD8	173	138	33	89	46	89	42	0	149
BRD9	941	578	113	332	193	280	143	3	440
BRDT	4	0	2	1	0	0	0	0	2
BRF1	151	129	23	59	40	62	38	0	61
BRF2	27	11	1	6	5	9	0	0	5
BRI3	179	85	17	45	26	36	16	0	61
BRI3BP	106	80	17	59	30	44	17	1	70
BRICD5	8	9	0	1	1	2	1	0	5
BRINP1	82	29	2	17	12	22	15	0	24
BRINP2	3	3	0	2	0	0	2	0	1
BRINP3	9	7	0	3	3	5	4	0	4
BRIP1	496	552	120	292	165	491	125	1	874
BRIX1	419	232	39	178	84	156	48	0	150
BRIX1P1	0	0	0	0	1	0	0	0	0
BRK1	84	56	10	36	10	36	13	0	57
BRME1	3	2	2	3	5	2	2	0	4
BRMS1	44	23	3	16	7	11	4	0	9
BRMS1L	58	54	11	33	14	38	10	0	52
BROX	152	103	11	81	36	74	19	1	107
BRPF1	195	86	14	50	20	52	24	1	64
BRPF3	95	43	13	31	18	33	12	0	45
BRPF3-AS1	10	1	0	2	3	2	3	0	1
BRSK1	28	17	3	9	6	9	4	0	7
BRSK2	9	7	1	0	0	3	1	0	0
BRWD1	324	245	50	157	94	225	59	0	222
BRWD1-AS1	1	1	1	2	0	0	0	0	0
BRWD1-AS2	2	0	0	2	0	0	0	0	1
BRWD1-IT1	1	0	0	0	0	1	0	0	0
BRWD3	283	168	40	137	65	148	50	0	164
BSCL2	34	29	6	21	9	10	7	0	34
BSDC1	107	80	22	35	23	55	20	0	51
BSG	632	386	79	229	130	216	139	1	289
BSG-AS1	12	7	2	3	0	1	0	0	4
BSN	10	7	0	5	2	7	1	0	6
BSN-DT	0	2	0	0	0	0	0	0	0
BSND	0	0	0	0	0	0	0	0	1
BSNDP3	1	0	0	0	0	0	0	0	0
BSPH1	1	0	0	0	0	0	0	0	0
BSPRY	2	0	0	2	1	0	1	0	1
BST1	3	0	0	3	1	3	0	0	2
BST2	169	141	24	65	34	67	33	0	70
BTAF1	396	248	62	164	99	243	75	1	299
BTBD1	255	131	36	132	53	148	37	0	164
BTBD10	109	54	8	31	15	64	15	0	78
BTBD10P2	0	2	1	0	0	1	0	0	0
BTBD16	11	6	1	3	2	1	1	0	4
BTBD17	2	3	0	1	0	1	0	0	0
BTBD19	34	32	5	9	10	11	7	0	20
BTBD2	91	67	21	33	22	37	15	1	53
BTBD3	1192	953	212	605	345	790	231	2	847
BTBD3-AS1	0	1	0	0	0	1	0	0	0
BTBD6	38	8	3	6	3	12	6	0	8
BTBD7	224	153	24	105	48	106	33	0	179
BTBD8	10	14	2	7	1	12	5	0	14
BTBD9	244	133	21	99	45	100	30	0	148
BTC	2	3	0	1	0	0	1	0	0
BTD	93	74	14	29	16	35	11	0	76
BTF3	310	194	25	147	75	129	53	3	156
BTF3-DT	0	1	0	0	2	2	1	0	1
BTF3L4	153	95	16	67	31	88	12	1	116
BTF3P1	0	1	0	0	0	0	1	0	0
BTF3P14	1	0	0	1	0	0	0	0	0
BTF3P2	1	0	0	0	0	0	1	0	0
BTF3P4	0	0	0	0	0	0	0	0	1
BTF3P5	0	0	0	1	0	0	0	0	0
BTF3P6	2	1	0	1	0	0	0	0	1
BTF3P7	1	0	0	0	0	0	0	0	0
BTF3P8	0	0	0	0	0	0	0	0	1
BTG1	178	98	9	66	37	58	19	0	94
BTG1-DT	8	5	0	4	0	2	2	0	3
BTG2	38	25	5	7	5	15	7	0	25
BTG2-DT	3	0	1	0	1	0	0	0	0
BTG3	79	46	8	29	21	29	10	1	47
BTG3-AS1	3	8	1	4	2	4	1	0	9
BTG3P1	27	14	1	15	3	7	1	0	9
BTG4	0	1	0	0	0	2	0	0	0
BTK	2	0	0	0	0	0	0	0	0
BTLA	0	3	1	0	0	1	0	0	0
BTN1A1	1	0	0	0	0	0	0	0	0
BTN1A1P1	1	0	0	0	0	0	0	0	0
BTN2A1	60	39	5	23	15	23	7	0	27
BTN2A2	16	6	2	5	9	12	3	0	7
BTN2A3P	17	13	3	5	2	8	2	0	12
BTN3A1	19	16	2	4	9	15	3	0	15
BTN3A2	31	29	6	25	12	23	6	0	23
BTN3A3	20	6	3	11	8	11	6	0	9
BTNL12P	10	8	0	2	4	4	3	0	3
BTNL2	0	1	0	0	0	0	0	0	1
BTNL8	2	1	0	1	0	0	0	0	0
BTNL9	29	11	0	3	4	3	6	0	3
BTRC	278	174	40	130	60	148	35	0	173
BUB1	176	138	37	78	43	88	35	0	139
BUB1B	314	182	41	141	77	161	60	0	223
BUB3	355	183	33	129	57	132	71	0	157
BUB3P1	0	1	0	1	0	0	1	0	0
BUD13	31	27	3	18	9	22	2	0	22
BUD23	161	104	13	68	32	61	28	0	73
BUD31	93	62	14	38	18	34	13	0	43
BVES	17	7	1	4	5	6	1	0	5
BVES-AS1	9	5	0	4	1	0	1	0	2
BYSL	112	51	8	40	17	28	10	0	41
BZW1	540	359	43	198	118	199	70	2	227
BZW1-AS1	6	9	2	4	1	4	2	0	6
BZW1P1	0	0	0	0	0	1	1	0	0
BZW1P2	2	1	1	3	0	0	0	0	0
BZW2	503	320	73	172	105	241	68	1	259
C10orf105	2	2	0	0	0	1	1	0	0
C10orf143	10	6	1	2	2	4	1	0	8
C10orf53	0	0	0	3	1	1	1	0	0
C10orf62	0	0	0	0	0	1	0	0	0
C10orf67	5	0	0	0	2	2	1	0	1
C10orf71	0	0	0	0	0	0	0	0	1
C10orf71-AS1	0	0	0	1	0	0	0	0	0
C10orf82	1	2	0	0	0	0	0	0	0
C10orf88	43	22	4	21	7	17	4	0	22
C10orf88B	19	12	2	8	2	10	2	0	10
C10orf90	22	21	2	16	6	7	2	0	10
C10orf95	0	0	1	0	0	0	0	0	0
C10orf95-AS1	21	13	2	7	6	5	3	0	13
C11orf1	1	3	1	3	2	0	0	0	1
C11orf21	0	1	0	0	0	0	0	0	0
C11orf24	114	68	21	41	26	53	17	0	42
C11orf40	0	2	1	0	0	0	0	0	0
C11orf52	0	1	0	0	0	0	0	0	0
C11orf54	18	8	1	3	6	4	4	0	18
C11orf58	182	127	30	86	54	99	32	0	122
C11orf65	14	6	0	3	2	3	3	0	6
C11orf68	23	15	0	11	7	6	5	0	5
C11orf71	8	4	0	6	1	3	2	0	7
C11orf80	126	100	29	49	25	90	40	1	123
C11orf86	0	2	0	1	0	1	0	0	0
C11orf87	1	1	0	0	0	0	1	0	0
C11orf91	1	0	0	0	0	0	0	0	0
C11orf94	3	2	0	1	0	2	0	0	0
C11orf96	17	2	0	6	0	3	0	0	2
C11orf97	0	1	1	1	0	0	0	0	2
C11orf98	9	7	0	6	2	4	0	0	6
C12orf29	54	44	10	15	9	25	8	0	28
C12orf4	85	46	10	36	16	51	15	0	72
C12orf40	14	3	1	3	0	2	1	0	6
C12orf42	83	17	2	11	5	8	14	0	9
C12orf42-AS1	1	0	0	0	0	0	0	0	0
C12orf43	49	21	6	11	10	9	5	0	12
C12orf50	4	2	0	2	0	1	1	0	2
C12orf54	0	0	0	0	0	0	1	0	0
C12orf56	14	3	0	5	1	1	2	0	4
C12orf57	827	796	91	473	237	254	192	0	347
C12orf60	17	12	2	9	6	4	3	0	11
C12orf73	42	19	3	13	1	11	5	0	20
C12orf75	73	46	7	35	17	40	7	0	50
C12orf75-AS1	1	2	0	2	1	1	0	0	1
C12orf76	20	14	3	10	6	9	2	0	15
C13orf42	8	6	2	1	2	1	0	0	1
C13orf46	68	56	3	26	21	27	15	0	59
C14orf119	48	35	10	26	9	21	11	1	24
C14orf132	22	21	2	9	6	6	5	0	8
C14orf178	0	1	0	0	0	1	0	0	0
C14orf180	2	0	0	0	0	0	0	0	0
C14orf28	5	6	0	1	0	2	1	0	1
C14orf39	8	3	0	2	1	0	2	0	3
C14orf93	16	9	5	10	5	16	4	0	19
C15orf39	110	42	14	32	16	24	12	0	26
C15orf40	46	21	7	19	11	28	10	0	33
C15orf48	2	0	0	0	1	1	0	0	0
C15orf61	9	7	1	6	2	3	6	1	9
C15orf62	1	0	0	0	0	0	0	0	0
C16orf46	2	2	0	0	0	0	0	0	0
C16orf54	0	1	0	1	0	0	0	0	0
C16orf74	90	73	8	25	21	28	10	1	23
C16orf78	0	1	0	1	0	0	0	0	0
C16orf86	0	1	0	0	0	1	0	0	0
C16orf87	89	59	12	29	11	51	6	0	56
C16orf89	1	1	0	0	0	1	0	0	1
C16orf91	12	6	1	5	0	1	2	0	4
C16orf92	1	0	0	0	0	0	0	0	0
C16orf95	31	23	2	10	6	6	5	0	19
C16orf95-DT	2	0	1	0	1	3	3	0	3
C16orf96	3	1	0	0	0	0	1	0	0
C17orf100	7	3	2	4	1	4	1	0	5
C17orf107	4	2	0	3	1	2	1	0	1
C17orf113	4	3	0	1	2	0	0	0	5
C17orf114	2	1	0	0	1	0	1	0	1
C17orf49	2	1	0	0	0	0	0	0	0
C17orf58	15	9	0	7	5	6	3	0	8
C17orf67	46	25	6	10	5	15	2	0	29
C17orf75	33	27	4	16	3	19	13	0	23
C17orf78	2	0	0	0	0	0	0	0	0
C17orf80	67	27	7	26	15	28	10	0	29
C17orf97	6	7	0	3	1	3	0	0	8
C17orf98	0	2	1	0	0	0	0	0	0
C17orf99	0	0	0	1	0	0	0	0	0
C18orf15	8	2	0	1	0	0	3	0	4
C18orf21	15	15	0	4	4	1	0	0	14
C18orf25	149	99	22	73	40	82	28	0	90
C18orf32	8	2	0	3	2	0	1	0	8
C18orf54	57	26	1	21	13	17	9	0	30
C18orf63	0	0	0	0	0	0	1	0	0
C19orf12	44	26	3	17	8	12	8	0	20
C19orf18	3	0	0	1	0	2	1	0	0
C19orf25	93	59	11	30	29	36	14	0	33
C19orf33	34	15	0	8	5	4	1	0	5
C19orf38	1	4	0	2	0	0	0	0	3
C19orf44	35	21	10	14	4	14	2	0	11
C19orf47	49	26	5	17	5	17	6	0	29
C19orf48	349	192	37	95	57	94	49	0	93
C19orf53	95	65	17	35	15	28	24	0	49
C19orf54	41	17	2	13	5	16	10	0	24
C19orf67	4	0	0	1	0	0	0	0	0
C19orf73	0	2	0	0	0	0	0	0	0
C19orf81	0	1	0	0	0	0	0	0	0
C19orf85	0	0	0	1	0	0	0	0	0
C1D	50	31	7	32	17	23	5	1	31
C1DP1	2	1	0	1	0	2	0	0	1
C1GALT1	134	91	16	55	41	68	27	0	85
C1GALT1C1	45	27	8	14	14	18	5	0	18
C1GALT1C1L	1	1	0	0	0	2	0	0	0
C1GALT1P1	2	1	0	0	0	1	1	0	0
C1QB	1	0	0	0	0	0	0	0	0
C1QBP	292	182	35	136	60	109	32	0	127
C1QBPP2	1	0	0	0	0	1	0	0	0
C1QL1	15	8	0	2	3	5	4	0	8
C1QL1P1	0	1	0	1	1	0	0	0	0
C1QL2	0	0	0	2	0	0	0	0	0
C1QL3	0	0	0	1	0	0	0	0	0
C1QL4	1	1	2	2	1	0	0	0	2
C1QTNF1	7	9	0	1	1	1	3	0	6
C1QTNF1-AS1	2	1	0	1	0	0	0	0	2
C1QTNF12	2	3	0	0	1	0	0	0	0
C1QTNF2	2	2	0	1	0	0	2	0	0
C1QTNF3	1	3	0	0	1	2	1	0	5
C1QTNF3-AMACR	256	245	38	125	90	173	73	0	267
C1QTNF4	0	1	0	1	2	0	0	0	1
C1QTNF5	2	0	0	0	0	0	0	0	1
C1QTNF6	24	33	4	19	10	24	10	0	29
C1QTNF7	10	2	0	3	0	1	1	0	2
C1QTNF7-AS1	26	26	5	18	9	11	9	0	23
C1QTNF8	0	0	0	0	0	0	1	0	0
C1QTNF9-AS1	1	0	0	0	0	0	0	0	0
C1R	22	20	2	8	3	6	1	0	16
C1RL	37	37	12	24	13	48	9	0	41
C1RL-AS1	104	61	7	31	18	43	18	1	60
C1S	66	52	11	22	19	26	6	0	51
C1orf100	0	1	0	1	0	1	0	0	1
C1orf105	4	0	0	0	0	1	1	0	0
C1orf109	51	31	5	20	11	34	10	0	32
C1orf112	163	123	34	57	36	94	31	2	158
C1orf115	7	1	1	2	3	1	1	0	2
C1orf116	2	1	0	1	0	1	0	0	2
C1orf122	43	16	4	10	7	3	4	0	10
C1orf127	6	1	0	2	0	2	0	0	1
C1orf131	32	21	1	17	10	26	7	0	23
C1orf141	9	5	0	5	1	0	1	0	2
C1orf146	1	2	0	1	0	1	0	0	1
C1orf159	192	135	32	77	49	95	41	0	113
C1orf162	3	3	0	0	0	1	0	0	1
C1orf167	4	3	0	2	0	0	0	0	0
C1orf174	48	30	6	26	8	15	8	1	30
C1orf185	1	2	0	2	0	0	0	0	2
C1orf198	70	28	2	20	12	24	15	0	27
C1orf21	272	295	40	118	96	214	73	0	254
C1orf21-DT	1	1	0	0	0	1	1	0	0
C1orf216	43	29	2	16	9	12	2	0	16
C1orf220	5	1	1	1	1	2	0	0	1
C1orf226	4	3	0	2	2	2	1	0	5
C1orf35	31	17	3	6	7	6	2	0	6
C1orf43	246	184	19	118	58	111	33	0	121
C1orf50	10	14	1	6	5	6	0	0	9
C1orf52	73	40	7	30	13	34	8	0	49
C1orf53	4	4	0	4	0	2	2	0	3
C1orf54	4	1	0	2	0	0	0	0	0
C1orf56	7	6	1	1	2	3	2	0	2
C1orf74	4	1	0	3	0	0	0	0	3
C1orf87	4	1	0	1	0	0	1	0	0
C1orf94	4	1	0	1	1	0	1	0	1
C2	20	11	2	13	6	7	7	0	9
C2-AS1	0	2	1	0	0	0	0	0	0
C20orf144	1	0	0	0	0	0	0	0	2
C20orf181	0	0	0	1	0	0	0	0	0
C20orf203	1	1	0	0	0	0	0	0	0
C20orf204	16	5	1	2	1	2	5	0	4
C20orf27	37	23	4	17	5	12	6	0	12
C20orf96	1	1	0	1	0	0	1	0	0
C21orf58	74	79	12	55	35	34	22	0	86
C21orf62	1	0	0	0	0	0	0	0	0
C21orf62-AS1	4	1	2	1	1	2	1	0	6
C21orf91	64	59	3	35	20	42	15	0	52
C21orf91-OT1	6	7	1	1	3	1	0	0	2
C22orf23	2	2	0	0	0	0	0	0	0
C22orf31	1	0	0	0	0	0	0	0	0
C22orf39	46	32	5	15	10	18	9	0	25
C22orf46	22	8	6	6	5	12	3	0	14
C2CD2	118	60	13	37	15	42	12	0	61
C2CD2L	19	13	3	10	4	10	3	0	9
C2CD3	282	216	43	137	72	162	74	2	240
C2CD4A	0	1	0	1	0	0	0	0	0
C2CD4B	1	0	0	0	0	0	0	0	0
C2CD4C	2	0	0	1	1	0	0	0	0
C2CD4D	1	0	0	0	0	0	0	0	0
C2CD4D-AS1	3	2	0	2	0	4	0	0	5
C2CD5	199	151	32	81	51	124	27	1	176
C2CD5-AS1	7	2	0	3	2	5	3	0	1
C2CD6	2	0	0	1	0	1	0	0	2
C2orf15	0	0	1	1	0	0	0	0	0
C2orf16	4	1	1	1	0	1	1	0	0
C2orf27A	63	42	8	26	25	31	12	0	28
C2orf42	51	39	6	19	17	26	8	0	39
C2orf49	63	32	8	18	17	18	10	0	40
C2orf49-DT	12	8	0	4	1	2	5	0	3
C2orf50	0	0	0	0	0	0	1	0	0
C2orf66	0	3	0	1	0	1	0	0	0
C2orf68	42	46	7	19	15	15	11	0	30
C2orf69	87	65	9	41	25	50	18	0	79
C2orf72	0	0	1	0	0	0	0	0	0
C2orf73	4	2	0	0	0	0	0	0	0
C2orf74	3	5	1	2	2	4	1	0	5
C2orf74-DT	12	4	0	8	4	5	6	0	10
C2orf76	26	15	1	6	5	14	3	0	10
C2orf81	0	0	0	0	0	1	0	0	0
C2orf83	1	1	0	0	0	0	1	0	0
C2orf88	21	12	3	6	8	12	3	0	20
C2orf92	16	8	0	6	3	2	4	0	10
C3	58	46	7	35	15	34	12	0	33
C3AR1	1	0	0	0	0	0	0	0	0
C3P1	4	0	0	1	0	0	0	0	1
C3orf14	1	1	0	0	0	0	0	0	0
C3orf18	6	6	0	7	3	2	2	0	7
C3orf20	14	8	1	4	4	6	1	0	6
C3orf22	3	1	0	0	0	0	0	0	0
C3orf33	6	5	0	2	1	5	0	0	2
C3orf36	5	0	0	3	0	0	0	0	1
C3orf38	33	31	8	22	10	30	7	0	36
C3orf49	1	0	0	0	0	0	0	0	0
C3orf52	133	54	9	55	26	41	10	0	41
C3orf62	19	15	4	13	3	11	4	0	10
C3orf70	3	1	0	0	1	1	0	0	0
C3orf80	10	6	0	1	1	1	1	1	2
C3orf84	0	1	0	0	0	0	0	0	0
C3orf85	2	2	1	3	0	0	0	0	1
C3orf86P	1	0	0	0	0	0	0	0	0
C4BPA	45	14	1	6	6	8	5	0	9
C4BPAP1	0	0	0	0	0	1	0	0	0
C4BPAP2	1	0	0	0	0	0	0	0	0
C4BPB	42	22	6	16	5	18	6	0	28
C4orf17	1	0	0	0	1	1	0	0	0
C4orf19	31	20	3	16	9	15	10	0	9
C4orf3	25	25	5	11	11	22	7	0	19
C4orf33	11	12	2	6	3	11	3	0	14
C4orf36	2	0	1	0	0	0	0	0	1
C4orf45	7	5	0	3	0	1	0	0	1
C4orf46	43	23	6	29	6	17	7	0	22
C4orf46P2	2	1	0	0	0	0	2	0	0
C4orf47	3	7	0	1	0	3	1	0	4
C4orf48	12	7	3	7	5	6	2	0	9
C4orf50	12	4	1	4	2	5	2	0	6
C4orf51	3	2	1	1	0	3	0	0	1
C4orf54	2	3	0	0	1	0	0	0	0
C5	7	13	4	10	4	5	4	0	21
C5AR1	10	25	1	5	5	14	10	0	47
C5AR2	25	36	9	18	6	22	22	0	38
C5orf15	120	114	20	46	30	84	17	0	97
C5orf22	212	139	34	81	56	113	32	0	122
C5orf24	158	164	25	82	58	113	34	0	151
C5orf34	98	66	15	33	18	56	19	0	72
C5orf34-AS1	4	7	2	5	2	3	0	0	6
C5orf46	20	7	0	13	2	13	2	0	15
C5orf47	0	2	0	0	0	1	0	0	2
C5orf49	1	1	0	0	2	1	0	0	0
C5orf52	6	2	2	3	2	0	0	0	0
C5orf58	3	0	0	1	0	0	1	0	2
C5orf63	23	13	1	11	11	8	10	0	16
C5orf64	9	5	0	5	1	1	1	0	0
C5orf64-AS1	0	0	0	0	0	1	0	0	0
C5orf67	5	4	1	1	0	1	0	0	0
C6	10	7	2	4	1	2	0	0	5
C6orf118	1	2	0	1	0	0	0	0	1
C6orf120	35	31	6	7	5	21	3	0	17
C6orf132	18	5	2	8	5	1	2	0	4
C6orf136	8	8	1	7	0	9	2	0	5
C6orf141	14	4	0	6	1	5	2	0	6
C6orf163	14	7	4	5	2	3	1	0	14
C6orf226	3	2	0	5	0	0	0	0	1
C6orf47	16	7	2	2	1	9	1	0	15
C6orf47-AS1	0	0	0	0	0	0	0	0	1
C6orf52	8	5	0	2	0	4	0	0	1
C6orf58	2	2	0	2	1	1	0	0	0
C6orf62	295	202	37	150	82	137	54	0	195
C6orf89	107	101	23	61	45	72	37	0	124
C7	6	0	0	0	1	3	1	0	0
C7orf25	14	14	3	5	4	4	2	0	4
C7orf31	9	7	2	3	0	3	2	0	4
C7orf33	6	2	1	3	0	0	0	0	1
C7orf50	555	279	51	156	94	125	86	1	167
C7orf57	1	1	0	2	0	0	0	0	1
C8A	2	0	0	1	0	1	0	0	3
C8B	5	0	1	0	0	1	0	0	0
C8G	0	2	0	0	0	2	1	0	1
C8orf33	197	86	9	100	37	83	25	0	73
C8orf34	12	10	0	4	0	5	6	1	7
C8orf34-AS1	19	17	4	21	8	11	13	0	10
C8orf44	2	2	0	0	1	4	1	0	4
C8orf44-SGK3	57	46	17	41	16	55	15	0	68
C8orf48	0	1	0	0	0	0	0	0	0
C8orf58	5	2	1	3	2	1	0	0	2
C8orf74	1	0	0	0	0	1	0	0	1
C8orf76	10	4	0	6	3	3	1	0	10
C8orf82	26	14	0	6	10	7	7	0	15
C8orf88	39	36	2	16	17	28	9	1	28
C8orf89	0	1	0	0	0	0	0	0	0
C9	2	2	0	0	0	2	1	0	1
C9orf152	1	1	0	1	0	0	0	0	0
C9orf153	23	19	3	15	12	19	3	0	30
C9orf163	3	6	1	3	3	1	0	0	1
C9orf24	2	4	1	1	1	2	0	0	3
C9orf40	41	24	6	11	10	15	1	0	22
C9orf43	9	6	1	3	2	4	0	0	7
C9orf50	1	1	0	0	0	0	0	0	0
C9orf57	13	2	0	6	0	2	2	0	3
C9orf64	63	32	7	30	20	16	5	0	26
C9orf72	37	43	3	18	16	31	10	1	51
C9orf78	152	71	10	47	30	47	17	0	45
C9orf85	118	77	12	48	24	69	24	0	101
CA1	1	0	0	1	0	0	0	0	1
CA10	17	15	1	6	4	8	5	0	9
CA11	6	5	2	2	2	3	0	0	3
CA12	241	166	32	96	46	126	44	1	92
CA13	39	41	5	21	16	22	5	0	28
CA14	1	0	0	0	0	0	0	0	0
CA15P1	0	2	0	0	0	0	0	0	0
CA2	69	29	11	18	10	19	4	0	19
CA3	13	10	1	2	3	8	3	0	10
CA3-AS1	5	0	0	1	0	2	0	0	0
CA4	4	0	0	0	0	1	0	0	2
CA5A	21	29	11	8	9	17	10	0	41
CA5B	50	19	5	17	6	20	5	0	22
CA5BP1	106	71	22	40	23	55	15	0	82
CA6	0	1	0	0	0	0	2	0	0
CA8	6	2	0	3	2	2	0	0	1
CA9	32	59	9	14	23	26	5	0	37
CAAP1	197	114	28	87	42	140	35	2	186
CAB39	321	198	41	130	80	167	31	1	237
CAB39L	22	27	5	11	12	22	5	0	30
CABCOCO1	6	2	0	1	1	1	0	0	1
CABIN1	355	304	62	125	105	165	86	1	210
CABLES1	267	127	20	89	50	92	23	0	73
CABLES2	21	8	2	6	5	7	5	0	9
CABP1	0	0	0	0	0	0	0	0	1
CABP1-DT	0	1	0	1	0	0	0	0	0
CABP2	1	2	0	0	1	0	0	0	0
CABP4	14	9	0	1	0	3	7	0	3
CABP5	0	2	1	3	0	0	0	0	2
CABP7	0	1	0	0	0	0	0	0	2
CABP7-DT	4	2	0	1	0	0	1	0	0
CABYR	47	42	10	16	12	30	9	0	62
CACFD1	9	12	2	6	0	3	2	1	7
CACHD1	314	186	38	119	64	104	66	0	197
CACNA1A	21	10	1	8	1	10	4	0	6
CACNA1B	13	6	1	6	2	2	1	0	7
CACNA1C	90	65	9	40	14	25	17	0	31
CACNA1C-AS1	4	2	0	0	0	0	0	0	0
CACNA1C-AS3	0	0	0	0	1	1	0	0	0
CACNA1C-AS4	1	0	0	0	0	0	0	0	1
CACNA1C-IT3	1	0	0	1	0	0	0	0	0
CACNA1D	45	26	5	18	6	17	11	0	33
CACNA1E	28	20	2	6	9	7	6	0	12
CACNA1F	1	2	0	1	1	0	0	0	0
CACNA1G	20	39	10	6	8	17	10	0	22
CACNA1G-AS1	1	2	0	2	0	1	0	0	0
CACNA1H	7	7	0	5	0	2	4	0	5
CACNA1I	5	2	0	0	0	2	2	0	0
CACNA1S	6	5	0	1	0	1	1	0	2
CACNA2D1	1088	999	155	511	341	791	293	2	1185
CACNA2D1-AS1	1	0	0	0	0	0	0	0	1
CACNA2D2	20	8	1	5	1	5	1	0	5
CACNA2D3	1825	1629	270	749	540	1080	673	7	1571
CACNA2D3-AS1	1	0	0	0	0	1	0	0	0
CACNA2D4	8	8	1	4	0	1	0	0	3
CACNB1	40	21	5	22	6	12	6	0	19
CACNB2	133	175	30	80	57	142	74	1	220
CACNB3	23	22	4	16	7	11	10	0	12
CACNB4	90	53	12	38	13	38	7	0	33
CACNG1	0	1	0	0	0	0	0	0	0
CACNG2	12	1	1	3	1	0	0	0	2
CACNG2-DT	3	1	0	0	1	0	0	0	0
CACNG3	2	4	1	3	1	5	2	0	2
CACNG4	29	13	0	10	4	5	4	0	11
CACNG5	1	1	0	0	0	0	2	0	0
CACNG6	5	1	0	1	0	1	2	0	0
CACNG7	0	1	0	1	0	0	1	0	0
CACNG8	3	2	0	4	0	1	0	0	2
CACTIN	83	48	14	33	22	21	16	0	40
CACTIN-AS1	16	7	2	4	2	6	1	0	8
CACUL1	308	159	29	112	68	121	34	0	177
CACYBP	229	123	20	100	61	62	26	0	68
CACYBPP2	2	1	0	2	0	0	0	0	1
CAD	349	209	45	128	60	120	47	1	155
CADM1	126	66	11	44	27	70	20	1	79
CADM2	126	168	30	51	62	161	49	0	349
CADM2-AS1	2	0	0	1	0	0	0	0	0
CADM3	3	1	0	1	0	0	0	0	1
CADM3-AS1	0	0	0	0	0	1	0	0	2
CADM4	5	2	3	1	0	1	0	0	1
CADPS	22	9	1	18	5	6	2	0	1
CADPS2	99	58	13	38	22	72	18	0	82
CAGE1	5	5	1	2	0	5	0	0	4
CAHM	2	3	0	0	0	1	0	0	0
CALB1	0	1	0	0	0	0	0	0	2
CALB2	2	1	0	1	0	2	0	0	2
CALCA	0	3	0	1	0	0	0	0	1
CALCB	22	4	1	3	3	3	0	0	21
CALCOCO1	35	34	10	17	7	12	12	0	39
CALCOCO2	203	117	17	68	35	69	41	0	76
CALCR	9	4	0	3	2	1	1	0	2
CALCRL	3	2	2	2	1	2	3	0	5
CALCRL-AS1	17	19	1	8	6	13	4	0	8
CALD1	1612	1111	240	775	402	948	317	2	1297
CALHM1	0	0	0	0	1	0	0	0	0
CALHM2	1	0	1	1	0	0	0	0	1
CALHM3	0	0	0	0	0	0	0	0	1
CALHM4	0	0	0	0	0	1	1	0	0
CALHM5	1	0	0	0	0	0	0	0	0
CALHM6	1	2	0	0	0	1	0	0	0
CALM1	371	226	36	163	85	130	57	0	177
CALM1P1	1	0	0	0	0	0	0	0	0
CALM2	403	227	29	168	73	108	54	1	139
CALM2P1	2	0	0	0	1	0	0	0	0
CALM2P2	2	2	0	0	1	0	0	0	0
CALM2P3	1	0	0	0	0	0	0	0	0
CALM2P4	0	0	0	0	0	0	0	0	1
CALM3	215	134	32	120	48	79	47	0	117
CALML3	2	0	0	0	0	0	0	0	0
CALML4	14	11	2	5	6	3	4	0	6
CALML6	2	0	0	0	0	0	0	0	0
CALN1	36	17	2	9	5	6	5	0	5
CALR	1386	882	200	532	283	542	245	3	767
CALR3	0	0	0	0	0	0	1	0	0
CALR4P	0	0	0	2	0	0	0	0	0
CALU	1041	669	122	399	211	487	143	1	586
CALY	4	0	0	0	0	0	0	0	1
CAMK1	24	20	3	9	2	8	3	0	18
CAMK1D	1212	781	139	465	290	563	205	3	654
CAMK1G	1	0	0	0	1	0	1	0	0
CAMK2A	5	3	0	2	1	2	1	0	2
CAMK2B	17	7	0	2	5	5	4	0	1
CAMK2D	440	232	35	151	95	208	49	0	204
CAMK2G	159	126	20	62	42	60	34	0	68
CAMK2G-AS1	0	0	0	1	0	0	0	0	0
CAMK2N1	7	6	0	2	1	0	0	0	4
CAMK2N2	6	2	0	2	0	0	1	0	1
CAMK4	99	53	6	44	20	55	13	0	39
CAMKK1	115	54	5	39	21	34	23	0	37
CAMKK2	127	62	14	41	16	46	16	0	49
CAMKMT	913	626	90	389	223	506	137	2	613
CAMKV	1	0	0	0	0	0	0	0	0
CAMLG	49	44	6	11	13	14	17	0	43
CAMSAP1	321	224	33	148	59	119	54	0	165
CAMSAP1-DT	70	53	7	28	20	32	13	0	45
CAMSAP2	555	328	59	194	129	264	79	0	413
CAMSAP3	10	2	0	2	1	1	0	0	3
CAMTA1	857	762	145	334	224	479	164	0	641
CAMTA1-AS2	2	2	0	0	0	1	0	0	2
CAMTA1-DT	3	3	0	3	1	1	2	0	1
CAMTA1-IT1	0	0	0	0	1	0	0	0	0
CAMTA2	150	55	15	48	17	40	21	0	37
CAMTA2-AS1	0	1	0	0	0	0	0	0	1
CAND1	404	234	60	154	99	199	78	0	246
CAND2	14	9	2	7	0	6	5	1	9
CANT1	87	69	19	41	25	54	20	0	48
CANX	2005	1336	220	753	442	803	350	2	1083
CAP1	365	227	48	156	88	161	50	2	190
CAP1P1	1	1	0	0	0	0	0	0	0
CAP1P2	2	2	1	0	0	0	0	0	0
CAP2	227	112	17	86	53	85	37	1	84
CAP2P1	1	0	1	0	0	0	1	0	0
CAPG	52	33	7	19	10	15	8	0	28
CAPN1	95	46	7	43	24	18	12	0	45
CAPN1-AS1	4	3	0	1	0	3	0	0	0
CAPN10	31	27	6	14	13	13	7	0	13
CAPN10-DT	12	12	0	3	2	8	1	0	4
CAPN11	1	2	0	2	0	0	1	0	0
CAPN12	8	4	1	1	1	2	0	0	1
CAPN13	3	3	0	0	0	1	0	0	1
CAPN14	1	0	1	1	0	0	0	0	1
CAPN15	568	247	57	161	78	98	56	1	163
CAPN2	688	339	52	246	126	196	60	0	207
CAPN3	1	0	0	0	0	1	1	0	0
CAPN5	7	3	0	2	3	3	3	0	0
CAPN6	7	6	1	1	6	4	0	0	3
CAPN7	126	89	24	57	37	62	17	0	97
CAPN8	2	2	0	1	1	1	2	0	0
CAPN9	3	1	0	1	1	0	1	0	0
CAPNS1	234	134	28	127	39	100	50	0	124
CAPRIN1	862	506	83	345	197	354	121	2	494
CAPRIN2	117	73	8	41	20	43	10	0	42
CAPS	1	0	0	1	1	0	0	0	2
CAPS2	22	28	4	6	12	24	6	0	33
CAPSL	5	0	1	0	0	1	1	0	1
CAPSL-DT	0	1	0	0	0	0	0	0	0
CAPZA1	590	305	70	274	103	233	86	1	288
CAPZA1P2	2	1	0	1	0	2	2	0	1
CAPZA1P3	0	0	0	1	0	1	1	0	0
CAPZA2	280	175	29	102	53	141	38	0	175
CAPZB	922	769	125	370	246	435	202	2	596
CARD10	43	31	9	22	8	22	11	0	30
CARD11	15	9	1	4	5	4	1	0	3
CARD14	10	8	1	1	1	3	0	0	1
CARD16	2	2	0	0	0	0	0	0	1
CARD18	23	10	4	13	1	4	4	0	4
CARD19	34	10	4	12	5	11	4	0	12
CARD6	19	16	4	10	2	7	4	1	14
CARD8	69	54	11	35	19	44	24	0	66
CARD8-AS1	2	6	0	0	2	2	0	0	1
CARD9	0	2	0	1	0	0	0	0	1
CARF	23	12	5	7	7	11	7	0	16
CARHSP1	61	48	8	21	16	34	19	1	50
CARM1	163	82	17	53	30	50	31	0	66
CARM1P1	8	1	0	2	2	1	0	0	0
CARMAL	1	0	0	2	0	1	1	0	1
CARMIL1	364	297	64	167	97	261	69	1	289
CARMIL2	10	4	0	3	0	4	2	0	4
CARMIL3	2	1	0	0	0	1	0	0	1
CARMN	8	62	13	7	18	56	24	0	85
CARNMT1	184	129	19	94	43	88	20	0	118
CARNMT1-AS1	5	2	0	0	0	5	1	0	5
CARNS1	9	4	0	1	0	1	0	0	1
CARS1	348	250	39	114	89	136	60	1	267
CARS1-AS1	1	0	0	0	0	0	0	0	0
CARS2	374	197	32	144	82	134	78	1	154
CASC11	11	9	1	7	4	10	7	0	8
CASC15	77	77	16	42	23	59	22	1	80
CASC16	1	2	1	0	1	1	0	0	2
CASC17	15	2	1	1	4	1	0	0	3
CASC18	2	2	0	1	0	0	0	0	1
CASC19	12393	10857	2281	5683	3833	8882	2770	26	11938
CASC2	17	17	8	11	5	16	8	0	21
CASC20	1	1	0	3	1	0	3	0	3
CASC22	0	0	0	0	0	0	1	0	0
CASC23	0	0	0	0	1	0	0	0	0
CASC3	255	176	32	115	63	101	38	1	156
CASC6	3	3	0	2	0	1	0	0	2
CASC8	44	33	7	17	10	32	10	0	29
CASC9	9	3	0	3	3	0	2	0	4
CASD1	99	65	11	45	22	51	20	0	70
CASK	417	345	72	197	115	266	93	1	389
CASK-AS1	1	0	0	0	0	0	0	0	0
CASKIN1	2	3	1	1	2	1	3	0	9
CASKIN2	39	18	7	15	4	15	5	0	23
CASKP1	1	0	0	0	0	0	0	0	0
CASP1	6	1	0	2	2	4	0	0	2
CASP10	9	3	1	2	0	2	1	0	0
CASP14	1	0	0	0	0	0	0	0	0
CASP1P2	0	0	0	0	0	1	0	0	0
CASP2	108	75	19	51	29	54	24	0	86
CASP3	49	32	7	25	18	14	9	0	25
CASP4	58	36	5	24	8	28	3	0	13
CASP5	1	1	0	2	0	0	0	0	0
CASP6	19	4	0	7	3	6	4	0	12
CASP7	55	41	9	27	11	26	10	0	26
CASP8	150	108	21	79	40	61	28	0	94
CASP8AP2	142	135	15	59	36	97	31	1	171
CASP9	72	70	16	36	20	57	30	0	75
CASQ1	4	0	0	1	1	1	0	0	0
CASQ2	5	4	1	3	0	1	0	0	1
CASR	6	2	0	2	0	1	0	0	1
CASS4	6	7	1	4	4	7	3	0	6
CAST	1020	755	157	473	270	554	170	2	649
CASTOR2	29	28	2	18	12	25	17	0	43
CASTOR3P	37	38	9	19	11	19	14	0	39
CASZ1	51	11	5	13	8	8	9	0	6
CAT	51	63	7	31	18	36	20	1	46
CATIP	0	0	0	0	1	0	0	0	0
CATIP-AS2	1	1	0	2	0	0	0	0	0
CATSPER1	5	1	0	0	0	1	0	0	1
CATSPER2	37	39	9	20	4	21	15	0	34
CATSPER2P1	2	2	0	1	3	2	1	0	5
CATSPER3	6	9	4	6	11	10	4	0	17
CATSPER4	1	0	0	0	0	1	0	0	0
CATSPERB	27	50	7	19	16	28	12	0	46
CATSPERD	4	2	1	1	1	4	1	0	2
CATSPERE	26	29	5	11	13	19	9	0	36
CATSPERG	9	5	2	6	3	2	1	0	7
CATSPERZ	0	1	0	0	0	0	0	0	0
CAV1	193	80	13	60	24	42	15	0	74
CAV2	82	39	6	33	12	29	9	0	30
CAV3	3	4	3	2	0	0	1	0	1
CAVIN1	488	216	36	146	72	106	62	1	148
CAVIN2	3	2	0	0	0	0	0	0	1
CAVIN2-AS1	10	4	1	4	2	1	0	0	2
CAVIN3	19	9	0	12	1	3	3	0	3
CAVIN4	10	5	1	4	2	5	2	0	3
CBARP	52	18	6	12	7	10	14	0	9
CBARP-DT	0	0	0	0	0	0	0	0	1
CBFA2T2	186	119	28	62	30	102	53	0	165
CBFA2T3	28	4	0	4	0	0	1	0	2
CBFB	273	164	33	122	60	113	40	0	215
CBL	159	75	21	71	26	78	23	1	67
CBLB	1030	716	138	468	232	641	210	3	761
CBLC	0	1	0	0	1	0	0	0	1
CBLIF	1	1	0	0	0	0	0	0	0
CBLL1	97	59	10	43	21	60	12	0	71
CBLL1-AS1	1	2	0	3	1	4	0	0	0
CBLN1	1	1	0	1	0	0	0	0	0
CBLN2	5	2	0	0	0	0	0	0	5
CBLN3	4	7	0	6	4	5	6	0	6
CBLN4	1	1	0	1	0	1	0	0	0
CBR1	105	63	12	46	24	31	12	0	37
CBR1-AS1	7	2	0	2	0	1	0	0	1
CBR3	17	4	1	6	0	1	0	0	3
CBR3-AS1	8	4	1	1	0	0	0	0	3
CBR4	131	127	16	57	36	105	19	0	152
CBR4-DT	1	1	1	0	1	1	0	0	1
CBS	24	9	3	3	1	9	3	0	3
CBX1	107	79	12	55	24	52	19	0	70
CBX1P3	1	0	0	0	0	0	0	0	0
CBX2	82	51	11	33	10	27	10	0	35
CBX3	415	275	50	204	89	163	61	1	225
CBX3P1	1	0	0	1	0	0	0	0	0
CBX3P2	3	2	0	1	0	4	0	0	2
CBX3P6	0	0	0	1	0	0	0	0	0
CBX3P9	2	0	0	0	0	0	0	0	0
CBX4	206	94	36	61	38	69	30	1	94
CBX5	650	531	108	403	195	396	152	4	599
CBX5P1	1	0	0	0	0	0	0	0	0
CBX6	141	81	20	52	32	40	21	1	45
CBX7	26	11	6	11	3	9	6	0	8
CBX8	27	18	2	13	7	16	8	0	17
CBY1	28	25	4	12	7	14	7	0	15
CBY2	0	1	0	0	0	0	0	0	0
CBY3	0	1	0	1	0	0	0	0	1
CC2D1A	80	59	15	23	21	27	21	0	35
CC2D1B	56	34	11	31	14	37	10	0	43
CC2D2A	201	110	20	72	43	86	32	0	98
CC2D2B	5	3	0	0	0	0	0	0	1
CCAR1	477	318	44	189	94	185	79	1	235
CCAR2	155	100	16	69	25	57	24	0	68
CCBE1	32	21	3	12	11	5	7	0	26
CCDC102A	30	13	4	4	6	7	1	0	5
CCDC102B	17	8	2	3	6	6	4	1	10
CCDC103	8	4	0	2	1	0	2	0	1
CCDC105	0	0	0	0	1	0	1	0	0
CCDC106	12	19	6	4	5	8	2	0	13
CCDC107	20	16	1	11	4	5	4	0	5
CCDC110	1	0	0	0	0	0	1	0	1
CCDC112	48	24	1	11	14	19	2	0	33
CCDC113	20	15	4	5	1	8	3	0	14
CCDC115	14	5	3	4	3	3	1	0	3
CCDC116	2	0	0	0	0	0	0	0	0
CCDC117	79	56	13	37	22	30	10	0	52
CCDC12	352	224	46	132	68	122	69	1	145
CCDC120	37	14	9	16	10	14	1	0	21
CCDC121	0	1	0	0	1	1	0	0	1
CCDC122	19	14	4	8	8	11	2	0	23
CCDC124	109	53	10	33	16	30	14	1	40
CCDC125	51	45	11	28	20	38	17	0	51
CCDC126	24	19	2	13	11	18	2	0	14
CCDC127	97	59	4	34	20	33	24	0	42
CCDC13-AS1	0	0	0	0	0	0	0	0	1
CCDC13-AS2	0	1	0	0	0	0	0	0	0
CCDC134	135	169	32	64	56	85	51	0	148
CCDC136	21	9	1	7	4	8	3	0	16
CCDC137	63	46	5	24	8	22	5	0	26
CCDC138	256	190	31	120	67	170	43	1	233
CCDC14	233	189	37	109	68	172	49	0	217
CCDC140	1	0	0	1	0	0	0	0	0
CCDC141	6	2	0	3	0	1	0	0	2
CCDC142	58	37	6	17	12	16	13	0	30
CCDC144A	0	1	0	0	0	0	0	0	0
CCDC144BP	34	23	2	14	10	26	4	0	25
CCDC144CP	30	58	6	25	20	38	16	0	64
CCDC144NL	3	1	0	3	0	0	2	0	5
CCDC144NL-AS1	11	13	1	4	9	4	4	0	9
CCDC146	22	29	4	9	6	15	9	0	25
CCDC148	10	4	0	6	5	5	3	0	2
CCDC148-AS1	1	2	0	1	0	1	0	0	1
CCDC149	11	5	1	5	3	2	3	0	3
CCDC15	24	15	3	10	7	15	5	0	20
CCDC150	198	128	28	67	49	95	35	1	138
CCDC152	34	26	6	21	10	14	7	0	19
CCDC153	1	1	0	0	0	1	0	0	0
CCDC154	4	3	0	2	0	0	0	0	6
CCDC157	16	6	2	5	5	5	5	0	10
CCDC158	4	5	0	3	0	1	1	0	3
CCDC159	3	2	1	2	0	1	2	0	2
CCDC162P	9	2	0	2	0	5	1	0	12
CCDC163	6	9	0	1	0	2	1	0	6
CCDC166	0	1	0	2	0	0	0	0	0
CCDC167	10	12	0	2	4	5	0	0	12
CCDC168	3	1	0	0	0	1	0	0	3
CCDC169	6	4	1	4	2	3	2	0	2
CCDC169-SOHLH2	24	30	2	14	7	21	5	0	20
CCDC17	11	6	2	6	3	1	3	0	6
CCDC170	5	3	0	1	0	3	2	0	1
CCDC171	116	69	20	42	31	51	28	0	106
CCDC172	4	1	2	2	2	1	1	0	2
CCDC174	46	40	8	25	13	23	7	0	34
CCDC175	4	1	0	0	0	0	0	0	2
CCDC177	1	0	0	0	0	0	0	0	0
CCDC178	7	6	1	12	1	0	1	0	1
CCDC179	1	0	0	1	1	0	0	0	0
CCDC18	179	153	37	80	61	136	32	0	156
CCDC18-AS1	68	75	9	25	20	57	12	0	94
CCDC180	1	2	1	0	1	0	3	0	5
CCDC181	1	5	0	3	0	7	0	0	3
CCDC183	1	2	0	0	0	1	0	0	0
CCDC183-AS1	29	14	4	10	4	9	4	0	7
CCDC184	1	0	0	0	0	0	0	0	0
CCDC185	2	0	0	1	1	0	0	0	0
CCDC186	47	40	8	27	17	32	8	0	53
CCDC187	6	4	2	0	2	3	1	0	2
CCDC188	2	0	0	0	1	0	0	0	1
CCDC188BP	1	1	0	2	0	0	0	0	1
CCDC190	4	3	0	4	1	3	1	0	5
CCDC191	10	14	2	3	2	5	2	0	19
CCDC192	13	4	2	1	0	3	1	0	4
CCDC194	10	6	0	5	3	3	2	0	3
CCDC195	1	0	0	0	0	0	0	0	0
CCDC196	2	1	0	1	0	1	1	0	0
CCDC197	9	10	3	1	3	6	2	0	9
CCDC198	0	1	0	0	1	0	0	0	0
CCDC200	108	80	11	29	14	32	30	0	41
CCDC201	1	0	0	0	0	1	0	0	0
CCDC22	19	27	4	7	4	9	7	0	20
CCDC24	8	2	1	7	4	4	2	0	6
CCDC25	56	52	7	42	25	42	8	0	60
CCDC26	32	26	3	15	3	11	1	0	10
CCDC27	1	1	0	1	0	0	0	0	0
CCDC28A	21	16	3	19	9	12	5	0	23
CCDC28A-AS1	7	1	1	4	3	2	2	0	5
CCDC28B	9	7	3	4	1	1	3	0	6
CCDC3	230	116	18	88	36	48	59	0	76
CCDC30	15	13	2	2	6	2	1	0	4
CCDC32	62	71	9	35	18	41	15	0	57
CCDC33	9	5	0	6	1	4	3	0	1
CCDC34	97	80	11	39	19	37	9	0	45
CCDC38	6	9	2	7	5	4	3	0	4
CCDC39	2	0	0	1	0	1	0	0	0
CCDC39-AS1	1	0	0	0	0	0	0	0	0
CCDC40	22	17	5	10	9	7	6	0	21
CCDC42	2	1	0	2	0	0	1	0	1
CCDC43	112	78	13	42	37	43	17	0	57
CCDC47	362	210	25	140	83	145	59	1	168
CCDC50	353	222	36	149	74	135	50	1	193
CCDC51	43	20	6	13	4	11	7	0	17
CCDC54-AS1	78	116	26	45	33	88	41	1	157
CCDC57	561	451	78	219	136	244	120	0	290
CCDC59	49	28	2	18	12	26	7	0	19
CCDC6	346	221	46	149	84	148	57	1	218
CCDC60	9	6	0	6	3	2	1	0	4
CCDC61	33	29	4	11	8	14	6	0	23
CCDC62	2	6	1	1	1	4	0	0	10
CCDC63	4	3	0	0	1	0	2	0	2
CCDC65	5	1	1	3	0	1	0	0	0
CCDC66	204	155	20	90	63	115	36	0	157
CCDC68	33	18	1	15	7	10	3	0	5
CCDC69	2	6	0	2	4	3	1	0	5
CCDC7	113	101	13	51	29	51	22	0	109
CCDC70	0	0	0	0	0	0	0	0	1
CCDC71	27	26	3	17	5	8	4	0	18
CCDC71L	30	9	1	5	1	7	2	0	3
CCDC73	13	6	0	2	3	5	0	0	5
CCDC74A	2	0	0	0	1	1	0	0	1
CCDC74B	1	2	0	1	1	0	0	0	3
CCDC74BP1	2	0	0	0	0	0	0	0	0
CCDC77	109	69	15	47	30	39	20	0	71
CCDC78	22	17	3	5	4	8	7	0	11
CCDC80	43	32	8	18	4	25	12	0	34
CCDC81	13	5	1	5	0	0	2	0	2
CCDC82	80	61	11	32	29	52	22	1	62
CCDC83	2	2	0	2	0	1	0	0	0
CCDC85A	1	1	0	0	0	0	0	0	0
CCDC85B	50	21	7	23	3	12	8	0	16
CCDC85C	212	101	20	59	42	68	36	1	64
CCDC86	141	66	15	61	17	28	21	0	50
CCDC88A	322	215	38	156	87	202	42	0	226
CCDC88B	11	10	3	3	2	6	3	0	4
CCDC88C	120	75	22	45	26	41	14	1	50
CCDC88C-DT	0	1	0	1	0	1	0	0	0
CCDC9	99	54	9	40	12	29	13	0	50
CCDC90B	96	73	14	38	23	49	12	0	80
CCDC90B-AS1	75	59	12	17	17	32	12	0	61
CCDC91	759	470	67	296	136	406	106	1	479
CCDC92	26	24	2	10	7	7	6	0	24
CCDC92B	5	2	0	1	0	0	1	0	1
CCDC93	185	148	24	77	48	70	35	0	103
CCDC96	1	0	0	1	0	0	0	0	0
CCDC97	74	46	14	29	8	26	12	0	34
CCDC9B	32	23	3	4	10	7	4	0	13
CCER1	1	0	0	0	0	1	0	0	0
CCER2	0	2	0	1	0	0	0	0	4
CCHCR1	29	22	0	16	3	13	8	0	16
CCK	0	1	0	0	0	1	0	0	0
CCKAR	0	0	0	0	0	1	1	0	0
CCKBR	0	1	0	0	1	0	0	0	0
CCL13	0	0	0	1	0	0	0	0	0
CCL15-CCL14	0	0	0	0	1	0	0	0	0
CCL17	1	0	0	0	0	0	0	0	1
CCL18	0	1	0	0	0	0	0	0	0
CCL2	15	16	1	5	4	4	1	0	4
CCL20	1	1	0	0	0	0	0	0	0
CCL24	2	0	0	0	1	1	0	0	0
CCL25	1	0	0	0	0	0	0	0	0
CCL26	1	0	0	0	0	0	0	0	1
CCL28	3	6	0	8	1	2	0	0	4
CCL5	0	0	0	0	0	0	0	0	1
CCM2	157	69	15	55	22	66	29	1	86
CCM2L	12	2	0	3	1	0	1	0	0
CCN1	1487	663	120	446	214	407	187	3	363
CCN2	691	304	91	227	100	223	95	1	206
CCN3	110	58	9	38	10	44	10	0	41
CCN4	2	1	0	2	1	1	0	0	0
CCN5	23	5	1	2	3	0	1	1	1
CCN6	0	1	0	0	0	0	0	0	0
CCNA1	13	8	2	4	5	4	2	0	11
CCNA2	181	89	11	87	34	70	26	0	60
CCNB1	337	194	32	138	75	128	59	0	157
CCNB1IP1	267	209	19	113	63	84	42	0	114
CCNB1IP1P1	1	0	0	0	0	0	0	0	0
CCNB1IP1P2	1	0	0	0	0	0	0	0	0
CCNB2	129	83	15	56	23	46	27	1	61
CCNB2P1	0	0	0	0	1	2	0	0	0
CCNB3	3	4	1	2	3	2	1	0	3
CCNC	136	80	20	50	24	65	19	2	87
CCND1	381	105	21	121	37	90	14	0	72
CCND2	0	0	0	1	1	0	0	0	0
CCND2-AS1	2	2	0	2	1	0	0	0	1
CCND3	304	172	25	130	58	100	28	0	69
CCNDBP1	26	16	7	13	7	12	5	0	9
CCNE1	43	10	1	9	4	2	2	0	17
CCNE2	61	46	6	25	7	25	11	0	38
CCNF	116	72	18	44	31	34	27	1	67
CCNG1	89	63	9	50	26	64	11	0	69
CCNG1P1	0	0	0	0	0	0	0	0	1
CCNG2	56	37	3	18	7	26	8	0	37
CCNH	364	231	44	148	105	182	59	3	281
CCNI	218	174	44	135	54	158	45	1	197
CCNI2	0	2	0	0	0	1	0	0	0
CCNJ	17	16	2	9	11	9	5	0	12
CCNJL	62	46	4	22	10	14	11	0	39
CCNK	169	82	22	73	31	72	29	0	85
CCNL1	301	168	39	91	67	144	37	0	162
CCNL2	287	197	31	99	72	114	58	1	142
CCNO	12	7	1	3	1	1	0	1	1
CCNO-DT	18	9	3	5	5	5	5	0	8
CCNP	3	2	0	2	0	0	0	0	0
CCNQ	18	8	5	6	5	4	0	0	4
CCNT1	274	198	46	107	65	143	38	1	214
CCNT2	217	146	25	108	82	144	28	1	203
CCNT2-AS1	18	15	3	13	11	13	6	0	17
CCNY	670	441	62	251	129	281	102	1	367
CCNY-AS1	72	68	6	37	16	32	12	0	55
CCNYL1	98	61	11	38	20	63	12	0	81
CCNYL2	3	1	1	1	2	2	0	0	2
CCP110	95	56	19	36	17	51	12	0	72
CCPG1	241	121	16	94	42	94	30	0	117
CCR1	1	0	1	1	2	0	1	0	0
CCR10	5	3	0	3	0	1	3	0	2
CCR2	1	0	0	0	0	0	0	0	0
CCR3	19	31	3	11	12	32	14	0	49
CCR5AS	4	0	0	0	0	0	0	0	0
CCR7	0	1	0	0	0	0	0	0	1
CCR8	1	0	0	0	0	0	0	0	0
CCR9	0	0	0	0	1	0	0	0	0
CCRL2	0	0	0	2	0	0	0	0	0
CCS	40	49	5	8	12	15	4	0	24
CCSAP	37	21	4	17	9	22	5	0	22
CCSER1	545	676	123	257	239	528	125	1	810
CCSER2	198	164	22	99	47	128	30	0	171
CCT2	451	268	44	169	86	173	59	3	151
CCT3	814	488	87	309	155	303	101	0	361
CCT4	581	329	57	195	133	199	77	1	221
CCT4P1	1	0	0	0	0	1	1	0	1
CCT5	1817	1031	171	693	398	619	287	2	683
CCT5P1	2	1	0	1	1	0	0	0	1
CCT5P2	7	0	1	0	0	2	0	0	0
CCT6A	798	454	58	336	153	266	108	0	280
CCT6B	8	6	3	6	3	7	1	0	9
CCT6P2	4	1	0	0	1	0	0	0	3
CCT6P3	37	32	7	17	9	29	5	0	39
CCT7	417	213	45	155	83	153	57	2	164
CCT7P1	1	0	0	0	0	0	1	0	1
CCT8	538	296	42	193	98	188	65	0	206
CCT8P1	0	3	0	0	0	0	0	0	0
CCZ1	27	21	5	24	9	13	8	0	19
CCZ1B	15	9	1	1	4	5	3	0	10
CCZ1P1	0	0	0	0	0	1	0	0	0
CD101	18	12	1	7	6	12	5	0	15
CD101-AS1	6	6	1	4	1	4	5	0	5
CD109	366	204	34	128	54	154	59	2	174
CD109-AS1	1	1	0	1	1	1	0	0	1
CD14	1	0	0	0	0	0	0	0	0
CD151	115	53	6	44	21	37	15	0	59
CD160	2	0	1	0	1	1	0	0	0
CD163	1	0	0	0	0	1	0	0	0
CD163L1	5	7	0	3	3	2	0	0	3
CD164	284	188	32	111	67	156	41	0	178
CD177	1	0	0	0	0	0	0	0	0
CD180	1	1	0	1	0	0	0	0	0
CD19	0	1	0	0	0	1	0	0	0
CD1C	1	0	0	0	0	0	0	0	0
CD1D	0	0	0	0	0	1	0	0	0
CD2	0	1	1	0	0	0	0	0	0
CD200	0	1	0	0	0	0	0	0	1
CD200R1	3	0	0	1	1	0	1	0	1
CD200R1L	1	1	0	1	0	0	0	0	0
CD200R1L-AS1	3	0	0	0	0	0	0	0	0
CD209	0	0	0	0	0	0	0	0	1
CD22	0	2	0	1	0	0	0	0	0
CD226	13	26	5	11	13	26	2	0	30
CD24	90	68	14	40	29	59	13	0	61
CD244	4	0	0	0	1	1	0	0	1
CD247	7	7	3	2	0	2	0	0	0
CD248	1	0	0	0	0	0	0	0	0
CD27	1	0	0	0	1	1	0	0	0
CD27-AS1	11	10	3	7	2	8	1	0	10
CD274	52	16	1	16	4	16	5	0	8
CD276	101	94	17	54	22	47	23	0	64
CD28	3	0	0	1	0	1	0	0	0
CD2AP	295	186	41	133	79	151	35	1	157
CD2AP-DT	1	0	0	1	0	0	0	0	0
CD2BP2	82	50	5	24	10	25	8	0	30
CD2BP2-DT	8	3	1	1	0	5	1	0	3
CD300A	1	0	0	0	0	0	0	0	1
CD300E	3	1	0	0	0	0	0	0	0
CD300H	3	0	0	0	0	1	2	0	0
CD300LB	0	0	0	0	0	1	0	0	0
CD300LD-AS1	1	0	0	0	0	1	0	0	0
CD300LF	0	1	0	0	0	0	0	0	0
CD300LG	0	0	0	0	0	0	1	0	0
CD302	7	3	1	2	2	8	3	0	11
CD320	60	44	13	28	16	38	13	0	37
CD33	12	1	1	0	0	2	1	0	2
CD34	2	0	0	0	0	1	0	0	0
CD36	21	15	2	5	4	16	7	0	16
CD37	1	1	0	0	0	0	0	0	0
CD38	2	1	0	2	1	0	0	0	0
CD3E	0	0	1	1	0	0	0	0	0
CD4	6	0	0	1	0	2	0	0	1
CD40	1	0	0	0	0	0	0	0	1
CD40LG	8	0	0	0	0	0	2	0	0
CD44	1802	768	144	551	282	489	168	3	430
CD44-AS1	1	0	0	0	0	0	0	0	0
CD44-DT	0	1	0	1	0	1	0	0	0
CD46	393	268	47	163	105	184	69	1	228
CD47	115	69	13	51	31	50	18	1	63
CD5	1	0	0	1	0	1	0	0	1
CD53	2	6	0	0	1	1	0	0	0
CD55	4167	2740	516	1713	938	2060	601	6	2107
CD58	158	120	18	55	42	74	19	0	146
CD59	823	433	67	307	163	305	115	1	357
CD5L	4	5	1	2	0	1	0	0	1
CD6	3	1	0	0	0	0	0	0	1
CD63	246	168	39	108	52	101	54	0	132
CD63-AS1	7	6	0	1	1	0	0	0	3
CD68	14	7	2	5	1	1	3	0	4
CD69	0	0	0	1	0	1	0	0	0
CD7	0	2	0	0	0	1	0	0	1
CD70	8	3	1	4	0	3	0	0	0
CD72	6	1	0	1	0	0	1	0	0
CD74	129	119	24	59	35	76	40	0	110
CD79A	0	0	0	0	0	0	0	0	1
CD80	0	1	0	0	0	1	0	0	0
CD81	160	99	16	56	32	46	28	1	54
CD81-AS1	1	2	0	1	0	0	0	0	0
CD82	71	40	11	17	11	13	21	0	24
CD82-AS1	1	0	0	0	0	1	2	0	1
CD83	152	175	42	94	52	109	43	1	106
CD84	1	0	0	0	0	0	0	0	0
CD86	6	1	0	1	0	0	0	0	0
CD8A	5	0	0	0	0	1	0	0	0
CD8B	1	1	0	0	0	1	0	0	0
CD8B2	0	2	0	1	0	0	0	0	0
CD9	202	124	13	74	39	66	23	1	85
CD93	2	0	0	0	0	0	0	0	0
CD96	48	27	8	33	8	25	7	0	14
CD99	127	99	8	58	30	63	36	0	78
CD99L2	74	72	22	28	28	42	28	0	80
CD99P1	34	19	2	8	12	9	9	0	16
CDA	84	27	6	20	6	15	8	0	7
CDADC1	21	22	1	17	10	23	7	0	27
CDAN1	33	37	2	19	5	15	2	1	21
CDC123	268	178	30	116	68	121	40	0	170
CDC14A	96	69	12	37	27	37	9	0	54
CDC14B	171	103	14	68	30	62	19	0	86
CDC16	182	115	13	73	42	82	32	0	115
CDC20	162	64	23	66	22	27	21	0	59
CDC20-DT	13	7	1	1	3	2	3	0	7
CDC20B	8	1	1	2	0	2	0	0	2
CDC20P1	5	4	1	3	0	0	1	0	1
CDC23	133	74	12	47	32	48	20	0	62
CDC25A	154	91	22	58	32	65	24	1	91
CDC25B	189	102	19	68	33	56	25	0	81
CDC25C	79	50	11	38	27	45	14	0	51
CDC26	17	9	2	7	4	10	1	0	14
CDC27	368	212	54	158	97	190	45	0	287
CDC27P3	1	0	0	0	0	0	0	0	0
CDC34	63	29	7	26	13	21	7	0	25
CDC37	239	148	22	85	42	79	33	0	81
CDC37L1	117	82	13	56	26	68	19	0	88
CDC37L1-DT	3	4	0	1	1	1	1	0	4
CDC40	106	54	12	50	21	62	13	0	59
CDC42	23	21	3	10	5	13	4	0	31
CDC42-AS1	3	2	0	2	0	0	0	0	0
CDC42-IT1	0	2	0	1	0	3	0	0	0
CDC42BPA	884	538	113	374	183	477	137	5	613
CDC42BPB	494	273	54	182	83	147	81	1	201
CDC42BPG	0	3	2	2	1	2	3	0	3
CDC42EP1	112	57	11	43	19	23	15	0	40
CDC42EP2	18	8	2	5	1	2	4	0	3
CDC42EP3	140	77	9	59	31	38	13	0	60
CDC42EP4	114	62	18	50	23	39	19	0	55
CDC42EP5	2	0	0	2	1	1	1	0	0
CDC42P5	1	0	0	0	0	0	0	0	0
CDC42P6	1	0	0	1	0	0	0	0	1
CDC42SE1	183	86	14	79	32	65	21	0	81
CDC42SE2	169	138	27	68	51	85	48	0	108
CDC45	207	152	32	56	55	93	39	1	136
CDC5L	233	172	23	115	36	103	41	1	149
CDC6	224	126	16	92	50	81	21	0	103
CDC7	127	79	15	55	30	89	30	0	123
CDC73	530	317	69	252	123	279	70	2	364
CDCA2	175	113	13	46	39	57	24	0	101
CDCA3	42	29	10	25	9	20	7	0	24
CDCA3P1	1	0	0	0	0	0	0	0	0
CDCA4	117	94	10	39	17	45	17	0	60
CDCA4P4	1	2	0	0	0	1	0	0	0
CDCA5	139	79	14	49	24	34	24	0	50
CDCA7	94	78	15	29	15	45	12	1	52
CDCA7L	188	108	27	74	37	68	33	0	110
CDCA8	133	79	14	63	24	50	15	0	62
CDCP1	288	108	16	114	35	85	15	0	75
CDCP2	1	0	0	0	0	0	0	0	0
CDH1	11	5	0	3	0	2	1	0	2
CDH10	4	2	0	1	0	1	2	0	2
CDH11	22	19	4	11	6	10	7	0	8
CDH12	275	359	60	127	112	315	109	0	524
CDH13	2844	572	107	662	320	415	59	0	172
CDH13-AS1	1	0	0	0	0	0	0	0	0
CDH13-AS2	0	2	0	0	0	0	0	0	0
CDH15	2	1	0	0	0	0	0	0	2
CDH16	2	1	0	1	0	0	0	0	0
CDH17	4	2	0	1	0	0	2	0	0
CDH18	44	37	9	17	9	13	9	0	17
CDH18-AS1	3	0	0	0	2	0	0	0	0
CDH19	3	2	1	0	0	0	0	0	0
CDH2	772	383	64	252	139	295	94	1	304
CDH20	10	13	0	5	2	2	2	0	4
CDH22	13	2	0	5	0	1	0	0	5
CDH23	29	9	0	8	5	4	2	0	6
CDH24	27	11	3	17	6	10	6	0	14
CDH26	3	1	0	3	1	2	0	0	3
CDH3	7	5	0	1	1	0	1	0	0
CDH4	75	36	5	8	10	10	3	0	17
CDH5	4	1	0	2	0	0	0	0	0
CDH6	46	20	3	25	4	11	6	0	10
CDH7	23	8	2	10	1	4	2	0	3
CDH8	34	21	2	5	6	16	3	0	12
CDH8-AS1	0	1	0	0	0	0	0	0	1
CDH9	262	2	0	1	1	3	2	0	3
CDHR1	1	0	0	1	0	0	1	0	0
CDHR2	11	2	0	0	1	1	2	0	2
CDHR3	167	129	21	60	36	63	26	1	80
CDHR4	1	0	0	0	0	0	0	0	0
CDHR5	0	1	0	0	0	1	1	0	0
CDIN1	311	320	59	160	125	282	76	1	318
CDIP1	82	70	6	34	24	30	19	0	48
CDIPT	84	43	4	21	12	26	14	0	43
CDIPTOSP	2	0	0	0	0	0	1	0	0
CDK1	186	163	15	94	74	119	31	1	165
CDK10	80	65	7	25	17	26	18	0	39
CDK11A	21	16	3	9	6	11	3	0	10
CDK11B	80	46	13	32	17	26	15	0	34
CDK12	616	317	56	194	112	238	66	1	283
CDK13	538	390	68	213	140	323	83	3	534
CDK13-DT	5	4	0	3	2	1	1	0	1
CDK14	751	326	60	243	121	273	39	2	191
CDK15	5	4	1	6	0	0	0	0	4
CDK16	205	116	21	78	29	71	35	0	89
CDK17	234	114	24	88	48	97	25	1	119
CDK18	41	39	8	11	15	26	32	0	34
CDK19	182	154	22	100	56	132	46	0	174
CDK2	198	139	25	88	58	59	23	0	99
CDK20	4	2	1	2	2	2	1	0	4
CDK2AP1	130	67	13	63	27	56	19	0	74
CDK2AP2	44	23	8	18	6	19	9	0	19
CDK3	5	1	0	1	0	1	3	0	3
CDK4	148	62	13	69	34	58	22	0	67
CDK5	18	4	1	3	5	3	3	0	6
CDK5R1	13	7	1	5	3	4	3	0	7
CDK5R2	0	0	0	0	0	1	0	0	0
CDK5R2-AS1	0	0	0	0	1	0	0	0	0
CDK5RAP1	120	101	13	54	35	65	20	1	81
CDK5RAP2	1073	789	131	475	267	516	177	1	682
CDK5RAP3	41	28	6	11	7	15	6	0	25
CDK6	2338	1104	182	814	404	881	242	3	937
CDK6-AS1	12	6	1	6	3	8	1	0	7
CDK7	143	78	10	57	31	78	20	0	76
CDK7P1	0	0	0	0	0	1	0	0	0
CDK8	222	134	33	96	56	130	45	1	150
CDK9	100	63	9	43	19	26	13	0	45
CDKAL1	1047	731	133	407	257	623	197	2	833
CDKL1	123	65	18	53	31	69	20	0	45
CDKL2	7	4	0	4	0	3	2	0	8
CDKL3	6	4	0	4	2	1	0	0	2
CDKL4	10	17	1	5	5	17	2	0	21
CDKL5	347	276	48	153	84	217	76	1	328
CDKN1A	141	68	14	45	14	36	36	0	56
CDKN1B	85	46	8	25	19	42	18	0	37
CDKN1C	122	28	4	33	11	14	8	0	22
CDKN2A	972	538	116	448	200	450	175	1	594
CDKN2A-DT	1	0	0	0	0	0	0	0	0
CDKN2AIP	65	24	4	30	15	24	5	0	31
CDKN2AIPNL	44	23	5	13	8	22	6	0	22
CDKN2B	169	48	8	49	29	35	11	1	47
CDKN2B-AS1	322	307	53	151	125	236	100	1	372
CDKN2C	73	39	9	37	18	31	23	0	64
CDKN2D	4	2	0	2	0	0	0	0	4
CDKN3	40	33	5	29	15	21	11	0	40
CDNF	3	1	3	3	3	2	1	0	5
CDO1	0	1	0	0	0	2	0	0	0
CDON	67	56	5	32	17	38	19	1	47
CDPF1	8	7	0	6	3	3	4	0	7
CDPF1P1	0	0	0	0	0	0	0	0	1
CDR2	240	168	32	103	56	143	41	1	188
CDR2-DT	1	1	0	1	0	0	0	0	0
CDR2L	67	38	14	33	13	22	13	0	29
CDRT4	2	1	0	0	2	2	0	0	1
CDS1	9	5	2	2	1	3	3	0	3
CDS2	65	51	4	22	17	37	13	0	33
CDSN	1	0	0	0	0	0	0	0	0
CDT1	72	34	10	26	11	25	15	0	39
CDV3	529	235	44	209	85	153	59	1	179
CDV3P1	1	0	0	0	0	0	0	0	0
CDX1	1	1	0	0	0	0	0	0	0
CDX2	1	0	0	0	0	1	0	0	0
CDYL	824	478	79	321	148	339	136	3	323
CDYL-AS1	1	0	0	0	0	0	0	0	0
CDYL2	296	248	46	121	78	146	44	0	186
CEACAM1	3	1	0	1	0	0	0	0	0
CEACAM16	1	0	0	0	0	0	0	0	0
CEACAM16-AS1	11	16	7	5	8	14	3	0	11
CEACAM18	1	0	0	0	0	0	0	0	0
CEACAM19	16	21	2	9	6	10	2	0	23
CEACAM20	0	0	1	0	0	1	0	0	0
CEACAM21	0	0	0	0	0	1	0	0	0
CEACAM22P	19	6	1	6	3	3	2	0	6
CEACAM3	2	0	0	0	0	1	0	0	0
CEACAM4	1	0	0	0	0	0	0	0	0
CEACAM6	0	1	0	0	0	0	0	0	0
CEACAM7	2	0	0	0	0	1	0	0	0
CEACAM8	0	0	0	0	0	0	1	0	0
CEACAMP1	0	0	0	0	1	0	0	0	0
CEACAMP5	0	0	0	0	1	0	1	0	0
CEBPA	12	3	0	0	0	1	0	0	3
CEBPA-DT	0	1	0	0	0	0	0	0	0
CEBPB	476	137	34	124	40	85	35	1	77
CEBPB-AS1	15	3	0	1	0	0	1	0	0
CEBPD	64	24	11	26	6	16	5	0	14
CEBPE	0	0	0	0	0	0	0	0	1
CEBPG	116	61	12	40	22	35	12	0	49
CEBPZ	224	132	24	84	50	97	33	1	134
CEBPZOS	60	33	4	27	8	29	11	1	39
CECR2	17	2	3	8	3	8	2	0	7
CECR3	0	0	0	0	0	0	1	0	0
CEL	2	2	0	0	1	1	0	0	4
CELA2A	5	1	0	0	0	1	1	0	1
CELA2B	3	0	0	0	1	0	0	0	1
CELF1	1080	717	136	473	230	495	174	4	711
CELF2	174	119	20	59	51	79	32	1	72
CELF2-AS1	1	0	0	0	0	0	0	0	0
CELF2-AS2	0	0	0	0	0	1	0	0	0
CELF2-DT	3	1	0	2	1	0	0	0	0
CELF3	4	1	1	3	0	0	0	0	0
CELF4	23	13	1	3	3	5	5	0	5
CELF5	7	2	0	2	0	0	0	0	1
CELSR1	315	213	65	122	77	163	82	1	183
CELSR2	61	40	14	20	16	21	12	0	49
CELSR3	223	156	31	82	48	72	37	0	134
CEMIP	33	9	2	5	2	12	5	0	6
CEMIP2	381	280	56	147	89	210	53	1	272
CEMP1	0	0	0	1	0	0	0	0	0
CENATAC	93	46	12	42	20	43	14	0	66
CENATAC-DT	5	2	0	2	0	1	0	0	0
CEND1	0	1	0	0	0	0	0	0	0
CENPA	53	55	10	29	24	34	13	0	50
CENPB	87	57	9	52	21	17	21	0	43
CENPBD1P	10	4	0	1	2	1	1	0	2
CENPBD2P	38	28	6	28	7	12	4	0	8
CENPC	125	110	17	63	35	101	40	0	143
CENPE	317	215	34	115	82	149	60	0	239
CENPF	1026	670	132	374	232	451	193	2	668
CENPH	66	64	9	31	23	36	19	0	56
CENPI	150	144	28	80	40	130	39	1	189
CENPJ	146	102	20	51	35	70	22	0	98
CENPK	300	248	54	124	90	245	67	2	341
CENPL	90	74	16	42	20	58	18	0	71
CENPM	88	61	10	35	12	28	19	0	50
CENPN	113	78	19	77	31	65	17	1	87
CENPN-AS1	0	1	0	0	0	0	0	0	0
CENPNP1	1	0	0	0	0	0	0	0	0
CENPNP2	1	0	0	0	0	0	0	0	0
CENPO	148	110	24	62	37	80	22	0	101
CENPP	1056	741	147	421	269	620	183	2	784
CENPQ	76	50	9	25	22	42	12	1	42
CENPS	3	7	1	3	2	1	0	0	5
CENPS-CORT	26	21	2	10	12	10	7	0	9
CENPT	53	30	4	15	6	7	11	0	16
CENPU	92	62	12	42	31	41	14	0	74
CENPV	70	34	7	29	5	21	7	0	23
CENPW	39	30	8	17	2	24	3	0	35
CENPX	40	21	6	20	8	11	6	0	18
CEP104	98	61	9	49	16	35	19	0	56
CEP112	99	88	12	58	25	63	15	0	80
CEP120	125	68	21	56	23	71	16	0	84
CEP126	28	24	6	16	10	17	6	0	33
CEP128	704	607	97	290	192	478	132	1	681
CEP131	50	44	10	16	9	27	21	0	29
CEP135	109	77	18	54	22	61	15	0	82
CEP152	321	230	55	137	75	201	51	0	276
CEP162	98	67	18	48	31	71	27	0	77
CEP164	137	100	13	78	25	42	19	0	75
CEP164P1	0	1	1	1	0	0	0	0	0
CEP170	323	208	32	140	82	158	51	0	176
CEP170B	183	121	19	81	34	55	25	1	55
CEP170P1	4	1	1	2	0	5	1	0	2
CEP19	2	1	1	0	0	1	0	0	3
CEP192	444	331	71	194	126	254	84	1	324
CEP192-DT	1	1	0	2	0	0	1	0	1
CEP20	106	71	12	56	19	52	20	0	71
CEP250	126	103	15	56	31	56	29	0	81
CEP290	96	40	20	33	25	54	20	0	71
CEP295	339	254	53	155	79	186	69	3	259
CEP295NL	5	2	2	2	2	3	4	0	0
CEP350	331	249	59	159	91	232	76	0	284
CEP41	45	36	5	9	9	25	3	0	36
CEP43	31	17	1	9	8	13	3	0	27
CEP44	104	74	8	51	29	68	22	1	109
CEP55	157	76	17	58	26	88	24	0	93
CEP57	172	101	32	63	40	101	35	2	167
CEP57L1	119	82	15	48	25	75	19	1	96
CEP57L1P1	1	0	0	0	0	0	0	0	0
CEP63	26	14	5	14	3	9	5	0	16
CEP68	34	22	3	18	9	13	8	0	12
CEP70	120	110	27	63	32	78	29	2	98
CEP72	685	403	54	250	125	242	101	2	325
CEP72-DT	6	2	0	0	0	1	0	0	1
CEP76	29	39	7	25	12	34	10	1	47
CEP78	117	88	15	43	20	67	19	0	74
CEP83	324	215	29	143	102	194	40	0	230
CEP83-DT	1	3	0	2	0	0	0	0	0
CEP85	178	136	13	90	35	77	46	1	127
CEP85L	137	105	18	64	27	73	28	1	93
CEP89	74	35	7	28	14	28	11	0	39
CEP95	240	179	36	92	61	161	37	1	195
CEP97	74	53	12	26	17	39	10	0	64
CEPT1	134	108	20	57	28	73	22	0	122
CERCAM	75	52	20	34	12	36	23	0	51
CERK	216	114	20	68	36	58	34	1	83
CERKL	17	10	1	4	5	15	0	0	9
CERNA1	2	1	1	0	0	0	0	0	1
CERNA3	1	1	0	0	1	0	0	0	0
CEROX1	0	1	0	0	0	0	0	0	0
CERS1	5	2	0	2	2	1	0	0	0
CERS2	279	151	25	99	69	91	31	0	95
CERS3	6	8	0	1	1	2	1	0	0
CERS3-AS1	1	0	0	1	0	0	0	0	1
CERS4	8	5	1	3	1	2	0	0	3
CERS5	160	91	20	60	39	77	21	0	112
CERS6	577	457	82	226	165	323	108	2	318
CERS6-AS1	1	0	0	0	0	0	1	0	0
CERT1	267	170	26	135	57	149	35	0	169
CES1P1	1	0	0	0	0	0	0	0	0
CES1P2	1	0	0	0	0	0	0	0	0
CES2	32	16	6	8	11	8	6	0	11
CES3	3	1	1	0	1	1	0	0	0
CES4A	2	4	0	1	1	3	0	0	2
CES5A	4	1	0	1	0	0	0	0	1
CETN2	15	12	2	8	6	9	5	0	7
CETN3	34	27	3	12	7	14	8	0	22
CETN4P	1	1	0	0	1	0	0	0	0
CETP	3	3	1	1	0	0	0	0	1
CFAP100	2	0	0	3	0	0	1	0	1
CFAP107	0	1	0	0	0	0	0	0	1
CFAP119	17	7	3	7	4	6	5	0	13
CFAP141	2	3	1	1	1	3	1	0	2
CFAP157	2	0	0	1	0	4	0	0	0
CFAP161	39	19	7	15	13	18	4	0	33
CFAP20	60	36	5	19	16	19	7	0	19
CFAP20DC	40	45	3	21	16	33	8	0	51
CFAP20DC-AS1	3	1	0	5	1	2	0	0	3
CFAP20DC-DT	31	29	4	10	5	10	5	0	11
CFAP210	10	3	1	2	1	3	3	0	3
CFAP221	2	3	1	3	0	0	1	0	0
CFAP251	47	31	7	14	7	20	2	0	28
CFAP298	35	22	4	10	5	15	2	0	11
CFAP298-TCP10L	112	80	18	42	37	59	17	0	61
CFAP299	25	9	3	4	3	0	3	0	5
CFAP300	9	8	3	6	5	7	3	0	10
CFAP36	37	18	3	10	10	26	6	0	29
CFAP410	12	6	0	3	2	5	2	0	8
CFAP418	19	19	3	6	3	11	3	0	14
CFAP418-AS1	40	24	3	12	7	6	8	0	21
CFAP43	7	3	0	2	1	3	1	0	2
CFAP44	342	262	43	133	91	165	65	1	308
CFAP44-AS1	1	0	0	0	0	0	0	0	0
CFAP45	2	1	0	1	0	1	0	0	0
CFAP46	8	2	1	3	0	2	1	0	1
CFAP47	19	13	2	10	3	13	7	0	31
CFAP52	0	2	0	0	0	1	0	0	0
CFAP53	4	3	0	1	0	1	1	0	1
CFAP54	16	7	0	10	3	6	2	0	5
CFAP57	11	3	0	6	1	4	0	0	7
CFAP58	9	11	1	4	6	8	2	0	6
CFAP58-DT	0	0	0	1	1	0	0	0	2
CFAP61	12	2	1	2	4	1	0	0	4
CFAP61-AS1	0	3	0	0	0	0	0	0	0
CFAP65	3	0	0	2	0	0	3	0	0
CFAP69	20	13	3	10	6	11	3	0	15
CFAP70	3	2	0	3	2	9	2	0	4
CFAP73	2	0	0	0	0	0	0	0	0
CFAP74	6	2	0	1	2	2	1	0	0
CFAP77	19	7	1	3	1	4	2	0	3
CFAP91	2	0	0	1	0	0	0	0	0
CFAP92	6	13	1	2	6	5	2	0	4
CFAP95	4	4	2	4	1	0	3	0	0
CFAP97	80	54	14	36	16	38	13	0	45
CFAP97D1	0	2	0	2	0	0	0	0	0
CFAP97D2	6	4	1	1	2	0	0	0	1
CFAP99	15	4	0	2	1	0	2	0	2
CFC1B	0	0	1	0	0	0	0	0	0
CFD	26	26	6	11	4	10	8	0	23
CFDP1	386	217	52	147	64	195	57	0	265
CFH	4	6	2	4	2	3	5	0	7
CFHR1	1	0	0	0	0	0	0	0	1
CFHR3	0	0	0	0	0	0	1	0	0
CFHR4	1	0	0	0	0	0	0	0	0
CFHR5	0	1	0	0	0	0	0	0	0
CFL1	950	539	100	417	158	328	151	0	399
CFL1P1	3	1	0	0	1	1	2	0	3
CFL1P2	3	2	0	0	0	0	0	0	0
CFL1P4	0	1	0	0	0	0	0	0	0
CFL1P5	1	0	0	0	1	1	1	0	1
CFL2	87	40	7	44	18	38	19	1	46
CFLAR	107	103	17	47	40	59	23	0	73
CFLAR-AS1	5	1	0	2	0	3	0	0	1
CFP	1	1	0	1	0	1	1	0	2
CFTR	19	7	0	9	2	9	1	0	8
CGA	409	488	84	194	135	363	117	1	365
CGAS	91	61	8	41	17	33	7	0	42
CGGBP1	198	154	32	78	50	119	41	1	153
CGN	7	6	1	2	1	1	1	0	6
CGNL1	26	21	5	19	7	10	6	0	13
CGREF1	59	50	4	22	12	16	12	0	43
CGRRF1	31	11	2	4	6	14	3	0	15
CHAC1	33	17	1	11	0	9	1	0	4
CHAC2	32	12	1	16	8	13	5	0	18
CHAD	0	0	0	0	0	1	0	0	0
CHADL	2	3	2	0	1	0	0	0	1
CHAF1A	291	223	34	116	60	121	65	0	193
CHAF1B	66	50	6	33	16	38	15	0	52
CHAMP1	142	87	18	65	30	78	23	1	81
CHASERR	246	203	48	118	72	165	36	0	190
CHAT	3	1	0	2	0	0	1	0	0
CHCHD1	33	20	5	11	7	17	3	0	7
CHCHD10	62	42	11	20	11	28	13	0	27
CHCHD2	116	90	10	57	18	50	23	0	61
CHCHD2P2	0	0	0	1	0	0	0	0	0
CHCHD2P6	2	0	0	0	0	0	0	0	0
CHCHD2P7	0	0	0	0	0	0	1	0	0
CHCHD2P8	1	0	0	0	0	0	0	0	0
CHCHD2P9	0	1	0	0	0	0	0	0	0
CHCHD3	1120	747	112	485	250	543	175	3	628
CHCHD3P3	0	1	0	0	0	0	0	0	0
CHCHD4	51	28	2	17	13	18	5	0	18
CHCHD4P3	3	3	0	1	3	0	2	0	0
CHCHD5	19	10	3	8	1	8	1	0	10
CHCHD6	370	193	32	115	53	128	48	0	120
CHCHD7	29	22	2	11	5	3	6	0	21
CHCT1	1	2	1	4	1	2	2	0	3
CHD1	453	296	60	163	106	259	64	2	353
CHD1-DT	57	57	10	25	18	37	5	1	68
CHD1L	55	37	6	28	15	20	10	0	28
CHD2	635	516	86	277	208	449	161	0	706
CHD3	572	375	82	234	109	221	111	0	304
CHD4	137	103	28	60	41	66	36	0	71
CHD5	10	5	1	8	5	3	1	0	3
CHD6	467	345	66	202	116	253	80	0	312
CHD7	616	409	75	235	140	276	86	0	316
CHD8	368	283	47	161	90	181	81	0	214
CHD9	762	500	95	329	168	410	137	0	444
CHDH	22	15	3	12	4	6	1	0	6
CHEK1	112	94	12	53	36	71	14	0	111
CHEK2	120	109	16	56	25	73	29	0	120
CHERP	169	71	22	74	32	56	34	0	89
CHFR	39	18	3	13	5	11	14	0	12
CHGA	2	0	0	0	0	0	2	0	1
CHGB	2	0	0	0	0	1	0	0	0
CHI3L1	0	2	0	0	1	0	0	0	1
CHI3L2	1	0	0	1	0	0	0	0	0
CHIA	0	1	0	0	0	0	0	0	0
CHIAP3	1	0	0	1	0	0	0	0	0
CHIC1	183	128	25	64	57	79	26	0	140
CHIC2	69	38	5	26	14	43	5	1	47
CHID1	116	60	15	40	17	46	19	0	50
CHIT1	3	1	0	0	1	0	0	0	0
CHKA	231	119	33	75	50	107	30	2	122
CHKA-DT	5	2	1	3	0	1	1	0	0
CHKB	51	54	9	18	14	25	11	1	33
CHKB-CPT1B	15	13	2	7	8	6	0	0	11
CHKB-DT	0	6	2	2	2	4	2	0	4
CHL1	118	206	46	63	72	174	45	1	200
CHL1-AS1	1	0	0	0	0	1	0	0	1
CHL1-AS2	17	11	2	5	5	4	3	0	6
CHM	313	213	52	128	75	182	50	0	244
CHML	180	88	21	74	45	73	29	1	101
CHMP1A	55	43	13	26	12	20	10	0	25
CHMP1B	118	89	14	59	26	61	26	0	82
CHMP1B-AS1	13	17	3	12	3	8	4	0	17
CHMP1B2P	44	49	3	14	10	23	8	0	27
CHMP2A	40	35	12	10	13	23	8	0	36
CHMP2B	89	58	10	43	17	40	5	0	41
CHMP3	32	30	4	26	7	18	6	0	30
CHMP3-AS1	3	2	0	0	0	0	1	0	1
CHMP4A	14	4	1	1	5	2	3	0	3
CHMP4B	130	106	8	51	24	35	22	0	68
CHMP4BP1	4	0	2	0	0	1	0	0	0
CHMP4C	22	13	5	11	4	4	3	0	10
CHMP5	226	115	23	81	50	83	27	0	142
CHMP5P1	1	0	0	0	0	0	0	0	0
CHMP6	22	8	4	5	3	5	2	0	11
CHMP7	72	49	7	31	26	34	13	0	42
CHN1	148	118	17	70	55	114	34	0	120
CHN2	402	93	12	44	33	65	17	0	78
CHN2-AS1	0	0	0	1	0	0	0	0	0
CHODL	15	17	1	14	4	6	1	0	11
CHODL-AS1	1	1	1	3	0	0	0	0	1
CHORDC1	280	153	34	105	66	118	27	0	194
CHORDC1P4	2	3	0	1	1	2	0	0	0
CHORDC1P5	1	0	0	0	0	0	0	0	0
CHP1	119	87	14	65	35	84	32	0	99
CHP1P2	3	3	0	2	1	2	0	0	3
CHPF	35	21	3	10	10	10	6	0	8
CHPF2	121	78	10	33	19	21	22	0	36
CHPT1	90	43	14	37	20	34	13	1	47
CHRAC1	99	66	12	46	22	47	12	0	48
CHRD	0	3	0	4	0	0	2	1	4
CHRDL1	0	1	0	3	1	0	1	0	1
CHRDL2	3	3	0	1	2	0	0	0	2
CHRFAM7A	3	7	1	3	3	10	3	0	14
CHRM1	1	0	0	0	0	0	0	0	0
CHRM2	17	15	0	6	2	8	5	0	17
CHRM3	232	222	42	111	71	148	50	0	168
CHRM3-AS2	2	2	1	5	1	1	0	0	3
CHRM4	6	1	0	0	0	0	0	0	0
CHRM5	9	0	1	2	1	2	0	0	2
CHRNA1	2	1	0	0	0	0	0	0	0
CHRNA10	8	8	6	4	7	8	3	0	8
CHRNA2	3	0	1	0	1	0	1	0	1
CHRNA3	0	1	0	0	0	0	0	0	0
CHRNA4	6	2	0	3	1	0	0	0	1
CHRNA5	80	52	8	28	24	47	14	0	63
CHRNA6	3	2	0	0	0	2	0	0	4
CHRNA7	29	11	6	9	7	12	1	0	6
CHRNA9	1	5	1	1	3	4	0	0	5
CHRNB1	4	3	0	4	1	1	1	0	0
CHRNB2	1	0	0	0	0	1	0	0	0
CHRNB3	0	2	1	1	0	1	0	0	2
CHRNB4	1	2	1	2	1	3	0	0	1
CHRND	1	2	0	0	0	2	0	1	2
CHRNE	15	10	3	10	3	6	8	0	14
CHRNG	3	0	0	0	0	0	0	0	0
CHROMR	35	29	5	24	8	29	13	0	24
CHST1	5	3	0	0	0	1	2	0	1
CHST10	45	27	4	14	8	5	4	0	8
CHST11	654	364	64	179	124	218	85	0	195
CHST12	91	62	12	42	23	43	18	0	63
CHST13	14	4	4	1	1	1	3	0	0
CHST14	36	19	3	14	4	7	6	0	15
CHST15	93	87	6	36	33	42	19	0	59
CHST2	2	1	0	1	0	1	0	0	0
CHST3	165	66	5	53	33	39	14	0	39
CHST4	0	0	0	1	0	0	0	0	0
CHST5	0	0	0	0	0	1	0	0	0
CHST6	1	4	1	1	3	2	1	0	4
CHST7	8	1	0	1	2	3	3	0	3
CHST8	276	263	40	136	80	138	66	0	177
CHST9	5	1	0	2	1	2	4	0	9
CHSY1	416	273	56	151	100	175	54	1	226
CHSY3	689	723	137	308	238	605	229	0	996
CHTF18	148	76	11	38	19	34	22	0	62
CHTF8	25	11	1	8	1	5	1	0	4
CHTOP	284	184	26	109	64	117	53	0	168
CHUK	100	77	15	44	28	45	14	0	82
CHUK-DT	0	1	0	1	0	1	0	0	0
CHURC1	62	43	5	25	16	30	5	0	43
CHURC1-FNTB	154	101	23	63	32	79	34	1	122
CIAO1	87	50	15	39	17	29	12	0	47
CIAO2A	88	35	6	32	17	33	14	0	49
CIAO2AP2	3	1	0	0	0	0	0	0	0
CIAO2B	26	22	4	19	9	9	3	0	7
CIAO3	24	13	4	10	1	6	3	0	19
CIAPIN1	62	36	8	26	17	25	15	0	38
CIART	1	1	0	0	0	0	0	0	0
CIB1	47	16	4	26	16	13	9	0	18
CIB2	6	2	0	1	3	1	1	0	3
CIB3	0	1	0	1	0	0	0	0	0
CIB4	3	2	0	4	0	0	0	0	0
CIBAR1	20	10	3	7	4	9	4	0	16
CIBAR1-DT	34	39	9	20	7	10	6	0	20
CIBAR1P1	0	1	0	1	0	0	0	0	0
CIBAR2	0	0	0	0	0	0	0	0	1
CIC	231	138	32	90	45	67	46	1	141
CICP26	0	0	1	0	0	0	0	0	0
CIDEA	2	0	0	1	1	0	0	0	0
CIDEB	0	0	0	0	1	0	0	0	0
CIDEC	2	2	1	0	0	0	0	0	0
CIITA	33	42	6	22	18	23	8	0	39
CILK1	23	18	3	10	2	14	1	0	35
CILP	0	1	0	0	0	0	0	0	0
CILP2	7	2	1	1	2	0	0	0	3
CINP	38	28	5	13	5	20	7	0	19
CIP2A	213	146	28	96	64	113	31	0	171
CIPC	31	17	4	17	5	14	2	0	6
CIR1	66	44	14	29	17	48	15	0	66
CIRBP	146	98	20	33	31	52	34	0	54
CIRBP-AS1	7	3	2	2	0	3	0	0	3
CIROP	2	0	0	0	0	2	0	0	0
CISD1	86	54	9	51	20	60	22	0	62
CISD2	68	42	6	31	13	27	18	0	41
CISD3	31	25	4	20	14	19	10	0	23
CISH	7	3	1	1	4	3	1	0	2
CISTR	0	2	0	0	0	0	0	0	0
CIT	397	283	58	166	73	204	72	1	231
CITED1	1	0	0	0	0	0	0	0	0
CITED2	100	49	8	34	13	32	6	0	25
CITED4	10	3	1	3	0	1	2	0	0
CIZ1	259	154	42	107	48	84	47	0	120
CKAP2	188	107	16	82	38	83	39	0	150
CKAP2-DT	0	0	0	0	0	0	2	0	0
CKAP2L	79	47	10	30	23	41	12	0	45
CKAP2P1	1	0	0	0	0	0	0	0	0
CKAP4	337	214	52	120	68	120	65	0	151
CKAP5	682	432	88	300	145	288	126	0	399
CKB	355	196	51	115	54	118	88	1	166
CKBP1	1	0	0	0	0	0	0	0	0
CKLF	8	7	0	6	3	2	3	0	0
CKLF-CMTM1	40	27	4	17	9	26	5	0	37
CKM	1	0	0	2	0	0	0	0	0
CKMT1A	1	0	0	2	0	0	0	0	0
CKMT2	0	0	0	0	0	0	1	0	0
CKMT2-AS1	253	175	35	98	77	136	45	0	189
CKS1B	63	43	5	24	17	24	10	0	34
CKS1BP7	0	0	0	0	0	0	0	0	1
CKS2	202	126	16	85	45	88	32	0	104
CLASP1	774	504	104	327	187	392	110	2	490
CLASP1-AS1	298	190	27	165	50	92	63	1	85
CLASP2	423	258	56	203	79	248	79	2	310
CLASRP	218	170	33	82	68	92	51	2	139
CLBA1	12	5	4	3	2	4	1	0	9
CLC	0	0	0	1	0	0	0	0	0
CLCA1	1	0	0	0	0	0	0	0	0
CLCA2	0	0	0	0	0	1	0	0	1
CLCA3P	0	1	0	0	0	0	0	0	0
CLCA4	1	1	0	1	0	0	0	0	0
CLCA4-AS1	7	2	1	3	0	3	0	0	4
CLCC1	149	99	22	76	45	81	39	1	126
CLCF1	26	23	4	9	3	10	5	0	13
CLCN1	7	1	1	1	0	2	1	0	2
CLCN2	42	39	8	17	5	14	12	0	15
CLCN3	210	164	25	93	48	124	30	0	146
CLCN4	16	16	3	7	2	5	1	0	7
CLCN5	98	74	13	45	26	50	18	0	63
CLCN6	175	99	30	64	39	66	28	0	90
CLCN7	242	130	21	63	30	46	27	1	107
CLCNKA	5	2	0	0	0	1	0	0	0
CLCNKB	0	0	0	1	0	0	0	0	0
CLCP2	0	0	0	1	0	0	0	0	0
CLDN1	62	17	5	15	11	17	3	0	9
CLDN10	5	1	0	5	0	0	0	0	1
CLDN10-AS1	2	0	0	0	0	2	0	0	0
CLDN11	2	1	0	2	0	2	0	0	4
CLDN12	106	64	23	42	32	37	12	0	58
CLDN14	9	2	2	2	1	2	1	0	2
CLDN14-AS1	11	4	2	4	1	4	1	0	3
CLDN15	30	12	2	4	2	6	3	0	11
CLDN16	4	1	1	1	3	0	0	0	1
CLDN18	1	0	0	0	0	0	0	0	0
CLDN19	5	0	0	0	0	0	0	0	1
CLDN2	0	0	0	0	0	0	0	0	1
CLDN23	5	1	0	2	0	1	0	0	0
CLDN25	0	1	0	0	0	0	0	0	0
CLDN3	6	0	0	2	0	0	3	0	0
CLDN4	21	8	2	12	1	4	4	0	11
CLDN5	1	0	0	0	0	0	1	0	0
CLDN7	1	2	2	1	0	1	0	0	5
CLDN8	0	0	0	0	0	1	0	0	0
CLDND1	56	31	7	22	9	25	13	0	37
CLDND2	1	0	0	0	0	1	0	0	1
CLEC11A	1	0	0	1	0	0	0	0	1
CLEC12A	2	0	0	2	0	1	0	0	1
CLEC12B	0	0	0	0	0	0	1	0	0
CLEC16A	422	341	53	150	123	188	108	0	227
CLEC17A	0	1	0	0	0	0	0	0	1
CLEC18A	0	0	0	0	0	1	0	0	0
CLEC18B	1	1	0	0	1	0	0	0	0
CLEC19A	5	1	1	1	2	0	0	0	5
CLEC1A	0	0	0	1	0	1	0	0	1
CLEC1B	2	1	0	0	0	1	0	0	0
CLEC20A	3	1	0	1	0	0	0	0	1
CLEC2A	2	0	0	0	0	0	0	0	0
CLEC2B	3	0	0	0	0	0	0	0	0
CLEC2D	12	18	1	5	2	12	4	0	19
CLEC2L	3	2	0	1	0	1	0	0	0
CLEC3A	1	0	0	1	1	0	0	0	2
CLEC3B	2	1	1	1	0	0	0	0	0
CLEC4A	3	0	0	0	0	0	1	0	0
CLEC4C	0	1	0	0	1	1	0	0	0
CLEC4D	0	0	0	0	0	0	0	0	1
CLEC4E	1	1	0	0	0	0	0	0	0
CLEC4F	0	1	0	0	0	1	0	0	0
CLEC4GP1	0	0	0	0	0	0	1	0	0
CLEC4M	0	2	0	0	0	0	0	0	0
CLEC4OP	1	2	0	0	0	0	0	0	0
CLEC6A	0	0	0	1	0	0	0	0	1
CLEC7A	0	1	0	1	0	0	0	0	0
CLEC9A	1	0	0	0	0	2	1	0	0
CLECL1P	1	1	0	0	0	0	0	0	0
CLGN	29	7	1	9	7	11	3	0	10
CLHC1	64	57	13	35	24	42	10	1	105
CLIC1	193	114	14	67	40	56	27	0	78
CLIC1P1	0	0	0	0	1	0	0	0	0
CLIC2	3	4	0	2	0	0	1	0	6
CLIC3	6	2	0	3	0	1	1	0	1
CLIC4	508	376	85	219	133	309	88	1	488
CLIC4P2	1	0	0	0	0	0	0	0	0
CLIC4P3	0	0	0	0	0	1	0	0	0
CLIC5	13	6	0	1	0	4	0	0	4
CLIC6	2	2	0	0	1	1	1	0	1
CLINT1	407	264	60	170	87	235	66	0	253
CLIP1	369	174	39	129	73	145	55	3	209
CLIP2	72	50	8	22	18	32	12	0	43
CLIP3	2	2	0	12	0	1	2	0	2
CLIP4	275	176	22	109	48	133	41	2	174
CLK1	185	136	25	84	43	95	27	1	168
CLK2	102	74	18	48	25	58	27	0	75
CLK2P1	0	2	0	0	0	0	0	0	0
CLK3	129	77	8	33	15	35	29	0	46
CLK4	52	38	8	25	17	36	13	0	63
CLMAT3	0	2	0	2	2	0	0	0	1
CLMN	26	24	5	9	11	13	7	0	18
CLMP	259	141	17	72	45	83	32	0	79
CLN3	8	4	0	2	2	1	0	0	1
CLN5	22	23	4	7	8	14	4	0	16
CLN6	281	171	24	106	64	100	41	0	99
CLN8	26	20	2	8	3	10	3	0	14
CLN8-AS1	0	1	0	0	1	1	1	0	1
CLNK	6	5	0	3	0	1	2	0	1
CLNS1A	408	248	42	145	110	194	45	0	220
CLNS1AP1	1	0	0	0	0	0	0	0	0
CLOCK	195	127	39	81	39	92	29	1	147
CLP1	9	7	3	8	4	5	1	0	4
CLPB	340	196	38	130	63	120	46	0	173
CLPP	53	34	7	28	8	21	7	0	20
CLPSL1	3	0	0	0	0	0	0	0	0
CLPTM1	219	159	29	87	52	93	47	1	121
CLPTM1L	755	417	74	295	142	259	98	1	291
CLPX	119	65	15	49	33	51	22	0	67
CLRN1	2	0	0	0	0	1	0	0	0
CLRN1-AS1	20	3	1	10	2	5	1	0	4
CLRN2	0	0	0	0	0	0	1	0	0
CLSPN	263	190	27	102	81	141	44	1	180
CLSTN1	397	255	57	150	88	147	80	0	237
CLSTN2	29	9	1	6	2	9	4	0	6
CLSTN3	89	61	18	29	28	40	16	0	55
CLTA	457	300	65	185	109	212	63	0	252
CLTB	116	40	11	46	17	16	18	0	33
CLTC	1501	1007	156	612	342	614	242	0	782
CLTCL1	167	109	13	73	39	80	37	0	87
CLU	1688	1773	381	714	533	1123	617	9	1831
CLUAP1	29	18	5	13	9	9	8	0	12
CLUH	501	206	45	162	82	121	69	1	121
CLUHP3	0	0	0	0	0	1	0	0	0
CLUHP5	0	0	0	1	0	0	0	0	0
CLUL1	2	1	0	0	1	2	0	0	1
CLVS1	27	12	4	3	5	27	3	0	15
CLVS2	5	8	2	4	2	2	4	0	5
CLXN	2	2	0	0	0	0	0	0	0
CLYBL	212	195	33	91	65	143	52	2	148
CLYBL-AS1	1	0	0	0	0	0	0	0	0
CMAHP	43	30	2	17	9	6	4	0	13
CMAS	47	29	8	26	9	22	10	0	28
CMBL	105	75	11	58	17	37	27	0	60
CMC1	200	130	28	67	45	131	29	0	152
CMC2	43	35	5	17	10	21	9	0	31
CMC4	4	2	0	1	3	1	0	0	6
CMIP	1772	1064	182	605	395	565	256	3	681
CMKLR1	2	1	0	1	0	1	0	0	1
CMKLR2	30	7	1	10	2	8	3	0	5
CMKLR2-AS	3	1	1	1	0	0	0	0	3
CMPK1	186	120	19	99	44	93	23	0	138
CMPK2	1	1	0	0	1	1	0	0	0
CMSS1	1532	899	184	575	344	723	220	3	915
CMTM1	2	1	1	1	0	1	0	0	0
CMTM2	0	0	0	1	0	0	0	0	0
CMTM3	16	12	0	15	2	6	1	0	7
CMTM4	107	82	20	47	32	41	24	0	53
CMTM6	98	58	14	50	20	55	7	0	61
CMTM7	18	8	1	5	5	8	0	0	3
CMTM8	36	29	3	17	11	22	3	0	23
CMTR1	110	53	12	32	28	34	10	0	55
CMTR2	36	22	4	14	8	13	3	0	14
CMYA5	35	23	4	11	10	10	4	0	17
CNBD1	48	59	9	27	25	41	10	0	61
CNBD2	15	6	0	7	6	3	2	0	6
CNBP	600	367	61	274	117	274	77	0	301
CNDP1	5	7	3	3	0	3	0	0	4
CNDP2	107	53	10	45	12	30	17	0	32
CNEP1R1	15	7	1	5	1	7	3	0	15
CNFN	1	2	0	0	0	0	0	0	1
CNGA1	0	2	1	0	1	3	0	0	1
CNGA2	0	0	0	0	1	0	0	0	0
CNGA3	3	1	0	0	0	2	1	0	0
CNGA4	5	1	0	1	1	0	0	0	1
CNGB1	7	1	3	7	1	1	2	0	2
CNGB3	6	5	0	4	1	0	0	0	2
CNIH1	206	104	20	80	35	80	31	1	99
CNIH2	6	8	1	3	0	2	2	0	4
CNIH3	78	33	8	25	23	29	9	0	36
CNIH3-AS1	0	1	0	0	0	1	0	0	0
CNIH3-AS2	1	0	0	0	0	0	0	0	0
CNIH4	69	53	10	23	15	37	17	0	43
CNKSR1	8	10	3	4	2	4	3	0	3
CNKSR2	17	6	1	2	5	2	3	0	4
CNKSR3	11	16	4	6	7	10	3	0	7
CNMD	1	1	0	0	0	0	0	0	0
CNN1	1	1	0	1	0	0	0	0	4
CNN2	348	166	45	116	51	102	74	0	113
CNN2P4	0	1	0	0	0	0	0	0	0
CNN2P8	1	0	0	0	0	0	0	0	0
CNN2P9	0	2	0	0	0	0	0	0	0
CNN3	199	130	17	81	44	75	27	0	102
CNN3-DT	2	3	0	0	3	1	0	0	2
CNNM1	49	33	6	13	15	15	8	0	22
CNNM2	234	212	35	104	68	144	61	2	201
CNNM3	61	35	6	23	11	15	6	0	32
CNNM3-DT	2	1	0	1	0	0	0	0	0
CNNM4	64	35	6	23	16	28	7	0	29
CNOT1	725	569	90	329	194	422	154	0	648
CNOT10	242	170	42	102	63	112	42	0	159
CNOT11	84	32	11	43	15	37	9	0	54
CNOT2	414	256	57	161	85	251	60	1	358
CNOT3	186	108	25	55	29	64	27	0	90
CNOT4	440	274	53	185	124	251	72	2	336
CNOT4P1	0	1	0	0	0	0	0	0	0
CNOT6	321	228	44	144	93	179	55	0	242
CNOT6L	58	52	15	24	19	44	16	0	37
CNOT7	116	68	16	68	31	63	19	0	80
CNOT8	137	105	16	53	44	65	31	0	85
CNOT9	311	179	33	123	76	138	35	0	176
CNP	102	63	11	57	16	39	20	0	60
CNPPD1	44	20	1	15	12	12	4	0	14
CNPY2	29	20	0	13	7	19	4	0	27
CNPY2-AS1	10	15	3	6	2	9	1	0	5
CNPY3	53	36	1	25	12	25	16	0	36
CNPY4	18	19	6	12	11	12	6	0	16
CNR1	6	2	0	1	0	0	2	0	1
CNR2	6	1	0	1	0	0	1	0	0
CNRIP1	18	12	2	7	7	10	2	0	10
CNST	150	103	11	75	27	84	22	0	98
CNTF	8	10	0	1	4	4	2	0	4
CNTFR	23	8	1	8	1	0	2	0	2
CNTFR-AS1	1	0	0	0	0	0	0	0	1
CNTLN	957	827	155	464	292	746	244	6	1098
CNTN1	7	10	2	7	3	5	0	0	7
CNTN2	3	0	0	2	0	0	0	0	0
CNTN3	8	8	1	5	2	1	1	0	3
CNTN4	15	20	3	12	3	3	3	0	16
CNTN4-AS1	1	0	0	0	0	0	0	0	0
CNTN4-AS2	0	2	0	2	0	0	0	0	0
CNTN5	61	34	1	24	13	28	11	0	30
CNTN6	45	21	4	8	10	16	8	1	19
CNTNAP1	66	42	14	27	11	29	22	0	37
CNTNAP2	99	125	41	56	28	95	34	0	200
CNTNAP3	76	57	14	41	20	41	18	0	102
CNTNAP3B	7	1	1	4	3	5	2	0	5
CNTNAP3C	1	2	0	0	1	1	1	0	4
CNTNAP3P2	0	0	1	0	1	0	0	0	0
CNTNAP5	35	28	6	10	8	17	9	0	22
CNTNAP5-DT	1	0	0	0	0	0	0	0	0
CNTRL	111	88	18	58	26	72	20	0	105
CNTROB	96	56	12	42	16	32	18	0	62
COA1	706	486	98	285	197	389	125	2	466
COA3	24	9	2	14	7	4	8	0	12
COA4	83	47	10	28	16	32	16	0	41
COA5	23	29	6	17	8	16	4	0	30
COA6	80	52	11	39	25	34	15	0	43
COA6-AS1	4	8	0	3	0	4	3	0	3
COA7	144	69	13	57	42	58	22	1	52
COA8	13	11	2	1	3	5	1	0	5
COASY	95	91	17	46	25	43	25	0	58
COBL	1082	1411	234	512	450	862	414	1	1715
COBLL1	90	46	16	41	20	48	22	0	74
COBLP1	0	1	0	0	0	0	0	0	0
COCH	22	12	2	4	3	6	2	0	14
COG1	69	28	12	22	10	32	12	0	29
COG2	112	65	14	50	28	61	17	0	86
COG3	88	82	12	47	29	61	21	0	109
COG4	90	41	8	35	21	37	25	1	51
COG5	673	447	92	267	152	393	106	2	419
COG6	83	73	13	51	23	57	15	0	86
COG7	89	64	15	33	22	43	17	0	46
COG8	109	70	8	54	26	51	20	0	67
COIL	64	37	9	24	13	28	12	0	32
COL10A1	0	0	0	0	0	0	0	0	2
COL11A1	9	5	1	2	1	0	0	0	6
COL11A2	4	3	1	3	1	3	0	0	7
COL12A1	1492	735	114	542	271	510	226	3	543
COL13A1	18	1	0	2	0	3	0	0	4
COL14A1	55	77	16	27	21	53	36	0	77
COL15A1	140	120	32	37	34	85	32	0	109
COL16A1	39	20	4	12	5	10	5	0	10
COL17A1	3	2	0	0	1	0	0	0	2
COL18A1	67	23	4	14	10	15	5	0	19
COL18A1-AS1	0	0	0	0	0	1	0	0	0
COL19A1	9	8	0	6	3	6	3	0	3
COL1A1	421	240	73	150	51	195	109	0	297
COL1A2	2	0	2	0	0	0	0	0	2
COL20A1	10	2	1	3	2	1	0	0	1
COL21A1	18	5	2	3	3	2	2	0	14
COL22A1	20	7	3	3	4	2	3	0	4
COL23A1	22	9	1	6	4	3	2	0	6
COL24A1	22	10	4	3	1	14	3	0	15
COL25A1	5130	4539	843	2452	1681	3866	1281	11	5184
COL25A1-DT	2	0	0	0	0	0	0	0	0
COL26A1	14	13	1	4	2	4	4	0	4
COL27A1	304	220	42	118	70	115	43	0	146
COL28A1	5	2	1	0	1	3	1	0	1
COL2A1	2	0	0	0	2	3	2	0	1
COL3A1	842	839	153	299	282	525	286	2	854
COL4A1	773	414	58	220	134	187	115	0	219
COL4A2	1383	662	159	465	237	424	181	1	460
COL4A2-AS1	1	0	0	0	0	0	0	0	0
COL4A2-AS2	2	1	1	0	0	0	0	0	0
COL4A3	102	125	25	54	47	98	40	0	200
COL4A4	171	255	59	102	77	194	116	0	355
COL4A5	761	642	130	357	233	613	172	0	626
COL4A6	397	219	52	137	83	173	65	1	211
COL5A1	1896	1158	194	665	387	622	389	4	828
COL5A1-AS1	0	1	0	0	1	0	0	0	0
COL5A2	20	15	3	9	4	10	4	0	18
COL5A3	13	2	1	4	1	1	0	0	3
COL6A1	20	8	1	4	1	2	3	0	7
COL6A2	5	2	1	2	0	1	1	0	2
COL6A2-DT	1	0	0	1	0	0	1	0	0
COL6A3	4	3	1	1	0	0	1	0	1
COL6A4P1	6	9	2	5	5	2	2	0	12
COL6A4P2	2	2	0	0	1	1	0	0	1
COL6A5	7	4	0	1	1	0	1	0	0
COL6A6	6	2	0	1	2	1	1	0	7
COL7A1	1688	597	129	442	166	294	152	2	371
COL8A1	1376	1377	291	574	500	1125	423	4	1772
COL8A2	7	2	0	0	2	2	0	0	1
COL9A1	5	2	0	0	0	1	0	0	3
COL9A2	1	0	1	1	0	0	0	0	1
COL9A3	11	11	2	3	2	11	7	0	13
COLCA1	1	0	0	1	0	1	0	0	0
COLEC10	7	2	2	5	2	4	1	0	9
COLEC11	7	5	0	4	0	0	0	0	1
COLEC12	9	3	1	2	3	0	2	0	8
COLGALT1	336	171	38	127	56	121	46	1	168
COLGALT2	18	13	3	14	5	11	0	0	12
COLQ	12	7	2	2	5	6	2	0	3
COMETT	1	3	0	9	0	2	0	0	0
COMMD1	145	111	17	36	27	107	33	0	100
COMMD10	377	218	31	180	97	226	57	0	241
COMMD2	87	48	14	35	16	42	8	0	46
COMMD3	8	5	0	3	2	4	2	0	2
COMMD3-BMI1	99	41	9	35	16	20	10	0	36
COMMD4	69	43	8	26	10	17	12	0	31
COMMD5	37	22	4	15	7	20	11	0	28
COMMD6	31	38	8	34	14	31	6	0	42
COMMD7	13	2	1	9	2	2	1	0	7
COMMD8	25	15	2	15	6	16	3	0	8
COMMD9	42	17	9	29	10	20	9	0	29
COMP	2	1	1	1	0	0	0	0	0
COMT	160	113	25	64	43	70	21	0	87
COMTD1	24	11	4	7	3	15	5	0	10
COP1	767	540	107	370	222	469	181	3	695
COP1-DT	89	48	6	20	22	28	11	1	52
COP1P1	1	1	0	1	0	0	0	0	2
COPA	562	335	76	209	126	252	82	0	400
COPB1	280	235	37	106	74	135	42	0	197
COPB2	371	263	47	148	81	163	63	1	218
COPB2-DT	56	30	1	12	4	13	5	0	13
COPE	91	53	11	31	20	24	18	0	48
COPG1	293	191	33	123	63	95	48	1	143
COPG2	81	49	7	37	9	44	19	0	53
COPG2IT1	2	6	0	1	1	1	1	0	3
COPRS	37	25	4	21	10	15	8	0	14
COPS2	344	199	32	156	81	142	42	0	186
COPS3	195	135	19	87	40	84	27	0	107
COPS4	61	38	8	29	15	37	7	1	52
COPS5	91	49	10	38	16	32	17	0	66
COPS6	110	77	15	51	24	38	21	0	57
COPS7A	64	26	7	26	8	25	7	0	30
COPS7B	95	43	9	41	12	31	10	0	26
COPS8	111	60	13	48	14	41	16	0	57
COPS8-DT	16	17	3	8	7	6	3	0	11
COPS8P2	0	1	0	0	0	0	0	0	0
COPS9	30	24	3	11	15	10	7	0	15
COPZ1	243	138	22	134	52	82	39	0	114
COPZ2	6	4	2	3	1	3	5	0	6
COQ10A	10	11	1	6	3	5	3	0	4
COQ10B	107	57	12	36	9	48	9	0	57
COQ2	60	38	8	16	14	14	12	0	37
COQ3	27	20	4	10	6	15	2	0	13
COQ4	115	92	18	58	38	62	21	0	88
COQ5	34	17	6	8	9	16	4	1	16
COQ6	20	21	4	12	7	12	1	0	20
COQ7	43	27	5	14	9	19	6	0	14
COQ7-DT	1	0	1	0	0	0	0	0	0
COQ8A	25	14	6	8	10	5	7	0	9
COQ8B	50	41	7	18	11	20	13	0	23
COQ9	56	40	10	25	14	32	15	1	53
CORIN	13	5	1	6	2	2	5	0	9
CORO1A	3	1	0	1	0	0	0	0	2
CORO1A-AS1	3	0	0	0	0	0	0	0	0
CORO1B	52	37	11	22	7	21	9	0	26
CORO1C	524	274	46	175	92	178	64	2	223
CORO2A	96	67	12	29	24	39	17	1	39
CORO2B	12	8	0	6	2	1	2	0	6
CORO6	11	14	0	3	3	4	3	0	12
CORO7	6	7	2	1	0	1	0	0	2
CORO7-PAM16	184	127	22	62	34	61	37	0	61
COSMOC	5	16	4	3	6	8	5	0	8
COTL1	388	209	31	133	87	142	45	0	122
COX10	301	233	43	114	73	164	53	0	183
COX10-DT	112	82	13	41	29	55	16	1	88
COX11	80	60	8	40	22	39	12	0	58
COX14	24	17	1	10	2	8	2	0	8
COX15	72	27	6	22	14	19	15	0	22
COX16	64	65	7	43	21	38	14	0	42
COX17	49	22	1	15	10	29	4	0	26
COX18	22	15	5	20	10	16	9	0	26
COX19	64	43	6	25	11	21	8	0	27
COX20	78	52	6	28	20	38	12	0	51
COX20P1	1	0	1	3	1	0	1	0	1
COX20P2	0	0	0	0	1	0	0	0	0
COX4I1	142	92	15	60	30	61	29	0	63
COX5A	110	72	13	68	33	53	13	0	62
COX5B	66	35	7	27	12	31	18	0	29
COX5BP6	1	0	0	0	0	0	0	0	1
COX5BP8	0	0	0	0	0	0	0	0	1
COX6A1	40	29	9	18	8	17	7	0	31
COX6B1	80	61	7	36	17	28	17	0	45
COX6B1P3	1	0	0	0	0	0	0	0	0
COX6B2	23	24	7	7	4	13	6	1	18
COX6C	75	55	8	33	13	31	8	0	47
COX6CP1	0	1	1	1	0	1	1	0	0
COX6CP16	0	1	0	0	0	0	0	0	0
COX6CP17	3	0	0	0	1	0	2	0	3
COX7A2	71	55	10	28	14	46	15	0	54
COX7A2L	160	103	13	47	41	66	29	1	88
COX7A2P1	1	0	0	0	0	0	1	0	0
COX7B	95	82	14	57	21	47	22	0	62
COX7B2	4	7	0	2	2	1	4	0	7
COX7C	256	253	22	123	62	101	39	0	123
COX8A	75	56	7	31	8	36	8	0	36
COX8BP	0	2	0	1	0	1	0	0	0
CP	3	4	0	0	3	5	0	0	3
CPA1	1	0	0	1	0	0	0	0	0
CPA2	13	1	0	1	2	0	2	0	1
CPA3	1	0	0	0	0	0	0	0	1
CPA4	19	2	3	2	0	1	1	0	3
CPA5	2	0	0	1	0	1	0	0	0
CPA6	17	7	0	2	2	4	1	0	6
CPAMD8	9	5	2	4	1	3	1	0	2
CPB1	1	1	1	0	0	2	1	0	1
CPB2	1	3	0	0	0	0	0	0	0
CPB2-AS1	5	6	0	3	2	4	0	0	1
CPD	205	166	33	69	62	100	41	0	153
CPE	30	30	9	13	9	20	1	0	32
CPEB1	21	4	2	3	4	4	1	0	5
CPEB1-AS1	4	1	0	2	2	0	2	0	2
CPEB2	341	211	49	143	69	225	82	1	357
CPEB2-DT	18	12	1	4	4	8	5	0	14
CPEB3	175	107	30	76	41	87	31	0	100
CPEB4	170	49	11	61	30	55	21	0	62
CPED1	61	67	13	22	33	58	13	0	67
CPHL1P	1	1	0	0	0	0	0	0	0
CPHXL	0	0	0	2	1	0	0	0	0
CPHXL2	0	0	0	1	0	1	0	0	0
CPLANE1	344	215	50	130	83	185	81	1	285
CPLANE1-AS1	12	6	1	8	3	1	4	0	5
CPLANE2	11	3	0	8	1	3	1	0	7
CPLX1	10	11	1	2	1	1	2	0	4
CPLX2	4	3	2	1	0	3	0	0	2
CPLX4	3	1	1	0	1	0	0	0	2
CPM	221	240	41	102	65	153	70	0	225
CPMER	6	5	1	1	2	4	2	0	6
CPN1	4	1	1	1	0	2	0	0	2
CPNE1	151	119	22	66	22	60	27	0	76
CPNE2	42	28	8	23	11	34	9	0	31
CPNE2-DT	0	0	0	1	0	0	0	0	0
CPNE3	126	70	17	48	28	48	22	0	59
CPNE4	32	16	0	9	1	6	7	0	14
CPNE5	1	2	0	1	2	0	0	0	0
CPNE6	3	2	0	0	0	0	1	0	0
CPNE7	131	94	26	49	25	50	15	1	58
CPNE8	814	473	90	301	184	447	126	1	462
CPNE8-AS1	3	3	2	1	2	1	0	0	3
CPNE9	2	1	0	0	0	1	0	0	0
CPO	1	2	0	1	1	0	1	0	0
CPOX	23	18	3	13	10	6	4	0	10
CPP	0	1	0	0	1	0	0	0	1
CPPED1	99	80	16	44	23	46	18	0	65
CPQ	47	33	8	24	11	19	13	0	34
CPS1	1494	1627	321	803	534	1260	497	4	1794
CPS1-IT1	9	20	4	10	2	19	8	0	22
CPSF1	163	92	29	59	38	63	32	0	78
CPSF2	279	170	28	105	50	113	43	0	146
CPSF3	137	84	22	60	24	54	25	0	76
CPSF4	162	92	19	61	26	44	28	1	68
CPSF4L	0	2	0	0	0	0	0	0	0
CPSF6	412	204	48	176	106	215	57	1	269
CPSF7	353	239	44	121	83	148	66	0	217
CPT1A	328	192	33	121	64	130	35	0	128
CPT1B	19	12	1	5	5	9	4	0	15
CPT1C	3	3	1	2	1	0	1	0	2
CPT2	36	24	4	10	8	23	8	0	11
CPTP	18	12	3	10	4	8	7	0	8
CPVL	22	11	2	14	2	8	4	0	9
CPVL-AS2	1	1	0	0	0	1	0	0	0
CPXCR1	0	2	1	1	0	1	0	0	0
CPXM1	0	1	0	0	0	0	0	0	0
CPXM2	12	11	0	7	1	5	2	0	2
CPZ	22	27	4	7	9	18	5	0	13
CR1	3	5	0	0	0	1	0	0	2
CR1L	2	1	0	3	1	0	2	0	1
CR2	4	1	0	0	1	0	0	0	0
CRABP1	7	10	2	4	0	2	2	0	3
CRABP2	43	34	8	10	9	27	5	0	28
CRACD	197	216	36	91	59	139	54	0	193
CRACDL	8	2	0	3	1	3	1	0	0
CRACR2A	7	5	0	3	0	1	2	0	0
CRACR2B	8	13	1	2	1	2	3	0	0
CRADD	173	131	24	85	60	107	37	0	112
CRADD-AS1	0	1	0	0	0	0	0	0	1
CRAMP1	231	141	19	86	57	59	35	2	117
CRAT	18	11	1	4	4	4	5	0	19
CRAT37	17	13	1	0	4	8	2	0	11
CRB1	165	209	48	92	75	164	78	1	345
CRB2	1	0	1	0	1	1	1	0	0
CRB3	2	0	0	1	0	1	0	0	0
CRBN	112	77	20	56	35	59	26	0	95
CRCP	34	18	3	13	7	12	3	0	9
CRCT1	1	0	0	1	0	0	0	0	0
CREB1	178	122	23	74	34	103	26	0	142
CREB3	48	31	5	17	12	11	13	1	18
CREB3L1	9	5	2	2	3	1	0	0	2
CREB3L2	867	633	122	349	242	430	172	4	697
CREB3L2-AS1	2	0	0	0	0	0	0	0	1
CREB3L3	1	1	0	0	0	0	1	0	0
CREB3L4	15	13	3	3	4	11	3	0	11
CREB5	845	819	105	336	254	525	250	2	809
CREBBP	751	482	87	308	174	320	128	1	495
CREBL2	30	31	5	16	8	25	4	0	20
CREBRF	89	55	13	39	13	38	10	0	82
CREBZF	267	162	27	95	53	151	37	0	184
CREG1	73	50	10	44	16	37	22	0	43
CREG2	12	8	2	4	2	6	5	1	8
CRELD1	13	4	2	5	3	3	2	0	4
CRELD2	111	51	8	31	9	17	17	0	16
CREM	139	211	27	60	57	146	39	0	191
CRH	1	0	0	0	1	0	0	0	0
CRHBP	0	0	0	0	1	0	0	0	0
CRHR1	0	1	0	0	0	0	0	0	0
CRHR2	0	2	0	1	0	0	0	0	0
CRIM1	2569	1998	389	992	720	1517	464	7	2230
CRIM1-DT	4	4	1	1	1	2	2	0	0
CRIP1	19	10	0	14	3	3	6	0	11
CRIP2	60	34	15	23	9	27	17	0	36
CRIP3	2	4	2	0	0	1	0	0	1
CRIPT	40	33	8	21	16	40	7	0	40
CRISP1	2	2	1	0	1	0	1	0	0
CRISP2	1	1	0	0	0	0	0	0	0
CRISP3	0	1	0	0	0	1	1	0	0
CRISPLD1	65	66	12	29	18	51	19	0	75
CRISPLD2	81	82	8	30	18	37	20	0	83
CRK	331	222	38	133	69	126	54	0	192
CRKL	153	112	29	71	31	68	27	0	99
CRLF1	340	149	31	109	56	78	53	2	106
CRLF2	1	0	0	0	0	0	1	0	1
CRLF3	59	34	5	22	9	33	8	0	36
CRLS1	10	3	2	4	2	2	2	0	3
CRMP1	63	27	10	18	14	23	13	0	16
CRNDE	50	42	6	30	10	36	14	1	55
CRNKL1	38	22	4	20	7	17	8	0	21
CRNN	0	0	0	1	0	0	0	0	0
CROCC	271	192	33	120	50	90	47	0	118
CROCC2	2	2	1	1	0	2	0	0	4
CROCCP1	1	0	0	1	0	0	0	0	1
CROCCP2	94	57	11	33	14	40	18	0	52
CROCCP3	29	32	7	13	11	12	8	0	31
CROT	24	16	5	20	9	14	10	0	24
CRPP1	1	0	0	0	0	0	0	0	0
CRPPA	62	22	3	23	20	23	11	0	11
CRPPA-AS1	1	0	0	0	0	0	0	0	1
CRTAC1	51	51	6	27	12	28	24	0	56
CRTAM	1	0	0	3	0	2	0	0	2
CRTAP	317	243	34	141	67	162	42	0	181
CRTC1	400	250	56	133	88	118	73	0	188
CRTC2	68	42	9	38	22	31	10	0	50
CRTC3	817	560	117	389	199	456	221	2	799
CRTC3-AS1	15	24	2	5	2	8	2	0	25
CRX	1	1	0	1	0	0	0	0	0
CRY1	153	99	14	58	41	89	21	0	157
CRY2	62	34	8	23	10	24	13	0	34
CRYAB	11	3	1	6	2	1	0	0	1
CRYBA2	1	0	0	0	0	0	0	0	0
CRYBA4	0	1	0	0	0	0	0	0	0
CRYBB1	2	0	0	0	0	0	0	0	0
CRYBB2	3	7	0	1	0	2	3	0	4
CRYBB2P1	54	42	9	23	7	14	11	0	37
CRYBB3	8	4	3	11	4	7	4	0	5
CRYBG1	17	10	1	11	2	4	2	0	4
CRYBG2	0	1	0	0	0	0	0	0	2
CRYBG3	75	53	11	37	22	52	13	0	70
CRYGB	1	0	0	0	0	0	0	0	1
CRYGN	0	0	0	0	1	0	0	0	0
CRYGS	10	6	2	3	1	5	0	0	10
CRYL1	3	7	4	3	3	3	1	0	6
CRYM	8	5	0	3	2	0	0	0	2
CRYZ	63	31	7	29	16	25	5	0	32
CRYZL1	19	11	0	7	3	7	7	0	11
CRYZL2P	2	4	0	2	0	1	1	0	2
CRYZL2P-SEC16B	1	5	1	1	0	2	1	0	4
CRYZP1	0	3	0	0	0	0	0	0	0
CS	208	137	21	102	32	98	32	0	96
CSAD	78	55	8	49	22	63	19	0	71
CSAG1	1	0	0	0	1	0	1	0	0
CSDC2	15	12	2	5	3	5	6	0	12
CSDE1	1101	652	91	445	225	406	186	3	521
CSE1L	943	514	104	414	219	400	125	1	453
CSE1L-DT	3	1	0	3	0	1	0	0	1
CSF1	75	35	13	28	9	20	9	0	16
CSF1R	2	2	0	1	1	0	0	0	1
CSF2	0	0	0	0	0	1	0	0	0
CSF2RA	5	4	0	3	0	2	3	0	3
CSF2RB	1	1	0	0	0	0	0	0	0
CSF3R	1	0	0	0	0	1	0	0	0
CSGALNACT1	1111	749	155	436	287	491	162	0	495
CSGALNACT2	84	57	10	33	28	38	8	0	44
CSGALNACT2-DT	1	0	0	0	0	0	0	0	1
CSK	88	50	6	27	15	19	13	0	29
CSKMT	546	940	29	309	227	44	189	0	86
CSMD1	106	82	4	53	24	55	18	0	73
CSMD2	26	10	0	9	6	6	3	0	6
CSMD2-AS1	0	1	0	0	0	0	0	0	0
CSMD3	82	78	21	34	25	63	29	0	106
CSN1S1	1	0	0	0	0	0	0	0	0
CSN1S2AP	1	0	0	0	0	1	0	0	0
CSNK1A1	617	396	58	264	131	313	86	0	406
CSNK1A1L	1	0	0	0	0	0	1	0	0
CSNK1A1P1	0	0	0	1	0	0	0	0	0
CSNK1A1P3	0	0	0	0	0	0	1	0	0
CSNK1D	451	297	56	192	94	175	82	1	209
CSNK1E	109	66	10	52	14	33	17	0	34
CSNK1G1	166	115	22	60	33	81	27	0	102
CSNK1G2	205	134	24	82	32	62	28	0	92
CSNK1G3	281	193	36	116	62	158	55	1	230
CSNK2A1	227	167	28	122	47	96	39	1	155
CSNK2A2	228	126	19	113	53	93	48	0	112
CSNK2A3	2	0	0	0	0	0	0	0	0
CSNK2B	81	37	5	33	16	30	17	0	34
CSNKA2IP	10	7	1	1	0	0	0	0	2
CSP2	1	0	1	1	1	1	0	0	0
CSPG4	64	28	6	14	7	20	11	0	29
CSPG4BP	1	0	0	0	0	1	0	0	1
CSPG4P10	1	0	0	0	0	0	0	0	0
CSPG4P13	1	0	0	0	0	0	0	0	0
CSPG5	5	11	2	1	2	8	1	0	5
CSPP1	372	226	44	136	76	173	65	0	204
CSRNP1	85	41	11	19	13	28	12	0	49
CSRNP2	89	51	9	33	11	33	15	0	50
CSRNP3	7	4	0	2	0	3	1	0	2
CSRP1	755	594	114	310	205	335	176	0	388
CSRP1-AS1	23	21	5	14	4	14	6	0	24
CSRP2	145	210	39	72	65	170	87	0	224
CSRP3	1	0	0	0	0	0	0	0	0
CSRP3-AS1	12	3	1	4	1	5	4	0	6
CST13P	2	1	0	0	1	0	0	0	0
CST3	61	31	6	18	11	18	9	0	22
CST5	2	0	0	0	0	0	0	0	0
CST7	0	0	0	0	0	1	0	0	0
CST9LP1	0	0	0	0	0	0	0	0	1
CSTA	1	0	0	1	0	0	0	0	0
CSTB	88	40	12	49	20	33	11	0	27
CSTF1	115	72	10	45	12	39	23	0	62
CSTF2	60	49	10	33	11	39	14	0	46
CSTF2T	47	30	8	24	7	24	3	1	27
CSTF3	316	275	36	129	106	244	41	0	304
CSTF3-DT	5	4	2	5	2	4	0	0	8
CSTL1	1	0	1	0	1	0	0	0	2
CSTPP1	1559	1232	257	716	403	1001	379	1	1471
CT45A1	1	0	0	0	0	0	0	0	0
CT45A11P	0	1	0	0	0	0	1	0	2
CT47B1	0	0	0	0	0	0	0	0	1
CT62	1	0	0	0	1	0	0	0	1
CT66	0	0	0	0	0	1	0	0	0
CT69	5	6	0	3	1	1	1	0	5
CT75	7	1	0	0	0	0	0	0	1
CT83	23	24	8	16	3	14	4	0	14
CTAG2	4	2	0	0	0	2	0	0	1
CTAGE16P	0	0	0	0	0	0	0	0	1
CTAGE7P	0	0	0	0	0	1	0	0	0
CTBP1	321	238	46	114	61	106	55	0	181
CTBP1-AS	2	3	0	0	0	0	0	0	0
CTBP1-DT	23	5	0	10	6	9	4	0	5
CTBP2	1504	1039	171	496	346	543	263	0	655
CTBP2P8	1	0	0	0	1	1	0	0	0
CTBS	13	12	1	8	4	13	5	0	12
CTC-338M12.4	111	69	9	43	21	47	19	0	73
CTC1	68	35	3	34	11	13	9	1	27
CTCF	200	158	39	90	63	110	38	0	151
CTCF-DT	3	1	0	1	1	2	0	0	0
CTCFL	3	0	0	0	0	0	0	0	0
CTD-2194D22.4	2	0	0	0	0	0	0	0	1
CTD-2350J17.1	0	1	0	0	0	0	0	0	1
CTDNEP1	90	61	22	62	23	51	13	0	61
CTDP1	178	80	19	43	27	38	19	0	65
CTDP1-DT	8	1	1	0	1	2	0	0	3
CTDSP1	96	47	17	38	14	23	12	0	34
CTDSP2	118	87	10	57	24	40	25	1	81
CTDSPL	253	217	33	108	73	113	69	1	128
CTDSPL2	351	305	52	176	134	264	65	0	401
CTDSPL2-DT	1	1	0	1	0	0	1	0	3
CTF2P	0	0	0	0	0	0	0	0	1
CTH	76	45	7	31	17	37	13	0	51
CTHRC1	5	2	0	2	2	5	0	0	0
CTIF	807	593	105	254	204	328	182	1	353
CTLA4	3	1	0	0	0	0	0	0	0
CTNNA1	1551	958	170	568	349	648	242	1	870
CTNNA1-AS1	1	0	0	0	0	1	0	0	0
CTNNA1P1	3	0	0	0	1	0	0	0	0
CTNNA2	73	35	8	26	4	18	11	0	30
CTNNA2-AS1	1	1	0	0	0	0	0	0	1
CTNNA3	185	68	11	78	37	52	43	0	69
CTNNAL1	370	202	42	144	88	126	54	2	238
CTNNB1	1295	1098	226	571	330	793	280	0	909
CTNNBIP1	15	22	4	9	7	10	6	0	12
CTNNBL1	280	182	40	103	57	126	58	0	147
CTNND1	112	69	14	41	21	41	19	0	65
CTNND2	181	181	22	96	69	123	93	0	235
CTNS	71	34	12	28	15	21	10	0	26
CTNS-AS1	7	4	0	2	0	2	1	0	8
CTPS1	601	344	54	199	119	203	65	1	221
CTPS2	104	88	14	41	41	61	34	0	48
CTR9	165	107	15	56	45	61	18	0	61
CTRB1	0	0	0	0	1	0	0	0	0
CTRB2	1	1	0	0	0	0	0	0	0
CTRC	3	0	0	0	1	0	1	0	0
CTRL	2	2	0	3	0	1	0	0	1
CTSA	157	88	27	63	32	58	17	1	90
CTSB	81	52	9	32	22	32	7	0	48
CTSC	431	413	71	219	124	263	109	2	377
CTSD	52	28	11	22	13	18	9	0	33
CTSE	0	1	0	0	0	1	0	0	0
CTSF	12	8	3	2	3	5	4	0	8
CTSH	1	2	0	1	0	2	0	0	0
CTSK	4	16	3	3	2	11	0	0	10
CTSL	191	94	11	69	21	20	29	0	50
CTSL3P	2	0	0	0	1	0	0	0	0
CTSO	5	2	0	0	0	3	0	0	2
CTSS	9	4	1	6	1	6	3	0	6
CTSV	42	32	2	16	7	19	16	0	25
CTSZ	205	164	29	81	51	101	47	0	127
CTTN	615	323	62	231	114	158	78	0	252
CTTN-DT	72	64	9	30	19	40	9	0	66
CTTNBP2	104	80	29	48	39	78	28	0	86
CTTNBP2NL	218	88	23	90	34	88	27	1	113
CTU1	32	20	3	13	9	12	7	0	16
CTU2	25	11	3	4	5	9	3	0	6
CTXN1	22	17	3	19	4	11	4	0	17
CTXN2-AS1	0	0	0	0	1	0	0	0	0
CTXN3	0	0	0	0	0	1	0	0	0
CTXND1	0	0	0	0	0	0	0	0	2
CTXND2	2	2	0	0	0	1	0	0	1
CUBN	27	15	2	3	4	8	3	0	10
CUBNP2	0	0	0	0	0	2	0	0	1
CUBNP3	0	0	0	0	0	0	1	0	0
CUEDC1	564	428	87	233	128	218	135	0	317
CUEDC2	30	27	4	21	12	13	5	0	17
CUL1	359	232	49	120	86	146	56	2	202
CUL2	168	105	19	78	38	79	26	0	79
CUL3	529	327	72	214	119	291	85	0	373
CUL4A	1645	1003	208	599	366	653	229	1	788
CUL4B	215	108	23	92	51	94	36	0	112
CUL5	126	99	28	80	23	77	24	0	97
CUL7	48	20	8	22	13	14	5	0	33
CUL9	85	55	18	40	20	53	20	0	65
CUTA	95	63	9	39	25	27	17	0	39
CUTALP	74	64	9	40	23	34	19	0	63
CUTC	98	66	15	48	23	51	22	0	52
CUX1	4340	3896	734	1862	1252	2406	1067	13	3758
CUX2	17	9	1	9	2	4	2	0	17
CUZD1	1	2	0	0	0	1	1	0	0
CWC15	70	36	7	31	16	27	10	0	34
CWC22	138	113	19	50	31	85	9	0	94
CWC25	67	50	5	27	21	26	11	0	31
CWC27	362	287	40	163	109	244	64	1	276
CWF19L1	148	108	12	46	29	41	29	0	64
CWF19L2	114	84	11	57	28	83	19	0	80
CWH43	2	1	1	0	0	0	0	0	0
CX3CL1	1	0	0	0	0	0	0	0	0
CX3CR1	2	0	0	0	0	0	0	0	0
CXADR	106	70	12	45	28	66	23	0	92
CXADRP3	1	0	0	2	0	0	0	0	0
CXCL1	25	2	0	9	6	2	0	0	0
CXCL11	1	0	0	0	0	0	0	0	0
CXCL12	2	1	0	0	0	0	0	0	0
CXCL13	7	3	0	0	0	1	1	0	1
CXCL14	3	0	0	1	0	0	0	0	1
CXCL16	4	0	0	0	0	0	0	0	1
CXCL2	68	6	1	15	8	7	0	0	2
CXCL3	16	6	1	7	1	1	0	0	0
CXCL6	1	0	0	0	0	0	0	0	0
CXCL8	105	15	2	28	5	12	1	0	1
CXCL9	0	0	0	1	0	0	0	0	0
CXCR3	1	0	0	0	0	0	0	0	0
CXCR4	295	256	41	130	82	124	55	1	190
CXCR5	3	1	0	4	1	0	0	0	1
CXCR6	0	0	0	1	0	0	0	0	0
CXXC1	62	34	3	16	8	10	7	0	35
CXXC1P1	2	0	0	0	0	1	0	0	1
CXXC4	22	18	0	6	6	9	5	0	11
CXXC4-AS1	41	21	9	9	7	17	2	0	17
CXXC5	117	113	13	58	32	44	26	0	52
CXorf38	26	22	1	9	9	14	9	0	27
CXorf58	4	1	1	0	0	1	1	0	0
CXorf66	0	1	0	0	0	0	0	0	0
CYB561	54	36	9	18	7	15	8	0	21
CYB561A3	86	48	11	25	18	30	18	1	53
CYB561D1	10	8	0	10	1	9	3	0	8
CYB561D2	19	7	2	4	5	5	3	0	4
CYB5A	48	26	6	27	12	19	7	0	30
CYB5B	196	140	22	96	55	143	27	1	159
CYB5D1	62	30	6	16	8	17	7	0	30
CYB5D2	29	18	4	6	8	10	5	0	13
CYB5R1	21	11	4	7	5	12	4	0	10
CYB5R2	2	1	0	2	0	1	0	0	2
CYB5R3	247	164	29	111	45	117	49	0	122
CYB5R4	100	60	18	34	32	40	17	0	57
CYB5RL	13	20	2	18	5	5	4	0	6
CYBA	92	76	17	30	18	29	22	0	47
CYBB	0	1	1	3	1	0	0	0	1
CYBC1	49	34	2	19	19	30	16	0	39
CYBRD1	78	54	8	25	17	41	15	0	59
CYC1	146	90	13	56	30	42	28	0	66
CYCS	272	168	20	142	66	107	30	0	128
CYCSP1	0	0	0	0	0	0	0	0	1
CYCSP12	0	0	0	0	1	0	0	0	1
CYCSP17	0	0	0	1	0	0	0	0	0
CYCSP24	1	0	0	0	0	2	0	0	3
CYCSP28	1	0	0	0	0	0	0	0	0
CYCSP34	0	0	0	0	0	0	0	0	1
CYCSP38	0	0	0	0	0	1	0	0	0
CYCSP43	1	0	0	0	0	0	0	0	0
CYCSP44	0	0	0	1	0	0	0	0	0
CYCSP53	0	0	0	1	0	0	0	0	0
CYCSP55	1	0	0	0	0	0	0	0	1
CYFIP1	250	144	31	76	47	81	38	1	128
CYFIP2	850	866	168	442	281	569	243	2	709
CYGB	2	0	0	1	2	1	0	0	1
CYLC1	0	1	0	0	0	0	0	0	0
CYLC2	1	1	0	0	0	1	0	0	0
CYLD	92	51	9	38	19	40	18	0	56
CYLD-AS1	5	0	0	3	0	0	0	0	0
CYMP-AS1	0	0	0	0	0	0	0	0	1
CYP11A1	3	0	0	1	0	0	0	0	1
CYP11B2	0	0	0	0	1	0	0	0	0
CYP17A1	0	1	0	0	0	0	0	0	0
CYP19A1	6	4	2	2	0	1	1	0	2
CYP1B1	189	118	29	75	51	95	38	0	111
CYP1B1-AS1	27	22	2	8	8	17	9	0	26
CYP1D1P	0	0	1	1	0	0	0	0	1
CYP20A1	89	49	12	30	22	51	20	0	83
CYP21A2	0	1	0	0	0	0	0	0	1
CYP24A1	36	32	5	21	16	23	3	0	17
CYP26B1	43	28	3	21	10	11	6	0	17
CYP26C1	7	3	0	7	0	1	1	0	6
CYP27A1	5	2	1	1	0	1	1	0	5
CYP27B1	9	8	2	8	1	6	4	0	11
CYP27C1	15	4	0	1	0	4	1	0	4
CYP2A13	1	1	0	0	0	0	0	0	0
CYP2A7	1	1	0	0	0	0	0	0	0
CYP2A7P1	2	0	0	0	0	0	0	0	0
CYP2AB1P	0	0	0	0	0	0	1	0	0
CYP2B6	1	1	0	0	0	1	0	0	0
CYP2B7P	1	0	0	1	0	0	0	0	1
CYP2C18	0	1	0	0	1	1	0	0	0
CYP2C23P	8	6	1	5	2	2	0	0	5
CYP2C8	2	0	1	1	0	0	0	0	0
CYP2C9	1	0	0	0	0	0	0	0	0
CYP2D6	4	1	0	1	1	1	1	0	1
CYP2D7	8	15	1	4	5	1	3	0	9
CYP2D8P	8	5	1	3	1	3	3	0	3
CYP2E1	8	1	0	3	0	0	1	0	2
CYP2F1	3	3	1	1	1	1	2	0	2
CYP2G2P	0	1	1	1	0	0	0	0	0
CYP2J2	2	2	0	0	3	0	0	0	0
CYP2R1	22	22	1	7	8	8	1	0	14
CYP2S1	12	9	1	7	0	7	3	0	8
CYP2T1P	0	0	1	0	0	0	0	0	0
CYP2U1	16	12	3	2	0	7	2	0	9
CYP2U1-AS1	7	9	3	3	2	4	2	0	6
CYP2W1	2	0	0	2	0	0	0	0	1
CYP39A1	12	6	0	3	2	9	1	0	5
CYP3A4	0	1	0	0	0	0	1	0	0
CYP3A43	1	0	0	0	0	0	0	0	2
CYP3A5	2	0	0	1	1	0	0	0	0
CYP3A7-CYP3A51P	1	0	0	0	0	1	0	0	0
CYP46A1	1	0	0	0	0	1	1	0	0
CYP4A22-AS1	11	4	2	6	2	6	2	0	8
CYP4B1	2	1	1	1	1	0	0	0	0
CYP4F11	0	0	0	0	0	1	1	0	0
CYP4F12	1	0	0	0	0	0	0	0	1
CYP4F2	2	0	0	1	0	0	0	0	0
CYP4F22	3	1	0	1	0	1	0	0	1
CYP4F23P	1	0	0	0	1	0	1	0	1
CYP4F24P	0	1	0	0	0	0	0	0	0
CYP4F26P	196	119	19	79	52	76	27	0	98
CYP4F29P	0	1	0	0	0	0	0	0	0
CYP4F3	0	2	0	0	0	1	0	0	0
CYP4F30P	0	0	0	0	0	0	1	0	0
CYP4F33P	3	3	1	0	0	1	2	0	1
CYP4F8	0	2	1	0	0	0	0	0	1
CYP4F9P	0	1	0	0	0	0	0	0	0
CYP4V2	4	6	1	2	0	4	0	0	3
CYP4X1	1	0	0	0	0	0	1	0	1
CYP4Z1	0	1	0	0	0	1	0	0	1
CYP4Z2P	0	0	0	0	0	1	0	0	0
CYP51A1	32	34	2	19	7	21	9	0	38
CYP51A1-AS1	9	2	0	3	0	3	2	0	3
CYP51A1P1	0	1	0	0	0	0	0	0	0
CYP51A1P2	1	1	0	0	0	0	0	0	1
CYP51A1P3	1	1	0	0	0	0	0	0	0
CYP7A1	0	0	0	0	2	0	0	0	0
CYP7B1	6	4	0	2	3	1	0	0	1
CYP8B1	1	1	0	0	0	0	0	0	0
CYREN	84	69	16	36	23	41	17	1	53
CYRIA	12	5	0	5	4	0	3	0	3
CYRIB	710	546	89	303	200	392	126	2	520
CYS1	0	0	0	5	0	0	0	0	0
CYSLTR1	1	0	0	0	0	0	1	0	2
CYSLTR2	5	10	3	1	0	2	1	0	7
CYSRT1	1	0	0	1	1	1	0	0	0
CYSTM1	143	97	26	40	38	77	33	0	85
CYTH1	434	274	53	175	96	179	87	0	216
CYTH2	122	76	10	32	27	44	17	0	66
CYTH3	235	149	17	89	47	60	40	0	115
CYTH4	1	0	0	0	0	1	0	0	1
CYTIP	5	3	0	1	1	0	2	0	1
CYTL1	1	0	0	0	0	0	0	0	1
CYTOR	14	4	1	1	2	0	1	0	5
CYYR1	5	1	0	5	3	5	0	0	2
CYYR1-AS1	5	1	0	3	2	3	1	0	8
CZIB	32	25	6	13	5	13	5	0	20
CZIB-DT	2	1	0	3	0	1	0	0	0
D21S2088E	1	0	0	2	0	0	0	0	0
D2HGDH	212	185	18	70	63	85	48	2	111
DAAM1	164	96	16	88	48	75	23	0	103
DAAM2	7	5	1	1	0	2	0	0	1
DAAM2-AS1	1	0	0	0	0	0	0	0	0
DAB1	175	130	16	57	60	86	58	0	140
DAB1-AS1	0	1	0	0	0	0	0	0	0
DAB2	351	235	52	161	92	169	100	1	309
DAB2IP	213	118	16	74	39	64	41	0	71
DACH1	18	7	0	2	0	5	1	0	8
DACH2	39	49	3	28	10	20	5	0	11
DACT1	4	1	0	2	1	1	2	0	1
DACT2	4	1	0	2	0	0	0	0	2
DACT3	10	0	0	1	1	0	0	0	1
DACT3-AS1	3	0	0	0	0	0	0	0	0
DAD1	110	69	18	46	24	47	21	0	75
DAG1	338	185	49	131	71	150	59	1	209
DAGLA	53	33	4	15	9	12	14	0	25
DAGLB	245	180	29	94	53	123	45	0	157
DALRD3	54	22	6	16	8	9	3	0	17
DANCR	898	830	45	564	253	152	172	2	196
DAND5	3	2	1	1	0	1	1	0	3
DANT1	1	1	0	0	0	0	0	0	0
DANT2	834	673	132	344	237	444	201	3	537
DAO	0	2	0	2	1	1	1	0	2
DAOA	2	0	1	0	1	2	1	0	2
DAOA-AS1	3	2	0	0	0	1	0	0	1
DAP	1418	1054	199	535	375	694	341	5	963
DAP-DT	7	5	1	3	1	2	0	0	1
DAP3	322	207	38	149	74	149	51	1	163
DAP3P1	8	4	0	0	2	3	3	0	5
DAPK1	27	11	2	1	2	5	3	0	6
DAPK2	64	46	7	29	15	28	14	0	38
DAPK3	117	62	13	38	27	20	16	0	37
DAPL1	7	2	0	1	2	0	1	0	8
DAPP1	1	2	0	1	1	1	0	0	0
DARS1	298	188	35	113	54	120	43	0	188
DARS1-AS1	17	13	2	9	4	10	6	0	19
DARS2	114	79	14	53	30	38	17	0	48
DAW1	3	0	0	1	2	0	0	0	0
DAXX	43	39	7	19	8	18	3	0	35
DAZAP1	657	376	88	227	150	171	111	0	303
DAZAP2	204	150	25	108	29	82	41	0	107
DAZAP2P1	1	0	1	0	0	0	0	0	2
DAZL	2	2	0	1	0	0	0	0	2
DBF4	138	129	26	71	37	109	20	0	165
DBF4B	132	93	11	64	24	47	20	1	86
DBF4P1	1	1	0	0	0	0	0	0	0
DBH	1	1	1	0	1	0	0	0	1
DBI	88	59	13	40	26	37	13	0	56
DBIL5P	2	2	0	0	0	0	1	0	2
DBIL5P2	1	0	0	0	0	1	0	0	0
DBIP1	0	0	0	0	1	0	0	0	0
DBN1	251	172	37	96	52	75	51	0	108
DBNDD1	10	6	0	4	5	4	4	0	7
DBNDD2	35	20	4	11	4	13	6	0	17
DBNL	217	106	22	61	31	40	29	1	85
DBP	11	8	0	8	1	4	2	0	7
DBR1	66	42	7	24	10	39	4	0	31
DBT	99	108	18	46	39	61	21	0	89
DBX1	1	0	0	0	0	0	1	0	0
DBX2	1	0	0	1	0	0	0	0	1
DBX2-AS1	2	0	1	0	0	0	1	0	1
DCAF1	325	201	40	142	83	181	47	0	194
DCAF10	263	193	48	88	84	152	40	1	246
DCAF11	33	30	1	23	11	14	11	0	32
DCAF12	234	142	30	106	52	96	38	0	167
DCAF12L1	1	0	0	0	0	0	0	0	0
DCAF12L2	1	0	0	0	0	0	0	0	0
DCAF13	127	98	14	50	21	58	20	0	58
DCAF13P3	4	1	0	2	1	0	0	0	0
DCAF15	71	33	8	33	7	20	9	0	30
DCAF16	95	70	14	46	23	54	19	0	91
DCAF17	61	52	11	31	16	54	13	0	45
DCAF4	40	27	8	13	12	21	6	0	20
DCAF4L1	2	2	1	2	1	0	0	0	1
DCAF4L2	1	0	0	0	0	0	0	0	0
DCAF5	114	75	9	40	19	40	15	0	50
DCAF6	300	262	47	174	88	242	83	1	268
DCAF7	97	62	9	60	21	41	17	0	67
DCAF8	164	121	13	59	37	69	26	0	105
DCAF8-DT	2	0	0	2	0	0	0	0	0
DCAF8L2	5	2	0	3	1	1	1	0	0
DCAKD	133	99	16	55	40	68	25	0	98
DCBLD1	266	121	28	80	38	112	33	0	162
DCBLD2	284	141	28	99	51	122	31	0	137
DCC	31	12	0	5	7	14	7	0	10
DCD	0	2	0	0	0	1	0	0	2
DCDC1	26	17	5	10	6	10	9	0	8
DCDC2	6	1	1	2	0	2	0	0	3
DCDC2B	1	2	0	1	0	0	0	0	0
DCDC2C	4	0	0	4	0	2	0	0	3
DCHS1	4	0	0	1	1	0	1	0	2
DCHS2	31	14	2	8	5	7	6	0	12
DCK	71	44	7	34	14	38	15	0	53
DCLK1	75	40	10	25	15	34	8	0	40
DCLK2	309	179	29	124	60	119	68	0	170
DCLK3	0	1	1	1	0	2	0	0	0
DCLRE1A	48	19	6	14	14	12	14	0	19
DCLRE1B	31	22	3	20	7	10	3	0	13
DCLRE1C	83	46	10	33	16	39	7	1	53
DCN	5	7	0	4	3	5	7	0	9
DCP1A	253	133	21	115	69	128	35	1	122
DCP1B	27	19	3	15	6	16	4	0	15
DCP2	53	35	5	25	11	31	9	0	32
DCPS	65	53	4	27	15	30	18	0	54
DCST1	0	1	0	0	0	0	0	0	0
DCST1-AS1	0	1	1	0	0	1	0	0	1
DCST2	2	0	1	0	0	1	0	0	0
DCSTAMP	0	0	1	0	0	0	0	0	0
DCT	2	1	0	0	0	1	0	0	0
DCTD	67	43	7	41	22	24	11	0	50
DCTN1	198	120	31	75	29	62	34	0	95
DCTN1-AS1	0	1	0	0	0	0	1	0	0
DCTN2	112	63	18	49	19	43	15	0	53
DCTN3	50	37	2	28	10	17	17	0	29
DCTN4	247	157	32	85	55	120	50	1	144
DCTN5	146	87	16	72	36	66	19	2	81
DCTN6	77	67	3	29	17	56	13	0	48
DCTN6-DT	1	1	0	0	0	1	0	0	0
DCTPP1	64	37	6	19	10	16	9	0	19
DCUN1D1	131	101	10	65	31	92	19	0	114
DCUN1D2	234	184	22	93	55	84	30	0	138
DCUN1D2-AS	0	1	0	0	0	0	0	0	0
DCUN1D3	31	19	6	13	9	14	5	0	17
DCUN1D4	292	206	45	134	76	154	48	0	179
DCUN1D5	128	100	18	61	27	65	14	0	94
DCX	4	1	0	1	1	1	1	1	0
DCXR	37	9	7	14	3	6	5	0	9
DCXR-DT	1	0	0	0	0	0	0	0	1
DDA1	50	48	9	41	21	20	14	1	45
DDAH1	531	271	47	188	100	205	56	2	298
DDAH2	23	12	2	10	3	7	5	0	6
DDB1	478	286	55	189	88	184	83	0	211
DDB2	138	122	20	59	39	81	32	1	134
DDC	3	4	0	4	2	3	1	0	3
DDC-AS1	1	1	0	0	0	0	0	0	0
DDHD1	186	104	20	80	37	73	32	0	86
DDHD1-DT	1	1	0	0	0	0	0	0	0
DDHD2	81	56	12	45	17	41	16	0	67
DDI2	225	102	20	72	50	91	20	0	90
DDIAS	81	77	12	42	31	67	19	1	94
DDIT3	82	27	3	24	5	11	2	0	9
DDIT4	285	210	25	111	64	97	34	0	91
DDIT4L	3	1	0	1	1	0	0	0	2
DDIT4L-AS1	1	0	0	1	0	0	0	0	1
DDN	21	3	0	4	2	5	3	0	4
DDN-AS1	9	4	1	2	6	2	0	0	0
DDO	1	0	1	0	0	0	0	0	1
DDOST	142	97	20	52	25	62	27	0	66
DDR1	25	19	2	8	11	16	10	0	33
DDR2	46	18	3	12	2	21	6	0	20
DDRGK1	35	22	6	21	5	10	7	0	14
DDT	23	14	4	15	5	9	4	0	19
DDTL	13	15	1	8	1	6	3	0	12
DDX1	360	217	37	158	71	168	59	1	184
DDX10	821	421	77	290	155	309	95	0	360
DDX10P1	0	1	0	0	0	1	1	0	1
DDX11	140	87	10	55	35	37	28	2	79
DDX11-AS1	16	17	4	1	8	8	1	0	18
DDX11L2	0	1	0	1	0	0	0	0	0
DDX12P	47	23	3	12	8	18	11	1	19
DDX17	948	680	152	415	225	568	185	2	803
DDX18	220	110	33	107	46	104	34	1	90
DDX18P1	0	0	0	0	1	0	0	0	0
DDX18P4	2	0	0	0	0	0	0	0	0
DDX19A	24	12	1	11	6	4	2	0	6
DDX19A-DT	16	9	0	4	4	4	2	0	6
DDX19B	28	13	3	11	8	7	4	0	14
DDX20	97	39	10	33	19	37	14	0	31
DDX21	1026	427	85	342	153	285	98	0	271
DDX23	233	128	19	82	47	63	27	0	97
DDX24	252	158	24	97	56	85	32	0	114
DDX25	4	0	0	1	0	2	0	0	2
DDX27	182	128	19	81	38	73	28	0	106
DDX28	23	8	2	6	3	7	1	0	6
DDX31	580	348	57	205	131	236	74	1	266
DDX39A	335	155	32	93	53	79	40	0	111
DDX39AP1	1	0	0	0	0	0	0	0	0
DDX39B	190	96	13	67	35	66	31	0	72
DDX39B-AS1	1	0	0	0	0	1	1	0	1
DDX3ILA1	1	0	0	0	0	1	0	0	0
DDX3P1	0	1	0	0	0	0	0	0	0
DDX3P3	0	1	0	0	0	1	1	0	0
DDX3X	894	502	80	354	159	315	91	1	397
DDX3Y	1	1	0	0	1	0	1	0	1
DDX4	1	1	0	2	2	0	0	0	3
DDX41	100	61	11	27	22	27	18	0	43
DDX42	379	218	44	146	80	200	53	0	218
DDX46	481	334	64	232	114	266	66	2	360
DDX47	132	67	13	46	27	45	17	0	48
DDX49	83	39	13	29	14	20	12	0	16
DDX5	1179	701	113	382	223	397	150	1	467
DDX50	111	73	19	54	15	68	19	1	88
DDX50P1	5	2	1	1	1	3	1	0	3
DDX50P2	1	0	0	0	0	1	0	0	0
DDX51	59	19	6	14	8	16	9	0	13
DDX52	148	96	18	60	42	82	28	1	97
DDX53	0	0	0	0	0	0	0	0	1
DDX54	163	72	26	65	36	53	19	0	72
DDX55	139	101	19	84	32	59	22	0	81
DDX56	185	108	13	77	23	56	27	0	65
DDX59	62	31	10	29	21	36	12	0	36
DDX59-AS1	5	8	0	2	2	1	0	0	5
DDX6	253	159	26	128	56	113	43	0	168
DDX60	244	130	20	107	43	87	8	0	33
DDX60L	134	89	16	70	25	78	25	0	72
DDX6P2	2	0	0	0	0	0	0	0	0
DEAF1	147	104	18	60	37	46	29	0	87
DECR1	35	34	8	23	21	29	12	0	33
DECR2	20	17	6	14	7	14	2	0	18
DEDD	27	24	1	23	7	19	7	0	22
DEDD2	45	23	0	16	14	16	8	0	22
DEF6	1	1	2	3	2	0	3	0	1
DEF8	33	25	8	10	9	10	7	0	16
DEFA5	0	1	0	0	0	0	0	0	0
DEFB1	0	0	0	1	0	0	0	0	0
DEFB107B	0	1	0	0	0	0	0	0	0
DEFB108D	1	0	0	0	0	0	0	0	0
DEFB109A	0	0	0	0	0	0	0	0	1
DEFB110	0	1	0	0	0	0	0	0	0
DEFB118	1	0	0	0	0	1	0	0	0
DEFB119	1	0	0	0	0	0	0	0	0
DEFB121	0	0	0	1	0	0	0	0	0
DEFB122	1	1	0	0	0	1	0	0	0
DEFB123	1	0	0	0	0	0	0	0	0
DEFB124	2	0	0	0	0	0	0	0	0
DEFB125	0	0	0	0	0	0	0	0	2
DEFB127	1	0	0	0	1	0	0	0	0
DEFB132	0	1	0	0	0	0	0	0	0
DEGS1	180	124	15	65	45	54	30	0	86
DEGS2	2	1	0	1	0	0	0	0	0
DEK	501	350	67	229	109	277	76	0	342
DELE1	163	92	25	57	37	64	21	1	93
DELEC1	27	10	4	12	3	6	4	0	10
DENND10	19	21	1	7	4	8	5	0	6
DENND11	53	56	12	24	14	31	15	0	42
DENND1A	2054	1311	246	825	456	931	287	2	1007
DENND1B	102	83	18	51	36	97	21	0	113
DENND1C	0	1	0	0	0	0	0	0	1
DENND2A	5	6	1	3	1	4	1	0	0
DENND2B	320	187	30	103	62	116	72	1	131
DENND2B-AS1	0	1	0	0	1	1	0	0	1
DENND2C	11	3	0	2	0	3	1	0	7
DENND2D	25	14	3	5	7	7	5	0	7
DENND3	288	165	33	101	55	93	97	0	245
DENND3-AS1	8	0	1	2	0	0	0	0	3
DENND4A	245	182	30	115	67	190	41	0	263
DENND4B	141	90	21	54	29	35	23	1	62
DENND4C	352	221	49	156	87	215	64	1	274
DENND5A	325	214	51	183	85	188	57	0	247
DENND5B	650	504	101	299	171	428	112	2	439
DENND5B-AS1	11	5	1	1	3	2	1	0	6
DENND6A	145	125	24	64	41	84	25	0	150
DENND6A-AS1	2	1	0	0	0	0	0	0	0
DENND6A-DT	0	0	0	2	0	1	0	0	1
DENND6B	7	11	1	2	2	5	2	0	8
DENR	133	80	10	57	31	69	20	0	87
DEPDC1	149	102	26	75	46	74	21	0	121
DEPDC1-AS1	2	4	1	2	1	3	1	0	4
DEPDC1B	158	113	31	64	45	98	30	0	128
DEPDC1P1	2	1	0	1	0	0	0	0	0
DEPDC1P2	4	0	0	1	0	1	0	0	2
DEPDC4	16	9	1	4	1	4	1	0	10
DEPDC5	8	9	0	4	2	9	1	0	3
DEPDC7	47	26	4	17	7	18	2	0	21
DEPP1	3	2	0	1	0	0	0	0	1
DEPTOR	22	29	7	13	3	19	7	0	27
DEPTOR-AS1	3	0	0	1	0	0	1	0	0
DERA	146	87	18	60	34	72	37	0	88
DERL1	140	89	15	50	29	67	29	0	84
DERL2	68	54	12	31	16	27	10	0	52
DERL3	20	8	1	5	1	3	4	0	4
DERPC	106	91	13	44	26	51	25	1	75
DES	0	1	0	0	0	0	1	0	0
DESI1	222	103	30	83	43	82	46	0	99
DESI2	180	150	21	81	46	102	29	0	142
DET1	0	0	0	1	0	0	0	0	0
DEUP1	6	4	0	1	1	2	1	0	1
DEXI	50	39	4	33	8	11	5	0	27
DFFA	209	127	25	107	45	59	24	0	70
DFFB	35	41	2	26	12	15	9	0	19
DFFBP1	4	4	2	2	1	1	0	0	4
DGAT1	91	35	7	42	17	23	7	0	24
DGAT2	11	2	1	11	1	3	5	0	10
DGAT2-DT	2	0	1	0	0	0	0	0	0
DGAT2L6	1	1	0	1	0	1	0	0	0
DGCR11	5	3	0	0	1	1	0	0	1
DGCR2	214	125	30	79	37	71	41	0	97
DGCR5	10	5	0	2	2	2	1	0	2
DGCR6L	5	5	0	1	1	2	1	0	3
DGCR8	247	189	38	95	52	83	52	0	139
DGKA	36	27	6	10	8	22	9	0	30
DGKB	31	13	4	11	5	5	3	0	8
DGKD	1055	648	148	374	217	409	192	4	520
DGKE	95	45	6	35	12	39	14	0	43
DGKG	15	21	2	10	1	2	4	0	1
DGKH	543	342	71	222	142	351	104	2	475
DGKI	165	174	33	63	82	154	30	1	288
DGKK	3	1	1	3	0	1	0	0	2
DGKQ	14	16	1	4	5	5	3	0	11
DGKZ	107	67	23	31	29	41	15	1	49
DGKZP1	1	0	0	1	0	0	0	0	0
DGLUCY	87	58	12	37	23	44	21	0	69
DGUOK	115	87	26	51	24	64	24	0	87
DGUOK-AS1	19	16	2	6	2	7	3	0	7
DHCR24	269	230	41	130	61	143	76	1	264
DHCR24-DT	0	0	0	0	0	1	0	0	0
DHCR7	134	105	26	64	25	71	35	1	117
DHDDS	140	72	17	51	22	57	32	0	59
DHDDS-AS1	7	4	0	3	1	4	1	0	9
DHDH	4	1	0	0	0	0	0	0	0
DHFR	390	146	40	103	61	165	48	0	164
DHFR2	13	8	1	7	0	8	2	0	12
DHH	2	0	0	0	0	0	0	0	0
DHODH	48	17	4	24	7	13	7	0	12
DHPS	19	15	3	11	3	12	9	0	10
DHRS1	14	5	0	5	4	4	4	0	11
DHRS11	34	28	5	10	14	12	4	0	20
DHRS12	1	0	0	0	1	0	0	0	0
DHRS13	15	11	1	3	4	4	3	0	9
DHRS2	3	0	0	0	1	0	2	0	0
DHRS3	59	24	12	34	13	23	11	0	23
DHRS4	18	11	1	8	5	6	2	0	11
DHRS4-AS1	64	59	12	28	15	27	13	0	35
DHRS4L1	31	18	4	8	9	16	8	0	14
DHRS4L2	5	3	0	3	1	2	0	0	6
DHRS7	26	24	3	17	10	20	4	0	19
DHRS7B	101	88	19	49	24	57	18	0	83
DHRS7C	4	1	0	1	0	0	0	0	0
DHRS9	3	0	0	2	0	0	0	0	1
DHRSX	557	368	66	244	147	239	100	1	275
DHRSX-IT1	2	0	0	0	0	0	0	0	1
DHTKD1	37	54	9	14	9	29	8	0	46
DHX15	720	426	89	275	154	340	123	3	380
DHX16	99	35	6	33	9	23	12	0	35
DHX29	134	65	9	44	27	74	19	0	74
DHX30	265	166	37	124	72	106	47	0	119
DHX32	126	74	14	56	39	53	29	0	56
DHX33	199	125	29	90	41	88	26	0	103
DHX33-DT	0	0	0	0	0	0	0	0	1
DHX34	159	81	20	53	28	46	29	0	61
DHX35	159	97	15	62	26	80	25	0	82
DHX35-DT	0	0	0	0	0	0	0	0	1
DHX36	330	213	34	117	76	194	44	0	230
DHX37	159	67	11	56	29	36	22	0	45
DHX38	136	73	17	53	30	43	28	0	47
DHX40	72	58	8	35	30	35	13	0	45
DHX57	124	73	14	41	26	48	21	0	59
DHX58	14	6	2	5	1	3	3	0	0
DHX8	216	108	20	64	50	86	37	0	87
DHX9	917	516	94	360	191	375	138	1	451
DHX9-AS1	3	4	0	0	1	1	0	0	0
DHX9P1	4	1	0	0	0	0	0	0	3
DIABLO	12	6	0	6	3	5	4	0	13
DIAPH1	816	540	101	363	211	436	150	1	507
DIAPH1-AS1	0	0	0	1	0	0	0	0	0
DIAPH2	948	694	142	429	270	681	182	2	793
DIAPH2-AS1	7	0	0	2	0	1	3	0	2
DIAPH3	2281	1554	313	914	585	1381	396	5	1665
DIAPH3-AS1	1	2	0	1	0	2	0	0	0
DICER1	241	123	19	79	45	93	32	0	110
DICER1-AS1	3	2	0	3	4	4	0	0	2
DIDO1	694	539	99	267	182	315	128	3	478
DIMT1	92	67	14	46	14	63	21	0	61
DINOL	2	0	0	0	0	0	0	0	0
DIO1	1	0	0	1	0	0	0	0	0
DIO2	375	206	40	164	80	183	77	2	277
DIO2-AS1	9	0	0	3	3	2	1	0	3
DIO3	5	0	0	1	0	1	0	0	0
DIO3OS	7	2	0	2	1	1	3	0	1
DIP2A	251	153	28	92	56	95	51	1	149
DIP2A-IT1	0	3	0	0	0	0	0	0	0
DIP2B	538	359	57	238	113	261	86	0	318
DIP2C	633	349	53	203	113	147	101	0	197
DIP2C-AS1	1	1	0	0	0	2	0	0	0
DIPK1A	77	84	18	41	22	63	31	0	101
DIPK1B	3	1	0	1	0	1	2	0	1
DIPK1C	0	2	0	1	2	0	1	0	1
DIPK2A	217	155	37	72	48	130	38	0	149
DIPK2B	0	0	0	0	0	0	1	0	1
DIRAS1	7	4	0	4	1	1	0	0	6
DIRAS2	2	0	0	0	0	0	0	0	0
DIRAS3	4	0	1	2	0	0	0	0	0
DIRC3	35	17	2	9	4	8	10	0	17
DIRC3-AS1	41	25	3	12	9	11	4	0	13
DIS3	347	188	32	122	66	136	35	0	145
DIS3L	80	36	6	33	9	15	15	0	42
DIS3L-AS1	3	0	1	0	0	0	0	0	0
DIS3L2	437	286	48	160	116	224	71	2	258
DIS3L2P1	0	0	1	0	0	0	0	0	0
DISC1	64	43	6	25	17	36	11	0	42
DISC1FP1	16	12	0	8	5	9	2	0	8
DISP1	507	402	84	211	175	374	128	1	647
DISP2	1	2	0	0	0	0	0	0	3
DISP3	9	10	0	3	3	0	1	0	3
DIXDC1	114	73	4	38	21	40	23	0	46
DKC1	452	255	34	199	112	100	53	0	137
DKK1	51	3	2	5	3	1	0	0	0
DKK2	28	20	4	9	7	4	12	0	11
DKK3	28	30	5	11	3	10	4	0	13
DKKL1	1	2	0	1	0	0	0	0	0
DLAT	123	74	15	56	43	55	21	0	56
DLC1	20	10	3	12	10	4	5	0	11
DLD	212	136	15	68	41	79	49	1	108
DLEC1	8	3	0	3	0	3	1	0	0
DLEU1	171	113	22	66	36	78	32	1	108
DLEU2	543	467	96	258	141	425	125	1	612
DLEU2L	4	3	0	0	2	5	1	0	4
DLEU7	28	9	5	10	0	5	2	0	14
DLG1	875	612	130	326	200	504	134	1	667
DLG1-AS1	1	1	0	0	0	0	0	0	1
DLG2	1464	1538	282	725	535	1173	480	4	1680
DLG2-AS2	24	30	3	10	8	15	3	0	21
DLG3	64	55	16	37	19	35	18	0	45
DLG4	53	52	15	23	18	34	15	1	55
DLG5	404	320	55	144	93	165	100	1	276
DLG5-AS1	0	2	1	0	1	0	0	0	2
DLGAP1	59	35	8	16	9	26	7	0	30
DLGAP1-AS1	40	16	3	13	8	28	5	1	33
DLGAP1-AS2	30	23	7	9	8	22	14	0	40
DLGAP1-AS3	1	0	0	0	0	0	0	0	1
DLGAP1-AS4	1	1	0	0	2	0	0	0	1
DLGAP1-AS5	2	0	1	2	0	0	0	0	0
DLGAP2	46	24	1	23	6	10	11	0	11
DLGAP2-AS1	3	2	0	2	0	0	0	0	2
DLGAP3	7	1	0	1	0	2	1	0	1
DLGAP4	301	181	26	115	61	109	37	0	124
DLGAP4-AS1	13	3	1	2	5	1	1	0	2
DLGAP5	157	115	16	66	38	77	27	0	105
DLK1	6	1	0	1	0	0	1	0	1
DLK2	8	0	1	0	0	1	1	0	1
DLL1	4	2	0	2	1	0	1	0	1
DLL3	1	1	0	0	0	2	1	0	1
DLL4	35	6	0	4	3	2	2	0	1
DLST	170	83	12	59	36	62	18	0	86
DLSTP1	1	1	0	0	0	0	0	0	0
DLX1	28	16	3	9	1	17	4	0	12
DLX2	41	6	3	10	6	6	3	0	12
DLX2-DT	0	1	0	0	0	0	0	0	2
DLX3	4	1	0	1	0	0	0	0	0
DLX4	5	4	1	3	1	5	2	0	5
DLX5	3	1	0	2	0	0	0	0	1
DLX6	2	4	0	2	1	1	0	0	2
DLX6-AS1	10	4	0	5	1	7	4	0	9
DM1-AS	6	7	3	1	2	3	3	0	5
DMAC1	77	39	13	41	23	39	17	0	52
DMAC2	71	33	5	19	11	31	5	0	31
DMAC2L	48	39	5	22	10	26	9	0	37
DMAP1	76	31	3	26	20	25	15	0	32
DMBT1	78	124	19	41	26	78	25	1	79
DMBT1L1	1	0	0	0	0	0	0	0	0
DMBX1	4	2	1	3	0	0	0	0	0
DMC1	5	7	0	0	1	5	0	0	9
DMD	451	303	58	174	108	200	37	0	165
DMGDH	31	21	2	15	7	16	4	0	20
DMKN	3	1	0	1	0	0	0	0	1
DMP1	1	0	0	0	0	0	0	0	0
DMPK	84	50	7	15	18	25	16	0	45
DMRT1	5	6	0	0	0	1	1	0	4
DMRT3	0	1	0	0	0	0	0	0	0
DMRTA1	11	1	0	8	1	2	1	0	4
DMRTA2	2	0	0	1	0	0	0	0	0
DMRTB1	2	1	2	0	0	0	1	0	0
DMTF1	256	225	44	119	89	220	48	0	344
DMTF1-AS1	4	1	0	1	2	0	0	0	0
DMTN	8	2	0	2	1	2	0	0	2
DMWD	120	56	9	35	11	33	18	0	55
DMXL1	268	197	46	137	73	147	39	1	231
DMXL1-DT	5	4	0	2	2	4	1	0	5
DMXL2	219	168	24	95	58	118	46	3	177
DNA2	112	95	22	59	41	81	28	0	120
DNAAF1	1	1	0	1	0	0	0	0	0
DNAAF10	36	22	1	11	11	15	6	0	26
DNAAF11	5	2	1	4	0	4	3	0	9
DNAAF2	46	21	1	16	3	22	5	0	19
DNAAF3	1	0	0	2	0	1	0	0	0
DNAAF3-AS1	3	1	0	1	0	1	0	0	0
DNAAF4	5	2	1	4	3	0	1	0	0
DNAAF4-CCPG1	108	51	6	34	32	66	9	0	82
DNAAF5	319	183	35	104	63	108	44	1	117
DNAAF6	4	0	0	2	0	0	0	0	1
DNAAF8	5	2	0	0	0	1	0	0	3
DNAAF9	70	60	15	29	22	47	18	0	58
DNAH1	9	16	0	5	4	9	4	0	14
DNAH10	6	2	2	1	0	5	2	0	3
DNAH10OS	11	2	0	4	0	0	2	0	1
DNAH11	32	23	0	16	4	9	8	0	12
DNAH12	31	13	1	4	4	4	2	0	5
DNAH14	230	156	22	95	60	155	41	0	197
DNAH17	68	30	6	20	10	13	15	0	35
DNAH17-AS1	370	410	93	174	147	217	125	0	315
DNAH2	6	8	1	3	3	0	0	0	7
DNAH3	11	6	1	0	2	0	1	0	1
DNAH5	114	61	8	31	14	30	7	0	35
DNAH6	11	9	5	7	4	4	3	0	11
DNAH7	36	30	4	10	7	16	5	0	30
DNAH8	11	5	0	1	0	6	1	0	2
DNAH8-AS1	2	0	0	0	0	0	1	0	1
DNAH9	25	4	1	11	3	6	3	0	6
DNAI1	3	4	1	1	2	4	1	0	2
DNAI2	0	1	0	0	1	0	0	0	3
DNAI3	2	6	2	2	0	0	0	0	3
DNAI4	26	24	3	9	4	7	5	0	17
DNAI7	5	1	2	1	0	1	0	0	1
DNAJA1	1281	635	102	458	246	421	118	1	503
DNAJA1P2	1	0	0	0	0	0	0	0	0
DNAJA1P3	0	2	0	1	0	1	0	0	1
DNAJA1P4	1	0	0	0	0	0	0	0	0
DNAJA2	143	71	10	61	29	50	24	2	37
DNAJA2-DT	2	5	0	1	2	3	1	0	7
DNAJA3	193	128	23	85	43	64	29	1	91
DNAJA4	137	69	13	42	27	33	18	1	42
DNAJA4-DT	2	0	0	1	0	0	0	0	0
DNAJB1	361	157	17	126	68	62	20	0	86
DNAJB11	205	117	26	70	45	97	24	0	88
DNAJB12	155	78	18	56	25	56	34	0	52
DNAJB13	11	2	1	1	2	4	1	0	3
DNAJB14	159	83	18	56	25	83	16	0	102
DNAJB2	54	30	4	21	5	13	8	0	26
DNAJB4	164	104	18	65	33	80	30	1	87
DNAJB5	16	13	3	10	8	6	2	1	13
DNAJB5-DT	9	1	0	3	0	1	0	0	2
DNAJB6	365	276	29	123	87	136	50	1	225
DNAJB6P2	1	0	0	0	0	0	0	0	0
DNAJB6P4	1	0	0	0	0	0	0	0	0
DNAJB6P7	2	1	0	0	0	1	1	0	3
DNAJB6P8	2	0	0	0	0	1	0	0	1
DNAJB8	1	0	0	0	0	0	0	0	0
DNAJB8-AS1	0	0	0	1	1	1	0	0	0
DNAJB9	59	28	4	15	11	16	5	0	19
DNAJC1	427	416	78	177	131	296	98	0	443
DNAJC10	330	239	46	155	77	162	65	1	203
DNAJC11	719	306	56	196	104	189	106	1	201
DNAJC12	54	57	5	31	17	31	19	0	78
DNAJC13	376	215	26	147	74	183	62	1	197
DNAJC14	43	39	6	17	5	15	7	0	20
DNAJC15	102	77	12	61	27	77	22	0	80
DNAJC16	113	75	16	48	23	62	25	0	71
DNAJC17	81	53	6	21	17	33	19	0	34
DNAJC17P1	1	0	0	0	0	0	0	0	0
DNAJC18	29	13	4	14	2	17	7	0	15
DNAJC19	22	16	3	11	6	7	4	0	12
DNAJC19P5	1	0	0	0	0	0	0	0	1
DNAJC2	214	109	16	87	35	71	26	0	92
DNAJC21	281	167	27	114	67	119	35	2	183
DNAJC22	3	6	1	2	1	2	1	0	4
DNAJC24	136	102	22	69	39	91	26	1	107
DNAJC25	16	10	2	6	5	6	3	0	7
DNAJC25-GNG10	143	77	13	61	37	51	11	1	72
DNAJC27	24	13	2	14	3	3	3	0	12
DNAJC27-AS1	7	9	1	0	0	0	0	0	0
DNAJC28	0	2	0	0	0	0	0	0	2
DNAJC3	284	173	27	101	48	125	46	0	117
DNAJC3-DT	9	8	1	5	1	1	0	0	5
DNAJC30	15	13	4	10	7	5	7	0	7
DNAJC4	9	4	1	5	4	4	6	0	7
DNAJC5	121	83	14	50	21	34	21	0	56
DNAJC5B	2	2	0	1	0	1	0	0	1
DNAJC5G	0	1	0	0	0	0	0	0	1
DNAJC6	63	30	6	22	14	26	11	1	45
DNAJC7	296	151	32	113	58	113	42	0	140
DNAJC8	200	98	13	76	30	67	19	0	86
DNAJC9	115	86	16	44	29	44	23	0	86
DNAJC9-AS1	20	8	2	2	3	5	1	0	6
DNAL1	43	23	0	21	9	19	6	0	30
DNAL4	5	2	1	2	1	0	1	0	0
DNALI1	1	0	0	0	0	0	0	0	0
DNASE1	68	43	9	18	10	25	6	0	46
DNASE1L1	24	12	5	10	5	7	7	0	14
DNASE1L2	5	5	0	3	3	1	0	0	4
DNASE1L3	3	0	0	0	0	0	0	0	0
DNASE2	42	26	10	18	14	20	10	0	26
DNASE2B	0	0	0	0	0	0	0	0	2
DND1	0	2	0	1	3	0	0	0	1
DNER	847	542	115	336	194	376	118	0	454
DNHD1	239	174	37	95	76	126	48	1	206
DNLZ	15	4	0	3	0	1	2	0	7
DNM1	315	306	80	131	114	217	95	1	285
DNM1L	196	119	20	81	39	132	35	0	146
DNM1P35	5	3	0	0	1	0	0	0	2
DNM1P38	0	0	1	1	0	1	0	0	0
DNM2	383	290	41	136	79	136	77	0	214
DNM3	189	137	38	68	35	128	32	0	152
DNMBP	959	613	123	368	236	510	158	2	632
DNMBP-AS1	3	1	0	1	0	1	0	0	0
DNMT1	595	452	73	240	153	240	104	1	388
DNMT3A	184	165	30	94	47	86	52	0	111
DNMT3B	41	27	7	15	14	15	5	0	22
DNMT3L	0	1	0	0	0	2	0	0	0
DNPEP	57	28	3	24	6	16	10	0	15
DNPEP-AS1	1	1	0	0	0	0	0	0	0
DNPH1	24	18	5	10	6	12	6	1	16
DNTT	1	0	0	2	1	0	0	0	0
DNTTIP1	48	32	7	20	12	16	5	0	21
DNTTIP2	244	125	18	94	42	92	26	0	94
DOC2A	7	6	0	0	0	2	2	0	6
DOC2B	6	1	0	4	1	0	1	0	3
DOCK1	1072	836	131	481	293	484	205	3	674
DOCK10	364	180	38	125	63	139	61	0	126
DOCK11	149	131	15	56	37	69	34	1	110
DOCK11P1	2	1	0	0	0	0	0	0	1
DOCK2	76	16	1	21	8	12	6	0	9
DOCK3	74	50	9	33	10	18	10	0	38
DOCK4	973	476	83	359	207	384	80	3	315
DOCK5	1164	595	125	431	209	458	130	1	540
DOCK6	54	32	7	11	14	20	8	0	28
DOCK7	187	102	21	69	43	105	24	1	122
DOCK7-DT	7	4	3	3	0	2	0	0	2
DOCK8	53	65	8	29	18	48	13	0	40
DOCK8-AS1	2	0	0	0	0	0	0	0	0
DOCK8-AS2	7	7	0	4	1	3	1	0	1
DOCK9	520	328	66	178	109	234	95	2	284
DOCK9-DT	2	0	0	0	0	0	0	0	1
DOHH	38	17	4	8	4	14	4	0	12
DOK1	23	9	0	7	4	8	2	0	10
DOK2	1	0	0	0	0	1	0	0	0
DOK3	25	26	1	10	6	11	5	0	12
DOK4	20	7	1	4	3	6	4	0	8
DOK5	7	2	1	2	1	5	1	0	2
DOK6	16	8	3	6	1	3	1	0	5
DOK7	12	10	1	4	2	4	1	0	4
DOLK	32	21	3	21	6	7	7	0	11
DOLPP1	48	36	2	19	7	19	10	0	23
DONSON	61	58	9	30	7	30	13	0	44
DOP1A	66	39	6	32	19	26	16	0	36
DOP1B	25	18	3	9	6	6	5	0	14
DOT1L	350	250	33	125	72	103	59	1	168
DPAGT1	29	20	6	18	10	23	8	0	19
DPCD	25	21	4	6	11	10	5	0	13
DPEP1	4	0	0	0	1	1	0	0	2
DPEP2	2	0	0	2	0	1	1	0	0
DPEP3	1	0	0	0	0	0	0	0	0
DPF1	5	6	2	6	2	3	1	0	5
DPF2	107	49	12	23	17	27	15	0	62
DPF3	23	9	1	7	2	5	1	0	6
DPH1	75	29	9	27	13	23	15	0	26
DPH1-AS1	7	2	0	2	2	2	3	0	4
DPH2	75	33	2	27	8	18	7	0	21
DPH3	43	20	4	22	5	20	4	0	20
DPH5	98	58	11	37	27	49	12	1	51
DPH5-DT	135	106	8	43	32	72	22	0	96
DPH6	142	118	24	57	32	113	27	0	114
DPH6-DT	45	45	8	19	11	29	16	0	52
DPH7	105	105	17	58	30	50	22	0	66
DPM1	201	111	21	75	52	85	29	0	119
DPM2	53	42	5	34	13	16	12	0	30
DPM3	8	10	0	4	2	5	4	0	5
DPP10	61	17	4	17	9	20	5	1	19
DPP10-AS1	1	1	0	0	0	0	0	0	0
DPP10-AS3	0	1	0	0	0	0	0	0	0
DPP3	62	36	8	27	12	13	8	0	30
DPP3-DT	7	8	3	6	0	3	0	1	5
DPP3P1	1	0	0	0	0	0	0	0	0
DPP4	3	2	0	0	0	0	0	0	0
DPP4-DT	1	0	0	0	0	0	0	0	0
DPP6	76	46	7	36	12	17	16	1	17
DPP7	105	59	1	37	20	48	21	0	37
DPP8	246	160	32	105	57	130	36	0	175
DPP9	245	143	36	83	51	55	44	0	85
DPP9-AS1	1	0	0	1	0	0	0	0	0
DPPA2	0	0	0	0	0	1	0	0	0
DPPA3	0	1	0	0	0	0	0	0	0
DPPA3P3	1	0	0	0	0	0	0	0	0
DPPA4	1	0	0	1	2	1	0	0	0
DPRXP3	1	1	1	0	1	0	1	0	0
DPY19L1	236	179	38	117	75	165	42	0	187
DPY19L1P1	28	25	10	17	16	24	11	0	36
DPY19L1P2	6	4	0	4	1	3	1	0	4
DPY19L2	6	14	3	2	3	5	1	0	13
DPY19L2P1	1	1	0	0	0	0	1	0	0
DPY19L2P2	26	33	2	16	8	15	8	0	35
DPY19L2P3	2	1	1	1	1	1	1	0	2
DPY19L2P4	5	4	1	7	2	4	0	0	2
DPY19L3	178	108	18	71	28	106	16	0	89
DPY19L3-DT	17	13	4	9	5	11	1	0	19
DPY19L4	109	58	12	41	23	47	21	0	69
DPY19L4P1	1	0	0	0	0	0	0	0	0
DPY30	46	34	8	20	8	17	4	0	46
DPYD	941	667	140	391	226	637	170	1	838
DPYD-AS1	5	4	0	0	1	4	1	0	0
DPYS	12	8	4	13	5	10	8	0	19
DPYSL2	128	138	20	64	46	96	31	0	128
DPYSL3	224	125	23	84	38	74	49	1	109
DPYSL4	3	8	0	1	1	2	2	0	5
DPYSL5	59	14	5	8	7	11	12	0	12
DQX1	4	3	0	1	0	2	0	0	0
DR1	234	124	29	106	49	96	26	0	121
DRAIC	34	13	1	7	7	8	9	0	15
DRAM1	179	106	12	81	38	85	14	0	54
DRAM2	70	63	10	24	22	50	16	0	44
DRAP1	69	46	6	30	13	13	9	0	25
DRAXIN	2	0	0	1	0	1	2	0	2
DRAXINP1	1	0	0	0	0	0	0	0	0
DRC1	1	1	1	2	2	0	0	0	0
DRC3	6	2	1	3	1	1	0	0	6
DRC7	3	0	0	3	3	0	0	0	1
DRD1	0	2	0	0	0	0	0	0	0
DRD2	3	1	1	0	0	0	0	0	1
DRD3	5	0	0	0	0	1	1	0	1
DRD4	3	3	0	1	0	3	1	0	2
DRG1	107	71	18	51	18	53	8	0	74
DRG1P1	1	0	0	0	0	0	0	0	0
DRG2	94	49	11	27	20	30	15	0	46
DRGX	3	0	0	0	0	0	0	0	1
DRICH1	4	4	0	0	1	0	2	0	3
DROSHA	1177	715	129	515	255	578	201	1	631
DRP2	2	8	2	1	0	5	1	0	4
DSC1	1	0	0	1	0	1	1	0	1
DSC2	27	14	2	12	4	4	5	0	16
DSC3	9	5	0	4	1	12	1	0	5
DSCAM	40	17	3	22	11	9	4	0	11
DSCAML1	27	13	2	7	5	5	5	0	7
DSCAS	2	1	0	1	0	0	2	0	0
DSCC1	70	27	3	26	11	29	10	1	33
DSCR4	2	1	0	1	0	1	0	0	0
DSCR8	0	1	0	0	0	1	0	0	0
DSCR9	8	7	0	2	0	1	1	0	8
DSE	184	141	27	66	46	118	30	1	131
DSEL	171	133	26	72	49	81	37	0	142
DSEL-AS1	28	18	7	9	3	14	3	0	22
DSG1	4	1	0	0	1	1	0	0	0
DSG1-AS1	6	1	0	1	2	2	0	0	2
DSG2	391	246	44	117	87	169	46	1	176
DSG3	2	1	0	1	0	0	1	0	0
DSG4	0	1	0	0	0	0	0	0	1
DSN1	90	78	10	29	27	43	20	0	70
DSP	363	250	45	150	92	125	77	0	203
DSP-AS1	7	0	0	1	1	2	0	0	1
DSPP	0	0	0	0	0	0	0	0	2
DST	1945	991	189	694	344	786	280	1	938
DST-AS1	1	3	0	0	0	0	0	0	2
DSTN	494	294	55	205	110	216	82	0	247
DSTNP2	8	6	1	5	1	2	0	1	6
DSTNP4	0	1	0	0	0	0	0	0	0
DSTNP5	0	0	0	0	0	0	0	0	1
DSTYK	122	79	11	51	22	50	22	0	72
DTD1	118	96	23	58	34	56	13	0	87
DTD1-AS1	1	0	0	0	0	0	0	0	0
DTD2	18	8	1	8	5	5	4	0	15
DTHD1	4	1	0	0	0	1	0	0	1
DTL	405	337	59	189	128	285	96	0	417
DTNA	176	193	27	86	55	145	58	0	194
DTNB	233	163	32	87	63	139	44	1	155
DTNB-AS1	0	1	0	0	0	0	0	0	1
DTNBP1	111	50	16	36	19	40	22	0	60
DTWD1	120	79	25	57	24	65	19	0	92
DTWD2	87	46	14	35	27	56	14	0	63
DTX1	4	0	0	1	0	0	1	0	1
DTX2	36	24	5	17	7	14	6	0	18
DTX2P1	9	1	0	2	5	0	1	0	3
DTX2P1-UPK3BP1-PMS2P11	41	30	4	15	11	15	15	1	23
DTX3	40	23	0	13	6	8	7	0	18
DTX3L	50	16	5	24	9	14	6	0	19
DTX4	6	4	3	6	0	6	2	0	1
DTYMK	95	56	13	32	19	40	12	0	45
DUBR	32	29	3	11	6	20	15	0	32
DUOX1	6	0	0	1	2	2	0	0	2
DUOX2	1	1	0	0	0	0	0	0	1
DUOXA1	3	1	0	0	0	1	0	0	0
DUS1L	156	80	10	55	24	45	17	0	29
DUS2	62	47	8	31	9	22	9	0	35
DUS3L	80	28	5	29	14	24	15	0	25
DUS4L	6	2	2	2	2	2	3	0	0
DUS4L-BCAP29	216	133	14	103	51	114	22	1	127
DUSP1	511	195	42	142	66	99	64	0	119
DUSP10	119	94	18	42	26	64	25	0	83
DUSP11	49	23	8	23	11	36	11	2	32
DUSP12	58	15	3	13	6	20	5	0	29
DUSP13	1	0	1	0	0	0	0	0	1
DUSP14	100	84	16	52	21	64	30	0	115
DUSP15	3	0	0	0	0	1	0	0	1
DUSP16	103	83	17	34	25	62	23	0	72
DUSP18	3	7	1	2	0	1	1	0	6
DUSP19	8	4	1	4	2	2	3	0	7
DUSP2	106	36	15	27	10	26	17	0	21
DUSP21	0	1	0	0	0	0	0	0	0
DUSP22	44	23	2	10	5	11	5	0	21
DUSP23	9	3	1	4	2	4	0	0	1
DUSP26	0	1	0	0	0	0	0	0	0
DUSP28	16	4	1	0	4	12	4	0	6
DUSP29	0	1	0	1	1	0	0	0	0
DUSP3	100	51	9	46	17	42	11	1	40
DUSP4	99	58	11	33	22	36	13	0	36
DUSP5	178	71	3	48	20	36	21	0	34
DUSP5-DT	12	8	1	4	3	5	0	0	3
DUSP5P1	0	0	0	1	0	0	2	0	0
DUSP6	14	13	0	8	6	3	2	0	5
DUSP7	84	24	1	28	14	16	6	0	18
DUSP8	33	12	2	4	3	8	7	1	10
DUSP8P5	10	4	1	5	1	2	0	0	4
DUSP9	1	2	1	1	1	0	1	0	0
DUT	200	125	30	108	49	109	45	0	142
DUT-AS1	13	7	2	5	6	8	1	0	6
DUTP3	0	1	0	0	0	0	0	0	0
DUTP6	0	0	0	1	0	0	0	0	0
DUTP7	0	0	0	0	0	1	1	0	0
DUX4L16	1	0	0	0	0	0	0	0	0
DUX4L18	1	0	0	0	0	0	0	0	0
DUX4L19	0	1	0	0	0	0	0	0	0
DUX4L26	1	0	0	0	0	0	0	0	0
DUX4L37	1	0	0	0	0	0	0	0	0
DUX4L50	1	0	0	0	0	0	0	0	0
DUX4L51	1	0	0	0	0	0	0	0	0
DUXA	1	2	0	2	0	0	0	0	0
DUXAP10	23	14	2	11	5	16	2	1	9
DUXAP8	11	5	2	4	3	3	2	0	6
DUXAP9	28	25	3	14	3	5	5	0	8
DVL1	182	70	19	61	21	34	30	1	58
DVL2	75	59	11	32	17	21	15	1	39
DVL3	134	61	25	47	22	71	22	0	95
DXO	27	11	5	11	7	7	3	0	13
DYDC2	1	0	0	0	0	1	0	0	1
DYM	446	329	70	192	123	287	88	1	325
DYM-AS1	0	0	0	0	1	1	0	0	0
DYNC1H1	1260	707	152	464	240	426	216	2	593
DYNC1I1	17	7	2	7	2	3	4	0	7
DYNC1I2	131	104	12	44	44	60	21	1	107
DYNC1I2P1	1	0	1	0	0	0	0	0	0
DYNC1LI1	145	86	19	58	32	91	24	0	91
DYNC1LI2	267	181	24	104	63	104	55	1	155
DYNC1LI2-DT	0	0	0	1	0	0	0	0	0
DYNC2H1	399	200	38	147	78	198	54	1	205
DYNC2I1	112	90	19	36	22	71	15	0	80
DYNC2I2	100	70	12	59	25	52	29	1	85
DYNC2LI1	10	8	2	9	6	9	5	0	16
DYNLL1	164	86	19	74	40	70	31	0	75
DYNLL1P5	0	0	0	1	0	0	0	0	0
DYNLL2	168	116	22	84	34	61	35	0	73
DYNLL2-DT	0	0	0	1	1	0	0	0	0
DYNLRB1	17	18	10	16	10	9	2	0	13
DYNLRB2	0	1	0	0	0	0	0	0	1
DYNLRB2-AS1	12	14	0	4	5	5	1	0	9
DYNLT1	55	26	8	15	8	21	6	0	28
DYNLT2	6	8	2	2	3	3	1	0	9
DYNLT2B	0	3	0	4	0	0	0	0	0
DYNLT3	48	40	4	22	8	32	12	0	41
DYNLT3P2	0	1	0	0	1	0	0	0	0
DYNLT4	5	1	0	1	0	0	0	0	0
DYNLT5	0	1	0	0	0	0	0	0	0
DYRK1A	838	609	117	343	214	518	157	4	686
DYRK1B	24	25	6	17	7	17	7	0	32
DYRK2	67	25	6	21	16	29	14	0	26
DYRK3	131	66	14	38	15	36	8	0	50
DYRK3-AS1	7	2	0	1	2	1	0	0	0
DYRK4	41	41	5	9	20	17	13	0	38
DYSF	20	11	2	1	7	6	1	0	7
DYTN	2	0	0	0	0	2	0	0	1
DZANK1	19	16	2	5	3	8	2	0	9
DZIP1	49	47	8	28	11	25	12	0	34
DZIP1L	113	61	10	40	26	44	29	0	54
DZIP3	45	40	4	24	12	33	13	0	50
E2F1	98	115	11	38	26	44	25	1	64
E2F2	49	34	9	15	17	26	10	0	35
E2F3	782	543	93	289	180	344	92	2	492
E2F3-IT1	5	2	0	1	0	0	0	0	6
E2F3P1	0	0	0	1	0	0	0	0	0
E2F3P2	0	1	0	0	2	0	0	0	0
E2F4	89	52	10	36	21	13	7	0	24
E2F5	113	50	7	44	21	33	12	0	31
E2F5-DT	3	1	0	1	1	0	0	0	0
E2F6	65	68	8	29	18	46	12	0	49
E2F7	253	127	28	86	58	128	29	0	159
E2F8	26	12	1	17	10	12	9	0	17
E4F1	80	47	6	34	20	22	17	1	19
EAF1	75	52	12	30	13	38	17	0	40
EAF1-AS1	1	0	1	0	0	0	0	0	1
EAF2	8	10	0	8	5	6	3	0	9
EAPP	48	39	7	17	11	14	11	0	30
EARS2	139	86	21	55	38	55	20	1	71
EBAG9	33	23	1	13	11	20	6	0	22
EBAG9P1	0	0	0	1	0	0	0	0	1
EBF1	1054	823	145	418	300	595	283	1	802
EBF2	9	7	1	3	0	3	1	0	3
EBF3	8	6	1	6	1	2	0	0	0
EBF3-AS1	1	1	0	0	0	0	0	0	0
EBF4	14	8	1	4	3	4	2	0	2
EBI3	1	0	0	1	0	0	0	0	0
EBLN2	3	5	2	2	3	6	1	0	8
EBLN3P	178	142	29	96	68	102	29	1	131
EBNA1BP2	237	132	14	111	47	61	29	0	68
EBP	20	33	10	24	7	24	12	0	25
EBPL	71	65	11	29	24	28	17	0	51
ECD	94	66	17	38	18	65	11	0	74
ECE1	751	492	99	262	163	243	124	1	349
ECE1-AS1	0	2	0	0	0	1	0	0	0
ECEL1	74	112	32	35	27	51	40	1	90
ECEL1P1	1	0	0	0	0	0	0	0	0
ECH1	40	26	8	17	7	23	11	0	27
ECHDC1	262	180	35	106	67	130	50	0	175
ECHDC2	58	59	4	22	25	31	27	0	61
ECHDC3	24	15	3	8	3	10	4	0	8
ECHS1	80	33	5	30	17	26	10	1	25
ECI1	92	75	7	40	29	30	13	0	40
ECI1-AS1	0	0	0	1	0	0	0	0	1
ECI2	67	37	9	34	12	16	6	0	31
ECI2-DT	7	6	1	2	1	4	1	0	4
ECM1	4	6	1	1	0	3	1	0	2
ECM1P2	3	1	0	1	0	0	0	0	1
ECM2	2	0	0	0	0	1	0	0	0
ECMXP	1	0	0	0	0	0	0	0	0
ECPAS	665	357	77	234	118	265	89	0	312
ECRG4	1	0	0	2	0	0	0	0	0
ECSIT	45	32	13	18	15	32	12	0	31
ECT2	664	404	100	274	171	350	94	2	465
ECT2L	35	25	4	12	5	4	1	0	21
EDA	41	32	6	10	17	16	12	0	21
EDA2R	1	1	0	0	0	1	1	0	1
EDAR	4	3	0	3	0	3	0	0	2
EDARADD	19	8	2	6	3	5	3	0	4
EDC3	180	118	20	71	41	84	28	0	109
EDC4	104	68	15	32	20	32	21	2	37
EDDM13	5	0	0	0	0	2	0	0	0
EDEM1	183	124	25	72	47	77	26	0	100
EDEM2	31	15	6	9	8	11	5	0	8
EDEM3	193	143	20	77	44	104	27	0	166
EDF1	243	124	19	85	44	82	45	0	108
EDIL3	1067	584	129	384	251	494	171	0	620
EDIL3-DT	45	46	1	27	16	26	9	0	42
EDN1	18	4	0	5	1	3	1	0	3
EDN2	3	1	0	0	1	1	1	0	0
EDN3	2	2	0	0	0	1	1	0	0
EDNRA	63	35	6	28	7	24	7	0	21
EDNRB	1	1	1	1	0	0	0	0	0
EDNRB-AS1	2	3	0	2	0	2	1	0	2
EDRF1	224	128	22	86	48	80	33	0	132
EEA1	154	100	19	47	34	92	29	0	100
EED	168	123	24	69	50	105	34	0	142
EEF1A1	1481	699	127	549	273	503	200	0	650
EEF1A1-AS1	8	0	0	4	1	1	1	0	5
EEF1A1P1	0	0	0	0	0	1	0	0	0
EEF1A1P10	0	1	0	0	0	0	1	0	0
EEF1A1P11	4	1	0	2	0	1	0	0	0
EEF1A1P12	10	1	1	0	1	5	1	0	1
EEF1A1P13	9	6	0	1	0	3	2	0	3
EEF1A1P14	4	3	0	3	0	2	1	0	1
EEF1A1P15	1	0	0	0	0	1	0	0	0
EEF1A1P16	0	0	0	1	0	0	0	0	1
EEF1A1P17	4	1	1	2	1	0	0	0	0
EEF1A1P19	5	7	2	2	0	1	1	0	8
EEF1A1P2	1	0	0	1	0	0	0	0	0
EEF1A1P20	0	0	0	1	0	0	0	0	0
EEF1A1P21	2	0	0	0	1	0	0	0	0
EEF1A1P22	2	2	1	2	1	0	0	0	1
EEF1A1P23	4	1	0	0	0	0	0	0	3
EEF1A1P24	4	0	2	5	2	2	0	0	1
EEF1A1P25	5	0	0	0	0	0	1	0	0
EEF1A1P26	0	1	0	0	0	1	1	0	0
EEF1A1P27	0	0	0	0	0	0	0	0	1
EEF1A1P28	4	1	0	0	0	2	0	0	1
EEF1A1P29	4	0	0	0	2	1	0	0	1
EEF1A1P3	6	2	0	5	0	1	0	0	3
EEF1A1P30	7	2	0	0	0	2	1	0	3
EEF1A1P31	0	0	1	0	0	0	0	0	0
EEF1A1P32	2	0	0	0	0	0	0	0	0
EEF1A1P33	4	1	0	1	0	0	1	0	3
EEF1A1P34	2	0	0	1	0	0	0	0	0
EEF1A1P35	10	1	0	1	2	2	1	0	1
EEF1A1P36	0	0	0	0	0	0	0	0	1
EEF1A1P38	5	0	0	2	1	0	0	0	3
EEF1A1P4	10	3	1	3	1	1	0	0	2
EEF1A1P42	2	0	0	0	0	0	0	0	0
EEF1A1P44	0	0	0	1	1	0	0	0	0
EEF1A1P45	0	0	0	1	0	0	0	0	0
EEF1A1P46	2	2	0	0	0	0	0	0	1
EEF1A1P47	0	0	0	0	0	2	0	0	0
EEF1A1P48	1	0	0	1	0	0	0	0	0
EEF1A1P49	1	1	0	1	0	0	0	0	0
EEF1A1P5	1	1	1	1	0	0	0	0	0
EEF1A1P50	0	0	0	1	0	1	0	0	0
EEF1A1P6	11	17	1	9	1	4	4	1	4
EEF1A1P7	1	0	0	2	1	0	0	0	1
EEF1A1P8	3	3	0	1	0	0	1	0	0
EEF1A1P9	12	2	1	5	4	3	1	0	4
EEF1A2	57	37	9	21	12	19	13	0	29
EEF1AKMT1	24	12	3	4	8	15	3	0	20
EEF1AKMT2	17	14	5	9	6	12	3	0	14
EEF1AKMT3	8	5	0	3	2	2	1	0	2
EEF1AKMT4	7	6	0	4	0	5	1	0	6
EEF1AKMT4-ECE2	21	13	1	8	6	6	3	0	8
EEF1B2	374	308	28	199	94	97	77	0	105
EEF1B2P1	0	0	0	0	0	1	0	0	0
EEF1B2P2	4	3	0	1	0	1	0	0	2
EEF1B2P3	6	6	0	1	1	5	0	0	5
EEF1B2P6	2	0	0	0	0	1	0	0	0
EEF1D	1200	744	126	380	254	321	176	3	428
EEF1DP1	9	5	5	6	1	9	2	0	18
EEF1DP2	1	0	0	0	0	0	0	0	0
EEF1DP3	5	1	0	0	1	0	0	0	2
EEF1DP7	1	0	0	0	0	0	0	0	2
EEF1E1	35	16	3	11	5	12	2	0	10
EEF1E1-BLOC1S5	169	127	11	53	51	54	32	0	68
EEF1G	314	207	64	174	71	134	64	2	218
EEF1GP1	2	3	1	3	0	2	0	0	0
EEF1GP2	1	0	0	0	0	0	0	0	0
EEF1GP4	0	0	0	1	0	0	0	0	0
EEF1GP5	1	0	0	0	0	1	0	0	0
EEF1GP8	1	1	0	0	0	0	0	0	0
EEF2	2675	1468	281	1103	468	775	405	3	1094
EEF2K	279	224	43	115	75	136	78	2	172
EEF2KMT	19	9	1	9	5	5	3	0	6
EEFSEC	525	416	58	183	138	219	80	1	263
EEPD1	69	44	10	35	7	15	9	0	32
EFCAB10	13	6	1	7	3	9	2	0	8
EFCAB11	7	2	1	1	1	2	1	0	3
EFCAB12	9	7	0	0	3	0	0	0	3
EFCAB13	58	49	10	27	12	24	14	0	43
EFCAB13-DT	7	2	0	0	1	2	0	0	3
EFCAB14	163	125	20	86	46	87	23	1	102
EFCAB14-AS1	6	0	0	0	0	0	0	0	0
EFCAB15P	7	11	0	4	1	4	3	0	7
EFCAB2	185	164	29	75	37	140	37	0	161
EFCAB3	5	0	0	1	0	1	2	0	2
EFCAB5	16	8	1	0	5	4	2	0	12
EFCAB6	16	9	0	5	6	8	3	0	4
EFCAB6-AS1	65	9	5	2	2	10	4	0	10
EFCAB6-DT	4	1	0	0	1	3	0	0	1
EFCAB7	22	20	6	11	4	29	12	0	22
EFCAB8	2	5	0	0	1	2	0	0	3
EFCAB9	0	1	0	0	0	0	0	0	0
EFCC1	4	2	0	0	0	0	1	0	0
EFEMP1	433	166	30	153	49	122	43	1	113
EFEMP2	7	4	0	2	2	1	2	0	1
EFHB	6	4	0	1	0	3	2	0	3
EFHC1	65	44	12	23	14	43	15	1	56
EFHC2	7	6	1	5	0	4	2	0	6
EFHD1	5	9	1	4	3	3	0	0	8
EFHD2	180	71	11	68	25	28	18	0	41
EFHD2-AS1	3	0	0	3	0	0	0	0	0
EFL1	182	86	17	56	27	82	32	1	86
EFNA1	54	16	4	18	10	11	3	0	18
EFNA2	2	2	1	0	0	2	1	0	0
EFNA3	0	1	0	1	0	0	1	0	2
EFNA4	5	1	1	4	3	0	1	0	3
EFNA4-EFNA3	14	8	1	4	2	6	1	0	5
EFNA5	2484	1349	249	898	503	1082	332	6	1238
EFNB1	14	5	0	4	2	10	1	0	5
EFNB2	175	100	16	59	32	75	24	0	79
EFNB3	1	0	0	0	0	0	0	0	1
EFR3A	251	154	34	97	59	147	41	0	166
EFR3B	11	5	3	0	1	3	1	0	5
EFS	0	1	1	1	0	0	0	0	0
EFTUD2	405	210	44	158	72	145	59	1	180
EGF	33	46	8	10	10	16	8	0	35
EGFEM1P	198	194	45	162	55	154	68	0	235
EGFL6	8	2	0	4	0	2	2	0	4
EGFL7	9	7	0	2	1	1	3	0	2
EGFL8	5	5	1	0	1	0	3	0	2
EGFLAM	19	11	3	10	2	11	15	0	18
EGFLAM-AS2	1	1	0	0	0	0	0	0	0
EGFR	2675	963	170	719	388	637	160	1	496
EGFR-AS1	0	1	0	0	1	0	0	0	1
EGILA	1	0	0	0	0	0	1	0	0
EGLN1	20	7	1	10	4	3	3	0	7
EGLN1P1	1	1	0	0	0	0	0	0	0
EGLN2	53	17	0	17	3	17	7	0	11
EGLN3	90	66	12	45	26	47	23	0	52
EGLN3-AS1	0	0	0	1	0	0	0	0	0
EGOT	2	0	0	0	0	0	0	0	0
EGR1	580	503	165	361	139	425	136	0	451
EGR2	10	8	1	3	4	4	1	0	13
EGR3	36	6	5	8	5	3	2	0	18
EGR4	4	1	1	2	0	0	0	0	2
EHBP1	547	370	67	222	135	329	85	0	425
EHBP1-AS1	7	2	1	3	0	2	1	0	2
EHBP1L1	192	121	31	71	45	75	35	0	108
EHD1	163	54	7	49	18	27	13	0	34
EHD2	206	94	44	82	39	93	42	0	117
EHD3	8	9	1	4	0	3	1	0	3
EHD4	155	82	8	38	30	53	15	0	54
EHD4-AS1	0	1	0	0	0	0	0	0	0
EHF	3	0	0	0	1	1	0	0	1
EHHADH	35	38	3	19	10	21	1	0	19
EHHADH-AS1	1	1	0	0	0	2	0	0	0
EHMT1	1172	794	167	453	287	466	215	0	614
EHMT2	82	47	14	38	18	32	16	0	35
EI24	94	50	6	48	24	34	7	0	48
EID1	134	88	18	68	39	78	24	0	75
EID2	14	18	4	4	8	7	2	0	7
EID2B	7	3	1	1	0	2	0	0	3
EID3	74	32	5	14	12	19	9	0	21
EIF1	617	275	52	244	88	179	72	0	217
EIF1AD	50	37	5	19	13	14	4	0	35
EIF1AX	227	139	18	113	50	80	36	1	116
EIF1AX-AS1	0	0	0	0	0	1	0	0	0
EIF1AY	4	1	0	1	2	0	0	0	0
EIF1B	58	20	4	20	10	14	9	0	20
EIF1B-AS1	19	25	1	12	6	11	3	0	14
EIF1P1	1	1	1	2	0	0	0	0	1
EIF1P2	1	0	0	0	0	0	0	0	0
EIF1P3	1	1	0	0	0	0	0	0	0
EIF1P5	0	1	0	0	0	0	0	0	0
EIF1P6	1	0	1	1	0	0	0	0	0
EIF2A	296	188	35	102	76	141	33	1	143
EIF2AK1	252	194	43	124	69	144	69	2	176
EIF2AK2	235	132	16	97	37	114	26	0	132
EIF2AK3	108	74	14	36	16	67	14	1	116
EIF2AK3-DT	5	1	1	3	0	1	1	0	4
EIF2AK4	203	137	33	128	46	100	39	0	107
EIF2B1	86	42	6	53	22	31	19	0	41
EIF2B2	40	25	4	18	7	18	0	0	25
EIF2B3	197	125	27	81	41	91	32	0	107
EIF2B4	52	22	6	14	9	8	7	0	9
EIF2B5	76	45	6	37	9	26	9	1	23
EIF2B5-DT	0	0	0	0	0	2	0	0	0
EIF2D	86	59	10	40	18	38	11	0	53
EIF2S1	339	196	32	127	68	129	38	0	147
EIF2S2	319	234	41	127	72	131	45	0	221
EIF2S2P2	1	1	0	0	1	0	0	0	1
EIF2S2P4	1	0	0	0	0	0	0	0	1
EIF2S2P5	0	0	0	0	0	0	0	0	1
EIF2S3	640	356	66	308	139	299	89	1	399
EIF2S3B	6	4	1	9	0	7	0	0	1
EIF3A	928	495	108	356	178	352	116	3	396
EIF3B	785	412	79	237	125	229	126	1	276
EIF3C	35	23	5	15	5	11	5	1	11
EIF3CL	3	2	0	1	1	0	0	0	3
EIF3D	287	181	19	115	53	96	46	0	128
EIF3E	652	325	57	232	146	268	72	2	292
EIF3F	118	85	16	63	21	63	23	1	81
EIF3FP3	2	0	0	0	0	0	0	0	2
EIF3G	147	74	13	54	26	49	22	0	68
EIF3H	653	383	71	272	148	299	90	0	411
EIF3I	187	109	17	84	39	86	22	0	73
EIF3J	391	201	58	146	80	177	48	0	194
EIF3J-DT	27	14	1	3	5	12	1	0	12
EIF3JP1	1	1	0	0	0	0	0	0	0
EIF3K	168	119	15	82	33	71	29	0	91
EIF3KP1	1	0	0	0	0	1	0	0	0
EIF3KP3	1	0	0	0	0	0	0	0	0
EIF3L	295	178	30	113	78	115	49	1	170
EIF3LP1	1	0	0	0	0	0	0	0	1
EIF3LP3	1	1	0	0	0	0	0	0	0
EIF3M	345	181	42	130	79	140	50	1	158
EIF4A1	627	343	53	240	122	186	83	0	249
EIF4A1P1	0	0	0	1	0	0	0	0	0
EIF4A1P10	3	1	0	0	0	0	0	0	1
EIF4A1P12	0	0	0	0	0	0	0	0	1
EIF4A1P13	1	0	0	0	1	0	0	0	0
EIF4A1P2	1	1	0	0	0	0	0	0	0
EIF4A1P3	1	0	0	0	0	0	1	0	1
EIF4A1P4	3	2	1	1	0	2	0	0	1
EIF4A1P6	1	0	0	1	0	1	0	0	1
EIF4A1P7	5	1	0	0	1	0	1	0	0
EIF4A1P8	2	0	0	0	0	0	0	0	0
EIF4A1P9	1	3	0	0	0	1	1	0	0
EIF4A2	1598	1672	92	862	439	295	336	4	395
EIF4A2P2	2	1	0	0	0	1	0	0	3
EIF4A2P3	1	0	0	0	0	0	0	0	0
EIF4A2P4	1	2	0	0	0	1	0	0	0
EIF4A3	266	148	21	107	44	82	36	0	91
EIF4A3P1	0	0	0	0	0	1	0	0	0
EIF4B	839	566	119	382	184	401	162	2	573
EIF4BP2	2	0	0	0	0	0	1	0	1
EIF4BP3	2	1	0	0	1	0	1	0	4
EIF4BP4	1	0	0	0	0	0	1	0	0
EIF4BP5	1	0	0	0	0	1	0	0	0
EIF4BP6	2	0	1	0	2	0	0	0	1
EIF4BP7	1	2	0	0	0	1	1	0	1
EIF4BP8	0	1	0	0	0	0	0	0	0
EIF4BP9	0	1	0	0	0	0	1	0	0
EIF4E	183	86	23	81	39	81	23	0	108
EIF4E1B	4	1	0	2	0	0	0	0	0
EIF4E2	156	112	18	78	39	69	38	0	75
EIF4E2P2	1	0	0	0	0	0	0	0	0
EIF4E3	2	4	0	2	1	0	0	0	4
EIF4EBP1	126	100	17	62	42	62	23	1	92
EIF4EBP2	113	92	22	60	42	83	28	0	109
EIF4EBP3	2	2	0	0	0	0	0	0	0
EIF4ENIF1	56	36	3	23	10	29	13	0	31
EIF4EP1	0	0	0	0	0	1	0	0	0
EIF4EP2	0	0	0	0	0	0	0	0	1
EIF4G1	2002	1595	207	756	392	511	307	2	663
EIF4G2	1383	876	139	677	277	620	203	2	624
EIF4G3	1958	1335	294	821	479	1204	303	3	1386
EIF4H	373	208	56	158	72	146	49	1	181
EIF4HP1	2	1	1	1	0	0	0	0	2
EIF4HP2	8	0	0	1	0	0	0	0	0
EIF5	538	331	44	239	129	162	98	0	190
EIF5-DT	0	0	0	0	0	1	0	0	0
EIF5A	720	420	97	351	132	250	113	0	350
EIF5A2	25	21	4	11	5	11	5	0	8
EIF5AL1	53	42	4	30	9	39	8	0	31
EIF5AP2	0	0	0	1	0	0	0	0	2
EIF5AP3	2	2	0	1	0	0	0	0	1
EIF5B	309	177	41	113	98	172	48	0	204
EIF6	105	44	4	38	18	21	8	0	35
EIPR1	414	291	41	173	97	164	78	1	186
EIPR1-IT1	2	0	0	1	0	1	0	0	2
ELAC1	4	3	2	0	0	2	0	0	0
ELAC2	251	142	27	96	55	90	32	0	112
ELANE	2	1	0	0	0	0	0	0	0
ELAPOR1	9	2	2	1	1	6	1	0	12
ELAPOR2	198	173	28	87	68	141	48	0	142
ELAVL1	250	158	16	106	48	84	40	0	102
ELAVL2	12	7	1	0	1	6	4	0	3
ELAVL3	15	0	0	2	0	1	0	0	0
ELAVL4	11	7	0	5	1	0	2	0	1
ELDR	3	2	0	1	2	1	0	0	0
ELF1	303	214	31	118	52	143	41	0	167
ELF2	209	212	47	105	94	199	56	0	283
ELF3	64	20	5	21	10	13	7	0	10
ELF3-AS1	6	8	2	1	1	6	3	0	6
ELF4	106	67	11	44	28	34	19	0	40
ELF5	3	2	0	1	0	1	1	0	1
ELFN1	17	4	0	10	0	2	1	0	1
ELFN1-AS1	50	32	8	27	14	22	9	0	23
ELFN2	32	15	4	16	4	14	11	0	4
ELK1	66	49	8	20	13	44	23	0	47
ELK3	135	50	6	46	16	31	5	0	25
ELK4	252	158	24	110	53	135	25	1	166
ELL	234	140	24	66	50	65	30	0	92
ELL2	1077	858	196	421	297	836	189	1	1145
ELL2P3	2	0	0	0	0	0	0	0	1
ELL3	2	4	0	4	0	3	1	0	1
ELMO1	92	77	14	64	29	44	22	0	62
ELMO1-AS1	0	1	0	1	0	0	0	0	0
ELMO2	83	38	7	15	18	33	8	0	32
ELMO3	7	9	3	2	2	1	1	0	7
ELMOD1	0	1	0	0	1	1	0	0	2
ELMOD2	89	67	9	23	14	46	7	0	52
ELMOD3	46	38	5	11	9	13	12	0	22
ELN	9	3	0	1	1	3	1	0	3
ELN-AS1	1	0	0	0	0	0	0	0	0
ELOA	165	101	18	67	33	47	21	0	56
ELOA-AS1	39	33	8	19	4	17	14	0	27
ELOB	62	39	12	36	10	18	12	0	34
ELOBP2	1	0	0	0	1	0	0	0	1
ELOBP3	1	0	0	0	0	0	0	0	0
ELOBP4	0	0	0	0	0	0	0	0	1
ELOC	113	80	12	46	22	67	13	0	65
ELOCP19	2	1	2	1	1	0	0	0	1
ELOCP2	0	1	0	0	0	0	0	0	0
ELOCP22	1	4	0	1	1	1	1	0	0
ELOCP33	0	0	0	1	0	0	0	0	0
ELOF1	46	22	7	18	3	15	4	1	15
ELOVL1	111	40	7	37	21	30	15	0	35
ELOVL2	6	5	0	2	1	2	0	0	1
ELOVL2-AS1	1	0	0	0	0	0	0	0	0
ELOVL3	0	1	0	0	0	1	0	0	0
ELOVL4	23	19	0	6	5	13	8	0	4
ELOVL5	527	451	95	228	152	320	119	1	421
ELOVL6	187	119	23	79	48	129	24	0	94
ELOVL7	10	5	1	5	0	4	0	0	7
ELP1	251	161	25	102	69	112	33	0	163
ELP2	238	230	46	122	76	143	48	0	196
ELP3	236	156	36	82	58	114	37	0	148
ELP4	367	303	58	161	87	271	82	0	392
ELP5	47	42	6	21	11	23	9	0	21
ELP6	76	61	13	40	16	35	12	0	49
ELSPBP1	1	0	0	0	0	0	0	0	0
EMB	16	18	2	5	7	6	1	0	11
EMBP1	6	7	4	1	3	1	2	0	14
EMC1	277	190	37	118	57	123	61	0	119
EMC1-AS1	47	45	12	24	18	28	9	0	55
EMC10	104	59	10	37	19	60	25	0	49
EMC2	77	51	10	24	18	39	8	0	60
EMC3	100	66	12	36	26	23	19	0	57
EMC3-AS1	3	2	0	4	4	0	2	0	6
EMC4	99	60	18	51	29	43	20	0	39
EMC6	41	29	4	23	10	16	13	0	21
EMC7	109	70	9	44	24	42	8	1	48
EMC8	97	68	18	34	11	37	13	0	38
EMC9	7	7	1	8	1	3	3	0	3
EMCN	15	10	1	6	2	3	3	0	4
EMD	90	39	9	46	29	25	26	0	43
EME1	54	30	8	14	10	13	6	0	23
EME2	61	38	10	25	15	9	9	0	26
EMG1	53	24	4	18	13	20	4	0	17
EMID1	7	1	0	0	0	1	0	0	0
EMILIN1	1	0	0	2	0	3	1	0	1
EMILIN2	19	8	5	5	1	4	0	0	7
EMILIN3	2	0	0	0	0	0	1	0	0
EML1	22	9	2	11	5	9	4	0	9
EML2	69	40	6	19	18	20	12	0	31
EML2-AS1	3	2	1	1	1	2	1	0	0
EML3	96	64	15	34	17	28	18	0	44
EML4	305	268	62	146	101	257	62	0	269
EML4-AS1	18	0	0	1	0	1	1	0	3
EML5	43	26	6	17	18	15	8	0	30
EML6	32	30	8	12	11	15	15	2	28
EMP1	152	24	5	22	16	18	3	0	13
EMP2	157	130	23	76	45	99	42	0	127
EMP3	120	79	22	41	31	60	25	0	72
EMSLR	37	20	8	14	6	14	3	0	10
EMSY	279	154	32	126	73	149	49	1	215
EMSY-DT	19	12	2	6	5	8	5	0	11
EMX1	3	3	1	0	1	1	0	0	1
EMX2	0	0	0	0	0	2	1	0	1
EMX2OS	2	6	1	5	0	1	0	0	1
EN1	3	1	0	2	0	1	0	0	2
EN2	21	11	0	3	5	0	5	0	3
EN2-DT	2	0	0	1	0	0	0	0	0
ENAH	943	508	99	403	176	410	123	3	585
ENAM	2	1	0	1	1	1	0	0	3
ENC1	35	2	1	8	2	2	3	0	3
ENDOD1	31	31	5	18	10	23	6	0	22
ENDOG	54	27	1	18	14	8	11	0	12
ENDOU	0	0	0	1	1	0	0	0	0
ENDOV	21	25	5	13	11	11	10	0	29
ENG	322	141	44	141	60	96	61	0	99
ENGASE	56	37	4	20	12	12	6	0	23
ENKD1	19	11	3	3	2	7	6	0	8
ENKUR	9	7	0	2	1	4	0	0	4
ENO1	2807	1630	296	1089	548	959	429	2	1145
ENO1-AS1	5	0	1	4	0	0	1	0	2
ENO1P3	7	2	0	1	1	0	1	0	1
ENO2	33	12	2	13	5	18	6	0	28
ENO3	123	65	12	45	20	36	27	0	55
ENO4	4	0	0	0	1	0	0	0	0
ENOPH1	103	74	8	36	16	45	9	0	42
ENOSF1	451	373	85	205	124	264	99	0	246
ENOX1	923	568	95	392	222	453	144	0	429
ENOX2	235	157	28	99	55	131	36	0	156
ENPEP	8	3	0	1	1	3	2	0	2
ENPP1	88	69	7	50	24	39	20	0	89
ENPP2	605	283	55	289	161	179	109	0	185
ENPP3	2	4	0	1	1	0	0	0	2
ENPP4	4	4	0	0	1	1	0	0	1
ENPP5	0	0	0	0	1	0	0	0	0
ENPP6	6	3	1	5	1	2	0	0	0
ENPP7	1	0	0	1	0	0	0	0	0
ENPP7P1	1	0	0	0	0	0	0	0	0
ENPP7P10	2	0	1	2	1	0	0	0	0
ENPP7P14	0	1	0	0	0	0	0	0	0
ENPP7P15	1	0	0	0	1	0	0	0	0
ENPP7P2	0	0	0	1	0	0	0	0	0
ENPP7P4	0	1	0	1	0	0	1	0	1
ENPP7P5	1	1	0	0	0	0	0	0	0
ENPP7P6	0	0	1	0	0	1	0	0	0
ENPP7P7	2	2	0	0	0	0	1	0	0
ENPP7P8	1	1	0	0	0	0	0	0	0
ENSA	255	201	30	106	48	120	51	1	161
ENTHD1	1	10	1	2	2	2	0	0	3
ENTPD1	2	2	1	2	2	4	0	0	4
ENTPD1-AS1	162	115	22	69	42	94	36	0	119
ENTPD2	5	3	0	0	0	1	3	0	7
ENTPD3	3	0	1	1	1	0	0	0	0
ENTPD3-AS1	18	19	3	6	3	23	4	0	16
ENTPD4	147	94	22	53	24	64	25	0	93
ENTPD4-DT	3	2	1	1	1	1	0	0	3
ENTPD5	37	27	7	20	4	24	4	0	24
ENTPD6	41	30	2	21	17	21	10	0	24
ENTPD7	131	60	13	34	27	44	14	0	45
ENTPD8	1	1	0	0	0	0	1	0	0
ENTR1	234	163	33	97	43	72	27	0	101
ENTR1P1	0	1	0	0	0	0	0	0	0
ENTR1P2	0	0	0	1	0	0	0	0	0
ENTREP1	13	8	3	4	2	6	3	0	7
ENTREP2	17	19	1	7	3	5	3	0	4
ENTREP3	93	56	18	33	23	36	19	0	57
ENY2	96	59	11	43	23	43	7	0	56
EOGT	88	67	6	40	24	50	15	1	46
EOGT-DT	3	0	0	1	2	2	1	0	4
EOLA1	7	7	0	3	1	2	3	0	6
EOLA1-DT	6	5	0	4	2	3	1	0	4
EOLA2	10	10	0	5	1	9	9	0	6
EOLA2-DT	200	187	35	86	64	124	54	1	243
EOMES	6	1	0	0	0	0	0	0	0
EP300	423	276	62	197	128	256	79	0	353
EP300-AS1	0	0	0	0	1	2	1	0	1
EP400	420	278	59	168	97	177	81	1	244
EP400P1	0	0	0	0	1	0	0	0	0
EPAS1	363	208	44	132	85	141	42	0	135
EPB41	362	289	58	160	87	225	91	1	275
EPB41L1	338	167	30	115	46	75	57	0	105
EPB41L1-AS1	1	1	1	0	0	0	0	0	0
EPB41L2	621	456	98	268	193	432	148	3	571
EPB41L3	15	1	0	6	1	7	0	0	5
EPB41L4A	641	550	117	342	199	471	252	2	623
EPB41L4A-AS1	335	430	16	262	139	43	62	0	71
EPB41L4A-DT	1	0	0	0	0	0	0	0	0
EPB41L4B	49	36	5	22	14	17	11	0	28
EPB41L5	44	26	3	15	4	18	6	0	35
EPB42	2	2	0	0	0	1	0	0	0
EPC1	299	282	46	158	91	218	63	1	291
EPC1-AS1	3	1	0	2	1	2	1	0	2
EPC2	354	284	66	164	106	273	65	0	394
EPCAM	3	5	0	2	2	4	0	0	4
EPCAM-DT	42	14	4	25	4	12	1	0	14
EPDR1	30	20	5	18	3	13	6	0	16
EPG5	189	125	23	92	33	101	33	0	134
EPGN	47	26	4	11	12	12	1	0	10
EPHA1	6	5	2	0	0	7	1	0	3
EPHA1-AS1	12	3	0	4	2	1	2	0	3
EPHA10	3	1	0	0	0	0	0	0	1
EPHA2	308	88	21	83	43	48	9	0	45
EPHA2-AS1	4	6	1	3	1	1	1	0	1
EPHA3	232	175	45	101	65	170	76	3	237
EPHA4	719	18	2	16	4	8	4	0	8
EPHA5	425	326	43	205	116	268	89	2	387
EPHA5-AS1	14	11	1	10	1	8	4	0	13
EPHA6	472	213	57	162	65	210	98	1	330
EPHA7	441	359	72	200	117	359	140	2	433
EPHA8	2	2	0	1	0	0	1	0	1
EPHB1	6	8	0	3	0	4	0	0	1
EPHB2	251	104	27	65	38	55	15	0	37
EPHB3	5	3	0	0	2	2	0	0	2
EPHB4	107	61	17	43	25	36	25	0	49
EPHB6	1	1	0	0	2	0	0	0	0
EPHX1	161	158	28	59	44	93	37	0	147
EPHX2	4	8	0	2	1	1	1	0	6
EPHX3	8	6	1	2	0	5	3	0	5
EPHX4	4	2	0	0	1	0	0	0	2
EPIC1	28	27	5	14	5	15	3	0	18
EPIST	3	0	1	1	0	2	1	0	1
EPM2A	95	98	16	60	30	71	20	0	110
EPM2A-DT	20	18	4	10	10	12	6	0	26
EPM2AIP1	94	67	16	40	28	62	14	0	81
EPN1	219	131	30	86	38	75	40	1	104
EPN2	355	277	66	157	99	197	96	0	214
EPN2-AS1	0	0	0	1	0	0	0	0	0
EPN3	0	0	0	1	0	1	0	0	1
EPO	0	0	0	0	0	0	0	0	1
EPOP	28	17	3	14	3	11	5	0	12
EPOR	11	9	2	4	3	6	2	0	7
EPPK1	482	278	46	134	83	104	102	1	183
EPRS1	740	460	56	276	166	251	113	2	377
EPS15	280	168	22	137	53	138	32	0	150
EPS15-AS1	4	0	0	4	1	1	0	0	3
EPS15L1	274	208	37	100	71	119	58	0	150
EPS15P1	0	0	0	0	1	0	0	0	0
EPS8	393	222	54	136	76	189	54	0	219
EPS8L1	10	4	1	5	1	1	0	0	2
EPS8L2	55	25	9	17	9	13	6	0	14
EPS8L3	0	1	0	0	0	0	1	0	0
EPSTI1	4	3	0	4	2	2	1	0	6
EPX	0	0	0	1	0	0	0	0	1
EPYC	0	0	0	3	1	1	0	0	1
EQTN	4	1	0	0	0	0	1	0	0
ERAL1	52	45	9	23	11	19	8	0	27
ERAP1	71	33	4	31	20	22	17	0	24
ERAP2	19	10	2	1	1	9	4	0	6
ERAS	0	0	0	2	0	1	0	0	0
ERBB2	88	57	12	37	17	35	22	1	39
ERBB3	1	3	0	1	0	2	3	0	1
ERBB4	1866	1735	308	899	652	1523	580	5	2149
ERBIN	865	520	98	334	201	532	150	0	694
ERBIN-DT	0	0	0	2	0	0	0	0	0
ERC1	904	553	122	362	208	492	154	5	678
ERC2	224	171	25	103	70	129	88	1	172
ERCC1	222	154	27	88	44	63	28	1	90
ERCC2	128	55	10	45	13	22	11	0	43
ERCC3	148	82	6	60	29	43	23	0	70
ERCC4	93	51	9	28	17	40	10	0	52
ERCC5	3	3	0	1	0	1	2	0	1
ERCC6	165	118	17	64	40	77	29	0	139
ERCC6L	37	16	4	9	12	9	5	0	13
ERCC6L2	320	254	53	152	93	222	66	1	327
ERCC6L2-AS1	35	46	7	22	9	29	7	0	34
ERCC8	124	76	14	59	34	78	18	0	88
EREG	12	6	2	3	1	4	0	0	2
ERF	159	82	17	67	31	40	23	0	53
ERFE	46	9	3	9	3	7	2	0	6
ERFL	4	2	1	1	1	2	0	0	1
ERG	589	373	58	229	113	270	111	2	313
ERG28	38	37	4	12	8	14	10	0	23
ERGIC1	1037	743	135	423	287	381	233	2	494
ERGIC2	149	99	20	71	37	93	19	0	122
ERGIC3	159	119	28	45	33	73	31	0	67
ERH	203	126	19	111	46	81	31	0	106
ERHP1	0	1	0	0	0	0	0	0	0
ERI1	261	112	17	57	36	62	19	0	105
ERI2	122	119	26	55	37	74	29	1	94
ERI3	550	479	54	212	167	266	132	1	339
ERI3-IT1	3	5	0	3	0	2	1	0	3
ERICD	3	2	0	2	0	6	0	0	0
ERICH1	128	81	20	41	31	47	20	2	81
ERICH2	1	2	0	1	0	0	1	0	1
ERICH2-DT	5	1	0	1	2	6	1	0	3
ERICH3	4	0	0	0	0	1	3	0	1
ERICH3-AS1	2	0	0	0	0	0	1	0	2
ERICH5	2	1	0	0	0	1	0	0	1
ERICH6	4	1	0	1	1	0	1	0	3
ERICH6-AS1	2	3	0	1	1	2	0	0	0
ERICH6B	3	2	0	2	0	1	0	0	0
ERLEC1	93	63	7	46	20	57	9	1	78
ERLIN1	172	134	22	77	44	73	34	0	115
ERLIN2	81	50	7	27	23	26	17	0	37
ERLNC1	0	0	0	1	0	0	0	0	0
ERMAP	29	25	4	13	6	13	6	0	14
ERMARD	43	29	6	21	10	18	10	0	27
ERMN	1	0	0	0	0	0	0	0	0
ERMP1	208	145	29	97	51	94	36	1	136
ERN1	75	45	7	24	11	33	9	0	48
ERN2	1	0	0	0	0	1	0	0	1
ERO1A	221	139	25	91	53	93	30	0	139
ERO1B	38	9	2	7	5	5	2	0	7
ERP29	146	76	21	42	26	51	25	1	82
ERP44	250	151	22	94	60	132	39	0	195
ERRFI1	208	88	8	73	27	69	13	0	60
ERRFI1-DT	6	7	1	7	1	3	1	0	5
ERV3-1	19	7	3	4	4	9	3	0	20
ERVFRD-1	0	0	0	1	0	0	0	0	0
ERVFRD-3	4	2	3	3	1	2	1	0	2
ERVH-1	1	0	0	0	0	0	0	0	4
ERVK13-1	45	29	9	16	17	15	15	0	26
ERVK3-1	25	12	1	9	1	8	5	0	9
ERVK9-11	0	1	0	0	0	0	0	0	0
ERVMER34-1	3	2	1	0	2	2	0	0	1
ESAM	3	2	0	0	0	1	0	0	5
ESAM-AS1	1	1	0	1	0	1	0	0	1
ESCO1	80	63	13	36	29	73	17	1	92
ESCO2	102	60	7	31	20	35	12	0	54
ESD	99	64	10	40	22	34	10	0	45
ESF1	81	51	19	42	22	58	9	0	69
ESM1	5	1	2	7	1	1	1	0	2
ESPL1	153	83	21	50	26	59	20	0	75
ESPN	7	2	0	3	0	1	1	0	0
ESPNL	8	5	1	2	1	3	4	0	3
ESPNP	3	0	0	1	1	2	0	0	0
ESR1	31	7	0	11	5	8	4	0	12
ESR2	17	12	0	6	1	6	3	0	10
ESRG	2	0	0	0	0	0	1	0	0
ESRP1	4	2	0	2	0	1	0	0	1
ESRP2	52	21	6	13	9	8	2	0	13
ESRRA	114	55	10	42	19	25	15	0	42
ESRRAP2	2	0	0	0	0	0	0	0	1
ESRRB	14	8	1	4	0	3	3	0	4
ESRRG	16	19	4	3	8	9	3	0	7
ESS2	40	19	5	12	7	11	4	0	17
ESYT1	153	100	19	48	30	44	15	0	78
ESYT2	567	404	75	223	129	272	107	0	429
ESYT3	26	19	2	5	6	6	6	0	5
ETAA1	57	61	14	26	12	60	22	0	71
ETF1	639	334	79	263	120	270	97	0	289
ETF1P1	1	1	0	1	0	0	0	0	0
ETF1P2	1	0	0	0	0	0	0	0	0
ETFA	369	273	30	163	87	149	80	1	251
ETFB	68	60	5	32	14	27	14	0	41
ETFBKMT	4	3	0	3	2	1	1	0	1
ETFDH	58	34	9	12	21	27	10	0	48
ETFRF1	15	11	1	8	4	8	3	0	10
ETHE1	38	31	2	12	5	16	5	0	22
ETNK1	253	169	40	99	64	169	32	0	217
ETNK1-DT	0	1	1	0	0	0	0	0	1
ETNK2	3	3	2	4	1	0	1	0	2
ETNPPL	7	3	3	2	3	3	1	0	4
ETS1	70	23	1	23	10	13	4	0	18
ETS1-AS1	1	0	0	0	0	0	0	0	0
ETS2	417	307	56	169	92	184	105	1	301
ETV1	35	23	4	22	12	9	5	0	7
ETV2	1	0	0	0	0	0	0	0	0
ETV3	82	45	12	44	19	45	14	0	48
ETV3L	6	1	0	0	1	0	0	0	0
ETV4	89	43	6	38	14	27	11	0	19
ETV5	45	31	3	19	7	14	3	0	10
ETV6	351	268	42	136	79	171	68	1	222
ETV7	3	2	0	1	0	2	0	0	0
ETV7-AS1	0	0	0	0	0	0	0	0	1
EVA1A	11	8	1	2	1	6	0	0	3
EVA1A-AS	1	0	0	0	0	0	0	0	0
EVA1B	7	2	2	2	0	0	1	0	3
EVA1C	547	471	92	234	162	310	140	1	581
EVA1CP5	1	0	0	0	0	0	0	0	0
EVA1CP6	0	0	0	0	0	0	0	1	1
EVC	127	80	18	52	29	48	29	1	60
EVC2	2	3	0	4	3	2	0	0	1
EVI2A	4	1	1	0	0	0	1	0	1
EVI5	330	237	48	143	84	200	53	2	264
EVI5L	31	21	3	14	8	15	7	0	20
EVL	135	126	17	46	33	75	29	0	81
EVPL	66	26	4	21	9	24	11	0	27
EVPLL	2	5	0	3	1	3	3	0	2
EVX1-AS	1	0	0	0	0	0	1	0	3
EVX2	2	0	0	1	0	0	0	0	0
EWSAT1	2	2	0	0	0	0	0	0	1
EWSR1	576	331	82	230	105	227	80	0	313
EXD1	3	1	0	4	0	1	0	0	2
EXD2	35	24	6	14	8	13	13	0	17
EXD3	95	74	11	30	20	43	22	0	51
EXO1	298	218	38	109	68	129	50	1	262
EXO5	32	24	2	9	2	18	6	0	10
EXO5-DT	24	24	1	10	8	7	7	0	15
EXOC1	112	62	13	31	29	47	13	1	51
EXOC1L	0	1	0	0	0	0	0	0	0
EXOC2	232	155	33	92	44	116	41	1	154
EXOC3	323	201	38	134	54	109	67	0	173
EXOC3-AS1	12	7	0	9	3	5	1	0	2
EXOC3L1	3	1	0	1	0	0	0	0	0
EXOC3L2	3	4	0	2	0	1	0	0	1
EXOC3L4	7	0	0	2	0	0	1	0	1
EXOC4	1524	1243	239	646	451	1007	348	4	1361
EXOC5	163	114	30	88	42	88	22	0	149
EXOC5P1	1	0	0	0	0	0	0	0	0
EXOC6	175	100	32	66	47	94	26	0	131
EXOC6B	551	340	93	215	143	343	123	1	432
EXOC7	154	76	13	47	27	49	17	0	48
EXOC8	82	32	5	30	10	30	13	0	31
EXOG	123	68	13	50	31	65	22	0	96
EXOSC1	33	31	5	19	8	20	6	0	25
EXOSC10	257	149	39	110	54	87	45	1	120
EXOSC10-AS1	2	2	0	1	1	0	1	0	2
EXOSC2	277	179	34	122	62	90	45	0	137
EXOSC3	136	59	11	49	23	42	12	0	54
EXOSC3P1	4	0	0	1	1	1	2	0	3
EXOSC3P2	1	0	0	0	0	0	0	0	0
EXOSC4	3	3	0	4	0	2	0	0	0
EXOSC5	77	51	8	24	14	19	14	0	33
EXOSC6	62	35	4	23	12	26	14	0	49
EXOSC7	187	111	21	60	43	68	24	1	68
EXOSC8	72	67	6	23	16	25	9	0	34
EXOSC9	128	81	10	36	25	38	13	0	61
EXPH5	30	30	5	17	6	16	6	0	16
EXT1	3411	1973	380	1244	722	1504	342	4	1845
EXT2	157	101	21	61	29	57	25	0	72
EXTL1	7	2	0	0	1	0	0	0	0
EXTL2	168	116	20	80	41	78	28	0	109
EXTL2P1	0	1	0	0	0	0	0	0	1
EXTL3	177	148	23	71	46	99	33	0	144
EXTL3-AS1	3	2	0	0	1	1	0	0	3
EYA1	110	104	22	52	36	98	41	0	130
EYA2	13	18	6	5	5	15	5	0	21
EYA3	246	179	34	136	64	166	45	2	211
EYA4	1733	1052	199	706	392	961	293	3	1072
EYS	72	46	9	23	11	30	5	0	41
EZH1	55	41	8	29	16	26	21	0	44
EZH2	315	241	36	134	98	199	51	1	375
EZR	915	512	100	342	173	341	143	2	339
EZR-AS1	4	0	0	0	0	1	0	0	0
F10	7	2	1	1	2	3	2	0	7
F11	1	0	0	1	0	0	0	0	1
F11-AS1	10	7	2	5	0	4	1	0	6
F11R	4	3	1	2	0	5	0	0	2
F12	7	5	0	2	0	6	1	0	1
F13A1	21	32	0	14	4	3	10	0	6
F13B	2	2	0	0	0	0	0	0	1
F2	1	0	1	1	0	1	0	0	1
F2R	30	10	0	7	7	7	4	0	13
F2RL1	14	10	0	8	2	5	1	0	8
F2RL2	0	0	0	0	0	0	1	0	0
F2RL3	0	0	0	0	1	0	1	0	0
F3	227	37	10	36	17	25	10	1	21
F5	1	0	0	1	1	0	0	0	1
F7	4	2	0	0	0	0	0	0	1
F8	35	42	3	25	14	11	2	0	19
F8A1	1	0	0	0	0	2	0	0	1
F9	1	1	1	1	0	1	1	0	1
FA2H	4	3	0	1	0	1	2	0	1
FAAH	2	0	2	0	1	0	1	0	2
FAAH2	52	42	3	21	11	45	16	0	68
FAAP100	81	40	5	14	7	27	11	0	21
FAAP20	76	49	11	24	10	23	10	0	35
FAAP24	8	3	0	3	2	5	1	0	4
FABP1	1	7	0	3	1	1	2	0	0
FABP12	4	2	2	0	0	1	2	0	2
FABP3	4	1	0	2	0	0	0	0	0
FABP5	40	15	3	26	4	17	2	0	9
FABP5P10	0	0	0	1	0	0	0	0	0
FABP5P12	1	0	0	0	0	0	0	0	0
FABP5P3	1	1	1	1	0	0	1	0	0
FABP5P7	0	2	0	0	0	0	0	0	0
FABP5P9	2	2	1	1	1	1	0	0	1
FABP6	1	2	0	0	0	1	0	0	0
FABP6-AS1	2	0	0	0	0	0	0	0	0
FABP7	0	0	0	1	0	0	0	0	0
FABP9	1	0	0	0	0	0	0	0	0
FADD	54	32	10	17	17	18	3	0	14
FADS1	376	445	74	202	122	295	126	0	470
FADS2	271	459	84	174	155	276	202	3	496
FADS2B	3	0	0	0	0	1	0	0	0
FADS3	151	61	6	29	20	34	16	0	43
FAF1	1802	1166	212	740	453	1086	308	0	1255
FAF1-AS1	0	0	0	0	0	0	0	0	1
FAF2	340	219	60	162	89	194	75	2	247
FAH	47	22	2	17	11	16	9	0	16
FAHD1	20	15	2	21	5	7	4	0	14
FAHD2A	30	17	1	11	3	8	2	0	9
FAHD2B	5	2	1	1	0	4	0	0	5
FAIM	72	17	4	16	9	21	3	0	21
FAIM2	1	1	0	0	0	0	2	0	0
FAM102A	179	113	18	47	41	52	33	0	118
FAM102B	445	283	46	208	115	244	49	1	193
FAM104A	96	54	8	53	18	47	19	0	60
FAM104B	13	11	1	9	4	5	2	0	14
FAM106A	20	25	7	15	8	19	10	0	25
FAM107A	2	2	1	0	2	1	1	0	0
FAM107B	1030	716	141	423	258	410	143	3	464
FAM110A	20	12	2	11	3	8	6	0	7
FAM110B	187	136	26	44	49	89	51	0	130
FAM110C	6	5	0	9	2	4	2	0	7
FAM110D	3	0	0	0	0	0	0	0	1
FAM111A	57	38	7	15	12	16	12	0	33
FAM111A-DT	5	2	0	2	1	4	1	0	2
FAM111B	98	54	5	23	27	32	11	0	57
FAM114A1	147	105	20	55	51	76	38	1	121
FAM114A2	48	30	9	24	20	19	8	0	29
FAM117A	20	13	0	2	3	5	2	0	12
FAM117B	92	70	18	47	27	84	19	0	96
FAM118A	120	62	25	47	36	57	24	0	60
FAM118B	46	27	4	13	12	17	5	0	26
FAM120A	776	465	104	335	176	343	122	1	393
FAM120AOS	65	48	3	29	11	34	18	0	50
FAM120B	270	204	33	93	86	138	73	0	206
FAM120C	76	67	9	29	23	43	19	0	72
FAM124A	54	47	18	23	17	54	15	0	59
FAM124B	0	0	0	1	0	0	0	0	0
FAM131A	24	19	1	13	5	7	4	0	19
FAM131B	1	0	0	0	0	0	0	0	0
FAM131B-AS2	3	2	2	1	1	2	0	0	1
FAM131C	7	4	0	4	1	5	2	0	2
FAM133A	37	28	5	22	9	21	7	0	29
FAM133B	151	136	20	77	42	102	16	0	127
FAM133CP	1	0	0	0	0	0	0	0	0
FAM135A	200	113	24	83	53	124	29	2	122
FAM135A-AS1	2	0	0	1	0	0	0	0	0
FAM135B	9	28	0	4	2	4	3	0	2
FAM136A	47	35	10	38	19	25	5	0	22
FAM13A	513	429	84	231	130	346	134	1	424
FAM13A-AS1	26	14	3	7	7	9	3	0	11
FAM13B	304	249	44	127	84	202	53	0	308
FAM13B-AS1	5	1	2	1	3	4	1	0	4
FAM13C	53	69	14	21	15	40	38	0	58
FAM149A	22	11	2	8	3	15	3	0	11
FAM149B1	37	20	9	8	9	22	8	0	32
FAM151A	2	1	0	0	0	0	0	0	0
FAM151B	13	8	2	3	3	7	3	0	9
FAM151B-DT	19	27	3	12	5	21	3	0	22
FAM153A	0	0	0	0	0	0	0	0	1
FAM153B	5	0	0	0	0	0	0	0	0
FAM153CP	6	9	2	6	2	3	0	0	9
FAM156A	22	20	1	11	5	14	4	0	16
FAM156B	0	0	0	1	0	0	0	0	0
FAM157C	2	1	0	0	0	1	0	0	1
FAM161A	39	33	2	26	7	22	8	0	41
FAM161B	6	4	1	5	2	3	1	0	2
FAM162A	55	44	5	26	18	27	9	0	47
FAM162B	1	1	0	0	0	0	0	0	0
FAM163A	27	40	5	13	12	26	9	0	26
FAM163B	4	2	0	0	1	2	0	0	0
FAM166A	0	1	1	0	0	1	0	0	0
FAM166B	0	0	0	0	0	0	0	0	1
FAM166C	4	3	0	0	0	0	0	0	0
FAM167A	19	5	1	1	1	4	0	0	2
FAM167A-AS1	1	0	0	2	1	0	1	0	1
FAM167B	1	0	0	0	1	1	0	0	0
FAM168A	401	304	69	162	89	228	86	0	279
FAM168B	389	218	33	170	99	162	70	1	194
FAM169A	15	14	4	8	8	13	2	0	8
FAM169BP	5	2	0	0	0	2	0	0	1
FAM170B-AS1	2	0	0	0	0	0	0	0	0
FAM171A1	59	34	4	21	13	18	11	0	20
FAM171A2	5	7	1	2	0	1	0	0	6
FAM171B	36	31	8	25	9	30	3	0	39
FAM172A	1018	813	171	486	307	774	209	2	1055
FAM174A	39	33	4	14	6	23	10	0	37
FAM174A-DT	16	8	4	8	7	13	1	0	7
FAM174B	61	45	11	28	12	26	8	0	61
FAM174C	46	26	6	24	12	15	12	0	15
FAM177A1	135	102	19	64	47	95	17	0	127
FAM177B	2	1	0	0	0	1	0	0	1
FAM178B	8	4	1	2	1	3	1	0	1
FAM180A	1	0	0	2	0	0	0	0	0
FAM181A	2	0	0	1	0	0	0	0	0
FAM181A-AS1	4	0	0	0	0	0	1	0	0
FAM181B	0	0	0	0	0	1	0	0	0
FAM182A	0	2	0	0	0	0	0	0	0
FAM182B	1	2	0	0	0	0	1	0	2
FAM183A	0	1	0	0	0	0	0	0	0
FAM183BP	3	1	0	0	0	0	1	0	1
FAM184A	33	26	6	16	8	27	8	0	24
FAM184B	6	7	0	1	2	2	2	0	2
FAM185A	32	20	3	13	6	12	3	0	17
FAM186A	2	3	0	0	0	0	1	0	2
FAM186B	1	0	0	1	1	0	0	0	4
FAM187A	2	0	0	1	0	0	0	0	0
FAM192BP	0	0	1	2	1	0	0	0	2
FAM193A	316	204	30	133	74	144	69	1	212
FAM193B	162	129	13	51	38	55	17	1	92
FAM199X	144	88	15	67	36	93	16	1	103
FAM200A	28	18	3	9	5	14	1	0	13
FAM200B	8	11	2	7	3	7	7	0	14
FAM201A	13	11	0	6	3	4	2	0	6
FAM204A	90	69	12	56	30	59	13	1	68
FAM205A	0	0	0	0	0	0	0	0	1
FAM209A	3	0	0	3	0	1	0	0	1
FAM209B	0	1	0	0	0	0	0	0	0
FAM20A	7	8	1	3	3	4	6	0	6
FAM20B	241	170	24	119	55	123	51	1	152
FAM20C	161	147	24	59	39	56	31	1	72
FAM210A	267	115	14	85	53	84	17	0	101
FAM210B	18	21	1	9	6	11	7	0	18
FAM215B	0	1	0	0	0	0	0	0	0
FAM216A	59	43	8	19	21	42	7	0	49
FAM216B	0	0	0	0	0	1	0	0	0
FAM217A	1	3	0	1	0	1	0	0	2
FAM217B	62	22	5	20	13	18	7	0	34
FAM218BP	1	0	0	0	0	0	0	0	0
FAM219A	249	147	41	99	56	103	46	0	153
FAM219B	61	37	4	19	12	24	8	1	30
FAM21EP	2	0	0	2	0	1	0	0	1
FAM21FP	1	0	0	0	0	0	0	0	0
FAM220A	23	13	3	14	1	12	7	0	11
FAM221A	5	4	0	2	2	3	2	0	3
FAM221B	1	0	0	0	1	0	0	0	0
FAM222A	36	16	2	9	7	2	5	0	11
FAM222A-AS1	29	13	3	11	4	4	1	0	2
FAM222B	203	129	27	89	47	89	33	0	122
FAM225A	1	0	1	0	0	1	1	0	0
FAM227A	55	61	15	29	20	39	15	0	29
FAM227B	32	25	5	12	13	23	5	0	26
FAM228A	1	0	0	1	0	0	0	0	0
FAM228B	13	13	0	3	5	5	3	0	15
FAM229A	22	40	5	20	9	4	9	1	10
FAM229B	2	3	1	0	2	2	0	0	1
FAM230C	46	16	7	20	8	23	8	0	24
FAM230E	1	0	0	0	0	0	1	0	1
FAM230F	0	1	0	0	0	0	0	0	0
FAM230I	1	0	0	0	0	0	0	0	0
FAM234A	74	59	13	43	21	52	14	0	63
FAM234B	91	20	3	11	7	15	8	0	16
FAM237A	0	0	0	0	0	1	0	0	0
FAM238C	0	0	0	0	0	1	0	0	1
FAM240A	1	0	0	0	0	0	0	0	0
FAM240B	1	1	0	0	0	0	0	0	0
FAM240C	0	0	0	0	0	0	0	0	1
FAM241A	112	51	8	28	18	50	6	0	43
FAM241B	1	3	0	2	0	2	0	0	1
FAM242C	3	1	0	1	0	0	1	0	0
FAM242E	0	0	0	1	0	0	0	0	0
FAM24A	0	0	0	1	0	0	0	0	0
FAM24B	38	16	2	6	10	9	4	0	27
FAM27C	11	9	5	5	9	10	2	0	11
FAM27E3	2	1	0	1	0	0	0	0	1
FAM30A	11	3	1	0	1	1	0	0	2
FAM32A	74	37	1	28	6	22	16	0	30
FAM3A	41	17	5	9	5	10	9	0	19
FAM3B	2	1	1	0	0	2	0	0	1
FAM3C	166	98	21	65	35	76	22	0	141
FAM3C2P	1	2	0	0	0	0	0	0	0
FAM3D	1	0	0	0	0	0	0	0	0
FAM3D-AS1	2	0	0	0	1	0	0	0	0
FAM41AY1	1	0	0	0	0	0	0	0	0
FAM41C	0	0	0	1	0	0	1	0	0
FAM43A	157	122	33	61	35	67	42	0	74
FAM43B	2	0	1	1	0	0	0	0	0
FAM47A	1	0	0	0	0	0	0	0	0
FAM47B	1	0	0	0	0	0	0	0	0
FAM47E	3	4	0	0	0	1	0	0	1
FAM47E-STBD1	4	2	2	4	0	3	0	0	1
FAM50A	96	49	8	33	21	19	23	0	41
FAM50B	18	7	2	6	3	7	3	0	4
FAM53A	20	18	0	7	0	6	4	0	10
FAM53B	54	22	10	21	7	14	10	0	16
FAM53C	139	117	16	54	33	60	23	0	75
FAM66B	1	0	0	0	0	0	0	0	0
FAM66C	0	2	0	0	0	0	0	0	1
FAM66D	1	0	0	1	0	1	0	0	0
FAM72A	6	1	1	6	0	3	1	0	4
FAM72B	17	6	1	3	3	2	1	0	3
FAM72C	4	2	1	1	1	2	0	0	2
FAM72D	3	2	0	0	0	0	0	0	2
FAM76A	26	20	4	12	2	20	7	0	16
FAM76B	79	73	15	32	18	62	11	0	74
FAM78A	4	6	2	9	4	2	2	0	1
FAM78B	36	26	4	16	12	12	5	0	17
FAM81A	69	53	7	25	19	30	10	0	38
FAM81B	3	1	0	1	1	1	2	0	1
FAM83A	15	24	4	10	5	14	4	0	19
FAM83A-AS1	1	1	0	0	0	0	0	0	0
FAM83A-AS2	0	0	0	0	0	1	0	0	0
FAM83B	115	66	13	40	13	41	24	0	60
FAM83C	0	1	0	0	0	0	0	0	0
FAM83D	207	148	27	80	40	72	29	0	106
FAM83E	9	7	1	2	3	3	0	0	3
FAM83F	2	0	0	0	1	0	1	0	0
FAM83G	163	101	10	50	40	36	24	1	42
FAM83H	370	155	38	118	59	106	55	0	103
FAM85B	7	5	1	4	2	6	2	0	6
FAM86B1	1	2	0	1	0	2	1	0	1
FAM86B2	0	1	0	0	0	0	0	0	0
FAM86B3P	7	5	0	3	3	4	1	0	3
FAM86C1P	0	0	0	1	0	0	0	0	0
FAM86C2P	10	6	1	6	0	2	3	0	7
FAM86DP	50	16	5	19	8	16	6	0	19
FAM86EP	1	2	0	1	3	2	2	0	1
FAM86FP	3	3	0	0	1	0	0	0	0
FAM86GP	2	0	0	0	0	0	1	0	1
FAM86JP	8	1	2	2	1	3	2	0	3
FAM86LP	0	0	1	0	0	0	0	0	0
FAM88B	7	4	0	0	1	2	1	0	3
FAM89A	8	7	1	0	0	3	0	0	1
FAM89B	30	17	5	13	4	9	4	0	14
FAM8A1	38	33	4	19	12	28	7	0	30
FAM8A6P	1	0	0	0	0	0	0	0	1
FAM90A1	1	0	0	0	0	0	0	0	0
FAM90A24P	0	1	0	1	0	0	0	0	0
FAM90A26	0	0	0	0	1	0	0	0	0
FAM90A27P	1	0	0	0	0	1	0	0	0
FAM90A28P	1	0	0	0	0	0	0	0	0
FAM91A1	167	92	19	70	40	91	28	0	126
FAM95A	1	1	1	0	0	0	0	0	0
FAM98A	117	79	10	59	18	44	12	0	52
FAM98B	180	83	17	76	33	74	12	0	81
FAM98C	6	1	1	3	3	2	0	0	0
FAM9A	0	0	0	0	1	0	0	0	0
FAM9B	22	9	1	8	2	0	2	0	4
FAM9C	1	0	0	0	0	0	0	0	0
FAM9CP1	0	0	1	0	0	0	0	0	0
FAN1	125	81	15	56	28	54	23	0	77
FANCA	320	302	46	157	74	200	78	2	242
FANCB	177	130	24	92	47	126	35	0	157
FANCC	485	295	53	171	105	258	92	1	312
FANCD2	244	169	35	108	61	136	50	0	177
FANCD2OS	1	2	0	0	0	0	0	0	0
FANCD2P2	4	2	0	0	1	1	0	0	3
FANCE	22	22	4	8	4	16	4	0	15
FANCF	8	6	2	2	1	5	0	0	5
FANCG	103	69	11	39	18	39	15	0	54
FANCI	439	357	64	221	122	267	85	0	376
FANCL	337	262	62	165	70	233	60	1	345
FANCM	103	69	10	45	30	76	21	0	96
FANK1	44	36	6	16	8	21	2	0	39
FAP	35	15	2	4	5	16	2	0	12
FAR1	308	208	46	132	71	150	31	0	231
FAR1-IT1	4	1	0	2	0	0	1	0	2
FAR1P1	0	0	0	0	0	0	0	0	1
FAR2	141	73	14	51	21	73	14	0	64
FAR2P2	0	0	0	0	0	1	1	0	1
FARP1	1115	839	147	451	286	531	212	3	616
FARP1-AS1	0	1	0	0	0	0	0	0	1
FARP2	249	179	27	105	71	123	44	0	180
FARS2	855	615	128	331	213	392	152	0	474
FARS2-AS1	1	1	0	1	0	1	0	0	1
FARSA	175	114	11	87	40	52	26	1	90
FARSB	431	292	53	213	104	229	56	0	232
FARSBP1	1	0	0	0	0	0	0	0	0
FAS	51	43	7	19	18	36	14	1	38
FASN	1235	679	223	520	225	450	287	1	617
FASTK	71	39	10	31	16	18	11	0	29
FASTKD1	96	76	9	35	28	43	8	0	69
FASTKD2	200	111	14	68	36	87	30	1	94
FASTKD3	95	58	7	45	24	41	14	0	49
FASTKD5	29	16	2	8	9	9	2	0	10
FAT1	1227	955	188	528	305	625	249	2	813
FAT2	2	0	0	0	0	2	0	0	1
FAT3	46	10	1	15	8	15	5	0	13
FAT4	220	90	23	78	42	73	40	0	125
FATE1	0	1	0	0	0	0	0	0	1
FAU	167	103	15	101	28	58	24	1	77
FAUP1	1	0	0	0	0	0	0	1	0
FAXC	18	13	2	3	3	10	3	0	5
FAXDC2	6	2	0	4	3	1	2	0	4
FBF1	30	37	3	12	9	19	13	0	24
FBH1	164	133	23	79	59	80	36	1	140
FBL	218	127	16	89	29	82	33	0	93
FBLIM1	15	12	2	6	3	12	2	0	15
FBLIM1P1	0	1	0	0	0	0	0	0	0
FBLL1	0	0	1	0	0	0	0	0	0
FBLN1	258	207	45	102	70	98	74	1	142
FBLN2	14	15	2	2	1	6	1	0	9
FBLN5	71	62	13	27	17	36	18	0	38
FBLN7	17	21	3	5	3	8	6	0	26
FBN1	2134	1415	246	775	434	839	452	2	1253
FBN1-DT	4	2	2	0	0	0	0	0	3
FBN2	543	290	57	205	92	277	83	0	279
FBN3	15	0	0	0	0	0	0	0	2
FBP1	5	2	0	1	0	2	1	0	1
FBP2	0	0	0	1	0	0	0	0	0
FBP2P1	0	2	0	0	0	0	0	0	0
FBRS	154	96	22	44	30	58	23	1	80
FBRSL1	400	230	48	144	78	114	67	0	173
FBXL12	43	29	5	20	11	19	8	0	32
FBXL13	98	78	11	37	31	57	7	0	66
FBXL14	15	11	2	6	4	10	3	0	6
FBXL15	11	6	0	2	2	2	1	0	3
FBXL16	28	25	4	7	10	11	5	0	15
FBXL17	443	384	52	185	141	292	94	1	421
FBXL18	184	112	20	59	42	59	47	1	87
FBXL19	136	70	17	43	26	44	17	0	56
FBXL19-AS1	38	22	5	17	6	14	6	0	21
FBXL2	121	75	11	63	25	71	21	0	63
FBXL20	146	159	35	69	48	142	46	0	212
FBXL22	2	0	0	1	1	1	0	0	0
FBXL3	265	213	40	110	54	181	45	0	194
FBXL4	205	151	32	77	54	170	41	0	176
FBXL5	169	117	22	72	35	93	43	0	117
FBXL6	48	17	9	25	8	16	13	0	23
FBXL7	16	27	2	5	1	6	3	0	5
FBXL8	10	8	4	8	3	2	4	0	10
FBXL9P	3	3	0	1	0	2	5	0	3
FBXO10	45	26	9	18	13	20	11	0	24
FBXO11	316	238	41	132	80	191	42	0	281
FBXO15	6	2	0	1	1	3	1	0	0
FBXO16	11	4	1	3	1	4	2	0	5
FBXO17	21	11	2	10	5	9	3	0	13
FBXO2	11	3	2	3	1	3	1	0	3
FBXO21	162	118	29	65	32	96	37	1	106
FBXO22	139	99	13	68	28	95	26	0	95
FBXO24	30	4	0	6	0	2	2	0	1
FBXO25	57	28	8	21	13	26	4	0	32
FBXO27	4	5	1	5	3	2	0	0	4
FBXO28	162	122	17	73	42	87	33	0	105
FBXO3	80	49	9	33	16	43	12	0	44
FBXO30	445	349	85	202	121	274	102	1	346
FBXO31	250	181	17	79	43	67	30	1	85
FBXO32	405	246	37	107	77	124	81	1	173
FBXO33	61	42	14	27	26	32	13	0	60
FBXO34	206	132	33	98	48	148	40	2	171
FBXO34-AS1	4	2	0	0	1	0	0	0	1
FBXO36	28	21	4	11	9	21	7	0	22
FBXO36-IT1	0	1	0	0	0	0	0	0	0
FBXO38	255	149	38	103	41	128	44	0	181
FBXO38-DT	43	26	11	17	13	17	4	0	17
FBXO39	2	0	0	0	1	0	0	0	1
FBXO4	50	39	4	22	17	37	11	0	38
FBXO40	3	1	0	0	0	1	0	0	0
FBXO41	102	61	9	38	18	25	13	1	29
FBXO42	186	124	24	82	41	90	34	0	124
FBXO43	12	17	0	2	3	7	5	0	13
FBXO44	11	12	2	0	4	7	2	0	8
FBXO45	79	40	11	49	19	42	9	0	50
FBXO46	91	69	25	43	18	43	15	0	95
FBXO47	3	1	0	2	0	0	2	0	1
FBXO48	13	4	2	3	1	5	1	0	2
FBXO5	124	85	12	40	33	58	15	0	77
FBXO6	4	4	0	2	1	0	0	0	1
FBXO7	113	66	13	35	22	52	22	0	56
FBXO8	41	25	3	19	13	24	8	0	33
FBXO9	94	60	15	31	20	55	13	1	59
FBXW10	7	3	1	5	1	0	3	0	6
FBXW10B	9	8	0	3	2	2	0	0	3
FBXW11	478	276	42	177	88	188	63	0	302
FBXW12	0	1	0	0	1	1	0	0	0
FBXW2	339	252	51	181	93	201	53	0	235
FBXW4	71	56	15	30	16	46	11	0	58
FBXW4P1	4	9	0	2	2	3	0	0	8
FBXW5	128	76	17	51	17	28	25	0	52
FBXW7	576	344	81	210	128	320	78	1	388
FBXW8	304	197	35	107	53	155	58	0	186
FBXW9	33	19	2	12	8	8	3	0	12
FCAMR	0	1	0	0	0	0	0	0	1
FCAR	1	0	0	0	0	1	0	0	0
FCER1A	1	0	0	0	0	0	0	0	0
FCER1G	0	0	0	1	0	0	0	0	0
FCER2	0	1	0	0	0	0	0	0	1
FCF1	63	43	17	42	19	32	9	0	54
FCF1P1	0	0	0	1	1	0	0	0	1
FCGBP	3	1	0	0	2	1	0	0	1
FCGR2A	0	0	0	1	0	0	0	0	0
FCGR2B	1	0	0	0	0	0	0	0	0
FCGRT	5	2	1	0	1	6	0	0	5
FCHO1	12	3	1	2	1	5	1	0	4
FCHO2	135	117	12	70	13	97	19	0	104
FCHO2-DT	1	0	0	0	0	0	0	0	0
FCHSD1	30	10	2	10	5	7	4	0	15
FCHSD2	299	209	37	140	74	186	64	2	233
FCMR	8	4	0	4	0	5	1	0	1
FCN1	3	1	0	0	0	0	0	0	3
FCN2	1	0	0	0	0	0	0	0	0
FCN3	1	0	0	0	0	0	0	0	0
FCRL1	0	1	1	0	0	0	1	0	0
FCRL2	2	1	0	1	0	1	0	0	2
FCRL3	1	1	1	0	0	0	0	0	0
FCRL4	1	0	0	0	0	1	0	0	0
FCRL5	0	1	0	0	0	0	0	0	0
FCRL6	0	1	0	1	0	0	0	0	1
FCRLA	1	0	0	0	0	0	0	0	0
FCRLB	1	1	0	0	0	0	0	0	0
FCSK	31	18	1	9	4	8	8	0	8
FDCSP	2	1	0	0	0	1	0	0	0
FDFT1	134	116	24	79	45	102	49	0	152
FDPS	247	236	35	114	62	113	73	0	177
FDPSP3	1	0	0	0	0	0	0	0	1
FDPSP4	1	0	0	1	0	0	0	0	1
FDX1	69	37	11	23	11	26	3	1	39
FDX2	5	1	1	1	0	0	1	0	0
FDXACB1	3	2	0	1	0	0	0	0	1
FDXR	10	10	4	3	1	6	2	0	7
FECH	60	57	11	20	20	36	15	0	40
FEM1A	73	34	6	30	8	21	8	0	30
FEM1B	155	86	14	63	23	60	25	0	72
FEM1C	137	84	17	50	33	57	21	0	60
FEN1	168	75	18	62	34	65	15	1	67
FENDRR	640	582	116	262	209	332	195	2	428
FER	981	552	125	358	227	579	167	3	689
FER1L4	15	29	4	7	6	14	5	0	20
FER1L5	4	3	0	1	0	4	1	0	1
FER1L6	14	8	0	5	1	2	4	0	2
FER1L6-AS2	9	2	1	1	1	3	1	0	1
FERMT1	96	59	12	46	24	61	24	0	49
FERMT2	543	430	58	251	161	366	95	0	481
FERMT3	8	13	3	3	4	2	0	0	11
FES	2	6	1	2	0	2	1	0	3
FEV	0	0	0	1	0	0	0	0	0
FEZ1	11	17	1	21	9	10	5	0	21
FEZ2	101	54	12	31	24	50	13	0	57
FEZF1	0	1	0	1	0	0	0	0	0
FEZF1-AS1	2	4	1	2	0	0	1	0	5
FEZF2	4	1	0	1	0	0	1	0	0
FFAR1	2	0	1	0	0	0	0	0	1
FFAR2	1	0	0	0	0	0	0	0	0
FFAR4	1	1	0	0	0	1	0	0	0
FGA	1	0	0	0	0	0	0	0	0
FGD1	12	9	4	10	9	12	5	0	14
FGD2	3	0	0	0	0	0	0	0	1
FGD3	14	14	1	4	2	5	4	0	5
FGD4	251	124	16	94	51	105	52	0	161
FGD5	20	6	4	6	3	8	2	0	9
FGD5-AS1	150	94	17	60	39	66	27	2	88
FGD5P1	1	0	0	0	0	0	0	0	0
FGD6	42	22	4	16	8	10	7	0	15
FGF1	5	2	0	1	0	0	0	0	2
FGF10	11	11	4	2	3	13	5	0	9
FGF10-AS1	2	6	0	1	0	0	0	0	3
FGF11	7	3	1	1	3	2	3	0	3
FGF12	4161	2576	452	1671	1004	1831	734	5	2529
FGF12-AS1	5	0	0	0	1	1	0	0	0
FGF12-AS2	1	0	0	0	0	0	0	0	0
FGF13	30	8	3	3	5	6	2	0	10
FGF13-AS1	1	0	0	0	0	0	0	0	0
FGF14	29	17	1	4	4	2	4	0	8
FGF14-AS2	1	1	0	0	0	0	0	0	0
FGF16	0	0	0	0	0	0	1	0	0
FGF17	1	0	0	0	0	0	0	0	0
FGF18	10	13	0	5	6	10	2	0	10
FGF2	978	280	37	291	105	168	29	0	121
FGF20	1	0	0	0	0	1	0	0	0
FGF21	3	1	1	0	0	0	0	0	0
FGF22	6	2	0	2	0	1	1	0	1
FGF23	60	79	8	19	25	65	8	0	56
FGF4	3	0	0	0	0	0	0	0	1
FGF5	0	2	1	1	1	1	0	0	0
FGF6	1	1	0	0	0	0	0	0	0
FGF7	3	4	0	4	0	4	1	0	2
FGF8	4	3	0	0	0	0	0	0	0
FGF9	0	2	0	2	2	0	0	0	0
FGFBP1	30	46	8	11	14	35	11	1	37
FGFBP3	18	12	2	10	6	6	1	0	9
FGFR1	266	166	32	94	37	108	44	0	127
FGFR1OP2	71	67	6	41	24	59	22	0	55
FGFR2	12	9	1	6	2	1	2	0	6
FGFR3	13	10	0	2	1	3	1	0	2
FGFR3P1	1	0	0	0	0	0	0	0	0
FGFR4	22	19	4	10	7	9	4	0	10
FGFRL1	101	61	15	42	17	39	20	0	61
FGGY	118	115	12	47	35	62	25	0	89
FGGY-DT	10	0	1	2	1	3	1	0	3
FGL1	0	0	0	2	0	0	0	0	0
FGR	1	3	0	1	0	2	0	0	2
FH	169	89	14	53	37	60	23	0	84
FHAD1	16	11	2	6	4	3	4	0	8
FHAD1-AS1	1	0	0	0	0	0	0	0	0
FHDC1	20	15	1	5	4	1	7	0	16
FHIP1A	416	303	60	155	110	221	81	1	294
FHIP1A-DT	3	0	0	0	0	2	0	0	2
FHIP1B	57	38	10	24	11	25	6	0	35
FHIP2A	70	29	6	23	22	32	16	0	40
FHIP2B	31	20	6	16	7	18	6	0	21
FHIT	1225	1108	210	573	443	727	236	1	1000
FHL1	79	50	12	34	17	30	13	0	39
FHL2	605	467	108	271	152	328	147	2	387
FHL3	68	68	8	28	29	33	7	0	31
FHL5	4	0	0	0	0	0	0	0	0
FHOD1	75	41	8	23	12	26	9	0	23
FHOD3	48	20	4	9	6	13	5	0	21
FHP1	1	0	0	0	0	0	0	0	0
FIBCD1	6	6	1	2	1	0	1	0	6
FIBCD1-AS1	1	0	0	2	0	0	0	0	0
FIBIN	2	3	0	1	0	1	0	0	0
FIBP	45	30	8	21	7	16	10	0	27
FICD	15	6	1	4	3	1	1	0	4
FIG4	58	36	6	24	12	37	8	0	41
FIGLA	1	0	0	0	0	0	0	0	0
FIGN	497	295	53	213	110	273	121	0	339
FIGNL1	81	58	8	33	16	41	22	0	62
FIGNL2	19	4	0	3	2	2	1	0	1
FIGNL2-DT	1	0	0	0	0	0	0	0	0
FILIP1	10	3	0	2	2	4	1	0	4
FILIP1L	15	14	2	2	3	5	0	0	1
FILNC1	4	2	2	2	0	2	1	0	1
FIP1L1	44	17	7	11	7	13	4	0	14
FIRRE	465	381	79	232	144	310	97	1	340
FIS1	64	42	6	28	15	25	15	0	60
FITM1	0	0	1	1	0	0	0	0	0
FITM2	22	19	1	10	4	12	6	0	22
FIZ1	30	19	2	12	5	11	4	0	19
FJX1	68	21	5	22	8	6	4	0	11
FKBP10	256	182	22	112	39	112	62	1	146
FKBP11	82	53	11	38	17	27	12	0	38
FKBP14	106	65	10	42	28	34	11	0	45
FKBP14-AS1	6	4	0	6	0	2	0	0	2
FKBP15	111	82	14	61	34	62	19	0	74
FKBP1A	101	63	16	58	19	37	21	0	53
FKBP1B	5	5	0	2	3	1	1	0	3
FKBP1C	4	1	1	4	0	0	0	0	3
FKBP2	57	21	9	21	10	15	8	0	26
FKBP3	95	73	15	52	21	79	17	1	77
FKBP4	446	208	35	171	71	107	46	1	124
FKBP4P1	2	0	0	1	0	0	0	0	1
FKBP5	106	56	21	49	27	44	21	0	63
FKBP6	1	1	0	1	0	2	0	0	1
FKBP7	22	27	5	8	4	23	4	0	27
FKBP8	118	51	20	40	20	40	26	0	72
FKBP9	127	78	13	48	29	48	25	0	69
FKBP9P1	3	3	0	1	0	0	0	0	1
FKBPL	8	4	0	1	1	1	0	0	3
FKRP	60	30	4	23	16	19	7	0	25
FKTN	234	151	30	98	44	117	38	2	122
FKTN-AS1	0	0	0	0	0	1	0	0	0
FLACC1	22	23	5	13	13	24	5	0	30
FLAD1	48	28	9	25	11	28	4	0	17
FLCN	19	8	1	9	1	5	2	0	12
FLG	1	0	0	2	0	0	0	0	0
FLG-AS1	10	4	0	3	0	0	0	0	4
FLI1	24	4	1	2	3	0	1	0	4
FLII	236	102	26	77	45	52	36	0	84
FLJ12825	11	4	2	3	0	6	0	0	9
FLJ16779	1	0	2	0	0	1	1	0	1
FLJ20021	1	4	1	2	0	2	1	0	4
FLJ30679	1	1	1	1	0	0	0	0	2
FLJ38576	1	0	0	0	0	0	0	0	0
FLJ40194	6	3	0	0	0	1	1	0	1
FLJ40288	5	2	0	0	0	2	0	0	2
FLJ42393	22	18	7	6	9	6	6	0	21
FLJ42969	1	3	0	0	0	0	1	0	2
FLJ43315	2	0	0	0	0	0	0	0	1
FLJ46284	17	11	4	2	4	7	2	0	9
FLNA	4058	2181	518	1470	700	1332	771	5	1920
FLNB	1693	814	142	549	252	483	259	1	689
FLNB-AS1	0	2	0	1	0	0	0	0	1
FLNC	265	50	8	51	23	20	9	0	29
FLOT1	148	93	19	52	12	42	25	0	67
FLOT2	91	79	12	44	17	29	26	0	59
FLRT1	2	3	0	1	2	0	1	0	0
FLRT2	274	290	52	99	95	182	80	1	366
FLRT2-AS1	1	0	0	0	1	0	0	0	1
FLRT3	2	2	1	3	3	2	2	0	5
FLT1	16	5	1	8	0	1	0	0	7
FLT3	7	6	0	11	1	3	1	0	0
FLT3LG	5	2	0	0	0	1	0	0	1
FLT4	4	0	0	2	1	0	2	0	1
FLVCR1	162	87	25	47	33	69	17	1	92
FLVCR1-DT	2	5	1	2	3	1	0	0	6
FLVCR2	36	17	2	9	6	11	6	0	13
FLVCR2-AS1	1	0	0	0	0	0	0	0	0
FLYWCH1	89	57	14	47	21	38	21	1	44
FLYWCH1P1	0	0	0	0	0	1	0	0	0
FLYWCH2	44	37	9	27	13	25	13	0	53
FMC1	4	2	0	1	0	1	0	0	4
FMC1-LUC7L2	7	1	0	1	0	2	2	0	1
FMN1	130	80	13	53	38	64	18	0	57
FMN2	77	51	11	42	15	37	21	0	52
FMN2P1	0	0	0	0	0	1	0	0	0
FMNL1	88	75	19	36	24	51	19	0	73
FMNL1-AS1	4	4	1	2	4	3	1	0	0
FMNL1-DT	29	31	2	10	9	24	9	3	35
FMNL2	878	515	74	313	187	366	81	0	300
FMNL3	47	28	9	14	9	25	8	0	36
FMO1	3	1	0	0	1	0	0	0	0
FMO10P	2	1	0	0	0	1	0	0	0
FMO11P	2	0	0	0	0	0	0	0	2
FMO2	1	0	0	0	1	0	0	0	1
FMO3	1	0	1	0	0	1	0	0	0
FMO4	7	10	1	3	2	5	3	0	3
FMO5	26	12	4	11	6	12	3	0	10
FMO6P	0	2	0	1	1	1	0	0	0
FMO7P	1	0	0	0	0	0	0	0	0
FMO8P	2	1	0	2	1	1	1	0	0
FMO9P	0	1	0	1	0	0	0	0	0
FMOD	1	1	0	0	0	0	0	0	0
FMR1	193	97	21	84	37	94	19	0	115
FMR1-AS1	0	0	0	0	0	0	0	0	1
FMR1-IT1	1	1	0	1	0	0	0	0	0
FMR1NB	2	0	0	1	0	2	0	0	0
FN1	187	125	22	76	49	65	21	0	63
FN1-DT	1	0	0	1	0	0	0	0	2
FN3K	21	20	0	4	6	10	4	0	17
FN3KRP	45	33	6	25	8	14	3	0	27
FNBP1	142	94	16	50	27	58	24	1	90
FNBP1L	165	88	17	62	31	72	18	0	88
FNBP1P1	2	2	0	2	1	4	1	0	5
FNBP4	677	377	77	250	124	260	99	1	371
FNDC1	37	43	6	14	13	20	16	0	28
FNDC1-AS1	0	3	0	1	0	1	0	0	0
FNDC1-IT1	0	0	0	0	0	0	0	0	1
FNDC10	6	4	0	2	1	1	5	0	2
FNDC11	2	0	0	0	0	0	0	0	0
FNDC3A	1926	1686	381	851	554	1523	450	3	2308
FNDC3B	3133	1843	377	1180	682	1351	338	2	1564
FNDC4	0	1	0	0	0	0	0	0	0
FNDC7	6	5	2	1	0	3	2	0	4
FNDC8	0	1	0	0	0	0	0	0	0
FNIP1	97	67	6	40	27	52	20	0	52
FNIP2	121	60	12	44	25	54	15	1	58
FNTA	64	34	12	33	13	40	6	0	42
FNTAP1	1	0	0	0	0	0	0	0	0
FNTAP2	1	0	0	0	0	0	0	0	0
FNTB	6	1	1	4	1	1	1	0	4
FOCAD	878	581	95	375	215	524	156	1	564
FOCAD-AS1	3	1	0	0	0	0	0	0	0
FOLH1	6	4	2	3	1	4	1	0	2
FOLH1B	2	1	0	0	0	2	1	0	1
FOLR1	51	29	6	28	11	12	4	0	16
FOLR2	1	0	0	0	0	0	0	0	0
FOLR3	5	1	0	2	0	1	0	0	0
FOS	204	102	26	54	37	53	25	0	40
FOSB	132	36	10	31	13	23	9	0	33
FOSL1	216	50	14	64	22	40	6	0	31
FOSL1P1	3	0	0	1	0	0	0	0	1
FOSL2	361	221	45	150	91	142	77	0	187
FOSL2-AS1	22	4	1	4	1	1	4	0	4
FOXA1	21	5	1	8	5	3	0	0	6
FOXA2	4	1	2	0	0	0	0	0	1
FOXA3	1	0	0	1	0	0	0	0	0
FOXB1	2	1	0	1	1	0	0	0	2
FOXC1	121	39	13	36	11	35	9	0	33
FOXC2	117	21	7	30	6	17	4	0	14
FOXC2-AS1	4	3	0	0	0	0	1	0	1
FOXCUT	1	1	0	0	0	0	0	0	0
FOXD1	5	0	0	0	0	0	1	0	0
FOXD2	4	1	0	3	0	0	0	0	2
FOXD2-AS1	5	3	0	0	1	1	5	0	1
FOXD3	2	0	0	0	1	0	0	0	0
FOXD3-AS1	7	2	1	1	0	1	2	0	1
FOXD4	0	1	0	0	0	1	0	0	0
FOXD4L1	0	0	0	0	2	0	0	0	0
FOXE1	68	23	4	23	9	12	5	0	11
FOXE3	3	2	0	1	0	2	1	0	0
FOXF1	125	70	25	53	19	44	22	0	75
FOXF2	38	16	1	13	5	9	4	0	13
FOXF2-DT	3	1	0	1	1	1	0	0	0
FOXG1	1	2	0	0	0	0	0	0	1
FOXG1-AS1	3	0	0	1	0	0	1	0	1
FOXH1	1	1	1	1	0	0	1	0	1
FOXI3	4	2	0	1	0	0	0	0	1
FOXJ1	20	3	0	6	0	0	0	0	1
FOXJ2	43	23	1	9	7	32	7	0	24
FOXJ3	527	317	72	230	115	284	71	0	363
FOXK1	619	386	70	223	142	220	107	2	327
FOXK2	533	343	74	175	116	198	90	1	303
FOXL1	38	14	4	12	8	3	2	0	7
FOXL2	18	10	1	7	2	3	0	0	9
FOXL2NB	7	10	2	3	3	7	1	0	8
FOXL3	2	0	0	0	0	0	0	0	0
FOXM1	223	114	21	103	54	90	51	0	113
FOXN1	3	3	0	0	1	2	0	0	2
FOXN2	140	86	12	65	44	81	14	0	117
FOXN3	483	389	61	210	140	260	119	1	320
FOXN3-AS1	5	4	1	2	1	1	1	0	1
FOXN4	3	2	0	0	1	1	1	0	0
FOXO1	52	24	1	13	8	17	8	0	17
FOXO3	321	147	25	96	64	134	35	0	129
FOXO3B	14	3	0	3	1	1	1	0	5
FOXO4	11	12	3	8	3	16	10	0	25
FOXO6	21	26	2	7	4	12	9	0	15
FOXO6-AS1	0	1	0	0	0	1	0	0	1
FOXP1	59	52	8	32	19	33	14	1	44
FOXP1-AS1	0	0	1	0	0	0	0	0	0
FOXP1-DT	5	3	0	2	0	1	2	0	7
FOXP1-IT1	16	11	0	5	7	6	2	0	4
FOXP2	754	668	141	384	272	643	240	4	953
FOXP3	2	0	0	0	0	0	0	0	0
FOXP4	165	88	18	55	29	72	26	0	75
FOXP4-AS1	39	38	4	15	13	11	5	0	22
FOXQ1	127	46	12	37	11	20	12	0	23
FOXR1	1	0	0	0	0	0	0	0	0
FOXRED1	33	19	1	20	5	15	8	0	17
FOXRED2	98	84	16	58	23	34	29	0	61
FOXS1	1	0	0	0	0	0	0	0	1
FPGS	174	84	27	63	41	47	25	1	66
FPGT	6	10	4	8	4	10	2	0	10
FPGT-TNNI3K	16	15	2	13	2	13	4	0	13
FPR1	1	1	0	0	0	0	0	0	0
FPR2	1	1	0	0	0	0	0	0	0
FPR3	0	0	0	1	0	0	0	0	1
FRA10AC1	47	34	7	26	19	48	6	0	50
FRAS1	700	349	72	228	127	244	75	0	270
FRAT1	2	2	1	1	0	5	0	0	4
FRAT2	24	17	3	12	2	8	6	0	19
FREM1	8	12	3	2	4	10	3	0	6
FREM2	5	6	0	3	0	0	0	0	5
FREM2-AS1	0	0	0	0	0	0	0	0	1
FREM3	3	3	0	0	2	2	1	0	2
FRG1	34	22	3	15	20	26	8	0	32
FRG1-DT	47	38	5	13	7	14	12	1	26
FRG1BP	3	1	0	1	1	2	1	0	4
FRG1DP	1	0	0	0	1	1	0	0	1
FRG1FP	1	1	0	0	1	0	0	0	1
FRG1GP	0	0	0	0	0	0	0	0	1
FRG1HP	43	31	8	19	17	42	10	0	51
FRG1JP	2	0	0	0	0	0	0	0	5
FRGCA	1	0	0	0	0	0	1	0	0
FRK	5	9	4	4	2	2	6	0	6
FRMD1	3	0	0	2	0	1	1	0	1
FRMD3	96	41	4	31	15	26	8	1	32
FRMD3-AS1	1	1	0	0	1	0	0	0	1
FRMD4A	56	32	2	19	6	14	10	0	14
FRMD4B	23	16	0	16	8	20	4	0	15
FRMD5	383	107	25	141	52	100	21	0	68
FRMD6	155	55	6	57	16	35	16	0	50
FRMD6-AS2	46	9	1	4	3	9	4	0	11
FRMD7	1	0	0	1	0	1	0	0	0
FRMD8	76	54	14	30	20	33	21	1	41
FRMPD1	2	2	0	0	0	1	1	0	0
FRMPD2	4	1	1	1	0	0	2	0	1
FRMPD3	12	3	0	2	2	4	1	0	4
FRMPD3-AS1	4	0	0	0	1	0	1	0	0
FRMPD4	42	11	2	12	4	12	4	0	11
FRRS1	67	36	5	17	19	19	13	0	35
FRRS1L	0	1	0	1	1	0	0	0	0
FRS2	251	177	30	106	70	148	33	0	221
FRS3	6	0	3	2	1	2	0	0	4
FRY	151	113	20	56	41	90	37	0	116
FRY-AS1	2	0	0	2	0	0	1	0	0
FRYL	489	336	66	208	94	252	62	0	290
FRZB	5	4	0	1	0	1	1	0	4
FSBP	11	5	3	6	4	11	1	0	19
FSCN1	567	287	56	206	75	152	89	0	193
FSCN1P1	4	1	0	1	0	0	0	0	0
FSCN2	5	3	0	0	1	1	2	0	2
FSCN3	2	1	0	3	2	1	2	0	1
FSD1	25	15	4	9	7	14	7	0	10
FSD1L	113	79	19	42	27	68	11	0	70
FSD2	5	1	0	0	0	1	1	0	1
FSHR	5	3	0	2	0	2	0	0	1
FSIP1	24	22	4	16	11	15	5	0	27
FSIP2	53	56	14	33	19	59	10	0	109
FSIP2-AS1	8	4	0	4	1	1	3	0	11
FSIP2-AS2	2	0	0	0	0	0	0	0	0
FSIP2LP	1	1	0	1	0	1	0	0	2
FST	56	28	5	27	2	13	6	0	21
FSTL1	1374	1077	181	594	413	607	258	2	812
FSTL3	229	93	15	75	32	51	35	1	59
FSTL4	5406	4525	750	2086	1701	2794	642	9	2607
FSTL5	16	20	3	8	5	5	9	0	13
FTCD	4	3	0	0	0	1	0	0	1
FTCDNL1	30	11	4	15	7	8	3	0	17
FTH1	2711	1260	357	1308	364	781	442	1	1364
FTH1P1	3	1	0	1	0	0	1	0	1
FTH1P10	5	1	0	3	1	2	1	0	4
FTH1P11	2	6	0	2	0	1	1	0	3
FTH1P12	3	3	0	8	1	2	0	0	5
FTH1P13	4	3	0	0	2	1	0	0	0
FTH1P15	7	1	2	3	1	2	0	0	2
FTH1P16	13	7	0	4	1	1	1	0	1
FTH1P2	5	0	0	0	0	0	0	0	0
FTH1P20	9	0	0	4	0	3	1	0	0
FTH1P21	2	0	0	2	0	0	0	0	0
FTH1P22	0	1	0	0	0	0	0	0	1
FTH1P23	9	4	1	3	2	3	0	1	4
FTH1P24	0	1	0	0	0	0	0	0	0
FTH1P26	3	1	0	1	0	1	0	0	0
FTH1P27	0	0	0	0	1	0	0	0	0
FTH1P3	8	3	0	2	1	1	0	0	2
FTH1P4	5	1	1	4	0	0	0	0	1
FTH1P5	5	2	0	4	0	0	0	0	0
FTH1P7	11	0	0	1	0	0	1	0	2
FTH1P8	1	1	1	2	1	0	2	0	1
FTL	1082	644	124	671	192	374	228	2	560
FTLP1	1	0	0	1	0	0	0	0	0
FTLP12	1	1	0	0	0	0	0	0	0
FTLP14	1	0	0	0	0	0	0	0	0
FTLP15	1	0	0	0	0	0	0	0	0
FTLP18	0	1	0	0	0	0	0	0	0
FTLP19	2	0	0	0	0	1	0	0	0
FTLP2	2	0	0	0	1	1	0	0	0
FTLP3	3	3	0	1	0	1	1	0	3
FTLP5	2	0	0	0	0	0	0	0	0
FTLP8	0	0	0	0	0	0	0	0	1
FTO	721	521	91	273	204	338	149	2	474
FTSJ1	147	72	13	50	14	48	16	0	49
FTSJ3	164	113	20	70	25	50	24	1	52
FTX	1809	1323	293	803	450	1112	360	4	1561
FUBP1	806	460	97	330	176	384	106	1	525
FUBP3	700	469	81	292	169	256	114	0	387
FUCA1	6	7	2	0	4	2	2	0	4
FUCA2	219	141	16	79	52	93	34	1	93
FUNDC1	31	16	3	11	8	13	4	0	17
FUNDC2	85	55	7	33	17	26	13	0	48
FUNDC2P1	0	0	0	0	1	0	0	0	0
FUNDC2P2	0	0	0	0	0	0	0	0	1
FUNDC2P4	0	0	0	0	1	0	0	0	0
FUOM	10	4	1	4	3	0	1	0	2
FURIN	135	79	21	70	34	74	28	0	82
FUS	1071	598	117	436	248	401	147	0	451
FUT1	3	1	0	0	0	0	0	0	2
FUT10	118	65	13	59	29	64	21	0	44
FUT11	68	45	14	26	11	39	14	0	35
FUT2	3	1	0	0	0	0	0	0	1
FUT3	1	0	0	0	0	0	0	0	0
FUT4	30	16	1	9	11	12	4	0	8
FUT6	0	1	0	0	0	0	0	0	0
FUT8	174	124	29	65	30	82	21	0	102
FUT8-AS1	0	1	0	0	0	0	0	0	0
FUT9	4	2	1	1	2	3	0	0	0
FUZ	10	9	2	5	0	9	6	0	9
FXN	16	13	4	8	7	11	4	0	10
FXNP2	0	1	0	0	0	0	0	0	0
FXR1	506	315	67	209	130	257	68	1	381
FXR2	117	59	14	45	29	34	11	0	54
FXYD1	1	0	0	1	0	0	0	0	0
FXYD2	1	0	0	0	0	0	1	0	0
FXYD5	81	37	10	27	4	28	8	1	36
FXYD6-FXYD2	5	2	0	1	0	1	0	0	1
FXYD6P2	1	0	0	0	0	0	0	0	0
FXYD7	0	2	0	0	0	1	0	0	0
FYB1	7	6	0	5	3	2	0	0	2
FYB2	1	1	0	2	0	0	1	0	0
FYCO1	145	80	26	61	31	61	25	0	69
FYN	270	193	32	101	55	137	50	2	171
FYTTD1	127	83	15	58	34	46	20	1	73
FZD1	25	8	1	7	0	5	1	0	14
FZD10	1	5	1	3	2	2	1	0	12
FZD10-AS1	3	2	0	2	1	7	1	0	7
FZD2	20	15	6	10	4	10	5	0	17
FZD3	6	7	2	4	2	5	2	0	6
FZD4	27	30	7	18	14	17	10	0	23
FZD4-DT	6	10	1	2	3	7	1	0	8
FZD5	43	22	1	10	5	17	0	0	10
FZD6	155	98	17	62	43	76	29	0	98
FZD7	37	14	3	11	3	6	3	0	11
FZD8	35	14	2	11	9	4	3	0	1
FZD9	2	1	0	1	1	3	0	0	1
FZR1	83	65	13	23	31	25	20	0	45
G0S2	6	5	0	3	0	1	0	0	0
G2E3	258	155	25	89	61	158	35	1	246
G2E3-AS1	2	2	1	2	1	0	0	0	2
G3BP1	787	479	92	317	156	379	109	0	453
G3BP1P1	6	3	0	0	2	3	0	0	0
G3BP2	342	224	38	163	88	158	59	0	220
G6PC1	0	0	0	1	0	0	0	0	0
G6PC2	1	0	0	0	0	0	0	0	1
G6PC3	61	60	14	33	17	32	11	0	40
G6PD	210	163	26	92	37	103	51	0	144
GAA	43	57	7	15	6	19	13	0	26
GAB1	118	130	33	56	36	77	29	0	119
GAB2	110	55	11	35	15	41	11	0	39
GAB3	5	1	0	2	1	1	1	0	1
GAB4	1	1	0	1	0	0	2	0	0
GABARAP	44	35	12	25	11	15	15	0	29
GABARAPL1	98	55	18	57	8	50	17	0	77
GABARAPL1-AS1	0	0	0	0	1	0	0	0	0
GABARAPL2	62	36	10	23	19	31	11	1	28
GABARAPL3	1	0	0	0	0	0	0	0	0
GABBR1	59	55	11	28	16	38	22	0	69
GABBR2	24	8	1	10	4	6	4	0	2
GABPA	79	54	16	39	20	54	12	1	65
GABPAP	0	0	0	0	0	1	0	0	0
GABPB1	176	104	15	66	39	99	26	0	114
GABPB1-AS1	185	167	30	58	61	158	44	0	221
GABPB1-IT1	36	21	6	20	9	23	10	0	30
GABPB2	220	117	11	61	34	35	53	1	84
GABRA1	3	5	0	2	1	3	0	0	4
GABRA2	4	4	0	0	0	2	0	0	7
GABRA3	109	85	13	34	29	65	13	0	84
GABRA4	3	1	1	0	0	0	3	0	1
GABRA5	3	3	0	1	0	2	1	0	3
GABRA6	14	4	0	7	4	4	0	0	3
GABRB1	13	20	3	6	5	6	7	0	7
GABRB2	8	8	0	4	3	4	2	0	17
GABRB3	31	5	1	2	2	5	4	0	4
GABRD	1	0	0	1	1	0	1	0	0
GABRE	389	263	41	135	87	181	92	0	217
GABRG1	2	5	0	1	1	1	1	0	2
GABRG2	29	39	3	19	16	35	7	0	30
GABRG3	29	22	4	12	2	8	4	0	7
GABRG3-AS1	3	2	1	0	0	1	0	0	0
GABRP	0	0	0	0	0	0	0	0	1
GABRQ	15	11	3	4	4	7	3	0	14
GABRR1	2	3	0	0	0	4	0	0	0
GABRR2	15	8	2	4	3	5	1	0	12
GABRR3	2	0	0	0	0	0	1	0	0
GACAT1	3	2	0	1	0	1	0	0	1
GACAT2	4	4	0	1	5	0	0	0	5
GACAT3	4	0	0	0	0	0	1	0	0
GAD1	30	14	3	13	4	7	1	0	11
GAD2	4	1	1	0	0	0	0	0	0
GAD3P	1	0	0	1	0	0	0	0	1
GADD45A	113	37	7	22	13	14	8	1	14
GADD45B	163	35	4	32	16	17	14	0	14
GADD45G	1	0	0	2	0	0	0	0	1
GADD45GIP1	80	55	13	32	15	27	14	0	42
GADL1	5	3	1	2	1	2	2	0	1
GAGE10	1	1	0	0	0	0	0	0	0
GAK	326	184	55	95	59	88	59	0	139
GAL	128	53	19	45	27	31	7	0	35
GAL3ST1	2	2	0	2	0	0	0	0	1
GAL3ST2	8	9	1	4	0	5	0	0	12
GAL3ST4	1	0	0	1	0	1	0	0	0
GALC	13	14	2	15	4	6	5	0	9
GALE	41	27	4	16	12	15	5	0	13
GALK1	16	11	1	7	5	8	3	0	11
GALK2	321	231	50	127	71	178	44	0	194
GALM	21	13	2	15	8	6	3	1	11
GALNS	80	77	12	22	18	37	18	1	65
GALNT1	654	371	60	308	126	278	89	1	265
GALNT10	569	373	55	222	123	186	100	0	254
GALNT11	148	125	22	58	47	96	29	0	127
GALNT12	7	5	1	2	2	2	0	0	4
GALNT13	548	753	152	319	245	640	205	0	994
GALNT14	16	7	1	2	4	3	1	0	5
GALNT15	3	4	0	3	4	3	1	0	2
GALNT16	8	2	0	2	0	0	0	0	2
GALNT16-AS1	4	0	0	0	0	0	1	0	0
GALNT17	19	10	2	9	4	2	7	0	6
GALNT18	34	22	4	9	9	9	4	0	5
GALNT2	4645	3627	645	1808	1194	2166	1037	12	3236
GALNT3	40	10	0	11	6	5	1	0	12
GALNT4	2	1	0	0	0	0	0	0	0
GALNT5	5	3	0	2	0	1	0	0	0
GALNT6	8	7	2	4	1	2	1	0	1
GALNT7	706	420	77	298	157	330	149	1	342
GALNT7-DT	54	39	15	23	18	31	10	0	32
GALNT8	5	0	0	2	1	0	1	0	0
GALNT9	15	9	1	4	1	3	3	0	2
GALNTL5	4	1	0	0	0	0	0	0	2
GALNTL6	51	51	10	29	9	43	17	1	61
GALP	1	0	0	0	0	1	0	0	0
GALR1	1	3	0	0	0	0	0	0	0
GALR2	1	0	0	0	1	0	0	0	0
GALT	14	9	2	7	5	6	5	0	4
GAMT	16	10	0	7	2	5	2	0	7
GAMTP2	1	0	0	0	0	0	0	0	0
GAN	165	101	8	64	33	74	19	0	96
GANAB	862	630	92	331	174	325	180	0	435
GANC	65	48	8	16	15	29	18	0	49
GAP43	17	11	1	9	4	5	1	0	4
GAPDH	1834	971	226	750	299	654	276	2	910
GAPDH-DT	4	2	0	0	0	0	0	0	2
GAPDHP1	3	5	0	2	0	1	1	0	3
GAPDHP14	3	0	0	0	0	1	0	0	0
GAPDHP2	1	0	0	2	0	0	0	0	0
GAPDHP20	1	0	0	0	0	0	0	0	0
GAPDHP21	1	0	0	0	1	1	2	0	1
GAPDHP23	0	0	0	0	0	1	0	0	0
GAPDHP29	1	0	0	0	0	0	0	0	0
GAPDHP31	1	0	1	2	0	0	0	0	0
GAPDHP34	0	0	0	0	0	0	0	0	1
GAPDHP35	6	7	0	7	1	5	2	0	2
GAPDHP36	2	0	0	1	0	1	1	0	0
GAPDHP37	0	0	0	1	0	0	0	0	0
GAPDHP38	0	0	0	0	0	1	0	0	0
GAPDHP40	2	0	1	0	1	1	0	0	1
GAPDHP41	1	0	0	0	0	1	0	0	0
GAPDHP42	0	0	0	0	0	0	0	0	1
GAPDHP43	3	2	0	0	0	0	0	0	1
GAPDHP44	1	1	0	0	2	0	1	0	0
GAPDHP46	2	0	1	0	0	0	1	0	1
GAPDHP47	1	2	0	0	0	0	0	0	0
GAPDHP48	0	0	0	0	0	1	0	0	0
GAPDHP51	1	0	0	0	0	1	0	0	0
GAPDHP58	1	0	0	0	0	0	0	0	1
GAPDHP59	2	0	0	0	0	0	0	0	0
GAPDHP60	4	2	1	1	0	0	1	0	2
GAPDHP61	4	2	0	1	0	0	0	0	1
GAPDHP62	1	1	2	1	2	0	0	0	0
GAPDHP63	0	1	0	1	0	1	1	0	0
GAPDHP64	2	1	0	0	0	1	0	0	0
GAPDHP65	2	0	0	3	0	1	0	0	1
GAPDHP66	1	0	0	1	1	0	0	0	0
GAPDHP67	0	1	0	0	0	0	0	0	0
GAPDHP68	1	1	0	0	0	0	0	0	1
GAPDHP69	1	1	0	0	1	0	1	0	2
GAPDHP70	4	1	0	1	0	1	0	0	1
GAPDHP71	3	2	0	2	0	0	1	0	3
GAPDHP72	0	3	0	0	0	1	0	0	0
GAPDHP73	1	0	0	0	0	1	0	0	0
GAPDHP76	0	0	0	0	0	1	0	0	0
GAPDHS	0	0	0	1	0	0	1	0	0
GAPLINC	9	1	0	2	3	5	1	0	0
GAPT	0	0	0	0	0	0	0	0	1
GAPVD1	458	282	65	186	100	215	74	1	269
GAR1	73	47	4	23	13	23	11	0	38
GAR1-DT	1	0	0	0	0	0	0	0	0
GAREM1	428	342	69	180	122	268	108	2	385
GAREM2	12	5	1	0	0	2	0	0	1
GARIN1A	10	28	3	9	6	12	8	0	31
GARIN1B	0	2	0	1	1	0	0	0	1
GARIN2	4	3	1	1	1	3	0	0	5
GARIN3	1	0	1	0	0	0	0	0	0
GARIN4	1	0	0	0	0	0	1	0	1
GARIN5A	4	0	0	1	0	1	0	0	1
GARIN5B	4	2	0	3	0	2	1	0	0
GARNL3	238	194	23	94	57	113	26	0	107
GARRE1	75	86	14	30	20	60	15	0	75
GARS1	622	318	61	238	104	216	74	0	371
GARS1-DT	106	101	16	45	27	65	23	1	118
GART	351	226	42	128	73	152	55	2	176
GAS1	91	60	11	30	12	36	32	0	48
GAS1RR	13	13	2	6	3	5	7	0	28
GAS2	15	6	0	5	7	4	2	0	7
GAS2L1	29	20	4	11	6	10	5	0	12
GAS2L1P2	1	1	0	1	0	0	0	0	0
GAS2L2	0	0	0	1	0	2	0	0	0
GAS2L3	104	70	13	34	32	74	20	0	90
GAS5	20412	15475	1623	9736	4171	5574	3180	29	6902
GAS6	43	28	3	17	9	12	8	0	18
GAS6-AS1	18	18	1	13	4	11	16	0	15
GAS7	19	20	2	16	2	6	5	0	11
GAS8	59	30	7	26	15	18	8	0	39
GASAL1	3	1	0	3	0	1	0	0	2
GASK1A	1	2	0	0	0	1	0	0	1
GASK1B	6	7	0	9	1	0	3	0	2
GASK1B-AS1	2	1	0	1	0	0	0	0	1
GAST	1	0	0	1	0	0	0	0	0
GATA1	0	0	0	0	0	0	0	0	2
GATA2	160	76	16	58	19	36	13	1	61
GATA2-AS1	143	76	24	51	30	35	28	0	71
GATA3	25	17	6	12	6	14	9	0	34
GATA3-AS1	7	4	0	1	0	0	2	0	1
GATA4	3	4	0	0	0	2	0	0	1
GATA5	4	0	0	0	0	0	0	0	0
GATA6	47	10	3	10	5	4	0	0	6
GATA6-AS1	4	0	0	1	0	1	1	0	1
GATAD1	76	67	12	42	21	34	12	1	60
GATAD2A	806	567	72	297	192	296	136	0	414
GATAD2B	630	349	117	282	138	296	114	1	377
GATB	88	45	11	34	24	31	12	0	44
GATC	36	26	6	21	7	25	10	0	19
GATD1	60	54	9	31	15	17	11	0	39
GATD1-DT	7	10	1	3	0	2	3	0	6
GATD3	5	2	0	0	0	2	0	0	0
GATM	6	2	0	4	1	3	2	0	6
GBA1	62	38	5	25	10	18	13	0	35
GBA2	162	85	21	54	41	42	20	0	70
GBA3	112	40	15	46	16	26	16	1	33
GBAP1	53	46	4	21	8	30	6	0	31
GBE1	1271	851	204	460	325	762	227	4	1035
GBF1	450	296	57	203	97	232	99	1	360
GBGT1	1	1	0	0	0	0	0	0	3
GBP1	54	35	12	29	7	24	19	0	14
GBP1P1	1	0	0	0	0	1	0	0	0
GBP2	30	38	4	19	11	30	13	0	57
GBP3	23	6	1	5	5	4	1	0	4
GBP4	0	0	0	1	0	0	0	0	0
GBP5	2	1	0	0	0	0	1	0	1
GBP6	1	0	0	0	0	0	0	0	0
GBP7	4	0	0	0	1	1	1	0	2
GBX1	2	3	0	1	0	0	1	0	1
GBX2	12	2	0	4	0	1	1	0	1
GBX2-AS1	170	112	13	53	31	77	32	0	65
GC	2	2	0	0	2	0	0	0	2
GCA	8	3	1	3	2	5	2	0	3
GCAT	13	7	6	8	1	7	4	0	5
GCATP1	2	1	0	0	1	1	1	0	1
GCAWKR	15	14	5	13	1	12	8	0	22
GCC1	47	22	6	15	18	11	6	0	21
GCC2	103	52	9	38	27	62	13	1	80
GCC2-AS1	16	5	1	2	1	5	3	0	7
GCDH	71	50	4	29	8	35	11	0	34
GCFC2	104	76	9	32	24	61	18	0	57
GCGR	12	9	1	2	4	3	8	0	8
GCH1	41	10	5	6	3	8	2	0	12
GCHFR	6	3	1	0	2	4	0	0	4
GCK	2	1	0	2	0	3	1	0	2
GCKR	1	0	0	0	0	0	0	0	1
GCLC	319	204	31	111	83	157	39	1	146
GCLM	368	257	44	164	92	196	76	0	242
GCM1	0	0	0	0	0	0	1	0	0
GCM2	0	1	0	0	1	0	0	0	0
GCN1	546	292	78	214	93	185	77	1	235
GCNA	35	32	2	17	14	22	6	0	44
GCNT1	7320	2507	666	2905	869	1596	1948	3	3224
GCNT1P1	1	1	0	0	1	0	0	0	0
GCNT1P2	1	1	0	0	0	1	0	0	0
GCNT1P3	1	0	0	0	0	0	0	0	0
GCNT2	202	94	22	80	51	67	35	0	90
GCNT3	2	1	0	2	0	1	0	0	1
GCNT4	8	10	2	7	0	3	1	0	6
GCNT7	0	0	0	0	0	0	1	0	0
GCOM1	42	22	4	10	4	22	5	0	19
GCSAM	1	0	0	0	0	0	0	0	0
GCSAML	3	2	0	2	0	0	0	0	0
GCSH	3	0	1	1	0	1	1	0	2
GCSHP4	1	0	0	0	0	0	0	0	0
GCSHP5	0	0	0	1	0	0	0	0	1
GCSIR	0	0	0	0	0	0	1	0	0
GDA	545	157	33	169	67	107	34	0	93
GDAP1	176	132	20	89	57	132	50	1	180
GDAP1L1	2	0	0	0	0	0	1	0	1
GDAP2	137	81	15	50	45	69	21	0	95
GDE1	89	49	10	43	17	33	22	0	40
GDF1	0	0	0	0	0	0	0	0	2
GDF10	2	3	0	0	0	0	1	0	0
GDF11	95	57	19	32	19	36	15	0	42
GDF15	59	18	2	11	7	13	2	0	10
GDF5	2	2	2	1	1	0	1	0	1
GDF5-AS1	1	1	0	0	0	2	0	0	1
GDF6	4	0	0	0	0	0	0	0	1
GDF7	0	2	0	0	0	1	0	0	1
GDF9	1	3	1	0	1	1	0	0	1
GDI1	139	89	19	51	25	37	20	2	75
GDI2	441	276	42	197	104	209	68	1	282
GDI2P2	0	0	0	0	0	0	0	0	1
GDNF	2	2	0	0	1	0	1	0	1
GDNF-AS1	8	3	0	1	2	3	3	0	1
GDPD1	9	8	0	4	2	4	4	0	11
GDPD2	3	1	0	0	0	2	0	0	1
GDPD3	1	0	0	1	0	1	0	0	2
GDPD4	6	1	0	7	3	2	1	0	0
GDPD5	31	21	11	16	8	8	10	0	15
GDPGP1	6	7	0	3	1	0	1	0	3
GEM	71	22	5	13	10	7	3	0	16
GEMIN2	20	15	2	13	3	12	3	0	13
GEMIN4	136	92	17	65	31	39	23	0	45
GEMIN5	225	112	22	90	36	88	23	0	74
GEMIN6	30	16	5	14	5	8	8	0	16
GEMIN7	58	54	10	29	12	28	10	0	36
GEMIN7-AS1	4	0	0	1	1	1	0	0	0
GEMIN8	19	16	2	6	3	13	2	0	10
GEMIN8P2	0	0	0	1	0	0	0	0	0
GEMIN8P4	1	1	0	3	0	1	0	0	0
GEN1	139	107	19	59	42	102	26	0	127
GET1	11	15	4	10	5	10	1	0	11
GET1-SH3BGR	30	30	5	17	8	23	6	0	29
GET3	62	37	2	27	12	24	12	0	31
GET4	145	55	7	46	23	42	15	0	53
GFAP	2	1	0	0	0	0	0	0	2
GFER	44	13	7	17	4	4	7	0	10
GFI1	5	0	1	1	0	1	1	0	0
GFI1B	2	3	0	0	2	0	2	0	0
GFM1	369	233	35	140	84	141	39	0	184
GFM2	116	86	13	63	18	60	29	1	86
GFOD1	233	143	21	88	59	88	37	0	93
GFOD2	52	32	4	27	15	19	11	0	34
GFPT1	282	176	22	118	68	154	39	1	177
GFPT2	173	86	15	36	27	32	16	1	47
GFRA1	14	5	0	3	2	3	0	1	3
GFRA2	12	5	0	2	3	2	1	0	2
GFRA3	1	0	1	2	0	0	0	0	2
GFRAL	0	0	0	1	1	0	0	0	0
GFUS	44	26	6	24	8	14	9	0	20
GGA1	115	80	17	40	28	51	23	0	61
GGA2	248	146	36	92	49	89	39	1	138
GGA3	115	59	17	33	14	40	19	0	39
GGACT	7	3	1	1	0	5	1	0	2
GGCT	33	18	9	16	9	13	6	0	12
GGCTP1	0	0	1	0	0	0	0	0	0
GGCTP2	0	0	0	0	0	1	0	0	0
GGCX	75	54	11	39	19	33	15	0	39
GGH	95	74	8	18	22	40	22	0	56
GGN	1	1	0	0	0	1	1	0	0
GGNBP1	3	0	0	1	2	1	0	0	0
GGNBP2	233	163	31	96	50	114	46	0	175
GGPS1	21	7	3	13	9	10	6	0	15
GGT1	6	1	1	4	2	4	3	0	6
GGT4P	13	6	0	3	4	0	3	0	1
GGT5	2	2	0	1	0	1	1	0	0
GGT7	61	36	4	23	12	21	9	0	25
GGT8P	3	1	0	1	1	2	0	0	2
GGTA1	4	1	0	0	0	0	1	0	1
GGTA2P	0	0	0	0	0	1	0	0	0
GHDC	20	18	2	12	4	8	7	0	10
GHET1	1	0	0	0	1	0	0	0	1
GHITM	285	175	30	109	44	101	46	2	119
GHR	19	4	1	6	4	19	2	0	13
GHRHR	0	0	0	1	0	0	0	0	1
GHRL	0	0	0	1	0	0	0	0	1
GHRLOS	27	24	1	5	10	6	8	0	16
GID4	37	20	4	20	4	16	8	0	23
GID8	88	63	14	31	21	45	24	0	56
GIGYF1	246	148	23	66	47	85	41	0	105
GIGYF2	470	254	60	211	76	211	75	0	291
GIHCG	12	6	1	0	3	4	2	0	10
GIMAP2	0	1	0	0	0	0	0	0	0
GIMAP5	1	0	0	0	0	0	0	0	0
GIMAP8	2	0	0	2	0	0	0	0	0
GIMD1	0	0	0	1	0	0	1	0	3
GIN1	32	21	6	19	9	15	6	0	31
GINM1	51	33	2	22	10	17	9	0	31
GINS1	69	62	10	32	32	40	16	0	75
GINS2	66	28	5	18	12	20	8	0	24
GINS3	40	33	4	20	14	20	10	0	31
GINS4	120	75	11	46	17	54	16	0	61
GIP	0	1	0	0	0	0	1	0	0
GIPC1	111	69	7	31	17	28	34	0	54
GIPC2	120	99	29	63	37	91	16	0	151
GIPC3	55	26	9	21	15	18	17	0	31
GIPR	2	4	0	1	0	2	0	0	2
GIT1	88	43	7	34	20	32	18	0	39
GIT2	125	83	19	53	27	45	20	0	79
GJA1	178	139	27	69	39	84	29	1	99
GJA10	2	0	0	0	1	0	0	0	0
GJA3	2	0	0	0	0	0	1	0	0
GJA5	1	2	0	0	1	0	0	0	0
GJA6P	2	1	0	0	0	1	0	0	1
GJA8	0	0	0	0	1	0	0	0	0
GJB1	1	0	0	1	0	0	0	0	1
GJB3	6	1	0	1	0	1	0	0	0
GJB4	5	2	2	4	2	0	1	0	4
GJB5	1	0	0	0	0	0	0	0	0
GJB7	12	8	1	4	6	4	3	0	6
GJC1	134	52	16	46	15	48	13	0	74
GJC2	12	12	4	8	3	9	3	0	5
GJC3	0	0	0	1	0	0	0	0	0
GJD2	0	0	0	0	0	0	0	0	1
GJD2-DT	8	2	0	3	2	2	2	0	1
GJD3	4	0	0	1	0	1	0	0	0
GJD3-AS1	6	2	0	1	0	1	0	0	3
GJD4	1	0	0	0	0	0	0	0	0
GJE1	0	1	0	0	0	0	0	0	0
GK	34	25	3	13	7	25	3	0	26
GK-AS1	0	1	0	0	0	0	0	0	0
GK3P	1	0	0	0	0	0	1	0	0
GK5	106	79	15	50	24	58	18	1	60
GKAP1	13	15	6	4	5	11	7	0	23
GKN3P	1	0	0	0	0	0	0	0	0
GLA	116	76	10	44	19	43	18	0	41
GLB1	222	162	34	87	44	106	33	1	147
GLB1L	15	6	1	6	1	8	3	0	7
GLB1L2	19	17	1	4	2	7	3	0	7
GLB1L3	2	1	0	1	0	1	2	0	1
GLCCI1	306	264	52	139	79	239	74	3	304
GLCCI1-DT	12	0	0	0	1	1	0	0	0
GLCE	153	149	33	78	35	126	55	1	233
GLDC	8	6	0	3	1	4	1	0	2
GLDN	4	1	0	0	0	1	0	0	1
GLE1	112	86	18	53	36	47	26	0	62
GLG1	465	359	60	216	129	225	94	1	300
GLI1	4	1	0	0	0	4	2	0	0
GLI2	942	487	85	302	171	257	151	3	298
GLI3	428	448	86	196	157	341	124	3	414
GLI4	17	12	4	4	2	6	6	0	3
GLIDR	1	4	0	1	0	2	1	0	3
GLIPR1	163	90	29	73	35	98	28	1	85
GLIPR1-AS1	6	3	0	4	3	4	1	0	5
GLIPR1L2	2	1	0	4	0	3	0	0	0
GLIPR2	35	62	7	19	13	23	14	0	43
GLIS1	421	207	27	123	87	99	88	0	98
GLIS2	113	54	11	39	20	29	24	0	57
GLIS2-AS1	0	0	0	0	0	0	1	0	0
GLIS3	860	771	112	328	264	547	187	2	702
GLIS3-AS2	4	1	1	0	0	0	0	0	0
GLMN	169	98	29	73	40	90	22	0	118
GLMP	23	38	10	17	10	19	8	1	31
GLO1	229	141	25	106	67	109	24	1	105
GLOD4	89	62	10	39	22	28	6	0	38
GLP1R	2	0	0	0	0	0	1	0	1
GLP2R	152	103	15	83	32	71	27	0	79
GLRA1	2	2	0	1	4	1	0	0	0
GLRA2	6	3	0	1	2	3	0	0	4
GLRA3	13	4	0	4	0	2	2	0	5
GLRA4	0	0	0	0	0	0	0	0	1
GLRB	25	8	2	7	5	10	0	0	11
GLRX	48	27	3	19	13	23	5	0	13
GLRX2	59	31	5	22	8	33	7	0	26
GLRX3	219	107	23	75	39	64	21	0	107
GLRX5	44	19	4	17	6	24	6	0	29
GLRXP3	0	1	0	0	0	0	0	0	0
GLS	999	479	71	381	173	346	81	1	439
GLS2	1	1	0	0	0	0	0	0	0
GLT1D1	6	3	1	0	3	1	1	0	5
GLT6D1	1	0	0	0	0	0	0	0	0
GLT8D1	70	51	6	30	14	34	12	0	53
GLT8D2	29	25	1	12	13	9	6	0	25
GLTP	43	27	2	17	9	13	2	0	22
GLTPD2	1	1	0	1	0	0	0	0	0
GLUD1	267	130	28	87	49	96	28	1	134
GLUD1P2	0	1	0	1	0	1	0	0	1
GLUD1P3	9	8	1	11	2	7	2	0	12
GLUD1P9	1	0	0	0	0	0	0	0	0
GLUD2	2	2	1	1	0	0	0	0	0
GLUL	211	108	16	97	48	58	35	0	70
GLULP3	1	0	0	0	0	0	0	0	0
GLYAT	3	0	0	1	0	0	0	0	1
GLYATL1	1	1	0	1	0	4	1	0	2
GLYATL1P1	2	1	0	0	0	0	0	0	0
GLYATL2	4	1	0	0	0	0	0	0	2
GLYATL3	2	0	0	0	0	0	0	0	0
GLYCTK	38	21	2	10	3	14	7	0	13
GLYCTK-AS1	1	0	0	0	0	0	0	0	0
GLYR1	257	190	39	129	80	115	56	0	151
GM2A	48	41	8	19	15	26	6	0	34
GMCL1	92	69	20	40	25	41	16	0	59
GMCL2	0	0	0	0	0	1	0	0	1
GMDS	1585	1193	235	644	443	862	191	3	830
GMDS-DT	52	51	12	24	22	35	17	0	61
GMEB1	57	69	12	34	18	44	21	0	64
GMEB2	131	72	19	52	40	47	27	0	74
GMFB	102	76	10	56	22	57	16	0	66
GMFG	2	4	0	1	1	0	0	0	1
GMIP	15	15	3	4	6	6	4	0	12
GML	1	1	0	2	0	1	2	0	3
GMNC	1	1	0	4	0	1	1	0	0
GMNN	125	80	15	37	35	65	14	1	77
GMPPA	36	35	6	23	9	20	12	0	26
GMPPB	70	30	7	21	17	9	11	0	32
GMPR	6	3	0	0	0	1	1	0	4
GMPR2	43	30	7	14	11	9	11	0	21
GMPS	403	236	40	174	94	194	68	1	283
GMPSP1	3	3	0	5	2	4	0	0	2
GNA11	105	69	14	42	28	32	19	0	55
GNA12	301	194	37	112	52	120	38	0	142
GNA13	193	98	13	82	24	75	16	0	107
GNA14	5	7	0	1	1	3	1	0	2
GNA14-AS1	2	1	0	0	3	0	0	0	0
GNA15	4	1	0	1	0	0	0	0	0
GNA15-DT	6	5	4	5	2	2	1	0	9
GNAI1	412	204	40	148	86	205	52	1	263
GNAI2	221	151	37	101	48	80	45	0	131
GNAI3	223	144	28	107	67	164	29	1	192
GNAL	137	115	29	70	35	85	46	1	118
GNAO1	60	44	7	31	13	15	18	0	29
GNAO1-DT	6	6	0	3	1	3	2	0	0
GNAQ	488	346	77	229	115	257	96	1	332
GNAS	1199	692	162	483	238	524	208	1	692
GNAS-AS1	192	149	14	68	57	83	28	0	96
GNAT1	0	0	0	3	0	0	0	0	0
GNAT2	6	3	0	3	0	0	0	0	3
GNAT3	1	0	0	0	0	3	0	0	0
GNAZ	57	56	7	11	12	26	22	0	28
GNB1	866	554	89	365	153	382	149	1	526
GNB1-DT	3	2	1	0	1	1	2	0	1
GNB1L	96	66	3	32	26	20	8	0	39
GNB2	139	69	17	59	23	46	30	0	67
GNB3	20	15	3	7	2	9	3	0	3
GNB4	286	198	27	120	69	156	41	1	223
GNB5	144	91	26	55	33	67	23	0	73
GNE	130	91	15	69	41	84	30	0	98
GNG10	4	1	0	3	0	0	0	0	1
GNG10P1	1	0	0	0	0	0	0	0	0
GNG11	94	62	8	57	24	35	8	1	42
GNG12	716	455	68	286	164	300	72	2	322
GNG12-AS1	94	103	20	42	29	65	15	0	68
GNG2	21	8	0	7	3	3	3	1	5
GNG4	11	6	1	4	2	5	2	0	3
GNG5	80	37	9	31	12	36	6	0	46
GNG5P1	0	1	0	0	0	0	0	0	0
GNG5P3	0	0	0	0	0	1	0	0	0
GNG7	17	10	0	3	1	4	2	0	6
GNG8	2	0	0	1	0	0	1	0	0
GNGT1	1934	1655	313	788	585	1470	401	3	1858
GNGT2	1	0	0	0	0	0	0	0	0
GNL1	91	49	7	24	15	34	12	0	60
GNL2	302	229	37	126	77	108	46	0	176
GNL3	600	428	49	258	144	174	79	0	216
GNL3L	490	321	61	242	112	245	72	0	347
GNL3LP1	10	3	1	0	0	0	1	0	1
GNLY	2	0	0	0	0	0	0	0	0
GNMT	0	2	0	0	0	0	0	0	0
GNPAT	108	70	12	56	22	50	24	0	62
GNPDA1	93	42	6	54	18	35	9	0	37
GNPDA2	54	35	6	22	12	41	9	0	35
GNPNAT1	139	86	14	60	37	81	24	1	84
GNPTAB	205	124	31	89	49	101	29	0	80
GNPTG	112	73	17	40	30	45	23	0	65
GNRH1	2	2	2	1	1	1	0	0	1
GNRH2	0	2	0	1	1	0	1	0	0
GNRHR	0	1	0	0	0	0	0	0	0
GNRHR2	2	1	0	0	0	0	0	0	1
GNS	195	153	32	89	52	81	38	0	118
GOLGA1	112	67	13	52	29	72	17	0	71
GOLGA2	249	169	41	92	64	83	52	0	126
GOLGA2P10	1	0	1	1	0	0	0	0	0
GOLGA2P11	2	0	0	0	0	0	0	0	0
GOLGA2P5	18	17	6	7	12	11	5	0	18
GOLGA2P6	0	0	0	1	1	0	0	0	0
GOLGA3	355	218	39	132	81	132	76	0	196
GOLGA4	658	333	52	232	120	283	65	2	399
GOLGA4-AS1	1	3	1	2	1	0	2	0	2
GOLGA5	58	55	9	30	11	43	13	0	75
GOLGA6FP	0	1	0	0	0	0	0	0	0
GOLGA6L10	1	2	0	2	0	0	0	0	1
GOLGA6L2	1	0	0	0	0	1	0	0	0
GOLGA6L3	0	0	0	0	1	0	0	0	0
GOLGA6L4	1	0	0	2	1	0	1	0	1
GOLGA6L5P	0	0	0	0	0	1	0	0	0
GOLGA6L6	0	0	0	0	0	0	0	0	1
GOLGA6L9	5	5	0	2	0	3	1	0	4
GOLGA7	44	51	6	26	14	29	9	0	29
GOLGA7B	3	1	0	0	1	1	0	0	0
GOLGA7B-DT	2	1	0	0	0	0	0	0	1
GOLGA8A	171	97	13	34	29	38	28	0	71
GOLGA8B	76	57	7	27	18	22	6	0	37
GOLGA8G	0	0	0	0	0	0	0	0	1
GOLGA8H	0	3	1	1	1	0	1	0	1
GOLGA8IP	0	0	0	0	1	0	0	0	0
GOLGA8J	1	0	0	0	0	0	0	0	1
GOLGA8K	0	2	0	0	0	1	1	0	0
GOLGA8M	1	0	0	1	0	1	0	0	0
GOLGA8N	1	2	0	1	3	4	0	0	5
GOLGA8O	0	0	0	0	0	1	0	0	0
GOLGA8R	5	15	6	5	1	5	2	0	14
GOLGA8T	0	0	0	0	0	1	0	0	0
GOLGA8UP	3	6	3	1	2	1	3	0	3
GOLGA8VP	0	0	0	0	0	0	0	0	1
GOLGB1	338	250	54	125	93	216	74	1	325
GOLIM4	530	335	69	237	126	246	88	2	351
GOLM1	338	204	32	143	81	140	52	0	158
GOLM2	187	163	25	90	57	124	43	0	159
GOLM2P1	1	1	0	0	0	0	0	0	0
GOLPH3	651	459	110	298	157	368	97	0	607
GOLPH3-DT	4	7	1	4	5	4	1	0	3
GOLPH3L	80	76	6	40	27	54	17	0	75
GOLT1A	1	0	0	0	0	0	0	0	0
GOLT1B	116	79	18	45	41	79	16	1	95
GON4L	206	151	34	104	50	110	35	1	176
GON7	14	7	2	11	4	5	3	0	9
GOPC	144	96	8	67	32	92	21	1	105
GORAB	50	40	8	30	15	26	10	0	55
GORAB-AS1	5	5	3	3	4	1	2	0	3
GORASP1	46	12	6	15	5	14	12	0	25
GORASP2	179	121	38	74	40	112	40	1	115
GOSR1	251	185	33	108	66	130	41	1	174
GOSR2	65	50	7	33	13	28	17	0	50
GOSR2-DT	2	1	1	0	1	0	0	0	2
GOT1	90	49	11	41	21	50	15	0	73
GOT1-DT	15	4	1	7	5	11	2	0	12
GOT2	175	82	22	80	28	63	30	0	82
GOT2P2	2	0	0	0	0	0	0	0	0
GOT2P3	1	0	0	1	1	0	0	0	0
GP1BB	0	1	0	0	0	0	0	0	0
GP2	3	0	0	0	0	0	0	0	0
GP5	1	1	0	0	0	1	0	0	1
GP6	1	0	0	0	0	0	0	0	1
GP6-AS1	3	4	1	4	1	4	1	0	5
GPA33	7	0	0	2	1	2	2	0	1
GPAA1	126	83	21	53	25	33	25	0	45
GPALPP1	61	42	11	39	12	49	12	0	56
GPAM	72	34	6	26	11	25	5	0	34
GPANK1	30	25	3	13	6	7	8	0	17
GPAT2	0	0	0	2	0	0	0	0	0
GPAT3	79	40	8	23	13	29	11	0	40
GPAT4	163	137	13	71	28	79	25	1	75
GPAT4-AS1	6	7	1	2	1	5	0	0	1
GPATCH1	49	25	6	16	7	28	9	0	31
GPATCH11	36	27	12	19	10	16	6	0	28
GPATCH2	381	274	48	167	111	265	65	0	315
GPATCH2L	198	136	26	69	52	120	32	0	156
GPATCH3	30	12	0	9	5	12	9	0	7
GPATCH4	125	57	10	51	22	35	19	0	56
GPATCH8	446	329	66	198	120	253	88	0	395
GPBP1	377	257	46	161	89	210	64	1	350
GPBP1L1	268	189	30	111	70	149	53	1	233
GPC1	316	160	36	96	46	70	69	0	124
GPC1-AS1	1	3	0	0	0	0	0	0	3
GPC2	4	4	1	0	0	4	1	0	2
GPC3	15	7	1	6	2	5	0	0	5
GPC4	18	20	6	10	9	17	7	0	21
GPC5	9178	9554	1813	4226	3380	8574	2593	24	12705
GPC5-AS1	0	0	1	0	1	0	1	0	0
GPC5-IT1	5	6	0	3	1	1	4	0	6
GPC6	46	19	4	21	8	9	7	0	14
GPC6-AS1	0	0	0	1	0	0	0	0	0
GPCPD1	138	87	22	58	24	90	18	0	97
GPD1	3	2	0	0	1	0	2	0	0
GPD1L	69	39	5	26	14	29	11	0	26
GPD2	504	412	74	225	133	332	105	1	382
GPER1	4	2	0	0	0	2	0	0	0
GPHB5	0	0	0	0	1	0	0	0	0
GPHN	895	640	110	362	217	548	151	0	707
GPI	1078	784	149	521	284	531	208	4	668
GPIHBP1	2	0	0	0	0	0	0	0	0
GPKOW	34	18	2	7	7	16	7	0	26
GPLD1	9	4	1	2	1	6	0	0	7
GPM6A	22	10	4	13	6	14	2	0	10
GPM6A-DT	1	1	0	0	0	0	0	0	0
GPM6B	51	55	7	23	14	32	12	0	45
GPN1	61	34	10	37	24	26	6	0	47
GPN2	70	37	8	28	12	27	6	0	47
GPN3	23	31	4	14	8	17	6	0	14
GPNMB	12	6	0	4	2	3	3	0	2
GPR107	304	237	41	132	80	153	61	1	184
GPR108	44	18	12	13	11	15	6	1	14
GPR12	1	0	0	0	0	0	0	0	1
GPR132	4	0	0	1	0	0	0	0	0
GPR135	250	175	28	102	71	184	54	0	216
GPR137	75	45	9	15	9	18	10	0	41
GPR137B	14	25	6	12	6	10	5	0	9
GPR137C	44	20	4	8	7	19	12	0	38
GPR139	1	2	0	1	1	2	1	0	2
GPR141	11	9	0	3	3	9	6	0	15
GPR141BP	0	0	1	0	0	1	0	0	1
GPR142	2	0	0	0	0	0	0	0	0
GPR143	0	0	0	0	0	1	1	0	1
GPR146	4	3	0	3	1	1	0	0	1
GPR149	5	2	0	1	2	1	0	0	0
GPR150	0	0	0	1	0	0	0	0	0
GPR153	19	15	2	7	3	9	5	0	9
GPR155	17	13	5	6	10	6	4	0	24
GPR155-DT	2	0	0	1	1	2	1	0	0
GPR156	122	95	18	43	28	72	19	0	66
GPR157	75	61	5	33	15	25	10	0	51
GPR158	15	8	0	3	2	6	3	0	2
GPR158-AS1	3	0	0	1	0	0	0	0	1
GPR15LG	0	0	0	0	0	1	0	0	0
GPR160	9	7	1	10	1	3	4	0	4
GPR161	98	75	7	30	26	28	21	0	48
GPR162	3	1	1	0	1	2	0	0	2
GPR17	0	0	0	0	1	1	0	0	0
GPR171	0	1	0	0	0	1	0	0	0
GPR173	121	98	24	57	29	61	42	2	108
GPR174	0	1	0	1	0	0	0	0	0
GPR176	165	80	16	69	37	67	26	0	81
GPR176-DT	4	0	0	2	0	1	1	0	1
GPR179	3	0	0	0	0	0	0	0	1
GPR180	119	63	13	63	29	64	16	0	81
GPR183	6	5	3	1	0	2	1	0	4
GPR19	2	2	1	2	0	0	0	0	2
GPR20	7	9	1	4	2	1	2	0	6
GPR21	4	5	1	3	1	3	0	0	4
GPR25	1	0	0	0	0	0	0	0	1
GPR26	7	6	0	1	0	1	0	0	2
GPR27	1	1	0	0	0	0	0	0	0
GPR3	3	2	1	2	1	2	0	0	1
GPR31	1	0	0	0	0	0	0	0	0
GPR32	0	0	0	1	0	0	0	0	0
GPR33	1	0	0	0	0	0	0	0	0
GPR34	0	0	0	0	0	0	1	0	0
GPR35	1	1	0	1	0	0	2	0	1
GPR37	37	19	2	14	10	15	5	0	16
GPR37L1	0	1	0	0	0	0	0	0	0
GPR39	102	31	8	38	14	17	4	0	22
GPR45	0	1	1	0	0	0	0	0	1
GPR50	0	0	0	0	1	0	0	0	0
GPR52	8	10	2	2	3	1	0	0	1
GPR55	3	2	1	1	1	1	0	0	1
GPR6	0	2	0	0	0	0	0	0	0
GPR61	2	0	0	0	0	0	0	0	1
GPR62	0	0	0	0	0	0	0	0	1
GPR63	26	23	2	15	9	17	2	0	26
GPR75	19	5	2	4	3	3	2	0	6
GPR78	0	3	0	0	0	0	0	0	0
GPR82	1	0	0	0	0	0	0	0	0
GPR83	0	2	0	2	0	0	1	0	0
GPR84	0	0	0	0	0	1	0	0	1
GPR84-AS1	28	6	1	3	1	2	4	0	7
GPR85	1	0	0	0	0	1	0	0	0
GPR87	3	2	0	1	0	1	0	0	0
GPR89A	54	45	5	23	18	19	5	0	41
GPR89B	44	29	5	12	15	27	9	0	32
GPR89P	0	0	0	2	0	0	0	0	0
GPRASP1	12	11	2	5	4	7	4	0	3
GPRASP2	6	2	0	2	1	2	2	0	2
GPRC5A	480	223	43	186	82	156	56	1	138
GPRC5B	4	3	0	3	1	3	1	0	4
GPRC5C	5	0	0	2	1	2	0	0	0
GPRC5D	0	0	0	0	0	0	1	0	0
GPRC5D-AS1	124	87	16	70	29	65	25	0	84
GPRC6A	0	2	0	1	0	0	0	0	0
GPRIN1	40	22	5	7	5	20	7	0	16
GPRIN2	1	6	1	1	2	2	2	0	2
GPRIN3	139	109	33	69	50	79	41	2	114
GPS1	124	38	10	44	21	33	15	0	49
GPS2	49	39	7	22	10	17	8	0	30
GPS2P1	0	1	0	1	0	2	0	0	0
GPS2P2	1	0	0	0	0	0	0	0	0
GPSM1	132	85	19	38	23	30	29	0	51
GPSM2	135	133	26	79	31	94	36	2	128
GPSM3	2	1	0	1	0	0	0	0	0
GPT	5	3	1	0	0	1	1	0	2
GPT2	114	74	7	32	22	34	13	0	44
GPX1	28	14	2	14	5	8	6	0	13
GPX1P1	1	0	0	0	0	1	0	0	0
GPX2	0	1	0	0	0	0	0	0	0
GPX3	5	6	1	1	1	0	0	0	0
GPX4	101	61	12	44	23	34	20	0	61
GPX5	1	0	0	0	0	0	0	0	0
GPX6	1	1	0	0	0	0	0	0	0
GPX7	3	2	0	2	2	3	1	0	2
GPX8	107	67	9	45	19	32	15	1	58
GRAMD1A	146	91	17	52	25	64	27	0	51
GRAMD1A-AS1	1	0	0	2	0	0	0	0	1
GRAMD1B	1250	930	205	444	311	616	154	0	746
GRAMD1C	8	8	1	7	2	6	3	0	2
GRAMD2A	4	4	0	4	3	1	1	0	1
GRAMD2B	85	58	7	41	14	39	20	0	62
GRAMD4	119	100	26	42	44	40	34	0	68
GRAP	1	0	0	0	0	0	0	0	0
GRAP2	2	3	1	0	0	0	1	0	0
GRAPL	0	0	0	0	0	0	2	0	0
GRASLND	0	0	0	1	0	0	0	0	0
GRB10	1040	550	104	335	186	295	117	0	360
GRB14	78	64	16	52	21	58	18	1	50
GRB2	272	221	45	113	64	169	47	0	206
GRB7	3	2	1	2	1	2	0	0	0
GREB1	29	17	5	5	7	5	2	0	9
GREB1L	185	92	23	72	35	76	31	0	95
GREB1L-DT	1	0	0	0	0	0	0	0	0
GREM1	144	69	7	42	13	32	9	0	33
GREM2	845	1264	319	493	478	1167	402	4	1902
GREP1	0	0	0	0	0	0	1	0	0
GRHL1	11	5	0	3	1	2	3	0	4
GRHL2	13	4	0	4	2	3	0	0	4
GRHL3	11	7	2	8	2	1	1	0	6
GRHL3-AS1	2	4	1	3	1	0	1	0	3
GRHPR	144	87	15	38	27	50	19	0	56
GRIA1	32	5	1	4	3	5	2	0	4
GRIA2	7	5	0	5	2	1	1	0	1
GRIA3	7	6	1	9	4	5	3	0	3
GRIA4	12	3	0	7	0	3	4	0	3
GRID1	76	32	3	18	6	17	9	0	19
GRID1-AS1	2	0	1	0	0	0	0	0	1
GRID2	80	54	6	31	11	33	18	0	37
GRID2IP	2	0	0	1	2	0	1	0	0
GRIFIN	1	0	0	0	0	0	0	0	0
GRIK1	12	7	0	6	1	4	1	1	3
GRIK1-AS1	0	1	0	0	0	0	0	0	2
GRIK2	786	754	166	339	274	770	250	3	1211
GRIK3	13	8	0	4	2	1	1	0	4
GRIK4	30	7	2	9	4	4	3	0	14
GRIK5	7	3	1	1	1	1	0	0	3
GRIN1	5	3	0	4	0	0	1	0	0
GRIN2A	14	16	1	7	5	3	1	0	6
GRIN2B	22	5	1	5	4	6	0	0	4
GRIN2C	2	0	0	0	0	0	0	0	0
GRIN2D	15	86	4	10	7	0	7	0	9
GRIN3A	8	1	0	2	0	2	0	0	2
GRINA	89	56	14	40	27	41	25	0	30
GRIP1	125	99	20	48	32	56	16	0	65
GRIP2	2	3	0	0	1	1	1	0	1
GRIPAP1	103	68	12	35	27	36	25	0	48
GRK1	3	2	0	1	0	0	0	0	1
GRK2	196	94	30	54	32	43	33	0	78
GRK3	59	53	6	22	18	50	18	0	43
GRK4	18	8	3	10	1	9	9	0	9
GRK5	897	473	80	305	157	243	130	0	318
GRK5-IT1	4	0	0	1	1	0	0	0	0
GRK6	80	59	14	39	17	36	23	0	44
GRK6P1	1	0	0	0	0	0	0	0	0
GRK7	10	2	0	1	4	4	2	0	6
GRM1	22	17	3	16	5	14	7	0	16
GRM2	3	0	0	0	0	1	0	0	0
GRM3	3	3	0	0	1	1	2	0	3
GRM3-AS1	1	4	0	2	0	1	0	0	2
GRM4	9	2	0	3	1	0	2	0	0
GRM5	19	2	2	5	1	4	0	0	9
GRM5-AS1	2	0	0	0	0	0	0	0	1
GRM5P1	5	5	1	1	2	1	1	0	8
GRM6	2	0	0	1	0	0	0	0	0
GRM7	115	144	29	65	44	121	37	0	167
GRM7-AS1	1	0	0	0	0	0	0	0	1
GRM7-AS3	6	5	0	1	1	3	1	0	2
GRM8	58	25	3	18	10	9	18	0	16
GRN	123	73	15	48	24	56	35	0	66
GRP	0	1	0	1	0	0	0	0	0
GRPEL1	61	50	9	44	21	24	12	0	34
GRPEL2	108	51	10	43	18	56	11	0	59
GRPR	2	1	0	1	0	4	1	0	4
GRSF1	244	126	27	106	47	89	22	0	134
GRTP1	70	68	14	38	25	34	13	0	71
GRTP1-AS1	1	0	1	0	0	0	0	0	0
GRWD1	131	72	18	60	19	48	13	0	54
GRXCR1	5	4	0	0	1	4	1	0	3
GRXCR2	2	0	0	0	0	2	2	0	0
GS1-24F4.2	1	3	0	1	2	1	0	0	2
GSAP	7	4	1	2	4	3	0	0	1
GSC	1	0	0	0	0	0	0	0	0
GSDMA	4	0	0	0	0	0	0	0	0
GSDMB	13	3	3	4	2	0	2	0	5
GSDMC	2	3	0	0	0	0	0	0	1
GSDMD	10	5	2	4	4	1	2	0	2
GSDME	30	16	1	13	4	10	7	0	12
GSE1	1734	1288	268	628	405	629	570	1	919
GSEC	25	14	2	12	14	6	8	0	14
GSG1	4	2	0	2	1	2	2	1	1
GSG1L	16	9	0	3	3	4	2	0	4
GSG1L2	0	0	0	2	0	0	0	0	0
GSK3A	63	33	7	25	15	17	9	1	24
GSK3B	915	705	156	412	281	593	201	3	938
GSK3B-DT	23	28	3	14	10	15	3	0	28
GSKIP	47	23	7	27	15	28	4	0	19
GSN	77	72	10	33	14	35	19	0	57
GSN-AS1	0	0	0	1	0	0	0	0	0
GSPT1	836	429	86	311	171	283	95	4	328
GSPT2	4	0	0	1	0	0	0	0	0
GSR	282	211	43	132	72	129	50	0	184
GSS	56	54	11	26	14	39	7	0	39
GSTA1	1	0	0	0	0	0	0	0	0
GSTA11P	0	0	0	2	0	0	0	0	0
GSTA4	3	6	2	6	1	6	2	0	9
GSTA5	3	0	0	0	0	0	0	0	0
GSTA8P	0	0	0	1	0	0	0	0	1
GSTCD	241	162	29	100	52	144	32	0	127
GSTCD-AS1	2	1	0	2	1	2	0	0	1
GSTK1	37	26	8	16	15	12	4	0	35
GSTM1	16	14	2	4	4	2	3	0	5
GSTM2	9	5	1	4	2	5	4	0	9
GSTM3	98	57	9	44	17	31	20	0	37
GSTM4	18	8	1	7	3	6	2	0	5
GSTO1	63	48	15	36	15	26	7	0	31
GSTO2	82	75	16	42	22	62	18	1	64
GSTP1	297	150	25	125	63	96	48	1	135
GSTT2	0	1	0	0	0	0	1	0	2
GSTT2B	1	0	0	1	0	1	1	0	0
GSTT3P	1	1	0	0	0	1	1	0	0
GSTT4	2	0	0	0	0	0	0	0	0
GSTZ1	18	23	4	7	7	11	3	0	17
GSX1	1	0	0	0	0	0	0	0	0
GSX2	0	0	0	0	1	1	1	0	0
GTDC1	150	102	19	71	44	99	31	1	133
GTF2A1	217	164	17	126	56	79	32	0	101
GTF2A1-AS1	8	2	0	4	0	1	0	0	1
GTF2A2	99	49	9	39	18	43	17	0	33
GTF2B	104	78	8	33	22	52	10	0	46
GTF2E1	58	53	6	17	12	27	14	0	31
GTF2E2	100	106	22	51	30	76	19	0	103
GTF2F1	110	56	11	29	24	37	12	0	48
GTF2F2	297	167	40	110	59	164	44	1	171
GTF2F2P1	0	1	0	0	0	2	0	0	0
GTF2H1	159	105	21	94	31	87	21	0	103
GTF2H2	5	7	0	3	0	4	0	0	5
GTF2H2C	18	8	3	5	3	6	1	0	14
GTF2H3	101	60	12	35	23	33	13	0	44
GTF2H4	35	9	0	17	3	3	1	0	7
GTF2H5	20	26	1	20	9	7	5	0	16
GTF2I	375	242	52	151	84	163	67	0	255
GTF2I-AS1	1	0	0	1	0	0	1	0	0
GTF2IP1	1	1	1	1	0	1	1	0	0
GTF2IP14	5	1	2	4	0	2	1	0	1
GTF2IP2	0	2	0	0	1	0	0	0	0
GTF2IP23	4	1	1	1	1	2	0	0	3
GTF2IP3	0	0	1	0	0	0	0	0	0
GTF2IP4	4	6	1	0	2	1	0	0	4
GTF2IP5	3	1	3	0	3	0	0	0	1
GTF2IP6	0	1	0	1	0	0	0	0	1
GTF2IRD1	949	690	141	357	233	364	224	1	562
GTF2IRD1P1	4	3	0	0	1	0	0	0	3
GTF2IRD2	1	0	0	0	0	0	0	0	0
GTF2IRD2B	10	10	1	0	2	7	4	0	9
GTF2IRD2P1	3	0	0	0	0	0	0	0	1
GTF3A	80	75	12	37	23	52	17	0	55
GTF3C1	495	264	45	162	78	156	81	1	212
GTF3C2	151	120	16	65	35	72	21	2	95
GTF3C2-AS1	0	0	1	0	0	0	0	0	0
GTF3C2-AS2	19	27	0	15	9	14	7	0	24
GTF3C3	176	115	28	79	42	95	19	0	112
GTF3C4	462	204	48	193	85	150	40	0	173
GTF3C5	217	119	25	98	45	86	32	0	113
GTF3C6	57	37	1	16	14	10	6	0	13
GTF3C6P2	0	0	0	1	0	0	0	0	0
GTPBP1	186	100	28	59	42	68	30	0	110
GTPBP10	124	84	8	52	30	58	17	0	73
GTPBP2	146	100	15	51	19	59	16	2	64
GTPBP3	64	34	8	28	9	20	12	1	22
GTPBP4	417	210	33	124	73	104	43	0	132
GTPBP6	73	36	11	24	12	24	10	0	38
GTPBP8	48	45	2	29	18	26	10	0	30
GTSCR1	1	0	0	1	0	0	0	0	0
GTSE1	186	167	23	80	32	84	52	0	132
GTSE1-DT	2	3	0	0	0	0	1	0	0
GTSF1	4	1	0	0	0	0	0	0	0
GUCA1B	2	1	1	0	1	1	0	0	0
GUCA1C	1	0	0	0	0	1	0	0	0
GUCD1	85	42	11	29	23	30	17	0	48
GUCY1A1	0	0	1	1	0	0	0	0	1
GUCY1A2	55	59	8	18	20	57	20	0	83
GUCY1B1	1	0	0	0	0	0	0	0	1
GUCY1B2	5	7	1	2	2	3	0	0	7
GUCY2C	2	0	0	0	0	0	0	0	2
GUCY2C-AS1	3	0	0	0	0	1	0	0	1
GUCY2D	3	0	0	0	0	0	0	0	0
GUCY2EP	17	23	3	5	4	8	7	0	23
GUCY2F	0	1	0	4	3	7	2	0	2
GUCY2GP	2	0	0	0	0	1	0	0	0
GUF1	103	56	12	44	16	42	13	0	56
GUK1	124	75	12	64	27	43	27	0	66
GULOP	0	0	0	1	0	0	2	0	0
GULP1	641	386	75	257	135	325	110	3	367
GUSB	69	55	13	35	30	39	20	0	58
GUSBP1	260	272	53	130	77	193	67	0	299
GUSBP11	112	96	22	29	27	34	20	0	64
GUSBP13	2	1	1	0	1	0	1	0	4
GUSBP14	0	1	0	0	1	0	0	0	1
GUSBP15	1	1	0	1	0	0	0	0	0
GUSBP16	3	7	2	2	2	1	0	0	3
GUSBP17	2	1	1	1	2	3	0	0	3
GUSBP19	0	0	0	0	0	1	0	0	0
GUSBP2	43	18	7	16	10	10	6	0	22
GUSBP6	1	1	0	0	0	0	0	0	0
GUSBP7	0	1	0	0	0	1	0	0	1
GUSBP9	0	3	0	0	0	2	0	0	1
GVQW3	21	13	5	8	7	11	8	0	25
GXYLT1	84	78	14	49	33	54	18	0	85
GXYLT2	57	71	11	35	16	67	26	0	94
GYG1	71	26	3	16	15	27	2	0	32
GYG1P1	1	1	0	0	0	1	0	0	0
GYG1P3	0	1	0	0	0	0	0	0	0
GYG2	10	10	1	7	3	6	8	0	10
GYPC	1	4	1	0	2	0	0	0	2
GYPE	1	0	0	0	0	0	0	0	0
GYS1	127	79	14	41	25	35	24	0	61
GZF1	27	19	1	8	4	6	1	0	18
GZMB	1	0	0	0	0	0	0	0	0
GZMM	4	1	0	0	0	0	0	0	1
H1-0	62	44	5	30	17	29	7	0	22
H1-1	43	40	5	25	5	18	7	0	34
H1-10	189	98	39	64	41	72	32	0	104
H1-10-AS1	29	20	4	6	4	8	8	0	18
H1-12P	2	0	0	0	0	0	0	0	1
H1-2	425	353	70	213	122	205	105	0	242
H1-3	106	88	22	51	26	58	24	0	63
H1-4	565	465	85	219	133	245	114	3	283
H1-5	254	170	38	80	61	89	47	1	101
H1-6	1	0	0	0	0	0	0	0	0
H1-9P	3	0	1	3	1	0	0	0	1
H2AC1	10	7	2	3	2	5	2	0	10
H2AC11	126	97	14	69	19	48	27	0	50
H2AC12	125	96	19	59	38	42	28	0	56
H2AC13	93	75	11	46	16	37	10	1	32
H2AC14	60	47	10	33	19	32	16	0	23
H2AC15	53	23	7	21	5	15	9	0	21
H2AC16	111	93	25	68	33	59	28	1	62
H2AC17	157	120	22	70	50	61	34	0	65
H2AC18	1	2	1	0	0	0	0	0	0
H2AC20	185	125	27	73	39	79	52	0	88
H2AC21	46	51	8	31	13	30	15	0	37
H2AC25	72	38	7	27	8	21	5	0	17
H2AC4	52	47	7	21	12	26	14	0	17
H2AC6	252	175	13	102	46	65	44	0	113
H2AC7	47	37	9	13	8	17	14	0	15
H2AC8	161	121	20	72	33	69	24	0	86
H2AJ	24	14	3	6	3	7	2	0	9
H2AP	2	0	0	0	0	0	0	0	0
H2AX	120	53	8	40	12	46	8	1	42
H2AZ1	308	173	30	123	47	103	41	0	137
H2AZ1-DT	20	21	9	26	15	24	6	0	8
H2AZ2	306	232	28	160	83	167	58	0	261
H2AZ2-DT	8	0	1	1	0	1	2	0	1
H2AZ2P1	5	1	0	1	0	1	0	0	5
H2AZP2	0	0	0	0	0	0	0	0	1
H2AZP3	1	0	0	1	1	0	0	0	0
H2AZP5	0	1	0	0	0	0	0	0	0
H2AZP6	0	0	0	1	0	0	0	0	0
H2BC1	6	3	0	4	0	0	1	0	0
H2BC10	91	75	13	36	19	32	19	0	39
H2BC11	166	109	11	67	23	59	22	0	67
H2BC12	279	189	34	115	48	94	61	0	147
H2BC12L	4	0	0	0	0	0	0	0	0
H2BC13	68	77	11	32	19	36	18	0	41
H2BC14	28	12	9	11	6	9	5	0	19
H2BC15	114	59	15	64	17	33	18	0	57
H2BC16P	2	1	0	1	1	0	1	0	0
H2BC17	100	84	18	65	23	48	24	0	57
H2BC18	80	54	19	28	11	34	16	0	52
H2BC21	189	156	36	115	55	85	44	0	130
H2BC26	26	19	2	11	4	11	5	0	11
H2BC27P	0	0	0	1	0	0	0	0	0
H2BC2P	0	0	0	0	0	0	0	0	1
H2BC3	2	0	1	0	0	1	0	0	1
H2BC4	260	182	40	138	70	119	47	1	131
H2BC5	250	145	30	109	36	77	36	0	114
H2BC6	12	9	1	6	2	5	0	0	4
H2BC7	168	135	31	101	42	75	38	0	111
H2BC8	125	77	6	60	16	35	25	0	55
H2BC9	94	63	10	41	16	33	15	0	43
H2BK1	1	1	0	0	1	0	0	0	0
H2BP1	0	1	0	0	0	0	0	0	0
H2BP3	0	0	0	0	1	0	1	0	0
H2BP6	0	1	0	0	0	0	0	0	0
H3-3A	85	59	9	33	19	44	6	0	67
H3-3A-DT	5	7	1	1	3	4	5	0	7
H3-3B	457	215	30	188	87	144	43	0	144
H3-5	1	1	0	0	0	2	0	0	1
H3-7	1	0	0	0	0	0	0	0	0
H3C1	49	27	4	16	8	22	7	1	15
H3C10	298	139	17	105	33	61	54	0	69
H3C11	2	3	1	2	0	3	2	0	3
H3C12	16	9	2	11	3	9	2	0	14
H3C13	42	33	11	23	11	19	8	0	20
H3C14	2	0	0	0	2	1	0	0	0
H3C2	237	178	36	131	49	111	50	1	127
H3C3	47	47	5	35	10	30	15	0	27
H3C4	132	96	23	57	22	34	38	0	51
H3C6	5	3	3	1	1	2	1	0	3
H3C7	174	72	15	74	22	56	33	1	56
H3C8	128	107	14	48	35	39	18	1	42
H3C9P	0	0	0	0	1	0	0	0	0
H3P1	1	1	1	0	0	1	0	0	0
H3P24	1	0	0	0	0	0	1	0	0
H3P31	0	1	0	1	0	0	0	0	0
H3P38	0	1	0	0	0	0	0	0	0
H3P4	0	1	0	0	0	0	1	0	0
H3P44	0	0	0	0	1	0	0	0	0
H3P5	0	0	0	0	1	0	0	0	0
H3P6	4	0	1	1	0	2	0	0	1
H3P9	1	1	0	1	0	0	0	0	0
H4C1	50	39	6	24	11	28	8	0	25
H4C10P	0	2	0	0	0	0	0	0	0
H4C11	83	86	8	59	15	28	24	0	30
H4C12	100	73	14	66	25	37	16	0	37
H4C14	0	1	0	0	0	0	0	0	1
H4C15	0	0	0	0	0	0	0	0	1
H4C16	81	43	7	45	17	25	14	0	41
H4C2	109	90	15	47	26	39	36	1	62
H4C3	176	108	13	65	23	56	23	0	39
H4C4	102	96	18	52	30	37	28	1	48
H4C5	231	149	35	102	50	116	57	0	145
H4C6	9	4	2	5	3	2	2	0	2
H4C8	335	227	39	156	67	143	58	2	162
H4C9	62	43	6	21	10	15	15	0	27
H6PD	56	44	7	16	15	24	9	0	31
HAAO	1	0	0	2	0	0	0	0	0
HABP2	0	0	0	0	0	1	0	0	1
HABP4	29	12	2	6	3	11	2	0	19
HACD1	49	40	8	23	16	36	12	0	53
HACD2	287	217	43	149	65	160	59	1	231
HACD3	238	149	23	94	42	99	40	0	126
HACD4	7	12	7	12	3	12	6	1	16
HACE1	78	67	9	50	33	63	18	0	78
HACL1	121	92	13	45	26	51	16	0	92
HADH	115	76	6	43	31	48	26	0	70
HADHA	236	165	31	98	69	120	46	0	168
HADHAP1	8	1	1	10	0	7	1	0	7
HADHAP2	0	0	0	0	0	1	0	0	0
HADHB	101	99	6	48	27	53	10	1	61
HAGH	38	13	4	15	2	9	5	0	17
HAGHL	35	19	2	7	3	14	7	0	13
HAGLR	3	7	0	2	1	6	1	0	3
HAGLROS	3	1	0	0	1	0	1	0	1
HAL	1	2	0	1	0	1	0	0	1
HAMP	0	0	0	0	0	0	1	0	0
HAND1	2	0	0	0	0	0	0	0	0
HAND2	1	1	0	0	1	1	0	0	1
HAND2-AS1	3	2	1	3	2	1	0	0	1
HAO1	0	1	0	0	0	2	0	0	0
HAO2	0	1	0	0	1	1	1	0	1
HAP1	5	3	0	2	1	1	0	0	3
HAPLN1	1	1	0	0	0	2	2	0	1
HAPLN2	2	0	0	0	0	0	0	0	1
HAPLN3	3	0	0	1	1	3	1	0	1
HAPLN4	0	0	0	0	0	0	1	0	0
HAPSTR1	274	144	23	121	54	100	38	0	135
HAR1B	1	9	0	7	0	0	1	0	1
HARBI1	10	3	2	2	2	8	1	0	13
HARS1	167	111	22	78	48	67	24	0	91
HARS2	58	40	5	23	15	30	9	0	36
HAS1	2	2	0	2	1	0	0	0	0
HAS2	62	29	4	21	17	31	7	0	13
HAS2-AS1	30	17	1	17	3	17	1	0	12
HAS3	5	1	0	0	0	0	0	0	2
HASPIN	47	28	3	19	10	16	8	0	23
HAT1	224	155	31	86	58	129	32	0	170
HAUS1	53	28	4	20	6	18	7	0	42
HAUS2	74	41	11	32	18	41	13	0	45
HAUS3	24	6	3	1	3	9	4	0	15
HAUS4	13	3	1	7	4	4	4	0	4
HAUS5	83	32	15	20	13	29	12	0	43
HAUS6	390	275	54	177	96	183	60	1	243
HAUS6P3	2	1	0	0	0	0	0	0	0
HAUS7	111	79	17	53	40	32	23	0	87
HAUS8	106	62	14	32	27	44	10	0	56
HAVCR1	6	1	0	1	0	1	0	0	1
HAVCR2	12	16	3	6	3	2	3	0	6
HAX1	65	47	5	35	15	33	10	0	41
HAX1P1	2	0	0	1	0	0	0	0	0
HBA1	1	0	1	0	0	0	0	0	0
HBA2	1	0	0	0	0	1	0	0	0
HBB	0	0	0	0	0	0	0	0	1
HBE1	0	1	0	1	0	0	0	0	0
HBEGF	93	21	3	17	10	10	2	0	6
HBM	0	3	0	0	0	0	0	0	0
HBP1	163	98	15	55	35	85	31	0	142
HBQ1	3	0	0	1	0	0	0	0	0
HBS1L	290	231	40	133	81	175	42	0	231
HBZ	1	1	0	0	0	0	0	0	1
HCAR1	0	0	0	0	0	0	0	0	1
HCAR2	1	1	0	0	0	0	0	0	0
HCCAT5	3	0	1	0	0	1	1	0	1
HCCS	77	43	10	34	17	28	11	0	32
HCCS-DT	258	202	37	103	73	134	42	0	193
HCFC1	527	274	67	184	80	163	92	1	219
HCFC1R1	39	23	4	16	12	14	6	0	33
HCFC2	42	26	5	23	10	21	2	0	23
HCG11	26	20	3	15	9	18	4	0	25
HCG15	2	2	0	0	0	1	0	0	0
HCG17	252	185	44	125	68	165	51	0	212
HCG18	69	43	6	22	14	26	19	0	30
HCG20	4	1	0	5	2	2	1	0	1
HCG22	0	0	0	1	0	0	0	0	0
HCG25	6	7	0	2	1	0	2	1	5
HCG27	9	9	3	4	3	5	2	0	9
HCG4	1	0	0	0	0	0	0	0	0
HCK	11	6	0	4	3	3	1	0	2
HCLS1	3	1	1	3	0	1	2	1	6
HCN1	12	6	0	5	4	7	2	0	5
HCN2	146	70	21	54	27	27	27	0	50
HCN3	14	9	2	7	1	6	3	0	7
HCN4	5	3	1	3	1	1	0	0	1
HCP5	19	14	4	9	2	6	5	0	15
HCRT	0	0	0	0	0	0	1	0	0
HCRTR1	1	0	0	0	0	1	1	0	0
HCRTR2	7	0	1	2	0	1	1	0	4
HCST	1	0	0	0	0	0	1	0	0
HDAC1	163	104	18	60	44	63	36	1	99
HDAC10	68	25	6	22	7	27	8	0	20
HDAC11	10	7	1	6	2	5	8	0	7
HDAC1P1	3	1	0	0	0	0	0	0	1
HDAC1P2	8	4	2	1	4	4	1	0	3
HDAC2	334	219	24	118	73	135	54	0	176
HDAC2-AS2	39	22	4	12	8	8	8	0	16
HDAC3	96	50	12	35	17	33	14	0	43
HDAC4	2143	1896	311	893	584	969	549	9	1403
HDAC4-AS1	3	1	0	2	0	1	0	0	0
HDAC5	132	93	19	41	24	34	23	1	51
HDAC6	43	54	8	29	16	20	12	0	38
HDAC7	244	147	29	95	54	58	36	0	78
HDAC8	11	16	1	8	5	10	3	0	9
HDAC9	87	74	14	40	15	49	11	0	54
HDC	0	1	0	2	0	0	0	0	2
HDDC2	103	61	11	50	26	46	19	0	65
HDDC3	7	5	0	6	1	0	1	0	4
HDGF	722	375	80	334	144	248	124	0	282
HDGFL1	1	0	0	1	0	0	0	0	0
HDGFL2	62	45	7	30	15	27	20	0	33
HDGFL3	135	79	15	47	25	51	12	0	69
HDHD2	65	42	10	25	14	26	7	0	44
HDHD3	13	3	1	4	4	4	0	0	2
HDHD5	87	44	14	32	22	29	10	0	35
HDHD5-AS1	3	3	0	2	0	1	0	0	4
HDLBP	1149	757	170	515	282	493	205	0	708
HDX	90	68	7	45	23	45	15	0	59
HEATR1	589	345	54	239	122	194	72	0	230
HEATR3	68	54	5	31	20	35	10	0	57
HEATR3-AS1	4	1	0	4	0	1	1	0	1
HEATR4	3	4	1	1	0	0	1	0	3
HEATR5A	289	188	34	139	76	182	66	2	280
HEATR5A-DT	1	3	0	3	1	0	0	0	2
HEATR5B	103	81	18	45	23	57	33	0	67
HEATR6	109	56	16	35	18	38	15	0	61
HEATR6-DT	1	0	1	0	0	2	0	1	4
HEATR9	0	0	0	1	0	0	0	0	0
HEBP1	43	25	5	13	3	19	6	0	12
HEBP2	21	10	5	6	5	10	2	0	13
HEBP2P1	1	0	1	0	0	2	0	0	1
HECA	55	32	5	22	14	28	5	0	24
HECTD1	446	269	52	198	86	203	82	0	228
HECTD2	277	224	50	117	73	213	58	0	334
HECTD3	49	19	6	17	5	22	4	0	29
HECTD4	320	226	42	120	74	160	85	1	243
HECW1	99	71	11	33	23	57	31	0	55
HECW2	168	117	24	71	39	87	27	0	80
HECW2-AS1	1	0	0	0	0	0	0	0	0
HEG1	499	216	48	176	79	155	82	1	215
HEIH	6	6	0	3	2	2	2	0	8
HELB	68	45	7	24	10	38	8	0	55
HELLPAR	165	138	25	76	57	129	38	1	204
HELLS	489	389	90	212	155	372	117	0	569
HELQ	42	41	7	25	16	30	9	0	63
HELT	0	0	0	0	0	0	0	0	1
HELZ	380	259	67	181	78	232	77	1	279
HELZ2	85	34	6	22	12	22	9	0	25
HEMGN	0	0	0	0	1	0	0	0	0
HEMK1	56	45	6	20	17	19	16	0	27
HENMT1	35	29	0	16	10	17	9	0	31
HEPACAM	0	1	0	0	0	1	0	0	1
HEPACAM2	1	0	0	0	0	2	0	0	0
HEPH	2	2	0	1	0	0	0	0	3
HEPHL1	5	0	0	2	1	1	1	0	0
HERC1	516	283	60	227	114	271	107	1	333
HERC2	534	340	65	229	126	245	118	1	319
HERC2P10	14	13	2	7	4	9	5	0	9
HERC2P2	28	24	4	12	6	11	6	0	14
HERC2P3	52	39	9	20	13	33	9	0	44
HERC2P4	0	1	0	0	0	0	0	0	1
HERC2P7	0	2	0	0	0	0	0	0	0
HERC2P9	18	12	5	10	13	11	5	0	14
HERC3	125	76	16	62	19	47	16	0	54
HERC4	1282	630	114	454	203	494	136	0	662
HERC5	40	19	7	25	3	19	1	0	4
HERC6	41	10	3	12	4	10	2	0	3
HERPUD1	286	128	24	74	33	80	19	0	90
HERPUD2	101	71	8	50	26	61	24	0	78
HERPUD2-AS1	17	6	2	5	2	6	2	0	4
HES1	61	11	3	14	7	5	2	0	13
HES2	9	2	1	1	0	1	1	0	0
HES3	1	0	0	0	0	0	0	0	0
HES4	80	11	6	15	3	9	6	0	7
HES6	12	8	0	2	1	3	0	0	1
HES7	37	17	10	15	9	8	8	0	12
HESX1	9	3	1	4	2	4	2	0	8
HEXA	72	56	7	32	14	28	7	0	43
HEXA-AS1	2	2	0	0	0	1	2	0	1
HEXB	155	111	16	53	37	73	37	0	80
HEXD	36	19	8	15	15	12	6	0	34
HEXD-IT1	3	2	0	2	1	0	0	0	0
HEXIM1	216	96	12	65	40	65	19	0	79
HEXIM2	8	2	2	0	1	4	1	0	4
HEXIM2-AS1	42	45	7	28	13	33	13	0	45
HEY1	11	4	1	2	0	2	1	0	5
HEY2	2	0	0	1	1	1	0	0	1
HEY2-AS1	4	5	0	3	2	1	1	0	2
HEYL	0	0	0	1	0	0	0	0	0
HFE	16	15	2	3	5	11	4	0	8
HFM1	649	265	23	409	26	38	491	0	64
HGD	4	4	0	0	0	2	1	0	4
HGF	1	0	0	2	1	0	0	0	2
HGFAC	0	0	0	0	0	0	0	0	1
HGH1	41	9	2	19	10	12	7	0	13
HGS	247	131	31	84	49	80	41	0	93
HGSNAT	74	78	9	44	29	42	30	0	91
HHAT	53	23	1	23	11	12	4	0	9
HHATL	0	0	0	0	0	1	0	0	0
HHEX	26	17	2	11	3	7	0	0	1
HHIP	9	6	1	3	2	5	1	0	3
HHIP-AS1	3	0	0	2	0	0	0	0	0
HHIPL1	4	3	0	2	0	1	0	0	0
HHIPL2	2	0	0	0	0	0	0	0	3
HHLA1	1	2	0	0	0	0	0	0	0
HHLA2	3	1	0	1	0	0	0	0	1
HHLA3	25	26	4	8	6	11	5	0	19
HIBADH	385	213	49	152	80	189	59	0	166
HIBCH	275	165	36	119	78	160	35	0	179
HIC1	14	4	0	3	0	1	2	0	4
HIC2	42	24	1	3	9	5	4	0	12
HID1	13	0	0	1	0	0	0	0	2
HID1-AS1	0	0	1	1	0	0	0	0	0
HIF1A	1254	831	151	490	277	634	199	2	660
HIF1A-AS1	11	7	1	3	2	3	1	0	4
HIF1A-AS3	4	0	0	0	1	0	0	0	1
HIF1AN	120	72	12	54	33	47	26	0	75
HIF3A	5	0	1	2	0	2	1	0	1
HIGD1A	48	20	4	12	10	16	4	0	29
HIGD1AP14	0	1	0	0	0	0	0	0	0
HIGD1AP16	0	0	0	0	1	1	0	0	0
HIGD2A	39	19	4	18	9	11	7	0	26
HIGD2B	3	1	0	0	0	0	0	0	1
HIKESHI	56	35	12	21	14	33	10	1	51
HILPDA	21	15	4	5	6	5	3	0	11
HILPDA-AS1	1	1	1	1	0	1	0	0	1
HINFP	25	14	1	13	4	9	3	0	17
HINT1	174	122	14	83	40	54	32	0	79
HINT1P1	1	1	0	0	0	0	0	0	0
HINT1P2	0	0	0	0	0	1	0	0	0
HINT2	14	9	1	3	4	6	1	0	14
HINT3	35	17	7	13	7	15	5	0	14
HIP1	201	145	29	75	50	94	49	0	139
HIP1R	77	28	2	20	12	16	9	0	24
HIPK1	219	139	32	97	46	93	30	1	137
HIPK1-AS1	1	2	0	0	0	0	0	0	0
HIPK2	646	375	73	270	144	174	96	0	253
HIPK3	240	154	36	105	68	134	49	1	196
HIPK4	1	0	0	0	0	0	0	0	1
HIRA	353	230	43	126	76	146	65	0	209
HIRIP3	19	14	4	12	5	13	6	0	26
HISLA	2	1	0	0	0	1	1	0	2
HIVEP1	352	193	45	117	67	132	41	0	158
HIVEP2	391	283	39	129	90	172	50	0	242
HIVEP2-DT	14	3	0	4	1	3	1	0	2
HIVEP3	257	151	14	93	49	78	47	1	135
HJURP	190	145	22	91	45	81	33	1	118
HJV	3	1	0	1	0	0	0	0	0
HK1	197	97	19	88	22	68	22	0	70
HK2	365	154	32	118	62	91	29	0	96
HK2-DT	6	6	0	8	2	2	2	0	4
HK2P1	1	1	0	0	0	0	0	0	0
HK3	2	2	0	1	1	0	0	0	0
HKDC1	11	6	0	2	1	0	1	0	2
HLA-A	261	143	25	87	43	104	37	0	122
HLA-B	168	71	13	48	33	41	20	0	75
HLA-C	78	43	10	21	14	23	3	1	36
HLA-DMA	27	40	5	10	8	10	7	0	31
HLA-DMB	5	7	0	5	1	0	0	0	3
HLA-DOA	0	1	0	0	0	0	0	0	0
HLA-DOB	2	0	0	1	0	2	0	0	1
HLA-DPA1	11	17	0	3	5	11	7	1	14
HLA-DPA3	1	0	0	1	0	1	0	0	0
HLA-DPB1	12	13	0	9	4	8	6	0	9
HLA-DPB2	1	0	0	2	0	0	0	0	1
HLA-DQA1	2	0	0	1	0	1	0	0	1
HLA-DQB1	1	1	0	1	0	0	1	0	0
HLA-DQB2	2	0	0	1	0	0	0	0	0
HLA-DRA	37	31	5	19	11	16	9	0	20
HLA-DRB1	23	10	2	9	3	8	1	0	9
HLA-DRB5	2	5	0	0	0	4	1	0	0
HLA-DRB6	3	1	0	0	0	0	0	0	1
HLA-DRB9	2	0	0	0	0	0	0	0	0
HLA-E	54	29	1	18	11	7	11	2	22
HLA-F	8	6	1	2	1	2	0	0	2
HLA-F-AS1	9	10	0	6	2	5	2	0	5
HLA-G	7	1	1	1	2	2	1	0	0
HLA-H	16	10	2	5	1	3	0	0	6
HLA-J	0	0	0	0	0	2	0	0	0
HLA-K	2	1	1	2	0	0	1	0	2
HLA-L	8	7	1	2	1	2	0	0	4
HLA-V	2	2	0	0	0	0	0	0	0
HLCS	340	254	57	116	93	198	60	1	257
HLCS-AS1	16	7	2	1	5	2	2	0	12
HLF	6	3	0	5	1	1	2	0	4
HLTF	208	180	38	106	65	127	42	0	164
HLTF-AS1	1	0	0	1	0	0	0	0	0
HLX	7	3	2	3	1	4	2	0	3
HLX-AS1	5	4	0	1	1	1	2	0	1
HM13	604	381	63	194	127	217	80	0	285
HM13-AS1	1	1	0	0	0	0	0	0	1
HM13-IT1	8	3	0	1	0	2	1	0	0
HMBOX1	374	275	53	177	85	204	71	3	297
HMBOX1-IT1	2	0	0	0	0	0	0	0	0
HMBS	33	16	3	17	8	12	5	0	12
HMCES	68	37	4	23	16	28	13	1	37
HMCN1	57	82	15	35	27	70	20	0	80
HMCN2	16	9	1	2	4	2	3	0	0
HMG20A	177	103	24	71	47	86	39	0	117
HMG20B	205	98	32	79	37	72	42	0	98
HMGA1	439	175	42	180	69	126	49	1	135
HMGA1P1	4	0	1	1	0	2	0	0	0
HMGA1P2	0	0	1	0	0	0	0	0	0
HMGA1P4	177	141	25	67	37	79	33	1	89
HMGA1P5	1	0	0	0	0	0	0	0	0
HMGA1P8	0	0	0	0	0	1	0	0	0
HMGA2	53	12	1	14	7	7	1	0	4
HMGA2-AS1	1	0	0	1	0	0	0	0	2
HMGB1	201	163	22	112	45	88	38	0	117
HMGB1P1	0	0	0	0	0	1	0	0	2
HMGB1P10	3	0	0	0	0	0	0	0	0
HMGB1P11	0	1	0	0	0	1	0	0	0
HMGB1P13	2	0	0	0	0	1	0	0	0
HMGB1P16	1	0	0	0	0	0	0	0	1
HMGB1P18	0	1	0	0	0	0	0	0	0
HMGB1P19	1	0	0	0	0	0	0	0	0
HMGB1P20	2	1	0	1	0	2	0	0	0
HMGB1P21	4	0	0	0	0	0	0	0	1
HMGB1P24	7	1	0	2	0	0	0	0	4
HMGB1P25	0	2	0	1	1	0	0	0	2
HMGB1P26	1	0	0	0	0	0	0	0	0
HMGB1P31	1	0	1	0	0	0	0	0	0
HMGB1P32	1	1	0	1	0	0	0	0	0
HMGB1P37	0	0	0	0	0	0	0	0	1
HMGB1P39	1	0	0	1	0	0	0	0	0
HMGB1P40	0	1	0	1	0	0	0	0	0
HMGB1P41	0	0	0	0	0	0	0	0	1
HMGB1P49	2	0	0	0	0	1	0	0	0
HMGB1P5	27	7	0	6	10	7	10	0	7
HMGB1P51	0	0	0	0	1	0	0	0	0
HMGB1P6	16	7	2	3	3	2	3	0	9
HMGB1P8	1	0	0	1	0	4	0	0	1
HMGB2	239	179	29	123	65	91	51	0	142
HMGB2P1	2	0	0	0	0	0	0	0	0
HMGB3	89	36	5	36	15	20	10	0	34
HMGB3P10	0	0	0	0	0	1	0	0	0
HMGB3P22	6	6	0	1	8	1	1	0	6
HMGB3P24	0	1	0	0	0	0	0	0	0
HMGB3P30	1	0	0	0	0	0	0	0	0
HMGB3P4	3	2	0	0	2	0	0	0	2
HMGB3P7	1	0	0	0	0	0	0	0	0
HMGB3P9	1	0	1	2	1	1	0	0	0
HMGCL	18	22	5	12	6	13	2	0	22
HMGCLL1	3	6	0	3	0	6	1	0	9
HMGCR	238	222	31	105	67	129	54	1	231
HMGCS1	240	168	39	96	75	127	42	0	160
HMGCS2	1	0	0	0	0	0	0	0	0
HMGN1	144	115	19	60	32	65	21	1	108
HMGN1P1	2	0	0	0	0	1	0	0	0
HMGN1P17	0	1	0	0	0	0	0	0	0
HMGN1P18	0	0	0	1	0	0	0	0	1
HMGN1P24	1	1	0	0	0	1	0	0	3
HMGN1P3	0	0	0	0	0	0	0	0	3
HMGN1P30	0	0	0	1	0	0	0	0	0
HMGN1P35	0	0	0	0	1	0	0	0	0
HMGN1P37	1	0	0	1	0	0	0	0	0
HMGN1P7	1	0	0	0	0	0	0	0	0
HMGN1P8	0	1	0	1	0	0	0	0	1
HMGN2	309	169	35	125	57	85	46	2	112
HMGN2P10	0	0	1	0	0	0	0	0	0
HMGN2P13	1	0	0	0	0	0	0	0	0
HMGN2P17	0	0	0	0	0	1	0	0	0
HMGN2P18	0	0	1	1	0	0	0	0	0
HMGN2P19	1	0	0	0	0	0	0	0	0
HMGN2P20	0	0	0	1	0	0	0	0	0
HMGN2P21	0	0	0	1	0	0	0	0	0
HMGN2P22	1	0	0	0	0	0	0	0	0
HMGN2P25	1	0	0	0	0	0	0	0	0
HMGN2P28	1	0	0	1	0	0	0	0	0
HMGN2P3	1	0	0	1	0	0	0	0	0
HMGN2P30	0	0	0	0	0	0	0	0	1
HMGN2P31	1	0	0	1	0	0	0	0	0
HMGN2P32	0	0	0	0	0	1	0	0	0
HMGN2P36	1	0	0	0	0	0	0	0	0
HMGN2P4	0	1	0	0	0	0	0	0	0
HMGN2P40	0	1	0	1	0	0	0	0	0
HMGN2P46	5	2	0	2	2	0	1	0	1
HMGN2P5	2	3	0	1	0	0	0	0	1
HMGN2P7	1	0	0	1	0	1	0	0	0
HMGN3	142	115	24	56	30	89	29	0	98
HMGN3-AS1	4	0	0	1	2	0	1	0	0
HMGN4	60	36	12	31	17	28	3	1	47
HMGN5	32	26	5	22	8	28	11	1	29
HMGXB3	312	161	38	95	53	122	35	0	138
HMGXB4	179	92	20	61	35	85	19	2	115
HMMR	126	84	9	54	27	65	21	0	90
HMMR-AS1	0	0	0	0	0	1	0	0	0
HMOX1	220	65	13	60	35	50	27	0	85
HMOX2	55	54	7	34	13	27	7	0	46
HMSD	0	0	0	0	0	0	1	0	1
HMX1	4	3	0	0	0	0	0	0	0
HMX2	6	3	1	0	0	0	0	0	3
HMX3	32	20	4	17	7	20	9	1	27
HNF1A	1	1	0	0	0	0	0	0	0
HNF1A-AS1	3	2	0	0	0	0	0	0	1
HNF1B	1	2	0	0	0	0	1	0	1
HNF4A	27	11	3	20	5	30	3	0	13
HNF4A-AS1	0	0	0	1	0	0	0	0	0
HNF4G	21	17	2	7	9	13	8	0	19
HNMT	31	22	6	15	9	24	6	0	24
HNRNPA0	306	153	30	132	46	123	41	1	126
HNRNPA1	799	442	80	325	151	331	103	1	449
HNRNPA1L2	8	2	2	3	3	3	4	0	8
HNRNPA1L3	12	13	2	2	4	6	3	0	7
HNRNPA1P1	0	0	0	0	0	0	1	0	0
HNRNPA1P10	1	3	0	0	0	0	0	0	0
HNRNPA1P11	0	0	0	0	0	0	0	0	1
HNRNPA1P12	1	0	0	0	1	0	0	0	0
HNRNPA1P13	0	0	0	0	0	1	0	0	0
HNRNPA1P14	2	0	0	0	0	0	0	0	0
HNRNPA1P15	1	0	0	0	0	0	0	0	0
HNRNPA1P16	2	2	0	1	1	0	0	0	0
HNRNPA1P18	1	0	0	1	0	0	1	0	0
HNRNPA1P19	3	1	1	0	0	0	0	0	0
HNRNPA1P2	1	0	0	0	0	1	0	0	0
HNRNPA1P20	1	0	0	0	0	0	0	0	0
HNRNPA1P21	1	0	0	2	1	0	1	0	0
HNRNPA1P22	1	0	0	0	0	0	0	0	1
HNRNPA1P24	1	0	0	1	0	0	0	0	0
HNRNPA1P25	1	1	0	0	0	0	0	0	0
HNRNPA1P26	0	0	0	0	1	0	0	0	0
HNRNPA1P27	2	1	0	1	0	1	0	0	0
HNRNPA1P28	2	0	0	0	0	0	1	0	0
HNRNPA1P30	1	0	1	0	0	0	0	0	1
HNRNPA1P32	2	1	0	0	0	0	0	0	0
HNRNPA1P34	0	1	0	1	0	0	0	0	0
HNRNPA1P35	1	0	0	0	1	1	0	0	0
HNRNPA1P36	2	0	0	0	0	0	0	0	0
HNRNPA1P37	4	1	0	0	0	0	0	0	0
HNRNPA1P4	0	0	0	0	0	1	0	0	0
HNRNPA1P40	2	0	0	0	0	0	0	0	0
HNRNPA1P41	3	1	0	1	1	0	0	0	0
HNRNPA1P42	0	0	0	1	0	1	0	0	0
HNRNPA1P43	1	0	0	0	0	0	0	0	1
HNRNPA1P44	1	0	0	1	0	0	0	0	0
HNRNPA1P45	1	0	0	0	0	0	1	0	0
HNRNPA1P46	2	0	0	0	0	0	0	0	0
HNRNPA1P47	0	0	0	0	0	1	0	0	0
HNRNPA1P49	1	1	0	0	0	0	0	0	0
HNRNPA1P5	0	1	0	1	0	0	0	0	0
HNRNPA1P50	1	0	0	0	0	1	0	0	0
HNRNPA1P51	1	0	0	0	0	0	0	0	0
HNRNPA1P52	8	4	0	1	0	1	2	0	1
HNRNPA1P53	1	0	0	0	0	0	0	0	0
HNRNPA1P54	0	0	0	1	1	1	0	0	0
HNRNPA1P55	3	1	0	0	0	0	1	0	0
HNRNPA1P56	0	1	0	0	0	0	0	0	0
HNRNPA1P57	0	1	0	0	0	0	0	0	0
HNRNPA1P58	0	0	0	1	0	0	0	0	0
HNRNPA1P59	5	2	0	0	0	1	0	0	1
HNRNPA1P60	0	0	0	0	0	0	1	0	0
HNRNPA1P61	0	0	0	2	0	0	0	0	0
HNRNPA1P62	1	0	0	1	0	0	0	0	0
HNRNPA1P64	0	1	0	0	0	0	0	0	0
HNRNPA1P66	1	0	0	0	0	0	0	0	0
HNRNPA1P67	4	0	0	0	0	0	0	0	0
HNRNPA1P68	1	0	0	0	0	0	0	0	0
HNRNPA1P7	3	0	0	1	0	0	0	0	0
HNRNPA1P71	1	0	0	0	0	0	0	0	0
HNRNPA1P72	0	0	0	0	0	1	0	0	0
HNRNPA1P73	0	1	0	0	0	0	0	0	0
HNRNPA1P74	0	1	0	0	0	0	0	0	0
HNRNPA1P76	0	0	0	0	0	0	1	0	0
HNRNPA1P8	2	0	0	0	0	0	0	0	1
HNRNPA1P9	1	0	0	0	0	0	0	0	0
HNRNPA2B1	2301	1434	286	932	558	1065	305	1	1287
HNRNPA3	391	257	61	183	100	231	68	0	265
HNRNPA3P1	0	1	0	0	1	0	0	0	0
HNRNPA3P10	0	0	0	0	0	0	0	0	1
HNRNPA3P11	0	0	0	0	0	0	0	0	1
HNRNPA3P12	1	1	0	0	0	1	0	0	1
HNRNPA3P13	1	0	0	0	0	2	0	0	0
HNRNPA3P14	0	0	0	2	1	0	0	0	0
HNRNPA3P16	0	1	0	0	0	0	0	0	0
HNRNPA3P2	0	1	0	0	0	1	0	0	0
HNRNPA3P5	0	2	0	0	0	0	0	0	0
HNRNPA3P6	5	1	0	0	0	0	0	0	1
HNRNPA3P7	3	1	0	0	0	0	0	0	0
HNRNPA3P8	0	1	0	1	1	0	0	0	0
HNRNPAB	539	286	54	223	103	165	75	5	209
HNRNPC	1220	883	166	609	331	799	175	5	1147
HNRNPCL1	1	0	0	0	0	0	0	0	0
HNRNPCP1	4	1	0	0	2	4	0	0	0
HNRNPCP10	2	0	0	0	0	0	0	0	0
HNRNPCP2	3	1	0	0	0	0	0	0	2
HNRNPCP3	0	3	1	0	1	0	0	0	0
HNRNPCP4	2	1	0	0	0	0	0	0	0
HNRNPCP6	2	1	0	0	0	2	0	0	0
HNRNPCP7	1	0	0	0	0	0	0	0	0
HNRNPCP8	1	0	0	0	0	2	0	0	0
HNRNPD	859	467	113	340	191	372	128	1	499
HNRNPD-DT	12	13	2	3	3	6	1	0	4
HNRNPDL	683	384	78	244	130	232	86	1	277
HNRNPDLP1	1	0	0	0	0	0	0	0	0
HNRNPDLP2	1	0	0	0	0	0	0	0	1
HNRNPDP1	0	0	1	0	0	0	0	0	0
HNRNPF	587	333	76	228	107	260	85	1	305
HNRNPFP1	0	0	0	2	0	0	0	0	1
HNRNPH1	1486	896	177	553	327	678	194	0	884
HNRNPH1P1	1	1	1	1	1	3	2	0	3
HNRNPH1P2	0	1	0	1	0	0	0	0	0
HNRNPH2	124	73	11	46	22	60	15	0	68
HNRNPH3	448	225	46	159	77	174	71	1	236
HNRNPH3P1	0	0	0	1	0	0	0	0	0
HNRNPK	1070	645	108	425	232	372	167	1	515
HNRNPKP1	3	1	0	2	0	0	1	0	1
HNRNPKP2	5	1	0	1	0	0	0	0	1
HNRNPKP3	2	2	0	1	2	1	2	0	0
HNRNPKP4	1	3	0	1	0	2	0	0	4
HNRNPL	493	321	68	234	117	183	95	1	239
HNRNPLL	127	82	28	36	29	75	19	0	130
HNRNPLP1	1	0	0	0	0	0	0	0	0
HNRNPLP2	5	4	0	0	0	0	1	0	1
HNRNPM	613	372	68	232	125	222	89	0	266
HNRNPR	800	445	88	344	194	368	125	1	445
HNRNPRP1	4	0	0	0	1	0	0	0	1
HNRNPU	2716	1361	231	853	475	845	319	3	1038
HNRNPUL1	691	467	98	291	188	308	119	3	437
HNRNPUL2	107	85	5	48	36	43	23	0	66
HNRNPUL2-BSCL2	387	261	65	150	93	137	64	2	203
HNRNPUP1	1	1	0	1	1	0	0	0	0
HOATZ	0	0	0	0	0	1	0	0	0
HOGA1	0	1	0	0	0	1	0	0	0
HOMER1	232	208	30	102	77	188	59	2	463
HOMER2	61	25	4	10	8	15	10	0	14
HOMER3	22	10	0	11	1	8	2	0	7
HOMER3-AS1	4	2	1	1	0	0	0	0	0
HOMEZ	19	16	3	10	5	15	2	0	11
HOOK1	34	27	3	3	4	13	7	0	23
HOOK2	62	45	9	24	13	24	16	0	29
HOOK3	243	161	30	88	54	139	35	1	172
HORMAD1	35	16	2	16	13	16	5	0	24
HORMAD2	4	2	0	2	0	0	1	0	3
HORMAD2-AS1	3	1	0	2	2	0	0	0	0
HOTAIR	11	18	3	4	5	8	2	0	11
HOTAIRM1	6	1	0	1	1	1	3	0	0
HOTTIP	2	0	0	0	0	0	0	0	0
HOXA-AS2	3	0	0	1	0	0	0	0	1
HOXA-AS3	1	1	0	0	0	1	0	0	0
HOXA10	5	3	0	3	1	1	2	0	1
HOXA10-AS	2	0	0	0	0	0	1	0	0
HOXA11	5	2	0	1	2	2	0	0	2
HOXA11-AS	13	4	0	1	1	1	2	0	1
HOXA13	2	1	0	1	1	1	0	0	0
HOXA2	0	0	0	0	0	1	0	0	0
HOXA3	2	2	0	4	1	0	0	1	3
HOXA5	1	0	0	0	0	1	0	0	0
HOXA6	1	0	0	0	0	0	0	0	0
HOXA7	0	1	0	0	0	0	1	0	2
HOXA9	1	0	0	1	0	0	0	0	1
HOXB-AS1	8	2	1	1	1	2	0	0	2
HOXB-AS3	13	18	3	8	2	3	3	0	5
HOXB-AS4	1	0	0	0	0	1	0	0	1
HOXB13	2	1	0	2	2	0	0	0	0
HOXB2	4	2	3	1	0	2	0	0	5
HOXB3	30	30	5	10	7	12	6	0	23
HOXB4	6	6	1	3	3	0	0	0	2
HOXB5	6	2	0	0	0	1	1	0	2
HOXB6	32	35	2	22	7	11	11	0	18
HOXB7	35	15	3	14	10	18	6	0	11
HOXB8	2	1	0	1	0	0	0	0	0
HOXB9	8	6	3	4	2	3	6	0	4
HOXC-AS2	3	1	0	0	1	1	1	0	1
HOXC-AS3	5	4	1	1	1	2	1	0	1
HOXC10	52	32	5	35	9	20	9	0	32
HOXC11	13	9	4	9	2	4	2	0	6
HOXC12	1	0	0	0	0	0	0	0	0
HOXC13	21	7	1	8	0	4	2	0	3
HOXC13-AS	5	0	1	2	1	1	0	0	0
HOXC4	42	38	10	21	7	21	19	0	34
HOXC5	3	3	1	2	0	2	2	0	1
HOXC6	22	11	1	15	3	11	4	0	9
HOXC8	6	7	2	2	1	3	1	0	7
HOXC9	14	15	1	5	3	4	7	0	2
HOXD-AS2	6	6	1	3	1	6	2	0	2
HOXD1	0	1	1	0	1	0	1	0	0
HOXD10	8	9	2	3	3	7	1	0	7
HOXD11	7	4	1	1	1	2	0	0	1
HOXD12	1	0	0	0	0	0	0	0	0
HOXD13	1	0	0	0	0	0	0	0	0
HOXD3	27	27	2	14	6	11	4	0	16
HOXD4	4	1	1	1	0	3	1	0	1
HOXD8	18	14	1	8	6	9	4	0	11
HOXD9	24	10	1	10	5	4	2	0	11
HP1BP3	605	454	98	293	173	351	132	1	553
HPAT5	0	0	0	0	0	0	0	0	2
HPCA	1	1	0	0	1	0	0	0	1
HPCAL1	838	488	81	253	185	256	133	2	316
HPCAL4	1	1	0	0	0	0	0	0	0
HPD	96	110	33	66	33	67	35	0	98
HPDL	32	27	3	13	4	8	7	0	13
HPF1	45	33	7	18	12	15	6	0	25
HPGD	5	1	0	1	1	4	1	0	2
HPGDS	0	1	0	0	3	1	0	0	1
HPN	1	1	0	0	0	0	0	0	2
HPN-AS1	4	3	0	2	0	0	0	0	1
HPR	1	0	0	0	0	0	0	0	0
HPRT1	175	133	22	100	47	99	39	0	133
HPS1	69	46	14	28	16	42	17	0	38
HPS1-AS1	2	4	0	1	0	3	0	0	0
HPS3	68	53	15	36	22	44	15	0	59
HPS4	74	42	2	25	12	28	6	0	28
HPS5	87	47	9	27	17	39	15	0	58
HPS6	25	9	2	8	4	6	1	0	12
HPSE	21	17	3	14	6	13	6	0	14
HPSE2	2984	2743	586	1453	1020	2440	663	7	3088
HPX	319	0	0	0	0	2	1	0	1
HPYR1	0	0	0	0	0	0	0	0	1
HR	88	66	21	48	29	39	49	0	99
HRAS	28	12	1	9	6	3	3	0	11
HRAT17	1	0	0	0	0	0	0	0	1
HRC	1	1	0	0	0	0	0	0	0
HRCT1	4	1	0	1	0	3	0	0	3
HRG	0	0	1	0	0	1	1	0	0
HRG-AS1	7	3	0	2	1	5	1	0	3
HRH1	344	154	25	101	60	94	19	0	76
HRH2	6	1	0	0	1	0	0	0	0
HRH3	1	0	0	1	0	0	0	0	0
HRH4	1	4	0	0	0	0	0	0	0
HRK	26	5	2	1	2	2	1	0	0
HROB	46	30	8	19	13	20	14	0	27
HRURF	3	5	1	2	1	3	2	0	3
HS1BP3	35	19	4	9	7	8	13	0	12
HS1BP3-IT1	0	0	0	1	0	0	0	0	1
HS2ST1	474	318	62	168	126	276	72	0	311
HS3ST1	9	0	1	2	1	0	1	0	2
HS3ST2	21	4	2	2	1	1	1	0	5
HS3ST3A1	6	7	0	1	1	1	0	0	6
HS3ST3B1	27	28	4	6	11	13	6	0	19
HS3ST4	21	16	1	4	2	7	3	0	1
HS3ST5	16	21	4	12	6	12	3	0	20
HS3ST6	2	2	0	0	0	0	0	0	0
HS6ST1	49	64	8	15	19	22	24	1	55
HS6ST1P1	0	1	0	0	0	0	0	0	0
HS6ST2	1386	708	134	452	276	543	165	6	568
HS6ST3	8684	5661	1026	3655	2130	4485	1756	16	5654
HSBP1	104	63	7	52	22	50	9	0	48
HSBP1L1	26	21	1	11	4	10	4	0	15
HSCB	49	22	5	27	14	19	6	0	18
HSD11B1	1	2	0	0	0	2	0	0	0
HSD11B1-AS1	3	5	0	4	0	0	0	0	0
HSD11B1L	6	2	1	1	3	2	0	0	3
HSD11B2	11	2	0	0	3	2	1	0	2
HSD17B1	0	0	0	0	0	1	1	0	1
HSD17B1-AS1	19	7	6	5	3	5	4	0	4
HSD17B10	58	32	2	31	13	23	12	0	28
HSD17B11	66	42	9	24	11	42	10	0	40
HSD17B12	369	230	44	119	84	184	56	1	188
HSD17B13	1	1	0	0	1	0	0	0	1
HSD17B14	1	0	0	1	1	2	0	0	4
HSD17B1P1	1	0	0	0	0	0	0	0	0
HSD17B2	0	1	2	1	0	0	1	0	3
HSD17B2-AS1	12	10	1	4	6	2	2	0	9
HSD17B4	212	130	18	88	42	95	37	0	132
HSD17B6	5	5	0	2	2	5	0	0	4
HSD17B7	16	11	1	6	0	9	4	0	14
HSD17B7P2	4	3	1	1	3	2	1	0	3
HSD17B8	9	3	0	1	0	1	1	0	5
HSD3B7	17	6	3	7	2	3	1	0	11
HSD3BP3	2	0	0	0	0	0	0	0	0
HSDL1	36	31	4	31	12	20	10	0	30
HSDL2	239	178	28	95	60	109	33	0	168
HSDL2-AS1	16	12	2	5	3	11	1	0	16
HSF1	340	190	34	121	61	95	56	0	139
HSF2	39	40	3	19	7	23	4	0	33
HSF2BP	48	37	1	22	11	15	7	0	39
HSF4	16	20	4	4	3	11	8	0	15
HSF5	6	2	0	1	1	2	0	0	2
HSFY4P	0	0	0	1	0	0	0	0	0
HSH2D	2	0	1	1	1	1	1	0	1
HSP90AA1	2421	1344	201	973	543	712	286	3	914
HSP90AA2P	25	9	2	10	8	7	1	0	11
HSP90AA3P	1	1	0	2	0	0	0	0	1
HSP90AA4P	5	1	1	2	1	3	1	0	1
HSP90AA5P	1	0	0	1	0	2	0	0	0
HSP90AA6P	6	2	1	0	1	1	1	0	0
HSP90AB1	2391	1194	187	824	459	647	261	5	786
HSP90AB2P	7	1	1	2	2	4	1	0	0
HSP90AB3P	17	7	0	2	4	1	1	0	1
HSP90AB4P	5	3	0	0	0	2	0	0	2
HSP90AB6P	4	0	0	2	0	1	0	0	0
HSP90B1	2650	1026	148	667	371	580	304	1	697
HSP90B2P	5	2	0	0	0	0	0	0	1
HSP90B3P	4	1	0	0	0	2	0	0	0
HSPA12A	69	67	15	27	24	37	12	0	36
HSPA12B	4	0	0	0	1	0	1	0	0
HSPA13	154	86	10	43	34	53	15	0	55
HSPA14	88	67	11	40	34	56	17	0	68
HSPA1A	359	129	14	135	36	79	30	1	53
HSPA1B	357	128	17	129	46	67	19	0	58
HSPA1L	5	7	1	4	1	2	2	0	5
HSPA2	7	5	2	2	0	3	1	0	2
HSPA2-AS1	6	3	0	2	0	0	0	0	2
HSPA4	626	318	65	244	99	252	62	1	275
HSPA4L	192	111	14	77	43	89	20	0	92
HSPA5	2481	1152	165	634	386	553	211	3	549
HSPA5-DT	10	3	0	3	2	2	1	0	3
HSPA5P1	4	4	0	0	1	1	0	0	1
HSPA6	20	3	3	2	2	0	1	0	1
HSPA7	0	1	0	0	0	0	0	0	0
HSPA8	3529	2303	215	1210	617	811	424	2	875
HSPA8P1	2	2	0	0	1	1	0	0	1
HSPA8P11	1	0	0	0	0	0	0	0	0
HSPA8P14	0	0	0	0	0	0	0	0	1
HSPA8P15	6	5	0	4	0	4	2	0	2
HSPA8P16	2	0	1	1	1	1	1	0	2
HSPA8P17	0	1	0	0	0	0	0	0	0
HSPA8P18	2	0	0	0	0	0	1	0	0
HSPA8P20	1	0	0	0	0	0	0	0	0
HSPA8P3	2	0	0	2	0	1	0	0	1
HSPA8P4	1	1	1	4	1	1	0	0	3
HSPA8P5	5	2	0	1	0	0	0	0	1
HSPA8P7	3	2	0	1	0	0	0	0	0
HSPA8P8	5	0	0	3	0	0	2	0	0
HSPA8P9	1	2	0	2	0	1	0	0	0
HSPA9	1629	1216	128	558	298	381	231	4	496
HSPA9P1	5	3	0	5	0	0	0	0	0
HSPB1	359	144	54	144	59	129	88	0	191
HSPB11	64	42	4	31	20	26	11	0	51
HSPB1P1	1	0	0	0	0	0	0	0	0
HSPB1P2	0	2	0	1	0	0	0	0	1
HSPB2-C11orf52	0	1	0	0	0	0	0	0	1
HSPB3	0	0	0	0	0	1	0	0	0
HSPB6	5	1	1	0	1	4	0	0	2
HSPB7	1	0	0	0	1	1	0	0	1
HSPB8	118	46	11	49	16	36	13	0	33
HSPBAP1	104	90	19	45	30	76	23	0	122
HSPBP1	104	68	11	44	13	39	18	0	40
HSPD1	2538	1262	203	815	463	682	298	3	727
HSPD1P1	13	5	1	4	0	4	2	0	3
HSPD1P10	9	5	1	2	4	1	3	0	0
HSPD1P11	13	7	1	3	2	2	1	0	5
HSPD1P12	1	1	0	0	1	2	0	0	2
HSPD1P13	0	1	0	1	0	0	1	0	0
HSPD1P14	1	0	0	1	0	1	0	0	0
HSPD1P15	1	1	0	0	0	1	0	0	0
HSPD1P18	0	0	1	1	0	0	0	0	0
HSPD1P2	0	1	0	1	0	0	0	0	0
HSPD1P4	9	2	0	4	3	3	2	0	1
HSPD1P5	4	1	1	3	3	1	1	1	0
HSPD1P6	2	2	1	1	1	2	2	0	2
HSPD1P7	2	0	0	3	0	1	2	0	0
HSPD1P8	2	2	1	1	0	1	0	0	0
HSPD1P9	4	4	0	1	0	1	1	0	0
HSPE1	202	100	23	94	32	89	18	0	71
HSPE1-MOB4	227	140	19	100	54	113	19	0	129
HSPE1P11	1	0	0	0	0	2	0	0	0
HSPE1P13	1	0	0	1	0	0	0	0	0
HSPE1P18	0	0	0	0	0	0	0	0	1
HSPE1P2	2	1	0	1	0	0	1	0	1
HSPE1P21	0	0	0	0	0	0	0	0	1
HSPE1P25	1	0	0	0	0	0	0	0	0
HSPE1P26	1	0	0	0	0	1	0	0	1
HSPE1P28	0	0	0	0	0	1	0	0	0
HSPE1P3	1	0	1	0	0	1	0	0	1
HSPE1P4	1	0	0	2	0	0	0	0	0
HSPE1P5	0	0	0	0	1	0	0	0	0
HSPE1P7	2	0	0	0	0	1	0	0	0
HSPE1P8	0	1	0	0	0	0	0	0	0
HSPG2	902	533	121	288	168	303	198	2	425
HSPH1	545	237	30	168	98	148	49	1	174
HTATIP2	108	100	19	56	51	62	33	0	117
HTATSF1	120	66	13	52	15	36	21	0	61
HTD2	11	17	3	6	1	5	2	0	4
HTR1A	1	0	0	1	0	0	0	0	1
HTR1B	0	0	0	0	0	0	0	0	1
HTR1D	46	13	3	12	5	10	2	0	4
HTR1E	1	1	0	3	0	1	1	0	0
HTR1F	9	0	0	2	0	1	2	0	5
HTR2A	2	1	0	2	0	0	0	0	0
HTR2A-AS1	1	0	0	0	0	1	0	0	0
HTR2B	0	1	0	0	0	1	0	0	1
HTR2C	25	15	5	14	0	10	3	0	18
HTR3A	1	0	0	0	0	0	1	0	0
HTR3B	2	0	0	2	0	2	0	0	0
HTR3C	0	1	0	0	0	0	0	0	0
HTR3C2P	1	0	0	0	0	0	0	0	0
HTR3E-AS1	0	0	1	0	0	1	0	0	0
HTR4	10	2	0	2	2	2	1	0	2
HTR5A	1	0	0	0	0	0	0	0	0
HTR5BP	1	0	0	0	0	1	0	0	2
HTR6	2	2	0	0	0	1	0	0	0
HTR7	4	5	0	4	0	0	1	0	2
HTR7P1	4	3	0	1	0	3	0	0	2
HTRA1	320	204	47	102	75	124	43	0	126
HTRA2	19	19	6	8	9	8	3	0	12
HTRA3	104	76	13	35	26	32	29	0	55
HTRA4	10	12	2	3	2	6	5	0	9
HTT	332	190	35	119	72	118	52	0	149
HTT-AS	6	2	0	0	2	0	0	0	1
HULC	54	41	7	21	8	17	13	0	36
HUNK	309	306	42	133	117	170	76	0	274
HUS1	75	55	13	41	13	43	10	0	44
HUS1B	0	0	0	0	0	0	0	0	1
HUWE1	1662	1074	261	704	379	870	319	3	1161
HVCN1	2	6	0	0	0	1	5	0	2
HYAL1	37	26	7	12	12	20	10	0	31
HYAL2	43	25	10	25	16	22	11	0	20
HYAL3	23	21	3	12	7	12	9	0	20
HYAL4	3	1	0	0	0	0	0	0	0
HYAL6P	2	0	0	0	1	0	1	0	0
HYCC1	245	143	20	81	42	123	33	1	162
HYCC2	143	91	16	55	37	69	13	0	97
HYDIN	4	5	1	0	0	2	0	0	1
HYDIN2	3	1	0	1	0	2	0	0	0
HYI	37	13	3	6	3	2	1	0	5
HYI-AS1	6	1	1	1	1	0	1	0	4
HYKK	12	15	1	3	3	7	5	0	8
HYLS1	6	0	0	3	0	3	1	0	2
HYMAI	41	26	3	11	9	9	4	0	21
HYOU1	254	139	20	91	63	64	39	0	114
HYPK	117	83	11	66	20	53	19	0	68
IAH1	32	24	4	8	4	14	5	0	16
IAPP	3	0	0	0	0	1	0	0	0
IARS1	1252	859	142	529	307	428	185	2	652
IARS2	188	137	21	99	48	99	38	0	117
IARS2P1	1	0	0	0	0	0	0	0	0
IATPR	2	1	0	2	1	3	0	0	5
IBA57	62	30	13	22	12	23	8	0	36
IBA57-DT	10	7	0	1	1	1	0	0	2
IBTK	150	94	17	60	41	72	27	0	89
ICA1	24	12	3	13	5	11	6	0	17
ICA1L	19	10	3	6	1	3	4	0	22
ICAM1	26	13	1	4	1	5	3	0	2
ICAM2	3	1	1	0	0	1	0	0	3
ICAM3	4	0	1	5	1	2	0	0	4
ICAM4-AS1	6	2	0	2	0	0	2	0	1
ICAM5	36	31	8	13	4	17	13	0	26
ICE1	747	428	73	294	172	359	112	3	459
ICE2	207	162	39	80	47	132	32	0	151
ICE2P2	0	0	0	1	0	0	0	0	0
ICMT	183	123	25	77	36	101	40	0	110
ICMT-DT	1	1	0	0	0	0	1	0	1
ICOS	0	0	0	0	0	1	0	0	0
ID1	204	54	7	53	17	32	9	1	43
ID2	39	18	3	15	5	5	6	0	13
ID2-AS1	2	0	0	6	1	0	2	0	1
ID2B	1	0	0	0	0	0	0	0	0
ID3	196	71	11	77	18	39	34	0	60
ID4	1	0	0	0	0	0	0	0	0
IDE	220	150	35	107	56	118	35	0	168
IDH1	144	117	20	71	40	65	30	0	116
IDH2	14	5	2	3	4	1	4	0	20
IDH2-DT	3	0	1	2	1	0	1	0	1
IDH3A	148	76	14	54	32	42	19	0	77
IDH3B	45	27	1	22	6	15	8	0	11
IDH3B-DT	0	2	0	2	1	0	0	0	1
IDH3G	88	51	10	22	26	31	17	0	29
IDI1	153	124	19	61	42	95	38	1	114
IDI1P1	2	0	0	0	0	0	0	0	0
IDI2	3	0	0	0	0	0	0	0	0
IDI2-AS1	16	27	3	9	9	19	5	0	19
IDNK	11	1	0	4	5	1	1	0	9
IDO1	1	0	0	0	0	1	0	0	0
IDO2	2	0	0	2	0	0	0	0	1
IDS	49	26	5	26	7	19	4	1	18
IDUA	49	29	9	12	11	12	13	0	22
IER2	373	162	37	120	56	87	63	0	142
IER3	257	101	14	70	29	36	14	0	45
IER3-AS1	1	1	0	0	0	0	0	0	0
IER3IP1	36	23	1	14	8	24	5	0	15
IER5	156	39	7	33	11	16	11	0	22
IER5L	193	57	13	57	25	34	10	0	33
IFFO1	9	11	0	0	2	7	0	0	4
IFFO2	67	53	9	14	15	19	19	0	34
IFI16	87	37	6	28	6	22	10	0	23
IFI27	7	2	0	4	0	2	0	0	2
IFI27L1	27	22	4	10	5	15	11	0	15
IFI27L2	6	4	0	1	0	1	3	0	4
IFI30	42	28	5	13	12	11	7	0	24
IFI35	11	7	2	5	3	3	1	0	4
IFI44	129	80	17	62	34	73	3	0	15
IFI44L	76	47	9	33	14	24	14	0	50
IFI6	57	36	6	10	4	8	6	0	8
IFIH1	18	6	1	7	6	4	3	0	3
IFIT1	26	20	6	22	6	7	2	0	5
IFIT1B	0	0	0	0	0	0	0	0	1
IFIT1P1	2	0	0	0	1	0	0	0	0
IFIT2	75	30	1	25	9	8	4	0	7
IFIT3	39	13	1	14	4	4	1	0	2
IFIT5	31	16	0	14	7	7	2	0	15
IFITM1	5	6	0	2	4	5	2	0	4
IFITM10	0	1	0	0	0	0	0	0	0
IFITM2	43	18	6	17	7	16	8	0	14
IFITM3	140	87	12	64	25	51	22	0	64
IFITM3P1	0	0	0	1	0	0	0	0	0
IFITM3P3	0	0	0	1	0	0	1	0	1
IFITM3P8	0	1	0	0	0	0	0	0	0
IFITM5	1	0	0	0	0	0	1	0	0
IFNAR1	97	51	14	40	26	55	19	1	55
IFNAR2	10	7	2	4	2	7	4	0	9
IFNE	12	12	3	4	11	11	0	0	16
IFNG-AS1	8	4	2	5	1	2	2	0	3
IFNGR1	69	40	6	22	15	32	13	0	31
IFNGR2	68	34	5	28	15	27	15	0	25
IFNL1	1	0	0	0	0	0	0	0	0
IFNL3P1	0	0	0	0	0	0	1	0	0
IFNL4	0	1	0	1	0	0	0	0	0
IFNL4P1	1	0	0	0	0	0	0	0	0
IFNLR1	9	15	0	4	4	7	4	0	10
IFRD1	574	332	68	210	146	271	77	0	277
IFRD2	160	83	15	58	22	38	20	0	54
IFT122	128	96	20	46	30	62	27	0	84
IFT140	131	138	27	54	30	65	25	0	119
IFT172	84	78	15	27	18	34	29	0	41
IFT20	16	16	2	19	4	10	9	0	18
IFT22	11	9	3	5	0	3	0	0	10
IFT27	9	10	3	6	5	1	3	0	8
IFT43	96	78	16	31	23	49	22	0	68
IFT46	19	14	0	6	5	6	2	0	8
IFT52	30	24	1	11	10	11	4	0	22
IFT57	44	15	3	19	11	14	10	0	20
IFT74	41	43	14	19	14	27	9	0	43
IFT80	15	16	3	8	5	16	6	0	17
IFT81	83	117	30	49	34	73	32	0	167
IFT88	76	47	7	33	10	44	18	0	57
IFTAP	31	23	3	11	5	9	3	0	23
IGBP1	97	49	9	35	21	35	7	0	62
IGDCC3	17	4	0	3	2	6	2	0	3
IGDCC4	5	1	0	2	2	0	0	0	3
IGF1	15	14	4	4	2	11	2	0	11
IGF1R	3635	2463	474	1417	918	1658	680	7	1880
IGF2	1	0	1	0	1	0	0	0	1
IGF2-AS	0	0	0	1	0	0	1	0	0
IGF2BP1	441	212	46	145	67	129	60	0	146
IGF2BP2	12	3	0	2	1	5	1	0	2
IGF2BP2-AS1	0	1	0	0	0	0	0	0	0
IGF2BP3	2173	998	223	801	374	803	243	3	792
IGF2R	729	406	84	275	139	283	128	2	357
IGFALS	0	0	0	0	0	0	0	0	1
IGFBP1	1	1	0	0	0	1	0	0	0
IGFBP2	6	6	0	1	0	1	0	0	3
IGFBP3	78	46	7	31	14	30	13	0	39
IGFBP4	474	272	66	204	116	170	65	0	211
IGFBP5	17	14	3	2	2	7	7	0	21
IGFBP6	14	7	3	4	3	6	0	0	10
IGFBP7	1001	596	119	395	186	427	161	3	474
IGFBP7-AS1	14	1	0	1	0	3	2	0	3
IGFBPL1	1	0	0	1	1	0	0	0	0
IGFL2-AS1	174	37	2	38	15	24	6	0	16
IGFL4	1	1	0	1	0	2	0	0	0
IGFLR1	1	2	1	1	1	1	1	0	2
IGFN1	677	221	26	148	68	100	83	2	151
IGHA2	1	0	0	0	0	0	0	0	0
IGHD	2	0	0	0	0	0	0	0	0
IGHEP2	2	0	0	1	0	2	1	0	0
IGHG2	0	0	0	1	0	0	0	0	0
IGHM	2	0	0	0	0	1	0	0	0
IGHMBP2	109	79	11	54	20	38	14	0	48
IGHV1-24	0	1	0	0	0	0	0	0	0
IGHV3-22	1	0	0	0	0	0	0	0	0
IGHV3-73	3	0	0	0	0	0	0	0	0
IGHV6-1	2	0	0	1	0	0	0	0	0
IGHV7-56	1	0	0	0	0	0	0	0	0
IGIP	3	5	1	1	2	9	1	0	4
IGKC	0	0	0	0	0	0	0	0	1
IGKV1D-27	0	1	0	0	0	0	0	0	0
IGKV1OR2-108	1	0	0	0	0	0	0	0	0
IGLL1	1	0	0	0	0	1	0	0	0
IGLON5	2	0	0	0	0	0	0	0	3
IGLV1-50	0	1	0	0	1	0	0	0	0
IGLV1-51	1	1	0	0	0	0	0	0	0
IGLV5-52	4	1	0	3	0	0	0	0	0
IGSF1	253	202	36	111	73	163	51	0	223
IGSF10	363	328	57	162	107	231	174	0	365
IGSF11	22	10	1	9	2	3	4	0	3
IGSF11-AS1	1	0	0	0	0	0	0	0	0
IGSF21	12	5	1	3	2	2	1	0	4
IGSF21-AS1	0	0	0	1	0	1	0	0	0
IGSF22	2	0	0	0	0	0	0	0	0
IGSF22-AS1	3	3	0	0	1	0	0	0	1
IGSF23	0	0	0	0	0	0	0	0	1
IGSF3	90	88	16	43	34	50	23	0	57
IGSF3P2	1	0	0	0	0	1	0	0	0
IGSF5	1	0	0	0	0	0	0	0	0
IGSF6	0	0	0	0	0	0	1	0	0
IGSF8	25	15	3	8	0	6	6	0	7
IGSF9	7	7	2	1	3	2	0	0	6
IGSF9B	9	3	0	1	1	0	2	0	0
IHH	3	1	0	1	0	0	1	0	0
IHO1	2	2	0	1	0	0	0	0	1
IK	202	105	17	84	36	54	29	1	114
IKBIP	151	114	21	54	34	61	21	0	79
IKBKB	203	128	35	64	46	104	44	0	106
IKBKB-DT	4	0	0	1	1	0	0	0	1
IKBKE	24	12	2	8	5	12	0	0	6
IKBKG	77	37	6	24	9	16	13	0	21
IKBKGP1	1	0	0	0	0	1	0	0	0
IKZF1	4	4	0	0	1	0	0	0	0
IKZF2	97	51	9	34	16	47	12	0	52
IKZF3	2	2	1	2	0	1	1	0	1
IKZF4	26	21	3	10	3	14	3	0	13
IKZF5	91	44	13	22	17	37	6	0	70
IL10RA	2	0	0	0	0	0	0	0	0
IL10RB	4	5	0	1	2	1	0	0	6
IL10RB-DT	1	0	0	0	0	0	1	0	0
IL11	225	81	13	58	29	39	5	0	15
IL11RA	9	11	2	4	2	6	2	0	4
IL12A	4	0	0	0	0	1	2	0	1
IL12A-AS1	13	9	0	1	2	1	2	0	8
IL12B	2	2	0	0	0	0	0	0	0
IL12RB1	1	0	0	0	0	1	0	0	0
IL12RB2	5	4	0	1	0	0	0	0	2
IL13RA1	129	77	18	52	37	57	12	1	62
IL13RA2	1	0	0	0	0	1	0	0	1
IL15	517	414	94	245	148	392	112	2	397
IL15RA	28	8	1	5	7	6	1	0	7
IL16	9	6	0	9	2	3	0	0	4
IL17A	1	0	0	0	0	0	0	0	0
IL17B	3	0	1	1	0	2	0	0	0
IL17D	3	0	0	1	0	1	1	0	1
IL17RA	46	41	4	15	12	18	11	0	20
IL17RB	14	7	1	2	1	6	3	0	6
IL17RC	12	7	0	3	3	5	2	0	5
IL17RD	5	2	0	4	1	3	1	0	3
IL17RE	1	2	0	1	0	1	0	0	1
IL17REL	10	8	1	3	0	1	0	0	0
IL18	56	7	0	18	2	9	4	0	15
IL18BP	75	39	5	16	13	20	4	1	18
IL18R1	13	4	0	2	1	3	2	0	5
IL18RAP	1	1	0	0	0	0	0	0	0
IL19	4	0	0	1	1	1	0	0	2
IL1A	4	0	1	3	0	1	0	0	1
IL1B	3	1	0	1	0	0	0	0	0
IL1F10	0	1	0	0	0	0	0	0	0
IL1R1	116	111	26	35	29	88	21	2	56
IL1R2	6	0	0	1	0	1	0	0	1
IL1RAP	142	72	16	52	27	61	15	0	56
IL1RAPL1	76	44	9	30	21	27	17	0	44
IL1RAPL2	75	43	11	24	8	28	12	0	31
IL1RL1	2	1	0	0	0	1	0	0	0
IL1RL2	36	32	7	21	12	23	11	0	27
IL1RN	1	1	0	2	1	0	0	0	0
IL20RA	6	0	2	4	1	5	0	0	1
IL20RB	146	102	17	49	34	69	27	0	69
IL20RB-AS1	1	0	0	0	0	2	0	0	0
IL21	0	1	0	0	0	0	0	0	0
IL21-AS1	2	0	0	1	0	0	0	0	0
IL21R	2	0	0	1	0	0	0	0	2
IL21R-AS1	5	2	0	0	1	1	0	0	0
IL22	0	0	0	1	0	0	1	0	0
IL22RA1	6	3	1	0	0	5	1	0	5
IL22RA2	1	2	0	0	0	1	1	0	0
IL23A	4	3	0	2	2	0	0	0	1
IL23R	7	5	0	3	0	1	0	0	1
IL24	6	3	0	0	0	1	0	0	0
IL25	1	0	0	0	0	0	0	0	0
IL26	1	0	0	0	0	1	0	0	0
IL27	2	1	1	0	0	3	0	0	0
IL27RA	14	5	1	3	3	4	3	0	8
IL2RA	10	1	1	3	3	7	3	0	5
IL2RB	3	3	0	1	2	1	3	0	4
IL2RG	1	0	0	0	0	0	0	0	0
IL31RA	2	0	0	0	1	0	1	0	1
IL32	27	7	3	14	5	4	0	1	7
IL33	8	0	0	3	1	2	0	0	0
IL34	2	1	0	3	2	0	0	0	1
IL36A	0	0	0	0	0	1	0	0	0
IL36B	0	0	0	3	1	0	0	0	0
IL36G	1	0	0	0	0	0	0	0	0
IL37	1	1	1	0	0	1	0	0	0
IL3RA	1	1	0	0	1	0	1	0	0
IL4I1	11	7	0	5	4	9	4	0	6
IL4R	32	30	7	15	13	13	2	1	13
IL5	1	0	0	0	1	0	0	0	0
IL5RA	3	2	0	0	1	1	0	0	2
IL6	87	31	3	20	4	11	1	0	4
IL6-AS1	1	2	0	0	0	0	0	0	0
IL6R	35	39	3	22	13	20	17	0	19
IL6R-AS1	4	2	0	2	1	0	1	0	0
IL6ST	502	297	58	223	85	254	55	0	301
IL6ST-DT	3	0	0	1	1	1	0	0	0
IL6STP1	4	0	0	0	0	1	0	0	0
IL7	2	8	0	7	2	2	3	0	4
IL7R	160	41	5	40	10	27	6	0	18
IL9R	0	0	0	0	0	0	1	0	0
IL9RP1	1	1	0	0	1	0	0	0	0
IL9RP2	1	0	0	0	0	0	0	0	1
IL9RP3	6	1	0	2	1	1	1	0	5
IL9RP4	1	0	0	0	0	0	0	0	0
ILDR1	3	1	0	0	0	0	0	0	1
ILDR2	5	3	2	0	1	2	0	0	0
ILF2	252	175	28	88	59	91	34	0	100
ILF2P1	0	0	0	0	0	0	0	0	1
ILF2P2	0	1	0	0	0	0	0	0	0
ILF3	883	479	129	332	164	323	138	0	398
ILF3-DT	15	5	0	4	6	5	3	0	7
ILK	116	52	17	35	22	41	17	1	49
ILKAP	126	81	14	50	22	39	14	0	70
ILRUN	204	122	24	67	30	94	51	1	129
ILRUN-AS1	0	2	0	0	0	0	0	0	1
ILVBL	53	41	5	26	11	20	13	0	27
ILVBL-AS1	0	0	1	0	0	0	0	0	0
IMMP1L	185	120	28	74	42	103	22	0	127
IMMP2L	5144	3671	784	2124	1364	3490	868	17	4215
IMMT	264	193	39	107	58	154	61	0	178
IMMTP1	0	1	0	0	0	0	0	0	0
IMP3	76	39	6	25	11	20	10	0	20
IMP4	65	32	10	36	17	31	5	1	21
IMPA1	93	70	8	51	30	47	12	1	59
IMPA1P1	0	0	0	0	0	0	0	0	1
IMPA2	115	124	20	73	26	91	27	0	104
IMPACT	62	32	2	30	10	26	7	0	39
IMPDH1	124	59	15	34	23	34	14	0	33
IMPDH1P10	0	0	1	0	1	0	0	0	0
IMPDH1P2	2	1	0	1	1	0	1	0	3
IMPDH1P5	5	1	0	1	2	3	0	0	2
IMPDH1P6	1	0	0	0	0	0	0	0	0
IMPDH1P8	2	1	0	0	3	1	0	0	1
IMPDH1P9	0	0	0	0	0	1	0	0	0
IMPDH2	17	9	3	14	11	11	1	0	9
IMPG1	11	4	0	3	1	2	1	0	4
IMPG2	12	7	2	1	3	5	3	0	15
INA	19	10	2	6	3	7	0	0	6
INAFM1	9	5	2	4	0	2	2	0	3
INAFM2	17	5	0	9	2	3	3	0	10
INAVA	1	2	1	0	0	0	1	0	2
INCA1	1	1	0	2	0	1	1	0	2
INCENP	271	190	35	128	70	116	55	1	139
INE1	4	2	0	1	2	4	1	0	5
INF2	402	211	49	131	79	109	55	0	157
ING1	76	51	5	31	10	21	6	0	34
ING2	26	13	1	4	5	13	4	0	12
ING2-DT	12	9	0	6	1	7	4	0	12
ING3	104	86	14	34	27	65	15	0	84
ING4	22	12	3	8	7	15	6	0	23
ING5	175	157	25	57	43	81	40	0	110
INGX	0	0	0	0	0	0	0	0	1
INHA	17	1	0	6	1	3	1	0	5
INHBA	6	3	0	2	1	3	0	0	0
INHBA-AS1	5	1	0	1	0	1	0	0	2
INHBB	4	0	0	1	1	0	1	0	1
INHBC	0	1	0	1	0	2	0	0	0
INHBE	1	2	0	2	1	1	1	0	2
INIP	83	67	14	42	22	53	15	0	75
INKA1	1	0	0	0	0	0	0	0	0
INKA2	7	9	0	4	1	2	2	0	5
INKA2-AS1	3	2	0	1	0	0	1	0	0
INMT	0	2	0	1	0	0	0	0	0
INMT-MINDY4	89	85	14	31	28	46	23	0	54
INO80	585	353	84	223	143	295	89	0	389
INO80-AS1	1	0	0	0	0	1	0	0	0
INO80B	2	1	0	1	0	2	0	0	1
INO80B-WBP1	36	17	1	15	4	12	5	0	9
INO80C	13	5	2	7	3	2	2	0	6
INO80D	215	143	29	104	62	133	28	0	145
INO80D-AS2	9	4	0	4	3	3	1	0	3
INO80E	111	89	17	46	28	42	23	1	71
INPP1	75	54	8	34	19	30	13	0	33
INPP4A	240	175	30	78	62	109	39	0	130
INPP4B	878	571	112	301	226	475	55	0	367
INPP5A	478	329	55	188	108	151	91	0	218
INPP5B	151	101	24	78	37	79	35	0	85
INPP5D	14	4	2	9	3	6	2	0	4
INPP5E	62	19	1	14	14	22	3	0	14
INPP5F	35	35	5	22	14	26	7	0	33
INPP5J	10	3	1	3	1	6	2	0	9
INPP5K	46	25	6	16	10	20	8	0	30
INPPL1	422	145	36	145	64	100	77	0	141
INS-IGF2	1	0	0	1	0	0	1	0	0
INSC	2	0	0	1	0	0	1	0	2
INSIG1	160	122	25	62	42	121	35	0	136
INSIG1-DT	2	6	0	2	3	1	0	0	2
INSIG2	39	38	6	15	11	28	11	0	40
INSL3	0	0	0	0	0	0	0	0	1
INSL4	8	10	0	1	0	3	0	0	4
INSL6	1	0	0	1	1	0	0	0	0
INSM1	3	0	0	2	0	0	0	0	1
INSM2	3	0	0	1	0	0	0	0	0
INSR	23	22	1	14	7	10	5	0	12
INSRR	6	3	1	1	0	0	1	0	2
INSYN1	1	0	0	4	1	1	2	0	1
INSYN1-AS1	1	0	0	0	0	1	0	0	0
INSYN2A	12	1	1	3	1	2	0	0	1
INSYN2B	115	22	4	27	9	18	9	0	16
INTS1	497	276	58	160	99	163	88	0	207
INTS10	280	153	36	129	48	118	43	0	132
INTS11	152	92	15	67	21	44	27	0	71
INTS12	53	23	3	23	9	24	10	0	32
INTS13	184	130	30	72	47	102	28	0	120
INTS14	98	65	11	46	22	28	16	0	58
INTS15	41	22	1	15	9	14	1	0	19
INTS2	90	60	12	35	19	42	5	0	53
INTS3	259	154	35	122	54	97	40	0	152
INTS4	129	94	21	59	31	84	24	0	100
INTS4P1	1	3	0	3	0	2	1	0	4
INTS4P2	1	0	0	0	0	0	0	0	0
INTS5	42	16	6	16	5	14	6	0	17
INTS6	397	297	65	164	96	244	58	2	319
INTS6-AS1	11	8	2	3	2	7	2	0	6
INTS6L	29	12	0	11	6	15	9	0	22
INTS6P1	1	0	0	0	0	0	0	0	0
INTS7	389	283	49	150	96	258	69	3	403
INTS8	100	96	13	43	36	73	19	1	126
INTS9	113	75	8	65	28	47	22	0	72
INTS9-AS1	0	1	0	0	0	0	0	0	0
INTU	64	39	13	26	12	33	7	1	36
INVS	323	237	41	137	107	203	73	0	210
IP6K1	215	125	24	95	64	108	32	0	185
IP6K2	204	190	28	108	66	121	42	0	184
IP6K3	3	0	0	0	0	1	0	0	0
IPMK	125	70	7	44	19	54	12	1	83
IPO11	314	191	37	116	76	153	39	0	154
IPO13	59	44	5	29	13	26	15	0	38
IPO4	133	52	10	46	16	28	17	0	30
IPO5	1093	538	89	440	216	398	113	0	437
IPO5P1	1	1	1	3	0	0	0	0	2
IPO7	1624	959	172	652	324	703	213	2	762
IPO7P1	0	0	0	0	1	0	0	0	0
IPO7P2	1	1	0	0	0	0	0	0	1
IPO8	202	113	23	91	41	81	34	0	94
IPO8P1	4	2	0	1	0	1	0	0	3
IPO9	585	370	59	205	138	273	118	0	367
IPO9-AS1	212	25	2	31	7	9	7	0	13
IPP	37	23	0	10	10	14	9	0	26
IPPK	185	95	10	74	36	51	30	1	77
IQANK1	9	10	2	4	3	10	4	0	10
IQCA1	56	42	6	20	7	27	12	1	34
IQCA1-AS1	0	1	0	0	0	0	0	0	0
IQCA1L	2	1	0	0	0	2	0	0	1
IQCB1	194	104	14	70	50	83	32	0	126
IQCB2P	1	0	0	0	0	0	0	0	0
IQCC	13	5	0	5	2	4	3	0	7
IQCD	2	3	0	0	1	4	0	0	3
IQCE	102	53	10	33	20	27	23	0	38
IQCF1	2	0	0	1	0	0	0	0	0
IQCG	19	17	2	12	4	13	4	0	16
IQCH	68	54	14	32	16	45	16	0	56
IQCH-AS1	55	30	4	13	10	26	7	0	33
IQCJ-SCHIP1	827	674	126	331	228	504	151	3	958
IQCK	62	55	10	24	21	44	18	0	44
IQCM	25	12	4	8	7	7	2	0	4
IQCN	13	10	0	6	1	6	3	0	6
IQGAP1	1424	966	174	494	309	573	239	4	808
IQGAP2	372	384	82	174	129	290	82	0	360
IQGAP3	293	155	43	126	51	119	42	0	123
IQSEC1	122	117	22	37	22	34	20	0	56
IQSEC2	28	18	4	9	8	8	4	0	20
IQSEC3	8	0	0	2	1	1	1	0	4
IQSEC3-AS1	0	0	0	0	0	0	1	0	0
IQUB	10	3	0	1	3	6	1	0	8
IRAG1	2	2	0	0	0	2	1	0	3
IRAG1-AS1	4	1	0	3	0	1	0	0	1
IRAG2	0	3	0	2	1	0	0	0	1
IRAK1	298	132	35	106	49	84	33	0	96
IRAK1BP1	42	29	2	12	11	15	5	0	23
IRAK2	119	92	11	42	37	54	14	0	56
IRAK3	40	30	9	14	13	19	9	0	20
IRAK4	41	28	5	12	8	11	10	1	26
IREB2	309	225	38	171	75	144	46	0	217
IRF1	67	35	2	19	8	22	8	0	23
IRF1-AS1	12	3	1	3	2	4	1	0	3
IRF2	60	34	2	23	10	13	10	0	25
IRF2-DT	2	0	1	1	1	1	0	0	2
IRF2BP1	53	17	10	20	6	10	5	0	14
IRF2BP2	314	179	48	143	68	127	49	1	138
IRF2BPL	67	27	9	22	14	22	4	0	24
IRF3	60	54	4	30	23	20	21	0	38
IRF4	1	0	0	0	0	0	0	0	1
IRF5	0	2	1	0	0	1	1	0	0
IRF6	0	0	0	0	0	1	0	0	0
IRF7	22	6	2	7	0	2	0	0	5
IRF8	2	1	0	1	0	0	1	0	0
IRF9	26	3	0	10	4	3	2	0	11
IRGM	0	0	0	2	1	0	0	0	2
IRGQ	54	45	11	28	20	21	10	0	31
IRS1	169	119	20	67	38	81	34	0	89
IRS2	1080	597	114	323	192	368	110	0	423
IRS3P	1	0	0	0	0	0	0	0	1
IRS4	4	2	0	2	1	0	0	0	0
IRS4-AS1	1	0	0	0	0	0	0	0	0
IRX1	1	0	1	0	0	0	0	0	1
IRX2	2	2	0	0	0	0	0	0	0
IRX2-DT	1	0	0	0	1	0	0	0	0
IRX3	44	30	4	13	8	12	7	0	9
IRX4	1	0	0	0	0	0	0	0	1
IRX5	13	6	2	4	2	11	4	0	3
IRX6	0	0	0	1	0	0	0	0	0
ISCA1	69	42	18	36	32	41	10	0	47
ISCA1P3	0	0	0	0	1	0	0	0	0
ISCA2	8	9	0	3	2	2	2	0	8
ISCA2P1	1	1	0	0	0	1	0	0	0
ISCU	50	25	6	19	9	17	3	0	18
ISG15	132	68	7	57	12	31	7	0	27
ISG20	48	35	2	19	9	15	5	0	8
ISG20L2	122	67	12	53	27	41	18	0	46
ISL1	31	15	5	12	6	9	4	0	13
ISL1-DT	7	5	3	6	6	6	2	0	9
ISL2	16	11	4	6	7	9	2	0	16
ISLR	2	0	0	0	0	0	0	0	1
ISLR2	18	1	0	2	0	0	2	0	3
ISM1	8	0	1	2	2	1	1	0	1
ISM1-AS1	1	0	0	0	0	1	0	0	0
ISM2	0	1	0	0	0	0	0	0	0
ISOC1	42	31	7	14	11	22	4	0	36
ISOC2	28	13	0	15	3	7	3	0	2
IST1	124	98	15	69	35	62	21	2	86
ISY1	23	9	2	7	6	10	2	0	9
ISY1-RAB43	79	69	8	33	21	37	19	0	63
ISYNA1	5	3	4	0	2	2	1	0	4
ITCH	44	37	8	26	12	29	9	0	27
ITCH-IT1	0	2	0	0	0	0	0	0	0
ITFG1	326	223	50	149	82	221	68	0	239
ITFG1-AS1	2	1	1	1	0	0	0	0	0
ITFG2	114	105	29	83	45	62	27	0	104
ITFG2-AS1	21	17	3	13	10	9	3	0	17
ITGA1	112	86	14	50	34	73	16	1	73
ITGA10	6	4	0	1	2	2	1	0	2
ITGA11	85	56	8	41	17	27	25	0	46
ITGA2	244	81	8	85	26	58	7	0	32
ITGA2-AS1	1	1	0	3	0	0	0	0	1
ITGA2B	3	5	0	2	1	1	0	0	3
ITGA3	281	115	29	90	52	99	27	0	85
ITGA4	74	43	8	28	14	29	9	0	18
ITGA5	482	329	65	185	96	180	83	3	189
ITGA6	321	166	22	95	54	97	30	0	99
ITGA6-AS1	2	0	0	0	0	0	0	0	0
ITGA7	10	9	0	5	3	7	3	0	4
ITGA8	7	14	1	9	1	5	6	0	10
ITGA9	16	8	1	6	4	3	1	0	3
ITGA9-AS1	23	17	2	16	9	11	11	0	23
ITGAD	7	2	0	2	0	0	0	0	0
ITGAE	48	28	3	19	12	17	10	0	32
ITGAL	1	0	0	0	0	0	1	0	0
ITGAM	9	6	1	3	2	1	4	0	1
ITGAV	681	430	84	251	165	330	115	4	513
ITGAX	2	2	0	2	0	0	0	0	1
ITGB1	1436	826	174	548	294	703	253	2	753
ITGB1-DT	31	20	6	13	6	11	5	0	26
ITGB1BP1	177	93	18	71	26	63	23	1	71
ITGB1BP2	2	5	0	3	5	4	0	0	8
ITGB1P1	0	0	0	0	1	0	0	0	2
ITGB2	8	3	1	1	0	0	0	0	1
ITGB2-AS1	1	0	0	0	0	0	1	0	0
ITGB3	1	0	0	2	1	0	0	0	0
ITGB3BP	243	183	38	100	68	157	52	1	237
ITGB4	52	28	6	7	5	14	6	0	9
ITGB5	512	205	41	178	83	135	33	1	96
ITGB5-AS1	1	1	0	0	0	0	0	0	0
ITGB6	7	2	0	2	1	1	1	0	3
ITGB7	4	1	0	1	0	0	0	0	1
ITGB8	234	149	25	89	57	108	38	0	123
ITGB8-AS1	2	1	1	1	0	1	0	0	0
ITGBL1	18	12	2	12	4	12	5	0	7
ITIH1	0	1	0	0	0	0	0	0	0
ITIH2	3	0	1	0	0	2	0	0	2
ITIH3	3	0	0	2	1	2	1	0	5
ITIH4	2	2	0	0	0	2	0	0	0
ITIH4-AS1	1	0	0	1	0	0	0	0	0
ITIH5	5	1	0	1	1	1	0	0	0
ITIH6	2	0	0	0	0	0	0	0	1
ITK	7	9	4	15	7	8	1	0	18
ITLN1	0	1	0	0	0	1	0	0	1
ITLN2	0	0	0	0	0	0	0	0	1
ITM2A	0	0	0	0	0	0	1	0	0
ITM2B	212	173	27	88	65	117	46	0	121
ITM2C	42	29	11	14	8	16	14	0	22
ITPA	63	32	8	23	20	28	10	0	30
ITPK1	216	107	29	72	36	53	30	0	52
ITPK1-AS1	0	1	0	0	0	0	0	0	0
ITPKA	6	3	2	2	1	2	4	1	5
ITPKB	81	60	14	29	15	35	11	1	35
ITPKB-AS1	1	0	0	0	0	0	0	0	0
ITPKB-IT1	2	0	0	0	0	0	0	0	0
ITPKC	16	12	2	2	3	9	6	0	9
ITPR1	3598	2436	456	1539	869	1666	619	6	1961
ITPR1-DT	4	3	0	2	0	1	0	0	3
ITPR2	294	220	45	133	82	159	53	2	206
ITPR2-AS1	7	2	0	1	1	1	0	0	2
ITPR3	591	233	65	194	65	141	80	1	156
ITPRID1	5	3	0	1	0	2	0	0	1
ITPRID2	874	614	140	412	183	483	187	1	674
ITPRID2-DT	8	2	2	7	1	3	2	0	6
ITPRIP	713	483	69	247	135	207	119	1	225
ITPRIPL1	1	4	1	2	0	0	1	0	0
ITPRIPL2	277	154	35	101	52	106	24	0	120
ITSN1	319	184	29	136	39	147	63	0	183
ITSN2	132	106	22	67	35	81	25	1	98
IUR1	1	0	0	0	0	0	1	0	1
IVD	111	71	10	45	25	40	15	0	59
IVNS1ABP	362	234	45	156	81	190	57	0	220
IWS1	221	174	36	102	49	125	43	1	174
IYD	2	1	0	1	1	0	0	0	1
IZUMO1	1	1	0	1	0	0	0	0	0
IZUMO2	2	0	0	1	0	0	0	0	0
IZUMO3	1	0	0	0	0	0	0	0	0
IZUMO4	2	2	0	0	0	0	2	0	0
JADE1	248	149	19	84	46	100	38	2	174
JADE2	163	96	21	74	38	63	37	0	78
JADE3	187	128	22	77	40	100	44	0	144
JAG1	210	91	14	54	40	43	16	0	54
JAG2	106	37	11	46	25	31	18	0	46
JAGN1	56	44	5	39	18	25	14	1	29
JAK1	504	312	69	187	90	200	70	1	311
JAK2	266	448	40	321	38	169	19	0	210
JAK3	3	0	0	0	0	2	0	0	3
JAKMIP2	14	18	2	6	6	8	2	0	25
JAKMIP2-AS1	4	3	2	3	2	1	0	0	2
JAKMIP3	72	78	20	35	31	31	20	1	43
JAM2	0	1	0	0	0	3	0	0	1
JAM3	9	6	0	1	0	1	3	0	2
JAML	2	1	0	0	2	0	0	0	0
JARID2	1158	824	97	353	234	401	149	0	604
JARID2-AS1	2	0	0	0	0	1	0	0	0
JARID2-DT	2	0	0	0	0	1	0	0	0
JAZF1	584	429	79	225	160	269	127	1	313
JAZF1-AS1	7	0	2	4	2	1	0	0	1
JCAD	11	9	2	3	1	5	1	0	2
JCADP1	1	0	0	0	0	0	0	0	0
JCHAIN	0	0	0	0	0	1	0	0	0
JDP2	214	138	10	74	52	65	41	0	135
JDP2-AS1	1	0	0	0	0	0	0	0	0
JHY	13	7	1	7	2	8	3	0	8
JKAMP	80	57	9	39	23	36	17	0	61
JMJD1C	1001	547	130	365	205	521	150	0	652
JMJD1C-AS1	0	0	0	0	0	0	0	0	1
JMJD4	33	20	3	6	5	7	6	0	9
JMJD6	95	60	7	31	17	25	6	1	38
JMJD7	6	5	1	0	0	3	1	0	4
JMJD7-PLA2G4B	59	53	7	24	12	17	15	0	44
JMJD8	49	27	11	20	15	19	16	0	39
JMY	166	110	25	78	36	90	26	0	120
JOSD1	131	96	28	52	27	54	23	0	98
JOSD2	17	7	4	1	4	2	3	0	4
JPH1	190	234	42	91	62	156	63	2	205
JPH2	74	70	14	33	17	51	18	0	74
JPH3	168	32	1	8	3	6	15	0	10
JPT1	194	103	23	96	53	76	28	0	110
JPT2	197	129	8	77	42	75	30	0	89
JPX	315	257	45	160	75	233	59	2	377
JRK	188	101	23	66	30	45	25	0	71
JRKL	27	27	1	13	8	10	5	0	30
JRKL-AS1	1	1	0	0	0	0	0	0	1
JSRP1	2	1	1	0	0	0	0	0	1
JTB	38	22	6	17	10	14	7	0	17
JTB-DT	1	1	0	0	0	0	0	0	1
JUN	403	70	25	94	22	40	22	0	18
JUNB	382	163	42	112	44	86	63	1	125
JUND	319	150	42	103	46	81	47	0	157
JUP	157	93	23	71	37	58	21	0	91
KALRN	75	19	6	11	7	19	10	0	19
KANK1	1221	805	139	471	279	565	168	1	609
KANK2	154	99	22	67	35	81	41	0	85
KANK3	3	1	0	1	0	2	0	0	2
KANK4	47	74	16	21	29	52	31	0	76
KANSL1	1099	700	164	377	243	573	181	1	817
KANSL1-AS1	4	1	0	0	1	1	0	0	1
KANSL1L	112	101	21	68	36	83	26	0	126
KANSL1L-AS1	50	60	7	28	14	59	11	0	76
KANSL2	472	408	36	232	115	139	97	0	170
KANSL3	112	76	15	50	27	81	32	0	86
KANTR	203	160	41	90	62	139	63	0	189
KARS1	266	145	21	102	64	95	36	0	104
KARS1P1	0	0	0	0	0	0	1	0	0
KARS1P3	1	0	0	0	0	0	0	0	0
KASH5	1	1	0	0	0	2	0	0	1
KAT14	43	26	6	8	9	12	6	0	18
KAT2A	135	60	13	42	24	33	19	0	56
KAT2B	45	53	10	25	11	32	11	0	45
KAT5	67	35	4	30	16	27	16	0	15
KAT6A	306	164	29	113	58	144	44	2	246
KAT6B	403	286	77	166	96	241	88	0	308
KAT7	137	84	20	57	31	79	22	0	100
KAT8	71	67	14	25	25	40	24	0	65
KATNA1	33	31	12	17	8	23	11	0	34
KATNAL1	123	99	20	53	36	91	29	1	109
KATNAL2	35	24	4	21	7	19	10	0	28
KATNB1	39	26	8	16	4	20	7	0	18
KATNBL1	197	122	27	83	61	112	31	0	172
KATNBL1P4	0	0	0	1	0	0	0	0	0
KATNBL1P6	3	0	0	1	0	0	0	0	0
KATNIP	271	183	53	114	63	135	53	2	154
KAZALD1	46	15	6	15	7	11	9	0	23
KAZN	8500	7278	1234	3472	2461	4095	1748	17	4827
KAZN-AS1	4	3	2	2	2	2	2	0	2
KBTBD11	19	5	0	1	1	2	1	0	1
KBTBD11-AS1	0	2	0	0	0	0	0	0	0
KBTBD11-OT1	389	270	37	136	82	148	81	0	195
KBTBD12	0	3	0	1	0	0	1	0	0
KBTBD2	160	123	15	57	38	100	26	0	135
KBTBD3	2	2	0	2	0	3	0	0	3
KBTBD4	31	27	5	8	8	12	12	0	13
KBTBD6	40	31	8	27	11	23	8	0	23
KBTBD7	16	13	4	10	3	13	4	0	9
KBTBD8	6	5	0	2	1	1	1	0	5
KC6	12	7	2	7	4	6	3	0	10
KCMF1	265	150	30	109	58	129	31	1	177
KCNA2	5	3	0	1	2	3	1	0	1
KCNA3	1	0	0	0	0	0	0	0	0
KCNA4	2	2	0	0	0	0	1	0	0
KCNA5	1	0	0	0	0	0	0	0	0
KCNA6	1	0	0	0	0	0	0	0	0
KCNA7	3	1	0	1	0	0	0	0	0
KCNAB1	25	19	4	17	8	11	7	0	11
KCNAB1-AS2	0	1	0	0	0	0	0	0	0
KCNAB2	169	83	21	61	49	44	44	0	70
KCNAB3	8	5	6	3	3	2	3	0	9
KCNB1	20	5	0	1	1	3	3	0	3
KCNB2	13	8	0	4	3	6	2	0	3
KCNC1	4	3	1	1	0	1	3	0	1
KCNC2	6	5	0	2	0	4	0	0	3
KCNC3	8	2	0	1	2	1	0	0	0
KCNC4	33	29	3	14	11	14	6	0	20
KCNC4-DT	2	0	0	0	0	0	0	0	0
KCND1	2	7	1	3	5	5	2	0	13
KCND2	18	19	1	7	4	6	4	0	5
KCND3	11	4	1	4	4	0	2	0	1
KCND3-AS1	1	0	0	0	0	0	0	0	0
KCNE1	5	4	0	0	2	0	1	0	0
KCNE2	0	0	0	0	0	0	0	0	1
KCNE3	0	2	0	0	1	1	0	0	0
KCNE4	10	9	3	7	2	9	6	0	18
KCNE5	4	1	0	0	0	4	1	0	1
KCNF1	1	0	0	0	0	0	0	0	0
KCNG1	455	270	57	179	92	142	79	1	206
KCNG2	13	3	1	1	4	4	2	0	1
KCNG3	80	58	14	37	21	52	17	0	52
KCNG4	1	0	0	0	0	0	0	0	0
KCNH1	372	207	28	131	75	121	48	1	107
KCNH1-IT1	0	1	1	0	0	0	0	0	0
KCNH2	2	0	0	0	0	1	0	0	0
KCNH3	8	10	1	3	0	4	3	0	4
KCNH4	5	0	1	0	1	1	0	0	1
KCNH5	308	429	89	162	140	347	127	2	520
KCNH6	1	1	0	0	0	0	1	0	1
KCNH7	16	8	0	4	0	4	1	0	10
KCNH7-AS1	0	0	0	1	0	0	0	0	0
KCNH8	18	17	1	12	7	6	6	0	9
KCNIP1	11	11	0	6	0	4	3	0	2
KCNIP1-AS1	2	0	0	1	0	0	0	0	0
KCNIP2	24	25	2	12	12	10	5	0	25
KCNIP2-AS1	3	3	1	1	0	1	0	0	5
KCNIP3	51	68	14	16	17	51	40	0	75
KCNIP4	46	24	3	11	2	11	12	0	13
KCNIP4-IT1	0	0	0	1	0	0	0	0	0
KCNJ1	2	0	0	0	0	1	0	0	0
KCNJ10	6	1	2	0	1	3	0	0	4
KCNJ11	3	6	0	2	1	2	0	0	1
KCNJ12	31	10	0	18	4	6	6	0	3
KCNJ13	2	0	0	0	0	1	0	0	0
KCNJ14	42	33	2	11	11	24	5	0	24
KCNJ15	6	6	0	1	1	3	1	0	2
KCNJ16	3	0	0	0	0	0	0	0	2
KCNJ18	0	0	0	0	0	0	1	0	0
KCNJ2	12	6	2	6	1	3	4	0	6
KCNJ3	488	300	58	190	129	321	102	0	327
KCNJ4	3	6	0	1	0	0	0	0	2
KCNJ5	2	2	0	1	0	1	1	0	2
KCNJ5-AS1	2	3	0	0	0	0	0	0	0
KCNJ6	46	39	7	17	8	20	7	0	17
KCNJ8	7	5	1	1	1	1	0	0	4
KCNJ9	1	0	0	0	0	0	0	0	0
KCNK1	501	283	51	141	92	213	106	0	322
KCNK10	11	4	0	2	1	3	0	0	1
KCNK12	12	11	1	19	3	1	2	0	3
KCNK13	6	0	2	1	0	1	0	0	2
KCNK15	11	7	0	5	0	2	2	0	1
KCNK15-AS1	10	4	2	5	2	3	1	0	5
KCNK16	0	0	0	0	0	0	0	0	1
KCNK18	2	0	0	1	1	0	0	0	0
KCNK2	37	14	2	13	1	10	1	0	11
KCNK3	13	15	2	4	5	13	8	0	11
KCNK4	0	0	0	0	0	0	0	0	1
KCNK4-TEX40	4	1	0	2	0	2	0	0	0
KCNK5	68	33	6	22	15	10	6	0	27
KCNK6	5	2	0	1	0	0	0	0	3
KCNK7	0	2	1	0	0	1	0	0	1
KCNK9	7	1	0	4	1	0	2	0	2
KCNMA1	54	46	9	28	14	14	13	0	15
KCNMA1-AS1	5	4	1	1	0	5	1	0	0
KCNMA1-AS3	0	2	0	0	0	1	1	0	0
KCNMB1	0	0	0	0	0	1	0	0	0
KCNMB2	20	13	1	4	0	2	5	0	4
KCNMB2-AS1	268	324	62	142	115	258	80	1	421
KCNMB3	20	13	3	9	3	6	2	0	20
KCNMB3P1	0	0	0	0	0	1	0	0	0
KCNMB4	9	8	3	3	1	14	5	0	6
KCNN1	7	5	1	2	1	3	2	0	11
KCNN2	87	59	15	24	18	57	32	0	62
KCNN3	11	4	1	8	3	8	1	0	3
KCNN4	65	28	8	20	11	19	9	0	13
KCNQ1	66	62	8	24	32	25	26	0	40
KCNQ1-AS1	3	0	1	0	0	0	0	0	0
KCNQ1OT1	4	2	1	2	0	1	0	0	0
KCNQ2	11	7	0	2	0	2	0	0	3
KCNQ2-AS1	1	0	0	0	0	0	0	0	0
KCNQ3	16	6	1	4	3	7	1	0	7
KCNQ4	15	5	2	5	2	0	4	0	4
KCNQ5	29	8	2	17	3	10	3	0	5
KCNQ5-AS1	2	0	0	0	0	0	0	0	0
KCNQ5-DT	1	1	0	0	0	0	1	0	0
KCNRG	1	4	0	1	1	1	2	0	0
KCNS2	0	1	0	1	0	0	0	0	0
KCNS3	18	15	0	12	5	5	2	0	4
KCNT1	11	8	0	5	2	4	1	0	0
KCNT2	204	180	40	101	70	212	51	0	230
KCNU1	10	14	3	4	8	13	1	0	20
KCNV1	0	0	0	0	0	0	0	0	1
KCNV2	1	1	0	0	0	0	0	0	0
KCP	6	3	1	2	0	2	1	0	0
KCTD1	112	52	14	38	14	32	20	0	49
KCTD10	113	96	10	48	29	44	22	0	55
KCTD10P1	3	0	0	1	1	0	0	0	2
KCTD11	10	4	0	4	2	5	2	0	5
KCTD12	143	56	11	46	21	45	10	0	31
KCTD13	67	52	3	33	19	39	6	0	47
KCTD13-DT	3	0	1	2	1	2	1	0	0
KCTD14	0	5	0	5	0	3	0	0	1
KCTD15	140	53	13	45	24	19	17	0	59
KCTD16	104	22	4	26	11	17	2	0	12
KCTD17	7	7	1	1	5	2	3	0	8
KCTD18	17	16	0	6	1	5	4	0	8
KCTD19	3	2	0	1	0	2	0	0	1
KCTD2	302	286	28	224	62	97	73	0	163
KCTD20	192	140	24	74	63	105	36	1	163
KCTD21	31	29	4	10	4	10	9	0	15
KCTD21-AS1	14	11	1	7	3	6	3	0	8
KCTD3	199	109	24	76	50	112	40	2	122
KCTD4	1	1	0	0	0	1	0	0	0
KCTD5	93	67	10	20	20	32	8	0	41
KCTD6	29	22	4	16	6	10	4	0	27
KCTD7	22	24	5	12	6	14	6	0	17
KCTD8	9	10	2	11	1	2	1	0	5
KCTD9	68	55	10	39	16	62	9	0	73
KCTD9P1	0	1	0	0	1	0	0	0	1
KCTD9P3	1	0	0	0	0	0	0	0	0
KCTD9P4	0	1	0	0	0	0	0	0	0
KDELR1	222	133	36	98	47	85	32	2	130
KDELR2	338	229	32	138	60	161	52	0	200
KDELR3	29	16	4	10	6	8	6	0	12
KDF1	0	0	0	1	0	0	0	0	0
KDM1A	381	205	43	138	66	147	49	0	163
KDM1B	75	31	8	32	9	31	10	0	37
KDM2A	643	443	98	269	150	332	128	1	464
KDM2B	125	83	9	57	29	48	26	0	70
KDM2B-DT	5	5	1	2	2	4	1	0	5
KDM3A	216	202	28	85	68	147	33	1	152
KDM3AP1	1	0	0	0	0	0	0	0	0
KDM3B	285	181	41	126	56	116	35	1	161
KDM4A	67	33	5	25	19	29	18	0	33
KDM4A-AS1	15	9	3	6	7	10	5	0	9
KDM4B	335	231	29	99	84	117	69	0	144
KDM4C	942	685	135	417	259	512	183	1	722
KDM4D	7	5	0	6	1	9	1	0	10
KDM5A	321	210	56	125	82	139	52	0	257
KDM5B	148	92	14	58	31	72	16	0	87
KDM5C	254	134	39	94	41	89	35	0	123
KDM5C-IT1	0	1	0	2	0	0	0	0	0
KDM5D	1	1	0	0	1	0	1	0	2
KDM6A	555	413	88	249	131	337	69	2	541
KDM6B	178	83	17	67	29	47	21	0	48
KDM7A	73	38	4	26	10	19	5	0	31
KDM7A-DT	3	0	0	1	0	0	1	0	0
KDM8	14	13	2	5	5	4	1	0	6
KDR	3	2	0	0	0	0	1	0	1
KDSR	189	119	30	65	36	86	30	1	142
KDSR-DT	2	1	0	0	0	0	0	0	1
KEAP1	34	21	7	13	9	18	6	0	22
KEL	1	0	0	0	0	0	0	0	0
KHDC1	100	75	11	32	31	31	15	0	81
KHDC1-AS1	42	46	7	23	6	28	8	0	50
KHDC4	381	283	42	172	77	148	71	0	151
KHDRBS1	518	323	62	202	89	232	64	3	306
KHDRBS2	76	46	8	26	15	50	18	1	66
KHDRBS2-OT1	3	3	0	1	0	2	1	0	4
KHDRBS3	153	138	26	56	47	106	34	0	162
KHK	0	3	2	3	2	0	0	0	2
KHNYN	67	66	17	23	25	38	14	0	42
KHSRP	512	212	70	192	84	153	65	2	159
KHSRPP1	1	0	0	0	0	0	0	0	0
KIAA0040	76	60	13	39	18	29	22	0	37
KIAA0087	1	0	0	0	0	0	0	0	0
KIAA0232	237	153	34	89	53	92	50	0	143
KIAA0319	29	10	3	9	5	11	2	0	12
KIAA0319L	304	231	49	143	63	157	56	2	207
KIAA0513	35	38	4	13	14	10	6	0	17
KIAA0586	132	80	16	62	28	100	33	0	94
KIAA0753	113	79	15	45	33	58	10	0	71
KIAA0825	1379	1507	303	638	563	1371	440	4	2131
KIAA0895LP1	0	0	0	1	0	0	0	0	0
KIAA0930	188	103	21	80	45	46	34	1	66
KIAA1143	50	39	8	26	5	21	10	0	26
KIAA1191	113	71	12	34	29	47	14	0	53
KIAA1210	10	0	0	1	0	2	0	0	1
KIAA1217	389	191	59	129	65	162	73	0	272
KIAA1328	349	323	67	137	89	258	87	0	367
KIAA1522	203	124	28	92	56	85	47	0	133
KIAA1549	478	391	79	232	142	282	105	0	258
KIAA1549L	27	18	3	14	4	11	4	0	11
KIAA1586	35	29	4	15	6	22	6	0	19
KIAA1614	12	4	1	1	2	2	2	0	6
KIAA1614-AS1	1	2	0	0	3	1	0	0	0
KIAA1671	814	607	96	297	198	302	144	2	369
KIAA1671-AS1	1	0	0	1	0	0	0	0	0
KIAA1755	3	2	0	1	0	0	1	0	1
KIAA1958	289	223	60	138	65	195	54	1	216
KIAA2012	5	5	0	1	1	3	0	0	3
KIAA2012-AS1	5	1	0	0	0	0	0	0	1
KIAA2013	62	40	12	25	12	18	11	0	34
KIAA2026	273	212	37	119	83	208	67	1	260
KICS2	24	14	4	14	6	18	3	0	24
KIDINS220	216	137	23	92	40	103	48	0	121
KIF11	303	229	32	153	92	178	70	1	234
KIF12	1	1	0	5	0	1	3	0	1
KIF13A	725	469	101	269	182	382	171	1	480
KIF13B	53	34	8	24	13	26	9	0	35
KIF14	317	192	37	134	69	147	57	0	172
KIF15	241	182	38	101	63	120	54	1	187
KIF16B	153	119	20	69	49	87	29	1	108
KIF17	7	5	2	5	2	1	2	0	4
KIF18A	266	157	24	108	41	139	49	0	174
KIF18B	229	152	33	88	59	97	48	0	138
KIF18B-DT	1	2	0	0	1	1	0	0	2
KIF18BP1	2	0	0	0	0	0	0	0	0
KIF19	2	1	0	1	1	0	0	0	0
KIF19BP	5	4	1	4	0	4	0	0	3
KIF1A	9	7	1	9	1	2	4	0	3
KIF1B	478	320	52	217	104	221	81	1	262
KIF1C	281	170	37	124	49	103	45	1	126
KIF1C-AS1	0	0	0	0	0	1	0	0	0
KIF20A	145	126	13	100	50	74	48	0	100
KIF20B	295	218	32	131	82	170	55	0	250
KIF21A	488	336	62	220	125	314	83	0	394
KIF21B	7	6	1	3	3	6	2	0	3
KIF22	181	108	35	59	38	75	30	1	87
KIF23	412	264	53	188	83	195	57	0	207
KIF23-AS1	54	30	12	23	16	21	15	1	38
KIF24	236	156	36	97	60	122	48	0	184
KIF25	18	4	1	4	1	3	0	0	2
KIF25-AS1	0	0	0	1	0	0	0	0	0
KIF26A	570	221	40	155	85	101	101	3	143
KIF26A-DT	3	0	1	1	0	0	3	0	0
KIF26B	122	105	18	53	35	69	38	1	78
KIF26B-AS1	0	1	1	0	0	0	0	0	0
KIF27	22	17	2	7	4	7	3	0	12
KIF28P	4	3	0	1	1	1	1	0	5
KIF2A	175	94	19	73	42	85	23	2	87
KIF2B	0	0	1	0	0	0	0	0	0
KIF2C	197	144	16	92	50	88	41	2	121
KIF3A	40	42	7	19	14	28	9	0	36
KIF3B	174	114	16	71	49	81	25	1	104
KIF3C	19	22	1	3	4	10	4	0	15
KIF4A	268	179	39	113	76	132	53	0	190
KIF4B	0	1	0	0	0	0	0	0	0
KIF5A	3	2	0	2	0	1	1	0	0
KIF5B	628	312	41	237	97	228	92	1	304
KIF5C	29	68	5	12	14	12	5	0	9
KIF5C-AS1	11	7	2	3	3	2	4	0	3
KIF6	33	11	10	25	5	18	4	0	14
KIF7	70	53	6	30	16	24	12	0	30
KIF9	24	14	2	8	5	5	2	0	7
KIF9-AS1	78	40	9	26	18	44	14	0	69
KIFAP3	98	65	16	32	23	56	24	0	72
KIFBP	68	48	5	28	18	45	7	0	43
KIFC1	138	110	25	62	27	70	23	0	95
KIFC2	59	31	7	15	7	13	16	2	26
KIFC3	609	349	69	195	122	155	73	1	169
KIN	46	30	7	16	7	31	3	0	45
KIR2DS4	1	0	0	0	0	0	1	0	0
KIR3DL2	0	0	0	0	1	0	0	0	1
KIRREL1	760	407	66	262	158	229	109	1	255
KIRREL1-IT1	4	2	0	1	0	0	3	0	1
KIRREL2	0	1	0	1	0	0	0	0	0
KIRREL3	2814	2648	412	1182	908	1254	1006	7	1740
KIRREL3-AS1	13	7	2	2	3	4	4	0	10
KIRREL3-AS3	0	1	0	0	0	0	0	0	0
KISS1	5	1	0	0	1	1	0	0	0
KISS1R	1	0	1	1	0	0	0	0	0
KIT	27	41	4	16	9	17	15	0	34
KITLG	184	84	14	55	23	55	17	0	56
KIZ	89	95	17	45	33	75	23	0	108
KIZ-AS1	17	17	5	9	6	24	7	0	17
KL	3	0	0	0	0	0	0	0	1
KLB	0	2	0	1	1	1	0	0	0
KLC1	449	297	56	177	110	154	82	2	261
KLC2	94	44	7	38	14	21	19	0	33
KLC2-AS1	0	2	0	0	0	0	0	0	0
KLC3	5	1	0	0	0	0	1	0	1
KLC4	36	19	2	20	7	10	6	0	27
KLF1	0	1	0	0	0	1	1	0	1
KLF10	102	45	4	29	13	38	15	0	39
KLF11	37	18	5	19	12	18	2	0	29
KLF12	854	590	114	315	237	474	147	1	613
KLF13	310	175	40	89	50	84	44	1	143
KLF15	2	2	0	3	1	0	0	0	2
KLF16	106	49	23	39	21	30	6	0	19
KLF17	8	4	0	0	1	2	0	0	2
KLF17P1	1	0	0	0	0	0	0	0	0
KLF2	60	21	7	16	4	13	8	0	16
KLF2-DT	14	6	0	3	1	1	0	0	5
KLF3	153	97	14	68	28	59	15	0	103
KLF3-AS1	17	12	3	7	3	1	3	0	5
KLF3P1	1	0	0	0	0	0	1	0	1
KLF4	276	68	11	86	20	34	20	0	51
KLF5	336	176	39	121	80	163	37	0	187
KLF6	272	150	36	77	34	86	43	0	98
KLF7	702	457	68	275	165	359	174	2	472
KLF7-IT1	7	5	1	2	1	3	2	0	4
KLF8	3	1	0	1	0	0	0	0	2
KLF9	393	270	65	180	83	230	77	0	235
KLHDC1	27	3	0	6	2	1	2	0	6
KLHDC10	170	102	17	84	41	67	36	1	108
KLHDC2	46	19	4	15	7	10	9	0	35
KLHDC3	67	47	14	29	15	35	18	0	46
KLHDC4	449	286	38	158	86	119	90	0	199
KLHDC7A	1	0	0	0	1	0	1	0	1
KLHDC7B	1	0	0	0	0	0	1	0	0
KLHDC8A	0	1	0	1	0	0	0	0	0
KLHDC8B	8	4	1	4	1	5	4	0	5
KLHDC9	0	2	0	0	0	0	0	0	2
KLHL1	420	253	46	160	95	259	111	1	314
KLHL10	1	0	0	0	0	0	0	0	0
KLHL11	124	76	10	53	28	49	15	1	59
KLHL12	75	42	11	32	14	46	12	0	51
KLHL13	992	616	123	440	227	549	173	4	611
KLHL14	2	3	0	2	1	1	1	0	0
KLHL15	161	146	27	80	37	139	46	0	228
KLHL17	54	25	7	11	4	7	11	0	15
KLHL18	134	120	20	47	31	70	14	1	88
KLHL2	155	101	21	70	36	72	24	0	113
KLHL20	114	91	13	57	41	50	21	0	103
KLHL21	233	75	7	60	25	38	12	0	55
KLHL22	54	32	7	18	14	25	14	1	55
KLHL23	75	70	13	37	37	53	16	0	86
KLHL24	93	97	21	25	35	72	22	0	102
KLHL25	62	54	3	22	16	27	11	0	32
KLHL26	102	58	11	35	22	34	15	1	46
KLHL28	60	44	7	17	21	40	9	0	53
KLHL29	737	488	90	258	179	245	157	1	317
KLHL2P1	2	2	1	0	0	1	0	0	0
KLHL3	18	13	2	7	5	8	5	0	23
KLHL30	5	5	0	0	0	1	0	0	3
KLHL31	12	2	0	1	2	4	1	0	3
KLHL32	16	6	1	3	3	5	1	0	4
KLHL33	0	0	0	0	0	1	0	0	0
KLHL34	0	0	0	1	0	0	0	0	0
KLHL35	9	6	2	2	3	1	1	0	3
KLHL36	18	15	5	3	5	5	5	0	11
KLHL38	8	6	2	1	0	2	0	0	1
KLHL4	9	4	0	2	1	5	0	0	7
KLHL40	1	0	0	0	0	0	0	0	0
KLHL41	0	1	0	0	0	0	0	0	0
KLHL42	83	48	12	24	17	47	16	0	69
KLHL5	196	74	20	52	30	77	23	0	83
KLHL6	1	1	0	3	1	1	0	0	1
KLHL7	114	69	18	56	23	52	15	0	53
KLHL7-DT	7	3	0	2	0	2	0	0	3
KLHL8	109	79	15	39	33	60	14	0	70
KLHL9	114	96	14	45	43	59	40	0	82
KLK1	1	0	0	0	0	1	0	0	0
KLK10	2	0	0	0	0	0	0	0	0
KLK11	0	0	0	1	0	0	0	0	0
KLK13	1	0	0	0	0	0	0	0	0
KLK14	0	0	0	1	1	0	0	0	0
KLK15	2	1	0	0	0	0	0	0	0
KLK2	1	0	0	0	0	0	0	0	1
KLK4	0	1	0	0	0	0	1	0	1
KLK5	1	0	2	1	1	1	1	0	3
KLK7	1	0	0	0	0	0	0	0	0
KLKP1	0	1	0	0	0	0	0	0	0
KLLN	4	4	0	1	1	0	1	0	1
KLRC1	2	0	0	0	0	0	0	0	1
KLRC2	1	0	0	0	0	0	1	0	0
KLRC3	1	0	1	0	0	0	0	0	0
KLRC4-KLRK1	3	2	0	1	0	3	1	0	8
KLRD1	9	4	1	3	0	2	1	0	2
KLRF1	0	1	0	0	0	0	0	0	0
KLRG1	13	15	2	14	2	13	4	0	15
KLRG2	17	17	1	10	5	3	2	0	7
KLRK1-AS1	1	0	0	1	0	4	0	0	2
KMO	1	1	0	0	1	2	1	0	0
KMT2A	277	194	33	121	65	121	55	0	184
KMT2B	187	81	18	57	32	70	27	0	79
KMT2C	609	420	82	273	159	373	128	1	471
KMT2CP3	0	0	0	1	0	0	0	0	0
KMT2CP4	1	0	0	0	0	0	0	0	0
KMT2D	725	351	91	265	112	285	129	1	315
KMT2E	340	241	41	159	92	169	64	0	318
KMT2E-AS1	10	11	1	10	4	6	1	0	7
KMT5A	90	54	13	30	23	24	12	0	59
KMT5AP1	1	0	0	0	0	0	0	0	1
KMT5B	172	123	28	68	45	89	27	0	108
KMT5C	29	29	7	9	4	13	4	0	25
KNDC1	40	16	1	6	2	6	6	0	5
KNG1	1	0	0	0	0	0	0	0	0
KNL1	273	174	31	91	69	136	43	0	159
KNOP1	109	56	16	35	23	30	7	0	44
KNSTRN	157	86	14	42	35	52	26	1	67
KNTC1	279	227	55	120	78	177	53	0	221
KPNA1	398	219	51	156	73	197	43	0	292
KPNA2	503	271	48	202	104	175	75	0	215
KPNA2P1	0	1	0	1	0	0	0	0	0
KPNA2P2	1	0	0	0	0	0	0	0	1
KPNA3	261	153	27	115	66	122	35	0	179
KPNA4	629	372	60	233	119	266	59	0	287
KPNA4P1	0	0	0	0	1	0	0	0	0
KPNA5	71	53	7	32	24	33	11	0	70
KPNA6	396	219	48	192	83	150	67	2	196
KPNA7	1	3	0	2	0	0	2	1	2
KPNB1	1390	737	130	511	254	468	161	0	594
KPNB1-DT	15	21	2	4	5	11	4	0	27
KPRP	0	0	0	0	0	0	1	0	0
KPTN	19	9	3	5	4	9	2	0	12
KRAS	148	69	19	47	31	83	26	0	94
KRBA1	21	11	3	13	5	9	6	0	15
KRBA2	16	20	5	7	8	13	3	0	21
KRBOX4	68	33	13	17	19	32	7	0	41
KRBOX5	52	46	7	25	16	35	11	0	51
KRBOX5P1	1	0	0	0	0	0	0	0	0
KRCC1	53	42	10	20	16	44	8	0	61
KREMEN1	12	17	1	3	8	12	4	0	14
KREMEN2	3	4	0	2	2	2	1	0	2
KRI1	118	78	13	55	23	22	26	0	52
KRIT1	17	13	2	8	4	8	2	0	13
KRR1	132	67	12	68	21	59	14	0	49
KRT1	1	1	0	0	0	0	0	0	0
KRT10	62	46	8	32	22	46	8	0	36
KRT10-AS1	36	32	6	15	12	25	4	0	29
KRT12	1	0	0	0	0	0	0	0	0
KRT125P	0	0	0	0	0	0	0	0	1
KRT14	4	1	0	0	0	1	0	0	2
KRT15	1	0	0	0	2	0	0	0	0
KRT16	5	1	0	2	0	0	1	0	1
KRT17	767	279	49	234	84	158	57	1	127
KRT17P2	2	1	0	0	0	0	0	0	0
KRT17P3	2	1	0	0	0	1	0	0	0
KRT18	295	139	32	110	50	74	39	0	105
KRT18P1	1	1	0	0	0	0	0	0	0
KRT18P11	1	2	0	1	0	0	0	0	1
KRT18P12	1	0	0	0	0	0	0	0	0
KRT18P14	1	0	0	0	0	0	0	0	0
KRT18P15	0	0	1	1	0	0	0	0	0
KRT18P16	1	0	0	0	0	0	0	0	0
KRT18P18	0	1	0	0	1	0	0	0	0
KRT18P2	0	0	0	0	0	0	1	0	0
KRT18P21	0	1	0	0	0	0	0	0	0
KRT18P22	0	0	0	0	0	0	1	0	0
KRT18P26	0	0	0	0	1	1	1	0	0
KRT18P28	0	0	0	0	0	0	0	0	1
KRT18P31	7	4	1	1	0	2	0	0	4
KRT18P32	0	0	0	0	0	0	0	0	1
KRT18P35	0	0	0	0	1	0	0	0	0
KRT18P37	1	0	0	0	0	0	0	0	0
KRT18P39	0	0	0	0	0	0	0	0	1
KRT18P4	2	1	0	1	0	0	0	0	1
KRT18P44	1	0	0	0	0	0	0	0	0
KRT18P5	0	1	0	0	0	0	0	0	1
KRT18P53	0	0	0	1	0	0	0	0	0
KRT18P54	1	0	0	1	0	0	0	0	0
KRT18P55	2	1	0	1	1	1	0	0	0
KRT18P56	1	0	0	0	0	0	0	0	0
KRT18P57	1	0	0	0	0	0	0	0	0
KRT18P6	0	0	0	0	0	0	0	0	1
KRT18P61	3	0	0	1	1	0	1	0	0
KRT18P64	0	0	0	1	0	0	0	0	0
KRT18P8	5	1	0	2	1	0	0	0	3
KRT18P9	0	1	0	0	0	1	0	0	0
KRT19	5	1	0	2	1	2	0	0	6
KRT19P1	1	0	0	0	0	1	0	0	0
KRT19P2	0	1	0	1	0	0	0	0	0
KRT2	1	0	0	0	0	0	0	0	0
KRT224P	0	0	0	0	0	0	0	0	1
KRT23	0	0	0	0	0	1	0	0	0
KRT24	1	0	0	0	0	0	0	0	0
KRT25	0	0	0	0	0	0	1	0	0
KRT27	0	0	0	1	0	0	0	0	0
KRT28	0	0	0	0	0	0	0	0	1
KRT34	1	0	0	1	1	0	0	0	0
KRT35	0	0	0	1	0	0	0	0	0
KRT36	0	0	0	0	1	0	0	0	0
KRT37	1	0	0	0	0	0	0	0	0
KRT39	1	0	0	0	0	0	0	0	0
KRT40	1	1	0	0	1	0	0	0	0
KRT41P	1	0	0	0	0	0	0	0	0
KRT42P	0	1	0	0	1	0	0	0	2
KRT5	1	0	0	0	0	0	0	0	0
KRT6A	0	0	0	1	0	0	0	0	1
KRT7	1709	544	122	512	192	309	161	1	308
KRT7-AS	1	0	0	0	0	0	0	0	1
KRT71	1	0	0	0	0	0	0	0	0
KRT72	1	1	0	2	1	0	0	0	0
KRT73	0	1	0	0	0	0	0	0	0
KRT73-AS1	1	1	0	0	0	0	0	0	0
KRT74	0	1	0	0	0	0	0	0	0
KRT75	3	0	0	0	0	0	0	0	0
KRT76	0	1	0	0	0	0	0	0	0
KRT77	0	0	0	1	0	0	0	0	0
KRT78	1	1	0	1	0	0	0	0	0
KRT79	1	0	0	0	0	0	0	0	0
KRT8	314	177	38	107	43	100	54	0	153
KRT80	387	90	14	153	33	63	35	1	56
KRT81	2	0	0	0	0	0	0	0	0
KRT82	0	0	0	1	0	0	0	0	0
KRT83	0	0	0	0	0	1	1	0	0
KRT84	2	0	0	0	0	0	0	0	0
KRT86	100	54	9	36	17	32	11	0	36
KRT87P	0	1	0	0	0	0	0	0	0
KRT88P	6	2	0	1	3	1	1	0	1
KRT89P	2	0	0	0	2	0	0	0	0
KRT8P1	0	0	0	0	0	1	0	0	0
KRT8P10	0	0	0	1	0	0	0	0	0
KRT8P12	9	6	1	1	1	6	2	0	10
KRT8P13	0	0	0	0	1	1	0	0	1
KRT8P14	0	0	0	0	0	0	1	0	0
KRT8P18	2	0	0	0	0	1	0	0	0
KRT8P19	1	0	0	0	0	0	0	0	0
KRT8P20	1	0	0	0	0	0	1	0	0
KRT8P23	1	2	0	0	0	0	0	0	1
KRT8P3	3	0	1	2	0	0	0	0	2
KRT8P30	0	0	0	0	0	1	0	0	1
KRT8P32	1	0	0	2	0	0	0	0	0
KRT8P33	9	5	1	1	0	1	0	0	1
KRT8P36	0	1	0	1	1	0	0	0	0
KRT8P39	1	5	1	2	0	1	0	0	4
KRT8P4	3	4	1	0	1	0	0	0	2
KRT8P40	0	1	0	0	0	0	0	0	0
KRT8P41	1	0	0	1	0	0	0	0	1
KRT8P42	0	2	0	0	0	1	1	0	1
KRT8P44	1	0	0	1	0	0	1	0	0
KRT8P45	0	0	0	1	0	0	1	0	0
KRT8P46	2	2	0	0	0	1	0	0	0
KRT8P48	2	2	0	0	0	0	1	0	0
KRT8P49	0	0	0	0	0	0	1	0	0
KRT8P5	0	0	0	0	0	0	1	0	0
KRT8P50	3	0	0	2	0	2	0	0	1
KRT8P51	0	0	0	0	0	0	1	0	0
KRT8P52	1	0	0	0	0	0	0	0	0
KRT8P6	1	0	0	0	0	0	0	0	0
KRT8P8	1	0	0	0	2	0	1	0	0
KRT8P9	0	0	0	1	0	0	0	0	0
KRT9	1	1	0	0	0	0	0	0	0
KRT90P	0	0	1	0	0	0	0	0	0
KRTAP13-5P	0	0	0	0	0	0	0	0	1
KRTAP21-2	1	0	0	0	0	0	0	0	0
KRTAP4-7	1	0	0	0	0	0	0	0	0
KRTAP5-11	0	2	0	1	0	0	1	0	0
KRTAP5-AS1	8	4	1	0	0	2	1	0	1
KRTCAP2	2	2	0	1	0	2	0	0	0
KRTCAP2P1	0	0	1	0	0	0	0	0	0
KRTCAP3	3	5	0	0	0	0	0	0	1
KRTDAP	1	0	0	0	0	2	0	0	0
KSR1	569	417	81	205	142	225	123	1	259
KSR2	19	10	1	7	2	4	5	0	9
KTI12	11	6	1	6	0	4	3	0	5
KTN1	786	539	101	324	208	448	136	1	533
KTN1-AS1	50	47	7	22	12	38	6	0	27
KXD1	60	45	14	27	7	25	16	0	29
KY	2	2	0	1	0	0	0	0	0
KYAT1	8	2	1	4	1	1	0	0	1
KYAT3	77	48	14	50	21	39	16	0	62
KYNU	2133	1766	333	984	645	1477	350	4	1814
L1CAM	370	241	74	164	66	179	86	2	256
L1CAM-AS1	5	1	0	0	2	0	1	0	1
L1TD1	3	0	0	0	0	0	0	0	2
L2HGDH	76	69	14	45	21	65	22	0	70
L3HYPDH	174	120	19	72	37	100	33	1	123
L3MBTL1	2	18	4	5	4	6	4	0	12
L3MBTL2	119	68	8	42	10	29	20	0	50
L3MBTL2-AS1	2	1	1	1	2	1	1	0	1
L3MBTL3	45	40	5	27	12	21	5	0	17
L3MBTL4	17	15	3	8	1	6	7	0	8
LACC1	9	4	0	2	2	2	0	0	6
LACRT	0	1	0	0	0	0	0	0	0
LACTB	38	17	5	9	7	11	3	0	14
LACTB2	21	15	5	7	2	13	4	2	17
LACTB2-AS1	1	1	1	1	1	1	0	0	0
LACTBL1	1	3	0	2	0	0	0	0	0
LAD1	1	0	1	1	0	0	1	0	0
LAG3	9	9	2	4	2	7	0	0	5
LAGE3	21	7	4	9	5	7	5	0	6
LAGE3P1	3	2	0	0	3	2	0	0	1
LAIR1	1	0	0	0	0	0	0	0	0
LAIR2	2	0	0	0	0	0	0	0	0
LAMA1	571	291	50	191	91	181	63	0	220
LAMA2	25	16	1	6	5	7	3	0	12
LAMA3	149	194	37	79	69	128	61	0	210
LAMA4	465	263	47	162	98	191	96	0	336
LAMA5	1209	798	188	465	203	400	279	1	573
LAMA5-AS1	8	7	1	4	2	3	3	0	12
LAMB1	970	493	94	324	161	284	75	3	262
LAMB2	44	25	8	18	5	18	14	0	30
LAMB2P1	12	10	1	7	4	5	2	0	3
LAMB3	90	61	8	23	6	20	24	0	30
LAMB4	7	1	0	2	3	0	0	0	2
LAMC1	1029	537	101	361	203	391	146	0	584
LAMC1-AS1	1	0	0	1	0	0	0	0	0
LAMC2	2	4	0	0	1	1	0	0	1
LAMC3	101	63	14	29	19	39	15	0	49
LAMP1	582	329	80	223	114	223	98	2	293
LAMP2	221	156	22	112	47	110	35	0	138
LAMP3	2	2	1	3	4	5	0	0	0
LAMP5	3	0	0	0	0	0	0	0	0
LAMP5-AS1	1	0	0	0	1	0	0	0	0
LAMTOR1	88	76	13	53	28	52	23	1	44
LAMTOR2	26	16	2	10	6	9	5	0	16
LAMTOR3	39	24	10	10	13	22	6	0	29
LAMTOR4	28	26	5	12	6	18	9	1	27
LAMTOR5	62	27	5	27	9	20	7	0	38
LAMTOR5-AS1	229	185	36	113	57	189	40	0	258
LANCL1	274	266	56	151	86	176	75	1	268
LANCL1-AS1	3	1	0	2	1	1	2	0	2
LANCL2	88	63	14	48	21	70	14	0	50
LANCL3	31	12	6	16	4	12	0	0	5
LAP3	92	40	11	32	13	37	6	1	48
LAP3P1	0	0	0	1	0	0	0	0	1
LAPTM4A	214	114	11	86	33	87	31	0	124
LAPTM4A-DT	0	1	0	0	0	0	0	0	1
LAPTM4B	264	168	29	122	56	129	47	0	145
LAPTM4BP1	0	0	0	0	0	0	0	0	1
LAPTM4BP2	0	0	0	1	0	0	0	0	0
LAPTM5	3	0	0	0	0	0	0	0	0
LARGE-AS1	0	0	0	0	2	1	1	0	1
LARGE1	41	30	8	23	6	7	3	0	16
LARGE2	29	30	9	18	6	18	8	0	17
LARP1	1666	944	167	657	340	583	248	2	785
LARP1B	178	114	37	71	39	128	30	0	156
LARP1P1	1	0	0	0	0	0	0	0	1
LARP4	679	470	60	312	146	324	80	0	356
LARP4B	637	416	91	253	141	300	107	0	434
LARP4B-DT	3	1	0	1	2	5	0	0	0
LARP4P	1	2	1	3	0	3	0	0	1
LARP6	21	9	0	5	2	4	2	0	6
LARP7	74	49	10	38	19	40	17	0	61
LARS1	611	420	60	257	156	266	98	0	374
LARS2	475	325	46	211	108	215	68	1	272
LARS2-AS1	4	0	0	0	0	1	1	0	1
LAS1L	187	136	19	74	37	83	25	0	91
LASP1	352	217	38	127	65	94	59	1	154
LASTR	5	0	0	0	1	1	0	0	0
LAT	3	3	1	1	0	1	2	0	0
LAT2	4	1	1	4	0	4	0	0	1
LATS1	171	154	22	90	44	111	44	0	143
LATS2	324	245	67	127	67	179	68	0	306
LATS2-AS1	1	1	0	1	0	0	0	0	0
LAX1	1	0	1	1	0	0	0	0	2
LAYN	2	0	0	0	0	0	0	0	1
LBH	131	52	5	54	15	31	18	0	31
LBHD1	63	37	4	12	11	21	12	0	27
LBHD2	0	0	0	0	0	0	0	0	2
LBP	1	0	1	0	1	0	0	0	1
LBR	269	171	30	106	64	115	57	2	157
LBX1	0	0	0	1	0	0	0	0	0
LBX1-AS1	5	1	0	1	0	0	2	0	0
LBX2	6	3	2	2	1	1	2	0	1
LBX2-AS1	7	1	0	2	1	2	0	0	4
LCA5	10	9	1	6	6	10	4	0	11
LCA5L	6	6	2	4	1	6	2	0	4
LCAT	13	5	1	3	3	4	2	0	7
LCDR	1	0	0	1	0	0	0	0	1
LCE3E	0	0	0	0	0	1	0	0	0
LCK	2	2	0	0	0	2	0	0	0
LCLAT1	393	205	47	142	72	226	51	2	226
LCMT1	94	62	18	37	23	44	22	0	49
LCMT1-AS1	7	2	0	2	2	2	0	0	2
LCMT1-AS2	0	1	0	0	0	0	0	0	0
LCMT2	43	22	5	19	6	28	5	0	22
LCN1	0	1	0	0	0	0	0	0	0
LCN12	3	5	1	2	2	2	0	0	2
LCN15	6	1	0	2	0	1	2	0	0
LCN2	3	1	1	0	0	0	0	0	1
LCN8	0	2	0	0	0	0	0	0	0
LCN9	0	1	0	0	0	0	0	0	0
LCOR	424	270	62	183	99	248	71	1	335
LCORL	331	243	55	114	89	215	56	0	281
LCP1	3	3	0	2	1	2	0	0	0
LCP2	1	0	0	1	0	3	1	0	0
LCT	3	4	0	1	1	1	2	0	0
LCTL	0	0	0	0	0	0	1	0	0
LDAF1	18	10	0	5	3	4	1	0	5
LDAH	133	90	16	60	31	76	31	0	82
LDB1	74	54	15	24	14	35	23	0	50
LDB2	15	7	6	10	2	6	1	0	7
LDB3	9	9	1	3	2	3	4	0	5
LDC1P	0	0	0	0	1	0	0	0	1
LDHA	1325	865	128	577	274	475	197	1	561
LDHAL6A	0	0	0	0	1	0	0	0	0
LDHAL6CP	0	1	0	0	0	0	0	0	0
LDHAL6FP	0	0	0	0	1	0	0	0	0
LDHAP1	3	1	0	1	0	0	0	0	0
LDHAP2	3	0	0	1	0	1	0	1	1
LDHAP3	4	3	0	4	0	2	1	0	0
LDHAP4	13	11	0	5	4	1	0	0	2
LDHAP5	0	0	0	0	3	0	1	0	0
LDHAP7	5	4	0	1	1	2	1	0	4
LDHB	763	458	80	333	172	312	111	1	358
LDHBP1	3	4	0	0	1	1	2	0	2
LDHBP2	2	1	0	1	0	0	0	0	1
LDHC	6	1	0	6	3	3	4	0	3
LDHD	1	0	0	0	1	0	0	0	0
LDLR	513	493	102	251	154	324	146	1	380
LDLRAD1	0	0	0	0	0	1	0	0	0
LDLRAD2	2	1	0	1	0	0	1	0	4
LDLRAD3	847	586	92	293	185	335	124	1	393
LDLRAD4	1375	705	125	453	242	474	344	0	620
LDLRAD4-AS1	0	0	0	0	1	0	0	0	0
LDLRAP1	46	39	4	17	12	21	12	0	22
LDOC1	46	79	3	17	11	14	12	0	31
LEAP2	2	6	0	1	2	1	0	0	4
LECT2	1	2	0	2	1	0	0	0	5
LEF1	7	2	0	3	1	4	1	0	2
LEF1-AS1	4	2	0	1	2	2	0	0	2
LEKR1	27	27	4	11	7	18	4	0	32
LEMD1	5	1	1	1	1	0	1	0	2
LEMD1-AS1	1	3	0	2	2	1	0	0	4
LEMD1-DT	1	0	0	0	0	0	0	0	0
LEMD2	84	42	11	30	15	15	11	0	22
LEMD3	198	154	27	87	63	133	23	0	204
LENEP	0	0	0	0	0	0	0	0	1
LENG1	21	9	4	4	3	16	4	0	6
LENG8	528	301	77	202	93	177	100	0	286
LENG8-AS1	34	40	12	17	11	17	10	0	54
LENG9	16	14	8	9	2	7	4	0	6
LEO1	101	55	9	46	22	58	13	0	47
LEPR	160	139	29	74	64	92	25	0	165
LEPROT	52	59	9	33	25	39	12	0	56
LEPROTL1	71	52	5	28	19	26	4	0	28
LERFS	9	3	0	3	2	4	0	0	3
LETM1	193	108	17	85	38	50	36	0	85
LETM1P2	0	1	0	1	0	0	0	0	0
LETM2	19	12	1	12	3	11	1	0	3
LETMD1	165	121	16	72	46	57	36	0	92
LETR1	5	4	1	0	4	1	1	0	3
LEUTX	0	0	0	0	0	1	0	0	0
LEXM	1	2	0	0	0	0	1	0	0
LFNG	28	19	6	9	4	3	4	0	8
LGALS1	216	100	19	88	31	38	34	0	95
LGALS12	3	0	1	0	0	0	0	0	0
LGALS3	103	62	5	37	28	35	15	0	68
LGALS3BP	298	227	44	116	76	114	90	1	158
LGALS4	2	0	1	0	0	1	0	0	1
LGALS8	65	28	4	30	20	27	7	0	26
LGALS8-AS1	1	0	0	0	0	1	0	0	0
LGALS9	29	41	1	5	5	26	6	0	13
LGALS9B	1	0	0	0	0	0	0	0	0
LGALS9DP	0	1	0	0	0	0	0	0	0
LGALSL	21	9	0	4	2	3	2	0	11
LGALSL-DT	7	3	2	3	3	1	2	0	2
LGI1	0	1	0	2	0	0	0	0	1
LGI2	2	0	0	1	0	1	1	0	1
LGI3	0	1	0	0	0	0	0	0	2
LGI4	1	1	0	0	0	0	0	0	1
LGMN	100	91	9	33	10	51	13	0	62
LGMNP1	0	1	0	0	0	0	0	0	0
LGR4	360	235	41	156	81	160	88	0	220
LGR4-AS1	6	4	0	1	1	4	2	0	0
LGR5	121	35	6	51	13	22	14	0	26
LGR6	29	15	5	4	5	5	5	0	8
LGSN	9	20	5	7	3	9	7	0	11
LHFPL1	0	0	0	2	0	0	0	0	1
LHFPL2	329	155	40	99	72	88	38	1	85
LHFPL3	33	22	4	14	9	16	7	0	21
LHFPL3-AS1	3	1	0	0	2	0	0	0	1
LHFPL3-AS2	2	0	0	0	0	1	0	0	1
LHFPL4	4	1	0	1	1	0	0	0	0
LHFPL5	2	0	1	1	0	1	0	0	0
LHFPL6	43	26	2	18	3	8	6	0	14
LHFPL7	0	1	0	0	0	0	0	0	1
LHPP	37	51	7	14	21	18	14	0	39
LHX1	3	4	0	2	1	1	1	0	1
LHX1-DT	49	14	1	10	5	3	3	0	2
LHX2	29	17	1	4	8	15	5	0	20
LHX3	2	1	0	11	1	1	0	0	0
LHX4	13	4	1	3	0	1	0	0	1
LHX5	11	2	0	1	1	0	0	0	0
LHX5-AS1	0	1	0	0	0	0	0	0	0
LHX6	10	13	1	2	2	4	1	0	3
LHX8	8	2	1	3	2	3	1	0	2
LHX9	9	4	0	2	3	6	2	0	4
LIAS	33	10	3	9	1	8	3	0	13
LIF	67	60	15	28	21	26	9	0	18
LIFR	266	227	37	127	71	160	76	2	199
LIFR-AS1	13	9	2	4	4	6	5	0	7
LIG1	207	172	32	65	38	96	48	0	149
LIG3	103	63	19	48	24	46	18	0	67
LIG4	50	26	5	32	12	31	6	1	34
LILRA2	1	0	0	0	0	0	0	0	0
LILRA6	0	1	0	0	0	0	0	0	0
LILRB1	2	0	0	0	1	0	0	0	1
LILRB1-AS1	1	0	0	0	0	0	0	0	0
LILRB3	1	0	0	0	0	0	0	0	0
LILRB4	1	26	1	9	12	12	9	1	6
LILRB5	1	0	0	1	0	1	0	0	0
LIM2	3	0	0	0	0	0	0	0	0
LIM2-AS1	4	3	1	0	0	1	0	0	5
LIMA1	260	161	40	101	66	147	60	0	150
LIMCH1	3584	2244	434	1478	837	1572	568	6	1851
LIMD1	312	218	23	114	85	118	53	0	182
LIMD1-AS1	28	62	5	36	3	20	10	0	24
LIMD2	8	2	0	0	0	0	1	0	2
LIME1	7	8	1	4	1	1	3	0	2
LIMK1	119	63	14	45	20	27	15	0	28
LIMK2	108	50	8	38	27	34	21	0	55
LIMS1	590	311	54	252	127	251	60	0	280
LIMS2	40	36	3	18	6	15	16	0	19
LIN28A	0	1	0	0	0	0	0	0	1
LIN28B	5	2	1	3	0	1	1	0	1
LIN28B-AS1	6	2	0	1	1	1	0	0	1
LIN37	12	1	1	1	3	2	0	0	2
LIN52	229	161	34	108	59	138	37	2	209
LIN54	207	127	28	78	43	117	32	0	202
LIN7A	5	3	0	2	1	1	1	0	2
LIN7B	4	1	1	0	0	1	0	0	0
LIN7C	353	199	45	143	72	179	39	1	202
LIN9	124	89	16	67	36	92	19	1	99
LINC-PINT	3552	1566	319	1036	555	1117	296	6	1229
LINC-ROR	0	0	0	1	0	0	0	0	1
LINC00032	3	0	0	0	0	1	0	0	2
LINC00092	0	0	0	0	0	1	0	0	0
LINC00106	21	23	2	5	8	11	11	0	15
LINC00111	4	1	1	2	1	1	1	0	3
LINC00113	0	0	0	2	0	2	0	0	0
LINC00114	0	0	0	0	1	1	1	0	0
LINC00115	5	6	2	5	4	5	1	0	2
LINC00158	1	0	0	1	0	0	0	0	1
LINC00159	6	3	0	2	0	1	1	0	1
LINC00160	3	0	1	2	1	2	2	0	2
LINC00163	4	1	0	3	0	1	0	0	3
LINC00165	8	6	0	2	0	1	0	0	5
LINC00173	4	3	0	0	1	0	1	0	4
LINC00174	81	68	8	38	20	49	19	1	65
LINC00189	204	8	4	15	4	5	18	0	12
LINC00200	6	5	0	2	0	3	0	0	4
LINC00205	24	20	0	15	4	9	5	0	16
LINC00210	0	1	1	0	0	0	1	0	0
LINC00211	2	3	1	0	0	1	1	0	0
LINC00221	1	0	0	0	0	0	0	0	0
LINC00222	4	0	0	0	0	0	1	0	2
LINC00229	1	2	0	1	0	0	0	0	0
LINC00235	6	7	1	4	3	4	3	0	1
LINC00237	6	3	0	0	1	0	0	0	0
LINC00239	2	1	0	0	1	0	0	0	0
LINC00240	8	9	0	6	1	3	2	0	4
LINC00242	0	0	0	1	0	0	0	0	0
LINC00243	3	3	0	2	0	2	0	0	0
LINC00261	2	0	0	4	0	0	0	0	1
LINC00265	45	29	9	16	9	16	7	0	38
LINC00269	0	1	0	0	0	0	0	0	0
LINC00276	162	14	1	7	4	6	7	0	8
LINC00278	1	2	0	3	0	2	0	0	1
LINC00279	12	0	0	2	0	1	2	0	5
LINC00290	4	4	0	1	1	1	0	0	1
LINC00293	1	1	0	1	0	0	0	0	0
LINC00294	30	20	4	17	11	15	3	0	22
LINC00298	6	1	0	1	1	0	0	0	1
LINC00299	29	18	0	9	7	10	5	0	7
LINC00301	2	1	0	2	0	0	0	0	0
LINC00303	0	2	0	0	0	0	0	0	0
LINC00305	16	25	1	17	2	3	3	0	8
LINC00310	1	2	0	0	0	0	0	0	0
LINC00311	3	0	0	0	1	1	0	0	0
LINC00313	4	6	1	10	1	0	3	0	5
LINC00317	0	0	0	1	0	0	0	0	0
LINC00319	0	1	0	0	0	0	0	0	1
LINC00320	5	3	0	2	1	0	0	0	0
LINC00322	14	16	1	8	1	7	2	0	6
LINC00323	0	1	0	0	1	0	0	0	1
LINC00324	85	55	11	71	24	31	11	0	49
LINC00326	3	3	0	3	0	2	1	0	0
LINC00327	1	5	0	2	0	2	1	0	2
LINC00330	3	0	0	1	1	0	0	0	0
LINC00331	0	1	0	0	0	0	0	0	0
LINC00332	0	0	0	2	0	1	0	0	1
LINC00334	3	4	0	1	1	0	1	0	5
LINC00339	7	5	0	1	2	3	0	0	3
LINC00342	47	44	7	19	12	21	15	0	55
LINC00343	2	5	0	3	2	2	0	0	2
LINC00345	0	1	0	0	0	0	0	0	0
LINC00347	1	0	0	1	0	0	0	0	0
LINC00348	20	2	2	0	1	3	0	0	1
LINC00351	6	2	0	2	0	4	2	0	1
LINC00352	0	0	0	0	0	2	0	0	0
LINC00354	12	2	0	0	0	0	0	0	0
LINC00355	4	1	0	0	1	4	0	0	1
LINC00358	1	2	0	0	1	0	0	0	0
LINC00363	3	0	0	0	0	0	0	0	0
LINC00364	6	3	0	2	0	0	0	0	0
LINC00365	1	0	0	0	0	0	0	0	0
LINC00366	1	1	0	0	0	1	0	0	0
LINC00370	14	5	0	0	1	3	1	0	6
LINC00373	4	0	0	2	0	1	1	0	0
LINC00374	0	1	0	1	0	0	0	0	0
LINC00375	0	0	0	0	0	2	0	0	1
LINC00376	6	5	0	0	1	2	1	0	2
LINC00378	14	17	4	11	7	11	3	1	11
LINC00382	0	1	0	1	0	0	0	0	0
LINC00383	1	3	2	3	0	0	0	0	0
LINC00384	0	2	0	0	1	0	1	0	0
LINC00385	2	0	0	0	0	0	0	0	0
LINC00390	5	1	3	3	0	1	1	0	2
LINC00391	0	1	0	0	0	0	0	0	0
LINC00393	6	4	1	3	1	2	0	0	7
LINC00395	0	2	0	1	0	1	0	0	0
LINC00397	5	0	2	0	0	9	4	0	5
LINC00398	0	0	1	0	0	0	0	0	0
LINC00399	0	1	0	0	0	0	0	0	0
LINC00402	2	1	0	0	0	1	0	0	0
LINC00407	5	1	0	2	0	0	0	0	1
LINC00408	1	0	0	0	0	0	2	0	0
LINC00410	1	3	0	0	0	0	1	0	0
LINC00423	1	0	0	0	0	0	0	0	0
LINC00426	1	0	0	1	1	3	1	0	1
LINC00427	1	0	0	0	0	0	0	0	0
LINC00430	1	1	0	0	1	0	1	0	1
LINC00433	5	2	0	1	0	1	0	0	0
LINC00437	1	1	0	0	0	1	0	0	1
LINC00440	2	0	0	4	1	1	0	0	0
LINC00442	1	0	0	0	0	0	0	0	0
LINC00443	1	0	0	0	0	0	0	0	0
LINC00445	0	0	0	1	0	0	0	0	0
LINC00448	1	0	0	1	0	0	4	0	1
LINC00449	0	0	0	1	0	1	0	0	1
LINC00452	1	2	0	0	0	0	0	0	0
LINC00456	1	1	0	0	0	0	0	0	0
LINC00457	41	8	0	13	4	5	4	0	3
LINC00458	15	14	4	5	3	18	5	0	31
LINC00461	9	2	0	1	3	4	1	0	3
LINC00466	6	5	1	2	1	1	1	0	5
LINC00467	23	18	2	9	0	18	2	0	16
LINC00469	1	0	0	0	0	0	0	0	1
LINC00470	8	9	0	2	2	4	1	0	3
LINC00471	5	1	0	2	0	5	0	0	1
LINC00472	170	83	23	70	42	82	23	1	100
LINC00474	3	1	0	2	0	2	2	0	0
LINC00477	0	1	0	0	0	0	0	0	0
LINC00482	1	0	1	0	2	1	0	0	3
LINC00484	3	3	0	2	3	1	2	0	1
LINC00486	55	21	7	5	12	21	9	0	12
LINC00487	3	0	0	1	0	1	0	0	0
LINC00488	0	1	0	0	0	0	0	0	0
LINC00489	0	1	0	0	0	0	0	0	0
LINC00491	2	0	0	1	0	0	0	0	0
LINC00492	0	1	0	0	1	0	0	0	0
LINC00494	2	0	0	0	0	0	0	0	0
LINC00498	0	2	0	0	0	0	0	0	0
LINC00499	6	7	1	3	2	1	2	0	8
LINC00501	2	2	0	2	0	0	1	0	0
LINC00502	1	0	0	1	0	1	0	0	1
LINC00504	20	6	0	3	7	7	2	0	12
LINC00506	3	1	1	2	0	4	0	0	0
LINC00507	1	0	1	0	0	0	0	0	0
LINC00508	1	2	0	0	0	0	0	0	1
LINC00511	373	198	30	141	63	100	37	0	126
LINC00513	17	14	1	7	3	7	4	0	10
LINC00517	0	0	0	0	0	0	0	0	1
LINC00519	0	0	0	0	0	2	0	0	0
LINC00520	2	0	0	2	0	0	0	0	0
LINC00523	2	1	0	1	0	0	1	0	1
LINC00525	1	0	0	0	0	0	0	0	0
LINC00526	3	0	1	0	0	0	1	0	3
LINC00529	0	0	0	0	1	0	0	0	0
LINC00533	2	0	0	0	0	1	0	0	1
LINC00534	44	70	2	29	9	11	13	0	14
LINC00536	39	13	2	9	2	7	3	0	8
LINC00539	1	0	0	0	0	2	0	0	1
LINC00540	2	6	0	3	3	4	1	0	7
LINC00544	69	1	2	7	2	2	5	0	1
LINC00545	4	3	0	1	0	0	0	0	0
LINC00547	1	0	0	0	0	1	0	0	0
LINC00550	1	0	0	0	0	1	0	0	0
LINC00551	5	8	0	6	0	3	1	0	5
LINC00558	3	1	1	5	1	3	1	0	2
LINC00559	9	1	0	0	0	1	0	0	1
LINC00562	1	2	2	1	1	0	0	0	1
LINC00570	6	1	1	1	1	1	2	0	6
LINC00571	68	36	6	29	9	27	5	0	38
LINC00572	0	0	0	0	1	0	1	0	0
LINC00574	1	1	0	0	0	0	0	0	1
LINC00575	0	0	0	0	0	0	0	0	1
LINC00578	23	11	1	5	3	7	7	0	15
LINC00581	3	1	0	0	1	0	1	0	1
LINC00582	1	0	0	0	0	0	0	0	0
LINC00583	0	1	0	0	0	0	0	0	0
LINC00587	0	0	0	0	0	2	0	0	3
LINC00589	7	3	2	2	1	2	1	0	3
LINC00592	11	11	2	3	4	3	2	0	5
LINC00595	1	3	0	0	0	0	0	0	0
LINC00596	5	0	0	4	0	2	1	0	2
LINC00598	34	16	2	17	8	6	4	0	9
LINC00601	8	0	0	1	1	0	0	0	3
LINC00602	8	5	1	4	2	1	1	0	3
LINC00603	27	32	3	21	5	5	2	0	6
LINC00604	0	0	1	0	0	0	0	0	0
LINC00607	5	3	0	5	1	5	0	0	3
LINC00608	4	0	0	0	0	0	0	0	0
LINC00609	1	5	0	6	1	1	1	0	4
LINC00612	1	0	0	1	0	0	0	0	0
LINC00613	5	2	0	4	1	1	1	0	1
LINC00615	0	0	0	1	0	1	0	0	0
LINC00616	7	4	0	2	1	3	2	0	5
LINC00620	7	6	0	6	1	0	1	0	0
LINC00621	4	3	0	0	1	0	1	0	0
LINC00622	0	1	0	0	0	0	0	0	0
LINC00623	28	19	2	14	5	16	4	0	12
LINC00624	13	13	3	10	3	7	4	0	4
LINC00628	0	0	0	0	0	0	0	0	1
LINC00629	2	2	0	2	2	0	0	0	2
LINC00630	214	157	28	101	49	96	33	0	138
LINC00632	13	6	3	16	3	9	3	0	5
LINC00635	1	0	0	0	0	0	1	0	0
LINC00636	2	3	0	1	2	2	2	0	0
LINC00638	0	1	0	0	0	0	0	0	1
LINC00639	9	7	1	6	1	3	3	0	4
LINC00640	4	5	0	0	0	4	0	0	3
LINC00641	60	39	15	27	14	32	8	0	50
LINC00642	2	3	0	1	0	0	0	0	0
LINC00645	3	0	0	1	0	0	0	0	0
LINC00648	0	0	0	1	0	2	1	0	2
LINC00649	3	1	3	2	1	0	2	0	0
LINC00654	6	2	0	0	2	2	0	0	0
LINC00656	1	0	0	0	0	0	0	0	0
LINC00658	1	1	0	0	0	0	0	0	0
LINC00659	4	3	0	0	0	0	0	0	0
LINC00661	0	1	0	0	0	0	0	0	0
LINC00662	288	195	29	83	40	71	51	0	96
LINC00663	0	0	1	1	0	0	0	0	0
LINC00664	1	0	0	0	0	0	0	0	0
LINC00665	2	1	0	0	3	0	1	0	0
LINC00667	27	21	3	11	2	9	6	0	29
LINC00668	9	1	0	3	0	1	4	0	3
LINC00670	13	4	1	1	1	4	0	0	8
LINC00671	0	1	0	0	1	0	1	0	0
LINC00672	1	0	0	0	0	0	0	0	0
LINC00677	1	0	0	1	1	0	0	0	0
LINC00680	6	6	1	4	1	3	2	0	3
LINC00681	1	0	0	2	0	0	0	0	0
LINC00682	6	1	0	1	0	1	1	0	1
LINC00683	6	4	1	4	0	0	0	0	1
LINC00685	1	0	0	2	1	0	0	0	1
LINC00687	6	3	0	4	1	6	0	0	6
LINC00689	4	11	3	3	3	4	3	0	6
LINC00690	2	0	0	0	0	0	0	0	1
LINC00691	1	0	0	1	0	0	0	0	0
LINC00692	1	0	0	1	0	0	0	0	1
LINC00698	4	2	0	0	1	2	1	0	2
LINC00700	3	0	0	0	0	1	0	0	0
LINC00701	0	0	0	0	0	0	0	0	1
LINC00702	3	0	1	2	1	1	0	0	2
LINC00703	2	1	1	0	0	0	0	0	1
LINC00705	0	0	0	1	0	0	2	0	0
LINC00706	1	1	0	0	1	0	3	0	4
LINC00707	33	9	4	12	3	13	3	0	13
LINC00708	1	0	0	0	0	0	0	0	0
LINC00709	0	0	0	0	0	0	1	0	1
LINC00710	5	8	0	2	1	0	0	0	0
LINC00824	4	4	1	3	1	3	0	0	4
LINC00836	2	1	0	1	1	0	1	0	3
LINC00837	1	0	0	0	0	0	0	0	0
LINC00838	1	1	0	0	0	0	1	0	0
LINC00839	1	4	0	3	1	2	0	0	1
LINC00840	5	2	0	1	1	2	0	0	2
LINC00841	2	0	2	2	1	1	0	0	0
LINC00842	1	0	0	0	0	0	0	0	0
LINC00845	6	9	1	2	1	6	2	0	5
LINC00847	8	5	2	2	0	1	4	0	0
LINC00850	2	0	0	0	0	1	0	0	1
LINC00852	5	5	1	1	2	2	2	0	1
LINC00857	8	5	1	2	0	5	1	0	5
LINC00858	1	0	0	0	0	0	0	0	2
LINC00861	106	68	9	43	15	15	22	0	19
LINC00862	47	36	6	18	19	35	6	0	44
LINC00863	4	5	0	2	1	0	0	0	1
LINC00865	2	0	0	0	0	0	1	0	0
LINC00867	2	5	0	0	1	0	0	0	1
LINC00868	2	0	0	0	0	0	0	0	0
LINC00869	47	28	5	12	9	13	5	0	19
LINC00870	2	5	1	0	1	3	0	0	0
LINC00871	28	13	2	6	3	7	2	0	16
LINC00877	14	10	4	6	2	1	1	0	2
LINC00879	5	5	4	0	1	2	0	0	3
LINC00880	5	2	0	3	0	2	0	0	1
LINC00881	6	1	0	0	0	0	1	0	0
LINC00882	87	127	22	44	39	102	41	1	149
LINC00886	70	73	12	29	13	46	13	0	68
LINC00887	41	17	3	8	2	10	9	0	23
LINC00888	17	10	0	6	4	1	3	0	7
LINC00896	2	0	0	0	1	0	0	0	1
LINC00898	1	1	0	0	0	0	0	0	1
LINC00899	3	7	0	1	0	0	1	0	0
LINC00903	0	0	0	1	0	0	1	0	2
LINC00904	1	2	1	0	0	0	0	0	0
LINC00905	1	0	0	0	0	0	0	0	1
LINC00906	4	2	0	2	0	1	1	0	2
LINC00907	39	28	6	25	10	17	6	0	24
LINC00910	447	432	62	166	151	221	94	1	391
LINC00917	1	0	2	1	1	2	0	0	1
LINC00921	5	2	0	0	1	1	1	0	5
LINC00922	10	3	0	3	1	4	1	0	3
LINC00923	263	261	71	121	95	240	111	1	343
LINC00924	5	4	2	1	1	1	0	0	4
LINC00926	21	13	2	9	7	8	5	0	11
LINC00927	2	1	0	0	0	0	0	0	0
LINC00928	0	0	0	0	1	0	2	0	1
LINC00929	0	0	0	0	0	1	0	0	0
LINC00930	1	0	0	0	0	0	0	0	0
LINC00933	1	0	0	0	0	0	0	0	0
LINC00934	0	0	0	0	1	0	0	0	0
LINC00937	2	1	0	0	0	0	0	0	0
LINC00938	17	11	1	1	2	14	3	0	19
LINC00939	0	0	0	1	0	0	0	0	0
LINC00940	1	1	0	2	1	1	0	0	1
LINC00941	2	3	1	1	0	2	1	0	0
LINC00942	3	4	0	0	0	1	0	0	5
LINC00943	4	2	0	0	0	1	0	0	4
LINC00944	5	3	1	4	3	3	1	0	1
LINC00951	3	1	0	0	0	1	0	0	1
LINC00954	4	3	0	0	0	1	0	0	0
LINC00957	0	0	0	0	0	0	0	0	1
LINC00958	434	230	49	147	72	132	42	1	154
LINC00960	7	16	2	6	2	10	1	0	14
LINC00963	275	289	49	120	94	166	88	0	319
LINC00964	10	5	0	2	2	1	2	0	0
LINC00968	5	1	0	1	0	2	0	0	0
LINC00971	5	5	1	3	1	1	2	0	1
LINC00972	4	0	1	2	1	1	0	0	0
LINC00973	1	0	0	0	0	0	0	0	0
LINC00987	0	0	0	0	0	0	1	0	0
LINC00989	3	2	0	1	0	0	1	0	4
LINC00992	1	5	0	3	0	4	0	0	3
LINC00993	4	1	0	1	0	1	0	0	2
LINC00994	0	0	0	0	0	0	0	0	1
LINC00996	4	1	0	0	0	0	0	0	0
LINC00997	4	1	1	2	0	1	1	0	2
LINC01002	1	1	0	3	0	0	1	0	1
LINC01003	4	1	0	4	1	1	0	0	1
LINC01004	349	307	70	177	120	300	84	0	507
LINC01007	1	7	0	8	1	0	1	0	3
LINC01010	579	800	157	294	248	517	206	0	885
LINC01011	3	1	0	0	1	1	0	0	0
LINC01012	7	11	0	7	2	2	1	0	4
LINC01013	20	24	7	18	11	24	5	0	27
LINC01015	1	0	0	0	0	0	0	0	0
LINC01016	1	2	0	0	0	1	1	0	0
LINC01018	1	0	0	0	0	0	1	0	0
LINC01019	17	3	2	1	1	0	3	0	8
LINC01020	4	4	0	1	0	1	1	0	0
LINC01023	1	2	0	0	1	0	0	0	1
LINC01028	2	0	1	0	0	0	0	0	0
LINC01029	0	0	0	0	0	1	0	0	0
LINC01030	0	0	0	0	0	0	0	0	1
LINC01031	41	15	7	15	9	14	5	0	29
LINC01033	21	10	0	5	2	6	2	0	5
LINC01035	5	1	0	2	0	1	0	0	2
LINC01036	19	13	0	9	3	3	4	0	7
LINC01039	2	2	0	1	0	0	0	0	1
LINC01040	0	7	1	0	1	0	2	0	4
LINC01044	0	1	0	0	0	0	0	0	0
LINC01047	1	0	0	0	0	1	0	0	0
LINC01049	1	1	0	1	1	0	0	0	0
LINC01050	1	0	0	1	0	0	0	0	0
LINC01052	0	0	0	0	1	1	1	0	1
LINC01053	0	0	0	0	0	0	0	0	1
LINC01055	1	0	0	0	1	0	0	0	0
LINC01058	11	1	0	1	0	3	0	0	1
LINC01060	95	79	9	40	24	67	15	0	109
LINC01063	1	0	0	0	0	1	1	0	0
LINC01065	2	0	0	1	0	0	2	0	0
LINC01066	1	0	0	1	0	0	0	0	0
LINC01068	0	2	1	0	1	3	0	0	0
LINC01075	2	0	0	1	0	2	0	0	1
LINC01080	0	1	0	0	1	1	0	0	0
LINC01081	13	12	0	4	3	5	0	0	4
LINC01082	0	0	0	0	0	0	1	0	0
LINC01085	4	0	0	0	2	2	1	0	7
LINC01087	0	0	0	1	0	1	0	0	0
LINC01088	31	23	2	15	6	14	2	0	16
LINC01089	74	56	18	31	17	36	14	0	61
LINC01090	43	29	2	16	12	13	4	1	21
LINC01091	24	6	2	9	4	7	4	0	10
LINC01094	13	10	0	3	1	8	0	0	4
LINC01095	1	1	0	0	0	0	1	0	2
LINC01096	3	0	0	0	0	1	1	0	1
LINC01097	0	0	0	0	1	0	0	0	0
LINC01098	8	7	1	5	6	6	1	0	5
LINC01099	27	5	0	7	3	3	2	0	6
LINC01100	1	0	0	2	0	1	0	0	0
LINC01102	1	1	0	4	0	1	0	0	2
LINC01103	0	0	0	0	0	0	0	0	1
LINC01104	1	0	0	0	0	0	0	0	0
LINC01106	0	2	1	0	0	0	0	0	3
LINC01107	1	0	0	0	1	0	0	0	0
LINC01108	0	0	0	0	0	0	1	0	1
LINC01111	8	2	0	1	0	0	1	0	0
LINC01115	4	1	0	1	0	1	1	0	1
LINC01116	46	60	12	18	17	32	13	0	70
LINC01117	46	43	11	24	12	26	19	0	42
LINC01118	24	22	6	11	4	11	4	0	18
LINC01119	3	2	0	4	0	0	2	0	1
LINC01121	9	2	0	4	0	2	0	0	3
LINC01122	50	22	4	25	10	25	14	0	40
LINC01123	6	7	0	3	0	1	2	0	1
LINC01124	0	1	0	0	0	0	1	0	0
LINC01126	3	2	0	0	1	0	1	0	2
LINC01127	2	0	0	0	0	0	0	0	0
LINC01128	56	27	4	18	6	27	2	0	21
LINC01132	5	0	0	0	1	0	1	0	1
LINC01133	37	15	5	12	7	7	8	0	17
LINC01134	20	9	3	10	4	3	4	0	10
LINC01135	53	36	8	24	10	14	13	1	29
LINC01138	136	102	25	57	24	57	22	0	74
LINC01139	2	1	0	3	1	1	1	0	4
LINC01140	1	4	0	2	1	0	1	0	0
LINC01141	7	2	0	2	1	1	2	0	1
LINC01142	2	0	0	0	1	0	0	0	0
LINC01144	1	0	0	1	0	0	0	0	0
LINC01145	33	16	4	13	5	14	2	0	22
LINC01149	0	0	0	2	1	0	0	0	0
LINC01150	0	1	0	0	0	0	0	0	0
LINC01151	13	8	0	5	3	4	2	0	4
LINC01152	0	1	0	0	0	0	0	0	0
LINC01154	1	0	0	0	0	0	0	0	0
LINC01159	3	0	0	0	0	0	0	0	1
LINC01160	1	1	0	1	0	0	1	0	0
LINC01162	7	4	2	3	1	2	2	0	4
LINC01163	8	10	0	3	0	4	1	0	0
LINC01166	0	0	0	1	0	0	0	0	0
LINC01168	0	0	0	0	0	0	1	0	0
LINC01169	8	5	0	0	3	1	0	0	2
LINC01170	20	13	1	8	2	4	2	0	3
LINC01173	2	0	0	0	0	0	0	0	1
LINC01176	19	14	2	9	2	15	6	0	20
LINC01179	7	5	0	4	2	3	2	0	3
LINC01181	0	0	0	0	1	0	0	0	0
LINC01182	59	77	18	38	20	46	33	0	79
LINC01186	16	10	0	9	4	4	0	0	2
LINC01187	0	0	1	0	0	0	0	0	0
LINC01191	24	20	4	8	7	21	9	0	25
LINC01192	3	3	1	4	1	0	0	0	4
LINC01193	2	1	1	2	0	0	0	0	0
LINC01194	17	6	1	2	0	0	2	0	4
LINC01195	0	0	0	0	0	0	0	0	1
LINC01198	1	0	0	4	2	0	0	0	2
LINC01201	8	2	0	1	1	2	1	0	1
LINC01202	8	4	2	1	0	3	3	0	1
LINC01203	1	2	0	0	0	0	0	0	2
LINC01204	7	4	1	0	0	1	0	0	4
LINC01205	7	2	0	5	0	5	4	0	6
LINC01206	0	0	0	2	0	0	1	0	0
LINC01208	20	8	2	5	8	5	4	0	10
LINC01210	0	1	0	0	0	0	0	0	0
LINC01213	0	1	0	3	0	1	1	0	0
LINC01214	2	0	0	0	0	0	0	0	1
LINC01216	1	0	0	0	0	0	1	0	0
LINC01217	1	1	0	0	0	0	0	0	0
LINC01220	5	3	1	3	0	1	0	0	4
LINC01221	1	0	0	1	0	0	0	0	0
LINC01222	0	4	0	0	0	0	0	0	0
LINC01224	2	0	0	0	0	2	0	0	1
LINC01226	3	3	0	0	0	2	0	0	1
LINC01227	2	1	0	0	0	2	0	0	1
LINC01228	1	0	0	0	0	0	0	0	0
LINC01229	4	2	0	2	1	2	0	0	0
LINC01231	1	0	0	0	0	2	0	0	0
LINC01232	1	3	0	1	0	1	0	0	2
LINC01234	5	11	1	4	2	4	1	0	4
LINC01235	0	1	0	0	1	0	2	0	0
LINC01237	46	34	12	35	16	33	21	0	32
LINC01238	4	5	1	1	2	2	4	0	2
LINC01239	13	7	0	3	2	2	1	0	12
LINC01241	4	7	0	8	2	1	2	0	3
LINC01242	11	3	0	2	0	6	4	0	9
LINC01243	0	0	0	0	0	0	0	0	1
LINC01248	4	1	0	0	0	0	0	0	2
LINC01249	1	1	0	0	0	0	1	0	0
LINC01250	11	10	3	7	1	3	3	0	9
LINC01252	1	2	0	1	0	3	1	0	0
LINC01254	1	0	0	0	0	0	0	0	0
LINC01255	5	5	0	3	2	4	3	0	1
LINC01256	3	1	0	0	0	1	0	0	0
LINC01257	6	9	0	2	1	3	0	0	7
LINC01258	5	2	0	2	0	0	2	0	1
LINC01259	0	1	0	0	0	0	0	0	0
LINC01266	77	17	5	20	8	6	6	1	9
LINC01270	19	19	3	11	8	9	10	0	26
LINC01271	2	4	1	3	8	4	4	0	5
LINC01273	1	2	0	1	0	0	1	0	2
LINC01275	2	2	0	0	0	3	2	0	1
LINC01276	3	0	0	3	2	0	0	0	1
LINC01277	7	6	0	3	1	2	0	0	1
LINC01278	304	206	43	129	66	178	48	0	211
LINC01280	0	0	0	0	1	0	0	0	0
LINC01283	1	3	0	0	1	0	0	0	1
LINC01284	6	2	0	3	0	1	0	0	5
LINC01285	5	1	0	2	2	2	3	0	0
LINC01287	0	1	1	2	1	0	0	0	1
LINC01288	0	2	1	0	1	2	0	0	1
LINC01289	1	0	0	0	0	0	0	0	0
LINC01290	4	7	0	3	2	1	0	0	8
LINC01291	1	0	0	0	0	0	1	0	2
LINC01293	1	0	0	0	0	0	0	0	0
LINC01297	0	0	0	1	0	0	0	0	0
LINC01298	0	0	0	1	0	1	0	0	0
LINC01299	0	2	0	0	0	0	1	0	0
LINC01300	0	1	0	1	0	1	0	0	0
LINC01301	9	8	1	2	0	2	1	0	8
LINC01303	16	17	2	1	10	4	3	0	14
LINC01304	4	5	0	5	1	2	2	0	4
LINC01305	0	0	0	1	0	0	0	0	0
LINC01307	3	0	0	1	0	1	0	0	0
LINC01309	0	1	0	0	0	0	0	0	0
LINC01310	0	4	0	2	1	1	3	0	3
LINC01311	7	2	1	1	1	0	0	0	2
LINC01312	1	0	0	0	0	0	0	0	0
LINC01315	2	3	0	0	1	1	0	0	2
LINC01318	1	0	0	0	0	0	0	0	0
LINC01320	39	36	3	23	11	13	8	0	16
LINC01322	50	23	9	12	10	32	6	0	19
LINC01323	0	0	1	0	1	1	0	0	0
LINC01324	3	0	0	3	0	1	0	0	1
LINC01327	1	1	0	0	0	0	0	0	0
LINC01331	17	6	0	3	4	1	1	0	2
LINC01333	1	1	0	0	0	0	0	0	0
LINC01337	5	6	1	4	0	4	3	0	4
LINC01338	3	5	0	3	0	2	0	0	1
LINC01339	14	9	1	3	0	2	2	0	6
LINC01340	8	6	1	2	2	5	1	0	3
LINC01341	10	5	1	1	2	4	2	0	4
LINC01342	0	0	0	0	0	0	1	0	0
LINC01343	1	0	0	0	0	0	0	0	0
LINC01344	55	20	4	22	7	7	13	0	12
LINC01347	3	0	0	0	0	1	0	0	1
LINC01348	3	1	1	1	0	2	0	0	2
LINC01349	0	0	0	0	1	0	0	0	0
LINC01350	3	3	0	1	1	1	1	0	2
LINC01353	0	0	0	1	0	0	0	0	0
LINC01355	32	35	9	16	15	31	11	0	63
LINC01356	2	1	2	0	1	2	0	0	0
LINC01357	1	1	0	0	0	2	0	0	2
LINC01358	19	4	0	2	3	4	4	0	8
LINC01359	0	0	0	1	0	0	0	0	1
LINC01360	1	0	0	0	1	0	0	0	0
LINC01361	0	2	0	0	0	0	0	0	0
LINC01362	14	3	1	2	1	6	1	0	1
LINC01363	2	1	0	0	0	0	0	0	0
LINC01364	0	0	0	0	0	2	0	0	1
LINC01366	2	0	0	0	0	0	0	0	0
LINC01370	1	0	0	0	0	0	0	0	0
LINC01374	44	45	1	22	9	7	14	0	10
LINC01375	0	0	0	1	0	1	0	0	0
LINC01376	27	32	5	9	14	12	4	0	22
LINC01378	14	6	3	4	0	5	0	0	5
LINC01386	0	0	0	1	0	0	0	0	0
LINC01387	363	2	0	2	0	2	0	0	0
LINC01391	5	0	0	1	0	0	1	0	0
LINC01392	2	5	0	0	0	2	1	0	3
LINC01393	7	10	0	7	2	8	3	0	5
LINC01395	0	0	1	1	0	0	0	0	1
LINC01396	0	0	0	1	0	0	0	0	0
LINC01397	1	0	0	3	0	1	0	0	1
LINC01398	1	0	0	0	0	0	0	0	0
LINC01399	8	10	0	11	4	9	1	0	7
LINC01405	1	1	0	1	1	1	0	0	1
LINC01409	10	14	3	6	4	10	3	0	6
LINC01410	16	17	3	7	3	11	6	0	16
LINC01411	1711	1314	243	671	434	822	379	4	994
LINC01412	2	2	0	1	1	2	0	0	2
LINC01413	2	1	0	1	0	0	0	0	1
LINC01414	24	15	3	8	3	13	4	0	12
LINC01415	1	0	0	0	1	0	0	0	0
LINC01416	4	4	0	1	1	0	0	0	1
LINC01419	3	0	0	2	0	1	0	0	1
LINC01422	1	2	1	1	2	2	0	0	3
LINC01424	10	5	3	2	0	2	4	0	5
LINC01425	6	5	0	0	0	0	1	0	0
LINC01426	2	0	0	0	1	1	0	0	0
LINC01427	1	0	1	0	1	0	0	0	0
LINC01428	5	3	0	4	0	2	2	0	2
LINC01429	3	1	0	0	1	0	0	0	3
LINC01431	0	1	0	2	0	0	0	0	0
LINC01432	1	0	0	0	0	0	0	0	0
LINC01433	2	2	0	0	0	1	0	0	0
LINC01435	22	18	2	15	1	6	3	0	9
LINC01438	0	0	0	0	0	1	1	0	0
LINC01440	9	3	1	5	0	2	0	0	6
LINC01441	0	0	0	1	0	0	0	0	0
LINC01443	0	0	0	3	0	0	1	0	0
LINC01444	1	1	0	0	0	0	0	0	0
LINC01445	6	3	0	1	1	1	0	0	2
LINC01446	5	5	0	3	2	0	0	0	0
LINC01447	1	0	0	1	0	0	0	0	0
LINC01448	2	0	0	0	0	0	0	0	1
LINC01449	3	2	0	0	0	1	0	0	2
LINC01450	0	1	0	0	0	0	0	0	0
LINC01451	0	0	0	0	0	0	0	0	1
LINC01455	1	0	0	1	0	0	0	0	0
LINC01456	6	7	1	3	4	0	3	0	3
LINC01460	3	1	2	2	0	1	0	0	0
LINC01465	4	3	1	2	1	1	1	0	0
LINC01467	0	0	0	0	0	1	0	0	1
LINC01470	23	12	3	5	4	5	2	0	5
LINC01471	6	2	0	0	0	0	0	0	3
LINC01473	248	217	32	113	89	158	68	0	257
LINC01476	6	3	0	1	1	0	1	0	3
LINC01477	3	1	0	1	0	1	1	0	0
LINC01478	10	4	0	5	1	3	1	0	1
LINC01479	0	1	0	0	0	0	1	0	0
LINC01482	3	5	0	3	0	2	0	0	1
LINC01483	10	4	1	1	5	2	1	0	11
LINC01484	14	10	0	4	1	5	3	0	7
LINC01485	1	1	0	1	1	0	0	0	0
LINC01488	2	3	0	0	0	0	0	0	0
LINC01489	0	2	0	0	0	0	0	0	0
LINC01490	0	1	0	0	0	0	0	0	0
LINC01491	1	2	0	2	0	1	0	0	2
LINC01492	9	4	1	2	2	2	1	0	2
LINC01493	2	0	0	0	1	0	0	0	0
LINC01494	0	0	0	2	1	0	1	0	0
LINC01495	7	4	0	3	2	3	1	0	1
LINC01496	0	2	0	0	0	0	0	0	0
LINC01497	0	1	0	0	0	0	0	0	0
LINC01498	7	5	1	1	2	0	1	0	1
LINC01499	4	3	0	2	3	0	1	0	2
LINC01500	13	8	0	5	3	3	3	0	4
LINC01501	3	1	2	0	0	1	0	0	2
LINC01502	2	1	0	0	0	0	0	0	0
LINC01503	13	13	3	8	8	10	8	0	13
LINC01504	1	2	0	0	0	2	0	0	0
LINC01505	105	109	26	57	30	57	32	0	107
LINC01507	1	0	0	0	0	0	0	0	0
LINC01508	12	8	0	6	2	3	0	0	3
LINC01509	10	8	1	7	1	4	1	0	4
LINC01511	1	1	0	1	0	0	1	0	0
LINC01512	3	0	0	0	0	0	0	0	0
LINC01513	1	0	0	0	0	1	0	0	0
LINC01514	0	0	0	1	0	0	0	0	0
LINC01515	78	73	14	40	28	80	20	0	90
LINC01516	1	0	0	0	0	0	0	0	0
LINC01517	14	10	0	5	1	6	2	0	4
LINC01518	9	4	1	4	3	10	5	0	10
LINC01520	1	0	0	0	0	0	0	0	1
LINC01521	2	1	2	4	0	3	0	0	0
LINC01522	0	0	0	0	0	0	0	0	1
LINC01524	38	15	3	6	7	9	3	0	11
LINC01525	1	1	0	4	1	1	1	0	0
LINC01527	1	0	0	0	0	1	0	0	0
LINC01531	1	0	0	0	0	0	0	0	1
LINC01532	0	0	0	0	0	0	0	0	2
LINC01533	3	1	0	1	0	2	0	0	0
LINC01535	0	0	2	0	0	0	0	0	1
LINC01537	4	3	0	4	4	1	1	0	3
LINC01538	1	0	1	0	0	0	1	0	1
LINC01541	0	1	0	0	0	0	0	0	0
LINC01543	2	2	0	0	0	0	0	0	1
LINC01544	1	0	0	0	0	0	0	0	0
LINC01545	0	1	1	0	0	0	0	0	1
LINC01546	1	0	0	0	0	0	0	0	0
LINC01547	8	2	0	1	1	2	2	0	2
LINC01548	2	0	0	0	0	0	0	0	0
LINC01550	3	2	0	1	0	0	0	0	0
LINC01551	2	0	0	2	0	0	1	0	1
LINC01554	2	2	0	0	0	1	0	0	2
LINC01558	3	0	0	0	0	0	0	0	0
LINC01559	2	0	0	0	0	1	0	0	0
LINC01560	1	2	0	0	2	3	0	0	6
LINC01561	1	0	0	0	0	0	0	0	0
LINC01562	3	0	1	1	0	0	3	0	1
LINC01563	2	0	0	0	0	0	0	0	1
LINC01564	4	3	0	0	1	1	2	0	3
LINC01565	0	0	0	0	0	0	1	0	0
LINC01566	0	0	0	0	0	0	1	0	0
LINC01567	2	0	0	0	2	0	0	0	1
LINC01568	7	3	0	2	0	1	1	0	6
LINC01569	7	4	0	3	1	1	1	0	5
LINC01571	2	0	0	0	0	0	0	0	0
LINC01572	243	227	50	120	79	191	68	1	239
LINC01579	59	99	22	32	34	80	36	0	148
LINC01580	2	0	0	0	1	0	0	0	3
LINC01581	5	2	2	1	1	4	3	0	5
LINC01583	5	0	0	3	0	1	1	0	0
LINC01584	2	0	0	0	0	0	1	0	0
LINC01585	0	1	0	0	0	0	0	0	0
LINC01586	2	0	0	0	0	0	0	0	0
LINC01588	31	20	9	11	6	12	12	0	31
LINC01589	5	2	1	3	0	3	0	0	2
LINC01591	3	2	0	1	0	0	0	0	1
LINC01592	6	5	2	5	0	3	0	0	1
LINC01594	1	2	0	0	0	1	0	0	0
LINC01597	0	0	0	0	0	1	0	0	1
LINC01600	9	15	0	4	4	5	0	0	11
LINC01602	2	5	0	1	2	2	3	0	1
LINC01603	1	0	0	0	0	1	0	0	0
LINC01605	17	12	0	7	5	4	2	0	2
LINC01606	4	5	0	2	0	0	1	0	0
LINC01607	6	5	0	2	1	0	0	0	0
LINC01608	7	2	0	3	0	3	0	0	0
LINC01609	6	3	1	0	1	1	1	0	1
LINC01611	5	5	0	1	1	3	2	0	2
LINC01612	1	0	0	0	0	0	1	0	1
LINC01613	0	0	0	0	0	0	0	0	1
LINC01615	0	1	0	0	0	0	0	0	0
LINC01618	3	10	2	4	1	3	0	0	4
LINC01619	229	137	24	76	41	119	22	0	94
LINC01620	1	0	0	0	0	0	1	0	0
LINC01621	1	0	0	0	0	1	0	0	0
LINC01622	9	10	3	12	5	3	4	0	4
LINC01623	7	5	0	7	2	1	5	0	4
LINC01624	1	0	0	0	0	0	0	0	0
LINC01625	0	0	0	1	0	0	0	0	2
LINC01629	9	3	2	8	3	3	1	0	5
LINC01630	13	7	1	6	1	1	4	0	4
LINC01634	0	0	0	0	0	1	0	0	0
LINC01635	2	0	0	0	0	0	0	0	0
LINC01637	3	0	0	0	0	0	0	0	0
LINC01639	0	0	0	0	0	0	1	0	0
LINC01640	2	1	0	0	0	0	0	0	1
LINC01641	1	0	0	1	0	0	0	0	0
LINC01643	5	2	0	2	1	2	0	0	1
LINC01644	0	2	0	0	0	0	0	0	1
LINC01645	5	1	0	1	0	3	0	0	3
LINC01646	2	0	0	1	0	1	0	0	0
LINC01647	1	0	0	0	1	0	0	0	0
LINC01648	0	0	0	1	0	0	0	0	0
LINC01649	2	1	0	1	0	0	0	0	0
LINC01654	0	0	0	1	0	0	0	0	0
LINC01657	1	0	0	0	0	0	0	0	0
LINC01664	1	1	0	1	0	0	0	0	0
LINC01665	0	1	0	1	0	0	0	0	0
LINC01667	2	2	1	0	0	0	0	0	1
LINC01671	1	1	0	0	0	1	0	0	0
LINC01673	2	1	0	0	0	0	0	0	0
LINC01674	3	4	0	1	0	4	0	0	1
LINC01675	0	0	0	1	0	0	0	0	0
LINC01676	0	0	0	1	0	0	0	0	1
LINC01677	1	5	0	2	0	0	0	0	4
LINC01679	1	0	0	0	0	0	0	0	0
LINC01681	2	1	0	1	1	2	1	0	0
LINC01682	3	1	0	1	0	0	0	0	1
LINC01684	15	15	5	8	4	21	4	0	24
LINC01685	1	0	0	1	0	0	0	0	0
LINC01686	3	0	0	0	0	0	0	0	1
LINC01687	32	41	6	18	17	32	20	0	58
LINC01689	0	1	0	0	0	1	0	0	0
LINC01691	0	0	1	0	1	0	0	0	0
LINC01692	17	19	3	9	5	4	6	0	4
LINC01694	1	0	0	0	0	1	0	0	0
LINC01695	7	2	1	2	1	3	1	0	2
LINC01696	0	0	0	1	0	0	0	0	0
LINC01697	0	2	0	1	0	0	0	0	0
LINC01700	1	0	0	0	1	0	0	0	0
LINC01701	2	2	0	0	0	0	0	0	0
LINC01702	0	0	0	0	1	0	0	0	0
LINC01703	1	1	0	0	0	0	0	0	0
LINC01704	0	3	0	0	0	0	0	0	0
LINC01705	7	2	0	0	0	0	0	0	1
LINC01706	2	0	0	2	0	0	0	0	0
LINC01707	4	5	1	5	1	1	1	0	4
LINC01708	7	3	1	5	3	2	2	0	1
LINC01709	6	3	2	3	2	4	0	0	1
LINC01710	1	0	0	0	0	0	0	0	0
LINC01714	2	2	0	1	0	1	0	0	2
LINC01716	0	2	0	0	0	0	0	0	0
LINC01717	0	1	0	0	0	0	0	0	0
LINC01719	1	3	0	0	0	1	0	0	2
LINC01720	4	1	0	0	0	2	1	0	0
LINC01721	4	4	0	0	2	3	0	0	1
LINC01722	6	3	1	1	0	1	2	0	3
LINC01723	3	1	1	0	0	0	0	0	1
LINC01724	0	0	0	0	0	1	0	0	0
LINC01725	26	18	2	10	2	11	3	0	12
LINC01726	4	1	1	1	0	0	1	0	1
LINC01727	2	4	0	1	0	1	1	0	2
LINC01730	3	2	0	0	0	1	1	0	2
LINC01731	11	2	1	4	1	1	0	0	1
LINC01732	0	0	1	0	0	0	0	0	0
LINC01733	0	0	0	0	0	1	0	0	0
LINC01734	0	1	0	0	0	0	0	0	0
LINC01735	1	0	0	0	0	0	0	0	0
LINC01737	1	0	0	0	0	0	0	0	0
LINC01739	5	1	1	5	1	0	1	0	0
LINC01740	1	0	0	0	0	0	0	0	0
LINC01741	1	1	0	0	0	0	0	0	0
LINC01743	0	0	0	0	0	0	1	0	0
LINC01744	1	0	0	0	0	1	0	0	1
LINC01746	1	1	0	0	0	0	0	0	0
LINC01747	1	0	0	0	0	0	0	0	0
LINC01748	9	12	3	5	2	2	4	0	3
LINC01749	14	5	3	2	3	1	1	0	0
LINC01750	3	0	0	0	0	0	0	0	0
LINC01751	0	0	0	0	0	0	0	0	1
LINC01753	1	1	0	0	0	0	0	0	1
LINC01754	1	0	0	0	0	1	0	0	0
LINC01755	1	2	0	1	1	1	0	0	0
LINC01761	1	0	0	1	0	0	0	0	0
LINC01762	0	4	1	1	0	1	1	0	0
LINC01768	1	3	0	0	0	0	0	0	1
LINC01770	63	3	0	2	1	0	0	0	4
LINC01772	6	12	0	0	1	3	3	0	4
LINC01776	2	1	0	1	0	1	1	0	3
LINC01777	5	7	1	2	1	1	0	0	0
LINC01778	2	0	0	0	0	0	1	0	0
LINC01779	0	2	0	0	0	0	0	0	0
LINC01780	1	1	0	0	0	0	0	0	2
LINC01781	4	6	1	2	0	0	0	0	2
LINC01783	2	2	0	3	1	4	0	0	1
LINC01785	27	0	0	6	0	0	0	0	0
LINC01786	1	3	1	3	2	2	1	0	1
LINC01787	2	2	0	2	2	0	0	0	0
LINC01788	5	5	0	2	2	4	0	0	4
LINC01789	1	2	0	1	0	1	0	0	2
LINC01790	0	1	0	0	0	1	0	0	0
LINC01791	1	3	0	1	0	3	0	0	0
LINC01792	1	1	0	0	0	1	0	0	0
LINC01793	0	1	0	0	0	0	0	0	0
LINC01794	4	1	0	1	0	1	1	0	0
LINC01795	2	0	0	0	0	0	0	0	0
LINC01797	0	0	0	0	0	0	1	0	0
LINC01798	38	35	7	10	13	26	6	0	30
LINC01799	4	2	0	1	0	1	0	0	1
LINC01800	1	0	0	0	0	0	0	0	3
LINC01801	1	4	0	1	0	0	0	0	0
LINC01802	1	0	0	0	0	0	0	0	0
LINC01804	3	1	1	0	1	0	0	0	1
LINC01805	0	1	0	0	0	0	0	0	0
LINC01806	14	3	2	3	2	3	1	0	3
LINC01807	25	11	1	12	2	2	1	0	7
LINC01808	2	0	0	2	1	0	0	0	0
LINC01811	15	21	4	11	6	9	5	0	6
LINC01812	15	2	0	0	0	4	1	0	6
LINC01813	1	0	0	0	0	0	0	0	0
LINC01814	2	2	0	1	0	2	2	0	6
LINC01815	0	0	0	0	0	1	0	0	0
LINC01816	7	3	0	3	1	2	0	0	7
LINC01817	1	1	0	0	0	1	0	0	0
LINC01818	10	9	0	3	1	1	1	0	0
LINC01819	88	70	2	17	21	8	20	0	7
LINC01821	5	1	1	2	0	1	1	0	2
LINC01822	0	0	0	1	0	0	0	0	1
LINC01823	3	0	0	0	0	0	0	0	1
LINC01824	1	0	0	1	0	0	0	0	0
LINC01825	0	0	0	1	0	1	0	0	0
LINC01828	17	9	1	5	0	4	4	0	6
LINC01829	31	24	3	9	10	22	7	0	29
LINC01830	0	1	0	1	2	1	1	0	0
LINC01831	0	1	0	0	0	0	0	0	0
LINC01832	1	0	0	0	0	0	0	0	0
LINC01833	2	1	0	1	0	1	1	0	0
LINC01836	40	8	1	12	2	4	2	0	11
LINC01837	15	6	0	8	5	2	4	0	7
LINC01839	0	0	0	1	0	0	0	0	0
LINC01840	0	2	0	0	0	0	0	0	1
LINC01841	8	8	0	5	4	1	0	0	3
LINC01842	0	1	0	1	0	0	0	0	0
LINC01843	1	0	0	0	0	0	0	0	0
LINC01844	3	3	1	1	1	0	1	0	2
LINC01845	1	0	0	1	0	0	0	0	0
LINC01846	5	4	0	1	1	1	0	0	0
LINC01847	18	8	1	2	1	6	4	0	5
LINC01848	0	1	0	0	1	2	0	0	1
LINC01850	0	1	0	0	0	1	0	0	0
LINC01851	0	0	0	0	0	1	0	0	0
LINC01852	0	0	0	0	0	0	1	0	0
LINC01853	0	0	0	0	0	0	0	0	1
LINC01854	4	3	2	4	2	1	2	0	1
LINC01856	10	0	1	1	0	0	0	0	0
LINC01857	1	0	0	0	0	0	0	0	0
LINC01858	0	1	0	0	0	0	0	0	0
LINC01859	0	1	0	0	0	0	0	0	0
LINC01863	0	1	0	1	0	0	0	0	0
LINC01864	2	0	0	0	0	0	0	0	0
LINC01865	1	0	0	0	0	0	0	0	0
LINC01873	1	0	0	0	0	0	0	0	0
LINC01876	220	227	46	113	78	231	61	0	242
LINC01877	12	8	0	4	4	7	2	0	12
LINC01879	3	0	0	0	1	0	0	0	1
LINC01880	1	0	0	0	0	0	0	0	1
LINC01882	3	1	0	0	0	0	0	0	1
LINC01884	1	2	1	0	0	1	0	0	1
LINC01885	291	244	50	130	82	210	72	0	310
LINC01886	16	18	2	10	6	16	6	0	24
LINC01887	0	0	0	1	0	0	0	0	0
LINC01889	2	2	0	0	1	1	0	0	0
LINC01891	1	0	0	0	0	0	0	0	0
LINC01892	1	0	0	0	0	0	0	0	0
LINC01893	1	0	0	0	1	1	0	0	0
LINC01894	4	2	0	2	2	1	0	0	0
LINC01895	7	3	0	1	2	1	1	0	2
LINC01898	1	1	0	1	0	0	0	0	0
LINC01899	3	0	0	1	0	0	0	0	0
LINC01900	3	1	0	2	1	2	0	0	2
LINC01901	4	2	0	2	1	1	0	0	0
LINC01902	3	3	0	0	0	0	0	0	1
LINC01905	6	3	0	3	1	2	1	0	3
LINC01906	3	0	0	0	1	0	0	0	0
LINC01907	0	0	0	0	0	1	0	0	0
LINC01908	32	8	2	3	1	1	1	0	10
LINC01909	24	32	3	10	5	13	7	0	22
LINC01910	7	0	0	0	1	1	0	0	1
LINC01911	10	3	1	3	2	3	0	0	1
LINC01913	1	2	0	2	2	4	3	0	3
LINC01914	1	10	1	2	0	3	1	0	5
LINC01915	6	3	0	7	1	1	1	0	1
LINC01916	1	1	1	2	0	0	1	0	0
LINC01917	2	0	1	3	0	1	1	0	2
LINC01918	0	1	0	0	0	0	0	0	0
LINC01919	0	1	0	2	0	1	0	0	0
LINC01920	0	0	0	0	0	1	0	0	1
LINC01923	3	5	0	1	0	2	2	0	1
LINC01924	15	9	1	7	3	5	6	0	5
LINC01926	1	1	0	0	0	0	0	0	1
LINC01927	0	0	0	0	0	0	0	0	1
LINC01928	0	0	0	0	0	1	0	0	1
LINC01931	2	4	0	1	1	5	1	1	5
LINC01933	20	12	0	9	3	3	1	0	9
LINC01934	24	16	5	8	4	7	7	0	7
LINC01936	1	0	0	0	0	0	0	0	0
LINC01937	25	7	1	9	6	7	4	0	5
LINC01938	0	0	0	0	0	1	1	0	0
LINC01939	1	0	0	0	0	0	0	0	0
LINC01940	0	0	0	1	0	0	0	0	0
LINC01942	1	0	0	1	0	0	0	0	0
LINC01943	0	0	0	1	1	1	0	0	0
LINC01944	1	1	0	0	0	0	0	0	0
LINC01946	0	1	0	0	0	0	0	0	0
LINC01947	1	0	0	0	0	1	0	0	0
LINC01948	1	1	0	0	1	1	1	0	0
LINC01949	1	1	0	0	0	0	0	0	1
LINC01950	14	10	0	1	0	2	2	0	8
LINC01951	3	0	0	0	0	3	1	0	2
LINC01954	2	1	0	0	0	1	0	0	1
LINC01956	4	4	0	4	3	2	0	0	1
LINC01958	3	2	0	0	0	1	0	0	1
LINC01960	1	1	0	0	0	0	1	0	0
LINC01962	74	108	12	88	36	65	21	0	57
LINC01963	14	10	2	5	3	9	4	0	13
LINC01965	6	4	2	3	2	2	3	0	3
LINC01967	9	2	1	6	1	1	0	0	0
LINC01968	11	1	1	3	1	4	1	0	2
LINC01970	16	7	2	1	4	3	2	0	6
LINC01971	0	1	0	0	0	0	0	0	0
LINC01975	1	0	0	0	0	0	0	0	0
LINC01977	2	1	0	1	4	0	0	0	3
LINC01978	0	1	0	0	0	0	0	0	1
LINC01979	0	1	0	0	0	0	0	0	0
LINC01980	7	2	0	2	0	0	0	0	1
LINC01982	3	3	0	1	1	2	0	0	1
LINC01983	0	0	1	0	0	0	0	0	0
LINC01985	2	1	0	0	0	0	1	0	0
LINC01986	0	0	0	0	0	1	0	0	0
LINC01987	1	1	0	0	0	0	0	0	0
LINC01988	0	1	0	0	0	0	0	0	0
LINC01989	10	2	0	0	0	2	1	0	1
LINC01990	2	4	1	1	2	0	0	0	1
LINC01992	3	1	0	0	1	1	0	0	0
LINC01993	2	0	0	0	0	0	0	0	1
LINC01994	0	0	0	2	0	0	0	0	1
LINC01995	0	0	0	1	0	1	0	0	0
LINC01996	0	0	0	0	0	1	0	0	0
LINC01997	1	0	0	0	0	0	0	0	0
LINC01999	0	0	0	1	0	0	0	0	0
LINC02000	1	0	0	0	0	0	0	0	0
LINC02002	1	0	0	0	0	0	0	0	0
LINC02003	0	1	0	0	0	0	0	0	0
LINC02004	2	0	0	1	0	1	0	0	1
LINC02005	2	1	0	2	2	0	0	0	0
LINC02006	19	6	0	10	1	2	2	0	6
LINC02008	30	4	3	6	0	3	0	0	3
LINC02009	0	0	0	1	0	0	0	0	0
LINC02010	0	1	0	0	0	0	0	0	0
LINC02011	2	0	0	2	0	0	1	0	1
LINC02012	0	0	0	0	0	0	0	0	1
LINC02013	1	1	0	0	0	1	0	0	0
LINC02014	1	2	0	1	0	0	0	0	0
LINC02015	7	4	2	2	0	4	0	0	3
LINC02016	1	0	1	1	0	1	1	0	0
LINC02017	0	0	0	0	0	1	0	0	0
LINC02018	8	8	0	1	3	3	2	0	2
LINC02019	0	3	0	2	0	0	0	0	0
LINC02020	2	1	0	0	0	0	0	0	0
LINC02021	5	2	0	0	1	1	0	0	1
LINC02022	1	0	0	0	0	0	1	0	0
LINC02023	1	0	0	0	0	0	0	0	0
LINC02024	0	0	0	0	0	0	0	0	1
LINC02025	1	0	0	1	0	0	1	0	0
LINC02026	4	1	0	1	0	0	0	0	4
LINC02027	2	2	1	1	0	2	0	0	0
LINC02028	8	7	1	0	1	0	0	0	3
LINC02029	2	0	0	1	0	0	1	0	0
LINC02030	3	1	0	3	0	3	0	0	0
LINC02031	0	0	0	0	0	1	0	0	0
LINC02032	1	2	0	1	0	0	0	0	0
LINC02035	16	12	1	9	4	6	3	0	4
LINC02036	5	2	0	0	1	1	0	0	2
LINC02037	0	1	0	0	0	0	0	0	0
LINC02038	0	0	0	0	1	0	0	0	0
LINC02039	1	1	1	0	0	0	0	0	0
LINC02040	0	1	0	0	0	0	0	0	0
LINC02042	0	0	1	0	0	1	0	0	0
LINC02043	7	1	1	1	2	2	0	0	6
LINC02044	1	0	0	1	0	0	0	0	0
LINC02045	5	4	1	3	5	3	1	0	1
LINC02046	9	1	1	0	0	1	2	0	1
LINC02047	0	0	0	0	0	0	1	0	0
LINC02048	2	0	1	1	0	1	1	0	4
LINC02050	2	0	0	0	1	0	0	0	1
LINC02052	0	0	1	2	0	0	0	0	0
LINC02053	0	1	0	0	0	0	0	0	0
LINC02054	3	2	0	2	0	0	0	0	1
LINC02055	274	241	37	115	84	179	71	0	217
LINC02056	2	8	0	4	1	3	0	0	3
LINC02057	21	16	2	8	2	7	3	0	8
LINC02058	1	1	0	1	0	0	0	0	1
LINC02060	0	2	0	0	0	0	0	0	1
LINC02063	0	0	0	0	0	0	0	0	1
LINC02064	1	2	0	0	0	2	0	0	0
LINC02065	1	1	0	0	0	0	0	0	2
LINC02066	2	0	0	0	0	0	0	0	0
LINC02067	9	4	2	5	4	8	1	0	4
LINC02068	3	2	0	3	1	0	0	0	0
LINC02069	2	0	0	1	0	3	2	0	1
LINC02073	12	7	2	2	2	3	5	0	6
LINC02074	6	4	0	4	1	2	0	0	4
LINC02075	2	0	0	0	0	0	0	0	0
LINC02076	1	0	0	0	0	1	0	0	0
LINC02077	0	0	0	1	0	0	0	0	0
LINC02080	0	1	0	0	0	0	0	0	2
LINC02082	1	1	0	0	0	0	0	0	1
LINC02086	5	8	1	5	2	3	2	0	6
LINC02087	1	0	0	0	0	0	0	0	0
LINC02088	0	2	0	0	0	0	0	0	1
LINC02089	1	0	0	1	0	0	0	0	0
LINC02091	0	1	0	1	0	1	0	0	1
LINC02092	0	1	0	0	0	1	0	0	0
LINC02096	1	1	0	0	0	1	1	0	0
LINC02097	1	0	0	1	0	0	0	0	0
LINC02098	2	0	0	1	0	0	0	0	1
LINC02099	0	0	0	0	0	1	0	0	0
LINC02100	73	31	4	31	10	30	13	0	33
LINC02101	0	1	0	0	0	1	1	0	0
LINC02102	6	5	1	1	3	3	2	0	4
LINC02104	6	2	3	1	0	0	0	0	3
LINC02105	1	3	0	0	0	0	1	0	1
LINC02109	21	15	1	8	6	5	7	0	4
LINC02112	7	2	1	7	2	1	0	0	2
LINC02113	0	0	0	0	0	1	0	0	0
LINC02117	1	0	0	0	0	0	0	0	0
LINC02118	4	2	0	0	0	0	1	0	2
LINC02119	3	1	0	2	1	2	1	0	0
LINC02120	0	1	0	0	0	2	0	0	1
LINC02121	1	0	0	0	0	0	0	0	0
LINC02122	1	0	0	1	0	0	0	0	0
LINC02123	0	0	0	1	0	0	0	0	0
LINC02126	1	0	0	0	0	0	0	0	0
LINC02127	1	0	0	0	0	0	0	0	0
LINC02128	1	1	0	0	1	0	0	0	0
LINC02129	0	1	0	0	0	0	0	0	0
LINC02130	3	1	0	0	0	0	0	0	1
LINC02131	0	0	0	0	0	0	0	0	2
LINC02133	12	5	1	4	2	4	2	0	6
LINC02135	5	2	0	0	0	0	0	0	2
LINC02136	17	3	0	6	1	2	1	0	1
LINC02137	2	1	1	1	0	1	0	0	0
LINC02138	1	0	0	1	0	0	0	0	0
LINC02140	0	2	0	0	0	0	0	0	0
LINC02141	3	4	1	4	0	6	1	0	2
LINC02142	0	1	0	0	0	0	1	0	0
LINC02143	0	0	0	0	1	0	0	0	1
LINC02144	3	4	0	3	2	0	1	0	0
LINC02145	2	0	0	1	0	1	0	0	1
LINC02146	2	5	1	2	3	3	0	0	1
LINC02147	23	10	0	10	4	9	4	0	6
LINC02149	7	6	0	1	1	5	0	0	3
LINC02150	3	6	1	4	1	4	0	0	3
LINC02151	1	0	0	0	0	0	0	0	0
LINC02152	0	0	0	0	0	1	0	0	0
LINC02153	1	0	0	0	2	1	0	0	0
LINC02154	9	2	0	0	0	0	0	0	0
LINC02156	3	1	0	1	1	0	0	0	1
LINC02159	1	3	0	0	1	1	0	0	1
LINC02160	4	3	0	1	0	0	0	0	0
LINC02161	5	3	0	0	1	0	0	0	1
LINC02162	2	0	0	0	0	0	0	0	2
LINC02165	0	0	1	0	0	1	0	0	1
LINC02166	4	1	0	1	2	0	1	0	1
LINC02167	2	1	2	2	0	0	0	0	0
LINC02168	0	0	0	1	0	0	0	0	0
LINC02169	1	0	0	0	0	0	0	0	1
LINC02172	0	2	0	1	0	0	1	0	2
LINC02174	0	1	0	1	0	1	0	0	3
LINC02175	3	4	0	1	0	0	0	0	2
LINC02176	1	0	0	0	0	0	0	0	0
LINC02177	0	0	0	0	0	0	0	0	1
LINC02178	0	0	0	0	0	0	0	0	1
LINC02179	0	0	0	1	0	0	0	0	0
LINC02181	1	0	0	0	0	0	0	0	0
LINC02185	1	0	0	1	0	0	0	0	0
LINC02188	2	1	0	0	1	0	0	0	1
LINC02190	1	0	0	1	0	0	0	0	0
LINC02191	0	0	0	1	0	0	0	0	0
LINC02192	1	0	0	1	0	0	0	0	0
LINC02193	0	0	0	0	0	0	0	0	2
LINC02194	1	0	0	0	0	0	0	0	0
LINC02195	1	1	1	0	0	1	0	0	1
LINC02196	13	9	1	5	3	3	2	0	6
LINC02197	5	0	0	0	1	1	1	0	1
LINC02198	0	1	0	0	0	0	0	0	0
LINC02199	1	3	0	0	0	1	2	0	0
LINC02200	1	2	0	0	0	0	0	0	1
LINC02201	3	2	0	4	0	0	0	0	1
LINC02202	5	3	0	0	1	0	1	0	1
LINC02204	3	0	0	0	0	2	0	0	3
LINC02205	1	0	0	0	0	0	0	0	0
LINC02207	2	0	0	1	0	0	0	0	1
LINC02208	13	10	3	7	5	6	2	0	7
LINC02209	2	2	0	0	0	0	0	0	0
LINC02210	0	0	0	0	0	0	0	0	1
LINC02210-CRHR1	27	15	4	10	9	9	5	0	11
LINC02211	10	14	3	3	3	7	5	0	23
LINC02213	1	0	0	0	0	0	0	0	2
LINC02214	1	0	0	0	0	0	1	0	1
LINC02215	0	2	0	0	0	0	0	0	2
LINC02216	1	0	0	0	0	0	0	0	0
LINC02217	4	7	2	5	3	3	2	0	1
LINC02218	0	0	0	1	0	0	0	0	0
LINC02219	0	0	0	0	0	1	0	0	0
LINC02220	5	3	0	0	1	1	1	0	3
LINC02221	0	0	1	1	0	0	0	0	0
LINC02223	32	5	0	7	1	5	5	0	6
LINC02224	11	5	1	9	5	6	2	0	8
LINC02225	0	2	0	0	0	0	0	0	0
LINC02226	11	3	1	1	2	5	0	0	6
LINC02227	8	5	0	5	5	3	3	0	7
LINC02228	2	1	0	3	1	1	0	0	2
LINC02231	2	0	0	0	0	0	0	0	1
LINC02232	10	15	2	4	2	13	4	0	33
LINC02233	2	3	1	0	0	0	1	0	1
LINC02234	4	2	0	0	1	0	0	0	3
LINC02235	5	3	1	2	1	1	2	0	1
LINC02236	43	34	5	17	15	16	12	0	14
LINC02237	19	4	0	5	0	2	1	0	6
LINC02238	0	2	0	0	0	1	1	0	0
LINC02239	0	0	0	0	0	0	0	0	1
LINC02240	20	17	5	7	4	11	2	0	12
LINC02241	7	7	3	5	2	6	0	0	12
LINC02245	27	32	4	6	6	21	3	0	29
LINC02246	1	0	0	0	0	0	0	0	0
LINC02248	0	2	0	2	1	0	2	0	1
LINC02250	2	4	1	0	2	1	1	0	2
LINC02251	2	0	0	1	0	1	1	0	0
LINC02252	2	1	0	1	0	0	0	0	0
LINC02253	116	94	19	69	35	83	26	1	101
LINC02254	79	131	21	34	48	101	28	0	193
LINC02255	2	0	0	0	0	0	1	0	0
LINC02256	1	1	0	0	0	1	0	0	6
LINC02257	1	3	1	2	1	2	2	0	3
LINC02258	1	0	0	1	0	1	0	0	0
LINC02259	1	1	0	0	0	0	0	0	1
LINC02261	2	2	0	1	0	0	1	0	0
LINC02262	1	0	0	0	0	1	0	0	1
LINC02263	1	1	0	1	0	0	0	0	0
LINC02264	0	0	0	0	0	1	0	0	0
LINC02265	1	4	0	1	0	1	0	0	0
LINC02267	18	5	2	5	6	4	5	0	5
LINC02268	4	3	0	4	1	5	0	0	3
LINC02269	9	7	1	5	2	4	1	0	0
LINC02270	1	0	0	0	1	0	0	0	1
LINC02271	1	0	0	0	0	0	0	0	0
LINC02273	2	0	0	1	0	0	0	0	1
LINC02274	0	1	0	0	0	0	0	0	0
LINC02275	2	1	0	2	0	1	0	0	2
LINC02277	0	1	0	1	0	0	0	0	1
LINC02278	0	1	0	0	1	0	0	0	0
LINC02279	0	1	0	0	0	0	0	0	0
LINC02280	1	1	0	1	0	1	0	0	4
LINC02281	1	0	0	0	0	0	0	0	1
LINC02283	0	0	1	0	0	0	0	0	1
LINC02284	23	37	5	12	8	24	6	0	34
LINC02285	1	0	0	0	0	0	0	0	0
LINC02286	4	2	0	0	0	0	0	0	0
LINC02288	2	0	0	0	0	1	0	0	0
LINC02290	0	0	0	0	0	0	1	0	0
LINC02291	2	1	0	3	0	2	0	0	1
LINC02292	0	1	0	0	0	0	0	0	0
LINC02294	0	0	0	0	0	1	0	0	0
LINC02295	0	0	0	0	1	0	0	0	2
LINC02296	13	3	0	2	1	2	0	0	3
LINC02298	3	0	0	2	1	2	1	0	5
LINC02299	1	0	0	1	0	0	0	0	0
LINC02301	10	13	2	2	3	3	2	0	12
LINC02302	0	0	0	1	0	0	0	0	0
LINC02303	0	0	0	0	0	0	0	0	1
LINC02305	0	0	0	1	0	0	0	0	0
LINC02306	18	4	2	0	3	10	4	0	10
LINC02307	258	183	46	118	74	208	47	1	279
LINC02309	3	2	0	1	1	1	0	0	1
LINC02311	1	0	0	1	0	1	0	0	0
LINC02313	1	0	0	0	0	0	0	0	1
LINC02314	2	0	0	0	0	0	0	0	0
LINC02315	5	0	0	2	1	1	0	0	2
LINC02316	1	0	0	0	0	1	0	0	1
LINC02319	6	4	0	2	0	0	0	0	0
LINC02320	4	2	2	2	0	4	0	0	1
LINC02321	3	1	0	0	0	0	0	0	1
LINC02323	1	0	0	1	0	1	1	0	1
LINC02324	1	0	0	0	0	0	0	0	0
LINC02325	7	6	1	5	1	1	3	0	4
LINC02326	5	4	1	0	0	3	0	0	0
LINC02327	3	1	0	2	0	0	1	0	0
LINC02328	39	36	14	30	16	34	13	0	68
LINC02330	0	1	0	2	0	0	0	0	0
LINC02331	8	3	1	2	1	3	2	0	0
LINC02332	0	0	0	1	0	0	0	0	0
LINC02334	3	0	0	0	0	0	0	0	0
LINC02335	8	4	1	0	2	6	2	0	5
LINC02336	16	9	4	7	3	6	1	0	4
LINC02338	1	1	0	0	1	1	0	0	0
LINC02340	12	11	2	2	4	9	1	0	13
LINC02341	4	4	0	0	3	4	0	0	5
LINC02343	10	5	1	1	1	0	0	0	4
LINC02344	1	0	0	0	0	0	0	0	0
LINC02345	4	2	0	1	0	1	1	0	0
LINC02346	11	4	0	1	1	3	3	0	5
LINC02347	0	2	0	0	0	0	0	0	2
LINC02351	6	1	0	2	1	0	2	0	2
LINC02352	1	0	2	0	0	0	0	0	1
LINC02354	2	1	0	1	0	1	0	0	0
LINC02355	2	0	0	4	0	0	0	0	1
LINC02356	2	2	0	2	1	1	1	0	0
LINC02357	2	0	0	0	0	1	0	0	1
LINC02358	4	1	1	0	1	0	0	0	1
LINC02359	2	0	0	1	0	1	0	0	1
LINC02361	5	0	0	2	0	0	1	0	0
LINC02362	0	0	0	0	1	1	0	0	1
LINC02363	0	1	0	0	0	0	0	0	0
LINC02364	0	0	0	0	0	0	0	0	1
LINC02365	2	1	0	1	0	0	0	0	1
LINC02366	0	1	0	0	0	0	0	0	0
LINC02367	0	1	1	6	1	0	0	0	3
LINC02369	0	1	0	0	0	0	0	0	2
LINC02370	2	1	0	0	0	1	0	0	0
LINC02371	0	0	0	0	0	1	1	0	1
LINC02373	2	0	0	1	0	1	1	0	1
LINC02376	0	1	0	1	0	0	0	0	0
LINC02377	5	4	0	5	2	2	1	0	1
LINC02378	0	0	1	3	1	0	0	0	2
LINC02380	1	0	0	0	0	1	3	0	1
LINC02381	12	11	1	3	2	9	3	0	4
LINC02383	0	1	0	0	0	0	0	0	0
LINC02384	7	4	1	0	0	2	0	0	2
LINC02385	0	1	0	0	0	0	0	0	1
LINC02386	1	1	0	1	0	0	0	0	0
LINC02387	1	0	0	0	0	1	0	0	0
LINC02388	4	4	0	7	0	2	2	0	2
LINC02390	0	1	0	0	0	0	0	0	0
LINC02391	4	1	0	3	0	0	0	0	0
LINC02392	1	0	0	0	0	0	0	0	2
LINC02394	0	1	1	2	0	0	0	0	0
LINC02395	3	0	0	1	0	0	0	0	2
LINC02397	0	0	0	0	0	0	0	0	1
LINC02398	5	11	1	4	7	10	1	0	14
LINC02400	0	1	0	0	0	0	0	0	0
LINC02401	0	2	0	0	0	0	0	0	0
LINC02402	1	0	0	0	0	1	0	0	0
LINC02403	0	0	0	1	0	0	0	0	0
LINC02405	3	1	0	0	0	2	2	0	0
LINC02406	0	0	1	1	0	0	0	0	1
LINC02408	4	3	0	1	1	0	0	0	1
LINC02409	0	1	0	0	0	0	0	0	0
LINC02410	0	0	0	0	0	1	1	0	0
LINC02412	0	0	0	0	0	0	0	0	1
LINC02413	1	0	0	0	0	0	0	0	0
LINC02416	1	0	0	0	0	0	0	0	0
LINC02419	1	0	0	0	0	0	0	0	0
LINC02421	1	0	0	0	1	0	0	0	0
LINC02422	5	4	0	0	0	2	0	0	3
LINC02424	0	0	1	0	0	0	0	0	1
LINC02425	0	0	0	0	1	0	0	0	0
LINC02426	0	0	0	1	0	0	0	0	1
LINC02427	1	0	0	1	0	0	1	0	0
LINC02428	5	3	0	6	0	4	0	0	0
LINC02429	1	0	1	0	0	1	0	0	0
LINC02431	0	1	0	0	0	0	1	0	1
LINC02432	2	3	0	1	0	5	0	0	1
LINC02433	1	0	0	0	0	1	1	0	0
LINC02434	8	4	0	1	2	3	2	0	3
LINC02435	0	2	0	0	0	0	1	0	0
LINC02436	6	3	1	3	1	3	1	0	0
LINC02437	1	0	0	1	0	0	0	0	0
LINC02438	5	6	2	3	1	1	1	0	4
LINC02439	2	1	0	1	0	0	0	0	0
LINC02440	0	0	0	0	0	0	0	0	1
LINC02442	1	1	0	0	0	1	4	0	1
LINC02443	0	1	0	0	1	1	0	0	0
LINC02444	68	79	20	38	30	77	23	0	107
LINC02445	3	1	0	1	0	1	2	0	1
LINC02446	1	0	0	0	0	0	1	0	0
LINC02447	1	1	0	0	0	0	0	0	1
LINC02449	3	0	0	0	0	0	0	0	0
LINC02450	0	1	0	0	0	1	0	0	0
LINC02451	2	2	0	1	0	0	0	0	1
LINC02452	0	1	0	0	0	0	1	0	0
LINC02453	0	1	0	1	1	0	0	0	1
LINC02454	3	1	0	1	1	4	1	0	1
LINC02456	21	24	4	9	5	15	3	0	17
LINC02457	2	1	0	1	0	0	0	0	1
LINC02458	10	3	1	6	2	2	2	0	6
LINC02462	2	1	2	1	2	0	1	0	1
LINC02463	0	1	0	0	0	1	0	0	2
LINC02464	2	2	1	1	0	4	1	0	0
LINC02465	11	7	1	4	1	3	1	0	3
LINC02466	72	93	12	25	41	61	20	0	134
LINC02468	0	0	0	1	0	1	0	0	0
LINC02469	0	0	0	0	0	0	0	0	1
LINC02470	1	0	0	0	0	0	0	0	0
LINC02471	1	0	0	0	1	1	0	0	0
LINC02472	1	3	0	1	0	0	0	0	0
LINC02473	0	0	0	0	0	0	0	0	1
LINC02474	7	16	0	15	3	1	1	0	4
LINC02476	19	14	3	10	3	3	7	1	7
LINC02477	0	1	1	0	1	0	1	0	0
LINC02478	34	34	7	11	13	25	11	0	27
LINC02479	1	4	0	5	3	7	0	0	5
LINC02480	1	0	0	0	0	0	0	0	0
LINC02481	1	0	0	0	0	0	0	0	0
LINC02482	7	4	1	0	1	3	0	0	4
LINC02483	1	0	0	0	0	0	0	0	0
LINC02484	47	14	2	5	1	5	7	0	9
LINC02485	0	0	0	1	0	0	0	0	0
LINC02487	0	1	0	0	0	0	0	0	2
LINC02488	1	0	0	0	0	1	0	0	0
LINC02490	6	0	0	2	0	1	2	0	3
LINC02492	6	4	0	9	2	3	4	0	0
LINC02494	0	0	0	0	1	0	0	0	0
LINC02496	1	7	0	4	0	0	0	0	3
LINC02497	3	0	1	0	0	0	1	0	1
LINC02498	1	1	0	1	0	0	0	0	0
LINC02499	2	1	0	0	0	0	0	0	1
LINC02501	1	0	0	0	0	0	0	0	2
LINC02503	1	3	0	0	0	0	0	0	0
LINC02505	19	17	3	10	2	7	4	0	9
LINC02506	5	6	1	4	2	2	0	0	1
LINC02507	1	2	0	1	0	0	0	0	0
LINC02509	1	0	0	1	0	1	0	0	0
LINC02510	0	0	0	0	0	0	0	0	2
LINC02511	9	5	0	3	2	4	3	0	13
LINC02512	12	1	4	20	3	7	1	0	8
LINC02513	2	1	0	2	0	0	0	0	0
LINC02515	0	0	0	0	0	1	0	0	0
LINC02516	16	2	1	6	1	3	0	0	2
LINC02518	1	0	0	0	1	0	0	0	0
LINC02519	0	0	0	0	1	0	1	0	0
LINC02520	1	1	1	2	2	0	0	0	1
LINC02521	6	7	0	2	4	6	0	0	8
LINC02523	4	2	0	0	0	2	1	0	1
LINC02524	1	0	0	0	0	0	0	0	0
LINC02526	1	0	0	0	0	1	0	0	0
LINC02530	0	1	0	0	0	0	0	0	0
LINC02532	3	2	0	0	1	1	0	0	2
LINC02535	1	0	0	0	0	0	0	0	0
LINC02538	1	0	0	0	0	0	0	0	0
LINC02539	5	2	1	1	1	0	0	0	1
LINC02540	6	1	0	0	0	0	2	0	0
LINC02541	0	0	0	1	0	0	1	0	0
LINC02542	10	10	1	6	3	9	0	0	9
LINC02544	0	1	0	0	0	0	0	0	0
LINC02546	0	0	0	1	0	0	0	0	0
LINC02547	1	1	0	1	0	1	0	0	1
LINC02548	0	1	0	0	0	0	0	0	0
LINC02549	1	1	0	1	1	2	0	0	2
LINC02550	3	1	1	3	1	0	0	0	0
LINC02551	2	4	1	2	1	4	0	0	1
LINC02552	14	4	1	4	1	1	1	0	3
LINC02553	2	0	0	0	0	0	0	0	0
LINC02556	0	1	0	0	0	1	0	0	0
LINC02558	5	2	0	1	0	0	0	0	0
LINC02559	1	0	0	0	0	0	0	0	0
LINC02560	1	1	0	0	0	0	0	0	0
LINC02561	4	0	0	1	0	2	0	0	2
LINC02566	3	0	1	0	1	0	0	0	1
LINC02567	0	0	0	0	0	0	0	0	1
LINC02568	9	1	0	2	0	2	1	0	2
LINC02569	1	0	0	0	0	0	0	0	0
LINC02570	2	1	0	0	1	0	0	0	0
LINC02572	1	2	0	0	0	0	0	0	1
LINC02574	3	0	0	0	0	1	0	0	0
LINC02575	2	0	0	1	0	0	0	0	0
LINC02576	0	1	0	0	0	0	0	0	0
LINC02577	1	0	0	1	0	1	0	0	1
LINC02579	0	0	0	0	1	0	0	0	0
LINC02580	11	5	0	4	2	0	0	0	6
LINC02582	27	3	1	10	1	6	3	0	2
LINC02585	7	4	1	1	2	3	2	0	1
LINC02593	17	14	2	7	5	6	4	0	13
LINC02594	2	0	0	0	0	0	0	0	0
LINC02595	35	13	0	10	4	10	1	0	8
LINC02596	5	3	1	1	0	1	0	0	0
LINC02599	2	1	0	1	0	0	1	0	0
LINC02601	1	0	0	0	0	0	0	0	0
LINC02603	3	2	1	5	0	0	1	0	2
LINC02604	6	8	0	4	2	5	4	0	4
LINC02605	1	0	0	0	0	0	0	0	0
LINC02606	5	1	0	0	0	1	0	0	0
LINC02607	2	9	1	4	1	1	1	0	2
LINC02608	4	3	2	2	1	3	1	0	5
LINC02609	13	5	2	5	3	5	2	0	9
LINC02610	1	4	0	5	2	0	0	0	1
LINC02611	0	0	0	0	0	0	0	0	1
LINC02612	3	0	0	0	0	0	0	0	0
LINC02613	4	5	0	2	2	4	1	0	2
LINC02614	55	78	12	24	30	64	30	0	74
LINC02615	187	157	25	90	50	121	62	0	190
LINC02617	0	1	0	0	0	0	0	0	0
LINC02624	1	4	0	0	0	5	0	0	1
LINC02625	3	2	0	1	0	1	0	0	1
LINC02626	2	1	0	0	0	0	0	0	0
LINC02627	0	0	0	1	0	0	0	0	0
LINC02628	0	0	0	0	0	0	0	0	1
LINC02629	0	0	0	0	0	1	0	0	0
LINC02631	9	7	1	7	1	1	1	0	2
LINC02632	1	0	0	0	0	0	0	0	0
LINC02635	0	0	0	0	0	1	0	0	0
LINC02636	1	1	0	0	0	0	0	0	0
LINC02637	0	1	0	0	0	0	0	0	0
LINC02641	15	2	1	11	2	5	4	0	9
LINC02642	1	0	0	1	1	1	1	0	0
LINC02643	0	2	0	0	2	1	1	0	2
LINC02645	3	0	1	3	1	1	0	0	1
LINC02646	7	10	0	9	3	3	2	0	6
LINC02647	3	3	2	0	1	1	0	0	2
LINC02649	7	11	1	4	5	5	3	0	5
LINC02650	0	0	0	0	0	1	0	0	0
LINC02651	0	0	1	0	0	0	0	0	0
LINC02652	4	1	0	2	0	1	0	0	5
LINC02653	8	5	0	2	2	3	1	0	3
LINC02654	0	0	0	0	2	0	0	0	0
LINC02655	1	2	0	2	1	0	0	0	1
LINC02659	1	0	0	0	1	0	0	0	1
LINC02660	0	3	0	1	0	1	0	0	0
LINC02661	1	1	1	3	0	1	0	0	3
LINC02662	22	0	0	0	0	0	0	0	0
LINC02663	6	1	0	1	0	1	1	0	3
LINC02664	2	3	0	0	0	0	0	0	0
LINC02666	7	1	0	0	0	3	0	0	5
LINC02668	6	2	0	0	0	1	1	0	2
LINC02669	7	1	3	0	1	2	1	0	1
LINC02671	7	1	0	0	1	0	1	0	3
LINC02672	0	0	0	1	1	1	0	0	1
LINC02674	0	2	0	0	0	0	0	0	0
LINC02675	0	0	0	0	0	0	1	0	0
LINC02680	6	4	0	3	6	4	2	0	4
LINC02681	1	0	0	0	0	0	0	0	0
LINC02682	1	0	0	1	1	0	0	0	1
LINC02685	0	0	0	0	0	1	0	0	0
LINC02686	2	0	0	0	0	1	0	0	0
LINC02687	1	0	0	1	0	0	0	0	2
LINC02688	3	2	0	0	0	1	1	0	2
LINC02689	3	2	0	1	0	2	1	0	1
LINC02691	22	16	1	7	5	9	6	0	8
LINC02693	87	45	11	20	16	41	12	2	34
LINC02694	31	29	3	19	9	6	11	0	17
LINC02696	1	0	0	0	0	0	0	0	0
LINC02698	10	4	0	3	3	4	1	0	1
LINC02699	0	0	0	1	1	0	2	0	0
LINC02703	1	2	0	0	2	0	0	0	1
LINC02706	0	1	0	1	0	0	0	0	0
LINC02707	1	0	0	0	0	0	0	0	0
LINC02709	4	4	0	1	0	2	2	0	2
LINC02710	0	1	0	0	0	1	0	0	0
LINC02712	2	0	1	0	0	0	0	0	0
LINC02713	4	1	1	0	0	1	1	0	2
LINC02714	1	3	0	0	0	0	1	0	2
LINC02715	2	1	1	1	0	0	0	0	1
LINC02717	0	1	0	0	0	0	0	0	0
LINC02718	1	0	0	1	0	1	0	0	0
LINC02719	0	0	0	1	0	0	0	0	2
LINC02720	0	0	0	0	1	0	0	0	1
LINC02723	1	0	0	0	0	0	0	0	0
LINC02724	0	0	0	0	0	1	0	0	0
LINC02725	16	5	2	5	5	2	0	0	6
LINC02726	2	1	0	0	0	0	0	0	1
LINC02728	17	8	1	5	3	8	1	0	4
LINC02730	2	0	0	0	0	0	0	0	1
LINC02731	0	0	0	0	0	0	0	0	1
LINC02732	14	15	2	8	1	6	7	0	22
LINC02733	4	1	0	0	1	0	1	0	1
LINC02734	1	1	0	1	0	0	0	0	0
LINC02735	2	1	0	0	1	1	0	0	0
LINC02736	1	0	0	0	1	1	1	0	0
LINC02739	12	14	2	10	5	5	3	0	6
LINC02740	1	4	0	1	0	0	0	0	0
LINC02741	10	5	1	1	1	2	1	0	2
LINC02742	116	112	16	66	31	89	28	0	133
LINC02743	0	0	0	2	0	0	0	0	0
LINC02744	1	0	0	0	0	0	0	0	0
LINC02745	8	5	0	3	1	2	2	0	4
LINC02746	0	0	0	0	0	1	0	0	0
LINC02747	2	1	0	0	0	1	0	0	0
LINC02748	0	1	0	1	2	0	0	0	0
LINC02749	2	2	0	0	2	0	0	0	0
LINC02750	0	0	0	0	0	0	0	0	1
LINC02751	7	1	0	2	0	1	0	0	1
LINC02752	8	3	0	0	1	5	1	0	1
LINC02753	0	0	0	0	1	0	1	0	0
LINC02754	1	0	0	0	1	0	0	0	0
LINC02755	29	21	1	6	4	8	1	0	2
LINC02756	2	2	0	2	0	0	0	0	0
LINC02757	0	1	1	1	0	0	0	0	1
LINC02758	1	0	0	0	1	1	0	0	0
LINC02759	2	2	0	0	1	0	0	0	0
LINC02760	2	0	0	2	0	0	0	0	4
LINC02762	16	10	3	6	5	7	1	0	8
LINC02763	11	12	0	5	1	1	3	0	3
LINC02764	0	0	0	0	0	1	0	0	1
LINC02765	18	25	5	5	4	20	8	0	27
LINC02766	0	0	0	2	0	1	0	0	1
LINC02767	1	1	0	0	1	0	0	0	0
LINC02768	1	2	0	1	0	4	0	0	1
LINC02770	3	1	1	3	2	0	2	0	0
LINC02771	1	1	0	0	0	0	0	0	0
LINC02773	0	0	0	1	0	1	0	0	0
LINC02774	1	0	1	3	0	0	0	0	1
LINC02775	11	5	2	3	2	3	0	0	1
LINC02777	10	3	1	3	0	6	2	0	4
LINC02778	1	2	0	0	1	0	1	0	0
LINC02780	0	0	0	0	0	1	0	0	1
LINC02781	0	1	0	0	0	0	0	0	1
LINC02783	2	2	0	0	1	0	0	0	1
LINC02784	1	0	0	0	0	0	0	0	0
LINC02785	1	1	0	0	0	0	0	0	3
LINC02786	1	2	0	0	0	1	0	0	0
LINC02787	3	4	0	0	1	2	0	0	3
LINC02788	0	1	0	0	0	0	0	0	0
LINC02789	6	4	1	3	0	2	2	0	3
LINC02790	3	0	0	0	0	0	0	0	1
LINC02791	1	0	0	0	0	0	0	0	1
LINC02792	0	0	0	0	0	1	0	0	0
LINC02793	0	1	0	0	0	0	0	0	0
LINC02794	2	2	0	0	0	1	0	0	4
LINC02795	3	0	1	0	1	0	0	0	2
LINC02796	2	0	0	0	0	1	0	0	1
LINC02797	2	1	0	0	0	1	0	0	1
LINC02798	15	29	2	5	8	19	2	0	28
LINC02800	0	1	0	0	0	0	0	0	0
LINC02801	2	0	1	0	0	3	0	0	0
LINC02803	26	34	0	10	11	21	6	0	33
LINC02804	3	3	2	1	0	0	0	0	1
LINC02805	0	0	0	0	0	1	0	0	0
LINC02806	4	4	0	0	1	2	0	0	4
LINC02808	16	0	1	3	1	1	1	0	0
LINC02809	2	2	0	1	1	0	1	0	1
LINC02810	3	1	0	1	0	0	0	0	0
LINC02813	1	1	0	0	0	0	0	0	0
LINC02814	7	1	0	2	1	2	2	0	3
LINC02815	3	1	1	0	1	0	2	0	1
LINC02816	0	1	0	0	0	0	0	0	0
LINC02817	1	0	0	0	0	0	1	0	0
LINC02818	6	1	2	2	1	2	0	0	3
LINC02819	1	0	0	1	0	0	0	0	1
LINC02820	1	0	0	1	1	0	0	0	1
LINC02821	0	1	0	2	0	0	0	0	0
LINC02822	11	8	0	6	0	2	2	0	2
LINC02823	6	0	1	6	1	2	1	0	0
LINC02824	1	1	0	0	0	1	0	0	0
LINC02826	1	2	0	3	0	1	0	0	2
LINC02827	12	3	0	6	1	0	1	0	3
LINC02828	8	0	1	3	0	1	0	0	0
LINC02829	1	1	0	0	0	0	0	0	0
LINC02831	2	1	0	1	1	1	2	0	2
LINC02832	3	1	0	2	1	0	0	0	0
LINC02833	1	0	0	0	0	0	0	0	0
LINC02834	1	0	0	1	1	0	1	0	0
LINC02836	1	0	0	0	0	1	0	0	1
LINC02838	0	0	0	1	0	0	0	0	0
LINC02839	2	1	0	1	0	0	2	0	1
LINC02840	6	2	0	3	0	2	1	0	1
LINC02841	0	1	0	0	0	0	0	0	0
LINC02842	6	2	0	4	1	5	2	0	3
LINC02843	0	0	0	0	0	1	0	0	0
LINC02846	1	3	0	1	0	0	1	1	4
LINC02847	2	0	0	0	0	0	0	0	0
LINC02848	1	0	1	0	0	1	0	0	0
LINC02849	1	0	1	0	0	1	0	0	0
LINC02853	9	2	0	0	1	3	1	0	2
LINC02854	0	1	0	0	1	0	0	0	0
LINC02855	1	0	0	1	2	0	0	0	1
LINC02858	0	0	0	0	0	0	1	0	0
LINC02860	4	11	1	7	0	0	0	0	0
LINC02861	23	11	1	5	2	5	9	0	14
LINC02863	0	1	0	0	0	0	0	0	0
LINC02864	2	2	0	1	1	1	0	0	0
LINC02865	0	1	0	0	0	0	0	0	0
LINC02866	0	2	0	1	0	0	0	0	2
LINC02868	1	0	0	1	0	0	0	0	0
LINC02869	5	2	0	3	0	1	0	0	2
LINC02870	3	1	0	0	0	1	0	0	2
LINC02871	3	1	0	2	0	1	1	0	1
LINC02872	6	2	0	1	2	2	2	0	1
LINC02873	1	2	0	0	2	2	0	0	0
LINC02874	0	2	0	1	1	1	0	0	1
LINC02875	2	0	0	0	0	0	0	0	0
LINC02876	1	0	0	0	0	1	0	0	0
LINC02877	3	2	0	2	0	0	0	0	2
LINC02878	4	8	1	3	0	1	2	0	6
LINC02880	1	1	0	4	0	1	1	0	3
LINC02882	21	9	2	4	3	8	2	0	13
LINC02883	1	1	0	0	0	0	0	0	0
LINC02884	5	4	1	3	2	4	1	0	3
LINC02885	15	6	0	2	1	0	0	0	4
LINC02886	0	0	0	0	0	0	0	0	1
LINC02887	0	0	0	0	0	0	0	0	1
LINC02888	0	0	0	1	0	0	0	0	0
LINC02889	9	3	0	1	1	2	0	0	1
LINC02891	0	1	0	0	1	0	0	0	0
LINC02895	1	1	1	0	0	0	0	0	0
LINC02896	3	0	0	1	1	0	0	0	1
LINC02897	2	0	0	0	0	0	1	0	0
LINC02898	2	0	0	0	0	3	1	0	0
LINC02899	1296	1179	254	551	418	1029	366	6	1684
LINC02901	8	8	1	3	0	2	1	0	4
LINC02902	1	0	0	0	0	0	0	0	0
LINC02904	15	9	2	9	2	3	2	0	2
LINC02906	0	0	0	0	0	1	0	0	0
LINC02908	1	2	0	0	0	0	0	0	1
LINC02909	1	1	0	0	0	0	0	0	2
LINC02910	0	0	0	1	0	0	0	0	0
LINC02911	3	2	0	0	0	0	2	0	2
LINC02912	2	0	0	0	0	0	0	0	0
LINC02913	2	0	0	0	0	0	1	0	0
LINC02914	1	0	0	1	0	0	0	0	0
LINC02916	1	0	0	0	0	1	0	0	0
LINC02917	2	0	0	1	0	0	0	0	2
LINC02918	4	1	2	1	1	0	0	0	3
LINC02922	0	1	0	0	0	0	0	0	0
LINC02923	1	0	0	0	0	0	0	0	0
LINC02924	2	0	0	0	1	0	0	0	0
LINC02925	0	1	0	0	0	0	1	0	0
LINC02930	7	3	1	4	1	3	1	0	0
LINC02931	4	1	0	2	0	1	0	0	0
LINC02932	12	5	0	1	2	3	1	0	2
LINC02933	1	2	0	0	2	2	0	0	1
LINC02934	42	25	4	17	7	16	10	0	20
LINC02935	3	1	0	0	0	2	1	0	1
LINC02936	1	2	2	4	0	1	0	0	1
LINC02937	35	33	6	17	7	24	12	0	25
LINC02938	2	2	0	3	1	0	0	0	1
LINC02939	6	7	1	4	1	7	0	0	3
LINC02940	15	2	3	1	4	1	1	0	6
LINC02941	2	0	0	1	0	1	0	0	1
LINC02942	6	4	0	2	1	7	0	0	3
LINC02945	13	6	1	3	3	2	1	0	7
LINC02946	0	1	0	0	0	0	0	0	1
LINC02947	1	1	0	1	0	0	0	0	0
LINC02948	1	0	0	0	0	0	0	0	1
LINC02949	2	0	1	0	0	0	0	0	0
LINC02951	2	0	0	0	0	0	0	0	0
LINC02952	1	0	0	0	0	0	0	0	0
LINC02953	0	0	0	0	0	1	0	0	0
LINC02954	0	0	0	0	1	0	0	0	0
LINC02955	16	35	3	19	7	9	3	0	8
LINC02957	0	0	0	0	0	1	0	0	0
LINC02958	7	11	3	8	7	11	7	0	33
LINC02960	4	4	0	4	3	1	0	0	0
LINC02963	1	2	0	2	0	0	0	0	0
LINC02964	16	9	1	5	2	6	0	0	4
LINC02965	1	0	0	0	0	1	2	0	0
LINC02966	58	34	1	18	11	28	9	2	26
LINC02967	0	0	0	1	0	0	0	0	0
LINC02968	0	0	0	0	1	1	0	0	1
LINC02970	3	3	0	0	0	1	0	0	0
LINC02971	0	0	0	1	0	0	0	0	0
LINC02975	0	1	0	0	2	0	0	0	2
LINC02976	4	11	0	1	3	3	3	0	12
LINC02977	8	4	2	3	3	1	0	0	4
LINC02980	5	2	0	1	3	3	2	0	5
LINC02981	6	2	0	3	1	3	0	0	5
LINC02982	3	0	1	1	0	0	0	0	0
LINC02983	3	2	0	1	1	0	1	0	1
LINC02984	1	3	0	2	0	1	0	0	1
LINC02985	2	0	0	1	0	0	1	0	1
LINC02986	0	0	1	1	0	0	0	0	0
LINC02987	72	38	9	29	15	31	6	0	41
LINC02988	2	1	0	0	0	0	0	0	0
LINC02989	2	1	0	1	1	0	0	0	1
LINC02990	1	0	0	0	0	0	0	0	1
LINC02991	1	0	0	1	0	0	0	0	0
LINC02993	0	0	0	0	1	0	0	0	1
LINC02994	29	30	2	12	8	8	5	0	17
LINC02997	13	3	2	5	3	4	1	0	6
LINC02999	1	0	0	0	0	1	0	0	0
LINC03000	93	67	18	32	23	57	21	0	77
LINC03002	15	17	3	13	4	15	14	0	32
LINC03003	3	0	0	1	0	0	1	0	0
LINC03004	6	5	0	4	0	0	0	0	0
LINC03006	97	85	15	39	20	51	18	1	79
LINC03007	10	5	1	6	3	1	3	0	1
LINC03008	0	1	0	0	0	0	0	0	1
LINC03009	542	349	67	197	114	270	66	1	355
LINC03011	4	1	1	1	0	1	0	0	2
LINC03013	0	0	0	0	0	1	0	0	0
LINC03014	7	0	0	0	0	1	0	0	2
LINC03015	11	7	0	10	3	3	6	0	6
LINC03016	12	11	1	5	5	6	1	0	9
LINC03017	0	2	0	2	0	0	1	0	2
LINC03018	0	0	0	0	0	1	0	0	0
LINC03019	2	0	0	1	0	0	0	0	0
LINC03020	2	0	0	0	0	0	0	0	0
LINC03021	8	4	0	1	0	0	0	0	1
LINC03022	0	0	0	0	1	0	0	0	1
LINC03024	4	4	1	2	0	0	0	0	1
LINC03025	4	0	0	0	0	0	0	0	0
LINC03026	6	2	0	8	0	4	0	0	6
LINC03028	3	2	1	1	0	2	0	0	1
LINC03031	6	9	0	2	0	9	1	0	6
LINC03033	15	9	1	7	4	9	2	0	2
LINC03034	5	5	1	1	2	2	2	0	1
LINC03036	27	14	6	11	1	11	2	0	6
LINC03037	1	0	1	1	0	0	0	0	0
LINC03040	48	37	4	19	9	15	13	0	22
LINC03041	14	13	2	9	3	7	3	0	10
LINC03042	3	0	0	1	0	0	1	0	0
LINC03043	1	0	0	0	0	1	0	0	0
LINC03044	4	1	0	1	1	0	0	0	1
LINC03046	55	25	5	26	9	41	20	0	25
LINC03047	3	2	0	0	0	3	0	0	1
LINC03048	0	1	0	0	1	0	0	0	0
LINC03049	2	0	0	1	1	0	0	0	0
LINC03050	3	1	0	3	3	0	1	0	1
LINGO1	29	16	1	5	5	3	4	0	5
LINGO1-AS1	2	0	0	0	0	0	0	0	0
LINGO1-AS2	0	0	0	0	0	1	0	0	0
LINGO2	3040	2156	407	1165	785	1751	453	2	1923
LINGO3	4	0	0	1	0	0	2	0	1
LINGO4	1	0	0	0	0	1	2	0	0
LINP1	7	4	1	2	1	2	1	0	4
LINS1	49	57	7	29	16	32	9	0	48
LIPA	314	339	45	223	99	159	96	1	174
LIPC	9	0	1	4	2	0	1	0	2
LIPC-AS1	1	2	0	1	1	1	0	0	0
LIPE	5	2	1	7	3	3	1	0	2
LIPE-AS1	70	52	16	35	22	49	27	0	67
LIPF	1	0	0	1	0	0	0	0	1
LIPG	10	5	1	2	1	1	0	0	3
LIPH	1	7	0	1	0	3	2	0	1
LIPI	1	0	0	0	0	0	0	0	0
LIPJ	3	0	0	0	0	1	0	0	0
LIPK	1	1	0	1	0	0	0	0	0
LIPM	6	0	0	0	0	0	3	0	0
LIPN	3	2	0	0	0	3	0	0	1
LIPT1	0	1	1	2	0	1	0	0	4
LIPT2	4	1	0	1	0	3	0	0	0
LIPT2-AS1	2	2	1	1	0	0	0	0	0
LITAF	306	275	41	142	84	164	85	0	265
LIX1	0	2	2	0	0	3	0	0	0
LIX1-AS1	31	22	5	13	6	16	7	0	23
LIX1L	96	57	11	37	21	35	9	0	67
LIX1L-AS1	0	1	0	0	0	0	0	0	1
LL22NC03-63E9.3	2	0	0	1	0	0	0	0	0
LLGL1	71	34	8	13	14	12	9	0	27
LLGL2	35	25	2	15	7	9	5	0	21
LLPH	39	13	4	16	3	12	1	0	9
LLPH-DT	5	2	0	8	2	4	0	0	2
LLPHP2	0	0	0	0	0	1	0	0	0
LMAN1	605	454	79	266	160	314	124	2	365
LMAN1L	2	0	0	0	0	0	1	0	0
LMAN2	184	128	25	74	36	65	28	1	99
LMAN2L	78	50	6	33	6	38	10	0	40
LMBR1	454	349	65	205	117	257	73	0	309
LMBR1L	18	15	0	7	2	13	5	0	10
LMBRD1	78	50	14	35	12	41	15	0	49
LMBRD2	114	93	21	69	31	78	36	0	86
LMCD1	18	17	5	6	3	13	4	0	15
LMCD1-AS1	24	42	3	11	8	21	8	1	29
LMF1	13	9	1	2	2	2	1	0	7
LMF1-AS1	1	0	0	0	0	0	0	0	0
LMF2	95	54	17	37	14	23	19	0	41
LMLN	13	13	1	6	2	12	4	0	20
LMNA	1035	482	83	313	155	251	129	0	347
LMNB1	560	467	89	220	154	331	99	1	504
LMNB1-DT	5	7	0	3	4	5	2	0	8
LMNB2	269	126	21	99	52	74	48	0	106
LMNTD1	60	25	2	23	7	20	3	0	26
LMNTD2	1	6	0	2	0	1	0	0	0
LMNTD2-AS1	1	1	0	1	0	0	1	0	0
LMO1	36	47	5	22	11	19	27	0	61
LMO2	1	0	0	0	0	1	0	0	1
LMO3	2	3	1	6	1	4	1	0	5
LMO4	111	112	19	68	30	75	32	0	106
LMO7	725	295	45	233	106	203	81	1	283
LMO7-AS1	5	3	0	0	1	1	0	0	1
LMO7DN	2	4	0	1	0	1	0	0	1
LMOD1	2	1	0	2	1	1	1	0	5
LMOD3	1	0	1	0	0	0	0	0	0
LMTK2	287	179	28	107	60	126	49	1	154
LMTK3	11	8	0	4	5	5	7	0	6
LMX1A	4	5	0	5	1	0	4	0	2
LMX1B	6	9	1	3	0	0	2	0	1
LMX1B-DT	1	0	0	1	0	0	0	0	0
LNC-LBCS	39	22	3	18	5	9	1	0	11
LNCAROD	12	11	2	2	2	3	3	0	2
LNCARSR	5	1	0	0	0	1	0	0	0
LNCATV	6	4	1	3	2	4	0	0	7
LNCBRM	2	1	0	3	1	1	0	0	2
LNCDAT	0	0	0	1	0	0	0	0	1
LNCHR1	1	0	0	0	0	0	0	0	0
LNCNEF	9	0	0	2	0	1	1	0	2
LNCOC1	16	8	2	1	2	2	4	0	3
LNCOG	2	0	0	0	1	1	0	0	0
LNCPRESS2	0	0	0	0	0	1	0	0	0
LNCRNA-IUR	16	11	1	14	3	6	6	0	14
LNCSRLR	14	8	2	8	2	9	0	0	4
LNCTAM34A	7	12	0	3	2	5	5	0	7
LNP1	35	22	7	12	10	15	3	0	25
LNPEP	239	172	38	114	69	154	45	0	174
LNPK	82	60	11	43	17	64	15	1	73
LNX1	18	8	2	7	5	6	7	1	4
LNX2	72	38	13	22	17	29	14	0	50
LOH12CR2	0	0	0	1	0	0	0	0	0
LONP1	239	149	32	86	55	78	59	0	97
LONP2	239	141	38	73	54	101	36	0	128
LONRF1	15	14	2	4	4	6	1	0	9
LONRF2	5	6	0	2	2	1	0	0	7
LONRF3	121	73	9	51	24	38	12	0	38
LORICRIN	9	1	0	0	1	0	0	0	0
LOX	122	66	12	46	19	63	18	0	59
LOXHD1	11	0	0	2	0	2	1	0	3
LOXL1	13	17	2	13	8	12	9	0	12
LOXL1-AS1	89	15	0	7	7	2	11	0	9
LOXL2	133	111	21	58	43	58	31	0	72
LOXL3	19	9	1	10	2	5	0	0	6
LOXL4	11	0	1	2	0	0	0	0	0
LPA	2	0	0	0	0	0	0	0	2
LPAL2	10	4	0	1	0	4	2	0	5
LPAR1	79	81	13	30	25	59	16	1	61
LPAR2	6	5	1	1	2	6	1	0	4
LPAR3	8	5	2	1	5	3	1	0	4
LPAR4	0	0	0	1	0	0	0	0	0
LPAR5	2	2	1	1	0	1	2	0	2
LPAR6	1	0	0	3	0	1	1	0	2
LPCAT1	959	536	99	339	176	269	141	3	316
LPCAT2	52	32	5	25	14	19	1	0	25
LPCAT3	52	52	13	23	17	38	18	1	48
LPCAT4	78	41	7	23	12	17	13	0	24
LPGAT1	352	223	43	152	80	194	79	3	232
LPGAT1-AS1	4	0	0	2	0	0	1	0	3
LPIN1	98	125	15	53	22	83	55	1	133
LPIN2	174	96	19	70	33	76	29	0	95
LPIN3	23	21	3	13	3	11	4	0	13
LPL	883	593	87	383	191	319	204	0	371
LPO	1	2	1	0	0	0	0	0	1
LPP	2448	1883	374	1064	653	1346	456	5	1881
LPP-AS2	14	7	1	2	1	2	3	0	4
LPXN	31	17	6	6	3	14	6	0	17
LRAT	9	6	0	4	1	1	2	0	0
LRATD1	16	35	6	10	6	18	8	0	44
LRATD2	5	0	0	0	0	0	0	0	0
LRBA	806	625	129	367	236	596	194	1	757
LRCH1	319	175	42	116	75	139	50	3	181
LRCH2	6	3	1	2	1	2	1	0	2
LRCH3	257	207	35	120	74	149	49	0	243
LRCH4	59	30	6	16	18	23	5	0	27
LRCOL1	0	1	0	0	0	0	0	0	0
LRFN1	35	16	10	20	3	10	5	0	8
LRFN2	11	17	2	11	1	1	2	0	2
LRFN3	13	12	3	3	1	7	2	0	8
LRFN4	176	53	6	60	17	43	20	0	39
LRFN5	9	7	1	3	1	5	0	0	5
LRFN5-DT	0	1	0	0	0	0	1	0	0
LRG1	1	0	0	1	0	0	0	0	0
LRGUK	7	16	1	2	4	3	2	0	9
LRIF1	95	76	9	55	27	53	23	0	88
LRIG1	378	187	23	137	59	90	38	0	96
LRIG2	147	85	19	62	31	92	20	1	122
LRIG2-DT	4	2	1	3	1	2	0	0	3
LRIG3	61	28	5	25	12	37	13	0	47
LRIG3-DT	9	6	1	2	1	8	1	0	6
LRIT1	0	0	0	1	0	0	0	0	0
LRIT3	1	0	0	1	0	0	0	0	1
LRMDA	704	815	127	300	261	522	184	0	725
LRP1	162	108	32	75	43	78	39	0	125
LRP10	88	59	14	32	13	30	18	0	51
LRP11	70	57	12	21	17	30	11	0	27
LRP12	119	78	10	41	22	39	22	1	75
LRP1B	2092	1497	278	866	581	1423	428	2	1794
LRP2	6	4	0	1	2	0	1	0	1
LRP2BP	18	7	3	5	3	5	0	0	9
LRP2BP-AS1	37	31	3	14	8	13	4	0	17
LRP3	22	23	3	8	2	10	4	0	8
LRP4	51	34	16	19	12	34	7	1	35
LRP4-AS1	2	0	1	1	1	4	0	0	1
LRP5	546	311	65	180	117	156	72	0	182
LRP5L	128	63	13	37	27	35	16	0	47
LRP6	227	166	23	96	65	112	50	0	135
LRP8	1083	727	88	357	228	350	133	2	300
LRP8-DT	5	3	0	0	1	4	0	0	1
LRPAP1	172	118	17	53	42	54	35	1	88
LRPPRC	1128	678	121	423	236	536	142	0	648
LRR1	73	36	6	27	9	39	11	0	32
LRRC1	60	33	8	19	13	30	4	0	18
LRRC10B	1	0	0	0	0	0	1	0	1
LRRC14	114	63	8	25	20	37	24	0	48
LRRC15	11	4	0	0	0	3	1	0	0
LRRC17	0	2	1	0	0	3	0	0	0
LRRC19	1	1	0	0	1	1	0	0	0
LRRC2	5	5	0	0	1	1	0	0	1
LRRC2-AS1	1	0	0	0	0	0	0	0	0
LRRC20	34	33	4	15	11	15	9	0	19
LRRC23	19	19	2	12	6	12	11	0	17
LRRC24	7	4	1	1	0	6	1	0	5
LRRC25	0	0	1	0	0	0	0	0	0
LRRC26	2	0	0	0	0	0	0	0	0
LRRC27	12	6	1	5	1	4	2	0	8
LRRC28	47	41	6	22	11	41	7	0	48
LRRC3	3	2	2	2	0	1	0	0	1
LRRC31	1	0	0	0	0	1	0	0	1
LRRC32	1	1	0	1	0	0	0	0	0
LRRC34	3	2	0	0	0	2	0	0	1
LRRC36	0	3	0	1	0	0	0	0	2
LRRC37A	1	0	0	0	0	2	1	0	1
LRRC37A11P	2	1	0	1	0	0	0	0	2
LRRC37A15P	0	1	0	3	1	0	0	0	1
LRRC37A16P	3	1	1	2	0	1	0	0	0
LRRC37A2	5	5	1	7	2	1	2	0	7
LRRC37A3	12	5	1	9	2	4	5	0	17
LRRC37A4P	5	5	0	1	0	3	0	0	0
LRRC37A5P	1	0	0	0	0	0	0	0	0
LRRC37A6P	1	2	0	1	0	0	0	1	0
LRRC37A7P	0	1	0	0	0	0	0	0	0
LRRC37A9P	0	0	0	0	0	0	1	0	1
LRRC37B	28	19	2	13	5	17	7	0	19
LRRC38	4	3	0	1	0	0	1	0	0
LRRC39	10	7	1	4	4	2	3	0	4
LRRC3B	6	3	0	2	0	0	1	0	1
LRRC3B-AS1	0	0	0	0	0	2	0	0	0
LRRC3C	2	0	0	0	1	0	0	0	0
LRRC4	2	0	1	0	0	0	0	0	0
LRRC40	139	92	19	56	32	75	17	0	107
LRRC41	133	66	16	27	33	57	19	0	64
LRRC42	56	37	12	34	11	25	7	0	33
LRRC43	2	1	0	3	1	1	0	0	1
LRRC45	34	19	6	11	5	17	7	0	19
LRRC46	0	0	0	0	1	0	0	0	2
LRRC47	109	57	10	35	20	26	10	0	44
LRRC49	73	39	11	29	14	31	13	0	34
LRRC4B	4	1	1	1	1	0	0	0	2
LRRC4C	55	30	4	20	6	13	7	0	21
LRRC51	4	1	1	2	2	0	1	0	3
LRRC52	1	0	0	0	0	0	0	0	0
LRRC52-AS1	3	0	0	0	1	1	0	0	1
LRRC53	0	1	0	1	0	0	0	0	0
LRRC56	7	3	0	2	0	0	0	0	1
LRRC57	29	21	3	7	5	12	4	0	7
LRRC58	374	279	47	176	106	203	67	0	270
LRRC59	386	188	43	148	81	118	46	0	148
LRRC61	43	31	4	18	8	5	5	1	18
LRRC63	3	1	0	4	1	1	1	0	2
LRRC66	2	3	0	3	1	2	0	0	5
LRRC69	70	59	8	29	17	36	13	0	59
LRRC7	27	27	2	8	8	11	5	0	12
LRRC70	5	3	1	2	2	5	1	0	3
LRRC71	0	0	0	1	0	0	0	0	0
LRRC72	0	0	1	0	0	0	1	0	1
LRRC73	4	4	1	1	0	0	1	0	4
LRRC74A	2	0	0	0	2	1	0	0	0
LRRC75A	13	3	1	1	1	2	1	0	0
LRRC75B	5	6	0	4	0	1	0	0	2
LRRC77P	2	2	0	1	1	1	0	0	0
LRRC78P	0	1	0	0	1	1	1	0	1
LRRC8A	193	136	24	65	56	84	45	0	97
LRRC8B	166	99	13	51	25	61	20	0	66
LRRC8C	86	25	4	33	11	26	6	0	19
LRRC8C-DT	6	2	2	0	1	2	0	0	3
LRRC8D	91	51	14	47	11	43	13	0	28
LRRC8D-DT	1	0	0	0	0	0	0	0	0
LRRC8E	12	3	2	3	1	1	2	0	3
LRRC9	4	4	1	2	2	3	1	0	1
LRRCC1	24	18	3	9	4	18	4	0	23
LRRD1	0	1	0	0	0	0	0	0	0
LRRFIP1	659	379	81	238	146	274	113	2	315
LRRFIP1P1	6	2	2	1	0	1	1	0	1
LRRFIP2	420	203	47	144	66	195	34	1	230
LRRIQ1	18	9	4	3	6	14	2	0	19
LRRIQ3	10	3	0	3	2	5	0	0	9
LRRIQ4	4	2	0	0	0	2	0	0	1
LRRK1	324	185	27	125	69	122	64	2	147
LRRK2	13	12	1	12	3	8	5	0	14
LRRK2-DT	2	7	1	1	1	2	1	0	0
LRRN1	33	28	1	21	13	21	17	1	42
LRRN2	63	53	7	14	19	22	14	0	44
LRRN3	0	0	0	0	0	1	0	0	1
LRRN4	1	0	2	1	0	0	0	0	1
LRRN4CL	3	1	0	0	2	0	0	0	1
LRRTM1	1	0	0	0	0	0	0	0	1
LRRTM2	0	1	0	0	0	0	0	0	0
LRRTM3	12	2	1	1	2	5	2	0	6
LRRTM4	177	229	43	91	84	207	49	0	294
LRRTM4-AS1	1	0	0	1	0	1	0	0	0
LRSAM1	174	93	18	47	27	46	40	0	63
LRTM1	1	2	0	1	0	1	0	0	1
LRTM2	0	0	0	0	0	0	0	0	1
LRTOMT	18	17	1	10	7	8	2	0	9
LRWD1	27	9	3	8	3	7	6	0	11
LSAMP	54	35	8	19	15	16	6	1	31
LSG1	193	132	18	80	43	85	23	0	86
LSM1	63	46	8	38	13	35	8	0	32
LSM10	15	15	1	13	3	3	7	0	9
LSM11	43	33	6	14	14	20	7	0	25
LSM12	140	85	22	52	31	80	21	0	97
LSM14A	340	217	43	159	86	214	51	0	272
LSM14B	133	80	9	41	32	40	26	0	51
LSM1P1	0	1	0	0	0	0	0	0	0
LSM2	25	30	3	13	10	16	4	0	17
LSM3	132	106	15	75	42	60	26	2	78
LSM3P5	1	0	0	0	0	0	0	0	0
LSM4	171	128	18	80	36	80	37	0	90
LSM5	86	55	10	36	21	33	9	0	45
LSM6	51	31	8	16	11	18	9	0	24
LSM7	46	37	6	16	13	16	8	0	22
LSM8	110	80	16	58	39	62	15	0	86
LSMEM1	1	4	0	3	1	0	0	0	2
LSMEM2	4	2	1	0	0	0	0	0	0
LSP1	10	7	0	4	0	4	2	0	2
LSP1P4	0	0	0	0	1	0	0	0	0
LSP1P5	6	3	0	2	2	2	0	0	1
LSR	6	1	0	4	2	1	2	0	1
LSS	182	128	28	74	40	88	60	3	133
LTA4H	133	70	13	51	27	56	15	0	71
LTB	0	1	0	0	0	0	0	0	0
LTB4R	36	18	1	12	7	9	2	0	11
LTB4R2	14	10	0	2	5	9	2	0	14
LTBP1	202	167	36	96	48	139	51	0	191
LTBP2	43	13	2	11	7	12	2	0	7
LTBP3	127	80	22	55	14	43	30	0	76
LTBP4	129	95	29	52	41	70	38	0	115
LTBR	178	78	23	58	21	49	21	0	56
LTC4S	1	1	0	0	1	1	0	0	1
LTF	4	1	0	5	1	0	1	0	2
LTK	4	0	1	0	0	1	0	0	1
LTN1	190	102	21	69	54	95	21	0	115
LTO1	77	39	9	18	14	22	10	0	23
LTV1	106	52	9	28	20	35	11	0	49
LUADT1	0	0	0	0	0	0	0	0	1
LUARIS	4	1	0	1	1	1	0	0	0
LUC7L	257	211	36	133	84	136	51	0	232
LUC7L2	1069	744	123	493	252	478	188	2	644
LUC7L3	452	283	68	197	112	260	71	1	359
LUCAT1	347	366	72	160	128	241	85	0	330
LUM	40	43	4	16	12	26	14	0	52
LUNAR1	9	5	3	4	4	3	1	0	11
LURAP1	4	2	0	1	0	2	0	0	1
LURAP1L	90	30	4	28	7	22	6	0	47
LURAP1L-AS1	16	7	2	1	0	2	0	0	9
LUZP1	242	138	36	103	44	96	29	0	126
LUZP2	867	884	178	389	319	918	289	2	1504
LVRN	16	9	4	4	4	5	3	1	7
LXN	5	2	1	6	2	2	5	0	8
LY6D	0	1	0	0	0	0	0	0	0
LY6E	77	55	11	43	12	38	18	0	43
LY6E-DT	5	4	1	2	1	2	0	0	4
LY6G5B	19	15	2	14	8	6	5	0	11
LY6G5C	0	1	0	1	0	0	0	0	0
LY6G6C	1	0	0	0	1	0	0	0	0
LY6H	0	1	0	0	0	0	0	0	0
LY6K	223	84	15	79	32	63	28	0	63
LY6S	1	0	0	0	0	0	0	0	0
LY75-CD302	10	11	1	7	6	10	3	0	9
LY86	3	1	0	2	1	0	0	0	1
LY86-AS1	4	4	1	3	0	3	0	0	3
LY9	1	2	0	2	1	0	0	0	1
LY96	3	1	0	1	1	0	1	0	1
LYAR	127	62	11	32	21	40	14	0	33
LYG1	4	8	0	0	2	0	3	0	3
LYG2	1	0	0	0	0	0	0	0	0
LYL1	1	0	0	0	0	0	0	0	0
LYN	95	48	9	39	18	30	14	0	49
LYNX1	3	0	0	0	1	0	0	0	0
LYNX1-SLURP2	2	0	0	0	0	0	0	0	0
LYPD1	8	8	0	4	1	3	1	0	2
LYPD2	1	0	0	0	0	0	0	0	0
LYPD3	13	9	0	3	0	1	3	0	2
LYPD4	1	0	1	0	0	0	0	0	1
LYPD5	3	2	1	1	1	2	0	0	0
LYPD6	175	101	15	68	44	70	20	0	80
LYPD6B	159	172	28	83	66	91	27	1	99
LYPD8	0	0	0	1	1	0	0	0	1
LYPD9P	0	0	0	1	0	0	0	0	0
LYPLA1	151	105	13	56	35	81	27	1	88
LYPLA2	44	23	7	24	10	12	6	1	19
LYPLA2P1	0	0	0	1	0	2	0	0	0
LYPLAL1	59	38	12	24	8	42	10	1	62
LYPLAL1-AS1	6	4	0	2	0	1	0	0	1
LYPLAL1-DT	14	6	1	3	1	5	4	0	8
LYRM1	56	43	9	20	15	18	13	0	36
LYRM2	45	25	4	24	8	21	7	0	31
LYRM4	489	382	67	205	140	238	79	1	300
LYRM4-AS1	16	12	3	6	3	7	5	0	12
LYRM7	77	58	14	39	20	53	13	0	54
LYSMD1	20	12	1	10	2	5	4	0	11
LYSMD2	22	14	1	10	9	4	4	0	9
LYSMD3	54	32	10	31	9	41	7	0	55
LYSMD4	27	14	2	9	11	4	4	0	11
LYST	92	57	11	43	17	56	23	0	72
LYVE1	1	0	0	1	0	0	0	0	0
LYZL4	1	0	0	0	0	0	0	0	0
LYZL6	0	1	0	0	0	0	0	0	0
LZIC	86	48	4	20	17	26	17	0	41
LZTFL1	49	29	7	16	8	22	7	0	36
LZTR1	60	33	9	20	11	36	6	0	27
LZTS1	1	0	0	2	1	0	0	0	0
LZTS1-AS1	4	0	0	0	1	0	0	0	0
LZTS2	57	40	12	13	11	16	12	0	30
LZTS3	4	4	1	4	1	6	1	0	2
M1AP	14	5	1	3	2	5	0	0	9
M6PR	130	90	14	50	23	50	11	0	61
MAB21L2	1	0	0	0	0	0	0	0	0
MAB21L3	2	3	0	0	2	0	0	0	0
MAB21L4	2	0	0	0	0	0	0	0	0
MACC1	1	1	0	1	0	0	3	0	0
MACF1	919	476	90	289	152	307	113	0	313
MACIR	109	73	12	44	31	53	14	0	88
MACO1	124	55	10	51	23	48	17	1	58
MACORIS	1	1	0	0	0	0	1	0	1
MACROD1	1224	734	159	404	286	371	206	3	356
MACROD2	213	189	31	90	69	142	58	0	197
MACROD2-AS1	2	0	0	1	0	0	1	0	0
MACROH2A1	656	500	73	255	180	268	125	0	383
MACROH2A2	5	3	0	1	0	1	0	0	0
MAD1L1	44	15	4	13	4	12	5	0	15
MAD2L1	134	89	15	59	28	52	10	0	65
MAD2L1-DT	15	11	6	10	3	10	4	0	11
MAD2L1BP	35	17	3	14	6	5	5	0	8
MAD2L1P1	1	0	0	2	0	0	0	0	0
MAD2L2	39	30	2	15	6	16	2	0	18
MADCAM1	1	3	0	1	1	0	1	0	0
MADCAM1-AS1	9	11	2	2	1	3	2	0	8
MADD	272	148	30	107	53	109	49	1	156
MAEA	172	108	24	61	37	67	30	0	90
MAEL	2	2	1	0	0	0	1	0	0
MAF	0	1	0	0	0	0	0	0	1
MAF1	84	41	11	34	12	31	16	0	32
MAFA	69	9	3	9	7	5	2	0	0
MAFA-AS1	0	0	1	0	0	0	0	0	0
MAFB	53	6	6	15	0	3	3	0	0
MAFF	127	58	7	27	13	32	8	0	42
MAFG	216	158	21	73	37	59	37	1	78
MAFIP	61	74	14	35	29	47	21	1	67
MAFK	597	476	73	190	128	199	105	1	293
MAFTRR	3	3	0	1	0	0	0	0	1
MAG	1	0	0	1	1	0	0	0	0
MAGEA1	1	0	0	0	0	0	0	0	0
MAGEA11	8	2	0	3	1	2	0	0	2
MAGEA12	0	1	0	3	2	0	0	0	2
MAGEA3	6	1	1	4	1	1	0	0	3
MAGEA3-DT	122	103	21	47	42	66	26	0	102
MAGEA4	0	0	0	0	1	0	0	0	1
MAGEA6	19	10	4	4	1	5	6	0	5
MAGEA6-DT	1	0	1	3	0	0	0	0	1
MAGEB10	1	0	0	1	0	0	0	0	0
MAGEB17	2	1	0	0	0	0	0	0	0
MAGEB3	0	1	0	0	0	0	0	0	0
MAGEB6	0	0	0	0	0	1	0	0	0
MAGEC3	1	0	0	1	1	1	1	0	0
MAGED1	9	7	2	3	2	3	0	0	5
MAGED2	63	61	12	26	20	34	15	0	43
MAGEF1	50	27	2	15	10	15	10	0	17
MAGEL2	0	0	0	0	0	1	0	0	0
MAGI1	1760	1338	237	647	446	857	346	3	1169
MAGI1-AS1	1	0	0	0	0	0	0	0	0
MAGI1-IT1	11	14	2	5	2	6	4	0	6
MAGI2	119	61	10	38	18	35	21	0	70
MAGI2-AS3	2	0	0	2	1	2	0	0	3
MAGI3	365	292	68	167	86	237	63	0	333
MAGIX	6	1	1	1	1	0	0	0	1
MAGOH	85	60	10	44	17	31	7	0	44
MAGOH-DT	1	3	0	0	1	0	0	0	1
MAGOHB	70	25	6	29	15	36	9	0	37
MAGT1	179	154	31	87	54	94	44	0	142
MAILR	12	12	3	10	4	7	1	0	9
MAIP1	86	42	8	24	12	35	7	0	29
MAJIN	1	1	0	1	1	0	1	0	1
MAK	6	2	1	1	2	1	1	0	2
MAK16	120	57	12	44	23	72	17	0	50
MAL	2	0	0	0	0	0	0	0	0
MAL2	36	13	1	12	4	13	4	0	11
MALAT1	26628	18161	3982	10683	6834	17654	4616	45	23774
MALINC1	4	3	0	1	0	0	1	0	1
MALL	16	6	1	4	1	6	2	0	9
MALRD1	39	39	5	16	4	20	6	0	15
MALSU1	66	45	10	34	18	27	8	0	59
MALT1	177	95	24	60	42	77	13	0	85
MALT1-AS1	2	0	1	1	0	0	1	0	0
MAMDC2	508	557	126	261	196	438	211	4	640
MAMDC2-AS1	14	12	2	7	3	4	0	0	11
MAMDC4	46	23	8	13	5	18	17	0	16
MAML1	214	140	28	85	38	87	43	1	122
MAML2	317	261	57	130	83	201	73	0	255
MAML3	1996	1321	223	782	456	910	313	6	1035
MAMLD1	496	698	115	220	214	426	203	1	725
MAMSTR	6	1	0	5	1	2	0	0	3
MAN1A1	234	210	44	86	72	147	39	0	209
MAN1A2	283	204	37	132	98	188	48	1	222
MAN1A2P1	0	0	0	0	0	1	0	0	0
MAN1B1	150	108	27	50	29	51	28	0	84
MAN1B1-DT	12	7	0	5	0	2	2	0	2
MAN1C1	51	21	2	18	4	6	4	1	4
MAN2A1	558	446	72	242	178	346	115	2	433
MAN2A2	40	23	13	20	11	19	11	0	29
MAN2B1	34	19	5	16	10	18	5	0	17
MAN2B2	35	21	4	10	12	18	11	0	27
MAN2C1	171	104	16	52	34	40	23	0	51
MANBA	140	80	15	61	32	68	21	0	66
MANBAL	135	76	18	43	18	50	19	0	51
MANCR	5	2	0	2	0	3	1	0	0
MANEA	34	28	2	16	8	22	6	0	26
MANEA-DT	0	0	0	1	0	0	0	0	1
MANEAL	43	20	6	13	8	18	7	0	12
MANEALP1	0	2	0	1	0	0	0	0	0
MANF	200	109	14	54	28	58	17	0	67
MANSC1	10	9	0	4	0	3	1	0	1
MANSC4	1	2	0	1	0	1	0	0	1
MAOA	15	3	0	5	1	6	6	0	5
MAOB	7	10	1	5	1	4	3	0	6
MAP1A	15	15	2	7	4	11	12	0	23
MAP1B	699	352	84	240	116	271	112	0	341
MAP1LC3A	9	5	1	3	3	2	1	0	0
MAP1LC3B	115	69	15	44	18	41	13	1	54
MAP1LC3B2	7	2	0	2	1	0	1	0	1
MAP1S	66	32	7	15	15	15	10	0	27
MAP2	125	82	13	50	29	78	26	0	78
MAP2K1	380	251	32	150	69	129	34	0	153
MAP2K2	202	83	32	77	40	59	40	1	90
MAP2K3	303	137	19	103	56	72	24	0	135
MAP2K4	293	165	23	112	64	152	38	1	188
MAP2K4P1	2	2	0	1	1	1	0	0	1
MAP2K5	421	341	63	156	109	249	82	3	352
MAP2K5-DT	2	1	1	0	0	3	0	0	3
MAP2K6	101	86	22	54	31	63	31	0	62
MAP2K7	110	71	22	45	26	40	18	0	46
MAP3K1	100	60	11	39	26	42	14	0	60
MAP3K10	35	28	4	14	4	15	9	0	19
MAP3K11	80	55	4	40	12	24	19	0	52
MAP3K12	44	48	11	13	10	19	16	1	37
MAP3K13	114	96	22	64	41	80	29	1	98
MAP3K14	237	211	51	117	70	117	69	1	182
MAP3K14-AS1	18	12	3	6	7	9	4	0	24
MAP3K15	12	8	2	7	5	4	6	0	9
MAP3K19	2	6	3	4	2	0	1	0	5
MAP3K2	433	230	46	148	83	201	67	3	280
MAP3K2-DT	14	3	2	5	1	4	1	0	6
MAP3K20	451	322	71	186	112	265	85	1	292
MAP3K20-AS1	2	3	2	1	0	1	0	0	1
MAP3K21	170	77	12	56	27	56	28	0	81
MAP3K3	92	68	18	36	25	39	18	0	81
MAP3K4	245	131	32	107	61	120	36	0	122
MAP3K4-AS1	13	5	0	4	0	1	0	0	0
MAP3K5	328	222	48	122	69	155	48	0	171
MAP3K5-AS1	0	0	0	0	1	0	0	0	0
MAP3K6	49	13	5	17	10	13	10	0	19
MAP3K7	241	183	29	113	55	143	36	0	193
MAP3K7CL	35	15	5	21	13	11	2	0	24
MAP3K8	104	51	8	42	15	35	18	0	43
MAP3K9	65	42	11	27	12	28	16	0	34
MAP3K9-DT	12	6	1	5	2	2	0	0	3
MAP4	1602	907	175	655	320	639	284	6	852
MAP4K1	1	0	0	2	1	0	1	0	2
MAP4K2	19	20	4	9	8	9	6	0	22
MAP4K3	266	191	30	108	61	140	41	0	193
MAP4K3-DT	41	39	9	18	13	23	8	0	28
MAP4K4	670	346	63	252	137	257	81	0	232
MAP4K5	358	171	50	116	59	155	44	0	211
MAP6	4	2	0	0	0	0	1	0	3
MAP6D1	2	0	0	0	0	0	0	0	0
MAP7	793	824	194	383	299	665	284	3	1172
MAP7-AS1	1	1	1	0	0	0	1	0	1
MAP7D1	257	122	32	72	40	79	45	0	109
MAP7D2	48	28	4	29	19	18	12	0	28
MAP7D3	108	59	19	45	28	58	14	0	56
MAP9	1	0	0	0	0	0	0	0	0
MAP9-AS1	7	1	0	3	1	3	0	0	2
MAPK1	395	233	48	166	89	165	64	2	227
MAPK10	33	7	2	12	4	13	4	0	13
MAPK10-AS1	5	3	1	4	1	0	2	0	3
MAPK11	33	20	2	7	6	12	7	0	16
MAPK12	86	69	18	31	19	36	25	0	36
MAPK13	5	8	0	3	2	2	0	0	1
MAPK14	359	225	39	120	71	151	50	1	198
MAPK15	31	47	6	36	12	19	17	0	16
MAPK1IP1L	317	198	59	162	67	203	58	0	260
MAPK3	25	23	3	13	4	11	10	0	19
MAPK4	151	121	17	78	51	66	36	0	78
MAPK6	225	153	25	99	30	102	27	0	147
MAPK6-DT	2	0	0	1	0	1	0	0	1
MAPK6P1	0	0	1	0	0	0	0	0	0
MAPK6P3	0	0	0	0	0	1	0	0	0
MAPK6P4	0	0	0	0	1	0	0	0	0
MAPK6P6	1	0	0	0	0	0	0	0	0
MAPK7	40	17	3	8	7	11	4	0	14
MAPK8	266	196	47	116	69	226	52	1	326
MAPK8IP1	14	13	2	7	1	11	6	0	8
MAPK8IP2	8	4	0	3	0	2	3	0	0
MAPK8IP3	252	156	33	66	47	74	49	0	95
MAPK9	171	112	32	73	45	104	29	0	110
MAPKAP1	905	586	128	364	240	459	160	5	539
MAPKAPK2	406	338	56	158	99	183	93	1	237
MAPKAPK3	96	50	15	42	8	24	10	0	28
MAPKAPK5	136	96	24	64	37	80	25	0	102
MAPKAPK5-AS1	16	9	1	8	5	7	0	0	11
MAPKBP1	246	267	40	82	102	118	63	0	223
MAPRE1	345	201	36	152	70	142	63	0	132
MAPRE2	134	98	13	63	51	46	30	1	98
MAPRE3	44	40	5	23	7	8	12	0	17
MAPRE3-AS1	1	0	0	0	0	0	0	0	0
MAPT	21	22	1	7	5	10	11	0	16
MAPT-AS1	6	3	0	2	0	0	0	0	4
MAPT-IT1	0	0	0	0	1	0	1	0	1
MARCHF1	511	456	98	239	162	464	155	1	654
MARCHF10	24	17	2	9	3	15	4	0	21
MARCHF10-DT	0	0	1	0	0	0	0	0	2
MARCHF11	8	3	1	3	1	1	1	0	2
MARCHF11-AS1	1	0	0	0	0	0	0	0	0
MARCHF2	8	3	0	5	1	4	1	0	7
MARCHF3	53	45	4	25	18	24	9	0	45
MARCHF4	9	10	0	5	6	7	1	0	6
MARCHF5	126	74	17	54	20	58	12	0	86
MARCHF6	1506	1015	202	546	376	776	235	1	1121
MARCHF7	367	233	50	144	83	209	44	0	286
MARCHF8	88	50	13	43	17	43	23	0	70
MARCHF9	5	4	1	7	2	5	1	0	4
MARCKS	194	105	24	92	34	81	32	0	111
MARCKSL1	86	39	9	31	18	31	8	0	28
MARCO	2	0	0	1	0	0	0	0	1
MARCOL	226	198	67	104	65	279	76	2	437
MARF1	122	102	16	61	26	58	19	0	90
MARK1	233	185	29	80	66	138	42	0	172
MARK2	345	234	53	134	66	144	60	0	220
MARK2P16	0	0	0	0	0	0	0	0	1
MARK2P9	1	0	0	0	0	0	0	0	0
MARK3	540	337	55	240	141	265	94	0	359
MARK4	113	73	26	36	23	39	27	0	56
MARS1	306	189	38	108	57	113	40	1	170
MARS2	63	19	3	13	6	11	8	0	16
MARVELD1	48	50	7	26	12	24	14	0	41
MARVELD2	13	19	1	6	7	9	1	0	6
MARVELD3	2	1	0	0	2	0	0	0	0
MAS1	1	2	0	1	1	0	0	0	0
MASP1	3	8	1	1	0	2	0	0	0
MASP2	5	4	2	1	4	3	1	0	1
MAST1	41	25	3	9	13	10	15	0	22
MAST2	488	251	52	156	83	203	65	0	233
MAST3	46	37	15	16	7	28	14	0	33
MAST3-AS1	1	1	0	0	0	1	0	0	2
MAST4	1133	515	74	424	199	378	157	2	450
MAST4-AS1	2	0	0	0	0	0	0	0	1
MAST4-IT1	0	2	0	0	0	3	0	0	2
MASTL	103	73	10	40	30	60	11	1	83
MAT1A	13	5	3	1	2	3	3	0	1
MAT2A	761	393	59	286	143	242	114	2	301
MAT2B	87	60	11	38	18	44	13	1	60
MATCAP1	32	21	2	10	6	16	7	0	29
MATCAP2	29	19	2	7	11	22	6	1	18
MATK	5	0	1	1	0	0	1	0	1
MATN1	7	1	0	2	0	0	0	0	0
MATN1-AS1	14	4	0	0	1	4	0	0	4
MATN2	12	17	2	11	6	7	12	0	24
MATN3	12	5	1	5	6	4	0	0	3
MATN4	1	0	0	1	0	0	0	0	0
MATR3	1852	1173	186	662	379	667	255	3	795
MAU2	161	119	19	77	32	70	33	0	113
MAVS	77	74	14	54	25	59	24	1	69
MAX	161	84	14	53	40	72	24	0	80
MAZ	427	240	68	205	96	167	106	1	213
MB	2	1	0	1	0	0	0	0	0
MB21D2	339	201	44	127	79	131	39	0	167
MBD1	95	71	14	28	27	37	18	0	46
MBD2	355	282	29	168	92	137	65	0	194
MBD3	127	39	11	51	20	27	15	1	38
MBD3L1	3	2	0	0	1	0	0	0	1
MBD3L3	1	1	0	0	0	0	0	0	0
MBD4	97	63	8	36	21	38	16	0	62
MBD5	656	557	105	315	218	552	159	3	772
MBD6	72	43	14	54	12	31	20	0	51
MBIP	36	22	4	25	14	22	7	0	31
MBL2	0	0	0	0	0	2	0	0	0
MBL3P	0	0	0	0	1	0	0	0	0
MBLAC1	2	1	1	2	0	1	0	0	0
MBLAC2	33	26	3	24	8	16	4	0	23
MBNL1	1499	978	206	627	352	936	279	3	1275
MBNL1-AS1	31	19	6	9	8	14	3	0	16
MBNL2	670	329	50	235	119	263	74	0	323
MBNL3	261	163	45	134	56	165	46	0	183
MBOAT1	41	21	3	23	5	30	10	0	28
MBOAT2	164	96	14	55	30	69	39	0	82
MBOAT4	1	0	0	0	0	0	0	0	0
MBOAT7	208	124	30	94	55	81	35	1	97
MBP	253	107	11	80	38	78	14	0	50
MBTD1	239	211	34	89	74	156	42	0	253
MBTPS1	206	163	25	104	54	123	47	0	168
MBTPS1-DT	1	0	1	1	1	0	0	0	0
MBTPS2	89	78	10	43	30	54	14	0	56
MC1R	11	15	4	9	2	5	0	0	14
MC2R	1	0	0	2	0	2	0	0	0
MC4R	1	0	0	0	0	0	0	0	0
MC5R	0	0	0	0	1	0	0	0	0
MCAM	339	237	50	141	60	127	59	0	165
MCAT	44	18	4	14	7	11	1	0	21
MCC	367	394	76	171	143	238	111	2	342
MCCC1	109	53	9	30	9	35	25	0	42
MCCC2	144	115	24	64	34	94	31	0	104
MCCD1P2	1	0	1	0	1	0	0	0	0
MCEE	45	17	10	29	15	35	6	0	45
MCEMP1	0	1	0	0	0	0	0	0	0
MCF2	24	24	1	7	13	22	6	0	38
MCF2L	80	80	22	33	26	34	11	1	58
MCF2L2	19	9	2	0	4	4	1	0	6
MCFD2	195	151	17	111	41	76	30	0	96
MCHR2	3	0	0	0	1	1	2	0	1
MCHR2-AS1	2	2	0	0	0	2	0	0	1
MCIDAS	12	4	1	9	2	5	2	0	10
MCL1	1094	569	89	361	224	330	96	1	317
MCM10	156	87	11	60	35	69	22	0	103
MCM2	264	198	34	101	69	105	76	0	177
MCM3	397	271	41	162	87	146	75	0	217
MCM3AP	252	154	23	119	58	92	44	0	124
MCM3AP-AS1	52	42	13	30	19	30	15	0	49
MCM4	364	268	50	148	95	160	65	1	222
MCM5	225	142	28	98	37	99	43	0	135
MCM6	232	218	44	120	69	149	54	2	169
MCM7	447	260	49	181	81	132	70	1	192
MCM8	32	25	5	18	4	21	8	0	34
MCM8-AS1	2	0	0	1	1	3	1	0	3
MCM9	77	59	15	30	28	57	24	0	81
MCMBP	281	179	30	105	63	129	36	0	174
MCMDC2	1	5	0	3	0	5	0	0	1
MCOLN1	39	19	3	12	6	10	2	0	19
MCOLN2	27	22	6	17	8	9	8	0	11
MCOLN3	10	5	1	3	2	9	4	0	8
MCPH1	461	320	50	173	124	226	73	2	319
MCPH1-AS1	25	20	1	10	5	11	3	0	19
MCPH1-DT	13	3	0	2	1	1	0	0	3
MCRIP1	12	10	1	3	2	1	1	0	2
MCRIP2	45	29	7	16	7	12	10	0	15
MCRIP2P1	2	0	0	1	0	0	0	0	0
MCRS1	114	65	14	52	12	30	11	0	39
MCTP1	483	368	62	207	122	278	71	1	346
MCTP2	1355	1210	235	589	409	875	201	3	985
MCTS1	86	52	10	33	16	41	18	0	65
MCTS2	16	11	1	6	6	7	1	0	8
MCU	545	292	74	223	111	274	70	2	315
MCUB	36	26	4	16	4	12	8	0	17
MCUR1	108	85	16	70	30	75	23	1	94
MCUR1P1	5	2	0	0	0	0	0	0	2
MDC1	162	86	17	52	32	71	39	0	74
MDC1-AS1	1	0	0	0	0	1	0	0	0
MDFI	2	1	0	2	0	0	0	0	0
MDFIC	182	126	29	87	28	103	28	0	80
MDFIC2	4	1	0	1	0	1	0	0	1
MDGA1	9	4	0	3	1	1	0	0	1
MDGA2	26	11	4	11	3	15	3	0	8
MDH1	151	118	15	66	27	64	28	1	83
MDH1B	1	1	0	1	1	2	1	0	0
MDH2	192	125	25	77	37	81	36	0	105
MDK	7	3	2	2	1	5	0	0	9
MDM1	35	14	6	17	7	22	14	0	52
MDM2	244	133	27	114	43	107	28	0	157
MDM4	275	179	42	151	67	171	41	0	241
MDN1	850	449	94	278	163	330	121	0	378
MDN1-AS1	0	0	0	1	0	0	0	0	0
MDP1	2	1	0	1	0	2	2	0	1
MDS2	6	5	0	0	1	1	2	0	5
ME1	616	503	84	297	180	408	118	1	528
ME2	138	72	15	44	30	58	21	0	53
ME3	310	145	26	119	60	114	30	0	119
MEA1	42	25	4	22	6	15	6	0	21
MEAF6	70	47	12	32	16	34	14	0	50
MEAF6P1	0	0	0	0	0	0	0	0	1
MEAK7	85	21	7	28	18	11	13	0	21
MECOM	2219	1544	313	898	579	1300	387	2	1376
MECOM-AS1	1	0	0	1	1	1	0	0	0
MECP2	271	184	44	116	67	125	57	1	170
MECR	126	81	12	49	27	54	15	0	67
MED1	280	173	38	136	71	146	33	0	149
MED10	123	61	11	49	18	45	29	0	52
MED11	10	11	2	9	4	8	1	1	7
MED12	132	79	23	55	27	54	28	0	71
MED12L	204	42	4	16	14	18	23	0	21
MED13	546	400	64	243	156	329	91	1	390
MED13L	1058	672	143	464	226	573	136	0	730
MED14	250	162	42	116	62	163	43	1	239
MED14OS	1	2	0	0	1	1	1	0	0
MED15	397	194	35	133	64	126	56	1	147
MED15P7	2	0	0	0	0	0	0	0	0
MED15P9	0	0	0	1	0	0	1	0	2
MED16	83	41	9	25	20	29	15	1	41
MED17	18	9	1	0	3	2	0	0	4
MED18	17	12	3	8	6	7	1	0	6
MED19	16	12	1	4	4	10	4	0	11
MED20	12	10	1	8	7	2	2	0	8
MED21	75	56	11	40	20	58	10	1	62
MED22	97	64	8	33	15	22	19	1	49
MED23	126	82	19	57	23	77	14	0	92
MED24	173	110	18	69	42	65	38	0	92
MED25	98	66	13	44	29	36	17	0	58
MED26	13	14	1	4	6	9	1	0	7
MED27	694	417	79	233	154	282	124	1	361
MED28	113	68	8	46	23	49	24	1	66
MED28-DT	9	7	1	6	2	0	0	0	3
MED28P1	0	0	0	0	0	1	0	0	1
MED28P5	1	0	1	0	0	0	0	0	0
MED29	71	37	6	21	13	24	9	0	29
MED30	16	5	0	7	3	5	2	0	8
MED31	50	36	7	17	9	20	9	0	35
MED4	133	99	19	61	42	100	18	0	97
MED6	85	50	14	32	20	25	13	0	46
MED7	31	11	1	6	4	10	7	0	13
MED8	56	28	7	28	15	16	7	0	22
MED8-AS1	1	0	0	1	0	0	0	0	0
MED9	39	34	2	21	13	20	2	0	26
MEDAG	6	4	1	0	0	4	2	0	0
MEF2A	515	310	47	187	140	256	97	0	327
MEF2B	0	0	0	0	0	1	0	0	0
MEF2C	118	69	11	52	29	64	17	0	63
MEF2C-AS1	40	30	4	20	10	24	8	0	21
MEF2C-AS2	15	1	0	2	1	1	2	0	2
MEF2D	319	249	52	104	77	118	72	0	181
MEFV	2	1	0	1	0	0	0	0	2
MEG3	854	597	109	273	170	323	177	3	479
MEG8	2118	2067	177	1098	670	907	273	4	791
MEG9	114	82	17	56	34	51	22	0	57
MEGF10	9	4	1	1	0	1	0	0	4
MEGF11	24	17	3	12	2	7	1	0	9
MEGF6	115	48	4	41	15	18	10	0	17
MEGF8	74	56	23	34	23	35	20	1	58
MEGF9	364	209	48	167	67	172	68	0	232
MEI1	193	206	34	105	71	147	83	0	234
MEI4	2	4	1	4	2	3	2	0	4
MEIG1	3	3	0	2	0	1	0	0	3
MEIKIN	5	3	1	0	1	1	0	0	0
MEIOC	0	1	0	0	0	0	0	0	0
MEIOSIN	2	0	0	1	0	0	0	0	1
MEIS1	926	668	153	363	243	615	296	0	701
MEIS1-AS2	2	0	0	0	0	0	0	0	0
MEIS1-AS3	3	2	0	1	0	2	1	0	1
MEIS2	424	360	73	182	125	271	88	1	337
MEIS3	31	22	9	13	11	22	7	0	42
MEIS3P1	3	2	0	2	0	0	0	0	1
MEIS3P2	0	0	0	0	0	0	0	0	1
MELK	637	413	77	288	148	352	114	4	458
MELTF	51	43	6	12	6	14	12	0	29
MELTF-AS1	5	3	1	1	3	2	2	0	1
MEMO1	394	234	41	173	85	258	46	0	325
MEMO1P4	1	0	0	0	0	0	0	0	0
MEN1	64	40	15	33	12	20	11	0	28
MEOX1	14	10	4	7	3	4	7	0	9
MEOX2	3	1	0	2	0	1	0	0	3
MEP1A	5	0	1	0	0	1	2	0	0
MEP1B	1	2	0	1	0	1	0	0	1
MEPCE	98	52	13	35	19	30	14	0	52
MEPE	2	1	0	1	0	0	0	0	0
MERTK	6	2	0	3	4	4	1	0	3
MESD	152	132	22	54	37	61	29	0	69
MESP1	1	2	0	1	1	0	0	0	0
MESP2	2	0	0	0	0	1	1	0	2
MEST	78	52	6	36	10	26	8	0	35
MESTIT1	1	0	0	0	0	0	1	0	1
MESTP2	0	0	0	1	0	0	0	0	0
MET	764	347	59	254	108	205	80	0	271
METAP1	255	142	24	112	73	111	36	0	117
METAP1D	84	83	18	40	23	66	21	0	85
METAP2	271	178	25	106	53	119	40	0	139
METRN	19	17	2	8	4	8	5	0	8
METRNL	130	71	9	37	16	32	13	0	36
METTL1	37	18	1	8	5	9	4	0	13
METTL13	94	65	11	39	15	30	18	1	57
METTL14	66	46	7	40	11	49	6	0	50
METTL14-DT	3	0	0	0	0	2	1	0	2
METTL15	536	400	76	229	145	348	104	0	352
METTL15P1	0	1	0	0	0	1	0	0	0
METTL15P3	1	0	0	0	0	0	0	0	0
METTL16	297	192	40	165	80	189	58	0	238
METTL17	64	34	4	22	12	22	11	0	23
METTL18	20	11	0	6	3	10	3	0	7
METTL21A	85	63	10	41	12	47	8	0	58
METTL21AP1	1	0	0	0	0	1	0	0	0
METTL21C	1	0	0	0	0	0	0	0	0
METTL21EP	0	1	0	1	0	2	1	0	0
METTL22	84	53	16	33	15	33	17	0	47
METTL23	44	22	3	21	15	15	11	0	26
METTL24	9	2	0	1	0	2	2	0	3
METTL25	81	34	10	18	18	54	13	0	80
METTL25B	38	18	9	14	7	7	8	0	21
METTL26	44	26	5	20	8	16	8	0	19
METTL27	17	17	3	5	3	4	1	0	7
METTL2A	60	55	7	24	15	34	11	0	47
METTL2B	62	66	6	30	15	35	13	0	53
METTL3	100	56	13	40	24	47	8	1	56
METTL4	50	36	16	22	9	38	6	0	61
METTL5	47	21	3	18	7	18	5	0	18
METTL6	55	42	7	19	16	25	14	0	42
METTL7A	5	14	4	10	6	20	4	0	28
METTL7AP1	0	0	0	1	0	0	0	0	0
METTL7B	4	2	1	0	2	2	3	0	3
METTL8	200	133	22	74	41	104	17	0	92
METTL9	81	73	7	45	15	45	15	0	62
MEX3A	29	33	10	12	13	27	7	0	33
MEX3B	20	7	0	7	3	2	5	0	4
MEX3C	82	59	11	36	24	55	10	0	50
MEX3D	68	38	16	18	8	15	11	0	32
MFAP1	89	61	19	39	20	40	10	0	45
MFAP2	24	41	4	15	13	19	11	2	18
MFAP3	223	122	12	77	48	97	26	2	116
MFAP3L	19	10	0	6	2	3	1	0	4
MFAP4	2	4	2	1	0	2	1	0	1
MFAP5	4	1	1	4	0	1	1	0	0
MFF	215	152	40	104	57	144	45	0	198
MFF-DT	28	16	4	10	7	12	6	0	15
MFFP1	0	1	0	0	0	0	0	0	0
MFFP2	2	0	0	0	0	0	0	0	1
MFGE8	26	4	3	7	0	2	2	0	7
MFHAS1	340	155	17	90	42	64	27	0	74
MFN1	192	109	17	71	41	88	31	0	107
MFN1P1	1	1	0	0	0	0	0	0	0
MFN2	241	145	18	71	50	92	40	1	84
MFNG	0	1	0	0	2	1	1	0	6
MFRP	1	0	0	0	0	2	0	0	0
MFSD1	202	147	29	76	56	111	33	0	111
MFSD10	104	44	11	28	16	31	13	0	30
MFSD11	64	74	16	30	20	61	14	1	77
MFSD12	659	442	88	237	126	226	139	1	306
MFSD13A	10	11	1	5	3	5	3	0	6
MFSD13B	1	0	0	2	0	1	0	0	0
MFSD14A	25	14	6	9	10	9	7	0	12
MFSD14B	199	100	27	65	39	101	35	1	121
MFSD14CP	248	207	45	89	57	115	51	2	209
MFSD2A	15	7	0	2	1	4	0	0	3
MFSD2B	11	12	0	2	2	5	1	0	3
MFSD3	31	23	6	9	8	14	18	0	27
MFSD4A	5	0	0	0	1	0	0	0	1
MFSD4B	134	110	14	61	19	82	29	0	108
MFSD4B-DT	0	1	0	0	0	2	0	0	0
MFSD5	19	21	4	15	12	6	7	0	8
MFSD6	31	18	4	15	9	17	6	1	29
MFSD8	50	44	14	20	15	30	16	0	50
MFSD9	39	19	1	19	12	22	7	0	19
MGA	983	580	123	433	215	495	160	1	698
MGAM	38	3	0	0	2	7	0	0	1
MGAM2	7	1	0	1	0	1	1	0	1
MGARP	2	0	0	0	0	0	0	0	0
MGAT1	117	80	18	47	32	53	18	0	62
MGAT2	79	29	12	17	10	30	6	0	29
MGAT3	4	0	0	3	0	1	0	0	0
MGAT4A	5	7	0	1	2	4	0	0	3
MGAT4B	192	106	31	60	34	63	35	0	85
MGAT4C	25	15	0	8	3	9	2	0	9
MGAT4D	2	1	1	2	1	0	0	0	0
MGAT5	625	474	65	255	170	275	102	1	317
MGAT5B	218	323	56	123	98	149	87	0	185
MGC16275	2	1	0	0	0	0	0	0	0
MGC27382	4	1	0	0	0	1	0	0	1
MGC32805	1	0	0	0	1	0	0	0	1
MGC4859	11	8	0	8	5	8	1	0	8
MGLL	355	102	14	90	31	44	33	0	60
MGME1	109	61	18	29	26	67	21	0	81
MGMT	465	317	47	166	130	193	79	1	208
MGP	1	3	0	1	1	1	0	0	2
MGRN1	199	150	33	80	50	80	57	0	131
MGST1	492	294	56	222	104	243	80	0	284
MGST2	89	48	13	40	16	29	18	0	47
MGST3	83	68	11	42	19	30	21	1	63
MHENCR	13	8	1	5	4	9	2	0	9
MIA-RAB4B	5	6	0	0	1	1	3	0	6
MIA2	198	112	27	92	45	102	34	0	115
MIA2-AS1	1	0	0	0	0	0	0	0	1
MIA3	199	133	24	83	46	106	32	0	125
MIAT	7	5	1	1	3	6	2	1	5
MIATNB	109	99	18	36	30	47	22	0	80
MIB1	208	162	37	109	59	121	58	1	168
MIB2	89	59	10	32	22	23	17	0	39
MICA	30	28	5	11	6	5	8	0	10
MICAL1	53	37	2	18	14	22	9	0	24
MICAL2	168	74	10	55	33	45	17	0	36
MICAL3	643	405	86	206	122	218	108	0	268
MICALL1	113	43	9	35	22	22	19	0	25
MICALL2	138	115	18	42	33	53	25	1	86
MICB	24	14	4	5	5	17	7	0	6
MICB-DT	1	1	0	1	0	0	0	0	0
MICC	1	0	0	0	0	0	0	0	0
MICE	1	0	0	0	0	0	0	0	0
MICOS10	192	142	32	92	48	106	30	2	152
MICOS10-DT	3	1	0	1	1	1	0	0	1
MICOS10P2	1	0	0	0	0	0	0	0	0
MICOS10P4	0	0	0	2	1	0	0	0	0
MICOS13	12	12	0	6	1	3	5	0	9
MICU1	220	155	29	108	49	126	37	1	161
MICU2	135	64	21	49	32	72	22	0	89
MICU3	1	2	0	1	1	0	0	0	0
MID1	320	238	50	141	94	161	67	1	203
MID1IP1	131	68	15	49	15	38	20	0	50
MID1IP1-AS1	1	3	1	1	0	4	0	0	3
MID2	32	26	6	14	10	15	7	0	11
MIDEAS	277	162	31	106	58	95	65	0	165
MIDEAS-AS1	3	6	1	1	0	1	2	0	3
MIDN	363	171	44	118	64	103	46	0	117
MIEF1	160	95	22	73	38	54	22	0	61
MIEF2	10	5	0	2	1	2	1	0	3
MIEN1	16	13	0	3	3	6	2	0	9
MIER1	318	189	39	117	63	175	46	3	250
MIER2	120	103	16	54	29	39	16	0	77
MIER3	59	53	9	37	14	38	7	0	51
MIF	135	60	19	31	24	34	11	1	47
MIF-AS1	0	1	0	0	0	0	0	0	0
MIF4GD	8	5	1	6	0	3	1	0	3
MIF4GD-DT	6	2	0	0	1	2	0	0	4
MIGA1	168	81	17	58	36	87	25	0	110
MIGA2	123	66	12	38	24	28	13	0	46
MIIP	37	16	7	16	13	11	4	0	12
MILIP	9	4	4	3	2	4	0	0	4
MILR1	2	0	0	0	1	0	0	0	0
MINAR1	20	28	4	14	6	10	6	0	15
MINAR2	1	1	0	0	0	0	0	0	0
MINCR	5	8	3	4	1	3	0	0	5
MINDY1	13	3	0	3	3	5	1	0	10
MINDY2	77	58	16	50	26	64	17	0	83
MINDY2-DT	1	1	1	1	0	0	0	0	1
MINDY3	104	76	20	51	33	70	19	0	99
MINDY4	7	6	0	3	5	3	3	0	4
MINK1	251	153	31	98	46	112	48	1	127
MINPP1	60	55	11	23	17	36	17	0	54
MIOS	120	61	16	41	28	44	10	0	71
MIOS-DT	4	3	0	1	0	2	0	0	10
MIPEP	105	91	18	42	32	76	27	0	85
MIPOL1	291	222	57	140	83	232	50	0	287
MIR1-1HG	1	3	0	1	0	1	0	0	2
MIR100	20	11	1	18	7	4	6	0	3
MIR100HG	3076	2968	576	1385	1063	2304	918	5	3722
MIR101-2	1	0	0	0	0	0	0	0	0
MIR103A2	1	3	0	0	0	0	0	0	2
MIR105-2	0	0	1	0	0	0	0	0	0
MIR106B	35	31	1	44	8	4	3	0	5
MIR107	2	3	0	2	3	0	0	0	0
MIR10B	6	6	0	7	1	0	0	0	1
MIR1180	1	1	0	2	0	0	0	0	0
MIR1183	0	0	0	0	1	0	0	0	0
MIR1185-2	0	0	0	1	0	0	0	0	0
MIR1197	3	1	0	0	0	0	0	0	0
MIR1204	4	0	0	1	0	0	1	0	0
MIR1205	1	0	1	0	1	0	0	0	1
MIR1206	1	0	0	0	1	1	0	0	1
MIR1207	0	2	0	0	1	0	0	0	1
MIR1225	0	1	0	0	0	0	0	0	0
MIR1226	1	0	0	0	0	0	0	0	0
MIR1227	0	0	0	0	0	0	0	0	1
MIR122HG	0	1	0	0	0	0	0	0	0
MIR1231	0	1	0	0	0	0	1	0	0
MIR1234	1	0	1	0	0	0	0	0	0
MIR1237	1	0	0	1	0	0	0	0	0
MIR124-1HG	2	0	0	0	1	0	1	0	0
MIR124-2HG	1	0	0	0	0	0	0	0	0
MIR1244-2	4	2	0	1	2	1	0	0	3
MIR1244-3	0	0	0	0	0	1	0	0	0
MIR1246	0	0	0	0	1	0	0	0	0
MIR1248	306	463	11	98	80	35	99	1	54
MIR1249	1	1	0	1	0	1	0	0	0
MIR1255A	0	1	0	0	0	0	0	0	0
MIR1255B2	0	0	0	0	0	0	1	0	0
MIR1256	1	0	0	0	0	1	0	0	0
MIR1258	0	0	0	0	0	1	0	0	0
MIR125A	25	21	4	26	9	7	2	0	7
MIR125B1	16	19	5	25	9	6	4	0	8
MIR125B2	0	0	0	0	0	2	0	0	1
MIR126	0	0	0	1	0	0	0	0	0
MIR1260B	1	1	0	1	1	1	0	0	0
MIR127	5	2	0	3	1	0	1	0	2
MIR1275	0	0	0	1	0	0	0	0	1
MIR1277	5	4	0	4	1	0	1	0	0
MIR128-1	6	2	0	5	3	1	0	0	1
MIR1281	2	1	0	1	0	0	0	0	0
MIR1284	1	1	0	0	0	0	0	0	0
MIR1285-1	0	1	0	0	0	0	0	0	0
MIR1289-2	1	0	0	0	0	0	0	0	0
MIR1291	216	322	5	113	70	5	36	0	13
MIR1292	0	1	0	0	0	0	0	0	0
MIR1293	1	0	0	0	0	0	0	0	0
MIR1296	0	1	0	0	0	0	0	0	1
MIR1301	1	1	0	0	0	0	0	0	0
MIR1304	5	4	1	1	2	0	0	0	0
MIR1307	0	0	0	0	0	0	0	0	1
MIR130A	7	4	1	7	2	0	2	0	0
MIR130AHG	25	16	2	11	6	9	3	0	11
MIR130B	1	0	0	0	0	0	0	0	0
MIR132	21	2	0	9	1	1	0	0	0
MIR1322	1	0	0	0	0	0	0	0	0
MIR134	1	2	0	2	0	0	0	0	1
MIR136	11	5	1	11	1	0	0	0	0
MIR137HG	80	20	1	25	8	26	3	0	23
MIR138-1	6	3	0	3	3	0	1	0	2
MIR138-2	0	0	0	0	0	1	0	0	0
MIR139	1	0	0	3	0	0	0	0	1
MIR140	6	4	0	3	0	0	0	0	1
MIR141	0	0	0	2	0	0	0	0	0
MIR142HG	1	1	0	1	0	0	0	0	0
MIR143	0	5	0	1	2	0	0	0	0
MIR145	2	2	0	0	1	3	1	0	2
MIR148A	2	1	1	3	0	0	0	0	0
MIR148B	13	15	0	32	4	3	0	0	5
MIR149	7	4	0	5	0	0	1	0	1
MIR151A	4	1	0	5	1	1	0	0	1
MIR152	8	5	1	8	2	1	1	0	1
MIR1538	1	0	0	0	0	0	0	0	1
MIR154	4	8	1	4	1	1	0	0	2
MIR155HG	52	16	4	21	7	10	4	0	4
MIR15A	50	44	0	70	10	11	12	0	9
MIR15B	161	111	9	184	37	44	16	0	44
MIR16-1	13	7	4	5	4	0	0	0	3
MIR16-2	2	8	0	1	0	0	0	0	1
MIR17HG	1015	695	77	807	215	231	91	1	221
MIR181A1	2	0	0	0	1	0	0	0	0
MIR181A1HG	142	84	18	56	18	80	22	0	75
MIR181A2	6	9	1	0	0	0	0	0	2
MIR181A2HG	115	61	9	29	23	56	22	0	58
MIR181B1	1	0	0	0	0	0	0	0	1
MIR181B2	8	5	0	11	1	4	1	0	1
MIR181C	0	3	0	0	0	0	0	0	0
MIR181D	2	0	0	4	0	0	0	0	0
MIR182	7	5	0	5	0	2	1	0	1
MIR183	3	2	0	2	0	1	0	0	0
MIR185	3	3	1	2	0	2	3	0	0
MIR186	17	8	1	21	7	2	1	0	1
MIR1909	0	1	0	0	0	0	0	0	0
MIR190A	4	2	0	2	0	0	0	0	0
MIR191	20	13	0	22	2	2	2	0	2
MIR1910	0	1	0	0	0	0	0	0	0
MIR1913	0	0	0	0	0	1	0	0	0
MIR1914	1	0	0	0	0	0	0	0	0
MIR1915	0	0	0	0	0	0	0	0	1
MIR1915HG	8	4	1	2	3	3	0	0	8
MIR193A	22	10	0	8	7	3	3	0	0
MIR193B	58	37	5	50	15	17	8	0	12
MIR193BHG	167	70	13	45	27	32	16	0	53
MIR194-2HG	2	1	0	2	0	0	0	0	1
MIR196A1	1	0	0	1	0	0	0	0	1
MIR196A2	8	1	1	0	0	0	0	0	2
MIR196B	0	1	0	0	0	0	0	0	0
MIR199A2	0	0	1	2	0	1	0	0	0
MIR200C	1	0	0	2	0	0	0	0	0
MIR202	2	0	0	0	0	0	0	0	0
MIR203A	0	0	0	1	0	0	0	0	0
MIR204	2	2	0	4	0	2	0	0	3
MIR2052HG	57	42	14	40	20	43	15	0	68
MIR205HG	1	1	0	0	0	0	0	0	0
MIR210	2	4	0	4	0	0	0	0	0
MIR210HG	3	9	0	1	1	1	0	0	2
MIR212	5	0	0	1	0	0	0	0	0
MIR217	0	0	0	1	0	0	0	0	0
MIR217HG	3	1	1	0	0	2	0	0	1
MIR218-2	0	0	0	1	0	0	0	0	0
MIR219A1	4	3	0	2	1	0	0	0	0
MIR219B	0	0	0	1	0	0	0	0	0
MIR221	22	7	2	16	3	0	2	0	3
MIR222	24	12	0	25	3	1	0	0	3
MIR222HG	417	108	18	104	44	97	28	1	84
MIR223HG	0	0	0	0	0	0	1	0	0
MIR224	34	30	1	36	11	16	6	0	14
MIR2276	1	0	0	0	0	0	0	0	0
MIR22HG	140	81	11	53	35	28	12	0	41
MIR2355	1	0	0	0	0	0	0	0	0
MIR23AHG	1557	635	73	861	268	217	112	1	265
MIR23B	89	43	3	74	21	17	3	0	13
MIR23C	0	1	0	0	0	0	0	0	0
MIR24-1	2	2	0	1	0	0	0	0	0
MIR2467	2	0	0	0	0	0	0	0	0
MIR25	4	3	1	15	3	2	2	0	6
MIR2682	0	0	0	1	0	0	0	0	0
MIR26A1	2	0	0	0	0	0	0	0	0
MIR26B	36	24	0	42	7	5	1	0	7
MIR27B	32	10	2	33	7	5	4	0	7
MIR28	1	2	0	1	0	0	0	0	0
MIR2909	0	0	0	1	0	0	0	0	0
MIR298	0	0	0	0	1	0	0	0	0
MIR299	2	1	0	3	0	1	1	0	1
MIR29A	55	22	4	43	12	7	3	0	7
MIR29B2CHG	90	51	8	30	18	29	17	0	21
MIR300	0	1	0	0	0	0	0	0	0
MIR301A	13	15	0	14	10	3	1	0	1
MIR301B	1	1	0	4	0	1	0	0	0
MIR302CHG	0	1	0	0	0	0	0	0	0
MIR3064	6	5	0	4	2	4	0	0	5
MIR30A	16	11	2	19	4	5	1	0	2
MIR30B	14	9	0	20	5	6	1	0	3
MIR30C1	3	3	0	5	2	1	1	0	0
MIR30D	14	10	1	4	3	4	1	0	2
MIR30DHG	23	21	3	8	6	17	2	0	18
MIR30E	12	4	0	9	1	0	0	0	0
MIR31	76	56	5	53	15	12	10	1	8
MIR3128	1	1	0	0	0	2	2	0	1
MIR3137	0	0	0	1	0	0	1	0	0
MIR3138	1	0	0	0	0	1	0	0	0
MIR3140	0	0	0	1	0	0	0	0	0
MIR3142HG	2	0	1	0	0	0	0	0	0
MIR3143	0	1	1	0	0	0	0	0	0
MIR3147HG	0	1	0	0	0	0	0	0	0
MIR3150BHG	0	0	0	0	0	0	1	0	0
MIR3153	2	0	0	0	0	0	0	0	0
MIR3155A	0	0	0	0	0	1	0	0	0
MIR3161	0	0	1	0	0	0	0	0	0
MIR3163	0	0	0	0	0	1	1	0	1
MIR3164	0	0	0	0	0	1	0	0	0
MIR3167	0	0	0	0	0	0	0	0	1
MIR3171HG	17	15	0	7	2	8	1	0	6
MIR3175	0	0	0	0	0	0	1	0	1
MIR3176	4	2	0	0	0	2	0	0	0
MIR3177	0	0	0	0	0	0	0	0	1
MIR3178	24	2	0	0	1	0	2	0	0
MIR3188	1	0	0	0	0	0	1	0	0
MIR3190	0	0	0	1	0	0	0	0	1
MIR3191	0	0	0	0	1	0	0	0	0
MIR3192	0	0	0	0	1	0	0	0	0
MIR3193	1	0	0	1	0	0	0	0	1
MIR3194	1	0	0	0	0	0	0	0	0
MIR3195	5	2	0	2	0	0	0	0	0
MIR3196	1	0	0	1	0	0	0	0	1
MIR3199-2	0	0	0	0	0	0	0	0	1
MIR31HG	2989	2032	357	1100	725	1815	490	4	2286
MIR32	4	4	0	7	2	1	0	0	2
MIR320A	19	15	5	4	7	4	0	0	12
MIR320B1	2	0	0	0	0	0	0	0	0
MIR320B2	0	0	0	0	0	1	1	0	0
MIR320D1	0	1	0	0	0	0	0	0	0
MIR323A	1	2	0	0	0	1	0	0	0
MIR323B	1	1	0	0	0	0	0	0	0
MIR324	6	8	1	8	1	2	0	0	1
MIR325HG	56	39	6	21	18	25	17	0	61
MIR330	1	0	0	1	0	0	1	0	0
MIR331	1	0	0	0	0	1	0	0	0
MIR335	3	0	0	2	3	0	0	0	0
MIR337	8	3	0	2	0	0	1	0	2
MIR339	5	4	0	3	1	4	1	0	0
MIR33A	10	12	0	14	3	2	0	0	1
MIR33B	4	3	0	2	1	0	1	0	2
MIR340	1	1	0	1	0	0	0	0	0
MIR342	1	0	1	0	0	0	0	0	0
MIR345	0	0	0	0	0	0	1	0	0
MIR34AHG	134	110	17	59	24	67	41	0	72
MIR34BHG	0	1	0	0	0	0	0	0	0
MIR3609	14	21	3	11	3	0	1	1	10
MIR361	8	4	1	4	2	0	3	0	2
MIR3610	2	0	0	0	0	0	0	0	0
MIR3611	0	1	1	0	0	0	0	0	0
MIR3613	1	2	0	1	1	2	0	0	1
MIR3615	1	2	1	1	1	0	0	0	0
MIR3619	1	1	0	0	0	0	0	0	0
MIR362	1	1	0	0	0	1	0	0	0
MIR3620	0	1	0	0	0	0	0	0	0
MIR3648-1	4	0	0	0	0	0	0	0	0
MIR3659HG	3	2	0	1	1	3	1	0	1
MIR365A	3	0	0	0	0	0	0	0	0
MIR365B	0	0	0	0	0	1	0	0	0
MIR365BHG	20	7	1	11	4	2	0	0	5
MIR3663HG	4	2	0	1	0	0	0	0	0
MIR3667	0	0	0	0	0	1	0	0	0
MIR3667HG	94	66	9	23	12	45	13	0	38
MIR3671	0	0	0	0	0	1	0	0	0
MIR3677	1	0	0	0	0	0	0	0	1
MIR3677HG	9	7	0	5	3	4	2	0	5
MIR3680-1	1	2	0	1	0	0	0	0	0
MIR3680-2	1	0	0	0	0	0	0	0	0
MIR3681HG	62	35	2	26	12	9	11	0	20
MIR3682	0	0	0	0	0	1	0	0	0
MIR369	6	4	2	4	1	2	0	0	0
MIR370	0	3	0	1	0	2	0	0	1
MIR374A	31	17	2	40	11	2	3	0	5
MIR374B	10	2	1	7	4	1	4	0	2
MIR376A1	0	3	0	0	0	0	0	0	0
MIR376B	2	3	0	5	1	0	1	0	1
MIR376C	8	3	0	4	3	0	1	0	1
MIR377	14	5	0	16	3	4	0	0	3
MIR378A	2	1	0	0	0	0	1	0	0
MIR378D1	0	0	0	1	0	0	0	0	0
MIR378D2HG	1	0	0	0	0	0	0	0	0
MIR378H	2	0	0	0	0	0	0	0	0
MIR378J	0	0	0	0	0	0	0	0	4
MIR379	2	4	0	2	0	1	0	0	0
MIR380	1	1	0	2	0	0	0	0	0
MIR381	7	2	1	1	0	0	0	0	1
MIR382	3	1	0	1	1	0	0	0	0
MIR3922	0	0	0	0	0	0	0	0	1
MIR3934	1	1	0	0	0	0	0	0	0
MIR3935	0	1	0	0	0	0	0	0	0
MIR3936	0	0	0	1	0	0	0	0	1
MIR3936HG	48	45	8	27	12	32	11	1	52
MIR3939	0	0	1	0	0	0	0	0	1
MIR3940	1	0	0	0	0	1	0	0	1
MIR3945HG	1	0	0	0	0	0	0	0	0
MIR3960	0	0	0	0	1	0	0	0	0
MIR3975	0	0	0	0	0	0	0	0	1
MIR3976HG	5	1	1	2	3	0	0	0	0
MIR3978	0	0	0	0	0	1	0	0	0
MIR409	4	0	0	5	0	0	0	0	1
MIR410	2	0	0	2	0	0	1	0	0
MIR411	2	3	1	1	1	0	0	0	0
MIR412	0	0	0	0	0	1	0	0	0
MIR421	2	1	0	1	0	0	0	0	0
MIR423	22	25	3	20	9	6	7	0	5
MIR424	12	9	2	17	2	0	1	0	0
MIR425	4	7	0	5	2	3	0	0	0
MIR4258	0	0	1	0	0	1	0	0	0
MIR4263	0	0	0	0	0	0	0	0	1
MIR4280HG	4	3	0	2	0	1	0	0	0
MIR4284	0	1	1	2	1	2	0	0	2
MIR4285	0	0	0	0	0	0	0	0	1
MIR4286	2	0	0	0	0	0	0	0	0
MIR4290HG	1	0	0	0	0	0	0	0	0
MIR4292	1	1	0	0	0	0	0	0	0
MIR4296	0	0	0	0	0	1	1	0	0
MIR4300	0	0	1	0	0	0	0	0	0
MIR4300HG	179	185	39	98	69	178	69	0	274
MIR4306	0	0	0	0	1	0	0	0	0
MIR4307HG	0	0	0	0	0	1	0	0	0
MIR431	2	3	0	2	1	1	0	0	1
MIR432	5	1	0	1	1	1	2	0	0
MIR4321	1	0	0	0	0	0	0	0	0
MIR433	2	0	0	3	0	0	0	0	3
MIR4422HG	7	7	0	2	1	2	0	0	1
MIR4425	0	1	0	0	0	0	0	0	0
MIR4427	0	0	0	0	0	0	0	0	1
MIR4432HG	7	1	1	4	0	2	1	0	1
MIR4435-2HG	785	526	98	269	177	290	107	1	342
MIR4440	0	0	0	0	0	0	0	0	1
MIR4441	0	0	0	1	0	0	0	0	0
MIR4442	1	0	0	0	1	1	2	0	0
MIR4443	0	0	0	0	0	0	0	0	1
MIR4444-1	1	1	0	0	0	0	0	0	1
MIR4449	27	15	0	7	7	2	4	0	2
MIR4453HG	11	7	0	2	4	3	3	0	5
MIR4454	1	0	0	0	0	0	0	0	0
MIR4458HG	42	129	13	78	39	40	72	0	49
MIR4479	7	1	0	1	0	0	0	0	1
MIR4482	1	0	0	0	0	0	0	0	0
MIR4484	0	0	0	0	1	0	0	0	0
MIR4485	23	1	1	2	1	12	2	0	5
MIR449C	0	0	0	1	0	0	0	0	0
MIR4500HG	82	86	17	56	22	87	23	0	142
MIR4501	0	0	0	0	1	0	0	0	0
MIR450A1	0	0	0	1	0	0	0	0	0
MIR4519	0	1	0	0	0	0	1	0	0
MIR452	6	9	0	11	3	4	0	0	2
MIR4521	3	1	0	1	1	1	1	0	2
MIR4522	1	0	0	0	0	0	0	0	0
MIR4527HG	10	7	1	2	0	3	3	0	3
MIR454	27	27	1	30	7	4	3	0	1
MIR455	3	1	0	8	1	5	1	0	1
MIR4633	0	0	1	0	0	2	0	0	0
MIR4635	0	1	0	0	1	0	0	0	0
MIR4637	0	1	0	0	0	0	0	0	0
MIR4639	0	0	1	0	0	1	0	0	0
MIR4642	1	0	0	0	0	0	0	0	0
MIR4651	2	0	0	0	0	0	0	0	0
MIR4652	1	2	1	0	0	0	0	0	0
MIR4653	0	0	0	1	0	0	0	0	0
MIR4655	0	0	0	1	0	0	0	0	0
MIR4658	0	0	0	0	0	0	0	0	1
MIR4664	1	0	1	1	1	0	0	0	0
MIR4667	0	0	0	1	0	0	0	0	0
MIR4668	0	0	0	0	1	0	0	0	0
MIR4673	0	1	0	0	0	0	0	0	0
MIR4674	0	1	0	0	0	0	0	0	0
MIR4676	1	0	0	0	0	0	0	0	0
MIR4677	0	0	0	1	0	0	0	0	0
MIR4701	0	0	1	1	0	0	0	0	0
MIR4713HG	21	8	0	2	1	0	0	0	4
MIR4714	0	0	0	1	0	0	0	0	0
MIR4717	0	0	0	1	0	0	0	0	0
MIR4722	0	0	0	0	0	0	0	0	1
MIR4725	1	1	0	1	0	1	0	0	0
MIR4726	1	0	0	0	0	0	0	0	0
MIR4731	0	0	0	1	1	0	0	0	0
MIR4733HG	0	1	1	1	0	0	0	0	0
MIR4742	0	0	1	0	0	1	0	0	0
MIR4745	0	0	0	0	0	1	0	0	0
MIR4746	0	0	0	0	0	0	1	0	0
MIR4749	0	0	0	0	0	0	0	0	1
MIR4755	0	0	0	0	0	1	1	0	0
MIR4761	0	1	0	0	0	0	0	0	0
MIR4762	1	0	0	0	0	0	0	0	0
MIR4766	1	0	0	0	0	0	0	0	0
MIR4784	0	0	0	0	0	1	0	0	0
MIR4785	3	0	0	0	0	0	0	0	0
MIR4796	0	0	0	1	0	0	0	0	0
MIR4803	0	0	0	0	1	0	0	0	0
MIR4804	1	0	0	2	0	0	0	0	0
MIR485	2	1	0	2	0	1	1	0	1
MIR487A	3	0	0	0	0	0	0	0	0
MIR487B	4	3	2	10	5	1	0	0	1
MIR491	0	0	0	1	0	0	0	0	0
MIR493	9	3	0	5	3	1	1	0	4
MIR493HG	186	169	24	73	54	71	39	0	99
MIR494	6	4	1	0	2	0	0	0	1
MIR495	11	4	1	8	2	0	1	0	2
MIR496	0	1	0	1	0	0	1	0	0
MIR497HG	6	2	0	4	0	0	0	0	1
MIR5008	1	1	0	0	0	0	0	0	0
MIR5009	0	0	0	0	0	0	0	0	1
MIR501	1	0	0	2	0	1	0	0	0
MIR5010	1	0	0	0	0	0	0	0	0
MIR503	4	1	1	4	1	2	1	0	1
MIR503HG	11	4	0	4	1	1	2	0	7
MIR5047	10	12	1	4	0	4	1	0	4
MIR505	4	2	0	1	1	0	0	0	1
MIR5087	5	6	1	3	2	2	4	0	5
MIR5088	0	1	0	1	0	0	0	0	0
MIR5094	4	2	0	2	1	0	1	0	0
MIR5187	1	0	0	0	1	0	0	0	0
MIR5189	1	0	0	0	0	0	0	0	0
MIR5190	0	0	0	1	0	0	0	0	0
MIR5191	0	1	0	0	0	0	0	0	0
MIR5192	1	0	0	0	0	0	0	0	0
MIR5194	1	0	0	0	0	0	0	0	1
MIR532	2	0	0	1	0	1	1	0	1
MIR539	2	0	1	3	0	0	0	0	0
MIR541	1	1	0	0	0	0	0	0	0
MIR542	0	0	0	1	0	0	0	0	0
MIR543	3	5	0	3	1	0	0	0	0
MIR544A	0	0	0	1	0	0	1	0	1
MIR544B	1	1	0	0	0	0	0	0	0
MIR545	1	1	0	1	0	0	0	0	0
MIR548A1HG	2	3	1	1	0	3	0	0	0
MIR548AA2	1	1	0	0	0	1	0	0	0
MIR548AC	0	0	0	0	0	1	0	0	0
MIR548AL	2	0	0	0	0	0	0	0	0
MIR548AS	1	0	0	0	0	0	0	0	1
MIR548AU	0	1	0	0	0	0	0	0	0
MIR548C	0	1	0	0	0	0	0	0	0
MIR548D1	0	0	0	0	0	2	0	0	2
MIR548E	0	1	0	0	0	0	0	0	0
MIR548J	0	1	0	0	0	0	0	0	0
MIR548L	0	0	0	1	0	0	0	0	0
MIR548T	0	0	0	0	0	1	0	0	0
MIR548XHG	8	3	0	0	0	1	0	0	1
MIR550A1	1	0	0	0	0	0	0	0	0
MIR551B	0	0	0	1	0	0	0	0	0
MIR553	0	1	0	0	0	0	0	0	1
MIR554	0	0	0	0	0	0	0	0	3
MIR555	0	0	0	0	1	0	0	0	0
MIR558	1	0	0	0	0	0	0	0	0
MIR5582	1	0	0	0	0	0	0	0	0
MIR5585	0	0	0	0	1	0	0	0	0
MIR561	0	0	0	0	0	0	1	0	0
MIR564	0	0	0	0	0	0	1	0	0
MIR567	2	0	0	0	0	0	0	0	0
MIR5687	0	0	0	0	0	0	0	0	1
MIR5689HG	2	1	0	0	2	0	0	0	2
MIR5690	0	0	0	0	0	0	0	0	1
MIR5696	1	0	0	0	0	0	0	0	0
MIR570	0	4	0	0	0	1	0	0	1
MIR5703	0	0	0	0	2	0	0	0	0
MIR573	0	0	0	1	0	0	1	0	1
MIR574	2	1	0	8	1	0	0	0	1
MIR576	1	2	0	0	0	0	0	0	0
MIR577	0	0	0	0	0	0	1	0	0
MIR580	1	0	0	0	0	0	0	0	0
MIR582	13	13	1	16	1	5	3	0	2
MIR583HG	0	1	1	0	0	0	0	0	1
MIR589	0	1	0	0	1	0	0	0	1
MIR590	9	6	0	3	5	0	1	0	1
MIR591	0	0	0	0	0	0	0	0	1
MIR592	0	0	0	1	0	0	0	0	0
MIR593	0	0	0	1	0	0	0	0	0
MIR600HG	19	15	2	4	6	5	6	0	13
MIR601	1	1	0	0	0	0	0	0	0
MIR604	1	0	0	1	0	0	2	0	1
MIR6075	0	0	0	1	0	0	0	0	0
MIR6081	1	0	0	0	0	1	0	0	0
MIR612	41	54	9	17	10	14	17	0	27
MIR6126	1	0	0	1	0	0	0	0	0
MIR615	0	1	1	0	0	0	0	0	1
MIR616	2	0	0	0	0	0	0	0	0
MIR619	1	0	0	0	0	0	0	0	0
MIR623	0	0	0	1	0	0	0	0	0
MIR624	0	1	0	0	0	0	0	0	0
MIR626	0	1	0	1	0	0	0	0	0
MIR627	1	0	0	0	0	0	0	0	0
MIR629	1	0	0	1	1	0	1	0	0
MIR631	1	0	0	1	0	0	0	0	1
MIR636	3	0	2	3	1	2	0	0	0
MIR637	0	0	0	0	1	0	0	0	0
MIR638	0	0	0	0	0	0	1	0	1
MIR639	0	1	0	2	2	0	0	0	2
MIR640	0	2	0	0	0	0	0	0	0
MIR641	2	1	0	1	0	0	0	0	1
MIR643	0	0	0	0	0	0	0	0	1
MIR646HG	533	436	78	254	159	300	111	0	356
MIR647	0	0	0	0	0	1	0	0	0
MIR648	1	1	0	0	0	0	0	0	0
MIR6507	1	1	0	1	1	1	0	0	0
MIR6509	0	0	0	0	0	0	0	0	1
MIR6513	1	0	0	0	0	0	0	0	0
MIR6515	0	1	0	0	0	0	0	0	0
MIR6516	0	0	0	0	0	1	0	0	0
MIR652	1	3	0	1	0	0	0	0	0
MIR654	26	12	0	29	6	5	2	0	9
MIR655	3	3	0	1	0	0	0	0	1
MIR656	1	0	0	1	2	0	0	0	0
MIR659	1	1	0	0	0	0	0	0	1
MIR660	1	0	0	0	0	0	0	0	0
MIR661	1	0	0	1	0	1	0	0	0
MIR662	1	0	0	0	0	0	0	0	0
MIR663AHG	186	51	2	18	10	9	9	0	10
MIR665	4	6	2	4	3	3	0	0	0
MIR6719	0	0	0	1	0	0	0	0	0
MIR6728	5	1	0	0	0	1	0	0	0
MIR6729	0	1	0	0	0	0	0	0	0
MIR6730	0	0	0	0	0	0	1	0	0
MIR6731	0	1	0	0	0	0	1	0	0
MIR6732	3	0	0	0	0	0	0	0	0
MIR6733	3	1	0	0	0	1	0	0	0
MIR6734	1	0	0	0	0	0	0	0	0
MIR6739	1	1	0	0	0	0	0	0	0
MIR6740	1	0	0	0	0	1	0	0	0
MIR6746	1	0	0	0	0	0	0	0	0
MIR6747	0	3	0	0	1	3	1	0	5
MIR6748	1	0	0	1	0	0	0	0	1
MIR6749	1	0	0	0	0	0	0	0	0
MIR6750	0	0	0	0	0	0	0	0	1
MIR6753	0	0	0	1	1	0	0	0	1
MIR6758	1	0	0	1	0	1	0	0	0
MIR6763	0	0	0	1	0	0	0	0	0
MIR6764	1	0	0	0	0	0	0	0	1
MIR6765	1	1	0	0	0	0	0	0	0
MIR6766	1	2	0	0	1	0	0	0	0
MIR6767	0	1	0	0	0	0	0	0	0
MIR6768	0	0	0	2	0	0	0	0	0
MIR6769A	2	0	0	0	0	0	0	1	0
MIR6772	0	0	0	0	0	1	0	0	0
MIR6775	1	0	0	2	0	0	0	0	2
MIR6779	0	0	0	1	0	0	0	0	0
MIR6781	3	0	0	0	0	0	0	0	0
MIR6782	1	1	0	0	0	0	0	0	1
MIR6783	0	2	0	0	0	0	0	0	1
MIR6784	0	0	0	1	0	0	0	0	0
MIR6785	2	0	0	0	0	0	0	0	0
MIR6786	1	0	0	0	0	0	0	0	0
MIR6787	2	1	1	1	0	0	1	0	0
MIR6789	1	1	0	1	0	0	0	0	0
MIR6791	0	0	0	0	0	0	0	0	1
MIR6793	1	0	0	0	0	0	0	0	0
MIR6796	0	0	0	0	0	0	0	0	1
MIR6797	0	0	0	1	0	3	1	0	0
MIR6800	0	0	0	0	0	1	0	0	0
MIR6801	1	0	0	0	0	0	0	0	0
MIR6802	0	0	0	1	0	0	0	0	1
MIR6803	0	1	1	0	0	0	0	0	0
MIR6807	3	1	0	1	1	0	0	0	2
MIR6809	0	0	0	0	0	1	0	0	0
MIR6812	2	0	0	0	0	0	0	0	0
MIR6819	2	0	0	0	0	0	0	0	0
MIR6821	1	0	0	0	0	1	0	0	0
MIR6825	0	1	0	0	0	0	0	0	0
MIR6826	0	2	0	0	0	0	0	0	0
MIR6829	0	1	0	0	0	0	0	0	0
MIR6832	2	0	0	0	0	1	0	0	0
MIR6833	0	0	0	0	1	0	0	0	0
MIR6834	1	0	0	0	0	1	0	0	1
MIR6835	1	0	0	0	0	0	0	0	0
MIR6845	1	0	0	0	0	0	0	0	0
MIR6847	0	1	0	0	0	0	0	0	1
MIR6848	1	1	0	0	0	0	0	0	0
MIR6849	1	0	0	0	0	0	0	0	0
MIR6850	3	0	0	2	0	0	1	0	0
MIR6851	2	1	0	0	0	0	2	0	0
MIR6853	3	1	0	0	0	0	0	0	0
MIR6854	0	1	0	0	0	0	0	0	0
MIR6856	0	0	0	0	0	0	1	0	0
MIR6857	0	0	1	0	0	0	0	0	0
MIR6858	0	1	0	0	0	0	0	0	0
MIR6859-4	1	0	0	0	0	0	0	0	0
MIR6864	1	0	0	0	0	0	0	0	0
MIR6868	0	0	0	0	0	0	0	0	1
MIR6871	0	1	0	0	0	0	0	0	0
MIR6874	0	1	0	0	0	0	0	0	0
MIR6875	1	0	0	0	1	1	1	0	0
MIR6877	0	0	0	0	1	0	1	0	0
MIR6878	1	1	0	0	0	0	0	0	0
MIR6879	0	1	0	0	0	0	0	0	0
MIR6883	1	0	0	0	0	0	0	0	1
MIR6884	0	0	0	1	0	0	0	0	0
MIR6885	2	0	0	0	0	1	0	0	0
MIR6889	0	0	0	0	0	1	1	0	0
MIR6892	3	1	0	0	0	0	0	0	0
MIR6893	0	0	0	0	0	0	0	0	1
MIR6894	1	0	0	0	0	0	0	0	0
MIR7-1	4	0	0	3	2	1	0	0	1
MIR7-3HG	2	1	0	1	0	0	0	0	0
MIR7106	1	0	0	0	1	1	0	0	0
MIR7108	1	1	0	0	0	0	0	0	0
MIR7109	0	0	0	1	0	0	0	0	0
MIR7110	1	0	0	1	0	0	0	0	0
MIR7111	1	0	1	1	1	1	0	0	0
MIR7112	1	0	0	0	0	0	0	0	0
MIR7113	1	0	0	0	1	0	0	0	0
MIR7114	0	0	0	1	0	0	0	0	0
MIR7161	0	0	0	1	0	0	0	0	1
MIR744	4	0	0	2	1	1	1	0	0
MIR7515HG	1	0	0	21	1	0	0	0	1
MIR758	5	2	0	3	0	1	0	0	1
MIR760	1	0	0	0	0	0	0	0	0
MIR762HG	10	17	0	4	2	2	4	0	7
MIR766	0	0	0	1	0	0	0	0	0
MIR767	0	0	0	1	0	0	0	0	1
MIR769	0	0	1	4	0	3	0	0	0
MIR770	3	0	0	3	0	0	0	0	0
MIR7706	2	0	0	1	0	0	1	0	0
MIR7845	2	0	0	0	0	0	0	0	1
MIR7976	0	0	0	0	0	0	0	0	1
MIR8059	0	0	0	1	0	0	0	0	0
MIR8063	1	0	0	0	0	0	0	0	1
MIR8072	3	1	0	0	0	0	0	0	0
MIR8075	0	0	0	0	0	1	0	0	2
MIR8085	0	0	1	0	0	0	0	0	0
MIR873	0	0	0	0	1	0	0	0	0
MIR876	3	1	0	1	2	1	1	0	1
MIR877	1	1	0	0	0	0	0	0	0
MIR885	0	1	0	0	0	0	0	0	0
MIR892C	0	0	0	1	0	0	0	0	0
MIR9-1	0	0	0	0	0	1	0	0	0
MIR9-1HG	10	7	1	3	4	5	4	1	11
MIR9-3HG	11	17	1	10	3	8	3	0	4
MIR924HG	1795	1544	321	798	584	1345	479	2	1892
MIR93	37	22	3	24	5	1	4	0	6
MIR937	0	0	0	0	1	0	0	0	0
MIR938	0	0	0	1	0	0	0	0	0
MIR941-5	0	2	0	0	0	0	0	0	0
MIR942	2	0	0	0	0	0	0	0	0
MIR95	0	1	0	0	0	0	0	0	0
MIR96	6	6	2	11	2	0	0	0	0
MIR98	6	1	0	7	2	2	1	0	0
MIR99A	43	43	2	37	15	7	6	0	9
MIR99AHG	1154	981	219	561	345	940	366	2	1451
MIR99B	12	9	0	9	3	2	1	0	1
MIRLET7A1HG	382	295	58	192	113	231	67	1	258
MIRLET7A2	156	111	23	180	44	78	20	1	67
MIRLET7BHG	990	748	123	368	244	336	257	2	536
MIRLET7C	67	44	4	57	17	21	7	0	25
MIRLET7E	17	10	4	15	6	8	3	0	7
MIRLET7F2	31	21	2	30	5	11	6	0	13
MIRLET7G	25	26	5	29	3	16	0	0	8
MIRLET7IHG	135	113	33	53	47	97	36	0	156
MIS12	77	54	11	46	16	34	11	0	56
MIS18A	46	58	6	21	11	29	4	0	23
MIS18A-AS1	1	0	0	0	0	0	0	0	0
MIS18BP1	231	137	34	78	35	131	38	0	184
MISP	114	30	6	24	14	26	16	0	31
MISP3	2	0	0	0	0	0	0	0	0
MITD1	27	39	4	15	13	20	4	0	34
MITF	577	310	47	218	111	210	90	2	326
MIX23	82	51	7	45	21	38	6	1	41
MIX23P3	0	0	0	0	0	1	0	0	0
MIX23P5	0	0	0	0	1	0	0	0	0
MIXL1	0	3	0	0	0	0	0	0	0
MKI67	871	598	143	361	199	409	215	2	537
MKKS	50	23	12	20	14	23	8	0	27
MKLN1	881	550	110	373	186	476	110	1	571
MKLN1-AS	18	8	1	6	1	2	1	0	8
MKNK1	98	54	12	38	13	36	23	0	50
MKNK1-AS1	1	0	0	0	0	0	0	0	0
MKNK2	170	90	16	73	39	53	36	0	61
MKRN1	65	53	9	41	9	41	10	0	51
MKRN2	121	58	12	45	18	53	16	0	54
MKRN2OS	2	0	0	2	1	1	1	0	2
MKRN3	37	27	8	14	9	24	7	0	22
MKRN4P	0	0	0	0	1	0	0	0	0
MKRN5P	0	4	0	3	0	2	0	0	0
MKRN9P	0	0	0	0	0	1	0	0	0
MKS1	31	18	4	7	3	14	2	0	10
MKX	193	99	17	73	46	66	23	0	96
MKX-AS1	4	5	0	0	3	1	1	0	0
MLANA	0	1	0	0	0	0	0	0	0
MLC1	4	0	0	1	0	0	0	0	2
MLEC	234	117	39	98	51	72	39	0	127
MLF1	46	24	4	16	8	16	4	0	19
MLF1-DT	0	0	0	1	0	0	0	0	0
MLF2	131	68	17	45	23	53	17	0	58
MLH1	210	172	23	106	49	130	47	0	191
MLH3	106	58	6	40	27	55	17	0	57
MLIP	13	6	1	2	3	8	1	0	6
MLIP-AS1	3	3	0	2	2	0	0	0	2
MLKL	53	30	9	20	10	14	7	0	13
MLLT1	516	326	74	193	101	152	100	1	218
MLLT10	630	428	95	266	130	391	121	0	415
MLLT11	40	25	8	27	16	31	9	0	36
MLLT3	1117	881	158	554	329	731	271	4	826
MLLT6	267	192	32	103	61	88	48	0	151
MLN	1	0	0	0	0	0	0	0	0
MLNR	1	0	0	0	0	0	0	0	1
MLPH	2	5	2	3	2	3	2	0	2
MLST8	55	29	9	22	14	18	12	0	25
MLX	62	39	5	16	13	18	10	0	27
MLXIP	155	91	12	53	27	46	30	1	87
MLXIPL	39	27	12	23	18	25	16	0	51
MLXP1	1	1	0	0	0	0	0	0	0
MLYCD	10	9	1	4	3	9	7	0	6
MMAA	18	12	1	10	6	2	3	0	6
MMAB	33	30	6	17	15	20	9	0	31
MMACHC	35	17	6	22	8	12	8	0	16
MMADHC	139	94	18	49	22	80	22	0	83
MMADHC-DT	44	27	5	24	11	26	10	0	35
MMADHCP2	4	3	1	0	0	0	1	0	0
MMD	16	14	2	7	3	6	3	0	6
MMD2	6	1	0	0	1	0	2	0	2
MME	4	6	1	2	3	7	1	0	7
MME-AS1	0	0	0	0	0	0	0	0	1
MMEL1	2	0	1	3	0	0	3	0	2
MMGT1	65	67	11	42	20	47	14	0	43
MMP1	0	1	0	1	0	0	0	0	0
MMP10	0	1	0	0	0	0	0	0	0
MMP11	5	2	0	1	1	1	0	0	2
MMP12	1	1	0	0	0	0	0	0	0
MMP13	1	0	0	1	0	0	1	0	0
MMP14	5	16	3	3	7	4	5	0	12
MMP15	15	5	0	7	2	2	0	0	2
MMP16	13	5	1	2	3	2	2	0	5
MMP17	125	92	16	54	32	33	15	0	37
MMP2	33	29	7	8	6	11	9	0	15
MMP2-AS1	1	1	0	1	0	0	0	0	2
MMP20	3	0	0	2	0	1	0	0	0
MMP21	4	2	0	2	1	0	0	0	0
MMP23B	0	1	0	0	0	0	0	0	1
MMP24	1	1	0	2	0	1	0	0	2
MMP24OS	25	24	3	14	5	13	6	0	24
MMP25	6	1	0	0	1	0	0	0	0
MMP25-AS1	13	9	2	11	7	7	7	0	6
MMP26	37	23	4	25	3	12	16	0	18
MMP27	1	0	0	1	0	0	0	0	0
MMP28	0	1	0	0	0	0	0	0	0
MMP3	0	1	0	0	0	0	0	0	0
MMP7	1	0	0	0	0	1	0	0	0
MMP8	0	0	0	0	0	1	0	0	0
MMP9	0	1	0	0	0	0	0	0	2
MMRN1	3	0	0	1	1	2	0	0	1
MMRN2	5	4	0	0	2	1	3	0	1
MMS19	136	79	23	55	31	54	27	0	59
MMS22L	415	331	69	203	128	322	88	0	414
MMUT	38	35	6	23	12	26	12	0	38
MN1	331	152	31	97	50	93	53	0	122
MNAT1	409	280	58	182	92	257	67	0	313
MND1	2	0	0	1	0	1	0	0	1
MNS1	17	9	4	5	5	6	4	0	8
MNT	217	159	29	69	41	91	42	0	154
MNX1	5	4	0	5	0	3	0	0	2
MNX1-AS1	0	1	0	0	0	0	0	0	0
MOAP1	29	14	8	8	9	12	6	0	9
MOB1A	163	113	23	109	43	109	30	0	116
MOB1B	119	69	15	35	29	70	20	0	109
MOB2	26	22	1	3	6	12	5	1	20
MOB3A	36	36	4	22	15	21	16	0	28
MOB3B	248	175	35	97	70	128	32	0	100
MOB3C	9	12	1	3	3	3	4	0	8
MOB4	33	21	3	23	7	29	3	0	34
MOBP	2	0	0	0	2	1	0	0	0
MOCOS	337	331	42	176	98	211	70	0	287
MOCS1	5	2	0	2	0	0	0	0	1
MOCS2	30	30	11	20	7	18	7	0	32
MOCS2-DT	2	4	0	1	0	1	4	0	3
MOCS3	25	18	1	8	7	9	3	0	13
MOG	0	1	0	0	0	0	0	0	2
MOGAT1	4	3	0	1	0	4	0	0	4
MOGAT2	1	0	0	0	0	0	0	0	0
MOGAT3	0	0	0	1	0	0	0	0	0
MOGS	77	45	6	27	11	25	18	0	34
MOK	30	10	6	17	5	20	7	0	23
MON1A	30	24	6	7	10	9	8	0	20
MON1B	69	44	7	34	13	20	9	0	34
MON2	324	217	60	137	92	217	67	1	325
MORC1	6	0	0	1	1	0	1	0	2
MORC1-AS1	0	0	1	0	0	0	0	0	0
MORC2	158	104	16	51	38	80	29	0	94
MORC2-AS1	0	2	0	0	1	0	0	0	2
MORC3	97	88	23	38	26	49	13	1	62
MORC4	123	83	20	59	25	58	23	0	76
MORF4	0	0	0	0	1	0	1	0	0
MORF4L1	465	278	46	206	119	190	74	0	248
MORF4L1P1	5	2	1	3	1	9	2	0	3
MORF4L1P3	0	0	0	0	0	1	0	0	0
MORF4L1P5	0	0	0	0	0	1	0	0	0
MORF4L2	694	427	58	273	138	271	83	2	291
MORF4L2-AS1	13	3	5	6	2	9	0	0	12
MORN1	59	51	12	29	28	26	24	0	36
MORN2	11	4	1	4	0	10	2	0	3
MORN3	3	1	0	0	0	0	0	0	2
MORN4	2	4	0	5	3	3	0	0	2
MORN5	1	2	0	1	0	0	0	0	0
MOSMO	254	148	28	115	43	128	34	1	172
MOSPD1	41	25	3	23	10	25	5	1	30
MOSPD2	55	38	9	24	18	24	10	0	49
MOSPD3	8	3	3	2	1	2	1	0	15
MOV10	132	68	15	50	24	65	25	0	66
MOV10L1	9	8	2	3	1	2	5	0	3
MOXD1	6	2	1	1	1	0	0	0	2
MPC1	37	30	5	20	9	29	5	1	30
MPC1-DT	5	1	0	1	0	0	0	0	1
MPC2	42	28	6	22	7	20	9	0	35
MPDU1	115	70	15	37	25	38	21	0	40
MPDZ	493	346	87	205	142	319	105	0	382
MPG	26	29	3	16	5	10	4	0	14
MPHOSPH10	89	58	8	47	22	32	5	1	51
MPHOSPH6	116	69	15	54	37	71	22	0	58
MPHOSPH6-DT	1	0	0	0	0	0	1	0	1
MPHOSPH6P1	0	0	0	1	0	0	0	0	0
MPHOSPH8	70	39	7	21	20	31	16	0	57
MPHOSPH9	171	129	33	99	33	109	36	2	146
MPI	44	28	2	19	11	26	8	0	21
MPL	2	2	1	0	0	1	0	0	1
MPLKIP	36	23	7	16	16	18	1	0	40
MPND	13	9	1	5	2	4	2	0	12
MPO	0	2	0	0	0	0	0	0	0
MPP1	5	2	1	3	2	2	0	0	5
MPP2	27	15	8	7	2	11	7	0	14
MPP3	167	97	19	48	39	44	22	0	58
MPP4	10	4	1	1	3	3	0	0	5
MPP7	69	88	17	34	29	79	25	0	110
MPP7-DT	2	1	0	0	0	0	0	0	0
MPPE1	36	37	6	14	15	26	21	1	28
MPPED1	6	1	0	2	2	0	2	0	1
MPPED2	1036	639	118	408	222	478	264	0	671
MPPED2-AS1	10	3	2	2	2	4	0	0	6
MPRIP	1287	589	120	395	230	299	144	2	319
MPRIP-AS1	0	1	0	0	0	0	0	0	0
MPRIPP1	0	1	0	1	1	0	0	0	0
MPST	40	19	2	13	4	11	3	0	12
MPV17	94	72	14	40	29	51	36	1	79
MPV17L	26	16	4	13	7	13	1	0	9
MPV17L2	23	7	4	10	5	6	1	0	5
MPZ	0	0	1	0	0	0	0	0	0
MPZL1	262	169	29	134	56	101	48	0	132
MPZL2	7	3	2	1	2	0	2	0	1
MPZL3	10	10	1	6	2	9	1	0	8
MR1	14	5	1	5	3	8	6	0	8
MRAP	1	0	0	0	0	0	0	0	1
MRAP-AS1	9	11	0	2	1	4	0	0	8
MRAP2	9	11	2	3	2	3	2	0	7
MRAS	38	14	4	12	15	12	7	0	15
MRC1	9	8	0	4	2	1	0	0	2
MRC2	317	222	52	111	72	149	61	2	206
MRE11	271	189	50	119	71	168	52	0	255
MREG	69	38	7	28	10	33	9	1	41
MRFAP1	310	167	29	145	47	108	42	1	118
MRFAP1L1	67	41	9	30	13	21	5	0	23
MRFAP1P1	2	1	1	2	0	0	0	0	0
MRGBP	47	21	4	23	10	16	9	0	18
MRGPRE	3	3	0	5	2	1	0	0	0
MRGPRF	1	1	3	1	2	2	1	0	2
MRGPRF-AS1	0	1	0	0	0	0	0	0	1
MRGPRG-AS1	1	0	0	0	0	1	0	0	0
MRGPRX11P	1	0	0	0	0	0	0	0	0
MRGPRX2	1	1	0	0	0	0	0	0	0
MRGPRX3	1	1	0	0	0	0	0	0	0
MRI1	87	47	11	39	16	28	24	0	58
MRLN	0	0	0	1	0	0	0	0	0
MRM1	40	13	8	11	4	9	6	0	19
MRM2	11	3	0	6	1	1	0	0	3
MRM3	50	21	6	21	11	17	7	0	13
MRNIP	53	24	2	17	12	23	8	0	29
MRNIP-DT	0	1	0	0	0	1	2	0	1
MRO	2	2	0	1	0	3	0	0	0
MROH1	232	178	36	92	36	83	47	1	130
MROH2A	2	2	0	3	0	1	1	0	1
MROH2B	3	1	0	1	0	0	1	0	0
MROH3P	2	0	0	1	0	1	2	0	1
MROH4P	2	1	0	1	0	1	0	0	1
MROH5	2	4	0	0	2	1	0	0	1
MROH6	24	22	3	4	5	8	4	0	14
MROH7-TTC4	53	32	10	25	12	23	5	0	24
MROH8	9	5	1	4	5	2	0	0	5
MROH9	3	0	0	2	0	0	0	0	0
MRPL1	135	93	16	56	42	86	23	0	87
MRPL10	57	20	4	15	12	15	9	0	26
MRPL11	50	29	2	16	8	16	7	0	22
MRPL12	26	18	7	13	3	14	5	0	12
MRPL13	101	83	14	48	36	64	16	0	64
MRPL14	72	57	8	26	31	36	14	1	45
MRPL15	62	36	8	30	12	24	9	0	22
MRPL15P1	1	0	0	0	0	0	0	0	0
MRPL16	65	39	4	31	10	24	10	0	17
MRPL17	65	41	5	23	17	22	6	0	24
MRPL18	91	64	9	53	24	47	12	0	63
MRPL19	160	83	13	69	39	53	19	1	75
MRPL2	14	8	2	7	5	7	5	0	9
MRPL20	91	52	12	52	28	47	18	1	41
MRPL20-AS1	20	12	4	12	4	13	6	0	9
MRPL20-DT	5	2	0	1	0	2	1	0	1
MRPL20P1	1	0	0	0	0	0	0	0	0
MRPL21	84	65	10	41	20	32	20	0	36
MRPL22	125	62	15	42	26	61	15	0	53
MRPL23	1	1	1	0	1	1	0	0	0
MRPL24	60	28	10	30	9	24	14	2	36
MRPL27	46	39	5	25	16	31	14	1	31
MRPL28	62	29	7	25	9	13	6	0	19
MRPL3	404	236	43	186	101	230	56	0	250
MRPL30	38	28	3	35	12	27	3	0	24
MRPL30P1	0	0	0	0	0	0	0	0	1
MRPL32	58	32	4	25	8	19	9	0	24
MRPL33	86	46	5	28	22	27	7	0	34
MRPL34	75	52	16	32	22	24	16	0	29
MRPL35	42	32	10	22	18	26	5	0	34
MRPL35P1	5	1	1	2	1	1	3	0	9
MRPL35P3	1	1	0	0	0	1	0	0	0
MRPL36	80	42	8	38	18	29	13	0	37
MRPL36P1	0	1	0	0	0	0	0	0	0
MRPL37	168	119	27	84	42	81	28	0	106
MRPL37P1	3	2	0	1	0	0	0	0	0
MRPL38	75	39	14	32	19	16	8	0	30
MRPL39	68	48	16	23	21	30	11	0	47
MRPL3P1	1	0	0	1	0	0	1	0	1
MRPL4	80	31	10	24	14	26	6	0	31
MRPL40	28	16	2	12	3	9	4	0	18
MRPL41	18	16	4	11	5	8	5	0	13
MRPL42	152	112	25	76	41	89	27	0	115
MRPL42P1	6	2	0	3	1	2	0	0	1
MRPL42P6	0	0	0	0	0	0	0	0	1
MRPL43	57	29	8	29	10	23	12	0	24
MRPL44	67	39	9	40	12	28	13	0	34
MRPL45	118	55	14	54	19	53	11	0	59
MRPL45P2	109	66	11	53	18	54	11	0	70
MRPL46	15	13	2	8	3	4	1	0	7
MRPL47	117	69	20	48	21	48	19	0	47
MRPL48	183	132	22	68	44	123	35	0	165
MRPL49	60	28	5	26	18	34	9	0	23
MRPL50	69	38	4	26	13	29	4	0	24
MRPL51	80	58	9	44	26	38	15	0	53
MRPL52	51	17	8	21	15	18	10	0	20
MRPL53	24	16	3	11	9	10	5	0	5
MRPL54	24	11	2	8	3	4	3	0	3
MRPL55	34	21	3	9	6	9	5	1	12
MRPL57	34	27	6	7	8	17	5	0	21
MRPL58	50	32	9	24	17	15	7	0	20
MRPL9	73	28	4	41	16	37	10	0	36
MRPS10	77	30	8	27	14	26	4	0	31
MRPS11	75	57	11	35	21	32	21	0	49
MRPS12	49	22	9	20	4	15	8	0	11
MRPS14	35	32	6	13	10	20	9	0	30
MRPS15	99	69	9	46	22	46	24	0	40
MRPS16	108	61	8	59	22	41	16	0	51
MRPS16P2	1	0	0	0	0	0	0	0	0
MRPS17	13	5	1	4	2	2	1	0	9
MRPS17P1	0	1	0	0	0	0	0	0	0
MRPS18A	67	40	6	32	14	22	14	0	29
MRPS18B	74	44	9	22	10	33	7	0	32
MRPS18C	45	25	2	20	9	18	9	0	26
MRPS2	106	54	16	58	23	25	11	0	36
MRPS21	125	107	22	66	24	83	20	0	80
MRPS21P2	0	0	0	0	0	0	1	0	1
MRPS22	115	55	17	45	14	43	16	1	41
MRPS22P1	1	0	0	0	0	0	0	0	0
MRPS23	78	55	6	45	13	37	15	0	34
MRPS24	44	16	1	20	2	9	4	0	11
MRPS25	419	307	44	169	107	172	57	1	226
MRPS26	29	11	1	14	5	11	2	0	10
MRPS27	544	313	62	198	123	255	89	0	279
MRPS28	17	4	1	5	2	5	1	1	8
MRPS30	277	136	31	130	53	150	48	0	181
MRPS30-DT	55	72	12	35	28	58	18	1	64
MRPS31	50	44	6	22	12	31	3	0	30
MRPS31P2	0	1	0	0	2	1	1	0	0
MRPS31P4	0	0	1	1	0	0	0	0	0
MRPS31P5	2	0	0	1	0	0	0	0	4
MRPS33	11	8	0	5	2	5	1	0	4
MRPS34	148	58	11	52	31	35	24	0	37
MRPS35	130	82	17	70	30	56	14	0	86
MRPS35-DT	1	0	0	0	0	0	0	0	0
MRPS36	42	32	6	23	13	25	11	0	32
MRPS5	67	34	8	28	16	16	11	0	25
MRPS6	44	15	0	18	10	11	2	0	18
MRPS6P2	1	0	0	0	0	0	0	0	0
MRPS7	86	54	6	38	22	50	11	0	34
MRPS9	136	98	10	59	36	72	21	0	81
MRPS9-AS1	1	0	0	0	0	0	0	0	0
MRPS9-AS2	5	2	0	3	0	0	2	0	3
MRRF	329	188	38	109	61	121	29	0	169
MRRFP1	1	1	0	0	0	0	0	0	0
MRS2	56	26	3	19	10	24	8	0	30
MRTFA	785	441	94	296	140	365	124	0	480
MRTFB	308	275	59	142	90	210	92	0	271
MRTO4	157	84	18	63	25	44	15	0	46
MS4A12	3	0	0	0	1	0	1	0	0
MS4A13	0	0	0	0	0	0	1	0	0
MS4A14	0	0	1	0	1	0	0	0	0
MS4A15	0	1	0	0	0	0	0	0	0
MS4A18	0	0	0	1	0	1	0	0	0
MS4A19P	5	1	0	5	2	1	2	0	0
MS4A2	1	0	0	0	0	0	0	0	0
MS4A4A	1	3	1	4	0	1	0	0	3
MS4A4E	1	1	0	1	0	0	1	0	0
MS4A5	0	0	0	0	0	0	0	0	1
MS4A6A	1	1	0	1	0	0	1	0	1
MS4A6E	1	0	0	1	1	1	0	0	0
MS4A8	0	0	0	0	0	0	0	0	1
MSANTD1	11	3	1	3	1	3	0	0	3
MSANTD2	75	57	10	31	14	43	13	0	64
MSANTD2-AS1	2	1	0	3	1	2	0	0	1
MSANTD3	94	45	6	35	13	21	6	1	38
MSANTD3-TMEFF1	112	39	5	34	20	33	10	0	48
MSANTD3P1	1	0	0	0	0	0	0	0	0
MSANTD4	57	27	6	17	13	20	7	0	28
MSANTD7	59	38	0	18	4	38	9	0	31
MSC-AS1	141	108	21	48	28	91	33	1	127
MSGN1	0	0	0	1	0	0	0	0	0
MSH2	205	151	25	90	42	77	38	0	136
MSH2-OT1	1	0	0	0	0	0	0	0	0
MSH3	432	245	55	185	103	240	67	1	253
MSH4	19	20	6	13	6	15	4	0	20
MSH5	2	0	1	0	0	0	1	0	2
MSH5-SAPCD1	123	122	29	64	45	105	36	1	116
MSH6	274	149	21	95	69	108	52	0	146
MSI1	3	0	0	2	1	0	0	0	0
MSI2	3697	3113	461	1492	1073	1664	799	7	2006
MSL1	157	122	16	59	32	81	27	1	75
MSL2	234	188	37	96	62	141	28	0	232
MSL3	40	23	3	18	9	12	5	0	14
MSL3P1	16	3	2	5	3	6	4	0	10
MSLN	94	55	19	25	17	24	26	0	31
MSLNL	0	1	1	4	0	0	0	0	1
MSMB	1	1	0	0	0	0	0	0	0
MSMO1	72	94	21	34	28	68	28	0	92
MSMP	2	0	0	0	0	0	0	0	0
MSN	1175	867	143	462	244	419	179	2	479
MSNP1	0	0	1	0	0	1	0	0	0
MSR1	18	13	1	8	1	2	0	0	8
MSRA	85	57	8	40	15	36	18	0	37
MSRA-DT	2	0	0	0	0	0	0	0	0
MSRB1	15	12	3	4	4	5	3	0	4
MSRB2	42	40	5	16	13	21	17	0	37
MSRB3	210	195	35	97	74	163	55	1	284
MSRB3-AS1	8	1	1	5	1	3	0	0	0
MSS51	10	12	1	2	2	7	5	0	11
MST1	0	0	0	3	0	1	1	0	2
MST1P2	0	1	0	0	1	1	2	0	0
MST1R	28	14	5	12	7	12	6	0	9
MSTN	2	0	0	0	0	0	0	0	2
MSTO1	45	25	6	13	11	14	6	0	33
MSTO2P	9	6	0	1	1	4	0	0	4
MSX1	41	9	2	11	1	7	5	0	9
MSX2	1	2	0	0	0	1	0	0	2
MT-ATP6	1698	1507	749	1126	467	2656	430	2	3607
MT-ATP8	567	400	204	295	147	774	126	0	997
MT-CO1	3616	2379	900	2039	826	2774	854	5	3732
MT-CO2	2218	1327	646	1246	461	1771	444	3	2482
MT-CO3	2758	2530	779	1707	746	2699	646	4	3652
MT-CYB	2554	1779	640	1494	591	1959	547	1	2713
MT-ND1	2582	1329	663	1261	437	2104	449	0	2514
MT-ND2	2124	1310	587	1239	482	2119	373	3	2704
MT-ND3	827	577	154	508	185	736	166	2	832
MT-ND4	4651	3749	1739	3003	1175	6111	1103	16	8351
MT-ND4L	1105	816	333	602	237	1206	217	1	1548
MT-ND5	4089	2669	991	2476	898	3079	816	7	3908
MT-ND6	2075	1365	227	1120	492	852	289	2	1112
MT-RNR1	99186	62408	15883	46226	21381	52159	22154	166	71422
MT-RNR2	157307	81331	32853	70574	27986	107160	29043	207	145648
MT-TA	10	6	1	9	2	3	1	0	4
MT-TC	9	12	1	3	4	6	4	0	6
MT-TD	205	162	74	156	70	199	52	1	317
MT-TE	292	210	45	221	71	129	32	0	160
MT-TF	12222	9914	2868	9320	2895	8121	3521	22	12374
MT-TG	696	808	96	400	183	388	170	2	385
MT-TH	1039	1095	200	868	299	645	213	2	886
MT-TI	439	652	84	311	144	328	121	3	365
MT-TK	248	185	104	162	42	358	63	1	503
MT-TL1	1585	1227	261	1008	376	787	318	5	1020
MT-TL2	990	791	183	656	184	544	160	2	743
MT-TM	736	856	157	480	228	612	185	1	800
MT-TN	1	5	1	0	1	4	0	0	0
MT-TP	1625	2089	155	984	489	532	294	7	650
MT-TQ	12	15	2	14	6	19	2	0	13
MT-TR	289	278	58	224	93	201	64	0	295
MT-TS1	2	2	0	1	2	0	0	0	1
MT-TS2	308	252	47	161	64	160	68	1	236
MT-TT	294	347	41	190	88	138	79	1	130
MT-TV	1867	1232	381	1026	407	885	340	4	1629
MT-TW	132	92	32	89	33	69	30	0	95
MT-TY	3379	4605	523	2275	1006	2150	1094	9	2182
MT1A	3	1	1	2	0	0	0	0	0
MT1E	131	44	8	62	19	29	12	0	22
MT1F	2	1	0	0	0	1	0	0	1
MT1H	0	0	0	0	1	0	0	0	0
MT1X	27	10	3	6	4	6	3	0	4
MT2A	397	130	22	164	48	69	22	0	62
MT2P1	3	0	0	0	0	0	0	0	0
MT4	0	0	0	0	0	1	0	0	0
MTA1	426	257	49	186	84	140	83	0	174
MTA1-DT	4	1	0	2	1	0	0	0	1
MTA2	211	110	24	96	53	87	38	1	82
MTA3	231	192	37	115	59	150	58	0	177
MTAP	146	84	13	50	23	60	22	0	63
MTAPP2	1	2	0	1	0	0	0	0	2
MTARC1	56	62	14	32	20	34	26	0	59
MTARC2	36	41	7	15	21	27	8	0	25
MTATP6P1	246	172	105	123	45	331	47	1	460
MTATP6P11	0	0	0	0	1	2	0	0	0
MTATP6P17	1	0	0	0	0	1	0	0	0
MTATP6P19	1	0	0	1	0	1	0	0	1
MTATP6P2	4	4	1	2	1	2	1	0	6
MTATP6P3	1	0	0	0	0	0	0	0	0
MTATP6P31	1	0	0	0	0	0	0	0	0
MTATP8P1	1	2	0	0	1	0	0	0	0
MTATP8P2	1	0	0	0	0	4	0	0	3
MTBP	126	96	12	46	36	77	28	0	139
MTCH1	300	171	39	114	45	104	68	0	137
MTCH1P1	3	0	0	3	1	0	0	0	1
MTCH1P2	7	3	0	7	0	1	1	0	0
MTCH2	190	141	29	113	44	87	34	0	122
MTCL1	451	271	57	152	80	179	78	1	206
MTCO1P10	2	0	0	0	0	0	0	0	0
MTCO1P11	2	2	0	2	0	0	0	0	3
MTCO1P12	330	311	47	173	124	351	51	0	393
MTCO1P15	3	1	0	1	0	1	0	0	1
MTCO1P17	0	0	0	0	0	0	0	0	1
MTCO1P18	2	0	0	0	0	3	1	0	0
MTCO1P19	2	0	0	1	0	0	0	0	1
MTCO1P2	9	5	0	2	1	1	2	0	2
MTCO1P22	4	4	3	2	0	7	1	0	2
MTCO1P23	0	0	0	1	0	0	0	0	0
MTCO1P24	1	0	0	0	0	0	0	0	0
MTCO1P25	1	1	0	0	0	0	1	0	1
MTCO1P29	0	1	0	2	0	0	0	0	1
MTCO1P3	1	2	1	0	0	1	0	0	0
MTCO1P31	0	0	0	0	0	0	0	0	1
MTCO1P38	0	0	0	1	0	0	0	0	0
MTCO1P40	10	7	1	7	4	5	1	0	10
MTCO1P42	0	1	0	0	0	0	0	0	1
MTCO1P43	1	0	0	1	0	1	0	0	1
MTCO1P45	1	1	0	0	0	0	0	0	2
MTCO1P46	0	1	0	0	0	0	0	0	0
MTCO1P53	5	6	1	0	2	6	1	0	6
MTCO1P6	2	0	0	0	0	0	0	0	0
MTCO2P11	2	1	1	0	1	1	0	0	0
MTCO2P12	9	3	1	5	0	1	3	0	9
MTCO2P15	0	0	0	0	0	0	1	0	0
MTCO2P19	0	0	0	1	0	0	0	0	1
MTCO2P2	2	2	0	0	0	2	0	0	1
MTCO2P20	1	0	0	0	0	0	0	0	0
MTCO2P22	3	2	1	0	1	1	0	0	1
MTCO2P23	0	0	0	1	0	0	0	0	0
MTCO2P24	2	0	0	1	0	0	0	0	0
MTCO2P30	1	0	0	0	0	0	1	0	0
MTCO2P34	0	0	0	0	0	0	0	0	1
MTCO3P1	0	1	0	0	0	0	0	0	1
MTCO3P11	2	1	1	0	0	0	0	0	1
MTCO3P12	4	2	3	0	0	3	1	0	5
MTCO3P13	1	1	0	1	0	2	1	0	1
MTCO3P19	0	0	0	0	1	0	0	0	1
MTCO3P2	2	0	0	0	0	0	0	0	0
MTCO3P22	13	4	1	3	3	10	1	0	10
MTCO3P31	0	0	0	1	0	0	0	0	0
MTCO3P35	0	0	0	0	0	0	0	0	1
MTCO3P8	1	1	0	1	0	0	1	0	0
MTCO3P9	0	1	0	0	0	1	0	0	1
MTCP1	26	23	4	8	6	11	3	0	15
MTCYBP1	1	0	0	0	0	0	0	0	0
MTCYBP12	0	0	0	0	0	0	0	0	1
MTCYBP15	0	1	0	0	0	0	0	0	0
MTCYBP16	1	1	0	0	0	0	1	0	0
MTCYBP18	1	0	2	1	0	2	0	1	1
MTCYBP19	0	0	0	1	1	1	0	0	0
MTCYBP21	1	1	0	0	1	0	1	0	0
MTCYBP22	0	0	0	0	0	1	1	0	0
MTCYBP29	0	0	0	1	0	0	0	0	0
MTCYBP3	1	2	0	1	1	2	0	0	1
MTCYBP31	6	3	0	2	0	6	0	0	3
MTCYBP32	0	3	0	2	0	1	0	0	0
MTCYBP35	1	0	0	0	0	2	0	0	0
MTCYBP36	1	1	0	1	0	0	0	0	0
MTCYBP37	1	2	0	2	0	2	0	0	0
MTCYBP39	1	0	0	0	0	0	0	0	0
MTCYBP4	0	0	0	0	0	1	0	0	0
MTCYBP42	0	1	0	0	0	1	0	0	0
MTCYBP44	0	1	0	0	0	0	0	0	0
MTDH	599	303	59	240	121	246	69	2	257
MTERF1	77	57	11	26	24	45	11	1	42
MTERF2	17	12	1	4	5	7	1	0	10
MTERF3	46	31	9	19	11	32	7	0	29
MTERF4	63	58	10	29	11	23	9	0	31
MTF1	143	60	12	51	32	49	18	0	63
MTF2	189	145	28	93	53	128	25	0	182
MTFMT	45	22	1	26	10	17	7	0	25
MTFP1	2	3	1	2	1	2	3	0	1
MTFR1	118	86	21	86	44	78	26	1	89
MTFR1L	42	27	3	14	10	16	7	1	25
MTFR2	37	23	4	12	4	22	3	1	22
MTFR2P1	1	0	0	0	0	1	0	0	1
MTG1	48	32	11	24	14	12	13	0	24
MTG2	164	106	18	42	46	58	28	0	68
MTHFD1	390	281	49	189	89	180	64	0	307
MTHFD1L	1553	998	200	619	333	784	254	2	978
MTHFD2	317	169	38	140	63	102	40	0	145
MTHFD2L	104	54	12	32	15	51	11	0	65
MTHFD2P1	0	3	0	0	0	0	0	0	0
MTHFR	37	24	5	12	6	16	14	0	24
MTHFS	15	14	1	2	4	4	2	0	7
MTHFSD	48	40	9	16	15	30	13	0	32
MTIF2	108	62	6	44	20	48	14	0	49
MTIF2P1	1	3	1	0	0	1	0	0	2
MTIF3	21	15	3	8	3	15	4	0	13
MTLN	4	4	0	5	1	1	1	0	2
MTM1	57	50	9	28	15	32	18	0	63
MTMR1	199	112	26	72	42	71	29	1	77
MTMR10	75	28	5	34	17	30	8	0	47
MTMR11	13	9	1	3	3	3	4	0	5
MTMR12	261	159	27	104	43	110	44	0	119
MTMR14	152	125	23	77	40	57	17	0	95
MTMR2	400	226	33	157	92	202	53	1	193
MTMR3	200	133	29	63	49	108	42	0	158
MTMR4	120	79	22	51	21	48	22	0	62
MTMR6	53	33	8	28	9	30	10	0	46
MTMR7	11	1	0	3	6	10	2	0	5
MTMR8	19	20	4	4	4	5	1	0	16
MTMR9	153	103	21	57	45	108	26	0	117
MTMR9LP	0	0	0	0	0	1	0	0	0
MTND1P11	1	0	1	1	0	0	0	0	3
MTND1P14	0	1	0	0	0	0	0	0	1
MTND1P15	1	2	0	0	0	0	0	0	1
MTND1P2	1	0	0	0	0	0	0	0	0
MTND1P22	0	0	0	0	0	1	1	0	0
MTND1P23	359	1	0	259	84	0	0	0	2
MTND1P27	0	0	0	1	0	0	0	0	0
MTND1P28	0	0	0	1	0	0	0	0	1
MTND1P3	1	0	0	0	0	0	0	0	0
MTND1P32	0	3	0	1	0	0	2	0	0
MTND1P33	0	0	1	0	0	0	0	0	0
MTND1P34	1	1	0	0	0	0	0	0	0
MTND1P4	0	0	0	1	1	0	0	0	0
MTND1P6	0	0	0	0	0	0	0	0	1
MTND1P8	1	0	0	0	0	0	0	0	0
MTND1P9	1	0	1	0	1	0	0	0	1
MTND2P15	1	0	0	0	0	0	0	0	0
MTND2P16	0	0	0	0	0	1	0	0	1
MTND2P2	1	0	0	0	0	1	0	0	0
MTND2P20	0	0	0	0	0	1	0	0	0
MTND2P21	0	0	0	0	0	1	0	0	0
MTND2P24	0	0	0	0	0	0	0	0	1
MTND2P28	64	41	14	34	14	68	11	0	60
MTND2P32	0	0	0	0	1	0	1	0	1
MTND2P40	0	1	0	0	1	0	0	0	0
MTND3P10	1	0	1	1	0	0	0	0	0
MTND3P19	1	0	0	3	1	5	0	0	2
MTND3P25	2	0	0	0	0	1	0	0	2
MTND3P5	0	1	0	0	0	0	0	0	0
MTND4LP1	0	1	0	1	0	1	0	0	0
MTND4LP30	0	1	0	1	0	0	0	0	0
MTND4LP31	0	0	0	0	0	0	0	0	2
MTND4LP32	0	0	1	1	0	1	0	0	0
MTND4LP5	1	0	0	0	0	1	0	0	2
MTND4P12	39	28	11	20	9	57	12	0	62
MTND4P13	0	0	0	0	0	0	1	0	0
MTND4P14	2	0	0	3	0	0	0	0	2
MTND4P16	0	0	0	1	0	0	0	0	2
MTND4P17	0	0	0	0	0	1	0	0	0
MTND4P20	0	0	0	1	0	0	0	0	0
MTND4P21	0	0	1	0	0	2	0	0	2
MTND4P24	18	25	10	11	7	30	2	0	29
MTND4P25	1	0	0	0	0	0	0	0	1
MTND4P26	0	0	0	0	0	0	1	0	0
MTND4P32	2	1	0	1	0	1	0	0	5
MTND4P33	0	0	0	0	0	0	1	0	0
MTND4P34	0	0	0	0	1	0	1	0	0
MTND4P35	10	1	2	7	2	9	2	0	12
MTND4P6	0	0	0	0	0	0	0	0	1
MTND4P8	0	0	0	1	0	0	0	0	0
MTND5P10	1	1	1	0	3	0	0	0	0
MTND5P11	13	5	0	8	1	9	1	0	10
MTND5P12	2	3	0	0	2	1	0	0	0
MTND5P14	1	0	1	0	0	1	0	0	3
MTND5P15	3	1	0	0	0	2	1	0	2
MTND5P16	0	0	0	0	0	1	0	0	0
MTND5P19	0	0	0	1	0	0	0	0	0
MTND5P2	2	1	0	0	1	2	2	0	3
MTND5P26	2	0	0	5	1	2	0	0	7
MTND5P28	1	1	0	1	0	1	0	0	0
MTND5P3	1	0	0	0	1	2	0	0	2
MTND5P30	0	0	0	0	0	0	0	0	2
MTND5P31	0	1	0	0	0	0	0	0	0
MTND5P32	0	0	0	0	0	1	0	0	0
MTND5P33	0	0	0	1	0	0	0	0	1
MTND5P4	1	0	0	0	0	0	0	0	0
MTND5P42	1	0	0	1	0	0	0	0	3
MTND5P5	0	0	0	1	0	0	0	0	0
MTND6P12	1	0	0	0	0	0	0	0	0
MTND6P13	0	0	0	0	0	1	0	0	0
MTND6P16	1	0	0	0	0	0	0	0	0
MTND6P19	1	0	0	0	0	1	0	0	0
MTND6P21	0	0	0	0	0	0	0	1	0
MTND6P22	2	1	0	0	0	0	0	0	1
MTND6P25	3	1	0	1	1	1	1	0	0
MTND6P3	5	2	0	2	1	2	0	0	3
MTND6P4	4	3	0	2	0	6	2	0	5
MTND6P5	1	0	0	1	0	0	0	0	0
MTNR1B	1	0	0	0	0	1	0	0	0
MTO1	112	109	13	69	40	64	37	0	96
MTOR	542	295	66	192	113	225	89	2	286
MTPAP	198	100	24	73	35	79	22	0	106
MTPN	591	392	76	313	132	308	80	1	421
MTR	366	249	44	176	84	188	63	0	210
MTRES1	27	19	5	15	5	15	10	0	17
MTREX	589	359	58	218	120	279	92	0	327
MTRF1	40	47	6	22	13	34	11	0	47
MTRF1L	26	19	3	10	2	17	2	0	16
MTRFR	67	35	6	34	24	33	13	0	29
MTRR	374	216	33	161	83	162	46	2	209
MTSS1	26	6	0	5	1	4	1	0	5
MTSS2	196	94	31	86	30	68	44	0	91
MTTP	3	1	0	0	0	1	0	0	1
MTURN	59	33	7	35	14	24	5	0	39
MTUS1	144	76	31	62	40	83	36	0	141
MTUS1-DT	6	5	1	3	2	1	0	0	7
MTUS2	29	30	8	14	9	12	4	0	21
MTUS2-AS1	3	1	1	0	0	1	0	0	4
MTUS2-AS2	0	1	0	1	0	0	0	0	0
MTX1	31	11	4	8	5	11	4	0	16
MTX2	213	170	20	92	67	99	32	0	167
MTX3	124	78	8	69	33	57	19	0	78
MUC1	31	31	6	12	14	18	13	0	40
MUC12	7	1	0	1	0	2	0	0	0
MUC12-AS1	1	0	0	0	0	0	0	0	0
MUC13	196	92	17	69	29	44	14	0	42
MUC15	1	1	0	0	0	0	0	0	0
MUC16	1018	1120	352	584	341	1163	592	3	2260
MUC17	0	1	1	1	1	0	0	0	1
MUC19	6	4	1	2	2	1	3	0	1
MUC2	6	0	0	0	0	0	1	0	0
MUC20-OT1	99	61	7	30	24	32	31	1	61
MUC22	0	0	0	0	1	0	0	0	1
MUC3A	0	1	0	1	0	1	0	0	0
MUC4	5	2	0	0	2	1	0	0	1
MUC5AC	6	1	0	0	0	1	0	0	0
MUC5B	4	7	1	1	0	2	0	0	0
MUC6	4	1	0	0	1	1	0	0	1
MUC7	1	0	0	0	0	0	0	0	0
MUCL1	4	4	1	1	1	0	0	0	1
MUL1	36	20	5	18	11	14	6	0	16
MUS81	90	69	11	33	25	43	26	0	42
MUSK	5	7	0	3	4	2	1	0	2
MUTYH	4	3	0	3	0	0	0	0	1
MVB12A	37	22	5	18	6	13	5	0	19
MVB12B	7	5	1	6	2	3	3	0	4
MVD	30	23	3	13	4	9	6	0	32
MVK	30	33	5	11	13	24	8	0	37
MVP	43	26	3	17	7	12	8	0	23
MVP-DT	15	5	0	0	1	2	2	0	0
MX1	24	10	0	5	1	6	1	0	1
MX2	9	3	1	2	1	0	0	0	0
MXD1	136	76	7	44	17	46	10	0	55
MXD3	21	22	3	4	5	7	5	0	14
MXD4	112	117	14	44	39	52	31	0	93
MXI1	105	71	18	50	22	55	19	0	71
MXRA5	2	10	3	1	4	11	1	0	11
MXRA5Y	14	3	0	3	0	2	1	0	2
MXRA7	36	26	6	12	7	13	5	0	29
MXRA8	3	0	0	1	1	0	1	0	0
MYADM	236	128	26	81	38	83	27	0	87
MYADM-AS1	22	4	1	10	1	2	4	0	7
MYADML	3	1	0	0	0	0	0	0	0
MYADML2	1	0	0	0	0	0	0	0	0
MYB	2	0	0	0	1	0	0	0	2
MYB-AS1	0	0	0	0	0	1	0	0	0
MYBBP1A	414	196	45	140	50	87	40	1	90
MYBL1	159	65	16	48	22	59	19	1	95
MYBL2	301	185	54	120	60	98	39	0	157
MYBPC1	3	1	0	0	1	2	2	0	1
MYBPC2	5	0	0	0	0	1	2	0	0
MYBPC3	0	1	0	0	0	0	0	0	0
MYBPHL	0	1	0	0	0	0	0	0	0
MYC	875	547	96	323	147	316	148	1	374
MYCBP	26	13	1	13	4	11	1	0	5
MYCBP2	1121	699	145	512	267	564	150	2	663
MYCBP2-AS1	0	0	0	0	0	0	1	0	0
MYCBP2-AS2	3	1	1	0	0	1	0	0	0
MYCBPAP	1	1	0	3	0	1	0	0	1
MYCL	13	3	0	0	0	1	0	0	1
MYCL-AS1	0	0	0	0	0	1	0	0	0
MYCN	1	0	0	1	0	0	0	0	0
MYCNOS	0	0	0	1	0	0	1	0	0
MYCNUT	1	1	0	0	0	0	0	0	0
MYCT1	1	0	0	0	2	0	0	0	0
MYD88	17	12	2	8	2	6	2	0	6
MYDGF	142	79	10	41	27	39	18	0	56
MYEF2	2	0	0	0	0	0	0	0	1
MYEOV	2	2	0	1	0	1	0	0	0
MYF6	1	0	0	0	0	0	0	0	0
MYG1	48	21	8	24	3	15	7	0	22
MYG1-AS1	1	0	0	0	0	0	0	0	0
MYH1	1	0	0	1	0	0	0	0	1
MYH10	202	147	33	70	43	102	44	1	145
MYH11	9	1	1	1	1	4	1	0	1
MYH13	33	29	0	17	15	43	2	0	40
MYH14	20	6	3	6	2	3	3	0	5
MYH15	6	6	1	0	1	3	2	0	5
MYH16	5	2	0	0	0	0	0	0	0
MYH2	1	0	1	1	0	0	0	0	0
MYH3	8	2	0	1	1	0	0	0	3
MYH4	0	1	0	0	0	0	0	0	0
MYH6	3	1	0	0	2	1	0	0	2
MYH7	0	0	0	0	0	1	0	0	0
MYH7B	3	3	1	5	0	3	0	0	0
MYH8	2	1	0	1	0	0	0	0	1
MYH9	3444	2275	405	1220	757	1218	635	10	1632
MYH9-DT	8	8	0	3	3	2	3	0	4
MYHAS	24	10	0	2	2	2	3	0	1
MYL1	1	0	0	1	0	0	0	0	0
MYL10	0	0	0	0	1	0	0	0	0
MYL11	2	0	0	1	0	1	1	0	1
MYL12-AS1	4	2	1	1	1	0	0	0	1
MYL12A	229	148	20	90	43	102	36	1	101
MYL12AP1	0	0	0	2	0	0	1	0	0
MYL12B	183	105	17	84	51	88	24	0	80
MYL2	0	1	0	0	0	0	1	0	0
MYL3	2	2	1	2	0	0	0	0	3
MYL5	12	11	2	0	3	3	3	0	3
MYL6	440	296	46	192	90	124	73	0	195
MYL6B	35	15	2	14	5	10	7	0	15
MYL6B-AS1	7	3	0	1	1	1	0	0	2
MYL7	1	0	0	0	0	0	0	0	0
MYL9	181	159	29	81	48	91	37	1	116
MYLIP	121	54	17	27	21	49	12	0	65
MYLK	51	20	3	19	11	7	3	0	18
MYLK-AS1	41	44	10	25	20	28	7	0	47
MYLK2	8	9	2	2	2	1	0	0	4
MYLK3	26	38	3	9	11	26	3	0	20
MYLK4	14	7	4	3	3	1	3	0	5
MYLKP1	1	0	0	0	0	0	0	0	0
MYMK	1	0	0	1	1	0	0	0	0
MYNN	62	48	3	35	24	38	14	0	71
MYO10	2496	1071	229	870	415	869	262	1	1000
MYO15A	7	2	1	1	1	3	1	0	3
MYO15B	11	10	1	6	0	7	7	0	7
MYO16	78	47	5	29	12	33	14	0	58
MYO16-AS1	151	85	11	56	37	82	24	1	94
MYO18A	170	149	17	71	52	74	44	0	95
MYO18B	16	7	0	9	5	3	0	0	4
MYO18B-AS1	1	1	0	0	0	1	1	0	0
MYO19	580	400	75	208	162	270	111	2	363
MYO1A	3	0	0	0	0	0	0	0	0
MYO1B	385	203	60	127	104	224	74	0	277
MYO1B-AS1	3	2	0	0	0	1	1	0	1
MYO1C	292	114	28	100	29	98	45	0	109
MYO1D	307	58	5	65	19	29	24	0	26
MYO1E	1185	928	171	430	320	592	171	2	1008
MYO1F	15	2	1	5	1	2	1	0	3
MYO1G	6	2	0	1	1	1	0	0	2
MYO1H	7	0	0	1	2	2	1	0	0
MYO3A	11	4	2	2	2	4	1	0	1
MYO3B	25	9	1	3	1	8	2	0	10
MYO3B-AS1	1	2	0	3	1	0	2	0	0
MYO5A	104	84	13	54	29	56	25	1	80
MYO5B	44	36	2	26	8	11	7	0	20
MYO5C	32	54	8	15	13	19	8	0	41
MYO6	57	44	7	22	22	21	8	0	37
MYO7A	7	3	0	3	1	3	2	0	2
MYO7B	2	2	0	0	2	0	0	0	2
MYO9A	319	256	55	147	90	208	62	0	302
MYO9B	323	215	41	136	79	143	53	0	175
MYOC	1	0	0	0	0	0	0	0	0
MYOCD	161	156	39	71	36	126	78	0	181
MYOCD-AS1	3	0	0	1	0	1	0	0	0
MYOCOS	3	5	1	1	2	1	0	0	0
MYOD1	0	0	0	0	0	0	1	0	0
MYOF	813	369	59	292	140	229	110	1	275
MYOG	0	0	0	0	0	0	1	0	0
MYOM1	6	6	0	2	2	1	3	0	6
MYOM2	6	5	1	3	2	3	2	0	0
MYOM3	19	7	1	3	6	8	3	0	7
MYORG	67	59	7	29	18	28	20	1	50
MYOSLID	24	9	0	4	5	6	4	0	9
MYOT	2	2	0	0	0	0	0	0	0
MYOZ1	0	0	1	0	0	0	0	0	0
MYOZ2	0	0	0	2	0	1	0	0	0
MYOZ3	6	16	2	6	5	2	2	0	1
MYPN	145	50	14	35	19	41	13	0	49
MYPOP	39	16	8	13	2	14	6	0	23
MYRF	9	11	3	3	5	3	1	0	6
MYRF-AS1	1	0	0	1	0	0	0	0	0
MYRFL	15	7	1	8	3	5	2	0	7
MYRIP	28	11	2	13	4	9	6	0	22
MYSM1	113	91	16	59	28	56	24	0	106
MYT1	16	3	0	8	3	4	0	0	1
MYT1L	29	17	2	6	1	9	5	0	10
MYZAP	0	1	0	0	0	0	0	0	0
MZB1	0	1	0	0	0	0	0	0	0
MZF1	175	131	30	70	58	89	37	1	128
MZF1-AS1	21	16	0	12	3	2	3	0	17
MZT1	100	49	12	60	23	60	18	0	64
MZT2A	45	48	4	25	9	11	10	1	23
MZT2B	62	58	7	27	13	25	14	0	37
Metazoa_SRP	13	12	4	6	4	3	6	0	9
N4BP1	152	107	18	56	31	72	12	0	87
N4BP2	105	54	11	35	13	43	14	0	40
N4BP2L1	9	1	2	3	3	5	1	0	3
N4BP2L2	379	260	54	162	107	253	53	0	402
N4BP2L2-IT2	22	18	4	12	5	8	10	1	24
N4BP3	39	28	6	14	8	8	6	0	12
N6AMT1	20	9	0	6	6	12	4	0	9
NAA10	79	42	11	35	24	27	17	0	40
NAA11	1	2	0	1	1	1	0	0	2
NAA15	616	388	63	254	137	287	86	1	319
NAA16	160	112	29	67	38	108	19	0	145
NAA20	71	34	10	33	10	31	6	1	43
NAA20P1	4	0	0	1	0	1	0	0	0
NAA25	405	225	38	162	74	196	53	1	216
NAA30	44	30	10	18	11	20	6	0	36
NAA35	269	180	40	106	61	141	57	0	197
NAA38	116	54	10	41	19	31	21	0	46
NAA40	64	43	7	30	14	35	10	0	59
NAA50	659	345	59	267	117	265	79	0	303
NAA60	28	19	5	13	7	12	8	1	16
NAA80	23	8	5	7	3	11	6	0	7
NAAA	28	28	6	10	7	13	7	0	16
NAALAD2	5	4	1	1	0	2	0	0	1
NAALADL1	8	0	0	1	0	0	0	0	0
NAALADL2	142	143	22	79	57	116	32	0	200
NAALADL2-AS2	3	1	0	1	3	4	0	0	2
NAALADL2-AS3	0	0	0	0	0	0	0	0	1
NAB1	249	189	36	114	67	136	45	0	250
NAB2	28	11	2	10	8	8	2	0	24
NABP1	256	147	29	87	33	111	33	0	149
NABP2	40	35	9	16	12	22	6	0	18
NACA	356	173	34	137	79	141	56	0	175
NACA2	0	0	0	0	0	0	0	0	1
NACA3P	6	4	1	1	2	3	0	0	5
NACA4P	15	13	0	6	0	14	4	0	7
NACAD	9	4	0	2	1	1	2	0	4
NACC1	371	176	47	144	62	100	64	0	124
NACC2	488	284	51	172	94	150	106	3	237
NADK	165	123	30	60	38	51	31	0	110
NADK2	143	88	11	63	38	92	25	0	101
NADK2-AS1	0	1	0	0	0	0	0	0	0
NADSYN1	92	55	10	36	25	37	19	0	43
NAE1	105	71	15	57	22	54	14	0	58
NAF1	174	103	24	77	34	84	26	0	83
NAGA	29	23	3	18	8	17	8	0	22
NAGK	36	19	4	7	15	16	7	0	30
NAGLU	21	21	4	13	7	9	7	0	17
NAGPA	27	9	8	6	5	11	4	0	11
NAGS	4	0	0	1	1	0	1	0	2
NAIF1	26	10	3	15	4	7	4	0	5
NAIP	2	1	0	1	0	2	1	0	3
NAIPP2	4	3	0	0	0	2	0	0	2
NAIPP4	1	6	0	2	0	1	1	0	3
NALCN	77	41	2	25	17	35	15	0	26
NALCN-AS1	13	5	1	3	1	2	3	1	3
NALF1	2904	3010	612	1336	1053	2500	880	10	3635
NALF1-IT1	7	6	2	1	3	6	2	0	4
NALF2	1	0	0	0	0	0	0	0	0
NALT1	18	15	5	3	2	8	6	0	9
NAMA	1	0	0	0	0	0	0	0	0
NAMPT	251	162	29	68	55	129	29	0	104
NAMPTP1	12	5	0	2	0	2	3	0	4
NAMPTP3	0	0	0	0	0	1	0	0	0
NANOGNB	0	1	0	0	0	0	0	0	1
NANOGNBP3	1	0	0	0	0	0	0	0	0
NANOGP4	0	0	0	0	0	1	0	0	1
NANOGP5	0	1	0	0	4	1	0	0	1
NANOS1	26	5	0	5	3	1	1	0	1
NANOS2	0	0	0	0	0	1	0	0	0
NANOS3	25	15	1	9	2	7	2	0	5
NANP	22	14	2	15	6	7	3	0	13
NANS	83	66	9	40	16	45	14	1	71
NAP1L1	1010	679	118	445	238	470	110	1	739
NAP1L1P1	3	2	0	1	0	0	0	0	2
NAP1L1P2	0	1	0	2	0	1	0	0	0
NAP1L1P3	0	3	0	2	0	0	0	0	2
NAP1L3	1	0	0	0	0	0	0	0	0
NAP1L4	730	577	85	301	187	257	139	2	456
NAP1L4P1	5	1	0	6	2	1	0	0	2
NAP1L4P3	0	0	0	0	0	1	0	0	0
NAP1L5	12	6	2	7	1	5	2	0	6
NAPA	166	105	20	57	40	57	28	0	68
NAPA-AS1	6	3	2	2	3	2	0	0	6
NAPB	49	35	5	18	20	19	5	0	35
NAPEPLD	53	55	14	23	17	41	13	0	51
NAPG	118	63	16	36	23	58	18	0	67
NAPRT	60	39	10	27	10	18	7	0	35
NAPSA	1	0	0	0	0	0	0	0	0
NARF	111	60	10	29	16	43	14	0	54
NARF-AS1	1	0	0	0	0	0	0	0	0
NARF-AS2	2	5	1	1	1	1	3	0	2
NARF-IT1	3	1	0	0	2	1	0	0	2
NARS1	296	151	35	100	57	119	35	0	138
NARS2	258	154	27	89	55	102	37	2	133
NASP	486	293	63	237	113	243	96	0	297
NASPP1	1	0	0	0	1	1	0	0	0
NAT1	8	6	0	5	3	5	1	0	11
NAT10	320	175	24	94	67	71	31	0	100
NAT14	44	17	5	11	9	11	8	0	13
NAT16	6	2	0	2	1	0	1	0	0
NAT2	1	0	0	0	0	0	0	0	0
NAT8B	0	0	0	0	1	0	0	0	0
NAT8L	35	18	3	10	5	6	3	0	8
NAT9	41	31	7	12	7	16	7	0	17
NATD1	13	7	0	3	4	3	1	0	3
NAV1	498	354	64	201	129	212	78	1	182
NAV2	2940	1559	242	1005	550	948	473	7	1009
NAV2-AS4	1	1	0	1	0	0	0	0	0
NAV2-AS5	0	1	0	0	0	0	0	0	0
NAV2-AS6	6	2	0	1	1	3	1	0	1
NAV3	461	461	111	195	152	436	207	3	918
NAXD	160	103	27	52	47	47	30	1	83
NAXE	48	35	7	21	9	18	12	0	23
NBAS	578	435	91	269	144	331	117	2	452
NBAT1	0	1	0	1	0	0	0	0	0
NBDY	162	131	25	61	38	73	27	1	111
NBEA	342	241	61	144	83	244	79	1	318
NBEAL1	350	275	48	162	92	269	71	0	372
NBEAL2	201	95	28	71	35	61	30	0	73
NBEAP1	1	2	0	0	0	0	0	0	0
NBEAP2	0	1	0	0	0	0	0	0	0
NBEAP3	0	0	0	1	1	0	0	0	0
NBL1	32	18	6	13	11	13	8	0	17
NBN	202	121	16	80	49	98	14	0	97
NBPF1	35	32	3	14	10	13	7	0	24
NBPF10	15	19	3	5	5	7	2	0	2
NBPF11	32	16	4	8	8	7	7	0	24
NBPF12	26	22	6	16	5	14	4	0	15
NBPF13P	1	2	0	0	1	1	0	0	0
NBPF14	26	22	4	10	4	10	5	0	12
NBPF15	63	53	9	16	18	24	21	0	46
NBPF17P	2	4	0	3	4	3	1	0	1
NBPF19	0	0	0	2	0	2	1	0	1
NBPF20	49	29	3	17	6	23	7	0	27
NBPF21P	0	1	0	1	0	0	2	0	0
NBPF25P	4	4	0	2	1	3	2	0	1
NBPF26	8	4	2	2	4	5	1	0	7
NBPF2P	0	1	0	0	1	0	0	0	0
NBPF3	9	4	0	6	2	3	2	0	6
NBPF4	1	0	0	0	0	0	0	0	0
NBPF6	2	1	0	0	0	0	0	0	0
NBPF7P	2	0	0	0	0	0	0	0	0
NBPF8	44	42	8	21	12	23	7	0	26
NBPF9	31	19	8	16	5	12	6	0	15
NBR1	151	90	18	55	30	55	22	0	98
NBR2	98	51	10	51	20	59	20	1	64
NCALD	17	4	3	8	1	2	4	0	4
NCAM1	26	12	3	8	5	4	4	0	16
NCAM1-AS1	0	0	0	0	1	0	0	0	0
NCAM2	194	151	38	77	55	184	44	0	224
NCAN	2	1	0	0	0	0	0	0	0
NCAPD2	383	250	43	159	101	174	86	0	250
NCAPD2P1	1	1	0	1	0	0	0	0	0
NCAPD3	242	159	29	115	54	115	50	0	159
NCAPG	316	206	31	132	78	158	50	0	188
NCAPG2	496	325	64	187	132	243	91	0	330
NCAPGP2	1	0	0	0	0	0	0	0	0
NCAPH	167	119	18	63	39	73	26	0	85
NCAPH2	126	78	13	36	31	42	26	0	60
NCBP1	316	214	32	134	78	143	48	0	190
NCBP2	134	88	19	67	37	58	18	0	97
NCBP2-AS1	2	2	0	1	0	1	0	0	1
NCBP2AS2	15	10	1	4	0	3	2	0	6
NCBP2L	1	0	1	0	0	0	0	0	2
NCBP3	216	131	24	87	51	90	32	0	133
NCCRP1	0	2	0	0	0	1	0	0	2
NCDN	77	51	6	33	9	31	15	0	34
NCEH1	296	155	31	101	61	118	32	0	125
NCF2	20	1	0	4	4	1	0	0	1
NCF4	0	1	0	1	0	0	0	0	0
NCF4-AS1	0	1	0	1	1	0	0	0	1
NCK1	255	195	46	103	59	145	43	2	220
NCK1-DT	7	11	2	9	1	10	4	0	13
NCK2	93	49	15	30	15	34	12	0	22
NCKAP1	553	324	56	217	105	236	84	1	276
NCKAP1L	2	0	0	0	0	1	0	0	0
NCKAP5	611	1201	78	215	144	335	115	1	1312
NCKAP5-AS2	13	3	1	5	6	2	0	0	7
NCKAP5L	164	106	23	63	39	69	22	0	86
NCKIPSD	111	56	15	48	17	38	16	0	75
NCL	2787	1701	182	1059	492	590	367	1	776
NCLN	269	124	28	97	51	91	47	0	86
NCLP1	2	1	0	0	1	0	0	0	2
NCMAP	6	1	0	5	0	0	2	0	3
NCMAP-DT	0	0	0	0	0	1	0	0	1
NCOA1	122	90	20	46	27	60	15	0	89
NCOA2	389	306	55	165	99	251	76	1	287
NCOA3	320	222	41	143	65	203	40	1	246
NCOA4	247	173	31	116	63	101	45	0	151
NCOA4P1	1	0	0	0	0	0	0	0	0
NCOA4P4	1	0	0	1	0	0	0	0	0
NCOA5	226	160	27	98	51	119	40	0	159
NCOA5LP	3	1	0	1	0	1	1	0	1
NCOA6	263	146	48	94	64	140	47	0	147
NCOA7	402	310	46	192	103	218	80	1	303
NCOA7-AS1	1	0	0	0	0	1	0	0	1
NCOR1	692	448	119	302	161	363	96	2	415
NCOR1P4	5	0	0	0	0	0	0	0	0
NCOR2	1546	951	194	547	320	476	301	2	619
NCR2	1	0	0	0	0	0	0	0	0
NCR3	7	4	2	4	1	2	1	0	3
NCR3LG1	139	71	7	48	27	34	16	0	33
NCS1	206	104	19	71	26	49	23	1	58
NCSTN	171	106	23	75	32	77	20	0	93
NDC1	499	282	56	188	91	217	63	1	256
NDC80	90	76	14	48	27	68	19	1	115
NDE1	187	165	31	88	54	72	43	1	139
NDEL1	261	208	35	103	57	149	46	1	233
NDFIP1	192	126	12	79	37	84	30	0	99
NDFIP2	284	177	37	127	79	174	51	0	265
NDFIP2-AS1	1	0	0	0	0	0	0	0	0
NDNF	4	3	1	2	0	4	1	0	6
NDNF-AS1	0	0	0	0	0	0	1	0	0
NDOR1	152	113	25	69	37	54	37	0	78
NDP	0	1	0	0	0	0	0	0	0
NDP-AS1	0	2	0	0	0	1	0	0	1
NDRG1	441	265	37	117	85	118	41	1	156
NDRG2	5	5	1	2	0	4	0	0	1
NDRG3	99	65	14	52	23	56	17	0	67
NDRG4	28	13	3	5	0	3	3	0	4
NDST1	244	125	21	85	35	72	53	0	80
NDST1-AS1	3	3	0	0	0	2	1	0	0
NDST2	0	1	0	1	0	1	0	0	1
NDST3	14	10	3	10	4	2	2	0	7
NDST4	8	4	1	2	2	0	3	0	5
NDUFA1	36	45	6	20	9	20	8	1	25
NDUFA10	474	250	40	172	90	162	66	0	203
NDUFA11	39	25	5	9	8	12	9	0	15
NDUFA12	81	51	11	47	16	43	8	0	65
NDUFA13	42	19	2	15	3	10	5	0	18
NDUFA2	49	28	5	24	9	19	8	0	24
NDUFA3	26	27	8	19	13	12	5	0	25
NDUFA3P2	0	0	0	0	0	1	0	0	0
NDUFA4	101	76	11	47	20	48	20	1	73
NDUFA4L2	1	1	1	0	1	0	1	0	1
NDUFA5	81	73	11	40	23	56	8	0	54
NDUFA5P3	1	0	0	0	0	0	0	0	0
NDUFA6	71	49	7	25	15	25	15	1	42
NDUFA6-DT	9	11	2	5	5	11	1	1	11
NDUFA7	3	0	0	1	0	0	0	0	0
NDUFA8	97	47	4	37	19	36	10	0	56
NDUFA9	20	14	2	5	4	10	1	0	18
NDUFA9P1	2	4	0	0	3	0	0	0	3
NDUFAB1	162	102	15	61	27	58	20	0	66
NDUFAF1	33	23	4	10	14	9	10	0	23
NDUFAF2	527	289	63	213	91	291	62	2	242
NDUFAF2P1	1	0	0	0	0	0	1	0	0
NDUFAF2P2	1	0	0	0	1	0	0	0	0
NDUFAF3	48	25	11	26	17	16	6	0	14
NDUFAF4	40	22	5	14	10	13	4	1	14
NDUFAF4P1	3	1	0	0	0	1	0	0	1
NDUFAF4P2	1	1	0	0	1	0	0	0	1
NDUFAF5	45	23	3	19	8	17	6	0	42
NDUFAF6	242	191	22	108	69	119	41	0	171
NDUFAF7	59	40	12	20	12	19	9	0	42
NDUFAF8	36	23	5	23	13	16	12	0	24
NDUFB1	49	28	10	25	11	17	5	0	38
NDUFB10	57	53	6	33	16	28	9	0	43
NDUFB11	56	48	13	28	7	31	19	0	29
NDUFB1P2	0	1	0	0	0	0	0	0	0
NDUFB2	41	44	4	25	26	24	10	0	35
NDUFB2-AS1	4	0	0	0	0	1	0	0	3
NDUFB3	53	46	3	22	10	36	5	0	36
NDUFB4	81	56	11	40	24	46	15	0	63
NDUFB4P1	1	0	0	0	0	1	0	0	0
NDUFB4P11	0	1	0	0	0	0	0	0	0
NDUFB4P12	0	1	0	1	0	0	0	0	0
NDUFB5	49	29	13	28	20	31	12	0	35
NDUFB6	128	96	10	67	32	65	31	0	98
NDUFB7	70	32	12	27	12	25	15	1	27
NDUFB8	13	6	3	6	2	10	1	0	6
NDUFB9	116	87	19	37	26	56	16	1	52
NDUFC1	50	29	4	13	9	19	4	0	33
NDUFC2	20	16	2	20	3	18	5	0	20
NDUFC2-KCTD14	72	46	6	21	12	31	17	1	30
NDUFS1	389	317	42	173	103	177	85	1	254
NDUFS2	96	56	11	39	16	36	9	0	54
NDUFS3	118	67	8	46	32	55	12	0	51
NDUFS4	234	145	33	89	59	130	39	0	183
NDUFS5	128	76	17	60	30	39	22	0	63
NDUFS5P1	0	1	0	0	0	0	0	0	2
NDUFS5P3	0	1	0	0	0	1	0	0	0
NDUFS6	419	244	46	167	86	145	66	1	195
NDUFS7	50	49	9	28	14	21	10	0	24
NDUFS8	81	46	10	34	14	36	13	0	35
NDUFV1	148	83	20	53	33	42	20	0	69
NDUFV2	85	54	6	46	18	35	15	0	46
NDUFV2-AS1	11	1	2	6	1	2	0	0	6
NDUFV2P1	5	2	1	1	1	0	0	0	2
NDUFV3	88	68	10	43	20	43	19	0	68
NEAT1	31132	22322	3410	11430	7598	12315	6432	58	17582
NEB	8	5	0	2	0	2	0	0	4
NEBL	46	32	6	21	10	16	7	0	45
NECAB1	12	10	0	5	1	9	2	0	2
NECAB2	7	1	1	0	2	2	1	0	3
NECAB3	123	89	28	57	35	59	33	0	65
NECAP1	41	22	4	15	9	20	4	0	23
NECAP2	55	27	1	22	11	12	10	0	23
NECTIN1	49	25	5	9	9	16	10	0	15
NECTIN1-DT	0	1	0	1	0	0	0	0	2
NECTIN2	81	46	15	31	18	35	14	0	45
NECTIN3	518	311	56	214	139	251	73	1	324
NECTIN3-AS1	13	18	4	9	3	8	4	1	10
NECTIN4	3	2	0	3	0	0	0	0	0
NECTIN4-AS1	0	1	0	1	0	0	0	0	0
NEDD1	96	72	9	46	20	68	15	0	76
NEDD4	426	255	34	162	80	129	50	0	134
NEDD4L	665	346	72	235	133	251	76	1	249
NEDD8	34	38	10	15	13	15	5	0	20
NEDD8-MDP1	74	49	5	35	13	31	13	0	39
NEDD9	222	79	20	62	30	61	26	0	50
NEFH	142	59	13	52	27	37	18	0	49
NEFL	0	0	0	0	0	0	0	0	1
NEFM	1	0	0	1	0	0	0	0	0
NEGR1	1980	998	187	703	408	933	234	4	853
NEGR1-IT1	0	0	0	0	0	1	0	0	0
NEIL1	7	10	3	2	0	3	1	0	9
NEIL2	15	8	1	6	2	4	2	0	3
NEIL3	139	93	15	53	44	75	30	0	108
NEK1	257	179	27	103	82	166	58	1	229
NEK10	107	88	5	30	27	53	22	0	85
NEK11	65	29	4	19	16	37	11	0	43
NEK2	85	54	9	33	9	28	17	0	47
NEK2-DT	1	0	0	0	1	1	0	0	0
NEK2P4	1	0	0	1	0	0	0	0	0
NEK3	21	10	4	8	6	18	4	0	8
NEK4	96	66	11	46	29	41	15	0	67
NEK5	2	5	1	1	1	1	1	0	1
NEK6	690	363	59	219	125	131	76	2	114
NEK7	1096	445	78	393	181	407	117	3	440
NEK8	17	9	4	6	3	9	6	0	11
NEK9	148	95	20	68	32	75	21	0	106
NELFA	100	68	18	40	17	46	13	0	53
NELFB	164	101	20	87	49	53	29	0	80
NELFCD	233	128	25	74	49	83	39	1	93
NELFE	49	39	9	23	15	24	13	1	30
NELL1	41	18	3	8	9	8	7	0	17
NELL2	59	38	9	25	21	36	15	0	38
NEMF	201	118	24	76	40	90	26	0	95
NEMP1	170	115	17	84	47	82	27	0	144
NEMP2	39	30	6	22	13	36	10	0	23
NEMP2-DT	6	7	0	5	0	4	0	0	6
NENF	31	17	3	13	4	13	4	0	19
NENFP1	0	0	0	0	1	0	0	0	0
NEO1	34	28	8	25	13	17	10	0	21
NEPNP	1	1	0	0	0	0	0	0	0
NEPRO	110	64	12	49	16	41	16	0	64
NEPRO-AS1	31	23	3	12	6	23	3	0	15
NES	35	51	12	25	16	28	14	0	39
NET1	141	82	20	50	31	68	14	0	90
NETO1	5	2	0	1	0	0	1	0	4
NETO1-DT	1	0	0	0	0	0	0	0	0
NETO2	286	156	27	117	70	104	29	1	143
NEU1	48	32	2	15	4	20	5	0	13
NEU2	0	0	0	1	0	0	0	0	0
NEU3	103	84	8	41	23	70	20	0	68
NEU4	14	9	0	3	2	7	2	0	4
NEURL1	83	43	11	22	15	20	8	0	26
NEURL1-AS1	1	1	0	0	0	1	0	0	1
NEURL1B	48	43	11	26	11	15	27	0	27
NEURL2	7	4	0	2	0	2	1	0	2
NEURL3	1	1	0	0	0	0	0	0	0
NEURL4	53	34	7	27	14	21	11	0	27
NEUROD1	0	0	0	1	1	0	0	0	0
NEUROD2	2	2	1	5	0	2	0	0	1
NEUROD4	3	0	0	2	0	0	0	0	0
NEUROG2	1	0	0	1	0	0	1	0	0
NEUROG2-AS1	2	0	0	1	0	0	1	0	0
NEUROG3	0	0	0	1	0	0	0	0	0
NEXMIF	4	4	1	3	3	4	0	0	2
NEXN	192	122	24	84	47	104	19	0	119
NEXN-AS1	21	12	0	9	2	8	4	0	3
NF1	1124	768	163	466	299	622	176	4	772
NF2	205	111	22	78	41	75	27	0	95
NFAM1	4	2	1	2	0	2	0	0	4
NFASC	13	5	1	7	2	2	2	0	2
NFAT5	500	280	55	182	94	306	61	0	362
NFATC1	96	46	4	24	10	16	11	1	19
NFATC2	435	187	24	146	63	104	70	1	156
NFATC2IP	187	127	20	65	48	76	38	0	128
NFATC3	234	155	23	92	55	111	38	2	153
NFATC4	50	49	12	25	21	28	29	0	56
NFE2	0	0	1	0	0	0	0	0	2
NFE2L1	339	184	41	110	54	108	44	1	127
NFE2L1-DT	18	13	3	4	1	5	0	0	8
NFE2L2	726	570	103	309	201	410	163	1	601
NFE2L3	7	6	2	2	1	0	0	0	4
NFE2L3P1	0	0	0	0	1	0	0	0	0
NFE4	0	2	1	2	0	5	1	0	3
NFIA	2022	1311	234	888	499	1008	394	3	1019
NFIA-AS2	6	4	0	2	0	6	0	0	0
NFIB	1549	1298	260	718	473	1142	340	4	1468
NFIB-AS1	15	8	0	9	8	9	4	0	11
NFIC	937	635	136	379	210	384	209	2	559
NFIL3	69	59	10	24	16	36	22	0	44
NFILZ	3	0	0	0	0	1	0	0	1
NFIX	453	300	64	174	101	207	104	1	246
NFKB1	246	169	30	84	62	130	18	0	143
NFKB2	158	38	9	29	18	15	6	0	31
NFKBIA	186	57	8	37	19	36	6	0	40
NFKBIB	46	22	6	19	7	14	3	0	14
NFKBID	59	15	4	24	6	21	3	0	14
NFKBIE	10	5	0	7	3	3	0	0	3
NFKBIL1	24	12	1	6	5	6	11	0	13
NFKBIZ	191	79	21	64	40	96	19	0	71
NFRKB	72	38	4	38	15	32	10	0	34
NFS1	59	37	9	32	11	35	13	0	57
NFU1	26	15	5	11	4	13	5	0	23
NFX1	822	482	115	309	157	420	144	2	527
NFXL1	163	87	22	59	30	71	26	0	86
NFYA	85	63	7	43	21	44	9	1	69
NFYB	54	36	3	33	10	27	8	0	35
NFYC	201	158	29	103	42	105	36	0	135
NFYC-AS1	7	10	2	2	2	3	2	0	13
NGB	1	0	0	0	0	0	0	0	0
NGDN	58	38	11	32	14	23	6	0	34
NGEF	38	12	1	12	5	8	6	0	18
NGF	20	4	1	3	3	4	0	0	2
NGF-AS1	3	1	0	1	1	1	4	0	2
NGFR	9	5	0	2	1	0	0	0	2
NGFR-AS1	5	3	0	1	0	2	1	0	0
NGLY1	144	90	12	55	28	77	24	0	122
NGRN	48	21	4	23	15	13	6	0	14
NHEG1	2	0	0	0	2	0	0	0	0
NHEJ1	31	9	5	17	2	13	3	0	13
NHIP	1	0	0	0	0	0	0	0	0
NHLH1	1	2	0	0	0	0	0	0	2
NHLH2	3	1	0	0	0	1	1	0	1
NHLRC1	5	0	0	1	1	1	0	0	1
NHLRC2	178	128	22	77	29	111	34	1	132
NHLRC3	32	23	3	15	7	15	5	0	24
NHP2	94	60	11	42	14	33	19	0	53
NHP2P1	0	1	0	1	0	0	0	0	0
NHP2P2	1	0	0	0	0	0	0	0	0
NHS	872	935	159	398	306	637	279	1	902
NHS-AS1	0	0	0	1	0	0	0	0	0
NHSL1	775	697	144	322	244	498	87	0	423
NHSL1-AS1	7	6	3	0	4	7	1	0	3
NHSL2	21	2	2	6	3	5	6	0	3
NIBAN1	138	65	7	47	13	37	10	0	30
NIBAN2	1105	523	96	366	182	290	143	0	353
NIBAN3	2	1	0	0	0	1	0	0	1
NICN1	3	3	2	3	1	2	2	0	4
NID1	89	54	13	39	28	47	10	0	49
NID2	68	18	3	9	5	13	6	0	18
NIF3L1	66	60	8	47	15	41	11	0	66
NIFK	109	57	9	30	21	33	16	0	40
NIFK-AS1	20	11	1	9	3	12	6	0	16
NIFKP1	2	0	0	1	0	0	0	0	0
NIFKP2	1	0	0	0	0	0	0	0	0
NIFKP4	0	0	0	0	0	1	0	0	0
NIHCOLE	11	7	2	4	4	5	1	0	2
NIM1K	8	4	1	5	1	4	1	0	5
NIN	173	117	22	76	32	79	37	0	99
NINJ1	23	22	3	10	5	12	8	0	18
NINJ2	138	124	20	51	43	76	35	1	78
NINJ2-AS1	27	16	5	4	2	9	6	0	20
NINL	159	166	38	63	50	113	39	0	146
NIP7	100	42	4	37	15	19	5	0	28
NIP7P2	0	0	0	0	0	0	0	0	1
NIPA1	75	43	13	22	14	26	8	0	35
NIPA2	158	112	20	81	41	67	25	0	87
NIPA2P3	1	1	0	0	0	0	0	0	0
NIPAL1	10	7	1	3	1	4	1	0	2
NIPAL2	15	1	2	10	2	9	2	0	9
NIPAL3	79	57	6	41	13	36	11	0	52
NIPAL4	4	5	0	3	1	0	0	0	1
NIPBL	1307	853	166	547	295	843	214	5	1147
NIPBL-DT	62	42	7	21	24	32	10	0	64
NIPSNAP1	61	39	2	41	21	30	10	0	37
NIPSNAP2	99	62	18	44	25	49	22	0	52
NIPSNAP3A	20	18	1	8	2	11	3	0	11
NIPSNAP3B	5	2	0	1	1	5	2	0	3
NISCH	148	103	28	44	36	63	41	0	89
NIT1	34	24	6	15	6	10	5	0	16
NIT2	88	48	10	32	23	39	9	1	48
NKAIN1	15	3	0	2	3	1	1	0	3
NKAIN2	72	40	3	24	11	19	10	0	25
NKAIN3	398	428	84	187	153	340	84	1	447
NKAIN4	2	1	0	0	0	0	0	0	0
NKAP	24	15	3	20	12	12	8	0	15
NKAPD1	22	26	1	11	6	17	5	0	25
NKAPP1	9	7	3	1	1	6	2	0	10
NKD1	11	20	2	5	5	11	3	0	15
NKD2	14	22	3	5	4	7	4	0	14
NKILA	7	4	0	5	2	1	2	0	1
NKIRAS1	33	22	3	11	6	18	4	0	23
NKIRAS2	56	32	8	22	13	26	5	0	20
NKPD1	1	0	0	0	0	0	0	0	0
NKRF	138	87	11	63	28	67	28	1	73
NKTR	452	291	57	183	111	287	98	1	409
NKX1-1	2	0	0	0	0	0	0	0	0
NKX1-2	1	0	0	1	1	0	0	0	1
NKX2-1	4	1	3	1	0	1	0	0	1
NKX2-1-AS1	1	0	0	0	0	0	0	0	0
NKX2-2	10	0	0	1	0	1	0	0	0
NKX2-3	6	5	0	2	0	2	3	0	1
NKX2-4	2	0	0	0	1	1	0	0	0
NKX2-5	3	1	0	0	0	0	0	0	2
NKX2-8	2	2	0	1	0	0	0	0	0
NKX3-1	9	3	1	2	4	1	0	0	2
NKX3-2	11	10	1	6	3	4	5	0	5
NKX6-1	1	1	0	0	1	0	0	0	0
NKX6-2	2	2	0	0	0	0	0	0	1
NLE1	95	42	8	30	15	20	9	0	23
NLGN1	87	61	22	33	25	66	20	1	88
NLGN2	67	57	16	32	15	38	20	0	64
NLGN3	9	3	0	0	1	2	1	0	3
NLGN4X	33	7	1	10	0	6	0	0	13
NLGN4Y	12	8	2	3	0	7	2	0	6
NLK	439	353	74	199	120	292	51	0	346
NLN	367	206	45	163	78	168	37	0	166
NLRC3	2	0	0	1	0	1	0	1	1
NLRC4	1	0	0	1	0	0	0	0	1
NLRC5	123	82	18	36	35	52	27	0	74
NLRP1	122	112	23	58	31	78	26	0	109
NLRP10	0	0	0	0	1	0	0	0	0
NLRP11	2	3	0	0	2	1	0	0	3
NLRP12	0	0	1	1	0	0	0	0	0
NLRP13	2	1	0	0	1	0	0	0	0
NLRP14	2	1	0	0	0	2	1	0	0
NLRP2	1	0	0	0	2	1	0	0	0
NLRP2B	0	0	0	0	0	0	1	0	0
NLRP3	2	0	0	0	0	0	0	0	2
NLRP3P1	2	0	0	1	0	2	0	0	0
NLRP4	6	3	1	0	2	0	0	0	3
NLRP5	4	0	0	0	0	0	0	0	1
NLRP6	4	0	0	1	0	0	0	0	0
NLRP7	0	0	0	0	0	1	0	0	1
NLRP7P1	0	1	0	1	0	1	0	0	0
NLRP8	3	0	0	1	0	1	0	0	1
NLRP9	1	0	0	0	1	0	0	0	1
NLRX1	8	6	1	6	2	3	7	0	7
NMB	17	5	0	3	1	6	2	0	2
NMBR	1	4	1	1	3	2	0	0	1
NMD3	204	122	14	62	40	82	23	0	113
NMD3P1	0	1	0	1	0	0	0	0	0
NMD3P2	0	1	0	0	0	0	0	0	0
NME1	118	65	17	53	27	56	17	0	59
NME1-NME2	410	209	48	155	77	135	53	1	158
NME2	41	16	3	17	5	13	6	0	12
NME2P1	0	2	0	1	0	1	0	0	0
NME3	12	13	3	4	4	13	4	0	10
NME4	33	30	8	17	14	25	8	0	36
NME5	0	2	0	0	1	0	0	0	2
NME6	50	39	3	25	12	16	6	0	21
NME7	159	87	27	62	40	97	19	0	127
NME8	0	1	0	0	0	0	1	0	2
NME9	5	0	0	0	1	1	1	0	1
NMI	33	16	4	11	6	8	7	0	9
NMNAT1	65	62	8	26	28	37	19	0	58
NMNAT1P3	0	0	0	1	0	0	0	0	1
NMNAT1P4	0	1	0	0	0	0	0	0	0
NMNAT2	11	7	0	3	1	4	5	0	3
NMNAT3	12	10	1	1	5	2	1	0	6
NMRAL1	82	55	7	29	16	28	15	0	39
NMRAL2P	92	99	20	57	29	65	27	0	91
NMRK1	11	8	1	5	5	9	3	0	11
NMRK2	2	0	1	0	0	0	0	0	0
NMS	1	1	0	0	0	0	2	0	0
NMT1	315	217	47	144	84	135	48	0	193
NMT2	77	22	6	20	11	31	6	0	30
NMTRS-TGA3-1	1	0	0	0	0	0	0	0	0
NMU	38	17	2	16	8	19	4	0	20
NMUR1	0	0	0	0	0	0	0	0	1
NMUR2	2	0	0	0	1	0	1	0	0
NNMT	116	90	18	61	23	64	20	0	92
NNT	442	265	63	156	111	201	92	1	249
NNT-AS1	69	55	13	32	19	40	19	2	60
NOA1	57	32	6	21	6	13	3	0	26
NOB1	97	43	15	30	19	40	11	0	32
NOBOX	2	1	0	0	0	0	0	0	0
NOC2L	291	142	39	100	47	92	41	0	113
NOC2LP1	2	4	0	1	1	0	0	0	1
NOC2LP2	2	1	0	0	1	0	0	0	0
NOC3L	174	96	18	52	37	66	20	0	88
NOC4L	47	20	4	12	9	14	9	0	16
NOCT	147	58	13	50	20	38	9	0	67
NOD1	119	80	7	42	32	37	22	0	61
NOD2	5	2	0	1	0	0	1	0	1
NODAL	1	2	0	1	0	0	2	0	0
NOG	19	3	0	9	2	5	2	0	6
NOL10	363	202	40	151	74	172	35	0	185
NOL11	331	193	25	125	65	94	36	1	87
NOL12	14	9	2	3	2	6	3	0	12
NOL3	29	25	4	12	10	9	11	0	14
NOL4	9	4	2	4	3	4	1	0	1
NOL4L	57	52	8	29	17	27	17	0	42
NOL4L-DT	1	0	1	0	1	0	1	0	0
NOL6	288	141	30	100	51	82	35	0	100
NOL7	120	67	11	53	15	35	13	0	41
NOL8	241	123	28	82	39	85	30	1	125
NOL9	274	145	25	154	75	100	48	0	126
NOLC1	600	298	46	244	123	176	70	1	198
NOLC1P1	0	0	0	0	1	0	0	0	0
NOM1	122	88	17	62	23	53	12	0	48
NOMO1	79	54	17	47	23	37	17	0	48
NOMO2	45	16	3	11	5	23	4	0	25
NOMO3	10	4	0	0	3	2	1	0	9
NONO	678	432	68	294	159	254	110	3	311
NONOP2	1	1	0	0	0	1	1	0	1
NOP10	89	52	10	41	16	30	6	0	43
NOP14	255	120	24	96	38	68	25	0	98
NOP14-AS1	29	16	3	4	3	10	4	0	11
NOP16	91	62	7	45	20	41	18	0	34
NOP2	136	60	8	42	30	44	17	0	47
NOP53	177	134	36	64	51	61	40	1	90
NOP56	1551	1405	160	767	352	538	258	1	716
NOP56P1	1	0	0	1	2	3	0	0	0
NOP56P2	0	0	0	1	0	0	0	0	0
NOP56P3	1	0	0	2	0	0	0	0	0
NOP58	681	389	92	229	156	306	98	0	313
NOP9	113	75	15	54	16	41	14	0	53
NOPCHAP1	116	52	11	34	23	42	12	1	42
NORAD	273	186	28	79	68	121	52	0	180
NOS1	16	7	1	2	0	3	3	0	7
NOS1AP	112	107	16	47	38	65	30	0	84
NOS2	2	3	0	0	0	0	0	0	0
NOS2P1	0	0	0	0	0	1	0	0	0
NOS3	0	2	0	1	0	0	0	0	0
NOSIP	94	60	5	55	28	34	19	0	48
NOSTRIN	13	11	1	6	5	11	4	0	8
NOTCH1	225	113	28	79	43	73	27	1	112
NOTCH2	909	463	106	329	160	324	179	0	396
NOTCH2NLA	16	6	2	2	3	11	5	0	11
NOTCH2NLB	18	5	0	7	0	3	0	0	14
NOTCH2NLC	6	3	1	3	1	3	0	0	3
NOTCH2P1	0	0	0	1	0	0	0	0	0
NOTCH3	75	58	17	35	14	49	13	0	69
NOTCH4	1	3	0	1	0	1	1	0	0
NOTO	0	1	1	0	0	0	0	0	0
NOTUM	9	5	1	0	3	0	3	0	3
NOVA1	5	2	0	1	0	1	0	0	3
NOVA2	3	0	0	0	0	1	2	0	1
NOX1	0	0	0	0	0	1	0	0	0
NOX3	2	0	0	1	0	0	0	0	0
NOX4	7	6	0	3	5	7	4	0	5
NOX5	19	13	2	9	2	9	3	0	8
NOXA1	11	3	0	3	3	4	1	0	6
NOXO1	0	1	0	1	0	0	0	0	0
NOXRED1	4	4	0	2	0	6	0	0	2
NPAP1	0	0	0	2	0	1	1	0	2
NPAP1P6	1	0	0	0	0	0	0	0	1
NPAS1	4	6	0	2	3	2	0	0	0
NPAS2	645	448	85	230	157	273	45	0	243
NPAS3	53	50	2	35	21	40	12	0	51
NPAS4	2	0	0	0	0	2	0	0	2
NPAT	143	132	21	54	50	103	27	2	141
NPB	2	0	0	0	0	0	0	0	0
NPBWR1	1	0	1	1	0	0	0	0	1
NPC1	313	174	45	114	63	139	51	0	202
NPC1L1	5	1	0	0	0	0	0	0	0
NPC2	26	23	6	22	6	13	5	0	20
NPDC1	140	78	19	37	26	41	34	0	58
NPEPL1	20	14	3	4	8	10	2	1	8
NPEPPS	313	190	45	137	82	161	70	0	224
NPEPPSP1	11	11	1	5	5	7	1	0	10
NPFF	1	0	0	0	0	0	0	0	0
NPFFR1	4	1	0	1	1	1	0	0	0
NPFFR2	6	1	0	2	2	1	0	0	1
NPHP1	13	11	0	5	3	12	3	0	16
NPHP3	6	6	3	4	1	2	4	0	12
NPHP3-ACAD11	109	75	13	54	28	64	13	0	66
NPHP3-AS1	11	7	1	5	1	2	0	0	6
NPHP4	218	150	20	60	38	81	38	1	93
NPHS1	6	3	0	1	0	1	1	0	4
NPHS2	0	0	0	1	0	0	0	0	0
NPIPA1	5	3	0	9	2	5	2	0	4
NPIPA3	0	1	0	0	0	2	0	0	0
NPIPA5	4	2	1	1	0	2	0	0	5
NPIPA7	1	0	0	0	0	0	0	0	1
NPIPA9	2	3	0	0	0	1	0	0	0
NPIPB10P	1	1	0	0	0	0	0	0	0
NPIPB11	12	8	3	5	3	9	4	0	3
NPIPB12	0	1	1	3	0	3	0	0	1
NPIPB13	12	9	2	3	0	2	2	0	5
NPIPB14P	2	0	0	0	0	0	0	0	1
NPIPB15	2	5	0	1	0	2	0	0	4
NPIPB2	8	10	3	4	1	2	3	0	9
NPIPB3	13	10	3	6	5	5	3	0	13
NPIPB4	55	39	7	32	10	24	15	0	37
NPIPB5	10	9	2	2	3	1	4	0	14
NPIPB6	1	0	1	0	0	1	0	0	0
NPIPB7	1	0	0	0	0	2	0	0	0
NPIPB8	2	4	0	0	3	1	1	0	3
NPIPB9	0	1	0	1	0	0	0	0	0
NPIPP1	6	0	0	1	1	1	0	0	3
NPL	23	12	1	8	5	2	3	0	6
NPLOC4	525	312	59	220	116	235	82	1	324
NPM1	1888	1104	167	732	406	667	206	0	749
NPM1P1	0	0	0	0	0	1	0	0	0
NPM1P10	1	0	0	0	0	0	0	0	0
NPM1P11	1	0	0	0	0	0	0	0	0
NPM1P12	1	0	0	0	0	0	0	0	0
NPM1P13	2	1	0	0	0	0	0	0	0
NPM1P14	5	1	0	0	0	0	0	0	0
NPM1P17	0	0	0	0	0	0	0	0	1
NPM1P18	1	0	0	0	0	0	0	0	0
NPM1P19	1	1	0	1	0	0	0	0	2
NPM1P2	1	1	0	0	0	0	0	0	0
NPM1P20	0	1	0	0	0	0	0	0	0
NPM1P21	3	0	0	2	2	3	0	0	1
NPM1P22	1	2	0	2	0	1	0	0	0
NPM1P23	1	0	0	0	1	0	0	0	1
NPM1P26	0	1	0	0	1	0	0	0	0
NPM1P27	23	11	0	5	3	2	2	0	5
NPM1P29	2	1	0	2	2	2	0	0	0
NPM1P3	2	2	0	1	0	0	0	0	0
NPM1P30	1	1	1	2	0	0	0	0	0
NPM1P31	1	2	0	1	0	0	2	0	1
NPM1P32	0	0	1	0	0	0	0	0	0
NPM1P33	1	3	0	0	1	0	0	0	0
NPM1P34	2	1	0	1	0	0	0	0	0
NPM1P35	1	1	0	0	0	0	0	0	0
NPM1P37	5	2	0	0	0	3	0	0	0
NPM1P38	1	2	0	2	0	2	1	0	1
NPM1P39	6	3	0	2	0	0	0	0	0
NPM1P4	0	1	0	1	0	0	0	0	0
NPM1P40	4	1	0	2	0	3	0	0	1
NPM1P42	0	1	0	0	0	0	0	0	0
NPM1P43	0	0	0	0	0	0	1	0	0
NPM1P46	2	1	0	1	0	0	0	0	1
NPM1P48	1	0	0	0	1	0	0	0	0
NPM1P5	2	1	0	1	1	0	0	0	0
NPM1P51	2	0	0	0	0	0	0	0	0
NPM1P52	1	0	0	0	0	0	0	0	0
NPM1P6	4	0	0	1	0	0	0	0	2
NPM1P8	2	0	1	0	0	0	0	0	1
NPM2	1	1	0	1	0	0	0	0	0
NPM3	51	28	6	26	10	20	5	0	17
NPNT	117	102	15	60	29	54	38	0	85
NPPA	1	0	0	0	0	0	0	0	0
NPPC	9	2	0	3	1	1	0	0	0
NPR1	105	56	14	36	18	27	22	0	58
NPR2	29	23	2	9	9	11	3	0	14
NPR3	1130	638	93	463	249	416	176	2	408
NPRL2	16	7	3	4	5	4	1	0	12
NPRL3	233	171	29	101	55	91	51	0	127
NPSR1	16	7	1	10	3	2	2	0	4
NPSR1-AS1	15	5	0	7	2	3	2	0	5
NPTN	412	288	57	152	106	211	73	2	267
NPTN-IT1	13	8	1	5	2	11	4	0	13
NPTX1	226	174	30	94	50	112	27	0	117
NPTX2	1	0	1	0	0	0	1	0	0
NPTXR	6	3	0	1	1	1	1	0	2
NPVF	0	0	0	0	0	0	1	0	0
NPW	21	10	3	4	6	7	6	0	5
NPY	0	0	0	0	1	0	0	0	0
NPY1R	3	2	0	2	1	0	0	0	0
NPY2R-AS1	13	1	0	0	0	1	1	0	2
NPY6R	1	0	0	0	0	0	0	0	0
NQO1	426	347	61	204	104	202	96	0	235
NQO1-DT	17	20	2	8	5	9	5	0	15
NQO2	80	52	11	30	19	47	19	0	41
NQO2-AS1	1	4	0	0	1	0	0	0	1
NR0B1	3	2	0	0	0	0	0	0	0
NR1D1	55	19	2	22	4	12	4	0	13
NR1D2	259	119	22	101	41	80	24	0	113
NR1H2	69	39	11	31	4	21	16	0	33
NR1H3	31	30	3	21	11	23	6	1	20
NR1H4	2	2	1	0	0	0	0	0	2
NR1H5P	1	0	0	0	0	0	0	0	1
NR1I2	0	2	1	3	0	1	1	0	2
NR2C1	85	47	8	19	19	42	12	0	55
NR2C2	410	296	60	174	92	183	55	0	382
NR2C2AP	26	13	2	7	3	3	2	0	7
NR2E1	1	0	0	1	0	1	0	0	0
NR2E3	6	2	0	0	0	1	0	0	1
NR2F1	179	236	55	96	76	172	80	0	273
NR2F1-AS1	390	331	70	170	127	260	100	1	433
NR2F2	121	86	14	80	36	58	20	0	52
NR2F2-AS1	46	21	1	19	5	6	9	0	10
NR2F6	73	54	11	26	13	22	13	0	42
NR3C1	1443	761	156	538	316	724	191	2	956
NR3C2	266	258	35	130	90	179	118	0	301
NR4A1	927	630	151	331	158	365	228	1	436
NR4A2	302	288	65	133	81	210	87	0	255
NR4A3	305	493	112	188	136	439	273	1	440
NR5A1	1	0	1	2	0	0	0	0	0
NR5A2	26	36	9	21	15	26	11	0	42
NR6A1	740	584	120	328	183	477	167	3	600
NRADDP	1	2	0	1	1	1	0	0	0
NRAP	6	4	0	3	1	2	1	0	3
NRARP	60	22	1	12	4	3	1	0	8
NRAS	248	156	26	116	51	76	30	0	101
NRAV	16	8	0	11	5	7	2	0	9
NRBF2	30	20	4	20	11	15	7	0	32
NRBF2P4	0	0	0	0	0	1	0	0	0
NRBF2P6	3	2	0	0	0	1	0	0	0
NRBP1	43	35	5	16	13	17	6	0	35
NRBP2	67	44	7	22	14	36	15	1	48
NRCAM	39	22	9	15	16	25	17	0	41
NRDC	483	357	64	202	118	264	100	1	365
NRDE2	144	94	17	57	40	67	30	0	88
NREP	110	124	27	62	48	103	32	0	146
NREP-AS1	9	3	0	2	0	1	1	0	2
NRF1	313	226	42	124	87	174	42	0	210
NRG1	101	131	33	41	48	105	23	0	94
NRG2	35	40	8	25	17	8	18	0	21
NRG3	39	23	3	15	4	15	5	0	11
NRG4	128	56	16	42	22	50	31	0	59
NRGN	9	4	2	1	5	3	0	0	3
NRIP1	413	335	55	174	111	259	110	2	340
NRIP3	14	9	1	4	2	4	2	0	11
NRIP3-DT	7	2	1	1	0	0	1	0	1
NRK	5	2	0	2	1	2	2	0	2
NRL	21	14	3	4	5	8	3	0	8
NRM	35	32	3	17	5	20	4	0	20
NRN1	4	1	0	0	0	0	1	0	0
NRN1L	2	0	0	0	0	0	0	0	0
NRP1	190	69	8	61	28	74	13	0	74
NRP2	19	15	2	5	2	5	1	0	4
NRROS	3	8	0	4	1	0	0	0	1
NRSN1	3	0	0	0	0	0	0	0	0
NRSN2	47	25	4	12	10	15	10	0	23
NRSN2-AS1	28	21	6	16	9	13	6	0	33
NRTN	8	12	0	0	4	4	1	0	0
NRXN1	48	39	1	13	15	18	8	0	19
NRXN2	10	5	0	4	1	1	2	0	3
NRXN2-AS1	1	1	0	0	0	0	0	0	0
NRXN3	172	101	13	62	36	59	49	0	89
NSA2	141	88	14	48	28	35	15	1	66
NSA2P2	0	0	1	1	0	0	0	0	0
NSA2P3	1	0	0	0	0	1	0	0	0
NSA2P4	1	0	1	1	0	0	0	0	0
NSA2P6	0	0	0	0	0	2	0	0	0
NSD1	549	395	76	271	110	275	98	0	320
NSD2	638	433	82	256	155	265	120	1	397
NSD3	414	248	37	156	102	182	60	0	271
NSDHL	54	43	7	27	13	27	10	1	47
NSF	123	78	12	60	24	68	25	0	82
NSFL1C	85	58	14	30	20	30	12	1	33
NSFP1	6	7	2	4	4	5	2	0	8
NSG1	5	2	0	2	0	1	1	0	1
NSG2	12	3	2	3	1	1	1	0	2
NSL1	155	156	26	70	49	87	33	0	128
NSMAF	144	61	12	66	32	52	20	0	56
NSMCE1	54	39	6	37	10	29	15	0	32
NSMCE1-DT	4	3	1	0	2	2	2	0	3
NSMCE2	657	458	86	246	155	411	123	2	448
NSMCE3	9	10	0	10	1	5	0	0	7
NSMCE4A	37	25	6	27	12	12	11	0	17
NSMF	120	60	13	53	25	35	24	0	42
NSRP1	356	245	55	185	91	278	67	0	345
NSRP1P1	3	0	0	1	0	1	0	0	1
NSUN2	1174	620	102	455	212	458	139	0	450
NSUN3	116	107	26	62	40	92	28	1	112
NSUN4	107	69	18	43	36	52	22	0	69
NSUN5	43	18	4	17	6	10	4	0	9
NSUN5P1	17	15	5	5	8	10	4	0	10
NSUN5P2	18	24	4	5	7	5	6	0	19
NSUN6	103	114	18	62	29	79	25	0	116
NSUN7	6	4	1	2	1	0	0	0	4
NT5C	38	26	7	9	10	10	9	0	15
NT5C1A	5	1	0	0	0	0	0	0	1
NT5C1B	0	1	0	0	0	0	0	0	0
NT5C1B-RDH14	3	1	0	4	2	3	3	0	3
NT5C2	308	175	40	126	71	135	54	1	234
NT5C3A	196	152	22	67	40	112	22	0	145
NT5C3AP1	1	0	0	0	0	0	0	0	0
NT5C3B	45	29	6	23	3	19	7	0	30
NT5DC1	172	114	31	94	44	131	39	0	162
NT5DC1P2	0	0	0	0	0	1	0	0	0
NT5DC2	161	101	20	70	32	55	32	0	103
NT5DC3	135	91	16	53	18	63	9	0	80
NT5E	296	78	13	76	39	62	11	0	46
NT5ELP	2	0	0	2	1	0	0	0	0
NT5M	8	6	0	2	3	4	2	0	2
NTAN1	21	21	5	13	6	9	4	0	14
NTAN1P2	0	1	0	1	0	0	0	0	3
NTAQ1	78	76	10	43	21	35	23	1	39
NTF3	4	3	0	3	0	0	0	0	0
NTHL1	36	20	6	13	4	8	8	1	9
NTM	50	26	2	26	8	20	6	0	16
NTM-AS1	1	1	0	1	0	0	0	0	1
NTMT1	170	101	21	66	32	62	28	0	73
NTMT2	0	0	0	0	0	0	1	0	0
NTN1	31	12	2	9	2	7	3	0	6
NTN3	5	4	0	1	3	1	4	0	3
NTN4	167	38	9	42	22	35	7	0	18
NTN5	0	2	0	1	0	1	0	0	1
NTNG1	319	484	111	182	191	394	159	1	657
NTNG2	10	3	0	4	1	2	0	0	2
NTPCR	47	41	6	21	15	18	10	0	37
NTRAS	6	3	3	5	2	3	0	0	5
NTRK1	6	8	2	4	0	4	5	1	3
NTRK2	14	6	2	4	1	7	5	0	4
NTRK3	24	7	0	9	5	4	4	0	8
NTRK3-AS1	1	1	0	0	0	0	0	0	0
NTSR1	7	3	0	3	0	0	0	0	0
NTSR2	0	0	0	2	0	0	0	0	1
NUAK1	227	82	16	55	20	44	21	1	50
NUAK2	62	32	5	19	8	10	5	0	17
NUB1	72	67	9	30	23	40	23	0	64
NUBP1	76	49	3	27	16	22	10	0	33
NUBP2	81	37	3	20	12	19	13	0	22
NUBPL	210	180	25	99	54	126	32	0	153
NUBPL-DT	0	0	0	2	0	0	0	0	1
NUCB1	189	120	19	75	39	73	29	0	92
NUCB1-AS1	1	0	0	0	0	0	1	0	0
NUCB2	58	43	3	19	19	35	15	0	44
NUCKS1	1097	706	145	570	269	605	179	3	758
NUCKS1P1	0	0	0	0	1	0	0	0	0
NUDC	330	205	35	126	66	117	36	1	153
NUDCD1	188	107	20	67	43	76	29	0	109
NUDCD2	35	26	4	17	17	21	6	0	23
NUDCD3	441	265	49	147	88	158	73	1	235
NUDCP1	0	1	0	2	0	0	1	0	1
NUDCP2	0	0	0	3	1	0	0	0	0
NUDT1	31	29	7	11	6	9	8	0	15
NUDT11	0	1	0	0	0	0	0	0	0
NUDT12	33	32	4	7	8	15	6	0	18
NUDT13	1	3	0	3	0	2	0	0	3
NUDT14	1	0	0	0	1	0	0	0	2
NUDT15	45	23	6	21	9	30	11	0	24
NUDT16	48	21	6	24	11	17	4	0	21
NUDT16-DT	19	24	2	11	6	15	6	0	16
NUDT16L1	22	20	1	7	3	4	2	0	8
NUDT16L2P	12	6	1	4	4	5	4	0	9
NUDT17	3	4	0	1	0	0	0	0	2
NUDT18	1	2	1	2	3	2	0	0	1
NUDT19	165	65	13	61	27	54	16	0	47
NUDT19-DT	0	1	0	1	0	1	0	0	0
NUDT2	68	39	10	14	11	20	6	0	31
NUDT21	82	56	8	44	16	38	12	0	40
NUDT22	19	15	3	10	4	7	4	0	18
NUDT3	57	49	5	39	24	21	8	0	38
NUDT4	68	34	3	25	11	22	6	0	39
NUDT5	219	132	30	84	52	91	43	1	114
NUDT6	39	16	3	14	9	16	4	0	13
NUDT7	0	0	2	1	0	0	0	0	1
NUDT8	2	1	0	1	0	0	3	0	0
NUDT9	59	33	6	17	19	37	11	1	39
NUDT9P1	0	0	0	0	0	0	0	0	1
NUF2	124	82	13	43	19	69	18	0	87
NUFIP1	66	37	7	35	14	45	6	0	45
NUFIP2	815	561	107	367	201	390	102	1	585
NUGGC	2	1	0	0	0	0	1	0	1
NUMA1	540	412	89	204	151	272	140	3	445
NUMB	201	149	32	110	44	116	49	1	162
NUMBL	139	95	16	54	31	46	35	0	80
NUP107	321	176	34	112	66	144	39	0	165
NUP107-DT	2	1	1	1	2	0	0	0	0
NUP133	217	123	29	73	38	105	25	0	136
NUP133-DT	1	2	0	0	0	0	0	0	0
NUP153	633	301	69	226	102	263	71	2	315
NUP153-AS1	5	0	0	3	0	1	2	0	0
NUP155	1018	640	119	486	231	479	156	0	614
NUP160	1075	634	128	453	235	463	186	2	592
NUP188	557	282	70	212	109	187	85	1	278
NUP205	604	378	76	267	113	289	74	0	374
NUP210	753	480	98	282	161	291	140	4	345
NUP210L	15	3	0	5	3	5	2	0	4
NUP210P1	1	0	0	0	0	0	0	0	0
NUP214	721	443	110	297	183	399	124	4	493
NUP35	139	86	20	64	36	82	12	1	84
NUP37	91	65	3	35	23	57	9	0	59
NUP42	162	108	18	62	32	75	33	0	100
NUP43	103	75	17	44	20	60	24	0	90
NUP50	317	130	30	131	70	121	32	0	115
NUP50-DT	179	85	15	50	44	76	20	0	92
NUP50P1	1	0	0	0	0	0	0	0	0
NUP54	196	97	31	67	40	90	23	0	111
NUP58	218	148	31	103	61	147	44	0	179
NUP62	139	87	19	70	23	46	23	0	69
NUP62CL	44	35	5	29	12	29	8	0	27
NUP85	182	154	32	89	39	94	44	2	127
NUP88	394	238	39	139	95	127	59	0	158
NUP93	331	194	41	126	72	125	59	0	157
NUP93-DT	2	0	0	1	0	0	0	0	0
NUP98	668	481	99	333	156	413	100	2	561
NUPR1	84	27	7	32	9	17	9	0	36
NUPR2	2	0	0	0	0	0	0	0	1
NUS1	118	98	12	47	35	76	16	0	72
NUS1P1	3	0	0	2	0	0	0	0	0
NUSAP1	0	2	1	3	1	1	0	0	0
NUTF2	110	100	17	58	32	67	23	1	72
NUTF2P3	0	0	0	0	0	0	1	0	0
NUTM1	1	0	0	0	0	0	0	0	0
NUTM2A-AS1	139	108	17	56	50	79	30	0	123
NUTM2B-AS1	248	179	35	112	62	165	41	0	207
NUTM2D	2	0	0	0	0	0	0	0	1
NUTM2E	5	5	0	3	2	3	2	0	3
NUTM2G	0	0	0	0	0	0	0	0	1
NVL	251	164	22	119	50	142	39	0	188
NWD1	4	2	1	1	1	1	1	0	0
NWD2	1	3	4	2	1	1	0	0	1
NXF1	209	102	18	57	27	49	14	1	67
NXF2	0	0	0	0	0	1	0	0	0
NXF3	1	1	0	0	1	0	0	0	0
NXN	450	259	44	155	73	171	77	1	197
NXNL2	24	14	1	12	4	6	3	0	8
NXPE1	5	1	0	0	1	1	0	0	1
NXPE2	2	0	0	0	0	0	0	0	1
NXPE3	105	92	15	64	38	51	31	0	88
NXPE4	2	0	0	0	1	2	1	0	0
NXPH1	30	16	2	16	4	12	5	0	15
NXPH2	10	6	1	3	1	4	2	0	7
NXPH3	3	0	0	1	0	0	0	0	0
NXPH4	7	4	1	4	2	3	1	0	5
NXT1	17	8	3	3	3	3	1	0	6
NXT1-AS1	8	3	0	2	1	1	1	1	0
NXT2	15	4	0	11	3	7	3	0	12
NYAP1	4	0	2	2	0	0	0	0	0
NYAP2	198	66	16	74	29	65	12	0	53
NYNRIN	19	16	1	14	5	15	8	0	17
NYX	1	1	0	0	1	1	0	0	0
OACYLP	5	3	0	1	1	1	0	0	3
OAF	39	33	6	13	12	14	9	0	10
OARD1	29	28	2	11	5	14	1	0	16
OAS1	48	8	2	17	3	3	1	0	2
OAS2	5	1	1	2	0	0	0	0	0
OAS3	115	60	14	65	10	37	11	0	27
OASL	67	28	11	32	14	17	0	0	3
OAT	66	46	4	27	22	31	5	0	25
OAZ1	188	112	7	98	46	59	29	0	80
OAZ2	68	64	9	26	19	32	22	0	43
OAZ3	3	2	0	1	0	0	0	0	2
OBI1	98	101	11	61	26	77	20	0	86
OBI1-AS1	5981	1406	229	597	485	987	681	0	646
OBP2A	1	0	0	0	0	0	0	0	0
OBSCN	732	615	140	260	201	358	225	1	616
OBSCN-AS1	30	21	9	13	3	12	12	0	12
OBSL1	18	19	5	5	4	7	7	0	15
OCA2	18	15	1	13	4	3	3	0	6
OCEL1	10	9	2	1	2	4	3	0	7
OCIAD1	231	163	26	92	62	139	37	0	160
OCIAD2	55	33	3	17	6	25	5	0	18
OCLN	7	1	0	1	0	1	1	0	2
OCLNP1	0	0	0	2	0	0	0	0	2
OCM2	0	0	0	0	0	0	1	0	0
OCRL	135	90	17	66	22	53	15	0	74
OCSTAMP	1	0	0	0	0	0	0	0	0
ODAD1	3	4	1	3	0	0	2	0	1
ODAD2	38	28	5	13	8	14	3	0	19
ODAD3	5	2	1	0	0	2	1	0	4
ODAD4	3	7	0	2	1	1	1	0	7
ODAM	1	0	0	0	0	0	1	0	1
ODAPH	1	0	0	0	0	0	0	0	0
ODC1	893	470	47	361	129	175	83	1	135
ODC1-DT	3	4	1	3	2	4	0	0	3
ODCP	1	0	0	0	0	0	0	0	0
ODF1	1	0	0	0	0	1	0	0	0
ODF2	194	151	23	102	46	101	48	0	95
ODF2-AS1	1	0	0	0	0	0	0	0	0
ODF2L	98	64	14	29	20	56	13	1	72
ODF3B	5	6	3	1	2	0	0	0	3
ODF3L2	0	0	0	1	0	0	1	0	0
ODR4	223	142	34	92	60	121	26	0	166
OFCC1	26	20	9	16	9	13	5	0	21
OFD1	137	82	25	47	33	81	21	1	119
OGA	472	249	46	172	92	188	56	0	264
OGDH	564	475	92	272	157	290	149	1	534
OGDHL	5	4	2	1	0	3	3	0	2
OGFOD1	127	80	13	51	20	56	24	0	78
OGFOD2	13	14	2	6	0	5	5	0	5
OGFOD3	65	35	6	30	16	24	12	0	36
OGFR	109	48	8	28	23	33	23	0	29
OGFR-AS1	10	1	0	2	0	0	0	0	0
OGFRL1	105	73	9	43	25	52	13	0	47
OGFRP1	24	14	3	7	5	9	1	0	6
OGG1	88	88	12	39	26	52	15	0	86
OGT	919	495	88	317	159	381	108	2	498
OIP5	60	66	13	26	10	40	10	0	52
OIP5-AS1	177	151	38	97	51	94	25	0	154
OIT3	2	4	0	1	4	2	1	0	6
OLA1	537	299	48	205	101	292	81	3	271
OLA1P1	1	1	0	0	0	0	0	0	1
OLA1P3	0	1	0	0	0	0	0	0	0
OLAH	0	1	0	0	0	1	0	0	0
OLFM1	1401	1528	308	757	494	870	482	6	1226
OLFM2	23	6	1	3	1	3	2	0	7
OLFM3	59	48	6	30	18	39	18	0	37
OLFM4	4	0	0	0	0	2	0	0	0
OLFML1	2	1	0	0	0	0	0	0	0
OLFML2A	54	61	13	27	13	32	39	0	74
OLFML2B	3	3	0	1	0	3	0	0	2
OLFML3	4	5	0	1	0	0	1	0	1
OLIG1	2	1	0	0	0	0	1	0	0
OLMALINC	27	51	5	10	16	42	18	0	110
OLR1	12	4	1	5	3	3	1	0	3
OMA1	43	42	6	16	10	39	8	0	49
OMD	0	0	0	1	0	0	0	0	0
OMG	2	1	0	0	0	0	0	0	1
ONECUT1	3	1	0	1	0	0	0	0	1
ONECUT2	206	165	31	99	54	109	52	0	156
ONECUT3	1	2	0	1	3	0	0	0	1
OOEP	18	13	1	19	11	6	3	0	20
OOEP-AS1	0	0	0	0	0	0	0	0	1
OOSP1	0	0	0	0	0	1	0	0	0
OOSP2	1	0	0	0	1	0	0	0	0
OOSP3	5	1	0	0	0	1	0	0	0
OOSP4A	0	0	2	0	0	0	0	0	0
OOSP4B	1	2	0	1	0	2	0	0	0
OPA1	519	377	60	222	108	293	89	0	318
OPA3	125	69	11	51	28	48	19	0	71
OPALIN	1	0	0	0	0	0	0	0	0
OPCML	258	30	2	13	10	15	10	0	18
OPCML-IT1	1	0	0	0	0	0	0	0	0
OPHN1	193	188	27	86	50	116	38	0	163
OPLAH	39	25	8	20	7	16	8	0	17
OPN1LW	0	1	0	0	0	0	0	0	0
OPN3	57	38	18	27	20	36	21	0	53
OPN5	5	2	0	1	1	1	0	0	0
OPRD1	3	1	0	0	0	1	0	0	2
OPRK1	8	10	0	10	1	1	3	0	9
OPRL1	4	1	2	1	1	2	2	0	4
OPRM1	7	5	2	2	1	3	1	0	6
OPRPN	1	2	0	1	2	0	0	0	0
OPTC	0	0	1	0	0	0	0	0	0
OPTN	64	25	5	26	3	17	10	1	25
OR10A2	0	0	0	0	0	0	0	0	1
OR10A3	1	0	0	0	0	0	0	0	0
OR10A6	1	0	0	1	0	0	0	0	0
OR10H1	0	0	0	0	0	0	1	0	0
OR10H5	0	0	0	0	0	0	1	0	1
OR10J6P	0	1	0	0	0	0	0	0	0
OR10J7P	0	0	0	0	0	1	0	0	0
OR10K1	0	1	0	0	0	0	0	0	0
OR10K2	0	0	0	1	0	0	0	0	0
OR10Q1	0	0	0	0	0	0	0	0	1
OR10R2	1	0	0	0	0	0	0	0	0
OR10S1	1	0	0	0	0	0	0	0	0
OR11A1	0	0	0	0	0	0	0	0	1
OR11G2	2	0	0	1	0	0	0	0	0
OR11H4	0	1	0	0	0	0	0	0	0
OR11N1P	0	0	0	0	0	1	0	0	0
OR11P1P	0	0	0	0	0	1	0	0	0
OR13A1	2	1	0	0	0	0	1	0	0
OR13G1	0	0	1	0	0	0	0	0	0
OR13J1	2	0	0	0	0	0	0	0	0
OR14A2	0	1	0	0	1	0	0	0	0
OR1A1	1	1	0	0	0	0	0	0	0
OR1B1	2	1	0	0	0	0	0	0	0
OR1D2	0	1	0	0	0	0	0	0	0
OR1E2	1	0	0	0	0	0	0	0	0
OR1F1	33	20	7	28	5	11	3	0	9
OR1I1	0	1	0	0	0	0	0	0	0
OR1L8	0	0	0	1	0	0	0	0	0
OR1M1	0	0	0	0	0	0	0	0	1
OR1N1	0	0	0	1	0	0	0	0	0
OR1P1	0	0	0	0	0	0	0	0	1
OR2A1	0	0	0	0	1	0	0	0	0
OR2A12	0	1	0	0	0	0	0	0	1
OR2A25	0	0	0	0	0	0	0	0	1
OR2A5	1	0	0	1	0	0	0	0	0
OR2AE1	1	0	0	0	0	0	0	0	0
OR2AG1	1	0	0	0	0	0	0	0	0
OR2AG2	9	1	1	1	0	2	0	0	1
OR2AP1	0	1	0	0	0	0	0	0	0
OR2AT4	0	0	0	1	0	0	0	0	0
OR2B6	4	0	0	1	0	2	2	0	2
OR2F1	5	3	0	1	1	0	0	0	0
OR2G3	0	0	0	0	0	0	0	0	1
OR2G6	1	0	0	0	0	0	0	0	0
OR2H2	0	1	0	0	0	0	0	0	0
OR2K2	2	1	0	0	0	1	0	0	0
OR2L13	0	1	0	0	0	0	0	0	0
OR2M2	0	0	0	0	0	0	0	0	1
OR2M3	1	2	0	0	0	0	0	0	0
OR2T11	0	0	0	0	0	0	1	0	0
OR2T4	0	0	0	0	0	0	0	0	1
OR2T7	0	1	0	0	0	0	0	0	0
OR2V1	0	0	0	1	0	0	0	0	0
OR2V2	1	0	0	0	0	0	0	0	0
OR2W1-AS1	0	4	0	0	1	0	1	0	1
OR2W6P	0	1	0	3	0	1	0	0	1
OR3A1	0	0	0	0	1	0	0	0	0
OR3A2	5	6	1	6	1	4	1	0	2
OR4A21P	0	0	0	0	0	1	0	0	0
OR4A7P	0	1	0	0	0	0	0	0	0
OR4A9P	1	1	0	0	0	0	0	0	0
OR4C4P	0	0	0	0	0	0	1	0	0
OR4D1	0	1	0	0	0	0	0	0	0
OR4D2	1	0	0	0	0	0	0	0	0
OR4D9	0	0	0	0	0	0	1	0	0
OR4K1	1	0	0	0	0	0	0	0	0
OR4K13	0	2	0	1	0	0	0	0	0
OR4K14	1	0	0	0	0	0	0	0	0
OR4K15	11	1	0	0	0	0	2	0	0
OR4K17	0	1	0	0	0	0	0	0	0
OR4L1	1	0	0	0	0	0	0	0	0
OR4M1	1	0	0	0	0	0	0	0	0
OR4N2	0	1	0	1	0	1	1	0	2
OR4P1P	1	0	0	0	0	0	0	0	0
OR51A3P	0	0	0	0	0	0	1	0	0
OR51A7	0	0	0	0	1	0	0	0	0
OR51A9P	0	0	0	0	0	1	0	0	0
OR51B5	0	0	0	0	0	1	0	0	0
OR51C1P	1	0	0	0	0	0	0	0	0
OR51E1	1	0	0	0	0	0	0	0	1
OR51E2	1	2	1	1	1	1	3	0	3
OR51G2	1	0	0	1	0	0	1	0	0
OR51H1	0	0	0	1	0	0	0	0	0
OR51L1	0	0	0	1	0	0	0	0	0
OR51P1P	0	2	0	0	0	0	0	0	0
OR52A1	0	0	0	0	0	0	0	0	1
OR52E5	0	1	0	0	0	0	0	0	1
OR52I2	0	0	0	0	0	0	0	0	1
OR52J1P	0	0	1	0	0	0	0	0	0
OR52K1	1	0	0	0	0	0	0	0	0
OR52N5	0	2	0	0	0	0	1	0	0
OR52P1	0	1	0	0	0	0	0	0	0
OR52P2P	1	0	0	0	0	0	0	0	0
OR52V1P	0	0	0	1	0	0	0	0	0
OR56A1	0	0	0	0	0	0	0	0	1
OR56A3	1	0	0	0	0	0	0	0	0
OR56A4	1	2	0	0	0	0	0	0	0
OR56A5	0	0	0	0	0	1	0	0	0
OR56B1	0	1	0	0	0	0	0	0	0
OR56B2P	3	1	0	0	0	1	1	0	1
OR5A1	0	1	0	0	0	0	0	0	0
OR5AN1	1	0	0	0	0	0	0	0	0
OR5AU1	1	0	0	0	0	0	0	0	0
OR5AW1P	2	0	0	0	0	0	0	0	0
OR5B2	0	0	0	1	0	0	0	0	0
OR5BH1P	0	1	0	0	0	0	0	0	0
OR5BP1P	1	0	0	0	0	0	0	0	0
OR5H1	1	1	0	0	0	0	0	0	0
OR5H14	0	1	0	0	0	0	0	0	0
OR5H4P	1	0	0	0	0	0	0	0	0
OR5H7P	1	0	0	0	0	0	0	0	0
OR5I1	0	0	0	0	1	0	0	0	0
OR5M1	3	0	0	0	2	0	0	0	0
OR5V1	3	0	0	0	1	2	0	0	1
OR6A2	1	0	0	0	0	0	0	0	0
OR6B1	1	0	0	0	0	0	0	0	0
OR6C2	0	0	0	0	0	1	0	0	1
OR6C4	0	1	0	0	0	0	0	0	1
OR6C74	1	0	0	0	0	1	0	0	0
OR6D1P	0	0	0	1	0	0	0	0	0
OR6F1	0	1	0	0	0	0	0	0	0
OR6J1	0	0	0	2	0	0	0	0	1
OR6N1	0	0	0	0	1	0	1	0	0
OR6N2	0	0	0	0	1	0	0	0	0
OR6P1	1	0	0	0	0	0	0	0	0
OR6T1	0	0	0	1	0	1	0	0	0
OR7A10	2	1	3	3	1	2	0	1	1
OR7A17	0	0	0	0	1	0	0	0	0
OR7A19P	0	0	0	1	1	0	1	0	3
OR7C1	0	0	0	0	1	0	0	0	2
OR7D2	0	0	0	0	0	1	0	0	0
OR7D4	0	0	0	0	0	0	0	0	1
OR7E100P	1	0	0	0	0	0	0	0	0
OR7E24	1	0	0	0	0	0	0	0	0
OR7E38P	2	1	0	0	2	1	0	0	0
OR7E47P	0	0	0	1	0	0	0	0	0
OR7G3	0	0	0	1	0	0	0	0	0
OR8A1	0	0	0	1	0	0	0	0	0
OR8B8	1	0	0	0	0	0	0	0	0
OR8D1	1	0	0	0	0	0	0	0	0
OR8F1P	1	0	0	0	0	0	0	0	0
OR8G1	0	0	0	0	1	0	0	0	0
OR8G5	0	0	0	1	0	1	0	0	0
OR8J1	5	6	0	5	4	1	2	0	4
OR8J3	2	1	0	0	0	0	0	0	0
OR8R1P	1	0	0	0	0	0	0	0	0
OR9A3P	0	0	0	0	1	0	0	0	0
OR9A4	0	0	0	0	0	1	0	0	1
OR9G2P	0	1	0	0	0	0	0	0	0
OR9I1	1	0	0	0	0	0	0	0	0
OR9K2	0	0	0	0	0	0	0	0	1
OR9Q1	26	5	0	4	0	3	0	0	6
OR9Q2	0	0	0	0	0	1	0	0	0
ORAI1	33	26	5	14	8	9	3	0	19
ORAI2	75	50	8	20	24	21	10	0	29
ORAI3	5	3	5	1	1	4	4	0	7
ORC1	125	105	25	55	34	77	27	0	104
ORC2	293	165	32	104	59	147	59	0	206
ORC3	197	118	28	78	35	99	29	1	134
ORC4	193	163	24	57	56	99	25	0	162
ORC5	191	104	17	89	32	106	25	0	125
ORC6	107	76	13	45	18	46	17	0	52
ORMDL1	115	51	11	37	22	36	13	0	68
ORMDL2	51	39	3	18	16	23	10	0	23
ORMDL3	31	28	1	12	7	9	1	1	12
OS9	138	113	22	52	31	65	36	1	81
OSBP	164	99	24	69	41	75	24	0	98
OSBP2	734	493	92	263	149	268	106	3	406
OSBPL10	1608	1049	203	626	387	758	226	1	974
OSBPL11	70	49	9	29	17	35	14	0	68
OSBPL1A	187	170	33	78	58	148	39	1	153
OSBPL2	99	61	9	40	25	38	26	0	65
OSBPL3	667	329	56	237	112	217	59	1	269
OSBPL5	245	141	30	81	53	100	54	1	112
OSBPL6	170	124	24	63	36	87	31	0	94
OSBPL7	32	21	1	8	4	11	6	0	11
OSBPL8	391	234	60	164	107	225	53	1	252
OSBPL9	425	256	65	146	91	211	74	0	287
OSBPL9P1	1	0	0	0	0	0	0	0	0
OSBPL9P2	0	0	0	0	0	0	0	0	1
OSCAR	2	0	1	2	0	0	0	0	0
OSCP1	9	7	0	2	2	2	0	0	1
OSER1	140	93	15	50	22	70	31	1	79
OSER1-DT	10	9	2	7	3	5	0	0	11
OSGEP	49	33	7	16	9	18	10	1	42
OSGEPL1	30	14	7	12	7	13	11	0	23
OSGEPL1-AS1	5	2	1	1	1	0	0	0	0
OSGIN1	35	35	2	15	10	13	7	1	22
OSGIN2	56	24	4	22	8	17	4	0	34
OSMR	552	384	77	205	137	287	40	0	215
OSMR-DT	147	131	21	49	47	89	20	0	99
OSR1	4	0	0	1	0	0	0	0	1
OSR2	23	4	1	8	0	5	1	0	7
OST4	46	34	3	22	11	24	5	0	22
OSTC	146	85	9	51	28	78	16	0	76
OSTCP1	5	1	1	1	2	0	0	0	0
OSTCP5	0	0	0	0	0	0	1	0	0
OSTCP6	0	1	0	0	0	0	0	0	0
OSTCP8	5	4	0	1	0	2	1	0	2
OSTF1	29	25	4	15	10	16	10	0	29
OSTM1	92	53	12	31	23	41	9	0	39
OSTM1-AS1	8	9	3	4	2	8	3	0	3
OSTN	2	3	0	1	0	0	0	0	0
OSTN-AS1	0	0	0	0	1	0	0	0	0
OTOA	1	0	1	1	0	0	1	0	1
OTOF	12	4	0	1	1	1	1	0	1
OTOG	11	11	1	7	2	4	6	0	11
OTOGL	13	8	3	3	4	2	5	0	28
OTOL1	0	0	0	0	0	1	0	0	0
OTOP1	3	1	0	2	0	0	0	0	1
OTOP2	3	0	0	3	1	0	0	0	1
OTOP3	1	1	0	0	0	0	0	0	0
OTOR	1	0	0	0	0	0	0	0	1
OTP	2	0	0	0	0	0	0	0	0
OTUB1	104	67	12	49	20	29	16	1	39
OTUB2	11	6	1	1	2	4	0	0	1
OTUD1	62	24	5	22	3	10	1	0	7
OTUD3	123	74	17	42	30	71	10	0	95
OTUD4	219	93	15	79	40	79	20	0	97
OTUD4P1	2	0	0	0	0	0	0	0	0
OTUD5	191	140	29	73	46	97	31	1	141
OTUD6B	84	33	7	36	12	32	11	0	45
OTUD6B-AS1	20	17	2	3	6	13	1	0	16
OTUD7A	142	108	20	56	34	53	44	1	103
OTUD7B	169	87	18	55	35	64	23	1	96
OTULIN	426	286	33	175	111	212	74	0	274
OTULIN-DT	4	5	1	0	0	1	1	0	2
OTULINL	162	104	25	73	27	75	20	0	85
OTX1	10	5	1	4	2	5	0	0	2
OTX2	3	2	0	1	0	2	0	0	0
OTX2-AS1	20	6	1	7	1	1	1	0	8
OVAAL	3	1	0	0	0	0	0	0	1
OVCA2	26	5	3	9	1	4	7	0	6
OVCH1	28	49	8	17	18	30	8	0	64
OVCH1-AS1	11	4	1	1	3	0	1	0	1
OVCH2	2	1	0	2	0	0	0	0	1
OVGP1	5	1	0	1	1	0	0	0	1
OVOL1	4	0	0	0	0	1	0	0	1
OVOL2	11	2	0	2	1	0	0	0	2
OVOL3	1	2	0	1	0	0	0	0	0
OXA1L	126	76	20	58	32	63	25	0	64
OXA1L-DT	7	7	0	2	1	3	1	0	13
OXCT1	1073	705	109	378	244	518	199	1	736
OXCT1-AS1	1	0	0	0	0	0	0	0	0
OXCT2P1	0	1	0	0	1	0	0	0	1
OXLD1	35	15	3	14	7	8	1	0	15
OXNAD1	197	135	19	64	44	94	39	0	133
OXR1	184	122	19	65	44	97	38	1	120
OXR1-AS1	9	3	0	5	1	1	3	0	3
OXSM	14	18	1	4	7	9	5	0	12
OXSR1	378	251	58	171	118	207	68	0	292
OXTR	32	24	3	9	5	8	7	0	18
P2RX1	2	1	0	1	2	0	0	0	1
P2RX2	3	0	0	0	0	0	0	0	0
P2RX3	2	0	0	0	0	0	0	0	0
P2RX4	2	0	1	5	3	4	1	0	4
P2RX5	20	11	1	6	5	4	3	0	9
P2RX5-TAX1BP3	159	90	16	54	30	45	18	0	58
P2RX6	2	2	0	2	0	1	1	0	1
P2RX7	1	0	0	0	1	0	0	0	2
P2RY1	11	4	1	4	4	5	0	0	1
P2RY10	0	0	0	0	0	0	1	0	0
P2RY11	10	4	2	2	1	2	1	0	8
P2RY12	1	1	0	1	0	0	1	0	0
P2RY14	4	1	0	0	1	0	1	0	0
P2RY2	2	3	0	3	1	3	2	0	1
P2RY6	3	6	2	2	2	3	2	0	5
P2RY8	0	2	0	2	0	0	0	0	1
P3H1	119	88	15	46	18	48	33	0	65
P3H2	991	598	122	375	222	414	148	1	653
P3H2-AS1	6	7	1	2	2	4	1	0	7
P3H3	84	49	5	17	13	19	16	0	36
P3H4	110	73	19	52	20	45	23	0	54
P3R3URF-PIK3R3	196	219	36	97	61	192	52	0	292
P4HA1	211	172	30	92	51	103	28	0	147
P4HA2	112	91	14	40	31	52	22	2	50
P4HA2-AS1	1	0	0	0	0	0	0	0	0
P4HA3	75	94	18	32	29	60	17	0	65
P4HA3-AS1	3	2	1	0	0	1	0	0	0
P4HB	853	506	81	283	167	293	157	0	421
P4HTM	70	39	7	25	20	26	18	0	40
PA2G4	415	210	33	157	67	88	47	0	116
PA2G4P1	2	0	0	0	0	0	0	0	1
PA2G4P2	1	3	1	0	0	0	0	0	0
PA2G4P3	1	1	0	0	0	0	0	0	0
PA2G4P4	0	2	2	1	0	2	1	0	3
PA2G4P5	0	0	0	0	0	0	0	1	0
PA2G4P6	0	1	0	0	0	0	0	0	0
PAAF1	52	33	9	23	20	30	6	0	37
PABIR1	24	16	3	8	0	14	6	0	9
PABIR2	143	92	11	54	29	77	22	0	100
PABIR3	12	35	5	12	7	23	12	0	38
PABPC1	1241	694	155	552	247	519	164	0	647
PABPC1L	120	80	15	47	32	61	35	0	59
PABPC1P4	0	2	0	1	1	1	0	0	0
PABPC1P7	0	0	0	1	0	0	0	0	0
PABPC3	7	6	0	0	0	0	1	0	0
PABPC4	715	376	53	257	127	203	80	0	215
PABPC4L	42	34	3	21	10	27	7	0	31
PABPC5	0	0	0	0	0	0	0	0	1
PABPC5-AS1	2	6	0	1	1	6	1	0	8
PABPN1	135	87	14	70	26	44	18	0	64
PABPN1P2	2	0	0	0	0	1	0	0	0
PACC1	78	37	5	22	19	15	3	1	20
PACERR	13	12	3	9	5	8	2	0	8
PACRG	21	15	0	9	3	7	2	0	7
PACRG-AS2	0	0	1	0	0	0	0	0	0
PACRG-AS3	3	0	0	0	1	0	1	0	0
PACRGL	88	67	9	32	16	44	12	0	58
PACS1	999	541	105	385	195	379	128	0	361
PACS2	113	97	14	47	31	40	24	0	69
PACSIN1	4	2	0	3	0	0	1	0	1
PACSIN2	497	317	58	182	103	183	83	1	223
PACSIN3	101	72	9	38	22	22	23	0	52
PADI1	11	2	0	3	2	4	0	0	2
PADI2	8	2	0	2	1	2	2	0	1
PADI3	6	10	0	1	3	1	0	0	0
PADI4	5	0	0	1	0	0	0	0	2
PADI6	1	1	0	1	0	0	0	0	0
PAEP	3	0	0	0	0	0	0	0	0
PAEPP1	0	0	0	0	0	0	1	0	0
PAF1	87	38	8	40	24	34	14	0	29
PAFAH1B1	591	431	84	255	138	320	89	2	475
PAFAH1B2	193	109	20	92	50	92	28	0	99
PAFAH1B2P2	3	1	0	1	0	3	1	0	1
PAFAH1B3	26	10	2	10	6	5	8	0	9
PAFAH2	22	13	7	9	5	10	6	0	12
PAG1	11	11	1	4	2	9	3	0	8
PAGE1	0	0	0	1	0	0	0	0	0
PAGE2	0	1	0	0	0	0	0	0	0
PAGR1	38	20	2	11	10	11	7	0	18
PAH	10	2	1	4	3	1	2	0	2
PAICS	560	340	50	253	135	246	88	0	324
PAICSP1	1	2	1	1	0	0	0	0	0
PAICSP4	3	1	1	3	1	1	1	0	0
PAIP1	225	123	26	95	52	88	31	0	106
PAIP1P1	0	0	0	0	1	0	0	0	0
PAIP1P2	0	1	0	0	1	0	1	0	3
PAIP2	208	189	42	122	64	132	50	0	184
PAIP2B	2	2	0	1	2	2	1	0	0
PAK1	111	99	14	37	26	58	27	0	65
PAK1IP1	104	25	11	41	18	44	19	0	33
PAK2	409	265	52	188	80	207	41	0	262
PAK3	45	46	6	19	10	38	9	0	38
PAK4	224	114	17	57	33	57	28	0	92
PAK5	9	3	1	4	0	3	1	0	3
PAK6	23	13	6	6	4	24	2	0	11
PAK6-AS1	0	0	0	0	1	0	0	0	0
PALB2	106	67	14	42	24	50	12	0	59
PALD1	61	42	5	24	16	23	15	0	17
PALLD	2587	1455	329	957	515	1137	533	4	1638
PALM	33	26	3	13	8	15	14	0	15
PALM2AKAP2	2333	1646	324	827	562	1044	349	3	1275
PALM3	4	2	1	1	1	4	1	0	5
PALMD	83	41	10	58	27	51	29	0	60
PALS1	173	112	25	60	36	101	25	0	126
PALS2	508	256	62	209	109	260	65	0	286
PAM	809	490	103	304	191	425	92	0	446
PAM16	15	11	3	1	3	1	1	0	8
PAMR1	19	5	2	7	0	4	0	0	3
PAN2	32	26	5	12	18	20	9	1	21
PAN3	343	257	70	149	99	236	69	0	309
PAN3-AS1	4	3	0	0	0	3	0	0	3
PANCR	0	1	0	2	0	0	0	0	1
PANK1	42	29	2	22	15	26	11	0	37
PANK1-AS1	2	2	0	1	0	1	3	0	0
PANK2	171	104	21	70	55	70	36	0	142
PANK2-AS1	2	6	0	1	0	1	0	0	3
PANK3	270	197	41	129	73	152	42	0	189
PANK4	81	45	15	32	23	27	9	0	35
PANO1	1	0	0	0	0	0	0	0	0
PANTR1	5	2	0	1	0	0	1	0	1
PANX1	128	39	14	45	27	40	11	0	36
PANX2	17	9	4	11	3	7	4	0	17
PANX3	2	0	0	0	0	0	0	0	0
PAOX	1	1	0	0	0	1	0	0	0
PAPLN	35	16	5	12	10	15	4	0	21
PAPLN-AS1	1	1	0	0	0	0	0	0	0
PAPOLA	393	256	39	201	92	261	66	0	342
PAPOLA-DT	3	0	1	1	0	1	0	0	0
PAPOLB	1	0	0	0	0	1	0	0	0
PAPOLG	70	59	7	33	19	61	8	0	79
PAPPA	1320	952	153	594	360	681	276	1	673
PAPPA-AS1	1	3	0	1	0	1	0	0	3
PAPPA2	106	55	8	24	12	26	11	0	42
PAPSS1	165	92	15	52	33	66	25	0	79
PAPSS2	149	45	8	62	15	40	15	1	37
PAQR3	55	47	10	25	15	28	4	0	41
PAQR4	62	43	8	25	9	20	18	0	29
PAQR5	101	54	13	32	20	46	10	0	30
PAQR5-DT	3	2	1	0	0	1	0	0	0
PAQR6	10	7	2	5	3	8	4	0	7
PAQR7	49	34	4	22	11	21	3	0	22
PAQR8	18	16	5	13	12	16	2	0	22
PAQR9	2	0	0	0	0	0	0	0	0
PAQR9-AS1	1	0	0	1	0	0	0	0	0
PARAL1	0	0	0	1	0	0	0	0	0
PARD3	1565	847	174	564	306	677	187	2	769
PARD3-DT	0	1	0	0	0	0	0	0	0
PARD3B	331	155	26	117	65	102	59	0	186
PARD6B	29	17	3	9	9	9	5	0	17
PARD6G	20	10	3	8	7	4	4	0	5
PARD6G-AS1	99	66	12	41	24	30	19	0	60
PARG	134	93	13	64	28	92	21	0	83
PARGP1	2	2	0	1	0	2	1	0	1
PARK7	247	164	33	91	45	100	48	1	136
PARK7P1	2	1	1	1	0	0	2	0	0
PARK7P2	0	2	0	0	0	3	0	0	0
PARL	15	2	0	5	2	5	2	0	5
PARM1	5	2	0	0	0	0	0	0	4
PARN	396	300	68	140	109	252	76	1	335
PARP1	381	230	57	165	69	153	53	0	165
PARP10	20	11	1	7	3	1	4	0	5
PARP11	1	5	0	0	0	2	3	0	2
PARP11-AS1	0	1	0	0	1	1	0	0	1
PARP12	87	36	5	28	9	27	11	0	20
PARP14	102	56	5	46	16	30	20	0	50
PARP15	2	1	0	1	2	1	0	0	0
PARP16	43	35	1	24	10	16	7	0	25
PARP1P1	1	0	1	0	2	0	0	0	0
PARP2	59	37	12	31	14	32	15	0	45
PARP3	7	12	3	7	4	6	3	0	7
PARP4	233	166	32	107	54	121	36	0	137
PARP4P1	1	1	0	0	0	1	0	0	0
PARP4P2	1	2	1	2	0	0	1	0	3
PARP6	52	41	10	27	10	28	9	0	38
PARP8	153	89	15	66	29	74	23	1	63
PARP9	29	14	5	8	9	15	7	0	13
PARPBP	235	183	35	103	68	145	38	0	160
PARS2	17	5	3	4	5	6	0	0	10
PART1	3	5	0	0	1	3	0	0	0
PARTICL	8	5	1	3	1	1	2	0	2
PARVA	562	350	69	235	129	268	85	0	370
PARVB	396	207	57	140	88	162	57	0	119
PARVG	5	11	1	3	8	8	4	0	6
PASD1	5	4	0	0	0	1	1	0	2
PASK	50	51	14	23	17	23	17	0	37
PATJ	240	199	38	123	79	178	72	0	223
PATJ-DT	3	0	0	1	1	0	0	0	0
PATL1	132	73	14	59	42	76	20	0	103
PATL1-DT	5	1	0	2	0	0	0	0	0
PATL2	30	5	4	3	2	3	3	0	2
PATZ1	121	56	12	47	22	37	16	1	46
PAUPAR	0	0	0	0	0	0	0	0	2
PAWR	623	298	63	224	115	257	57	1	323
PAX1	3	1	0	0	0	0	0	0	0
PAX2	5	6	0	1	2	0	1	0	1
PAX3	6	1	1	2	0	1	0	0	1
PAX5	21	4	0	5	1	3	1	0	3
PAX6	49	29	5	23	12	22	15	0	24
PAX7	4	2	1	1	1	1	1	0	3
PAX8	6	5	0	1	1	3	0	0	5
PAX8-AS1	40	46	7	12	15	37	15	0	58
PAX9	8	3	1	2	1	5	0	0	3
PAXBP1	207	139	23	68	41	108	34	1	162
PAXBP1-AS1	4	1	0	0	1	2	0	0	1
PAXIP1	118	77	20	39	38	59	12	1	83
PAXIP1-AS2	4	2	1	2	1	0	2	0	2
PAXIP1-DT	4	4	0	3	2	1	0	0	5
PAXX	57	42	7	20	8	17	9	0	21
PBDC1	37	6	0	10	3	8	4	0	12
PBK	99	93	12	61	27	60	22	0	70
PBLD	29	17	2	10	5	15	10	0	12
PBRM1	489	331	65	204	119	201	94	1	308
PBX1	1925	1652	323	871	560	1284	509	7	1595
PBX1-AS1	1	2	0	0	1	0	0	0	0
PBX2	46	29	1	11	7	21	4	0	17
PBX3	438	303	56	167	110	261	89	0	369
PBX3-DT	0	0	0	0	0	0	0	0	1
PBX4	26	30	7	14	14	13	8	1	25
PBXIP1	21	22	9	14	12	20	7	0	31
PC	459	455	92	214	135	262	175	0	467
PCA3	8	3	0	2	3	1	2	0	2
PCAT1	83	71	12	35	32	58	23	0	68
PCAT18	0	1	0	0	0	1	0	0	0
PCAT19	4	5	0	1	0	1	1	0	0
PCAT4	7	4	0	5	0	0	1	0	4
PCAT5	0	0	0	0	0	0	0	0	1
PCAT6	2	0	0	1	0	0	0	0	2
PCAT7	42	8	3	5	1	6	2	0	10
PCBD1	21	12	4	11	4	5	3	0	15
PCBD2	201	142	31	95	38	117	50	0	123
PCBP1	405	197	55	183	75	167	56	1	196
PCBP1-AS1	218	193	34	101	73	144	37	0	242
PCBP2	1165	708	146	532	288	571	182	2	776
PCBP2-OT1	5	6	1	3	2	6	1	0	7
PCBP2P1	1	0	1	0	0	2	0	0	1
PCBP2P2	6	1	0	1	3	2	1	0	5
PCBP2P3	0	1	0	0	0	0	0	0	0
PCBP3	12	4	1	7	0	2	2	0	2
PCBP4	28	22	2	8	10	11	10	0	10
PCCA	715	556	112	306	195	444	128	0	528
PCCA-DT	25	19	2	10	7	15	8	0	25
PCCB	103	84	15	36	25	55	26	0	68
PCDH1	4	2	0	1	1	0	1	0	0
PCDH10	3	0	1	1	1	0	0	0	1
PCDH10-DT	5	2	0	4	2	1	1	0	2
PCDH11X	94	112	29	40	45	100	35	0	168
PCDH11Y	18	11	1	7	3	7	1	0	12
PCDH12	2	2	0	0	0	0	0	0	1
PCDH15	52	29	2	22	7	13	5	0	16
PCDH17	17	10	2	5	6	12	5	0	14
PCDH18	0	0	0	0	0	0	1	0	0
PCDH19	3	3	0	0	0	1	0	0	1
PCDH7	722	587	119	271	216	486	111	1	559
PCDH9	44	22	6	23	5	15	9	0	16
PCDH9-AS1	0	0	0	1	0	0	0	0	0
PCDH9-AS2	3	2	0	2	0	0	1	0	3
PCDH9-AS3	0	0	0	1	0	1	0	0	0
PCDH9-AS4	1	0	0	0	0	0	0	0	0
PCDHA1	69	59	16	44	18	43	26	0	55
PCDHA11	1	0	0	0	0	0	1	0	0
PCDHA12	2	0	0	0	0	0	0	0	0
PCDHA13	0	0	0	1	0	0	0	0	0
PCDHA4	1	0	0	0	0	0	1	0	0
PCDHA5	0	1	0	1	0	0	0	0	0
PCDHA7	2	0	0	1	0	0	2	0	0
PCDHA9	0	1	0	0	0	0	0	0	0
PCDHAC1	0	1	0	0	0	0	0	0	0
PCDHAC2	27	10	4	10	3	5	9	0	14
PCDHB1-AS1	1	0	0	2	0	1	0	0	0
PCDHB10	1	1	0	0	0	0	0	0	0
PCDHB11	0	2	0	1	0	3	0	0	0
PCDHB12	1	0	0	0	0	0	0	0	1
PCDHB13	3	2	0	1	2	4	1	1	3
PCDHB14	1	2	0	0	0	0	1	0	3
PCDHB15	1	1	0	0	1	0	0	0	0
PCDHB16	1	0	0	0	0	1	0	0	0
PCDHB18P	0	0	0	0	0	0	0	0	1
PCDHB19P	1	0	0	0	0	0	0	0	0
PCDHB2	12	20	0	13	4	3	3	0	3
PCDHB3	1	0	0	1	0	0	0	0	0
PCDHB4	0	0	0	1	0	0	0	0	0
PCDHB7	2	0	0	0	0	0	0	0	0
PCDHGA1	22	15	1	14	7	5	3	0	14
PCDHGA10	1	0	0	0	0	1	0	0	5
PCDHGA11	1	0	0	0	0	1	0	0	0
PCDHGA12	1	0	0	0	0	0	0	0	0
PCDHGA2	1	0	0	0	0	0	0	0	0
PCDHGA4	1	0	0	0	0	0	0	0	0
PCDHGA5	2	0	0	0	0	1	0	0	0
PCDHGA6	0	3	0	0	0	1	0	0	1
PCDHGA7	0	2	0	1	0	0	0	0	0
PCDHGA9	0	1	0	0	0	0	0	0	1
PCDHGB1	1	0	0	0	2	0	0	0	0
PCDHGB2	1	3	0	0	0	0	1	0	2
PCDHGB4	1	0	0	0	0	0	0	0	0
PCDHGB5	1	0	0	0	0	0	0	0	0
PCDHGB7	2	0	0	1	0	0	0	0	0
PCDHGB8P	0	0	0	0	0	0	0	0	1
PCDHGB9P	1	0	0	0	0	0	0	0	0
PCDHGC3	1	0	0	0	1	0	0	0	2
PCDHGC4	0	1	0	1	0	0	0	0	0
PCDHGC5	2	2	0	0	0	1	0	0	0
PCED1A	43	42	4	29	20	12	6	0	31
PCED1B	203	146	24	79	47	93	12	0	73
PCED1B-AS1	0	0	0	0	0	0	0	0	1
PCF11	283	215	30	119	71	137	39	0	186
PCF11-AS1	5	6	0	2	4	8	1	0	5
PCGEM1	0	1	0	2	0	0	0	0	0
PCGF1	17	15	1	10	2	9	2	0	10
PCGF2	63	53	11	23	9	26	7	0	27
PCGF3	173	108	18	59	30	61	24	0	83
PCGF3-AS1	137	88	16	46	27	44	21	0	76
PCGF5	192	107	23	83	42	104	25	0	112
PCGF6	58	31	7	14	8	21	9	0	50
PCID2	537	367	75	212	141	283	70	1	451
PCIF1	53	29	6	23	7	14	6	0	26
PCK1	1	2	0	1	0	0	0	0	1
PCK2	54	24	3	22	12	9	6	0	24
PCLAF	77	49	9	30	9	38	9	0	55
PCLO	182	133	29	85	43	121	52	0	153
PCM1	358	196	43	138	73	157	63	1	234
PCMT1	230	172	30	88	62	114	30	0	179
PCMTD1	187	185	29	103	55	148	39	0	208
PCMTD1-DT	28	13	1	7	4	11	5	0	14
PCMTD2	104	79	21	40	26	52	15	1	79
PCNA	138	113	15	67	40	77	30	0	96
PCNP	197	131	23	105	59	129	35	1	162
PCNPP1	2	0	0	0	0	2	0	0	0
PCNPP5	0	0	1	0	0	0	0	0	0
PCNT	540	270	61	154	94	177	79	1	247
PCNX1	510	356	76	213	123	309	92	1	349
PCNX2	560	365	62	194	117	255	74	0	254
PCNX3	286	135	34	111	52	81	67	0	115
PCNX4	219	203	30	93	55	130	42	0	187
PCNX4-DT	10	8	1	4	7	14	3	0	6
PCOLCE	35	54	12	14	12	32	14	0	66
PCOLCE-AS1	10	7	4	3	1	7	2	0	8
PCOLCE2	103	52	14	22	19	44	14	1	34
PCOTH	5	2	0	1	0	3	0	0	1
PCP2	0	1	0	2	0	0	1	0	0
PCP4	7	3	0	2	0	2	2	0	1
PCP4L1	2	1	0	0	0	0	1	0	0
PCSK1	26	30	5	12	4	19	5	0	27
PCSK1N	0	0	0	1	0	0	0	0	0
PCSK2	19	38	4	13	1	16	9	0	27
PCSK4	2	3	0	0	2	0	1	0	4
PCSK5	43	30	3	19	5	8	8	0	12
PCSK6	58	32	4	21	12	25	12	0	25
PCSK7	87	46	8	27	10	24	10	0	41
PCSK9	523	466	84	198	132	236	145	0	315
PCTP	26	27	3	6	9	7	6	0	13
PCYOX1	113	100	16	45	28	55	27	0	75
PCYOX1L	7	11	0	3	0	5	2	0	7
PCYT1A	127	101	14	58	37	50	25	0	77
PCYT1B	2	6	2	1	1	2	0	0	2
PCYT1B-AS1	1	0	0	0	0	0	0	0	1
PCYT2	30	21	7	10	6	13	7	0	19
PDAP1	267	144	22	102	57	71	39	1	110
PDC	1	0	0	1	0	0	0	0	0
PDC-AS1	26	21	1	16	12	15	7	0	34
PDCD10	251	170	39	104	46	139	35	0	199
PDCD11	253	167	29	100	54	98	41	0	115
PDCD1LG2	17	6	0	1	0	4	1	0	6
PDCD2	76	62	11	24	25	28	9	0	37
PDCD2L	32	20	4	7	2	11	5	0	23
PDCD4	295	232	42	130	77	203	76	0	273
PDCD4-AS1	5	13	2	6	4	6	1	0	9
PDCD5	134	57	7	50	22	62	16	1	48
PDCD5P1	0	1	0	1	0	0	0	0	0
PDCD6	60	59	9	22	15	22	10	0	39
PDCD6-AHRR	1417	1073	170	461	346	581	280	4	770
PDCD6-DT	5	4	0	1	0	3	0	0	3
PDCD6IP	379	247	42	170	65	200	64	0	297
PDCD6IP-DT	10	5	2	2	0	3	2	0	2
PDCD6IPP1	1	0	0	2	0	1	0	0	0
PDCD7	54	26	6	24	7	18	16	0	22
PDCL	72	44	7	23	18	47	19	0	39
PDCL2	3	1	0	3	1	0	2	0	1
PDCL3	36	23	0	17	3	6	2	0	5
PDCL3P3	0	0	0	0	0	1	0	0	0
PDCL3P4	5	8	3	1	1	5	1	0	7
PDCL3P6	0	1	0	0	0	0	0	0	0
PDE10A	11764	12574	2405	5714	4292	8989	3783	23	12834
PDE11A	17	16	0	7	3	6	6	0	17
PDE11A-AS1	0	0	0	0	0	0	0	0	1
PDE12	87	48	8	34	17	45	8	1	43
PDE1A	1139	1362	314	613	478	1261	439	4	1829
PDE1B	0	1	1	1	0	1	0	0	2
PDE1C	97	157	16	41	49	90	41	1	173
PDE2A	190	50	10	54	15	39	16	0	28
PDE2A-AS1	1	0	0	1	1	0	0	0	0
PDE2A-AS2	3	3	0	2	0	0	0	0	1
PDE3A	10444	7132	1531	4518	2550	6688	1978	20	8388
PDE3A-AS1	14	4	2	1	8	8	3	0	15
PDE3B	757	758	164	408	250	712	255	3	972
PDE4A	57	55	10	29	11	28	9	0	43
PDE4B	2147	2067	493	987	752	1886	610	2	2458
PDE4D	18231	16944	3353	8274	6197	14168	4436	48	18512
PDE4DIP	26	18	2	18	7	10	5	0	16
PDE4DIPP2	10	6	4	6	4	8	1	0	4
PDE4DIPP4	72	60	7	51	18	37	20	0	41
PDE5A	30	14	3	11	5	12	4	0	9
PDE6A	5	5	0	3	0	1	0	0	0
PDE6B	4	1	1	2	1	0	1	0	0
PDE6B-AS1	0	0	0	0	1	0	1	0	0
PDE6C	0	2	0	0	0	0	0	0	0
PDE6D	72	62	6	25	13	35	23	0	56
PDE6G	4	1	0	0	0	0	0	0	1
PDE7A	270	187	36	112	59	156	42	0	253
PDE7A-DT	2	0	0	0	0	0	0	0	0
PDE7B	1337	1412	300	600	430	1200	324	4	1869
PDE8A	741	497	110	300	178	402	118	1	458
PDE8B	21	23	3	11	3	12	6	0	19
PDE9A	25	7	2	5	3	2	4	0	4
PDF	7	4	1	1	0	3	2	0	3
PDGFA	33	16	2	11	9	9	5	0	12
PDGFA-DT	5	1	0	0	1	2	4	0	1
PDGFB	5	2	1	0	1	0	0	0	2
PDGFC	212	100	27	88	35	90	30	1	90
PDGFD	59	35	5	21	18	26	8	0	33
PDGFRA	0	0	1	0	0	0	0	0	0
PDGFRB	18	15	3	10	6	15	4	0	25
PDGFRL	27	21	8	11	4	12	8	0	16
PDHA1	198	113	26	60	38	70	28	0	98
PDHB	123	79	11	59	29	45	26	0	59
PDHX	242	150	36	110	65	118	33	1	161
PDIA2	1	0	0	0	0	0	0	0	0
PDIA3	699	424	60	242	143	227	110	1	300
PDIA3P1	15	3	1	3	3	2	2	0	3
PDIA4	356	193	38	110	70	88	45	0	155
PDIA5	456	273	54	168	91	174	56	1	167
PDIA6	457	279	47	162	97	182	79	1	240
PDIK1L	16	9	7	12	2	9	2	0	12
PDILT	7	1	0	3	0	0	1	0	0
PDK1	172	145	20	60	44	87	18	0	105
PDK1-AS1	25	21	3	13	7	12	1	0	11
PDK2	15	16	3	7	4	5	2	0	5
PDK3	65	67	15	29	17	57	14	0	44
PDK4	387	503	86	249	163	343	147	0	491
PDK4-AS1	5	10	1	4	4	3	3	0	7
PDLIM1	72	50	14	36	13	34	13	0	36
PDLIM1P1	1	0	0	0	0	0	0	0	0
PDLIM2	15	7	2	4	5	5	7	0	4
PDLIM3	8	11	1	2	2	4	3	0	11
PDLIM4	1	0	0	0	0	0	0	0	0
PDLIM5	2013	1642	339	920	579	1529	337	0	2138
PDLIM7	497	360	57	172	125	159	78	0	207
PDLIM7-AS1	20	2	2	5	0	3	1	0	2
PDP1	41	23	2	15	6	14	4	0	24
PDP2	23	16	1	16	11	16	4	0	15
PDPK1	127	71	13	31	16	47	22	0	51
PDPN	3	2	1	1	0	1	0	0	1
PDPR	110	68	20	41	18	47	16	1	64
PDPR2P	3	3	0	4	1	2	1	0	4
PDRG1	46	23	1	11	7	8	4	0	17
PDS5A	829	456	105	363	185	408	119	1	455
PDS5B	743	534	72	261	152	359	129	0	443
PDSS1	129	107	19	49	38	52	24	0	56
PDSS1P1	0	0	0	0	1	0	0	0	0
PDSS2	328	244	42	135	81	194	55	0	270
PDX1	3	4	0	1	2	1	0	0	0
PDXDC1	277	187	29	102	70	94	62	1	213
PDXDC2P-NPIPB14P	79	70	13	30	22	50	17	0	72
PDXK	548	259	50	161	98	139	74	0	179
PDXP	5	1	1	5	1	0	0	0	0
PDXP-DT	2	0	0	3	1	2	1	0	0
PDYN	2	0	0	0	0	0	0	0	0
PDYN-AS1	9	1	1	1	0	2	0	0	1
PDZD11	27	18	4	12	9	9	7	0	13
PDZD2	128	73	16	52	21	42	11	1	29
PDZD4	2	0	0	0	0	0	1	0	1
PDZD7	6	2	1	1	2	1	0	0	3
PDZD8	287	167	33	113	54	116	51	0	196
PDZD9	0	1	0	0	2	0	0	0	0
PDZK1	2	4	0	2	1	2	0	0	2
PDZK1IP1	2	0	0	0	0	1	0	0	0
PDZPH1P	0	1	0	2	0	2	1	0	0
PDZRN3	6	6	0	0	1	4	3	0	6
PDZRN4	8	7	1	3	1	4	3	0	3
PEA15	151	50	7	48	14	32	14	0	39
PEAK1	598	409	84	253	150	349	96	0	477
PEAK3	0	1	0	0	0	0	0	0	0
PEAR1	14	4	1	0	2	4	0	0	9
PEBP1	151	99	22	73	33	51	30	1	59
PEBP1P2	1	0	0	1	0	0	0	0	0
PEBP4	22	13	3	7	4	0	5	0	8
PECAM1	3	5	0	1	0	3	1	0	4
PECR	29	20	9	11	11	11	5	0	13
PEDS1	62	42	7	23	14	30	10	0	36
PEDS1-UBE2V1	362	241	51	124	99	157	48	0	238
PEF1	96	34	13	30	19	32	13	0	30
PEF1-AS1	19	17	5	14	3	8	6	0	15
PEG10	619	529	106	317	170	413	175	0	656
PEG13	6	4	2	1	5	6	2	0	4
PEG3	1	0	0	1	0	0	0	0	0
PELATON	4	1	0	2	1	1	0	0	5
PELI1	57	45	10	20	8	25	6	0	38
PELI2	347	279	48	131	109	200	112	0	358
PELI3	9	10	0	3	4	4	1	0	9
PELO	62	27	4	26	9	18	6	0	24
PELO-AS1	13	9	2	4	6	14	1	0	11
PELP1	290	124	37	98	47	95	40	1	112
PELP1-DT	8	2	2	0	0	1	1	0	1
PEMT	144	91	19	57	25	26	24	0	43
PENK-AS1	5	4	0	4	2	2	1	0	2
PEPD	283	200	37	104	66	100	43	0	143
PER1	274	134	22	85	41	78	58	0	95
PER2	105	68	13	30	22	33	18	0	47
PER3	100	53	15	32	27	33	22	1	62
PERCC1	2	0	0	0	0	0	0	0	1
PERM1	4	1	0	0	0	0	1	0	0
PERP	439	276	44	221	100	212	66	2	228
PES1	187	86	19	61	43	55	27	0	66
PES1P1	1	1	1	0	0	0	0	0	0
PET100	4	6	0	3	1	0	1	0	4
PET117	12	9	1	4	5	1	1	0	3
PEX1	45	23	3	20	14	21	8	0	22
PEX10	35	25	5	9	4	13	5	0	16
PEX11A	7	3	1	4	3	3	2	0	9
PEX11B	8	6	1	5	6	5	3	0	10
PEX11G	3	5	0	3	0	1	0	0	0
PEX12	11	9	3	3	4	7	1	0	4
PEX13	48	48	8	23	19	34	12	0	62
PEX14	355	240	47	155	74	164	75	3	215
PEX16	51	27	7	9	7	9	8	0	24
PEX19	41	24	4	24	10	9	7	0	25
PEX2	49	35	7	16	11	29	10	0	35
PEX26	103	74	15	48	20	49	9	0	67
PEX3	56	41	10	34	10	29	10	0	30
PEX5	51	27	6	39	13	16	9	0	25
PEX5L	4	10	2	0	1	3	2	0	1
PEX5L-AS1	0	1	0	0	0	0	0	0	0
PEX5L-AS2	0	0	0	1	0	0	0	0	1
PEX6	40	41	8	22	20	19	11	0	31
PEX7	71	33	6	38	15	45	22	0	36
PFAS	317	140	30	115	40	95	59	2	100
PFDN1	143	101	18	64	40	77	23	0	99
PFDN2	135	75	12	68	25	45	13	0	54
PFDN4	82	55	3	31	20	31	13	0	45
PFDN5	97	70	10	42	15	38	11	0	45
PFDN6	63	37	6	22	11	21	5	0	28
PFKFB1	3	6	1	1	2	2	0	0	6
PFKFB2	89	64	11	44	18	34	18	1	42
PFKFB3	525	465	74	221	147	237	98	3	390
PFKFB4	163	138	12	46	51	43	12	0	74
PFKL	96	58	8	30	26	40	22	1	49
PFKM	234	154	26	94	52	87	49	2	121
PFKP	907	496	102	289	172	256	139	0	356
PFKP-DT	2	0	0	0	0	0	0	0	0
PFN1	1138	547	136	488	146	383	157	0	434
PFN1P1	3	1	0	0	0	0	0	0	1
PFN1P11	2	0	0	0	0	0	0	0	1
PFN1P12	0	0	0	0	2	0	0	0	0
PFN1P9	2	0	0	0	0	0	0	0	0
PFN2	177	101	23	72	34	81	35	0	86
PFN2-AS1	0	1	0	0	1	0	0	0	1
PFN3	1	0	0	0	0	0	0	0	0
PFN4	1	2	0	0	1	1	0	0	3
PGAM1	72	33	8	35	11	35	15	0	39
PGAM1P10	1	0	0	0	0	0	0	0	0
PGAM1P11	2	1	0	0	0	1	0	0	1
PGAM1P2	0	0	0	1	0	0	0	0	0
PGAM1P5	38	50	1	35	15	72	3	0	55
PGAM1P6	2	0	0	0	1	0	0	0	0
PGAM1P7	0	1	0	0	1	0	0	0	2
PGAM1P8	1	0	0	0	0	0	0	0	0
PGAM2	0	2	0	0	2	0	1	0	0
PGAM4	0	0	0	0	0	0	0	0	1
PGAM5	109	64	14	60	30	37	20	0	52
PGAP1	190	107	27	64	55	114	28	1	112
PGAP2	60	49	11	30	10	27	19	0	42
PGAP3	19	11	3	4	4	10	8	0	7
PGAP4	56	49	5	19	13	21	3	0	28
PGAP6	44	24	9	17	12	18	10	0	23
PGBD1	28	24	2	10	8	18	3	0	16
PGBD2	24	8	7	8	5	10	2	0	20
PGBD4	94	66	11	62	24	62	26	0	61
PGBD4P3	0	0	0	0	0	1	0	0	0
PGBD5	18	3	0	6	0	1	0	0	5
PGBP	0	0	0	0	0	0	0	0	1
PGC	0	1	0	0	0	0	0	0	0
PGD	234	198	34	126	44	110	51	0	148
PGDP1	0	2	0	0	0	0	0	0	0
PGF	6	3	3	4	0	2	1	0	2
PGGHG	30	20	3	11	11	13	10	0	15
PGGT1B	144	114	22	54	32	88	23	0	128
PGK1	828	493	98	330	158	272	122	1	358
PGK1P1	1	1	0	1	0	0	0	0	2
PGK1P2	1	3	0	0	0	0	0	0	1
PGLS	43	23	7	14	4	20	6	0	12
PGLS-DT	41	28	3	15	6	9	2	0	18
PGLYRP2	2	0	0	0	1	0	0	0	2
PGLYRP3	7	1	0	1	0	0	1	0	1
PGLYRP4	1	0	0	0	0	0	0	0	0
PGM1	98	70	10	44	23	54	21	0	54
PGM2	71	45	7	33	19	40	15	0	36
PGM2L1	123	111	21	52	28	68	18	0	78
PGM3	131	73	11	38	17	64	14	0	88
PGM5	6	2	0	5	2	4	0	0	1
PGM5P2	8	3	0	3	6	1	1	0	4
PGM5P3-AS1	3	0	0	0	0	0	0	0	0
PGP	63	57	13	31	13	23	18	0	35
PGPEP1	25	30	2	18	9	12	2	0	22
PGR	2	2	0	1	2	0	1	0	1
PGR-AS1	3	1	0	1	1	3	0	0	2
PGRMC1	120	88	22	66	36	76	17	0	61
PGRMC2	234	141	28	110	65	112	59	0	142
PGS1	231	189	29	97	61	96	30	0	138
PHACTR1	24	22	3	15	7	8	4	0	5
PHACTR2	441	235	51	180	84	179	56	0	223
PHACTR2P1	2	1	0	0	0	0	0	0	0
PHACTR3	23	3	0	4	2	7	2	0	4
PHACTR4	412	288	59	172	114	242	84	0	279
PHAF1	57	47	8	28	14	28	11	0	46
PHAX	108	61	10	41	20	54	17	0	50
PHB1	154	81	19	66	30	56	22	0	61
PHB1P10	1	0	0	0	0	0	0	0	0
PHB1P11	0	0	0	0	0	1	0	0	0
PHB1P13	0	0	0	0	1	0	0	0	1
PHB1P19	13	6	0	1	2	3	1	0	2
PHB1P2	1	1	0	1	0	0	2	0	0
PHB1P21	1	0	0	0	0	0	1	0	0
PHB1P4	0	0	1	0	0	0	1	0	0
PHB2	192	151	27	89	36	47	44	0	83
PHC1	16	8	1	5	2	6	2	0	10
PHC1P1	1	0	1	1	0	0	0	0	0
PHC2	184	105	24	63	38	62	21	0	58
PHC2-AS1	16	16	3	5	6	8	3	0	9
PHC3	309	240	35	150	65	217	48	1	286
PHETA1	13	6	1	3	1	5	3	0	2
PHETA2	42	27	3	17	5	10	9	0	20
PHEX	47	22	5	17	7	19	1	0	14
PHEX-AS1	1	0	0	0	0	0	0	0	0
PHF1	41	20	6	7	9	9	8	0	16
PHF10	170	96	19	61	42	90	14	0	88
PHF11	28	13	2	8	8	13	8	0	11
PHF12	194	128	28	78	57	83	42	1	156
PHF13	33	13	4	15	10	18	10	0	16
PHF14	742	581	111	351	183	583	117	2	711
PHF19	242	136	35	93	41	86	32	1	99
PHF2	204	150	20	73	40	60	33	0	93
PHF20	583	381	72	234	128	236	114	0	367
PHF20L1	263	205	37	101	53	160	38	0	235
PHF21A	296	303	67	141	88	267	107	1	273
PHF21B	13	4	1	2	4	3	0	0	3
PHF23	89	36	8	30	15	12	9	0	35
PHF24	3	1	1	1	0	0	0	0	1
PHF2P2	5	1	0	0	1	1	0	0	1
PHF3	459	331	65	216	117	336	86	0	450
PHF5A	109	66	13	48	15	39	15	0	43
PHF5GP	0	1	0	0	0	0	0	0	0
PHF6	176	92	26	63	42	65	25	1	102
PHF7	14	11	2	3	3	10	2	0	11
PHF8	129	83	21	62	24	73	25	1	121
PHGDH	446	298	49	151	106	157	67	0	351
PHGR1	1	1	0	0	0	0	0	0	0
PHIP	651	429	69	267	169	444	119	3	452
PHKA1	143	77	12	43	24	58	15	0	67
PHKA1-AS1	4	5	1	8	2	1	3	0	2
PHKA1P1	1	2	0	0	0	0	0	0	0
PHKA2	116	63	16	47	23	50	31	0	58
PHKA2-AS1	1	1	1	0	0	2	0	0	2
PHKB	555	276	55	167	109	211	86	0	253
PHKG1	9	5	2	1	0	0	0	0	0
PHKG2	71	57	7	24	11	14	11	0	30
PHLDA1	197	88	23	71	38	61	8	0	52
PHLDA1-DT	2	0	0	1	1	1	0	0	0
PHLDA2	163	53	10	69	22	26	11	0	22
PHLDA3	32	18	5	9	6	6	5	0	16
PHLDB1	116	57	10	37	26	41	20	0	58
PHLDB2	1057	846	166	462	279	696	196	3	1113
PHLDB3	32	25	6	13	12	19	6	1	14
PHLPP1	252	174	33	96	56	118	43	0	200
PHLPP2	86	54	9	29	16	30	11	0	55
PHOSPHO1	4	0	0	1	1	0	1	0	2
PHOSPHO2	2	4	1	2	2	4	0	0	3
PHOX2A	2	0	0	1	0	0	0	0	0
PHOX2B	1	0	0	0	0	0	0	0	0
PHOX2B-AS1	3	1	0	2	0	0	1	0	1
PHPT1	73	63	6	36	9	18	26	0	44
PHRF1	150	81	16	56	33	45	24	0	54
PHTF1	103	82	21	43	23	64	19	0	95
PHTF2	209	179	30	139	62	120	33	0	209
PHYH	18	13	2	7	0	7	0	0	8
PHYHD1	7	5	0	5	3	3	2	0	3
PHYHIP	4	4	0	4	1	1	1	0	2
PHYHIPL	0	1	0	1	0	1	0	0	1
PHYKPL	238	171	43	94	63	99	59	1	141
PI15	44	74	13	20	25	73	34	1	133
PI16	2	0	0	0	0	1	0	0	2
PI3	2	0	0	0	0	1	0	0	0
PI4K2A	20	15	6	6	4	8	2	0	13
PI4K2B	79	42	10	40	17	41	15	0	53
PI4KA	257	160	34	86	42	134	50	0	176
PI4KAP1	4	3	1	2	0	0	0	0	2
PI4KAP2	8	7	1	5	1	3	1	0	8
PI4KB	128	99	9	56	31	60	26	0	109
PIAS1	357	255	46	151	83	210	72	2	305
PIAS2	252	197	33	115	43	132	34	1	161
PIAS3	39	31	4	30	15	24	6	0	33
PIAS4	72	45	10	30	18	24	23	0	33
PIBF1	483	398	63	213	138	350	103	1	465
PICALM	816	521	93	349	200	511	106	0	683
PICART1	1	1	1	2	0	1	0	0	0
PICK1	41	30	8	14	7	13	8	0	28
PICSAR	49	24	10	17	10	21	13	0	14
PID1	2379	908	136	688	334	489	254	1	501
PIDD1	15	18	2	6	8	5	12	0	14
PIERCE1	11	3	0	8	3	3	0	0	2
PIERCE2	7	3	2	7	2	6	0	0	5
PIEZO1	768	348	77	297	132	199	127	1	270
PIEZO1P2	1	0	0	0	0	0	0	0	0
PIEZO2	1580	1156	238	659	419	874	436	3	1315
PIF1	55	46	6	22	16	26	14	0	35
PIGA	32	29	6	21	4	18	4	0	18
PIGAP1	2	1	0	0	0	4	0	0	4
PIGB	83	69	8	25	21	54	23	0	45
PIGBOS1	10	6	0	4	6	2	3	0	5
PIGC	28	18	3	11	7	7	10	0	23
PIGCP1	1	1	0	1	0	0	0	0	0
PIGF	41	31	3	15	5	22	2	0	25
PIGG	170	141	17	64	45	77	44	0	86
PIGH	18	13	1	4	5	4	1	0	11
PIGK	201	159	21	108	76	129	31	0	146
PIGL	205	133	29	103	44	114	27	0	161
PIGM	37	25	5	16	9	17	7	0	19
PIGN	169	108	25	82	51	107	32	0	106
PIGO	132	89	21	46	50	43	23	0	77
PIGO-AS1	3	0	0	1	1	0	0	0	0
PIGP	22	16	3	4	3	10	4	0	12
PIGQ	62	46	12	23	8	19	18	0	24
PIGR	0	1	0	1	1	0	0	0	0
PIGS	60	46	10	41	19	34	15	0	49
PIGT	137	93	16	57	30	58	24	0	77
PIGU	140	105	15	45	43	89	31	0	71
PIGV	15	15	3	7	5	10	3	0	14
PIGW	54	37	10	30	9	23	11	0	32
PIGX	31	22	6	18	3	17	3	1	17
PIGY	14	4	2	2	1	1	1	0	0
PIGZ	11	6	1	3	3	3	1	0	2
PIH1D1	76	41	17	29	13	32	10	0	43
PIH1D2	3	2	0	2	0	0	1	0	1
PIK3AP1	17	3	0	4	1	4	1	0	4
PIK3C2A	289	224	30	141	71	172	59	0	218
PIK3C2B	221	163	31	106	49	92	59	0	152
PIK3C2G	13	3	2	7	0	2	5	0	3
PIK3C3	203	123	21	73	49	93	34	0	148
PIK3CA	122	115	25	69	35	97	23	1	132
PIK3CA-DT	5	1	0	2	3	0	1	0	1
PIK3CB	212	137	21	101	32	102	30	0	109
PIK3CD	11	5	1	2	2	2	2	0	5
PIK3CD-AS2	3	1	0	1	1	3	0	0	1
PIK3CDP1	0	1	1	0	0	0	1	0	0
PIK3CG	4	3	0	0	1	0	0	0	1
PIK3IP1	5	1	0	4	2	2	1	0	2
PIK3IP1-DT	2	4	0	1	2	5	1	0	9
PIK3R1	74	66	10	31	19	38	13	0	65
PIK3R3	66	48	11	25	24	25	16	0	47
PIK3R4	196	124	27	72	52	109	28	0	129
PIK3R5	4	0	0	1	0	1	2	0	1
PIK3R6	4	2	0	0	0	0	2	0	0
PIKFYVE	303	227	47	127	70	170	63	1	225
PILRA	25	31	4	10	9	17	12	0	18
PILRB	72	59	13	28	23	30	22	1	37
PIM1	60	12	3	16	8	11	6	0	22
PIM2	25	16	6	16	6	7	4	1	13
PIM3	216	86	20	54	28	40	20	0	49
PIMREG	25	19	3	9	3	10	3	0	12
PIN1	42	28	7	21	13	15	7	0	31
PIN1-DT	1	0	0	0	0	0	0	0	0
PIN1P1	0	2	0	0	0	0	0	0	0
PIN4	67	68	4	32	24	41	16	0	71
PIN4P1	0	1	0	0	0	0	0	0	1
PINCR	4	1	0	2	0	1	0	0	2
PINK1	40	15	2	19	3	12	9	0	18
PINK1-AS	13	4	0	0	1	2	0	0	11
PINLYP	2	3	1	0	0	0	0	0	3
PINX1	250	102	18	83	45	83	46	0	84
PINX1-DT	1	1	0	0	0	1	0	0	0
PIP	0	0	0	1	1	1	0	0	0
PIP4K2A	434	304	74	191	94	217	103	1	290
PIP4K2B	133	112	21	76	49	61	21	0	100
PIP4K2C	39	22	7	12	6	15	7	0	16
PIP4P1	28	16	6	12	5	4	5	0	10
PIP4P2	30	15	3	3	2	7	6	0	9
PIP5K1A	426	291	56	185	81	210	69	2	300
PIP5K1B	49	53	9	23	19	34	18	0	45
PIP5K1C	171	180	26	73	68	87	55	0	162
PIP5K1P1	0	0	0	0	0	0	0	0	1
PIP5K1P2	0	0	0	0	0	0	1	0	0
PIP5KL1	22	15	8	7	4	4	0	0	16
PIPOX	15	18	2	3	5	8	5	0	11
PIPSL	1	1	0	0	0	1	0	0	0
PIR	249	209	49	119	94	191	71	1	287
PISD	173	83	18	51	21	44	22	0	49
PITHD1	88	44	12	36	17	36	8	0	46
PITPNA	209	173	15	100	56	69	50	1	120
PITPNA-AS1	12	6	0	5	1	4	0	0	6
PITPNB	440	316	52	194	99	237	69	3	346
PITPNC1	2863	2306	433	1210	773	1582	349	1	1707
PITPNM1	154	95	18	63	31	51	15	0	59
PITPNM2	167	93	20	45	41	67	37	0	61
PITPNM3	80	46	8	39	28	25	14	0	36
PITRM1	209	100	12	64	37	64	31	2	95
PITRM1-AS1	5	7	1	2	3	3	1	0	7
PITX1	187	93	39	93	35	67	45	0	129
PITX1-AS1	350	354	72	132	108	186	114	1	301
PITX2	9	8	1	8	3	5	1	0	7
PITX3	5	0	0	1	0	0	1	0	0
PIWIL1	1	1	0	0	0	0	0	0	2
PIWIL2	5	2	0	1	2	2	2	0	3
PIWIL2-DT	1	0	0	0	0	0	0	0	0
PIWIL3	5	1	1	0	0	0	1	0	1
PIWIL4	34	15	3	12	7	12	6	0	11
PIWIL4-AS1	8	3	0	1	0	0	2	0	0
PJA1	9	11	1	6	2	4	3	0	4
PJA2	241	205	22	112	60	156	40	0	218
PJVK	13	7	1	3	1	10	3	0	3
PKD1	355	188	46	110	61	98	65	0	150
PKD1-AS1	1	3	1	0	1	1	0	0	2
PKD1L1	11	4	1	4	2	3	1	0	6
PKD1L1-AS1	1	0	0	0	0	0	0	0	0
PKD1L2	4	1	1	2	1	0	2	0	3
PKD1L3	9	0	0	0	0	4	0	0	0
PKD1P1	17	9	1	2	0	1	2	0	2
PKD1P2	4	0	0	0	0	1	1	0	0
PKD1P3	47	26	1	17	6	9	12	1	19
PKD1P4	4	3	1	2	0	1	0	0	1
PKD1P5	2	0	0	2	2	0	0	0	3
PKD1P6	60	28	5	17	6	11	5	0	26
PKD1P6-NPIPP1	16	6	1	4	4	6	2	0	5
PKD2	133	77	14	46	24	66	20	0	90
PKD2L1	3	1	0	1	0	0	0	0	0
PKD2L2	3	1	0	0	1	2	2	0	2
PKD2L2-DT	31	35	6	13	9	20	7	0	32
PKDCC	93	50	7	33	24	26	19	0	48
PKHD1	13	4	3	4	1	7	6	0	5
PKHD1L1	8	2	1	2	0	2	0	0	2
PKIA	42	30	4	25	10	22	2	0	23
PKIA-AS1	11	5	0	3	0	8	1	0	2
PKIB	43	31	4	12	12	13	7	0	26
PKIG	13	11	4	7	2	3	2	0	9
PKLR	1	1	0	0	0	0	0	0	0
PKM	2603	1451	273	1022	469	876	387	4	1071
PKMP1	6	5	0	2	0	1	1	0	0
PKMP2	0	1	0	1	0	0	0	0	0
PKMP3	0	1	0	0	0	1	0	0	1
PKMP4	0	2	0	0	0	0	0	0	1
PKMP5	0	0	0	0	0	0	0	0	1
PKMYT1	142	77	20	31	25	24	13	0	45
PKN1	82	39	11	37	16	31	9	0	47
PKN2	596	429	62	242	167	366	139	1	452
PKN2-AS1	51	35	2	25	12	17	11	0	27
PKN3	176	103	26	60	43	43	31	1	78
PKNOX1	121	104	28	43	40	76	25	0	107
PKNOX2	12	12	1	14	6	0	3	0	9
PKP1	14	8	0	1	5	6	1	0	5
PKP2	20	12	6	5	0	9	4	0	7
PKP3	29	8	2	7	1	6	3	0	11
PKP4	777	519	92	294	172	386	121	2	469
PKP4-AS1	1	1	0	3	0	0	1	0	2
PLA1A	2	2	0	1	0	0	0	0	0
PLA2G10	0	0	1	0	0	0	0	0	0
PLA2G12A	31	16	1	11	8	13	6	0	21
PLA2G12AP1	0	0	0	0	1	0	0	0	2
PLA2G12B	0	0	0	1	0	0	0	0	0
PLA2G15	29	20	2	3	4	8	10	0	11
PLA2G2A	1	0	0	0	0	0	0	0	0
PLA2G2C	1	1	0	2	2	0	0	0	2
PLA2G2D	0	0	0	0	0	0	1	0	0
PLA2G2F	0	0	0	2	0	1	0	0	0
PLA2G3	5	2	0	2	2	1	2	0	4
PLA2G4A	651	530	112	282	204	448	167	3	422
PLA2G4B	2	0	0	1	0	0	0	0	0
PLA2G4C	11	7	1	5	1	3	3	0	7
PLA2G4D	1	1	0	0	0	0	0	0	1
PLA2G4E	6	6	0	4	1	4	0	0	2
PLA2G4E-AS1	2	1	0	1	1	1	0	0	0
PLA2G4F	2	0	0	0	1	0	0	0	0
PLA2G5	5	1	0	1	1	0	1	0	1
PLA2G6	29	30	5	10	8	14	10	0	29
PLA2G7	2	0	0	0	0	0	0	0	0
PLA2R1	207	161	33	75	51	113	28	1	101
PLAA	292	183	43	134	65	162	42	0	182
PLAAT1	6	1	1	0	1	1	0	0	1
PLAAT3	5	0	0	5	0	1	1	0	2
PLAAT4	1	0	0	1	0	0	0	0	0
PLAAT5	0	0	0	0	0	0	2	0	0
PLAC1	21	12	4	9	3	11	4	0	14
PLAC4	0	0	0	1	0	0	0	0	0
PLAC8	10	2	1	3	3	3	2	0	4
PLAC8L1	16	13	8	5	7	13	4	1	14
PLAC9	1	0	0	0	0	0	0	0	0
PLAC9P1	5	1	0	1	1	0	0	0	1
PLAG1	6	9	3	3	2	11	0	0	6
PLAGL1	530	388	49	217	132	303	81	1	333
PLAGL2	70	51	8	35	20	35	8	0	29
PLAT	3	3	1	2	3	2	0	0	3
PLAU	5	1	1	0	1	1	0	0	0
PLAUR	134	82	14	41	38	49	16	0	58
PLB1	13	6	0	3	0	2	2	0	6
PLBD1	13	12	1	2	3	1	1	0	3
PLBD1-AS1	1	2	0	1	0	1	1	0	2
PLBD2	104	78	14	61	21	57	16	0	82
PLCB1	1505	1226	233	659	461	935	296	4	1259
PLCB1-IT1	4	4	0	1	0	2	0	0	0
PLCB2	1	2	0	1	1	2	0	0	2
PLCB3	122	62	12	46	32	44	19	0	55
PLCB4	578	405	83	225	157	293	121	1	385
PLCD1	12	5	1	4	5	5	2	0	4
PLCD3	161	91	17	69	25	59	26	0	73
PLCD4	1	1	0	1	0	1	3	0	4
PLCE1	129	63	12	52	27	37	25	0	50
PLCE1-AS1	0	0	0	1	0	1	0	0	0
PLCE1-AS2	1	1	0	0	0	0	0	0	3
PLCG1	158	93	17	52	24	35	19	0	63
PLCG1-AS1	8	7	1	3	0	4	0	0	7
PLCG2	16	7	0	3	2	2	1	0	2
PLCH1	24	13	2	10	9	5	6	0	11
PLCH1-AS1	0	0	0	0	1	0	0	0	0
PLCH2	142	7	0	3	3	2	0	0	30
PLCL1	104	56	8	48	22	43	28	1	74
PLCL2	218	170	40	89	68	155	40	0	138
PLCXD1	30	23	9	19	9	25	12	0	27
PLCXD2	106	25	4	26	4	18	7	1	22
PLCXD3	133	232	39	65	87	222	74	1	357
PLCZ1	3	2	1	5	1	0	2	0	1
PLD1	201	295	60	123	90	289	75	4	385
PLD2	34	10	2	10	4	11	8	0	18
PLD3	143	119	27	48	29	65	36	1	88
PLD4	1	2	0	0	0	1	0	0	0
PLD5	17	11	1	4	2	5	2	0	4
PLD5P1	38	33	7	24	10	35	7	0	34
PLD6	22	11	2	9	4	3	1	0	3
PLEC	4610	1469	382	1186	520	803	524	3	1113
PLEK2	16	4	0	12	1	4	1	0	6
PLEKHA1	182	130	16	62	47	90	29	0	137
PLEKHA2	480	284	51	229	91	248	83	1	291
PLEKHA3	91	63	16	43	21	52	14	0	61
PLEKHA4	17	5	1	3	0	4	2	1	5
PLEKHA5	1342	982	224	581	388	969	226	2	1098
PLEKHA6	117	85	12	54	22	33	19	0	39
PLEKHA7	93	42	2	29	11	29	16	0	28
PLEKHA8	133	89	15	52	27	61	25	0	63
PLEKHA8P1	37	18	8	14	7	13	2	0	37
PLEKHB1	4	2	0	0	2	0	0	0	0
PLEKHB2	186	120	14	75	31	82	20	0	80
PLEKHD1	4	0	0	1	0	2	0	0	2
PLEKHF1	11	5	1	2	3	3	2	0	3
PLEKHF2	58	23	3	14	10	25	4	0	23
PLEKHG1	141	157	36	75	36	98	32	2	105
PLEKHG2	113	87	16	53	30	47	21	0	59
PLEKHG3	147	97	15	52	27	44	21	0	76
PLEKHG4	89	39	7	25	17	22	13	0	37
PLEKHG4B	1	8	1	1	2	0	1	0	5
PLEKHG5	53	22	2	7	10	11	6	0	17
PLEKHG6	3	1	0	0	0	1	0	0	0
PLEKHG7	17	2	0	2	0	1	0	0	1
PLEKHH1	35	46	12	12	14	36	15	0	38
PLEKHH2	19	30	3	6	9	11	2	0	13
PLEKHH3	54	43	13	15	6	19	15	0	30
PLEKHJ1	36	27	0	9	8	10	10	0	16
PLEKHM1	59	43	6	25	11	29	9	0	41
PLEKHM2	174	77	17	50	21	41	24	0	60
PLEKHM3	199	164	31	70	55	119	50	2	164
PLEKHN1	12	9	0	5	2	6	3	0	2
PLEKHO1	13	6	0	1	2	7	1	0	5
PLEKHO2	11	14	1	8	2	6	3	0	7
PLEKHS1	1	2	1	0	1	0	0	0	2
PLG	2	1	0	1	0	3	1	0	1
PLGLB1	0	0	0	0	0	0	1	0	1
PLGRKT	72	50	11	28	28	37	8	0	48
PLIN1	1	0	0	0	0	0	1	0	2
PLIN2	28	13	2	10	8	6	5	0	7
PLIN3	79	43	8	32	20	27	17	0	34
PLIN4	3	0	0	0	0	0	0	0	1
PLIN5	4	1	1	2	1	0	1	0	0
PLK1	279	158	41	124	51	86	44	0	129
PLK2	328	106	19	95	41	52	18	0	59
PLK3	87	28	5	16	8	7	4	0	7
PLK4	113	73	13	44	24	63	11	0	73
PLK5	5	3	0	1	0	0	0	0	3
PLLP	1	6	2	2	0	2	1	0	1
PLOD1	339	267	50	115	74	122	69	0	221
PLOD2	913	574	100	339	234	459	112	2	519
PLOD3	181	79	21	53	33	46	32	0	56
PLP2	209	111	16	87	32	66	22	1	88
PLPBP	34	25	8	15	6	16	7	0	19
PLPP1	164	99	27	64	45	97	23	1	89
PLPP2	58	40	9	31	8	26	12	0	32
PLPP3	66	39	4	30	14	19	5	0	22
PLPP4	14	2	1	5	2	1	2	0	4
PLPP5	39	22	6	14	4	12	8	0	25
PLPP6	11	16	3	5	2	6	6	0	5
PLPP7	6	2	0	0	0	1	0	0	1
PLPPR1	7	6	1	1	2	4	0	0	3
PLPPR2	34	20	6	17	7	12	4	0	17
PLPPR3	3	4	0	1	0	0	2	0	1
PLPPR4	1	0	0	0	1	2	0	0	0
PLPPR5	10	2	0	6	1	3	4	0	4
PLPPR5-AS1	28	19	1	8	3	12	9	0	9
PLRG1	98	51	11	29	18	38	13	1	45
PLS1	20	14	3	14	5	15	5	0	20
PLS1-AS1	0	0	0	1	0	0	0	0	1
PLS1P1	1	0	0	0	0	0	0	0	0
PLS3	906	453	74	356	183	373	129	0	325
PLS3-AS1	68	39	1	33	17	32	8	0	47
PLSCR1	150	118	18	46	38	79	20	0	92
PLSCR2	11	5	0	2	0	6	2	0	5
PLSCR3	13	1	2	3	2	5	1	0	3
PLSCR4	73	48	8	16	12	48	16	0	73
PLSCR5	1	0	1	0	0	0	1	0	0
PLSCR5-AS1	0	0	0	0	1	0	0	0	0
PLTP	33	27	4	12	8	19	2	0	11
PLUT	8	5	0	3	0	2	1	0	1
PLVAP	1	0	0	0	0	0	1	0	0
PLXDC1	20	32	4	33	5	17	11	0	15
PLXDC2	756	502	107	297	177	429	159	1	475
PLXNA1	230	94	22	74	42	48	28	1	54
PLXNA2	140	48	7	30	10	14	16	0	17
PLXNA3	168	86	15	46	27	48	39	0	75
PLXNA4	98	31	2	13	8	7	8	0	15
PLXNB1	141	111	18	53	48	61	36	1	72
PLXNB2	451	264	69	153	68	159	86	0	232
PLXNB3	15	5	3	2	2	2	2	0	9
PLXNB3-AS1	8	10	2	4	3	3	3	0	2
PLXNC1	5	6	0	1	1	1	2	0	4
PLXND1	255	140	25	72	42	91	33	2	97
PM20D1	3	1	0	1	0	0	1	0	0
PM20D2	49	17	7	17	10	20	9	0	29
PMAIP1	170	68	12	51	23	50	7	0	62
PMCH	0	3	0	2	0	1	0	0	2
PMEL	8	4	0	3	0	2	3	0	2
PMEPA1	944	597	104	312	223	285	130	3	387
PMF1	18	10	3	5	2	7	3	0	10
PMF1-BGLAP	105	72	18	64	24	56	21	0	92
PMFBP1	3	4	0	1	1	2	3	0	3
PML	56	45	7	28	12	30	12	0	38
PMM1	20	24	3	9	4	10	3	0	17
PMM2	382	288	60	181	82	194	52	0	318
PMP2	0	0	0	1	0	0	0	0	0
PMP22	442	271	46	183	96	156	96	1	160
PMPCA	222	143	20	98	35	77	40	1	93
PMPCAP1	0	0	0	1	0	0	0	0	0
PMPCB	150	130	13	69	25	83	29	0	91
PMS1	198	175	33	102	50	126	34	0	164
PMS2	28	22	2	16	10	16	3	0	18
PMS2P2	1	0	0	1	0	2	0	0	0
PMS2P3	31	29	7	15	11	21	3	0	26
PMS2P4	28	46	7	18	14	20	13	0	42
PMS2P6	1	0	0	0	0	0	0	0	0
PMS2P7	0	2	0	1	0	0	1	0	3
PMVK	25	15	1	10	6	8	4	0	11
PNCK	8	2	1	0	1	1	1	0	1
PNISR	257	177	42	88	72	159	40	1	274
PNISR-AS1	16	16	5	13	5	19	7	0	13
PNKD	60	39	4	19	14	22	15	1	24
PNKDP1	1	0	0	1	0	1	0	0	0
PNKP	150	91	16	44	26	29	15	0	53
PNLDC1	5	2	0	1	1	3	0	0	5
PNLIP	2	1	0	0	0	0	0	0	0
PNLIPRP1	1	0	0	1	1	0	0	0	0
PNLIPRP2	4	0	0	0	0	1	0	0	1
PNMA1	57	24	5	22	3	23	7	0	10
PNMA2	32	22	4	14	13	12	6	0	22
PNMA3	0	1	0	0	0	0	0	0	0
PNMA6A	0	1	0	0	0	0	0	0	0
PNMA6E	0	0	0	0	0	0	0	0	1
PNMA6F	3	0	0	2	1	0	1	0	0
PNMA8A	0	0	0	1	0	0	0	0	0
PNMA8B	1	0	0	1	0	1	0	0	0
PNMA8C	0	1	0	0	0	0	0	0	0
PNN	231	149	33	94	47	121	46	0	149
PNN-AS1	3	0	0	0	0	0	0	0	0
PNO1	110	64	13	50	22	42	15	1	45
PNOC	2	0	0	0	0	1	0	0	0
PNP	149	66	9	57	14	46	10	0	43
PNPLA1	6	1	0	1	0	3	0	0	2
PNPLA2	65	44	11	23	14	24	15	0	40
PNPLA3	117	119	21	68	34	64	31	1	114
PNPLA4	24	12	1	9	1	4	4	0	10
PNPLA5	1	0	0	0	0	0	1	0	0
PNPLA6	93	46	14	31	9	28	27	0	58
PNPLA7	28	31	3	14	9	15	11	0	27
PNPLA8	165	150	33	72	45	138	43	0	180
PNPO	48	31	7	21	8	16	6	0	20
PNPT1	271	154	19	88	43	133	34	1	108
PNPT1P1	1	1	0	1	1	0	0	0	1
PNRC1	239	197	28	114	63	137	57	0	202
PNRC2	104	65	9	30	16	54	16	1	47
PNRC2P1	0	0	0	0	0	0	0	0	1
POC1A	167	146	27	82	48	72	28	0	71
POC1B	57	44	16	32	11	35	10	0	35
POC1B-AS1	8	5	0	2	3	3	3	0	6
POC1B-GALNT4	22	18	1	4	2	7	2	0	8
POC5	74	53	11	40	18	50	17	0	68
PODN	3	1	0	0	0	1	0	0	1
PODNL1	4	5	0	2	1	2	1	0	4
PODXL	536	198	34	160	71	99	53	0	156
PODXL2	128	77	17	37	23	32	12	0	38
POF1B	7	2	0	2	1	0	1	0	2
POFUT1	203	139	24	88	55	85	42	0	92
POFUT2	81	62	13	32	17	26	16	0	33
POGK	165	99	14	58	37	68	24	0	72
POGLUT1	59	35	8	35	23	36	6	0	61
POGLUT2	58	49	2	21	7	17	15	0	35
POGLUT2P1	0	2	0	1	0	1	0	0	3
POGLUT3	69	57	10	40	25	46	15	1	48
POGZ	302	216	39	133	87	210	68	1	286
POLA1	1116	791	176	471	278	650	213	3	911
POLA2	17	12	1	6	5	11	4	0	9
POLB	54	36	7	14	9	23	3	0	38
POLD1	235	100	26	72	27	65	32	0	82
POLD2	169	114	25	77	33	76	33	0	85
POLD2P1	0	0	0	1	0	0	0	0	0
POLD3	184	177	38	78	56	103	27	0	200
POLD4	1	0	1	1	0	0	2	0	2
POLDIP2	130	60	17	53	25	38	21	0	45
POLDIP3	45	35	4	16	5	13	9	0	22
POLE	374	257	60	149	77	165	81	2	225
POLE2	89	85	17	33	26	59	21	0	47
POLE3	189	97	20	120	31	58	21	0	70
POLE4	55	36	6	25	13	26	5	0	36
POLG	253	225	32	97	63	103	48	0	129
POLG-DT	208	179	23	168	53	51	38	0	72
POLG2	87	73	11	41	15	45	14	0	51
POLGARF	0	0	0	0	1	0	0	0	2
POLH	75	54	8	26	22	39	21	0	65
POLI	26	25	5	7	10	23	4	0	22
POLK	175	140	36	87	45	91	28	0	141
POLL	39	22	3	15	7	24	7	0	19
POLM	35	18	10	13	8	12	4	2	5
POLN	29	33	2	5	10	12	3	0	30
POLQ	382	246	48	159	74	202	49	1	213
POLR1A	366	231	42	154	61	144	63	1	155
POLR1B	195	113	24	71	37	79	21	1	93
POLR1C	78	64	9	37	21	45	5	0	60
POLR1D	92	74	11	52	26	49	15	0	74
POLR1E	238	143	20	84	48	79	24	0	96
POLR1F	100	46	9	32	19	37	4	0	35
POLR1G	70	42	12	34	12	11	9	0	18
POLR1H	27	10	2	7	3	7	1	0	7
POLR1HASP	79	62	15	28	15	41	17	0	51
POLR2A	582	312	96	247	107	278	127	2	335
POLR2B	338	194	36	129	69	133	51	0	162
POLR2C	82	55	9	44	5	31	12	0	51
POLR2D	102	51	10	42	23	47	15	0	47
POLR2E	123	77	15	75	29	47	24	0	54
POLR2F	75	43	9	43	16	28	16	0	44
POLR2G	58	35	4	22	11	19	18	0	25
POLR2H	65	54	13	38	19	26	8	0	24
POLR2I	21	23	3	22	3	10	3	0	19
POLR2J	31	10	4	11	2	12	4	0	18
POLR2J2	2	1	0	2	0	1	0	0	1
POLR2J3	16	10	1	4	0	5	3	0	6
POLR2J4	55	70	8	22	16	33	16	0	63
POLR2K	51	43	3	29	11	34	5	0	23
POLR2KP1	0	0	0	0	0	2	0	0	0
POLR2L	74	33	8	27	10	16	20	0	35
POLR2M	43	35	6	27	9	24	10	0	32
POLR3A	200	99	13	77	23	61	24	1	81
POLR3B	238	108	18	68	52	72	17	0	112
POLR3C	100	64	6	33	32	57	21	0	67
POLR3D	95	52	15	31	18	27	15	0	46
POLR3DP1	3	2	0	0	0	1	0	0	1
POLR3E	215	150	28	76	49	91	32	0	100
POLR3F	37	17	6	12	9	10	3	0	16
POLR3G	127	93	19	57	32	68	14	0	58
POLR3GL	5	7	1	4	0	4	2	0	5
POLR3H	153	121	23	69	37	52	22	0	91
POLR3K	44	28	3	19	11	13	6	0	17
POLRMT	144	73	19	46	23	33	23	0	49
POLRMTP1	6	2	0	2	0	1	0	0	2
POM121	308	195	35	118	80	101	48	0	196
POM121B	0	1	0	0	0	0	0	0	0
POM121C	161	126	29	55	40	82	34	0	111
POM121L2	13	7	2	17	6	8	1	0	6
POMC	0	0	1	0	0	0	0	0	0
POMGNT1	72	42	11	29	18	25	12	0	17
POMGNT2	31	21	5	17	15	21	6	0	16
POMK	189	95	26	113	34	73	24	0	93
POMP	132	98	19	91	32	82	20	0	79
POMT1	105	100	19	41	27	45	24	0	81
POMT2	88	61	15	46	26	44	13	0	55
POMZP3	9	11	2	3	3	8	1	0	13
PON1	0	0	1	0	0	1	0	0	0
PON2	349	288	48	147	94	235	80	1	303
PON3	1	2	0	3	0	3	0	0	3
POP1	116	60	9	42	26	43	10	0	54
POP4	42	30	3	17	10	17	3	0	21
POP5	26	24	2	18	5	7	3	0	15
POP7	42	17	9	14	5	14	6	0	15
POPDC2	5	1	0	2	0	1	0	0	3
POPDC3	6	10	0	6	1	2	1	0	2
POR	235	180	29	99	54	87	62	0	146
PORCN	22	12	0	5	8	7	2	0	7
PORCN-DT	0	2	0	0	0	1	0	0	0
POSTN	1	1	0	0	0	1	1	0	1
POT1	163	132	29	62	44	116	41	1	144
POT1-AS1	80	59	18	39	25	64	23	1	62
POTEA	2	0	0	0	0	0	0	0	1
POTEC	0	0	0	0	0	0	0	0	1
POTEE	1	2	0	0	1	1	0	0	0
POTEF	10	5	1	2	3	7	1	0	8
POTEG	0	0	0	0	0	0	0	0	1
POTEI	0	2	0	0	0	0	0	0	0
POTEJ	0	0	0	0	0	1	0	0	1
POTEKP	1	2	0	1	2	0	0	0	3
POU1F1	0	0	0	0	0	1	1	0	0
POU2AF1	4	1	0	1	0	2	1	0	0
POU2AF2	0	0	1	0	1	0	1	0	0
POU2AF3	2	0	0	0	0	0	0	0	0
POU2F1	398	253	53	152	85	213	75	1	258
POU2F1-DT	2	3	0	2	2	1	0	0	0
POU2F2	13	6	2	2	0	0	1	0	4
POU2F2-AS1	1	0	0	0	0	2	0	0	1
POU2F3	7	3	0	0	3	2	1	0	2
POU3F1	6	1	0	3	0	0	1	0	0
POU3F2	10	2	2	0	0	2	1	0	1
POU3F3	5	1	0	0	0	0	0	0	0
POU3F4	3	1	0	2	0	0	0	0	0
POU4F1	1	0	0	0	0	0	0	0	0
POU4F2	2	0	0	1	0	1	0	0	0
POU4F3	1	0	1	1	0	1	0	0	1
POU5F1	22	13	3	13	10	8	4	0	11
POU5F1B	8	10	0	1	4	7	2	0	9
POU5F1P2	0	0	0	1	0	0	0	0	0
POU5F1P5	6	1	0	1	1	3	1	0	0
POU5F1P6	0	0	0	0	1	0	0	0	0
POU5F2	25	26	3	10	7	13	3	0	26
POU6F1	39	42	14	25	12	30	14	0	34
POU6F2	29	22	1	10	6	9	3	0	11
POU6F2-AS1	1	0	0	0	0	0	0	0	0
POU6F2-AS2	0	0	0	1	0	0	0	0	1
PP2D1	0	0	0	0	0	1	1	0	0
PP7080	2	0	1	1	2	2	0	0	0
PPA1	190	126	19	77	30	68	25	1	113
PPA2	320	222	32	143	69	211	57	1	258
PPAN	36	12	7	14	11	9	2	0	14
PPAN-P2RY11	146	79	12	57	35	39	19	1	53
PPARA	78	90	16	40	25	66	32	0	77
PPARD	114	107	17	42	24	60	25	1	81
PPARG	31	8	0	14	5	15	4	0	8
PPARGC1A	86	123	26	54	47	79	43	1	154
PPARGC1B	272	158	34	98	55	92	33	0	65
PPAT	197	125	23	90	48	122	26	0	137
PPCDC	141	113	14	56	31	56	39	1	83
PPCS	22	18	2	10	3	9	7	0	24
PPDPF	78	39	11	40	11	38	11	0	47
PPDPFL	3	0	0	0	0	1	0	0	0
PPEF1	58	65	16	25	20	43	15	0	89
PPEF1-AS1	1	0	0	0	0	0	0	0	0
PPEF2	1	1	0	0	0	2	0	0	1
PPFIA1	530	244	59	153	94	175	57	2	257
PPFIA1P1	0	2	0	1	0	0	0	0	0
PPFIA2	22	11	1	6	7	5	2	0	14
PPFIA2-AS1	3	1	0	0	1	0	0	0	0
PPFIA3	22	28	3	6	5	12	6	0	16
PPFIA4	15	15	3	5	8	2	2	0	12
PPFIBP1	304	185	47	118	74	170	59	1	168
PPFIBP2	10	8	0	4	3	6	2	0	9
PPHLN1	477	327	73	223	131	323	88	0	444
PPIA	660	460	92	292	158	276	130	3	303
PPIAL4A	0	0	0	1	0	0	0	0	0
PPIAL4G	0	0	0	0	0	0	0	0	1
PPIAP1	0	0	0	0	0	0	1	0	0
PPIAP10	4	2	0	1	0	3	0	0	1
PPIAP11	0	1	0	1	0	1	0	0	0
PPIAP14	1	0	0	0	0	0	0	0	0
PPIAP16	1	1	0	2	1	1	0	0	1
PPIAP17	0	0	0	1	0	0	0	0	0
PPIAP19	1	0	0	1	1	0	0	0	0
PPIAP2	0	1	0	0	0	0	0	0	0
PPIAP21	0	0	0	0	0	1	0	0	0
PPIAP22	9	7	3	7	3	1	1	0	5
PPIAP25	0	0	0	1	0	0	0	0	0
PPIAP29	0	0	0	1	0	0	0	0	0
PPIAP3	1	0	0	0	0	0	0	0	0
PPIAP30	1	1	0	0	1	0	1	0	2
PPIAP31	1	1	0	1	1	0	0	0	0
PPIAP33	5	0	0	0	0	0	0	0	0
PPIAP34	2	1	0	0	0	1	0	0	0
PPIAP35	0	1	0	0	0	0	0	0	0
PPIAP36	1	0	0	0	0	0	0	0	0
PPIAP37	0	0	0	0	0	1	0	0	0
PPIAP39	1	0	0	0	0	0	0	0	0
PPIAP4	1	0	0	0	0	0	0	0	1
PPIAP41	2	1	3	0	0	0	1	0	0
PPIAP42	1	0	0	0	2	0	0	0	0
PPIAP45	1	0	0	0	0	0	0	0	0
PPIAP46	2	0	0	0	0	1	0	0	0
PPIAP47	1	1	0	1	0	0	1	0	0
PPIAP49	1	0	0	0	0	0	0	0	0
PPIAP5	0	1	0	0	0	0	0	0	0
PPIAP50	0	1	0	0	0	0	0	0	0
PPIAP51	0	1	0	0	0	0	0	0	0
PPIAP52	1	0	0	0	0	1	0	0	0
PPIAP55	0	0	0	0	1	0	0	0	2
PPIAP58	0	0	0	0	0	1	0	0	1
PPIAP6	0	0	0	1	0	0	0	0	0
PPIAP60	1	1	0	0	0	0	0	0	0
PPIAP62	0	1	0	0	0	0	0	0	0
PPIAP65	0	1	0	0	0	0	0	0	0
PPIAP66	3	0	0	1	0	1	0	0	1
PPIAP67	0	0	0	1	1	0	0	0	0
PPIAP68	0	0	0	0	0	0	0	0	1
PPIAP7	0	1	0	0	0	0	0	0	2
PPIAP70	1	0	0	0	1	0	0	0	0
PPIAP71	0	2	0	0	0	0	0	0	0
PPIAP72	0	0	0	2	0	0	0	0	0
PPIAP75	5	1	0	1	0	0	0	0	1
PPIAP76	1	1	0	0	0	0	0	0	0
PPIAP77	0	1	0	2	0	0	1	0	0
PPIAP78	1	0	0	0	1	0	0	0	0
PPIAP79	0	0	0	0	0	0	0	1	0
PPIAP8	0	1	0	0	0	0	0	0	0
PPIAP82	0	1	0	0	0	0	0	0	0
PPIAP87	1	1	0	1	0	0	0	0	0
PPIAP89	1	0	0	0	0	0	0	0	0
PPIAP91	0	0	0	0	1	0	0	0	0
PPIB	408	279	48	160	78	146	78	0	170
PPIC	31	25	5	14	8	18	14	0	25
PPIC-AS1	10	2	3	1	2	4	1	0	6
PPID	109	50	10	41	24	41	13	0	30
PPIE	67	45	7	23	18	37	7	0	38
PPIEL	82	81	14	35	16	49	15	0	49
PPIF	203	107	14	78	33	59	18	0	39
PPIG	166	132	18	69	51	124	20	0	156
PPIH	139	71	12	53	32	67	21	0	72
PPIL1	51	37	7	32	10	29	10	0	38
PPIL2	117	76	16	51	26	40	26	0	60
PPIL3	60	29	5	23	15	20	7	0	31
PPIL4	91	60	9	41	30	62	15	0	68
PPIL6	6	4	0	4	1	5	1	0	2
PPIP5K1	31	30	4	18	8	18	15	0	23
PPIP5K2	211	135	32	104	61	142	53	0	163
PPL	75	80	10	29	19	34	29	0	74
PPM1A	186	132	15	87	52	106	27	1	114
PPM1B	19	9	3	11	7	11	2	0	14
PPM1B-DT	2	0	0	0	0	0	0	0	0
PPM1D	127	93	13	56	31	76	18	0	144
PPM1E	130	68	15	45	19	51	20	0	73
PPM1F	63	29	5	20	7	15	10	0	22
PPM1F-AS1	4	0	0	0	0	0	0	0	0
PPM1G	274	169	33	119	62	115	43	0	143
PPM1H	73	26	9	24	14	20	9	0	26
PPM1J	1	2	0	2	0	0	0	0	1
PPM1J-DT	5	2	0	0	0	1	0	0	0
PPM1K	33	29	2	23	10	29	7	0	25
PPM1K-DT	0	2	0	0	1	0	1	0	1
PPM1L	103	55	8	39	23	39	15	0	68
PPM1L-DT	2	0	0	2	0	0	0	0	0
PPM1M	18	8	0	7	5	4	1	0	8
PPM1N	5	2	1	0	0	1	0	0	2
PPME1	281	149	36	103	69	126	58	1	126
PPOX	20	9	4	8	3	5	2	0	8
PPP1CA	145	84	13	52	19	48	28	0	59
PPP1CB	619	404	68	309	151	289	102	0	434
PPP1CB-DT	10	8	3	3	2	9	1	0	4
PPP1CC	287	174	25	103	67	117	38	1	129
PPP1R10	311	170	41	117	77	152	39	0	174
PPP1R11	38	25	5	22	7	9	5	0	25
PPP1R11P2	1	1	0	0	0	0	0	0	0
PPP1R12A	478	328	75	180	149	313	100	0	442
PPP1R12A-AS1	5	7	1	3	0	3	0	0	4
PPP1R12A-AS2	23	9	1	12	5	14	5	0	12
PPP1R12B	343	228	54	135	81	187	53	2	267
PPP1R12BP1	0	1	0	0	0	0	0	0	1
PPP1R12C	178	96	21	53	46	56	34	0	74
PPP1R13B	71	43	11	20	18	33	17	1	44
PPP1R13B-DT	121	0	0	39	0	1	0	0	0
PPP1R13L	157	74	16	68	19	39	23	0	44
PPP1R14B	119	65	23	59	20	37	17	0	34
PPP1R14B-AS1	10	5	0	2	1	4	0	0	2
PPP1R14BP2	4	0	0	0	0	0	0	0	0
PPP1R14BP3	1	1	0	1	1	0	3	0	2
PPP1R14C	9	2	2	1	0	2	2	0	0
PPP1R14D	1	0	0	0	0	0	0	0	0
PPP1R15A	328	66	18	75	13	32	10	0	20
PPP1R15B	502	296	62	196	114	239	71	1	320
PPP1R15B-AS1	21	14	1	4	0	3	1	0	9
PPP1R16A	63	43	8	24	10	24	11	0	27
PPP1R16B	5	2	0	2	1	1	0	0	1
PPP1R17	2	2	0	0	0	0	0	0	0
PPP1R18	88	42	5	33	12	27	11	2	34
PPP1R1AP2	0	1	0	0	0	0	0	0	0
PPP1R1B	4	4	0	1	0	1	0	0	1
PPP1R1C	14	6	1	5	3	11	3	0	6
PPP1R2	145	109	20	74	35	73	27	0	109
PPP1R21	66	39	5	22	23	50	15	0	48
PPP1R21-DT	0	0	1	0	0	0	0	0	1
PPP1R26	107	55	10	26	14	30	11	1	36
PPP1R26-AS1	40	21	2	12	6	6	9	0	12
PPP1R26P1	0	0	1	0	0	0	0	0	1
PPP1R27	1	0	0	0	0	0	0	0	0
PPP1R2C	0	0	0	1	0	0	0	0	0
PPP1R2P1	0	0	0	0	1	0	0	0	0
PPP1R32	0	0	0	0	1	1	0	0	4
PPP1R35	30	16	5	11	4	9	2	0	8
PPP1R35-AS1	3	4	1	1	1	2	1	0	8
PPP1R36	7	6	0	1	3	2	1	0	6
PPP1R37	193	128	19	57	34	66	40	0	92
PPP1R3A	4	4	0	1	1	3	0	0	3
PPP1R3B	9	7	1	5	0	2	0	0	2
PPP1R3B-DT	16	11	3	3	5	3	2	0	2
PPP1R3C	86	50	13	36	19	36	27	0	61
PPP1R3D	9	8	0	2	1	2	2	0	4
PPP1R3E	19	10	3	2	1	5	3	0	6
PPP1R3F	9	8	0	13	2	3	5	0	11
PPP1R3G	2	1	0	1	0	1	1	0	0
PPP1R42	3	1	0	2	2	1	1	0	1
PPP1R7	52	57	7	24	16	31	13	0	38
PPP1R8	149	114	13	82	34	63	21	0	64
PPP1R9A	256	197	49	99	76	173	48	0	256
PPP1R9A-AS1	12	5	0	2	0	12	7	0	14
PPP1R9B	146	85	21	56	29	50	30	0	55
PPP2CA	193	85	12	82	20	57	31	0	69
PPP2CA-DT	1	0	0	1	0	1	1	0	1
PPP2CB	157	96	18	71	33	62	30	0	73
PPP2R1A	379	217	40	127	59	126	66	0	177
PPP2R1B	147	126	28	70	54	102	37	0	148
PPP2R2A	568	291	70	213	99	281	61	1	289
PPP2R2B	445	188	33	156	70	153	71	0	195
PPP2R2C	33	13	2	8	9	11	13	0	8
PPP2R2D	219	131	19	79	43	77	31	0	113
PPP2R3A	73	66	7	27	7	46	13	0	48
PPP2R3B	63	37	10	20	19	22	16	0	33
PPP2R3C	71	36	13	32	19	42	10	0	73
PPP2R5A	91	59	6	38	23	33	20	0	90
PPP2R5B	15	7	1	8	4	8	3	0	9
PPP2R5C	350	243	59	161	100	176	55	0	247
PPP2R5CP	1	0	0	0	0	0	0	0	0
PPP2R5D	60	73	14	54	19	47	20	0	59
PPP2R5E	377	233	53	159	108	211	59	0	219
PPP3CA	1356	930	179	541	325	778	303	3	951
PPP3CB	140	103	28	73	36	115	30	0	147
PPP3CB-AS1	12	18	3	9	4	7	3	0	24
PPP3CC	83	60	10	32	24	44	12	0	47
PPP3R1	135	74	19	55	25	53	19	0	83
PPP3R2	1	0	0	0	0	0	0	0	0
PPP4C	98	84	14	49	20	39	14	0	55
PPP4R1	221	133	21	97	34	101	23	1	113
PPP4R1-AS1	4	2	0	1	0	0	0	0	0
PPP4R1L	1	0	0	0	0	0	0	0	2
PPP4R2	274	211	46	139	69	162	42	1	264
PPP4R3A	291	170	47	116	69	145	30	0	184
PPP4R3B	259	199	31	127	60	151	41	0	199
PPP4R3B-DT	4	2	1	0	1	0	0	0	0
PPP4R4	10	3	0	1	1	3	0	0	1
PPP5C	230	138	20	101	47	83	41	0	116
PPP5D1P	15	18	2	11	4	15	4	0	18
PPP6C	237	162	37	109	61	138	45	1	169
PPP6R1	224	111	28	101	48	83	33	0	115
PPP6R2	438	328	62	180	82	168	102	1	258
PPP6R2P1	1	1	0	0	0	0	1	0	0
PPP6R3	1243	912	168	492	332	657	209	2	973
PPRC1	321	155	37	98	41	99	32	0	113
PPT1	255	185	37	125	63	126	39	0	140
PPT2	27	21	1	13	3	8	2	0	12
PPT2-EGFL8	50	34	7	16	9	21	6	0	17
PPTC7	149	67	11	81	34	53	16	0	74
PPWD1	167	96	17	55	36	71	28	0	121
PQBP1	74	39	7	27	11	23	9	0	27
PRAC2	0	0	0	1	0	0	0	0	0
PRADC1	5	14	3	10	4	1	3	0	11
PRADX	0	1	0	0	0	0	0	0	0
PRAF2	11	5	2	4	1	2	5	0	6
PRAG1	152	75	23	65	34	67	12	0	75
PRAM1	1	0	0	1	0	0	0	0	0
PRAME	37	26	4	15	12	28	11	0	22
PRAMEF20	1	0	0	0	0	0	0	0	0
PRAMENP	1	0	0	0	0	0	0	0	1
PRANCR	34	17	0	9	7	7	6	0	11
PRB2	1	1	0	0	0	0	0	0	0
PRB4	1	0	0	0	0	0	0	0	0
PRC1	187	120	24	80	48	72	51	0	118
PRC1-AS1	4	5	0	4	2	2	3	0	7
PRCC	181	101	19	70	37	96	29	1	127
PRCD	5	1	1	0	0	0	0	0	1
PRCP	114	81	15	45	31	61	29	0	86
PRDM1	31	15	4	5	4	13	3	0	11
PRDM10	107	75	17	57	31	79	30	0	114
PRDM10-DT	6	1	0	0	1	0	0	0	0
PRDM11	124	89	14	34	28	44	27	0	38
PRDM12	7	2	0	1	0	1	0	0	0
PRDM13	5	4	1	0	1	1	1	0	0
PRDM14	0	1	0	0	0	0	0	0	0
PRDM15	202	147	26	93	50	87	38	0	105
PRDM16	40	18	3	11	5	7	2	0	11
PRDM16-DT	2	0	0	0	0	0	1	0	0
PRDM2	196	147	16	69	53	84	26	0	129
PRDM4	63	27	5	30	13	37	4	0	43
PRDM4-AS1	2	1	1	0	0	1	0	0	1
PRDM5	167	96	34	68	40	99	25	0	81
PRDM6	33	33	5	13	13	25	6	0	23
PRDM6-AS1	1	1	0	0	0	0	0	0	0
PRDM7	3	0	0	0	0	1	2	0	0
PRDM8	11	1	0	2	2	1	0	0	2
PRDM8-AS1	1	0	0	1	0	0	0	0	0
PRDM9	1	0	0	1	0	0	0	0	3
PRDX1	1057	655	111	469	208	316	173	2	456
PRDX1P1	5	0	0	0	2	0	0	0	0
PRDX2	123	94	13	51	26	48	22	0	76
PRDX2P3	1	0	0	0	0	0	0	0	2
PRDX2P4	0	1	0	0	0	0	0	0	0
PRDX3	197	120	18	83	49	76	33	1	89
PRDX3P2	1	0	0	0	0	0	0	0	0
PRDX4	95	71	13	33	26	42	21	0	56
PRDX5	120	70	13	44	22	34	27	2	64
PRDX6	427	256	53	153	81	183	58	0	204
PRDX6-AS1	94	70	9	35	40	48	22	1	72
PREB	45	30	7	18	10	9	5	0	16
PRECSIT	51	22	4	14	6	11	4	0	22
PRELID1	94	59	11	46	17	36	11	1	34
PRELID1P1	3	1	0	1	0	1	0	0	2
PRELID1P6	1	0	0	0	0	0	0	0	0
PRELID2	498	524	88	232	212	395	98	0	426
PRELID3A	50	35	8	25	7	19	9	0	29
PRELID3B	208	128	26	99	57	91	24	0	124
PRELID3BP10	0	0	0	0	1	0	0	0	0
PREP	208	144	21	79	52	92	38	0	99
PREPL	184	118	20	66	43	84	35	0	113
PREX1	174	106	19	70	35	46	44	0	77
PREX2	21	18	1	12	6	6	7	0	4
PRG4	0	2	0	0	0	1	0	0	0
PRH1	591	444	86	260	177	398	104	2	507
PRICKLE1	16	5	0	8	2	7	2	0	3
PRICKLE2	22	9	0	4	4	5	4	0	9
PRICKLE2-AS1	3	0	0	0	1	0	0	0	0
PRICKLE2-AS2	0	0	0	0	0	1	0	0	0
PRICKLE2-AS3	0	0	0	0	0	0	0	0	1
PRICKLE3	14	17	2	10	4	11	2	0	11
PRICKLE4	2	1	1	0	0	0	1	0	0
PRIM1	25	17	2	14	6	14	4	0	16
PRIM2	571	350	95	240	128	322	83	2	476
PRIM2BP	12	8	0	10	3	3	2	0	4
PRIMA1	2	2	1	1	3	4	1	0	2
PRIMPOL	37	44	4	15	13	29	10	0	26
PRKAA1	606	371	83	247	135	293	83	0	376
PRKAA2	138	107	29	65	40	125	19	1	131
PRKAB1	29	27	7	14	10	18	7	0	26
PRKAB2	64	41	11	28	15	44	14	1	49
PRKACA	127	103	20	73	24	70	32	1	119
PRKACB	330	225	46	135	72	216	69	1	258
PRKACB-DT	7	5	0	1	1	5	0	0	1
PRKACG	1	1	0	0	0	0	0	0	0
PRKAG1	47	26	3	15	14	18	9	0	15
PRKAG2	107	54	7	28	19	34	15	0	50
PRKAG2-AS1	16	3	0	3	0	0	3	0	2
PRKAG2-AS2	1	0	0	0	0	0	0	0	0
PRKAG3	0	0	0	0	0	1	0	0	0
PRKAR1A	450	318	51	199	132	225	82	2	300
PRKAR1AP1	0	0	0	1	1	0	0	0	0
PRKAR1B	324	160	17	110	53	75	42	1	88
PRKAR1B-AS1	0	0	0	0	0	0	1	0	0
PRKAR2A	293	215	34	146	59	146	59	0	197
PRKAR2A-AS1	2	1	0	0	0	1	1	0	2
PRKAR2B	80	89	10	57	29	73	39	1	103
PRKAR2B-AS1	0	0	0	0	0	0	1	0	0
PRKCA	3378	1738	279	1160	693	1263	455	4	1605
PRKCA-AS1	0	0	0	0	0	1	0	0	0
PRKCB	35	34	7	11	7	21	21	0	31
PRKCD	36	28	5	13	4	16	5	0	20
PRKCE	861	534	98	309	231	324	135	2	366
PRKCG	10	3	0	2	0	0	1	0	2
PRKCH	110	81	14	41	14	48	12	0	39
PRKCH-AS1	10	2	0	1	3	0	2	0	1
PRKCI	240	150	23	105	45	125	25	1	152
PRKCQ	9	7	1	2	1	5	2	0	3
PRKCQ-AS1	3	3	2	0	0	2	1	0	6
PRKCSH	337	227	48	135	77	145	76	0	180
PRKCZ	241	155	33	104	45	78	59	0	124
PRKCZ-AS1	3	3	0	0	0	1	0	0	1
PRKCZ-DT	1	0	0	0	0	0	0	0	0
PRKD1	32	30	4	10	11	30	8	1	37
PRKD2	78	39	7	27	21	28	11	0	34
PRKD3	215	157	36	112	44	120	41	2	152
PRKDC	2580	1854	330	997	644	1205	493	5	1538
PRKG1	174	152	22	64	53	112	44	0	156
PRKG1-AS1	6	4	1	3	0	2	1	0	0
PRKG2	18	15	3	5	5	9	7	0	18
PRKG2-AS1	1	0	0	1	0	0	0	0	1
PRKN	194	94	5	20	12	75	7	0	28
PRKRA	89	52	15	48	26	47	11	0	61
PRKRIP1	231	186	28	104	66	100	35	0	165
PRKX	157	105	23	75	43	72	29	0	92
PRKXP1	0	0	1	0	0	0	0	0	1
PRKY	2	0	1	1	0	1	0	0	0
PRL	0	0	0	1	0	0	0	0	0
PRLR	21	6	0	4	2	1	3	0	6
PRMT1	221	125	28	79	44	79	36	0	73
PRMT1P1	1	0	0	0	0	0	0	0	0
PRMT2	80	61	9	34	24	41	12	0	74
PRMT3	401	229	57	134	77	190	56	0	200
PRMT5	128	65	18	44	23	59	18	0	53
PRMT5-AS1	6	1	1	2	1	0	0	0	0
PRMT5-DT	13	17	1	9	5	11	6	0	17
PRMT6	56	45	7	25	15	15	9	0	29
PRMT7	171	145	19	65	42	84	33	0	105
PRMT8	6	5	0	3	2	2	2	0	4
PRMT9	62	41	16	14	18	47	14	0	66
PRNCR1	1	0	0	0	0	1	0	0	3
PRNP	110	70	13	41	23	34	7	0	58
PRNT	0	0	0	1	1	0	0	0	0
PRO1804	0	1	0	0	0	0	1	0	0
PROB1	13	3	0	0	1	3	1	0	2
PROC	5	3	0	2	0	1	1	0	3
PROCA1	8	8	1	2	3	7	0	0	8
PROCR	41	40	5	21	13	17	11	0	21
PRODHLP	3	0	0	1	0	0	0	0	0
PROK2	0	1	0	0	1	1	0	0	0
PROKR1	0	0	0	0	0	1	0	0	0
PROKR2	1	0	0	0	0	0	0	0	0
PROM1	8	6	1	4	1	1	0	0	2
PROM2	6	3	1	4	2	2	0	0	5
PROP1	0	0	0	2	1	0	0	0	0
PRORP	19	1	2	6	3	8	2	0	9
PRORSD1P	0	0	1	0	1	1	1	0	1
PROS1	23	15	3	7	5	11	5	0	18
PROS2P	1	2	0	1	0	0	0	0	0
PROSER1	84	72	19	41	21	52	5	0	69
PROSER2	36	9	6	7	2	12	1	0	4
PROSER2-AS1	10	3	2	2	3	1	1	0	3
PROSER3	69	46	9	33	16	26	18	0	44
PROX1	6	0	0	0	0	0	0	0	0
PROX1-AS1	12	0	0	0	0	2	0	0	0
PROX2	1	1	0	1	0	0	1	0	1
PROZ	0	2	0	0	0	1	1	0	2
PRPF18	161	93	16	60	43	96	29	0	121
PRPF19	282	164	34	120	67	94	43	0	132
PRPF19-DT	1	1	0	1	0	0	0	0	1
PRPF3	224	139	29	83	36	106	34	0	154
PRPF31	109	63	7	36	18	37	17	0	40
PRPF31-AS1	0	2	0	0	0	1	0	0	1
PRPF38A	158	99	20	72	34	78	22	0	80
PRPF38AP2	0	1	0	0	0	0	0	0	0
PRPF38B	205	98	25	64	48	107	28	2	140
PRPF39	120	70	8	39	29	54	15	0	91
PRPF39-DT	0	0	0	0	0	0	1	0	0
PRPF4	156	113	17	78	38	67	13	1	83
PRPF40A	479	290	45	211	112	262	56	1	298
PRPF40B	184	144	20	75	51	81	39	0	119
PRPF4B	249	167	34	86	49	121	29	0	200
PRPF6	246	134	36	113	52	77	49	1	119
PRPF8	974	623	117	402	197	400	213	0	577
PRPH	5	1	1	0	0	0	0	0	2
PRPH2	0	0	1	0	0	0	1	0	0
PRPS1	140	90	15	61	36	64	22	0	63
PRPS2	118	59	12	41	28	54	17	0	77
PRPSAP1	216	224	45	86	74	148	67	1	202
PRPSAP2	147	111	19	67	35	76	44	0	104
PRR11	222	137	32	88	56	110	47	0	175
PRR12	177	102	25	68	29	66	34	2	80
PRR13	68	43	2	28	22	31	6	0	32
PRR13P2	2	0	1	0	0	0	0	0	0
PRR13P4	1	0	0	0	0	0	0	0	0
PRR14	29	23	3	13	7	10	3	0	9
PRR14L	240	172	36	113	62	107	47	1	167
PRR15	2	0	0	0	0	2	0	0	0
PRR15-DT	2	1	0	2	0	1	0	0	1
PRR16	83	20	4	19	10	21	2	0	19
PRR18	5	0	0	0	0	0	0	0	1
PRR19	0	1	1	1	0	0	1	0	0
PRR22	5	5	0	1	0	2	2	0	1
PRR23B	1	0	0	0	0	0	0	0	0
PRR27	0	2	0	1	0	0	0	0	0
PRR29	1	0	0	0	0	0	0	0	0
PRR29-AS1	1	1	0	0	1	1	1	0	0
PRR3	48	25	8	19	11	26	11	0	32
PRR34	2	3	0	2	4	0	0	0	1
PRR34-AS1	19	15	3	4	2	8	7	0	7
PRR35	1	1	0	1	0	0	0	0	0
PRR36	2	0	0	1	0	0	1	0	2
PRR4	11	13	2	10	3	11	3	1	7
PRR5	19	12	2	5	3	7	3	0	9
PRR5-ARHGAP8	70	40	10	18	10	18	11	0	23
PRR5L	423	324	52	144	112	200	106	0	318
PRR7	40	30	7	15	14	15	10	1	21
PRR7-AS1	144	61	13	33	19	20	14	0	28
PRR9	1	0	0	0	0	0	0	0	0
PRRC1	169	104	21	89	45	93	32	1	121
PRRC2A	764	490	90	293	125	242	135	2	283
PRRC2B	2349	1505	304	870	530	966	429	6	1213
PRRC2C	1263	680	155	504	244	590	193	2	739
PRRG1	26	26	2	14	8	15	8	0	23
PRRG2	6	2	0	0	0	1	1	0	1
PRRG3	1	0	0	0	0	0	0	0	0
PRRG4	10	5	0	5	4	5	1	0	8
PRRT1	6	2	1	3	2	1	0	0	5
PRRT1B	0	2	0	0	0	0	1	0	0
PRRT2	8	9	1	3	4	4	7	0	9
PRRT3	9	7	3	7	2	6	2	0	6
PRRT3-AS1	24	20	3	6	2	5	6	0	13
PRRX1	40	37	3	10	10	12	6	0	11
PRRX2	63	25	3	16	15	16	10	0	28
PRRX2-AS1	0	0	0	0	0	0	1	0	0
PRSS12	34	22	4	18	8	7	4	0	10
PRSS16	1	1	0	0	1	0	0	0	0
PRSS21	240	118	23	96	50	82	44	0	104
PRSS23	495	289	39	181	96	200	69	1	160
PRSS23-AS1	0	5	1	1	2	3	3	0	3
PRSS27	4	5	0	2	2	3	0	0	0
PRSS3	3	2	1	0	0	0	0	0	2
PRSS35	0	0	0	1	0	0	0	0	0
PRSS36	0	3	0	1	0	2	1	0	1
PRSS38	1	0	0	3	0	1	0	0	0
PRSS41	1	0	0	0	0	1	0	0	0
PRSS42P	0	1	0	1	0	0	0	0	0
PRSS47P	0	1	0	0	0	0	0	0	0
PRSS48	0	0	0	0	1	0	0	0	1
PRSS51	1	0	0	1	0	0	2	0	0
PRSS53	11	3	0	4	2	1	3	0	5
PRSS54	1	0	0	0	1	0	0	0	0
PRSS55	2	0	0	4	0	2	1	0	2
PRSS56	7	8	3	6	4	5	4	0	23
PRSS57	1	1	0	0	0	0	0	0	0
PRSS8	0	0	0	0	0	0	0	0	1
PRTFDC1	31	36	7	12	17	33	12	0	61
PRTG	91	59	13	41	26	57	14	0	49
PRTN3	4	0	0	0	0	1	0	0	0
PRUNE1	22	18	2	15	18	19	7	0	18
PRUNE2	1250	1436	271	640	499	1066	592	6	1949
PRX	7	5	1	0	2	3	1	0	6
PRXL2A	36	29	3	11	8	14	7	0	22
PRXL2AP2	0	0	0	0	0	0	0	0	1
PRXL2B	19	7	2	10	3	2	6	0	5
PRXL2C	22	13	2	10	5	7	6	0	13
PRY2	1	0	0	3	0	2	0	0	1
PRYP2	0	0	0	0	1	0	0	0	0
PSAP	626	423	72	220	141	229	118	0	386
PSAT1	552	342	51	196	127	193	41	0	299
PSAT1P2	0	0	0	0	0	0	1	0	0
PSAT1P3	1	2	0	0	0	0	0	0	1
PSCA	5	4	0	1	1	2	0	0	2
PSD	1	1	0	0	2	1	0	0	0
PSD2	11	5	1	4	0	2	1	0	1
PSD2-AS1	0	1	0	1	0	0	0	0	0
PSD3	592	496	92	272	165	389	97	0	419
PSD4	20	14	2	7	1	2	2	0	8
PSEN1	133	117	30	74	39	89	19	0	128
PSEN2	0	0	0	0	0	0	1	0	0
PSENEN	23	16	2	6	7	5	2	0	11
PSG11	0	0	1	0	0	0	0	0	1
PSG3	1	0	0	0	0	0	0	0	0
PSG4	2	0	0	0	0	0	0	0	1
PSG5	0	0	0	1	0	0	0	0	0
PSG7	1	0	0	0	1	0	0	0	0
PSG8	0	0	0	1	0	0	0	0	0
PSIP1	394	307	55	181	130	253	94	2	416
PSIP1P1	0	1	0	1	0	0	0	0	1
PSKH1	72	57	11	26	18	27	18	0	57
PSKH2	0	1	0	0	0	1	0	0	1
PSMA1	430	375	67	186	133	279	107	5	351
PSMA2	32	12	1	9	7	10	3	0	6
PSMA2P3	1	0	0	0	0	0	0	0	0
PSMA3	163	111	17	70	46	80	28	0	84
PSMA3-AS1	254	230	48	127	72	185	57	0	294
PSMA4	295	146	27	108	74	90	45	0	104
PSMA5	214	128	22	66	55	85	31	0	113
PSMA6	85	53	7	35	19	36	20	0	41
PSMA6P1	1	0	0	0	0	0	0	0	0
PSMA6P4	0	0	0	0	0	1	0	0	0
PSMA7	373	260	36	153	99	120	63	0	165
PSMA8	1	0	0	0	0	0	0	0	0
PSMB1	222	105	22	72	44	102	35	0	115
PSMB10	11	5	1	8	2	4	0	0	5
PSMB2	283	143	31	132	59	106	41	0	140
PSMB3	123	81	15	52	28	52	16	0	76
PSMB4	169	84	26	77	37	60	29	1	63
PSMB5	140	70	13	56	33	62	24	0	79
PSMB6	71	38	8	33	21	25	15	0	31
PSMB7	763	449	74	251	165	245	112	2	332
PSMB8	18	14	2	11	3	7	5	0	10
PSMB8-AS1	0	1	2	0	0	0	0	0	0
PSMB9	3	2	0	0	0	2	0	0	0
PSMC1	80	39	10	35	16	20	18	0	34
PSMC1P11	1	0	0	0	0	0	0	0	0
PSMC1P12	1	0	0	0	0	0	0	0	0
PSMC1P13	2	0	0	1	0	0	0	0	0
PSMC1P3	1	0	0	0	0	0	0	0	0
PSMC1P4	0	0	0	0	0	0	0	0	1
PSMC1P8	0	1	0	0	0	0	0	0	0
PSMC2	166	112	20	65	35	73	30	0	100
PSMC2P1	3	1	0	0	1	1	0	0	1
PSMC3	259	130	26	83	43	64	50	1	97
PSMC3IP	72	32	5	31	18	28	8	0	37
PSMC4	132	80	23	66	36	46	24	0	53
PSMC5	207	135	22	92	50	60	42	0	76
PSMC6	146	74	13	61	30	54	19	0	58
PSMD1	582	333	63	216	130	284	104	3	354
PSMD10	45	39	4	35	10	20	10	0	20
PSMD10P3	1	0	0	0	1	1	0	0	0
PSMD11	413	254	61	199	78	224	59	1	218
PSMD12	386	185	40	130	75	157	43	0	182
PSMD12P1	0	0	0	0	0	1	0	0	0
PSMD13	84	52	11	39	16	38	11	0	36
PSMD14	421	290	55	198	119	250	62	0	362
PSMD14-DT	2	0	1	2	1	1	1	0	0
PSMD2	343	150	27	134	69	111	55	1	141
PSMD3	207	117	26	108	38	80	37	0	108
PSMD4	107	80	16	39	29	42	20	0	75
PSMD5	285	182	34	125	67	128	43	1	167
PSMD6	106	61	7	49	23	49	19	0	49
PSMD6-AS1	13	11	1	11	6	7	3	0	18
PSMD6-AS2	37	37	5	21	23	27	5	0	49
PSMD7	138	112	21	73	35	70	30	0	81
PSMD7-DT	25	11	3	9	2	4	0	0	11
PSMD7P1	1	0	0	0	0	0	0	0	0
PSMD8	123	82	16	58	23	33	14	0	51
PSMD9	28	17	1	15	7	5	5	0	7
PSME1	44	45	5	21	12	16	7	0	15
PSME2	36	35	9	18	8	11	14	0	31
PSME2P1	0	0	0	0	0	1	0	0	0
PSME2P3	1	0	0	0	0	0	0	0	0
PSME2P4	0	0	0	0	0	0	0	0	1
PSME2P5	0	1	0	0	0	1	0	0	1
PSME2P6	1	0	0	2	0	1	0	0	5
PSME3	350	189	34	160	61	121	41	0	140
PSME3IP1	180	144	27	93	47	100	32	0	136
PSME4	452	287	67	175	120	213	64	2	351
PSMF1	110	77	12	53	27	62	22	0	59
PSMG1	106	62	19	61	24	61	22	0	80
PSMG2	85	56	10	43	17	48	15	0	73
PSMG3	64	36	5	35	15	23	14	1	30
PSMG3-AS1	5	2	1	5	2	4	1	0	4
PSMG4	74	54	9	20	17	38	19	0	36
PSORS1C1	13	15	3	10	3	3	4	0	7
PSORS1C3	2	1	0	0	0	0	0	0	1
PSPC1	400	269	51	156	97	237	58	1	347
PSPC1-AS2	0	0	0	0	0	1	0	0	0
PSPC1P1	0	0	1	1	1	2	0	0	2
PSPH	113	82	1	34	33	55	20	0	72
PSPHP1	11	9	2	6	1	6	3	0	9
PSPN	2	3	1	0	1	3	0	0	2
PSRC1	29	18	5	12	3	13	7	0	9
PSTK	33	18	3	10	5	11	7	0	16
PSTPIP1	1	2	0	0	0	1	0	0	1
PSTPIP2	36	25	7	14	7	11	9	0	38
PTAFR	2	3	1	4	1	3	1	0	3
PTAR1	292	189	39	114	92	172	48	0	201
PTBP1	897	513	116	358	164	282	149	2	371
PTBP1P	1	0	0	0	0	0	0	0	1
PTBP2	505	311	58	222	115	316	75	0	340
PTBP3	395	236	38	165	83	211	55	0	255
PTCD1	47	36	9	22	10	18	5	0	35
PTCD2	110	74	13	52	30	36	14	0	52
PTCD3	276	190	40	113	70	128	35	1	180
PTCH1	52	36	7	26	15	22	22	0	18
PTCH2	1768	1490	124	1114	384	457	340	3	569
PTCHD1	4	0	0	1	0	2	0	0	3
PTCHD1-AS	3	1	0	2	2	1	0	0	2
PTCHD4	15	24	2	9	7	10	2	0	29
PTCRA	1	0	0	0	0	0	0	0	0
PTCSC2	34	25	5	10	6	12	6	0	17
PTCSC3	1	0	0	0	0	0	1	0	1
PTDSS1	327	202	26	124	70	135	44	0	190
PTDSS2	125	90	11	35	21	32	17	0	44
PTEN	509	290	77	207	119	310	74	1	358
PTENP1	1	1	0	1	0	0	1	0	0
PTENP1-AS	2	1	0	2	0	1	1	0	2
PTER	153	123	14	59	31	67	16	0	88
PTF1A	0	1	0	0	0	0	0	0	0
PTGDR	1	0	0	0	0	0	0	0	0
PTGDR2	1	0	0	0	0	0	0	0	0
PTGER1	5	3	1	1	1	1	0	0	0
PTGER2	7	5	0	4	2	5	3	0	12
PTGER3	11	6	1	4	3	2	1	0	7
PTGER4	56	31	10	27	11	18	10	0	30
PTGES	116	27	5	38	13	17	9	0	10
PTGES2	96	62	13	33	14	31	16	0	40
PTGES2-AS1	0	1	0	1	0	0	0	0	0
PTGES3	574	331	54	261	138	242	82	1	344
PTGES3L	3	2	0	1	0	1	0	0	4
PTGES3L-AARSD1	101	73	12	40	17	43	15	1	73
PTGES3P1	5	6	0	3	0	2	0	0	1
PTGES3P3	0	0	0	0	1	0	0	0	1
PTGFR	7	4	1	2	2	4	1	0	2
PTGFRN	291	184	41	110	56	118	59	1	153
PTGIS	1	2	0	1	1	0	0	0	1
PTGR1	129	88	13	52	21	46	29	0	59
PTGR2	0	4	2	0	1	5	1	0	2
PTGR3	65	63	17	33	27	39	10	0	56
PTGS1	45	35	6	10	11	17	6	0	26
PTGS2	327	192	33	97	70	114	18	1	103
PTH	0	1	0	0	0	0	0	0	0
PTH1R	4	0	0	3	0	1	1	0	3
PTH2R	16	8	2	6	2	7	3	0	8
PTHLH	4	0	0	1	0	0	1	0	1
PTK2	2080	1180	277	826	418	962	291	2	1086
PTK2B	59	44	7	26	21	27	8	0	32
PTK6	5	7	1	2	3	5	0	0	4
PTK7	92	81	20	40	23	38	18	0	47
PTMA	700	453	82	337	164	250	116	0	370
PTMAP2	0	2	0	0	0	1	1	0	0
PTMAP3	0	0	0	0	1	0	0	0	0
PTMAP4	0	2	0	0	0	2	0	0	1
PTMAP5	34	32	1	18	11	32	3	0	25
PTMAP8	1	0	0	0	0	0	0	0	0
PTMAP9	0	0	0	1	0	0	0	0	0
PTMS	498	341	86	254	94	189	117	2	318
PTN	98	94	18	46	43	114	36	0	115
PTOV1	134	81	10	36	28	48	20	0	80
PTOV1-AS1	21	20	1	7	5	5	5	0	10
PTOV1-AS2	42	16	7	13	8	16	9	0	20
PTP4A1	1960	1606	317	1101	610	1276	355	3	1586
PTP4A1P1	0	0	0	1	0	0	0	0	0
PTP4A1P3	0	1	0	0	0	0	0	0	0
PTP4A1P4	0	0	0	0	0	0	0	0	1
PTP4A1P5	1	0	0	0	0	0	0	0	0
PTP4A1P6	0	0	0	0	1	0	0	0	0
PTP4A1P7	0	0	0	1	0	1	0	0	0
PTP4A2	413	262	46	224	106	207	69	0	286
PTP4A2P1	2	0	0	0	0	0	0	0	0
PTP4A2P2	1	0	0	0	0	1	1	0	0
PTP4A3	37	33	9	11	5	12	12	0	16
PTPA	203	108	23	89	43	66	46	0	72
PTPDC1	86	73	11	46	30	60	11	0	84
PTPMT1	76	46	8	30	9	17	15	0	35
PTPN1	284	185	29	115	59	131	37	1	160
PTPN11	412	278	53	185	95	188	68	0	236
PTPN12	383	244	49	155	92	182	26	0	234
PTPN13	293	265	71	131	85	199	73	0	263
PTPN14	1334	1042	185	546	364	716	340	4	1040
PTPN18	48	52	13	29	15	20	10	0	35
PTPN2	240	172	37	107	48	146	39	0	186
PTPN20	0	0	0	0	0	0	1	0	1
PTPN21	53	43	7	19	17	37	11	0	20
PTPN22	4	1	0	0	0	1	0	0	3
PTPN23	137	87	26	53	26	67	21	0	67
PTPN23-DT	6	7	2	1	4	5	1	0	5
PTPN3	151	104	28	63	42	69	34	0	89
PTPN4	383	216	55	158	76	211	61	0	267
PTPN5	2	0	0	1	0	0	0	0	2
PTPN6	8	11	3	3	3	5	1	0	7
PTPN7	2	0	0	0	0	0	0	0	0
PTPN9	143	91	18	89	35	67	18	1	87
PTPRA	133	92	21	65	37	79	34	0	117
PTPRB	35	18	3	13	1	13	7	0	4
PTPRC	7	7	1	0	2	0	0	0	2
PTPRCAP	1	0	0	1	0	0	0	0	0
PTPRD	603	407	75	218	135	282	105	3	399
PTPRD-AS1	0	0	0	0	1	0	0	0	0
PTPRD-DT	0	1	0	0	0	1	0	0	0
PTPRE	202	172	33	77	63	77	11	0	46
PTPRF	541	263	51	163	85	161	65	1	194
PTPRG	110	60	10	36	17	34	12	0	14
PTPRG-AS1	13	3	0	4	1	3	0	0	4
PTPRH	4	2	0	1	0	0	0	0	0
PTPRJ	1702	902	160	626	324	601	224	2	630
PTPRK	1822	788	168	596	316	724	257	6	870
PTPRK-AS1	1	1	0	2	0	0	0	0	0
PTPRM	2925	1816	369	1063	700	1379	386	4	1383
PTPRN	2	4	1	0	0	0	1	0	0
PTPRN2	106	32	7	26	11	21	8	0	20
PTPRN2-AS1	0	0	0	0	1	0	0	0	0
PTPRO	12	6	1	3	5	4	0	0	3
PTPRQ	27	13	1	5	5	9	2	0	16
PTPRR	64	24	3	8	4	6	9	1	8
PTPRS	351	292	66	131	89	161	80	2	185
PTPRS-AS1	0	0	0	0	0	0	0	0	1
PTPRT	50	31	3	21	3	18	11	0	17
PTPRT-DT	2	0	0	0	0	0	0	0	1
PTPRU	35	20	6	15	14	15	3	1	20
PTPRVP	0	1	0	1	0	1	0	0	1
PTPRZ1	9	6	2	2	0	7	2	0	1
PTRH1	64	32	7	27	17	9	10	0	31
PTRH2	226	125	19	83	37	97	30	0	103
PTRHD1	14	6	1	7	3	10	3	0	8
PTS	73	35	8	37	18	37	11	0	36
PTTG1	129	81	21	60	35	65	25	0	71
PTTG1IP	221	157	39	93	64	90	44	0	143
PTTG2	1	0	0	0	0	0	0	0	0
PTTG3P	1	0	1	0	0	0	1	0	0
PTX3	5	1	0	0	0	1	0	0	0
PUDP	254	182	32	117	70	137	46	0	142
PUDPP1	46	13	4	28	5	18	13	0	22
PUDPP2	1	5	0	0	0	1	1	0	0
PUF60	268	121	22	72	48	76	47	0	94
PUM1	1118	806	151	425	261	551	210	3	738
PUM2	641	440	103	241	163	434	102	1	572
PUM3	1778	1153	227	733	463	844	229	3	948
PURA	71	54	11	43	18	42	11	0	73
PURB	236	139	27	90	54	129	36	0	162
PURG	2	1	0	1	1	0	0	0	2
PURPL	103	118	25	50	39	115	36	0	176
PUS1	137	88	26	64	19	41	16	0	77
PUS10	33	26	4	9	14	12	4	0	29
PUS3	18	15	0	9	7	14	6	0	11
PUS7	403	231	46	154	101	176	45	0	214
PUS7L	172	72	25	66	32	97	23	0	76
PUSL1	27	7	2	5	2	8	8	0	7
PVALEF	2	1	0	0	0	0	0	0	1
PVR	267	149	34	108	54	103	38	0	136
PVRIG	7	7	0	1	1	2	1	0	1
PVT1	6977	4296	711	2449	1494	2431	1150	13	3239
PWAR1	2	0	1	1	1	0	0	0	1
PWAR5	100	124	11	37	33	27	24	0	36
PWP1	158	77	16	65	28	69	15	0	62
PWP2	11	8	5	5	2	3	1	0	4
PWRN1	2	1	2	1	1	3	1	0	0
PWRN4	5	6	1	1	1	5	0	0	3
PWWP2A	151	126	27	49	40	82	24	0	152
PWWP2B	48	23	3	15	9	18	9	0	18
PWWP3A	102	67	16	39	23	39	23	0	51
PWWP3B	2	1	0	0	0	1	0	0	0
PWWP4	0	1	0	0	0	0	0	0	0
PXDC1	127	45	9	35	20	20	24	0	32
PXDN	1159	836	179	481	262	515	279	2	823
PXDNL	29	38	7	13	15	24	8	0	31
PXK	78	36	13	38	22	38	6	0	35
PXMP2	11	7	2	4	4	3	1	0	4
PXMP4	17	9	0	1	4	6	3	0	9
PXN	242	101	16	92	33	57	26	1	68
PXN-AS1	12	7	0	7	5	5	4	0	9
PXT1	3	2	0	3	0	0	1	0	6
PXYLP1	227	129	16	99	48	55	32	0	77
PYCARD	0	1	2	5	1	3	0	0	0
PYCARD-AS1	2	0	0	0	1	0	0	0	1
PYCR1	93	57	13	35	17	29	13	0	39
PYCR2	36	28	2	21	11	12	11	0	17
PYCR3	48	20	3	15	7	11	6	0	19
PYDC2-AS1	11	8	0	3	3	0	2	0	6
PYGB	109	46	10	25	17	38	12	0	37
PYGL	378	262	54	162	101	173	74	3	257
PYGM	2	2	0	2	2	3	1	0	1
PYGO1	42	29	2	12	7	21	7	0	28
PYGO2	64	51	10	26	13	21	11	0	27
PYHIN1	0	0	0	0	1	0	1	0	0
PYM1	62	47	5	28	7	30	11	0	35
PYROXD1	61	34	3	25	12	38	11	0	62
PYROXD2	32	41	3	12	5	19	9	1	31
PYURF	38	32	3	27	6	10	2	0	16
PYY	7	4	0	5	0	2	0	0	2
PYY2	0	0	0	0	0	0	0	0	1
PZP	3	1	0	2	0	0	1	0	1
QARS1	186	101	22	67	39	70	27	0	88
QDPR	72	37	5	36	8	23	7	1	30
QKI	476	280	64	201	109	221	59	2	237
QKILA	0	2	0	1	0	2	0	0	0
QPCT	3	1	0	0	0	0	0	0	1
QPCTL	109	74	11	37	25	53	18	0	52
QPRT	40	46	11	22	11	27	18	1	55
QRFP	1	1	0	1	0	0	0	0	0
QRFPR	4	3	0	1	1	2	0	0	1
QRICH1	37	29	1	22	15	12	3	0	25
QRICH2	26	56	6	14	16	29	9	1	53
QRSL1	83	45	11	35	20	39	3	0	47
QRSL1P3	0	0	0	0	0	0	0	0	1
QSER1	580	330	69	260	132	312	62	2	372
QSOX1	124	63	12	31	23	31	25	0	53
QSOX2	538	308	54	163	103	173	71	0	168
QTRT1	47	24	8	15	11	13	9	0	24
QTRT1P1	0	1	0	0	0	1	0	0	1
QTRT2	149	84	16	42	34	69	11	0	75
R3HCC1	24	14	5	10	3	7	6	0	9
R3HCC1L	164	98	21	59	41	95	16	0	111
R3HDM1	475	305	70	197	111	294	71	1	388
R3HDM2	260	226	49	126	78	204	72	4	264
R3HDM2-DT	4	2	1	3	0	1	1	0	1
R3HDM4	68	49	9	35	17	30	16	0	39
R3HDML	1	0	0	0	0	0	0	0	0
R3HDML-AS1	0	0	0	0	0	0	0	0	1
RAB10	438	316	64	203	120	267	65	0	382
RAB11A	119	84	11	45	29	58	21	0	66
RAB11B	95	77	14	39	24	38	19	0	50
RAB11B-AS1	63	13	5	9	9	10	10	0	22
RAB11FIP1	62	45	4	24	16	26	12	0	30
RAB11FIP1P1	17	4	0	4	1	3	1	0	3
RAB11FIP2	81	35	9	32	23	40	11	0	46
RAB11FIP3	383	138	29	106	45	88	52	0	124
RAB11FIP4	9	6	3	3	2	4	0	0	7
RAB11FIP5	50	34	7	15	8	15	6	0	19
RAB12	162	87	11	67	32	61	20	0	73
RAB13	5	5	0	4	2	2	1	0	9
RAB14	330	199	45	141	75	142	46	0	199
RAB15	9	6	2	5	1	1	2	0	5
RAB17	0	0	0	2	0	2	0	0	0
RAB18	137	74	14	56	17	67	24	0	88
RAB19	1	0	0	0	0	0	1	0	0
RAB1A	298	210	42	122	71	155	43	0	241
RAB1AP1	0	0	0	0	1	1	0	0	2
RAB1B	135	81	16	55	21	43	30	0	62
RAB20	46	45	6	16	15	18	8	0	22
RAB21	199	112	15	58	43	73	19	1	118
RAB22A	184	120	24	78	37	87	26	0	108
RAB23	133	80	14	56	40	70	21	0	108
RAB24	31	18	1	7	9	4	7	0	8
RAB25	1	0	0	0	0	0	0	0	0
RAB26	9	12	7	5	3	4	7	0	6
RAB27A	121	98	28	42	27	75	31	0	100
RAB27B	88	28	8	30	14	18	6	0	16
RAB28	369	305	44	180	111	290	98	1	298
RAB29	39	22	3	23	7	15	5	0	16
RAB2A	295	182	40	133	61	168	41	1	236
RAB2B	35	25	8	13	8	32	8	0	31
RAB30	96	71	17	46	15	69	23	1	102
RAB30-DT	145	96	28	67	36	92	22	0	127
RAB31	1264	985	175	561	348	652	277	3	925
RAB32	67	21	3	25	15	20	2	0	15
RAB33A	2	0	0	1	0	0	0	0	0
RAB33B	36	14	2	13	11	15	2	0	29
RAB33B-AS1	35	45	4	12	20	13	5	0	26
RAB34	76	53	9	37	22	21	11	0	40
RAB35	132	71	13	55	31	36	24	1	44
RAB36	3	1	0	1	1	1	0	0	1
RAB37	2	5	0	1	1	0	0	0	1
RAB38	21	19	7	9	7	13	3	0	19
RAB39A	2	0	0	1	0	0	0	0	0
RAB39B	1	0	0	0	0	0	0	0	1
RAB3A	9	7	2	8	4	3	0	0	3
RAB3B	23	2	0	11	1	1	1	0	4
RAB3C	128	141	16	80	52	91	38	1	134
RAB3D	34	31	10	18	6	21	6	0	30
RAB3GAP1	319	220	45	187	89	187	46	1	289
RAB3GAP2	441	277	55	192	98	222	70	0	280
RAB3IL1	18	9	2	2	3	5	1	0	5
RAB3IP	42	23	2	11	4	8	3	0	19
RAB40A	0	0	0	0	0	0	0	0	1
RAB40AL	2	0	0	0	0	0	0	0	1
RAB40B	37	22	5	15	5	16	11	0	22
RAB40C	89	76	12	29	25	32	21	0	58
RAB42	7	6	0	1	2	4	2	0	4
RAB43	1	0	1	2	0	1	0	0	0
RAB44	2	2	0	3	0	0	0	0	0
RAB4A	70	54	9	26	24	30	9	0	53
RAB4A-AS1	9	9	3	4	3	7	2	0	17
RAB4B-EGLN2	59	32	6	22	6	21	12	0	17
RAB5A	202	123	24	85	49	124	32	2	153
RAB5B	107	76	13	47	19	65	25	0	112
RAB5C	92	36	5	40	22	35	19	0	22
RAB5C-AS1	1	0	0	0	0	0	0	0	0
RAB5CP1	0	0	0	1	0	0	0	0	0
RAB5IF	52	31	10	27	7	23	17	0	25
RAB6A	325	195	22	121	69	174	48	1	216
RAB6B	23	21	3	14	8	6	7	0	5
RAB7A	761	486	95	291	169	316	112	3	455
RAB7B	1	1	0	0	0	0	0	0	0
RAB8A	177	101	22	79	35	59	28	0	86
RAB8B	64	40	5	25	19	25	7	0	32
RAB9A	59	56	11	20	12	32	8	1	50
RABAC1	44	24	1	16	5	7	5	0	12
RABEP1	419	218	44	156	101	155	63	1	183
RABEP2	56	19	6	14	9	11	7	0	25
RABEPK	126	68	15	52	22	45	16	0	56
RABGAP1	813	466	85	317	161	384	116	1	515
RABGAP1L	632	551	105	289	171	481	127	4	627
RABGAP1L-AS1	3	0	0	3	1	2	1	0	1
RABGAP1L-DT	2	2	0	1	0	1	0	0	2
RABGAP1L-IT1	2	1	0	0	0	0	0	0	0
RABGEF1	29	16	1	10	7	11	3	1	14
RABGEF1P2	0	0	0	0	0	1	0	0	0
RABGEF1P3	0	0	0	0	0	1	0	0	1
RABGGTA	18	13	1	10	3	6	6	0	15
RABGGTB	1410	940	96	443	216	333	172	2	445
RABIF	25	25	4	14	6	13	2	0	11
RABL2A	11	12	4	2	3	6	2	0	9
RABL2B	19	12	4	8	12	8	4	0	16
RABL3	77	54	3	33	25	42	12	1	60
RABL6	273	186	30	133	68	92	76	0	127
RAC1	373	258	48	167	94	168	65	0	211
RAC1P1	1	0	0	0	0	0	0	0	0
RAC1P2	1	1	0	1	0	1	0	0	4
RAC2	3	3	1	1	1	1	1	0	3
RAC3	14	13	1	6	3	4	2	0	13
RACGAP1	284	194	31	133	75	143	48	0	252
RACGAP1P1	0	0	0	0	0	2	0	0	0
RACK1	999	500	77	399	152	308	131	0	369
RACK1P1	0	3	0	2	2	0	0	0	1
RAD1	150	130	14	61	48	78	29	0	109
RAD17	78	53	7	28	13	32	11	0	57
RAD17P1	0	0	1	0	0	0	0	0	0
RAD18	569	460	76	222	159	280	103	0	430
RAD21	395	281	45	184	94	215	72	2	247
RAD21-AS1	0	1	0	1	0	0	0	0	0
RAD21L1	1	3	0	1	0	0	1	0	0
RAD21P1	3	0	0	0	0	0	0	0	1
RAD23A	237	143	40	112	50	92	58	0	131
RAD23B	622	377	89	257	149	317	93	2	350
RAD23BP2	1	0	0	0	0	0	0	0	0
RAD50	15	9	0	9	5	5	4	0	7
RAD51	59	43	9	21	15	35	14	0	42
RAD51-AS1	28	18	4	14	9	23	7	1	42
RAD51AP1	82	67	9	40	15	68	16	0	89
RAD51AP2	1	0	0	0	1	0	0	0	0
RAD51B	888	802	162	376	262	632	195	2	949
RAD51C	63	60	8	27	17	32	16	0	57
RAD51D	31	29	6	13	12	9	5	0	14
RAD52	76	62	3	23	17	31	12	1	45
RAD54B	189	142	23	87	60	144	22	0	164
RAD54L	150	100	14	63	27	82	20	0	94
RAD54L2	245	180	32	99	65	126	38	1	169
RAD9A	83	84	10	40	30	46	19	0	72
RAD9B	3	3	0	1	0	5	1	0	3
RADIL	5	1	0	4	0	0	0	0	0
RADX	1	1	0	1	0	2	1	0	2
RAE1	241	136	26	79	43	99	26	0	100
RAET1E	28	20	2	13	7	11	5	0	12
RAET1E-AS1	10	8	0	5	3	2	1	0	11
RAET1G	22	6	3	6	3	7	4	0	16
RAET1K	2	1	0	2	0	0	1	0	0
RAET1L	1	0	0	0	1	0	0	0	0
RAF1	333	230	61	120	68	182	61	0	242
RAG1	0	1	0	1	0	1	0	0	3
RAG2	0	0	0	0	1	0	0	0	0
RAI1	790	551	92	270	189	287	155	1	345
RAI1-AS1	2	0	0	0	0	0	0	0	1
RAI14	1144	819	147	469	289	556	203	2	694
RAI2	12	1	2	4	0	2	0	0	1
RALA	419	168	29	121	72	124	46	0	175
RALB	45	37	7	27	11	21	10	0	27
RALBP1	85	64	12	38	27	43	11	0	63
RALBP1P1	1	0	0	0	0	0	0	0	0
RALGAPA1	310	231	51	140	65	203	52	0	314
RALGAPA1P1	5	3	0	0	0	2	0	0	2
RALGAPA2	184	136	28	72	61	92	26	0	112
RALGAPB	287	187	35	119	70	154	61	0	237
RALGDS	7	5	1	5	4	5	1	0	6
RALGPS1	104	93	13	28	19	31	19	1	62
RALGPS2	145	95	16	63	33	92	21	0	106
RALGPS2-AS1	4	1	0	1	2	1	0	0	1
RALY	521	377	71	184	154	220	86	1	330
RALY-AS1	31	12	3	8	2	3	2	0	3
RALYL	46	25	3	18	7	17	11	0	27
RAMAC	5	3	0	6	1	1	1	0	1
RAMACL	27	12	1	7	2	6	1	0	4
RAMP1	32	20	0	7	5	7	5	0	6
RAMP2	1	0	0	0	0	0	0	0	0
RAMP2-AS1	0	1	0	1	0	0	0	0	2
RAMP3	1	0	0	0	1	0	0	0	0
RAN	514	295	63	221	78	180	68	1	221
RANBP1	512	505	38	256	134	88	118	0	135
RANBP10	136	91	10	33	25	55	30	0	72
RANBP17	412	299	51	197	92	230	67	0	298
RANBP1P1	2	0	0	0	1	0	0	0	1
RANBP2	488	276	56	194	110	218	70	0	226
RANBP3	259	188	22	111	73	94	41	1	178
RANBP3-DT	11	7	1	4	2	5	1	0	8
RANBP3L	1	1	0	0	0	1	0	0	0
RANBP6	153	60	13	52	30	56	24	0	66
RANBP9	245	181	33	99	56	175	31	0	264
RANGAP1	495	238	51	187	80	149	46	0	210
RANGRF	22	10	0	7	2	12	3	0	7
RANP1	4	0	0	0	0	0	0	0	1
RANP3	0	0	0	1	0	0	0	0	0
RANP5	0	0	0	0	1	0	0	0	0
RANP6	0	0	0	1	0	0	0	0	0
RANP8	0	0	0	0	0	0	0	0	1
RAP1A	206	136	31	86	37	106	29	0	176
RAP1B	456	353	96	189	114	350	95	0	538
RAP1BP1	1	0	0	0	0	0	0	0	0
RAP1BP2	1	0	0	0	0	0	0	0	0
RAP1BP3	2	0	0	0	0	0	0	0	0
RAP1GAP	62	41	11	19	9	21	16	0	23
RAP1GAP2	312	208	30	113	62	112	43	0	111
RAP1GDS1	340	203	44	145	81	215	46	1	232
RAP2A	130	100	16	70	40	91	23	0	123
RAP2B	80	30	8	41	15	28	5	0	35
RAP2C	73	48	13	45	19	35	8	0	46
RAP2C-AS1	33	16	4	13	10	23	9	0	22
RAPGEF1	1032	489	83	374	161	277	155	4	327
RAPGEF2	598	324	66	235	122	314	80	5	410
RAPGEF3	9	10	2	5	2	4	1	0	3
RAPGEF4	22	21	3	12	10	18	9	0	23
RAPGEF4-AS1	1	1	0	0	0	2	0	0	0
RAPGEF5	13	3	1	7	1	6	2	0	7
RAPGEF6	24	22	3	10	7	16	5	0	9
RAPGEFL1	20	19	3	9	12	12	12	0	19
RAPH1	339	175	43	137	69	175	36	1	223
RAPSN	5	9	0	3	1	0	0	0	8
RARA	108	49	10	30	17	26	17	0	41
RARA-AS1	5	1	0	0	0	0	3	0	2
RARB	58	30	3	9	8	19	6	0	32
RARG	107	77	12	33	25	35	18	0	46
RARRES1	15	9	2	11	0	9	4	0	4
RARRES2	3	1	0	0	1	0	4	0	3
RARS1	375	190	28	121	79	127	40	1	142
RARS2	181	137	24	73	45	119	40	0	152
RASA1	234	129	31	94	60	113	34	0	162
RASA2	243	139	36	95	66	147	33	0	175
RASA2-IT1	1	0	0	0	0	0	1	0	2
RASA3	598	350	77	190	112	172	104	0	210
RASA3-IT1	1	1	0	0	0	1	0	0	1
RASA4	0	1	0	0	0	0	0	0	1
RASA4B	2	4	1	1	0	1	1	0	1
RASA4CP	0	0	0	0	0	0	0	0	2
RASA4DP	0	0	0	2	0	0	0	0	1
RASAL1	10	14	5	6	1	4	3	0	2
RASAL2	631	321	56	246	121	310	80	3	328
RASAL2-AS1	2	1	0	0	1	0	0	0	2
RASAL3	3	3	2	3	0	0	0	0	0
RASD1	64	12	1	14	4	4	2	0	4
RASD2	2	3	0	0	0	0	0	0	1
RASEF	13	4	1	1	2	1	0	0	3
RASGEF1A	8	2	0	0	0	2	1	0	1
RASGEF1B	180	258	42	92	79	153	74	1	230
RASGEF1C	56	36	4	27	23	21	13	0	14
RASGRF1	10	1	0	1	1	1	2	0	0
RASGRF2	46	12	1	18	6	17	3	0	10
RASGRF2-AS1	2	0	0	1	0	0	0	0	0
RASGRP1	6	3	0	4	3	2	1	0	1
RASGRP2	1	1	0	1	0	0	0	0	0
RASGRP3	9	2	0	4	0	3	1	0	1
RASGRP4	2	0	0	0	0	0	0	0	0
RASIP1	137	74	12	52	23	49	28	0	53
RASL10A	1	0	0	0	0	0	0	0	1
RASL10B	61	41	13	28	10	25	20	0	31
RASL11A	0	1	0	5	0	1	0	0	0
RASL11B	2	2	0	0	0	1	0	0	0
RASL12	1	0	0	0	0	0	0	0	0
RASSF1	138	120	14	52	42	56	23	1	83
RASSF1-AS1	0	0	0	2	1	0	0	0	0
RASSF10	1	0	0	1	0	0	1	0	2
RASSF10-DT	26	13	1	6	5	13	1	0	10
RASSF2	4	16	2	3	1	1	3	0	2
RASSF3	255	202	26	117	71	143	57	0	267
RASSF3-DT	1	0	0	0	0	0	0	0	0
RASSF4	6	0	0	1	2	0	2	0	3
RASSF5	17	15	1	8	2	12	3	0	11
RASSF6	4	4	1	1	0	2	2	0	3
RASSF7	7	2	0	3	3	3	0	0	1
RASSF8	780	466	99	256	166	386	105	2	508
RASSF8-AS1	39	21	3	15	6	18	2	0	16
RASSF9	22	8	2	2	2	7	3	0	5
RAVER1	164	101	25	67	42	60	41	0	92
RAVER2	126	63	16	50	33	71	21	0	71
RAX	2	2	0	1	0	0	0	0	0
RAX2	1	0	0	1	1	0	1	0	0
RB1	474	381	73	220	135	331	109	1	477
RB1-DT	0	0	0	0	0	1	0	0	0
RB1CC1	305	192	28	111	70	164	45	0	219
RBAK	65	33	4	24	23	33	4	0	28
RBAK-RBAKDN	172	105	11	57	45	75	23	0	108
RBBP4	428	259	69	165	101	230	86	1	351
RBBP4P1	4	0	0	1	1	1	0	0	0
RBBP4P2	0	1	0	0	0	0	0	0	0
RBBP4P3	0	0	0	0	0	0	0	0	1
RBBP4P4	1	0	0	0	0	0	0	0	0
RBBP4P5	1	0	0	0	0	0	0	0	0
RBBP5	165	104	21	61	52	91	22	1	116
RBBP6	298	211	37	132	64	168	45	0	219
RBBP7	343	252	42	130	86	152	62	0	190
RBBP8	176	116	16	81	57	125	30	2	172
RBBP8NL	1	0	0	1	0	0	0	0	0
RBBP9	19	18	5	9	5	6	1	0	11
RBCK1	64	51	9	43	15	22	18	0	42
RBFA	16	17	0	6	5	13	5	0	17
RBFADN	1	0	0	0	1	1	0	0	0
RBFOX1	173	81	9	64	27	60	23	1	51
RBFOX2	971	660	120	430	254	557	161	0	725
RBFOX3	30	23	2	6	6	3	6	0	6
RBIS	57	24	4	16	18	17	7	0	32
RBKS	13	5	0	3	1	6	2	0	3
RBL1	221	183	36	99	58	125	50	0	187
RBL2	74	63	11	28	22	29	11	0	57
RBM10	210	169	41	71	43	88	32	1	151
RBM11	2	0	0	0	0	0	0	0	1
RBM12	264	173	27	106	74	102	46	1	133
RBM12B	159	121	18	81	54	98	37	0	136
RBM12B-DT	1	0	0	0	0	0	0	0	1
RBM14	272	179	37	105	45	119	61	0	123
RBM14-RBM4	457	342	69	162	130	258	99	0	359
RBM15	199	114	17	87	43	95	26	0	139
RBM15-AS1	28	28	6	18	5	16	6	0	28
RBM15B	199	82	10	83	30	57	27	0	72
RBM17	198	101	26	79	45	73	23	0	119
RBM17P4	0	1	0	0	0	0	0	0	0
RBM18	134	67	20	53	30	64	17	0	69
RBM19	399	209	33	120	80	109	55	0	145
RBM20	35	39	8	28	10	34	13	0	57
RBM22	122	72	3	43	22	46	23	1	52
RBM22P2	0	1	0	0	0	0	0	0	0
RBM23	112	73	22	62	29	63	23	0	87
RBM24	11	1	0	2	4	2	0	0	2
RBM25	389	223	47	167	93	191	46	0	243
RBM25-AS1	2	1	0	0	1	1	0	0	5
RBM26	852	569	118	362	190	456	135	3	614
RBM26-AS1	14	19	2	9	6	9	4	0	23
RBM27	71	40	8	38	11	33	6	0	45
RBM28	343	218	44	168	82	153	58	1	180
RBM3	289	200	33	108	68	95	48	1	159
RBM33	505	343	60	153	133	252	91	1	380
RBM33-DT	6	0	1	1	2	1	1	0	3
RBM34	161	79	28	70	34	82	22	0	101
RBM38	42	17	5	8	7	12	6	0	12
RBM38-AS1	1	1	0	1	1	0	0	0	1
RBM39	1215	761	147	504	269	692	193	2	902
RBM39P1	0	1	0	0	0	2	0	0	0
RBM4	221	163	33	74	55	135	43	1	172
RBM41	157	102	34	76	37	99	19	0	108
RBM42	88	45	9	34	15	27	6	0	27
RBM43	6	5	0	4	0	2	1	0	3
RBM44	6	5	0	1	0	3	3	0	1
RBM45	29	26	4	15	13	22	3	0	24
RBM46	0	0	0	0	0	1	0	0	0
RBM47	64	47	10	30	23	28	4	0	36
RBM48	72	51	4	25	10	25	5	0	38
RBM4B	41	45	10	25	10	36	17	0	37
RBM5	342	276	42	139	84	163	72	0	262
RBM6	577	457	84	270	152	345	111	0	489
RBM7	24	22	0	7	5	12	2	0	20
RBM8A	73	29	13	34	11	34	7	0	40
RBM8B	0	1	0	0	0	0	0	0	0
RBMS1	1228	784	161	511	290	710	209	3	722
RBMS2	159	116	18	77	35	74	27	0	83
RBMS2P1	1	1	0	0	0	0	0	0	1
RBMS3	1388	774	122	489	263	576	185	0	585
RBMS3-AS2	5	3	0	0	0	0	1	0	1
RBMS3-AS3	29	4	2	9	4	8	1	0	5
RBMX	737	611	66	294	134	237	107	0	270
RBMX2	22	19	1	16	8	13	2	0	26
RBMX2P1	0	0	0	0	0	0	0	0	2
RBMX2P2	1	0	0	0	0	0	0	0	0
RBMX2P3	1	0	0	2	0	4	0	0	0
RBMXL1	47	37	13	28	12	23	4	0	40
RBMXL2	1	1	1	0	0	0	0	0	1
RBMXP2	0	0	0	0	1	0	0	0	0
RBMXP3	0	0	0	0	0	0	0	0	1
RBMXP4	0	0	0	1	0	0	0	0	0
RBMY1KP	1	1	0	0	0	0	0	0	0
RBMY2FP	1	0	0	0	0	0	0	0	0
RBMY2HP	1	0	1	0	0	0	0	0	0
RBMY2KP	1	0	1	0	0	0	0	0	0
RBP1	1	1	0	1	0	2	0	0	2
RBP2	0	1	0	0	0	0	0	0	0
RBP3	1	0	0	0	0	0	0	0	0
RBP4	3	0	1	2	1	1	0	0	0
RBP5	3	0	0	2	1	0	0	0	0
RBP7	3	0	0	0	0	1	0	0	0
RBPJ	254	154	34	99	58	150	38	3	174
RBPJL	4	4	1	2	1	2	1	0	3
RBPMS	233	220	44	114	79	185	30	0	229
RBPMS-AS1	1	1	0	0	0	2	0	0	0
RBPMS2	26	29	7	8	6	7	7	0	9
RBSN	58	36	9	44	14	28	9	0	39
RBX1	174	132	19	82	47	94	35	1	121
RC3H1	248	159	34	110	53	166	34	0	186
RC3H1-DT	1	0	0	1	0	0	0	0	0
RC3H1-IT1	19	14	1	9	3	14	3	0	23
RC3H2	445	226	59	202	112	230	79	0	275
RCAN1	55	23	7	20	10	14	5	0	16
RCAN2	13	6	0	3	2	1	3	0	3
RCAN2-DT	2	0	0	0	0	3	1	0	1
RCAN3	28	22	4	12	8	11	7	0	20
RCAN3AS	1	0	1	0	1	0	0	0	0
RCBTB1	60	30	8	22	10	31	5	0	42
RCBTB2	37	27	5	10	11	17	6	0	42
RCC1	5367	6250	357	2406	1881	734	1382	13	1284
RCC1L	153	70	20	53	32	60	23	1	75
RCC2	602	360	67	320	119	229	91	0	287
RCC2P4	1	0	0	0	0	0	0	0	0
RCC2P6	0	0	0	0	0	1	0	0	0
RCC2P7	1	0	0	1	0	0	0	0	2
RCCD1	80	41	9	45	25	18	18	0	45
RCCD1-AS1	1	0	0	0	0	0	0	0	0
RCE1	30	13	6	12	8	5	8	0	7
RCHY1	67	43	3	21	12	28	6	1	42
RCL1	494	328	48	196	126	227	55	2	260
RCN1	144	126	26	60	45	115	24	0	155
RCN1P1	0	1	0	0	0	0	0	0	0
RCN1P2	4	5	1	2	0	2	1	0	3
RCN2	147	91	12	46	25	65	22	1	89
RCN3	12	11	0	6	0	7	3	0	13
RCOR1	374	272	53	146	72	203	55	1	287
RCOR2	8	3	1	1	0	1	1	1	5
RCOR3	158	75	16	62	29	83	26	0	80
RCSD1	5	4	0	1	2	0	2	0	1
RD3	2	1	0	0	0	0	0	0	0
RDH10	181	89	21	45	31	52	23	0	96
RDH10-AS1	2	0	1	0	0	0	0	0	3
RDH11	108	82	12	58	36	58	13	0	72
RDH12	0	0	0	0	0	0	0	0	1
RDH13	42	24	1	13	6	17	5	0	13
RDH14	24	6	1	7	3	5	4	0	6
RDH16	2	0	0	1	1	1	0	0	0
RDH5	4	0	0	0	1	2	0	0	0
RDH8	0	0	0	0	0	1	0	0	0
RDM1	0	2	0	0	1	0	1	0	1
RDM1P2	0	2	0	0	0	1	0	0	0
RDM1P3	0	0	0	0	0	0	0	0	1
RDM1P5	4	3	0	0	2	2	1	0	2
RDUR	5	1	0	0	0	1	0	0	0
RDX	393	348	68	213	123	268	104	1	430
RDXP3	0	1	0	0	0	0	0	0	0
REC114	2	0	0	2	1	1	1	0	1
REC8	12	11	2	2	1	1	3	1	4
RECK	67	33	8	28	18	31	11	0	35
RECQL	188	108	22	47	38	70	40	1	121
RECQL4	131	72	21	58	16	48	25	0	78
RECQL5	100	67	6	26	24	26	24	0	68
REELD1	0	0	1	0	0	0	0	0	0
REEP1	8	8	2	2	4	2	2	0	6
REEP2	0	3	0	1	2	2	0	0	3
REEP3	215	167	24	89	66	145	54	2	217
REEP4	57	35	10	24	15	22	13	0	29
REEP5	170	105	16	52	45	78	21	0	81
REEP6	0	1	1	2	2	0	0	0	1
REG4	0	0	1	0	0	0	1	0	0
REL	92	66	9	38	26	49	13	0	102
REL-DT	1	0	2	1	0	0	2	0	2
RELA	108	76	9	42	20	33	15	0	51
RELA-DT	4	2	0	2	2	2	0	0	4
RELB	64	38	3	17	11	19	7	0	42
RELCH	212	168	23	83	47	125	36	1	148
RELL1	69	49	8	23	18	38	15	0	36
RELL2	19	11	0	9	2	9	5	0	8
RELN	29	10	2	11	15	10	4	0	6
RELT	160	80	19	40	24	36	18	1	51
REM1	5	1	0	0	1	0	0	0	1
REM2	2	0	0	4	0	1	1	0	0
REN	1	1	0	0	0	0	1	0	1
RENBP	5	1	0	0	0	0	0	0	0
RENO1	5	2	0	0	2	2	0	0	5
REP15	0	2	0	0	2	0	0	0	0
REPIN1	113	47	7	43	19	25	17	1	42
REPIN1-AS1	6	2	0	2	2	1	0	0	0
REPS1	124	71	18	51	31	62	17	0	89
REPS2	47	48	7	23	11	26	6	0	35
RER1	204	131	25	99	36	70	48	1	99
RERE	1019	814	149	445	299	614	139	1	572
RERG	262	169	50	104	68	164	35	0	164
RERG-AS1	0	0	0	0	0	1	0	0	0
RERGL	19	9	1	8	7	7	3	0	4
RESF1	60	24	8	25	13	25	6	0	39
REST	169	98	9	89	34	71	17	0	71
RET	10	0	0	0	3	1	0	0	2
RETN	0	0	0	0	0	0	1	0	0
RETNLB	0	0	0	0	0	0	0	0	1
RETREG1	179	142	19	66	42	68	40	1	80
RETREG1-AS1	2	1	0	0	0	1	0	0	1
RETREG2	74	60	10	36	18	19	15	0	48
RETREG3	77	74	6	46	20	58	15	1	78
RETSAT	59	35	3	18	11	20	10	0	29
REV1	174	104	24	65	30	79	27	0	135
REV3L	452	332	62	232	103	321	86	0	407
REV3L-IT1	0	0	0	0	0	1	0	0	0
REX1BD	47	13	5	12	5	10	2	1	8
REXO1	237	110	33	85	43	68	41	1	100
REXO2	61	39	3	19	16	27	12	0	18
REXO4	133	76	16	58	23	39	19	0	40
REXO5	38	27	8	21	13	17	10	0	36
RFC1	262	163	36	87	64	121	42	0	193
RFC2	112	59	21	37	20	51	29	1	64
RFC3	488	451	70	221	142	316	80	2	417
RFC4	133	125	20	61	32	79	22	0	100
RFC5	112	90	18	42	24	52	17	0	71
RFESD	8	4	2	5	1	10	3	0	9
RFFL	22	13	2	6	9	9	5	0	8
RFK	85	53	10	47	24	54	8	0	47
RFKP1	1	0	0	0	0	0	0	0	0
RFKP2	0	0	0	0	1	0	0	0	0
RFLNA	18	6	1	5	0	7	6	0	4
RFLNB	21	17	2	7	9	12	2	0	12
RFNG	16	10	2	4	3	6	4	0	10
RFPL1S	39	26	8	17	10	22	9	0	32
RFPL2	2	1	0	1	0	0	0	0	0
RFPL3S	6	1	0	1	1	2	0	0	1
RFT1	87	55	12	33	16	27	15	0	42
RFTN1	83	41	2	30	13	23	7	0	18
RFTN2	6	3	0	1	1	0	0	0	1
RFWD3	332	196	39	113	80	198	47	0	167
RFX1	115	68	11	42	18	40	23	0	47
RFX2	117	58	10	37	8	22	9	0	37
RFX3	721	560	108	319	210	585	162	1	651
RFX3-DT	58	41	6	16	11	35	11	0	24
RFX4	11	4	2	2	5	4	0	0	4
RFX5	146	86	20	74	22	62	27	1	88
RFX5-AS1	1	1	1	1	0	0	0	0	0
RFX6	5	7	0	3	1	0	1	0	2
RFX7	458	328	63	199	108	222	89	0	267
RFX8	6	6	1	0	3	2	1	0	2
RFXANK	32	18	8	12	5	4	3	0	13
RFXAP	30	28	4	11	9	16	6	0	26
RGCC	183	184	35	113	59	150	97	1	184
RGL1	94	60	5	39	22	39	21	0	55
RGL2	14	14	4	3	7	10	2	0	10
RGL3	16	22	3	8	0	16	8	0	20
RGL4	1	0	0	0	0	1	0	0	0
RGMA	4	7	0	1	2	1	4	0	6
RGMB	95	57	13	36	21	38	11	0	59
RGMB-AS1	0	2	0	0	0	1	1	0	0
RGN	1	2	0	1	1	1	1	0	2
RGP1	151	105	20	55	36	57	36	0	84
RGPD1	1	0	0	0	0	0	0	0	0
RGPD2	2	0	0	0	0	0	0	0	0
RGPD3	0	0	0	0	0	0	0	0	1
RGPD4	0	0	0	1	0	0	0	0	2
RGPD4-AS1	0	1	0	0	1	0	0	0	0
RGPD5	4	1	0	1	0	0	1	0	0
RGPD8	8	5	1	0	2	2	3	0	0
RGR	1	0	0	0	0	1	0	0	0
RGS10	35	16	1	16	4	12	8	0	14
RGS11	3	3	0	0	1	5	1	0	3
RGS12	84	88	8	40	31	43	15	1	90
RGS13	0	0	0	0	0	1	0	0	0
RGS14	8	1	2	2	1	2	1	0	1
RGS16	21	4	1	7	2	3	0	0	2
RGS17	14	12	1	9	1	4	2	0	3
RGS17P1	1	0	0	0	1	0	0	0	1
RGS18	1	2	1	1	0	2	1	0	4
RGS19	25	14	1	7	5	5	7	0	15
RGS2	122	46	4	41	24	21	2	0	22
RGS20	54	35	8	22	12	15	9	1	25
RGS21	2	0	0	0	1	0	0	0	1
RGS22	6	5	1	4	5	1	3	0	1
RGS3	148	98	22	64	37	72	31	0	66
RGS4	3	0	0	2	0	0	0	0	1
RGS5	132	90	11	43	29	93	30	0	89
RGS5-AS1	4	0	0	0	1	1	0	0	0
RGS6	29	14	0	9	3	4	4	0	6
RGS7	29	10	1	15	8	9	5	0	12
RGS7BP	4	1	1	0	0	2	0	0	2
RGS8	3	2	1	0	0	0	0	0	0
RGS9	95	25	4	6	8	21	8	0	10
RGS9BP	6	5	0	1	1	1	1	0	1
RGSL1	3	1	0	4	0	3	1	0	1
RHAG	1	0	0	1	0	0	0	0	0
RHBDD1	199	134	31	81	55	77	27	0	109
RHBDD2	48	35	9	29	8	17	10	0	36
RHBDD3	69	35	7	21	11	13	5	0	33
RHBDF1	38	21	2	6	3	8	9	0	15
RHBDF2	65	40	8	23	16	18	8	0	26
RHBDL1	7	4	0	3	4	2	2	0	2
RHBDL2	8	10	2	3	4	4	3	0	8
RHBDL3	11	16	3	4	4	5	8	0	35
RHBG	0	1	0	0	0	0	0	0	0
RHCE	1	3	0	0	0	1	0	0	0
RHCG	1	0	0	0	0	1	0	0	0
RHD	1	0	0	0	0	1	1	0	1
RHEB	453	325	72	164	131	269	109	0	289
RHEBL1	13	3	2	6	3	1	1	0	3
RHEBP1	0	0	0	0	0	0	0	0	1
RHEBP2	1	0	0	0	0	0	0	0	0
RHEX	1	1	0	3	0	0	1	0	0
RHNO1	20	20	4	13	1	20	1	0	21
RHO	0	0	0	0	0	0	0	0	1
RHOA	345	232	46	201	76	177	54	0	211
RHOA-IT1	1	1	1	1	0	0	1	0	2
RHOB	494	253	56	156	85	187	93	1	281
RHOBTB1	108	93	25	37	30	89	25	0	102
RHOBTB2	45	36	10	17	16	11	7	0	33
RHOBTB3	335	179	41	119	65	134	37	0	189
RHOC	41	22	4	22	7	16	10	0	21
RHOD	54	29	1	21	3	15	4	1	19
RHOF	105	35	5	24	14	23	10	0	17
RHOG	73	29	11	20	12	18	8	0	21
RHOG2P	0	0	0	1	0	0	0	0	0
RHOH	4	0	0	0	1	2	0	1	0
RHOJ	3	0	1	2	0	0	1	0	6
RHOQ	138	111	29	46	35	74	23	1	94
RHOQ-AS1	1	2	0	4	2	2	0	0	2
RHOQP1	1	1	0	1	0	1	1	0	2
RHOQP2	1	0	0	0	0	0	0	0	0
RHOQP3	1	0	0	0	0	0	0	0	0
RHOT1	118	101	20	69	41	61	15	0	92
RHOT2	155	70	22	50	12	46	25	0	47
RHOU	3	0	1	2	1	0	1	0	3
RHOV	3	3	0	0	2	4	1	0	0
RHOXF1	26	32	4	7	8	27	10	0	29
RHOXF1-AS1	8	9	3	4	6	4	3	0	3
RHOXF1P1	1	1	0	0	0	0	0	0	1
RHOXF1P2	0	0	0	0	0	0	0	0	1
RHOXF1P3	4	4	0	1	1	0	1	0	2
RHPN1	14	14	4	2	6	6	3	0	4
RHPN1-AS1	3	1	0	0	0	0	0	0	0
RHPN2	37	48	8	26	13	32	11	0	36
RHPN2P1	2	1	0	0	0	0	0	0	2
RIBC1	1	2	1	0	0	1	0	0	3
RIBC2	14	17	6	6	8	11	8	0	33
RIC1	723	458	99	289	171	392	103	1	512
RIC3	2	1	0	0	1	2	0	0	3
RIC3-DT	0	0	0	0	1	0	0	0	0
RIC8A	67	30	6	24	8	24	7	0	26
RIC8B	154	127	22	60	53	96	35	0	155
RICTOR	1092	730	128	443	249	652	158	1	877
RIDA	29	18	1	13	9	7	3	0	13
RIF1	705	435	78	278	173	341	107	0	422
RIGI	10	1	0	2	0	1	0	0	0
RIIAD1	0	0	0	0	1	0	0	0	0
RILP	20	0	0	1	0	2	0	0	0
RILPL1	123	101	12	42	32	64	23	1	73
RILPL2	22	14	2	8	5	11	3	0	15
RIMBP2	21	9	1	12	4	3	4	0	2
RIMKLA	1	4	0	2	0	0	0	0	0
RIMKLB	211	140	34	86	39	127	40	0	163
RIMOC1	207	159	38	136	46	120	32	0	161
RIMS1	35	14	8	23	11	15	7	0	18
RIMS2	567	500	109	275	183	470	191	3	737
RIMS3	4	3	1	2	0	2	2	0	2
RIMS4	8	11	0	5	3	3	3	0	7
RIN1	54	14	7	12	10	10	2	0	8
RIN2	91	31	9	25	14	25	11	0	28
RIN3	15	5	1	13	5	5	1	0	6
RING1	53	23	2	19	8	21	3	0	19
RINL	2	5	2	4	2	1	1	0	5
RINT1	94	80	21	50	28	59	18	0	68
RIOK1	87	130	11	36	19	58	15	0	74
RIOK2	96	41	12	27	20	37	13	1	35
RIOK3	112	45	9	36	21	39	13	1	52
RIOX1	27	15	2	19	2	9	6	0	10
RIOX2	78	31	3	23	11	16	7	0	21
RIPK1	100	63	7	41	25	40	14	0	70
RIPK2	55	23	0	20	4	22	3	0	23
RIPK2-DT	113	87	19	34	26	67	26	0	106
RIPK3	0	0	0	0	0	0	0	0	1
RIPK4	23	0	0	5	1	1	1	0	3
RIPOR1	91	38	12	34	17	44	14	0	42
RIPOR2	11	12	1	3	3	0	2	0	6
RIPOR3	2	4	0	2	1	4	0	0	3
RIPPLY3	3	1	0	0	0	1	0	0	0
RIT1	32	29	2	23	11	21	6	0	27
RIT2	13	5	1	0	1	6	2	0	3
RITA1	29	12	0	10	6	14	4	0	14
RLF	251	156	34	100	52	115	34	1	133
RLIM	313	184	42	106	84	143	47	1	173
RLN2	1	1	0	1	0	0	0	0	3
RLN3	1	0	0	0	0	0	0	0	0
RMC1	48	33	6	11	16	20	7	0	22
RMDN1	64	37	6	20	16	42	9	0	51
RMDN2	33	20	4	6	7	23	4	0	13
RMDN2-AS1	15	10	3	2	5	14	2	0	7
RMDN3	91	52	7	37	23	30	13	0	43
RMEL3	6	4	0	2	0	2	0	0	3
RMI1	94	48	6	47	15	47	12	0	70
RMI2	38	35	11	13	11	20	9	0	36
RMND1	94	43	15	37	25	38	8	0	41
RMND5A	185	147	31	89	57	78	35	1	126
RMND5B	72	56	12	30	18	38	24	0	45
RMRP	5592	3309	708	2123	892	1554	1134	5	2125
RMST	6	9	0	1	3	3	3	0	5
RN7SKP1	2	0	0	0	0	2	1	0	0
RN7SKP10	7	4	0	0	0	1	0	0	3
RN7SKP100	3	1	0	1	0	0	0	0	1
RN7SKP101	0	0	0	1	0	0	0	0	0
RN7SKP102	3	1	0	2	0	0	1	0	0
RN7SKP103	2	0	1	1	0	0	0	0	1
RN7SKP104	33	8	2	12	4	7	2	0	4
RN7SKP105	0	1	0	0	0	0	0	0	1
RN7SKP107	2	2	0	1	0	0	1	0	1
RN7SKP108	4	1	0	0	1	0	0	0	1
RN7SKP11	0	0	0	0	0	0	0	0	1
RN7SKP110	0	1	0	1	0	0	0	0	0
RN7SKP112	0	0	0	1	1	0	0	0	0
RN7SKP114	5	6	0	2	0	1	0	0	2
RN7SKP115	4	1	0	1	2	0	0	0	0
RN7SKP117	1	0	0	1	0	0	0	0	0
RN7SKP118	72	25	1	14	6	12	6	0	5
RN7SKP119	4	3	0	0	0	2	0	0	0
RN7SKP124	8	5	0	2	0	3	0	0	0
RN7SKP125	1	0	0	0	0	0	0	0	0
RN7SKP126	8	3	2	2	0	2	0	0	2
RN7SKP129	0	0	0	1	0	0	0	0	0
RN7SKP130	21	6	1	6	3	2	3	0	5
RN7SKP133	3	0	1	2	0	2	0	0	0
RN7SKP137	7	1	0	1	1	0	0	0	0
RN7SKP142	0	0	0	0	0	1	0	0	1
RN7SKP143	2	2	0	1	0	0	0	0	0
RN7SKP144	7	2	1	1	1	1	0	0	0
RN7SKP146	0	1	0	0	0	0	0	0	0
RN7SKP148	1	0	0	0	0	0	0	0	0
RN7SKP15	1	2	1	0	0	0	0	0	0
RN7SKP150	4	2	0	2	0	0	0	0	0
RN7SKP151	1	0	0	0	0	0	0	0	0
RN7SKP152	1	0	0	0	0	0	0	0	0
RN7SKP154	0	3	0	0	1	0	0	0	0
RN7SKP156	6	4	0	1	1	5	0	0	3
RN7SKP16	4	4	0	1	0	1	2	0	2
RN7SKP160	17	12	1	8	3	4	1	0	8
RN7SKP161	0	1	0	0	0	0	0	0	0
RN7SKP162	4	1	0	0	0	0	2	0	0
RN7SKP163	2	0	0	0	0	1	1	0	0
RN7SKP165	2	0	0	0	0	2	0	0	0
RN7SKP166	2	0	0	0	0	1	0	0	0
RN7SKP167	0	1	0	0	0	0	0	0	0
RN7SKP168	0	0	0	1	0	0	0	0	0
RN7SKP17	1	1	0	0	2	1	0	0	1
RN7SKP170	7	1	2	3	1	0	2	0	5
RN7SKP172	1	0	0	0	1	0	0	0	0
RN7SKP173	8	2	0	1	1	1	1	0	0
RN7SKP174	48	13	0	6	5	8	2	0	11
RN7SKP177	1	0	0	0	0	2	0	0	1
RN7SKP180	29	12	0	12	4	3	5	0	10
RN7SKP182	0	1	0	0	0	0	0	0	0
RN7SKP184	11	4	0	4	1	4	3	0	4
RN7SKP185	24	9	4	4	4	4	2	0	6
RN7SKP186	19	1	2	5	1	3	3	0	4
RN7SKP188	0	1	0	0	0	1	0	0	0
RN7SKP191	4	1	0	1	0	0	0	0	0
RN7SKP193	2	1	0	0	0	0	0	0	1
RN7SKP194	1	1	0	0	0	0	0	0	0
RN7SKP198	2	0	1	0	1	0	0	0	0
RN7SKP199	0	0	0	1	0	0	0	0	0
RN7SKP20	1	1	0	1	1	0	0	0	0
RN7SKP200	1	0	0	0	0	1	0	0	0
RN7SKP202	1	0	0	0	0	0	0	0	0
RN7SKP203	25	2	3	2	1	2	4	0	1
RN7SKP204	0	0	0	0	0	1	1	0	0
RN7SKP205	6	4	0	0	0	3	2	0	0
RN7SKP207	2	2	0	0	0	0	0	0	0
RN7SKP208	3	0	0	0	0	0	0	0	0
RN7SKP209	2	2	0	0	0	0	0	0	0
RN7SKP211	6	0	0	1	0	0	0	0	0
RN7SKP213	0	2	0	0	0	0	1	0	0
RN7SKP214	3	1	0	0	1	0	0	0	0
RN7SKP217	1	0	0	0	0	0	0	0	0
RN7SKP226	1	1	1	0	0	0	0	0	0
RN7SKP227	17	2	1	6	3	6	3	0	3
RN7SKP228	8	0	0	2	0	1	0	0	1
RN7SKP229	5	0	0	0	1	0	0	0	2
RN7SKP23	0	0	0	1	0	0	0	0	0
RN7SKP230	1	1	0	1	0	0	0	0	0
RN7SKP231	0	1	0	0	0	1	0	0	1
RN7SKP232	1	0	0	0	0	0	0	0	0
RN7SKP235	0	0	0	0	0	0	0	0	1
RN7SKP237	4	1	1	1	1	2	0	0	5
RN7SKP239	1	0	0	0	0	1	1	0	0
RN7SKP241	1	0	0	0	0	0	0	0	0
RN7SKP245	0	0	1	0	2	1	0	0	2
RN7SKP246	2	1	0	1	0	0	2	0	1
RN7SKP249	1	1	0	0	0	0	0	0	2
RN7SKP25	6	2	0	4	0	1	0	0	2
RN7SKP251	5	0	0	0	0	0	0	0	0
RN7SKP252	1	0	0	0	0	0	0	0	0
RN7SKP253	2	0	0	0	0	1	0	0	1
RN7SKP255	7	5	0	0	0	2	3	0	1
RN7SKP26	3	0	1	1	0	0	1	0	0
RN7SKP263	3	0	1	1	0	0	0	0	1
RN7SKP264	5	3	0	0	0	0	0	0	0
RN7SKP267	4	0	0	2	0	0	0	0	1
RN7SKP268	2	0	0	1	0	2	0	0	1
RN7SKP269	8	1	0	0	0	1	1	0	0
RN7SKP271	0	1	0	0	0	0	0	0	0
RN7SKP273	0	1	0	0	0	1	0	0	0
RN7SKP275	4	1	0	2	2	1	0	0	0
RN7SKP278	0	0	0	1	0	0	0	0	0
RN7SKP279	2	0	0	0	0	0	0	0	0
RN7SKP28	2	0	0	1	0	1	1	0	1
RN7SKP280	3	0	0	0	0	1	0	0	1
RN7SKP281	1	1	3	0	0	1	0	0	3
RN7SKP282	1	0	0	0	0	0	0	0	0
RN7SKP283	0	0	0	1	0	1	0	0	1
RN7SKP286	0	2	0	1	0	1	0	0	0
RN7SKP291	9	4	0	2	0	0	1	0	3
RN7SKP292	13	11	1	2	2	5	1	0	4
RN7SKP294	2	0	1	0	0	1	0	0	1
RN7SKP296	3	0	0	0	0	1	0	0	0
RN7SKP297	1	0	0	1	0	0	0	0	0
RN7SKP3	0	0	0	0	0	0	0	0	1
RN7SKP30	7	1	0	1	0	0	0	0	1
RN7SKP32	1	0	0	1	0	0	0	0	0
RN7SKP33	2	1	0	0	0	0	0	0	0
RN7SKP36	22	5	2	4	0	2	4	0	2
RN7SKP37	5	4	1	1	0	1	0	0	2
RN7SKP38	1	1	0	0	0	0	0	0	0
RN7SKP4	1	0	0	1	0	0	1	0	0
RN7SKP44	2	0	0	0	0	0	0	0	0
RN7SKP45	5	9	0	1	0	0	2	0	2
RN7SKP47	1	1	0	0	0	0	0	0	0
RN7SKP48	12	7	3	5	1	0	2	0	3
RN7SKP50	0	0	0	0	0	0	0	0	1
RN7SKP53	0	0	0	1	0	0	0	0	0
RN7SKP55	24	7	0	4	2	5	6	0	5
RN7SKP56	1	1	0	0	0	0	0	0	0
RN7SKP59	4	0	0	1	0	1	1	0	0
RN7SKP6	2	0	0	1	0	0	0	0	0
RN7SKP61	2	1	0	0	0	1	0	0	0
RN7SKP62	5	1	1	0	0	3	0	0	2
RN7SKP68	2	0	0	2	0	0	0	0	0
RN7SKP69	2	1	0	0	0	0	0	0	0
RN7SKP7	1	0	0	0	0	0	1	0	0
RN7SKP70	0	1	0	2	1	0	1	0	0
RN7SKP71	5	4	0	1	0	0	2	0	2
RN7SKP72	1	0	0	0	0	0	0	0	0
RN7SKP73	2	0	0	1	0	0	0	0	0
RN7SKP74	0	1	0	0	0	0	0	0	0
RN7SKP75	0	0	0	0	0	0	0	0	1
RN7SKP76	15	4	1	0	2	0	0	0	1
RN7SKP78	6	4	0	0	0	3	2	0	1
RN7SKP79	1	1	0	0	0	0	1	0	2
RN7SKP8	31	10	1	6	5	9	9	0	6
RN7SKP80	9	2	0	0	3	1	1	0	3
RN7SKP86	1	1	0	0	0	0	0	0	0
RN7SKP89	0	0	0	0	0	1	0	0	0
RN7SKP9	11	12	0	1	1	1	1	0	2
RN7SKP90	20	2	2	8	1	3	1	0	3
RN7SKP91	4	0	0	1	0	1	1	0	2
RN7SKP92	1	0	0	0	0	0	3	0	0
RN7SKP93	2	0	0	1	0	0	0	0	1
RN7SKP95	0	1	0	0	2	0	0	0	0
RN7SKP97	4	2	0	1	0	3	0	0	1
RN7SKP98	1	1	0	0	0	0	0	0	0
RN7SKP99	0	0	0	0	1	0	0	0	0
RN7SL1	651	380	94	438	144	282	127	2	376
RN7SL105P	1	1	0	1	0	0	0	0	0
RN7SL107P	0	1	0	0	0	0	0	0	0
RN7SL110P	0	0	0	0	0	0	1	0	0
RN7SL113P	1	0	0	1	0	0	1	0	0
RN7SL116P	2	0	0	0	0	0	1	0	0
RN7SL118P	87	11	3	26	11	2	9	0	0
RN7SL126P	2	2	0	0	0	1	0	0	0
RN7SL127P	2	0	0	0	0	0	0	0	0
RN7SL128P	0	0	0	1	0	0	0	0	0
RN7SL12P	0	0	0	0	0	1	0	0	0
RN7SL130P	4	1	0	0	0	0	0	0	0
RN7SL135P	1	0	0	0	0	0	0	0	0
RN7SL138P	1	0	1	2	0	0	0	0	0
RN7SL141P	0	0	0	1	0	0	0	0	1
RN7SL144P	8	1	0	3	1	1	1	0	1
RN7SL145P	0	1	0	1	0	0	0	0	1
RN7SL146P	1	0	0	0	1	0	0	0	1
RN7SL147P	1	0	0	2	0	0	0	0	2
RN7SL149P	1	0	0	0	0	0	0	0	0
RN7SL14P	1	1	0	0	1	0	0	0	0
RN7SL151P	8	2	1	3	0	1	1	0	2
RN7SL153P	1	0	0	0	0	0	0	0	1
RN7SL15P	0	1	0	1	0	0	0	0	0
RN7SL164P	6	3	1	7	0	2	1	0	1
RN7SL16P	0	1	0	0	0	0	0	0	2
RN7SL170P	2	0	0	0	0	0	0	0	0
RN7SL173P	4	0	1	2	1	3	0	0	2
RN7SL176P	1	0	0	0	0	0	0	0	0
RN7SL181P	0	0	0	0	0	1	0	0	0
RN7SL183P	20	11	0	12	2	2	2	0	2
RN7SL188P	1	1	0	0	0	0	0	0	0
RN7SL18P	4	0	0	0	0	0	0	0	0
RN7SL192P	3	2	0	1	0	1	0	0	1
RN7SL197P	0	0	0	1	0	0	0	0	0
RN7SL200P	1	0	0	0	1	1	0	0	0
RN7SL20P	0	2	0	0	0	0	0	0	0
RN7SL210P	0	0	0	1	0	0	0	0	0
RN7SL217P	0	1	0	0	0	0	0	0	0
RN7SL219P	1	0	1	1	0	0	0	0	0
RN7SL220P	0	1	0	2	0	0	0	0	0
RN7SL225P	0	2	0	0	0	0	0	0	0
RN7SL230P	2	2	1	2	0	1	0	0	1
RN7SL233P	0	0	0	1	0	0	0	0	0
RN7SL236P	12	4	1	5	1	0	2	0	0
RN7SL239P	1	0	0	0	1	0	0	0	0
RN7SL23P	1	2	0	1	0	1	0	0	1
RN7SL242P	1	1	0	0	0	1	0	0	0
RN7SL244P	0	0	0	0	0	0	0	0	2
RN7SL250P	2	0	0	0	0	0	0	0	0
RN7SL251P	0	0	1	0	0	0	0	0	1
RN7SL258P	1	1	0	0	0	0	0	0	0
RN7SL260P	2	0	0	0	0	0	0	0	1
RN7SL261P	4	2	0	2	0	0	0	0	1
RN7SL263P	0	0	0	1	0	0	0	0	1
RN7SL265P	0	0	0	0	0	1	0	0	1
RN7SL273P	1	0	0	0	0	0	0	0	0
RN7SL274P	0	0	0	1	0	0	0	0	0
RN7SL277P	0	0	0	2	0	1	1	0	0
RN7SL280P	0	0	0	0	0	0	0	0	1
RN7SL283P	1	0	0	0	0	0	0	0	0
RN7SL284P	5	1	0	1	0	1	0	0	0
RN7SL288P	0	1	0	0	0	0	0	0	0
RN7SL291P	1	0	0	0	0	0	0	0	0
RN7SL296P	8	2	0	2	0	0	2	0	0
RN7SL299P	0	1	0	0	0	0	0	0	0
RN7SL3	17	8	3	9	1	2	1	0	6
RN7SL300P	0	1	0	0	0	1	0	0	0
RN7SL301P	1	0	0	0	0	0	0	0	0
RN7SL303P	1	0	0	0	0	0	1	0	2
RN7SL304P	1	0	0	1	0	0	0	0	0
RN7SL305P	0	0	0	0	0	1	0	0	1
RN7SL306P	0	0	0	0	0	0	0	0	1
RN7SL309P	0	0	0	1	0	0	0	0	0
RN7SL30P	0	0	0	0	1	1	0	0	0
RN7SL318P	0	0	0	1	0	0	0	0	0
RN7SL323P	1	0	0	0	0	0	0	0	0
RN7SL328P	0	1	1	0	0	0	1	0	0
RN7SL329P	3	0	0	0	1	1	0	0	0
RN7SL333P	0	0	0	0	0	1	0	0	0
RN7SL337P	0	0	0	0	0	1	0	0	1
RN7SL342P	2	0	0	2	0	0	0	0	0
RN7SL344P	0	0	1	0	0	1	0	0	0
RN7SL346P	1	0	0	1	0	0	0	0	1
RN7SL34P	0	2	0	0	0	1	0	0	1
RN7SL351P	0	0	0	0	0	0	0	0	1
RN7SL353P	0	0	0	0	0	0	0	0	1
RN7SL357P	2	1	0	0	0	2	0	0	0
RN7SL362P	2	0	0	0	0	0	0	0	0
RN7SL364P	0	0	0	1	1	1	0	0	2
RN7SL368P	0	1	0	0	0	0	0	0	0
RN7SL36P	2	0	0	0	0	1	0	0	1
RN7SL372P	0	1	0	0	0	0	0	0	0
RN7SL375P	1	0	0	0	0	0	0	0	0
RN7SL377P	0	2	0	0	0	0	0	0	1
RN7SL37P	2	1	0	0	0	1	0	0	2
RN7SL380P	1	0	0	0	0	0	0	0	0
RN7SL381P	3	0	0	4	0	2	0	0	1
RN7SL38P	7	2	0	1	0	2	1	0	3
RN7SL390P	2	0	0	0	0	0	0	0	0
RN7SL394P	0	0	0	0	0	1	0	0	0
RN7SL395P	1	3	0	2	0	0	0	0	0
RN7SL396P	10	8	0	6	0	12	0	0	1
RN7SL398P	0	0	0	0	0	0	1	0	0
RN7SL403P	0	0	0	0	0	1	0	0	1
RN7SL408P	3	0	0	0	0	2	0	0	1
RN7SL40P	1	0	0	0	1	0	0	0	0
RN7SL411P	1	0	0	0	0	0	0	0	0
RN7SL414P	1	0	0	0	0	0	0	0	0
RN7SL426P	0	0	0	1	0	0	0	0	0
RN7SL431P	3	0	0	0	1	3	0	0	1
RN7SL434P	0	0	0	1	0	0	0	0	0
RN7SL43P	2	1	0	0	0	1	0	0	0
RN7SL444P	3	1	0	0	0	1	0	0	1
RN7SL446P	1	1	0	2	0	0	0	0	0
RN7SL447P	1	0	0	0	0	0	0	0	0
RN7SL449P	1	3	0	2	0	0	0	0	2
RN7SL44P	0	0	0	0	0	0	0	0	1
RN7SL454P	3	0	0	0	0	0	0	0	0
RN7SL456P	0	0	0	1	1	0	0	0	1
RN7SL466P	2	0	0	2	0	1	0	0	0
RN7SL470P	0	0	1	0	0	0	0	0	0
RN7SL471P	1	0	0	1	0	0	0	0	0
RN7SL472P	3	0	0	1	0	0	0	0	0
RN7SL473P	2	0	0	1	0	0	0	0	1
RN7SL475P	1	0	0	0	0	0	0	0	0
RN7SL47P	5	2	0	2	2	1	0	0	1
RN7SL480P	1	0	0	0	0	0	0	0	0
RN7SL481P	0	0	0	1	0	0	1	0	2
RN7SL482P	1	2	0	0	0	0	0	0	0
RN7SL483P	1	4	1	3	1	0	0	0	0
RN7SL493P	1	0	0	0	0	0	0	0	0
RN7SL494P	0	0	0	0	0	1	0	0	0
RN7SL498P	0	0	0	0	0	0	0	0	1
RN7SL499P	0	0	0	1	0	0	0	0	2
RN7SL49P	1	1	0	0	0	1	0	0	0
RN7SL4P	1	1	0	1	0	0	2	0	0
RN7SL502P	2	0	0	1	0	2	0	0	0
RN7SL503P	1	0	0	0	0	0	0	0	0
RN7SL504P	0	0	0	0	0	0	0	0	1
RN7SL505P	0	0	0	0	0	0	0	0	2
RN7SL507P	1	0	0	0	0	0	0	0	0
RN7SL508P	0	0	0	0	0	0	0	0	1
RN7SL513P	4	0	0	0	0	0	0	0	0
RN7SL515P	1	0	0	0	0	0	0	0	0
RN7SL517P	2	0	0	0	1	0	0	0	2
RN7SL521P	70	25	3	28	8	5	7	0	9
RN7SL530P	1	0	0	0	0	0	0	0	1
RN7SL535P	0	0	0	0	0	3	0	0	1
RN7SL538P	8	3	0	7	3	2	4	0	2
RN7SL543P	1	0	0	1	0	0	0	0	0
RN7SL546P	0	1	0	0	0	0	0	0	0
RN7SL552P	0	2	0	0	0	0	0	0	1
RN7SL555P	0	1	0	0	0	0	0	0	1
RN7SL556P	0	0	0	0	0	0	0	0	1
RN7SL558P	2	2	0	0	0	2	0	0	1
RN7SL559P	13	2	0	3	3	1	2	0	2
RN7SL561P	1	0	0	0	0	0	0	0	0
RN7SL564P	7	1	0	3	0	2	1	0	1
RN7SL566P	1	0	0	1	0	0	1	0	0
RN7SL568P	2	1	0	0	0	0	0	0	0
RN7SL573P	3	0	0	0	0	0	0	0	0
RN7SL575P	4	0	0	1	0	0	0	0	0
RN7SL57P	0	1	0	0	0	0	0	0	0
RN7SL583P	1	0	0	0	0	0	0	0	0
RN7SL587P	0	0	0	1	0	0	0	0	1
RN7SL589P	1	0	0	0	0	1	0	0	0
RN7SL591P	6	4	0	6	2	3	0	0	5
RN7SL598P	0	0	1	0	0	0	0	0	0
RN7SL5P	1	2	0	1	0	0	0	0	1
RN7SL600P	0	1	0	1	0	0	0	0	0
RN7SL604P	1	0	0	0	0	0	0	0	0
RN7SL608P	0	2	0	0	2	0	0	0	0
RN7SL610P	2	2	0	0	0	0	1	0	0
RN7SL612P	1	0	0	1	0	2	0	0	1
RN7SL614P	1	0	0	0	0	0	0	0	0
RN7SL617P	22	5	0	11	4	1	3	0	2
RN7SL621P	1	0	0	0	0	0	0	0	0
RN7SL625P	0	1	0	0	0	0	0	0	0
RN7SL630P	1	0	0	0	0	0	0	0	0
RN7SL634P	6	0	0	1	0	0	1	0	0
RN7SL635P	0	0	0	0	0	1	0	0	1
RN7SL636P	1	0	0	1	0	0	0	0	0
RN7SL643P	38	8	0	9	3	5	3	0	2
RN7SL648P	10	5	1	4	0	2	2	0	4
RN7SL650P	1	1	0	1	0	0	0	0	1
RN7SL652P	0	1	0	0	0	0	0	0	0
RN7SL653P	0	1	0	1	0	0	0	0	0
RN7SL659P	1	0	0	0	0	0	2	0	0
RN7SL663P	1	2	0	1	0	0	0	0	0
RN7SL664P	0	1	0	1	0	0	0	0	2
RN7SL666P	4	0	0	0	1	1	0	0	0
RN7SL668P	0	1	0	0	0	1	0	0	0
RN7SL672P	5	1	0	2	0	4	1	0	0
RN7SL674P	9	3	0	0	0	0	0	0	2
RN7SL675P	39	18	2	14	7	3	5	0	3
RN7SL679P	1	0	0	0	0	0	0	0	0
RN7SL67P	2	0	1	0	0	0	0	0	1
RN7SL680P	1	0	0	0	0	0	0	0	0
RN7SL681P	0	0	0	1	0	1	0	0	0
RN7SL683P	1	1	0	0	0	2	0	0	2
RN7SL685P	2	1	0	2	0	2	0	0	2
RN7SL687P	1	1	0	0	0	2	0	0	1
RN7SL689P	0	0	0	0	0	0	0	0	1
RN7SL698P	2	1	0	1	1	0	0	0	1
RN7SL700P	1	0	0	0	0	0	0	0	2
RN7SL702P	0	0	0	1	0	0	1	0	0
RN7SL704P	3	1	0	1	1	1	0	0	1
RN7SL705P	1	1	0	1	0	1	0	0	1
RN7SL709P	0	0	0	0	1	0	1	0	0
RN7SL70P	0	0	0	0	0	0	0	0	1
RN7SL711P	1	1	0	0	0	0	0	0	0
RN7SL712P	1	0	0	0	1	1	0	0	0
RN7SL715P	0	0	0	0	1	0	0	0	0
RN7SL720P	0	0	0	1	0	0	0	0	0
RN7SL726P	0	0	0	0	0	0	1	0	0
RN7SL732P	7	2	0	2	0	1	0	0	0
RN7SL735P	2	1	0	1	0	0	0	0	2
RN7SL736P	1	0	0	0	0	0	0	0	0
RN7SL743P	0	1	0	0	0	0	0	0	0
RN7SL745P	1	0	0	1	0	0	0	0	1
RN7SL748P	1	0	0	0	0	0	0	0	0
RN7SL749P	3	1	0	1	0	1	0	0	0
RN7SL74P	0	0	0	0	0	1	0	0	1
RN7SL751P	0	1	1	1	1	1	1	0	2
RN7SL752P	8	5	0	1	2	1	0	0	1
RN7SL756P	1	0	0	0	0	0	0	0	0
RN7SL757P	0	0	1	0	0	0	0	0	1
RN7SL75P	0	0	0	0	0	1	0	0	0
RN7SL766P	0	1	0	0	0	0	0	0	0
RN7SL767P	2	0	0	0	1	1	0	0	0
RN7SL769P	0	0	0	1	0	0	0	0	0
RN7SL76P	1	1	0	2	0	0	0	0	0
RN7SL775P	0	3	0	0	0	0	0	0	0
RN7SL778P	1	1	0	1	0	0	0	0	0
RN7SL784P	0	0	0	1	0	0	0	0	0
RN7SL791P	3	1	0	0	0	0	0	0	0
RN7SL792P	0	1	0	1	1	0	0	0	1
RN7SL795P	2	0	0	0	0	0	0	0	1
RN7SL798P	0	0	0	0	1	0	0	0	0
RN7SL79P	0	1	0	0	0	2	0	0	0
RN7SL7P	0	0	0	0	0	0	0	0	1
RN7SL804P	0	0	0	0	0	0	1	0	2
RN7SL809P	3	0	0	0	1	3	0	0	2
RN7SL810P	1	0	0	0	0	0	0	0	0
RN7SL812P	1	0	0	1	1	0	0	0	0
RN7SL815P	1	0	0	0	0	0	1	0	1
RN7SL81P	0	1	0	1	1	0	0	0	1
RN7SL822P	1	0	0	0	0	0	0	0	0
RN7SL828P	1	0	0	1	0	0	0	0	0
RN7SL832P	1	2	0	0	1	0	0	0	1
RN7SL833P	2	0	0	0	0	0	0	0	0
RN7SL834P	1	2	0	1	0	0	0	0	0
RN7SL836P	0	0	1	0	0	1	0	0	0
RN7SL838P	8	3	1	6	2	3	3	0	3
RN7SL861P	1	0	0	0	0	0	0	0	0
RN7SL863P	2	0	0	0	0	0	0	0	0
RN7SL865P	2	0	0	0	0	1	0	0	0
RN7SL870P	1	0	0	0	0	0	0	0	0
RN7SL87P	2	1	0	0	0	0	0	0	0
RN7SL8P	3	0	0	1	0	2	1	0	1
RN7SL91P	0	0	0	0	0	0	0	0	1
RN7SL97P	0	2	0	2	0	0	0	0	0
RNA5-8SN2	1	26	2	6	5	5	0	0	11
RNA5-8SN3	63	0	0	0	0	0	1	0	0
RNA5-8SN4	2	0	1	1	10	0	4	0	15
RNA5-8SN5	1	0	0	0	0	0	0	0	0
RNA5-8SP2	87	34	9	26	14	7	11	0	22
RNA5-8SP4	6	3	0	2	0	1	0	0	2
RNA5-8SP5	161	65	8	46	21	18	32	0	20
RNA5-8SP6	660	407	50	257	113	120	132	0	176
RNA5-8SP7	0	0	0	0	0	0	0	0	1
RNA5S9	54	28	12	105	5	23	27	1	199
RNA5SP102	5	0	0	1	2	0	0	0	0
RNA5SP103	2	1	0	2	0	2	0	0	1
RNA5SP104	1	0	0	0	0	0	0	0	0
RNA5SP107	1	1	0	0	0	0	0	0	0
RNA5SP114	9	2	0	3	0	1	1	0	0
RNA5SP115	0	0	0	1	0	0	0	0	0
RNA5SP119	3	1	0	2	0	0	0	0	0
RNA5SP122	4	0	0	1	0	0	0	0	0
RNA5SP123	4	1	0	2	1	1	0	0	0
RNA5SP124	2	1	0	0	0	1	0	0	0
RNA5SP127	2	0	0	0	0	0	0	0	0
RNA5SP129	1	0	1	0	0	0	0	0	0
RNA5SP131	1	2	0	2	0	0	1	0	0
RNA5SP132	21	10	0	9	4	13	5	0	20
RNA5SP134	3	1	0	0	0	0	0	0	0
RNA5SP136	0	0	0	0	0	0	3	0	0
RNA5SP139	1	0	0	0	0	0	0	0	0
RNA5SP141	65	15	1	5	4	8	9	0	17
RNA5SP142	0	0	0	0	0	0	0	0	1
RNA5SP143	1	2	0	0	0	1	0	0	0
RNA5SP145	12	4	1	5	3	8	2	1	17
RNA5SP146	0	0	0	0	0	0	1	0	0
RNA5SP149	5	0	2	0	0	0	0	0	0
RNA5SP150	26	12	0	6	5	4	0	1	9
RNA5SP152	102	54	10	70	15	31	11	0	37
RNA5SP155	8	1	0	2	0	3	1	0	0
RNA5SP160	0	0	0	0	0	0	0	0	2
RNA5SP161	8	5	0	5	2	2	0	0	2
RNA5SP166	0	0	0	0	0	0	1	0	0
RNA5SP171	2	0	0	0	0	0	0	0	0
RNA5SP172	1	0	0	0	0	0	0	0	1
RNA5SP173	2	0	0	0	1	1	0	0	0
RNA5SP174	2	0	0	4	1	1	1	0	1
RNA5SP175	1	0	0	0	0	0	0	0	1
RNA5SP177	0	0	0	1	0	1	0	0	0
RNA5SP180	0	1	0	0	0	0	0	0	0
RNA5SP181	0	0	0	1	0	0	0	0	0
RNA5SP182	5	0	0	1	0	1	2	0	0
RNA5SP183	18	12	0	11	5	3	1	0	5
RNA5SP185	27	10	0	3	4	1	3	0	1
RNA5SP189	1	0	0	0	0	0	0	0	0
RNA5SP19	29	8	2	4	7	2	2	0	5
RNA5SP190	2	0	0	0	0	0	0	0	0
RNA5SP191	0	0	0	0	2	0	1	0	0
RNA5SP194	1	0	0	0	0	0	0	0	0
RNA5SP195	4	0	1	1	1	1	0	0	0
RNA5SP199	3	0	0	1	0	0	0	0	0
RNA5SP202	427	235	34	191	54	133	81	0	293
RNA5SP204	0	0	0	0	0	0	0	0	1
RNA5SP205	3	1	0	0	0	0	0	0	0
RNA5SP206	0	0	0	1	1	0	0	0	0
RNA5SP207	28	22	2	20	6	5	5	0	19
RNA5SP208	2	0	0	1	0	2	0	0	0
RNA5SP21	0	1	0	0	0	0	1	0	0
RNA5SP211	0	0	0	0	2	0	0	0	0
RNA5SP214	5	1	0	2	0	0	1	0	0
RNA5SP215	2	4	0	3	0	1	0	0	0
RNA5SP216	2	1	0	1	0	0	0	0	0
RNA5SP217	0	0	0	0	0	1	0	0	0
RNA5SP218	0	0	0	0	1	0	0	0	0
RNA5SP219	1	0	0	0	0	0	0	0	0
RNA5SP22	1	0	0	0	0	1	1	0	0
RNA5SP220	0	0	0	0	0	0	0	0	1
RNA5SP221	30	7	0	5	1	0	4	0	4
RNA5SP222	0	0	0	0	1	0	0	0	0
RNA5SP223	2	3	0	0	1	0	1	0	0
RNA5SP225	21	10	0	3	3	1	2	0	3
RNA5SP226	1	0	0	0	0	1	0	0	1
RNA5SP229	2	0	1	0	0	0	0	0	1
RNA5SP233	1	0	0	0	0	0	0	0	0
RNA5SP237	1	0	0	0	0	0	0	0	0
RNA5SP24	2	0	0	0	0	0	0	0	2
RNA5SP241	1	0	0	0	0	0	0	0	0
RNA5SP242	248	92	7	76	26	34	27	0	103
RNA5SP243	1	0	0	0	0	0	0	0	2
RNA5SP245	1	0	0	0	0	0	0	0	0
RNA5SP246	0	0	0	0	0	0	0	0	1
RNA5SP247	0	0	0	0	0	1	0	0	0
RNA5SP248	25	22	0	18	5	4	3	0	6
RNA5SP251	3	0	0	0	0	0	0	0	0
RNA5SP252	15	14	4	10	3	9	2	0	7
RNA5SP259	0	0	0	2	1	0	2	0	1
RNA5SP260	2	2	0	0	0	0	0	0	0
RNA5SP262	2	0	0	0	0	0	0	0	0
RNA5SP263	0	1	0	0	0	0	0	0	0
RNA5SP265	1	0	0	0	0	0	0	0	0
RNA5SP266	2	0	0	0	0	0	0	0	2
RNA5SP267	9	3	0	0	1	1	1	0	5
RNA5SP268	0	0	0	1	0	0	0	0	0
RNA5SP273	8	1	2	1	0	0	0	0	4
RNA5SP278	1	0	0	0	0	0	0	0	0
RNA5SP279	18	2	0	2	1	1	5	0	6
RNA5SP280	6	0	0	0	0	2	0	0	1
RNA5SP286	9	10	0	5	2	1	2	0	5
RNA5SP288	4	0	0	1	0	0	0	0	0
RNA5SP289	4	0	0	2	1	2	0	0	0
RNA5SP29	2	0	0	2	0	0	0	0	0
RNA5SP290	5	0	0	2	0	0	0	0	0
RNA5SP295	1	0	0	1	0	1	0	0	0
RNA5SP296	1	1	0	0	0	0	0	0	0
RNA5SP298	11	3	0	3	2	3	1	0	4
RNA5SP30	0	0	0	0	0	1	0	0	0
RNA5SP301	0	0	0	1	1	0	0	0	2
RNA5SP302	12	2	0	1	1	0	0	0	0
RNA5SP303	1	0	0	1	0	0	0	0	0
RNA5SP304	2	1	0	0	0	1	0	0	1
RNA5SP307	1	0	0	0	0	0	0	0	0
RNA5SP318	0	0	1	0	0	0	0	0	0
RNA5SP319	2	0	0	1	0	0	0	0	3
RNA5SP322	0	1	0	1	0	0	0	0	2
RNA5SP324	1	0	0	0	0	0	0	0	0
RNA5SP325	3	3	0	1	0	1	0	0	2
RNA5SP326	4	0	0	1	1	0	0	0	1
RNA5SP328	0	0	0	0	0	0	0	0	1
RNA5SP329	1	2	0	0	1	1	0	0	2
RNA5SP33	3	1	0	0	0	0	0	0	0
RNA5SP331	1	0	0	0	0	0	0	0	0
RNA5SP332	0	0	0	1	0	0	0	0	0
RNA5SP335	0	1	0	0	1	1	2	0	0
RNA5SP336	8	4	1	3	0	3	7	0	2
RNA5SP338	2	5	1	2	1	0	0	0	1
RNA5SP340	0	2	0	1	0	0	0	0	2
RNA5SP343	1	0	0	0	0	0	0	0	0
RNA5SP345	0	1	0	0	1	1	0	0	0
RNA5SP349	0	0	0	1	0	0	0	0	0
RNA5SP351	24	9	1	4	2	1	2	0	2
RNA5SP352	59	14	2	17	4	5	6	0	14
RNA5SP353	12	1	0	0	0	0	0	0	0
RNA5SP354	4	0	0	0	0	0	0	0	0
RNA5SP355	17	2	0	3	3	6	1	0	4
RNA5SP356	0	0	0	0	1	0	0	0	0
RNA5SP357	13	10	2	4	3	6	3	0	6
RNA5SP358	163	57	45	2	14	119	43	1	3
RNA5SP359	38	14	4	14	1	6	6	0	10
RNA5SP36	10	16	3	6	7	2	3	0	4
RNA5SP366	4	1	0	0	0	1	0	0	1
RNA5SP368	2	3	0	0	0	0	0	0	0
RNA5SP369	2	2	0	0	0	0	0	0	0
RNA5SP37	3	0	0	0	0	0	0	0	0
RNA5SP370	63	11	0	16	4	10	5	0	30
RNA5SP374	1	0	0	1	0	0	0	0	0
RNA5SP375	1	0	0	1	0	0	0	0	0
RNA5SP377	1	0	0	0	0	0	0	0	0
RNA5SP378	1	1	0	0	0	0	0	0	0
RNA5SP379	1	1	0	0	0	0	0	0	0
RNA5SP38	1	0	0	0	0	0	0	0	0
RNA5SP382	5	1	0	0	0	1	0	0	1
RNA5SP383	11	17	2	8	8	2	2	0	6
RNA5SP386	3	0	1	1	0	0	0	0	0
RNA5SP387	342	89	1	98	9	3	10	0	2
RNA5SP388	22	3	0	5	2	1	0	0	5
RNA5SP389	8	2	0	1	0	2	0	0	1
RNA5SP395	0	1	0	0	1	0	0	0	1
RNA5SP397	0	0	1	0	0	0	0	0	0
RNA5SP399	10	0	2	3	0	3	2	0	3
RNA5SP400	1	0	0	0	0	0	0	0	0
RNA5SP401	0	0	0	0	0	1	0	0	0
RNA5SP403	3	2	0	0	1	0	0	0	0
RNA5SP405	1	0	0	0	0	0	0	0	0
RNA5SP42	5	2	1	1	0	2	0	0	3
RNA5SP425	6	0	2	3	2	6	0	0	1
RNA5SP426	3	4	2	2	0	0	1	0	1
RNA5SP427	0	0	0	0	0	1	0	0	0
RNA5SP428	1	0	0	0	0	0	0	0	0
RNA5SP429	1	1	0	1	0	0	0	0	0
RNA5SP430	0	0	0	0	0	0	1	0	0
RNA5SP432	1	0	0	2	0	1	0	0	0
RNA5SP433	2	0	1	0	0	0	0	0	0
RNA5SP435	0	0	0	1	0	0	0	0	1
RNA5SP436	0	0	0	1	0	0	0	0	0
RNA5SP437	0	0	0	0	0	1	0	0	0
RNA5SP440	4	1	0	3	1	2	1	0	2
RNA5SP441	0	1	0	1	0	0	0	0	0
RNA5SP442	36	2	2	2	1	6	3	0	10
RNA5SP444	0	1	0	0	0	0	0	0	0
RNA5SP445	1	0	0	1	1	0	0	0	0
RNA5SP447	0	0	0	0	1	0	0	0	0
RNA5SP448	1	1	0	0	0	0	0	0	0
RNA5SP45	1	0	0	0	0	0	0	0	0
RNA5SP450	6	4	1	5	1	5	2	0	4
RNA5SP452	10	1	0	2	0	6	1	0	6
RNA5SP453	3	0	0	0	0	1	0	0	0
RNA5SP456	0	0	0	1	0	0	0	0	1
RNA5SP46	2	0	0	0	0	0	0	0	0
RNA5SP466	0	1	0	0	0	0	0	0	0
RNA5SP469	6	9	1	5	0	4	1	0	7
RNA5SP472	2	1	0	3	0	1	0	0	1
RNA5SP473	30	8	2	7	5	4	2	0	6
RNA5SP474	1	0	0	0	0	0	0	0	0
RNA5SP477	0	2	0	1	0	0	1	0	0
RNA5SP48	70	18	2	23	1	14	14	0	22
RNA5SP481	4	1	0	1	0	0	1	0	0
RNA5SP482	2	0	0	0	0	0	0	0	0
RNA5SP483	1	0	0	0	0	0	0	0	0
RNA5SP485	22	1	0	1	0	1	0	0	1
RNA5SP486	4	0	0	0	1	0	0	0	1
RNA5SP488	1	0	0	0	0	0	0	0	0
RNA5SP490	0	0	0	1	0	2	0	0	0
RNA5SP493	0	1	0	0	0	0	0	0	0
RNA5SP495	0	0	0	0	0	1	0	0	0
RNA5SP496	0	1	0	0	0	0	0	0	0
RNA5SP497	0	0	0	0	0	1	0	0	0
RNA5SP499	1	1	0	1	0	0	0	0	0
RNA5SP50	1	0	0	0	0	0	0	0	0
RNA5SP500	7	2	1	4	0	2	4	0	5
RNA5SP501	0	0	0	0	0	0	1	0	0
RNA5SP502	2	0	0	0	0	0	0	0	0
RNA5SP505	2	2	0	0	0	0	0	0	0
RNA5SP507	0	0	0	0	0	0	0	0	1
RNA5SP509	4	1	0	1	0	1	1	0	6
RNA5SP513	1	4	0	0	0	0	0	0	0
RNA5SP514	3	0	0	3	0	0	0	0	4
RNA5SP515	1	1	0	0	1	1	0	0	0
RNA5SP518	1	2	1	1	0	0	0	0	0
RNA5SP519	3	0	0	2	0	0	1	0	3
RNA5SP52	4	0	0	0	0	0	0	0	1
RNA5SP528	4	4	0	3	2	2	2	0	1
RNA5SP53	0	3	0	0	0	1	0	0	0
RNA5SP530	1	0	0	0	0	0	0	0	3
RNA5SP532	5	2	0	0	1	3	0	0	0
RNA5SP535	1	0	0	0	1	0	0	0	0
RNA5SP55	1	0	0	0	0	0	0	0	0
RNA5SP56	0	1	0	0	0	0	0	0	0
RNA5SP57	1	1	0	1	0	1	1	0	1
RNA5SP60	0	0	0	0	1	0	0	0	0
RNA5SP62	5	2	0	0	0	1	0	0	3
RNA5SP65	7	10	0	5	3	5	1	0	3
RNA5SP67	2	4	0	0	0	4	1	0	2
RNA5SP68	3	3	0	1	0	2	1	0	3
RNA5SP69	5	0	0	1	0	0	0	0	1
RNA5SP72	14	2	0	6	1	1	3	0	3
RNA5SP73	0	0	0	0	0	0	0	0	1
RNA5SP74	8	13	3	8	0	6	7	0	8
RNA5SP75	14	10	0	0	0	1	0	0	0
RNA5SP77	28	17	3	15	3	6	1	0	5
RNA5SP78	1	0	0	0	0	0	0	0	0
RNA5SP79	4	0	0	0	0	0	0	0	1
RNA5SP82	5	3	1	6	0	2	1	0	3
RNA5SP84	1	0	0	0	0	0	0	0	0
RNA5SP86	5	0	1	4	1	0	1	0	2
RNA5SP87	2	0	0	1	0	0	0	0	1
RNA5SP88	3	0	0	1	0	1	0	0	0
RNA5SP91	0	0	0	0	0	0	1	0	0
RNA5SP95	1	0	0	0	0	0	0	0	0
RNA5SP97	1	0	0	0	0	0	0	0	0
RNA5SP98	1	0	0	0	0	0	0	0	0
RNA5SP99	2	1	0	0	0	2	0	0	1
RNASE10	1	0	0	0	0	1	0	0	0
RNASE11-AS1	1	2	0	0	0	1	0	0	0
RNASE4	5	2	0	2	1	2	3	0	3
RNASEH1	83	40	9	45	15	31	4	1	41
RNASEH1-DT	11	7	2	5	1	7	2	0	5
RNASEH1P2	1	0	0	0	0	0	0	0	0
RNASEH2A	86	39	8	32	20	36	16	0	52
RNASEH2B	111	85	14	45	30	45	17	0	84
RNASEH2B-AS1	11	4	0	4	4	0	0	0	2
RNASEH2C	70	39	8	14	11	32	12	0	26
RNASEK	56	53	8	22	14	26	16	0	33
RNASEK-C17orf49	49	33	4	22	12	22	6	1	25
RNASEL	5	7	0	0	1	3	0	0	3
RNASET2	11	4	0	6	0	5	0	0	2
RND1	5	3	0	4	0	0	1	0	2
RND2	2	0	0	1	0	1	0	0	1
RND3	944	328	58	246	123	210	66	1	195
RNF10	118	77	15	51	24	47	23	1	71
RNF103	25	20	2	7	5	8	6	0	14
RNF103-CHMP3	126	102	16	66	33	78	29	0	132
RNF11	105	50	15	58	31	49	17	1	83
RNF111	204	130	33	89	47	118	42	1	185
RNF112	1	0	0	0	0	1	0	0	0
RNF113A	10	7	0	5	5	10	5	0	6
RNF113B	0	0	0	1	0	0	0	0	0
RNF114	103	74	15	59	17	44	20	0	66
RNF115	200	119	30	94	50	106	31	0	171
RNF121	256	107	25	74	44	100	34	0	151
RNF122	15	6	3	6	3	8	3	0	10
RNF123	144	106	24	63	39	53	33	0	69
RNF125	1	0	0	0	0	2	0	0	0
RNF126	130	59	10	52	21	37	16	0	40
RNF126P1	1	0	0	0	0	0	0	0	0
RNF128	16	21	0	15	7	10	2	0	18
RNF13	295	227	35	141	73	171	42	0	243
RNF130	128	115	22	55	41	80	22	0	107
RNF135	23	15	5	12	6	10	4	0	26
RNF138	57	48	6	33	10	37	12	0	41
RNF138P1	1	0	0	0	0	0	0	0	2
RNF139	44	26	2	25	9	18	4	0	18
RNF139-DT	10	9	3	4	5	5	2	0	9
RNF14	46	27	3	12	11	25	7	0	20
RNF141	37	42	5	30	6	20	6	0	17
RNF144A	29	22	4	7	2	5	1	0	9
RNF144B	4	5	2	4	0	1	1	0	1
RNF145	412	206	42	137	66	157	49	2	279
RNF146	43	43	5	27	9	36	3	0	36
RNF148	0	0	0	0	0	0	0	0	1
RNF149	218	124	19	62	31	60	11	0	89
RNF14P1	2	1	0	0	0	1	0	0	2
RNF14P3	0	1	0	0	0	0	0	0	1
RNF150	474	362	76	220	113	287	145	1	435
RNF151	5	1	0	2	0	0	0	0	1
RNF152	7	6	0	2	2	4	1	0	1
RNF157	13	10	4	6	1	9	6	0	13
RNF157-AS1	3	0	0	0	0	0	0	0	0
RNF165	240	158	24	99	67	106	55	1	85
RNF166	30	8	7	7	2	8	7	0	9
RNF167	91	51	17	47	15	40	25	0	46
RNF168	188	160	23	85	43	105	32	1	164
RNF169	250	125	36	108	57	107	24	1	130
RNF17	2	1	1	0	0	3	0	0	0
RNF170	35	29	5	17	5	18	4	0	23
RNF175	1	2	0	0	0	1	0	0	1
RNF180	3	4	2	3	1	0	1	0	2
RNF181	23	15	1	14	8	7	6	0	13
RNF182	495	489	123	310	194	514	164	2	655
RNF183	0	0	0	0	0	0	1	0	1
RNF185	74	50	6	17	17	36	12	0	47
RNF187	94	56	16	44	25	41	18	0	34
RNF19A	276	202	38	127	80	152	71	1	226
RNF19B	88	52	7	24	12	18	8	0	30
RNF2	89	68	3	38	14	53	9	0	57
RNF20	105	68	13	35	24	38	21	0	56
RNF207	106	54	7	39	16	46	23	0	38
RNF207-AS1	1	0	0	0	1	0	0	0	0
RNF208	3	5	2	2	1	0	5	0	5
RNF212	320	224	45	130	73	161	74	1	245
RNF212B	3	3	0	0	1	3	0	0	0
RNF213	763	566	126	336	203	344	201	1	509
RNF213-AS1	111	84	16	29	19	61	20	0	75
RNF214	52	41	5	25	13	22	10	0	25
RNF215	37	43	8	13	13	15	10	0	41
RNF216	567	380	71	236	133	217	96	0	270
RNF216-IT1	3	0	0	0	0	0	0	0	0
RNF216P1	37	19	4	9	12	14	9	0	13
RNF217	289	191	26	124	47	146	49	0	201
RNF217-AS1	16	13	4	5	10	9	4	0	19
RNF220	672	432	85	272	169	252	143	1	315
RNF222	0	0	0	0	0	0	1	0	0
RNF223	9	1	0	1	0	0	0	0	0
RNF224	1	0	0	1	0	0	0	0	1
RNF225	6	6	1	3	3	2	0	0	1
RNF227	18	8	1	7	1	5	3	0	12
RNF24	227	163	32	99	53	122	58	0	141
RNF25	30	19	5	6	5	18	3	0	19
RNF26	34	21	1	17	8	20	2	0	14
RNF31	1	0	0	0	0	0	0	0	1
RNF32	3	0	0	2	2	1	0	0	2
RNF32-AS1	8	10	2	3	2	8	2	0	9
RNF32-DT	12	3	1	7	2	3	2	0	6
RNF34	81	59	10	28	19	38	17	0	48
RNF38	331	253	51	147	75	226	70	0	273
RNF39	0	1	0	1	0	0	0	0	0
RNF4	203	110	19	71	33	84	34	0	97
RNF40	193	89	23	70	28	61	28	0	65
RNF41	45	38	8	19	9	19	11	0	28
RNF43	0	0	0	1	0	0	0	0	0
RNF44	102	85	22	42	37	39	31	0	56
RNF5	21	21	8	7	4	15	2	0	14
RNF6	77	49	3	24	25	25	7	0	32
RNF7	43	26	3	18	8	19	7	0	19
RNF8	68	34	4	20	19	14	13	0	34
RNFT1	19	16	2	14	4	13	5	0	15
RNFT1-DT	1	1	0	0	0	0	0	0	0
RNFT1P3	1	0	0	0	0	0	0	0	0
RNFT2	87	41	6	37	19	32	24	0	36
RNGTT	541	369	80	210	140	312	89	0	383
RNH1	86	47	9	36	18	29	8	0	34
RNLS	118	91	16	51	28	78	13	2	89
RNMT	200	133	29	80	43	97	30	1	113
RNPC3	93	78	16	46	28	57	18	0	100
RNPC3-DT	35	38	4	18	14	16	8	0	32
RNPEP	89	49	8	43	10	36	15	1	46
RNPEPL1	51	20	8	9	5	14	14	0	11
RNPS1	297	223	36	143	49	130	39	0	181
RNPS1P1	1	0	0	0	0	1	1	0	0
RNU1-1	1	0	0	0	0	1	0	0	0
RNU1-100P	0	0	0	0	0	0	0	0	1
RNU1-103P	6	3	0	0	0	5	0	0	2
RNU1-104P	9	0	0	2	0	1	0	0	3
RNU1-108P	2	1	0	2	0	1	1	0	0
RNU1-109P	2	6	0	5	0	0	1	0	2
RNU1-112P	21	9	3	10	3	5	5	0	7
RNU1-115P	1	0	0	1	0	0	0	0	1
RNU1-117P	21	19	2	23	2	7	6	0	1
RNU1-119P	2	0	0	2	0	0	0	0	0
RNU1-11P	24	23	1	9	3	6	0	0	6
RNU1-123P	11	1	0	4	3	5	1	0	4
RNU1-124P	3	6	1	0	1	0	0	0	0
RNU1-130P	3	2	0	2	1	3	0	0	1
RNU1-131P	29	5	1	8	2	2	6	0	5
RNU1-132P	109	74	3	50	18	15	8	1	8
RNU1-134P	18	8	1	8	5	3	6	0	5
RNU1-136P	17	4	1	3	2	3	1	0	3
RNU1-138P	4	17	2	2	6	5	2	0	2
RNU1-139P	2	0	0	0	1	1	0	0	1
RNU1-140P	1	1	0	1	0	1	0	0	0
RNU1-141P	1	0	0	0	1	1	0	0	0
RNU1-146P	1	1	0	0	0	0	0	0	2
RNU1-148P	83	25	14	28	9	35	15	0	34
RNU1-14P	2	3	0	2	1	0	1	0	2
RNU1-150P	3	0	0	0	0	1	1	0	1
RNU1-151P	0	0	0	0	0	1	0	0	0
RNU1-16P	1	1	0	0	0	0	0	0	1
RNU1-17P	3	3	0	0	1	1	0	0	0
RNU1-18P	6	3	1	1	0	1	1	0	1
RNU1-19P	14	13	1	6	2	7	4	0	4
RNU1-2	1	5	0	0	1	0	0	0	1
RNU1-20P	5	1	0	0	0	0	0	0	0
RNU1-21P	1	0	0	0	0	3	1	0	4
RNU1-22P	22	4	1	15	1	2	5	0	5
RNU1-23P	0	0	0	1	0	0	0	0	1
RNU1-24P	1	0	0	0	0	0	0	0	0
RNU1-29P	9	1	0	3	3	5	4	0	3
RNU1-3	3	0	0	1	0	0	0	0	0
RNU1-30P	7	3	1	3	1	0	1	0	0
RNU1-33P	1	0	0	0	0	0	0	0	0
RNU1-34P	3	1	0	1	0	0	1	0	1
RNU1-35P	58	17	4	21	11	16	6	0	11
RNU1-36P	2	0	0	0	0	0	1	0	0
RNU1-38P	5	1	1	1	0	2	0	0	1
RNU1-4	1	0	0	1	0	0	1	0	0
RNU1-42P	2	0	0	2	0	3	0	0	1
RNU1-43P	1	0	0	0	0	0	0	0	0
RNU1-44P	0	2	0	1	0	1	2	0	0
RNU1-45P	0	0	0	0	0	0	1	0	0
RNU1-46P	0	0	0	1	0	0	0	0	0
RNU1-47P	8	4	0	2	0	1	0	0	0
RNU1-51P	0	1	0	0	0	0	0	0	0
RNU1-52P	0	0	0	1	0	1	0	0	1
RNU1-55P	36	14	4	13	4	22	3	0	11
RNU1-56P	44	14	1	6	2	6	7	0	9
RNU1-57P	0	0	0	0	0	0	0	0	1
RNU1-5P	0	0	0	0	0	0	1	0	0
RNU1-61P	60	16	2	13	11	9	10	0	15
RNU1-63P	3	0	0	0	1	0	0	0	0
RNU1-64P	4	3	0	1	0	0	0	0	1
RNU1-65P	0	0	0	1	0	0	0	0	0
RNU1-67P	164	49	7	29	13	13	9	0	13
RNU1-70P	0	0	0	0	0	0	0	0	1
RNU1-72P	8	4	0	1	0	2	1	0	1
RNU1-74P	9	3	0	4	1	5	1	0	3
RNU1-75P	651	234	55	279	103	139	87	1	167
RNU1-77P	22	5	1	4	5	0	2	0	2
RNU1-78P	2	0	0	0	0	0	0	0	0
RNU1-7P	6	1	2	5	0	5	2	0	0
RNU1-80P	4	3	0	3	1	0	0	0	0
RNU1-82P	84	18	9	41	5	21	9	0	28
RNU1-83P	15	7	0	6	0	4	4	0	5
RNU1-84P	0	1	0	1	3	0	0	0	1
RNU1-88P	59	23	5	26	5	16	4	0	13
RNU1-89P	8	8	0	7	1	2	0	0	0
RNU1-8P	6	3	0	3	0	2	1	0	7
RNU1-91P	0	0	1	1	0	2	0	0	1
RNU1-94P	24	3	1	12	6	7	6	0	3
RNU1-96P	0	1	0	0	0	0	0	0	0
RNU1-98P	0	0	0	0	0	1	1	0	0
RNU105B	3	2	0	0	1	0	0	0	0
RNU105C	1	2	0	3	1	1	1	0	0
RNU11	401	287	24	137	90	68	63	0	75
RNU12-2P	0	0	0	0	0	2	0	0	1
RNU2-11P	1	0	0	1	0	0	0	0	1
RNU2-13P	5	3	0	0	4	3	2	0	2
RNU2-14P	17	3	1	3	2	2	0	0	1
RNU2-15P	30	26	3	22	8	2	5	0	12
RNU2-16P	1	1	0	0	0	1	0	0	0
RNU2-17P	55	39	7	22	3	24	8	0	36
RNU2-18P	9	5	0	3	1	0	0	0	2
RNU2-20P	83	39	6	32	6	25	4	0	17
RNU2-22P	16	8	0	2	2	4	2	0	4
RNU2-23P	83	31	0	19	7	0	3	0	3
RNU2-24P	0	1	0	0	0	0	0	0	0
RNU2-25P	8	12	4	3	1	0	4	0	5
RNU2-26P	7	6	1	3	1	1	1	0	1
RNU2-27P	44	27	5	21	3	12	5	0	7
RNU2-28P	1	0	0	0	0	0	0	0	0
RNU2-29P	102	39	8	26	12	16	8	0	25
RNU2-30P	5	8	1	4	1	5	1	1	4
RNU2-32P	30	25	0	15	5	10	8	0	6
RNU2-33P	41	45	2	18	9	17	7	0	14
RNU2-35P	0	1	0	0	0	0	1	0	0
RNU2-36P	33	15	1	10	5	7	6	0	12
RNU2-37P	34	21	1	1	1	34	2	0	28
RNU2-38P	0	1	0	0	0	0	0	0	0
RNU2-39P	11	5	0	5	5	11	1	0	5
RNU2-3P	17	9	1	5	5	0	2	0	2
RNU2-40P	2	3	0	0	0	0	0	0	0
RNU2-41P	2	0	0	0	0	0	0	0	0
RNU2-43P	1	2	0	1	0	1	1	0	0
RNU2-44P	2	5	0	4	0	0	0	0	3
RNU2-46P	0	0	0	0	2	1	0	0	0
RNU2-48P	70	36	2	16	6	2	10	0	20
RNU2-49P	16	10	2	3	0	1	1	0	6
RNU2-50P	4	1	0	2	1	1	0	0	0
RNU2-51P	36	21	0	15	1	5	3	0	5
RNU2-52P	10	3	0	3	5	1	1	0	8
RNU2-54P	0	0	0	1	0	1	1	0	0
RNU2-55P	0	0	0	0	1	0	0	0	0
RNU2-56P	24	5	0	8	2	2	2	0	3
RNU2-57P	0	0	0	1	0	0	0	0	0
RNU2-58P	2	0	0	1	1	0	2	0	1
RNU2-59P	172	102	5	64	17	16	13	0	46
RNU2-5P	9	6	0	2	0	1	0	0	0
RNU2-60P	0	1	0	0	0	0	1	0	1
RNU2-61P	42	21	5	22	4	14	9	0	20
RNU2-62P	1	1	0	0	2	0	0	0	0
RNU2-63P	25	17	1	6	4	7	3	0	7
RNU2-64P	70	36	5	48	10	28	18	0	29
RNU2-68P	17	15	0	10	4	0	4	0	6
RNU2-69P	0	1	0	1	0	0	0	0	0
RNU2-6P	29	9	0	3	6	0	0	0	5
RNU2-70P	110	60	4	39	11	23	15	0	39
RNU2-71P	13	4	1	3	3	1	0	0	2
RNU2-72P	0	0	0	0	1	0	0	0	0
RNU2-7P	354	234	15	199	45	53	13	0	42
RNU2-8P	24	12	2	16	6	2	3	0	9
RNU2-9P	0	0	0	0	0	0	0	0	1
RNU4-1	2797	2566	337	1413	677	928	630	6	1206
RNU4-10P	8	4	0	3	1	2	4	0	5
RNU4-13P	1	1	0	1	0	0	0	0	0
RNU4-14P	0	0	0	0	0	0	0	0	1
RNU4-16P	0	0	0	1	0	1	1	0	0
RNU4-2	4813	4378	589	2564	1237	1683	1132	16	2101
RNU4-20P	1	0	0	0	0	0	0	0	0
RNU4-21P	0	0	0	1	0	0	0	0	0
RNU4-23P	3	0	0	0	0	0	1	0	0
RNU4-24P	0	0	0	0	0	1	0	0	0
RNU4-31P	0	1	0	0	0	0	0	0	0
RNU4-35P	0	1	0	0	0	0	0	0	0
RNU4-36P	131	3	1	5	3	4	3	0	3
RNU4-38P	0	0	0	1	0	0	0	0	0
RNU4-41P	0	0	0	1	0	0	0	0	0
RNU4-44P	1	1	0	0	0	0	0	0	0
RNU4-45P	1	0	0	0	0	1	1	0	0
RNU4-49P	1	1	0	0	0	0	0	0	0
RNU4-4P	0	1	0	0	0	0	0	0	0
RNU4-50P	1	0	0	0	0	0	0	0	0
RNU4-51P	1	0	0	0	0	0	0	0	0
RNU4-53P	0	1	0	0	0	0	0	0	0
RNU4-58P	2	1	0	1	0	1	0	0	1
RNU4-59P	0	0	0	0	0	0	0	0	1
RNU4-5P	2	0	0	1	0	0	0	0	0
RNU4-62P	3	1	0	0	0	0	0	0	1
RNU4-63P	0	0	0	1	0	2	0	0	0
RNU4-65P	3	1	0	1	0	2	0	0	0
RNU4-66P	4	2	0	1	0	0	0	0	1
RNU4-67P	6	2	0	1	1	0	0	0	0
RNU4-68P	1	0	0	0	0	0	0	0	0
RNU4-70P	7	6	0	7	0	0	0	0	1
RNU4-73P	1	3	0	0	0	0	0	0	0
RNU4-75P	1	1	0	0	0	1	0	0	0
RNU4-76P	0	0	0	0	1	0	0	0	0
RNU4-78P	15	6	2	6	1	6	1	0	7
RNU4-79P	0	1	0	1	0	0	0	0	0
RNU4-7P	0	1	0	0	0	0	1	0	0
RNU4-80P	0	1	0	0	0	0	0	0	0
RNU4-89P	0	0	0	0	0	0	0	0	1
RNU4-8P	1	2	0	0	0	0	0	0	1
RNU4-92P	1	1	0	0	0	0	0	0	0
RNU4-9P	2	0	0	1	1	0	0	0	1
RNU4ATAC	392	265	31	184	81	105	53	0	127
RNU4ATAC10P	0	0	0	0	0	0	0	0	1
RNU4ATAC11P	2	0	0	0	0	0	0	0	1
RNU4ATAC13P	0	0	0	0	0	0	0	0	1
RNU4ATAC14P	0	0	0	0	0	0	0	0	2
RNU4ATAC16P	1	1	0	1	0	0	0	0	0
RNU4ATAC18P	2	1	0	0	0	0	0	0	1
RNU4ATAC5P	2	0	0	0	0	1	0	0	0
RNU4ATAC9P	4	3	0	0	0	0	0	0	0
RNU5A-1	3958	3495	706	2401	965	1263	1153	13	1527
RNU5A-2P	2	1	0	1	0	1	0	0	0
RNU5A-3P	2	8	0	1	0	1	0	0	0
RNU5A-5P	0	0	1	0	0	0	0	0	0
RNU5A-6P	5	0	0	1	0	0	0	0	0
RNU5A-8P	1427	969	83	765	285	323	224	3	436
RNU5B-1	3940	3609	452	2596	975	1215	880	10	1636
RNU5B-4P	0	0	0	1	0	0	0	0	1
RNU5B-6P	0	0	0	1	0	0	1	0	0
RNU5D-1	640	538	55	317	166	146	106	2	182
RNU5D-2P	34	17	3	8	2	5	2	0	4
RNU5E-4P	173	183	8	139	42	57	37	0	63
RNU5E-9P	2	0	0	0	0	0	0	0	0
RNU5F-1	1689	1590	185	1140	419	576	332	1	632
RNU5F-2P	0	1	0	0	0	1	0	0	0
RNU5F-4P	11	2	0	1	1	0	1	0	3
RNU5F-6P	0	0	0	0	0	0	0	0	1
RNU6-1	0	1	0	0	0	1	0	0	1
RNU6-1003P	5	5	0	3	1	5	1	0	1
RNU6-1005P	5	9	0	2	2	1	1	0	1
RNU6-1009P	1	0	0	0	0	0	0	0	0
RNU6-1010P	0	0	0	0	0	2	2	0	0
RNU6-1016P	1	0	0	0	0	1	0	0	0
RNU6-1019P	1	0	0	0	0	0	0	0	0
RNU6-101P	0	0	0	0	0	1	0	0	0
RNU6-1026P	1	0	0	0	0	0	0	0	0
RNU6-1032P	0	0	0	0	0	0	0	0	1
RNU6-1035P	17	16	1	5	2	3	5	0	5
RNU6-1038P	1	2	0	0	1	2	1	0	0
RNU6-1045P	1	0	0	0	0	0	0	0	1
RNU6-1047P	1	0	0	0	0	0	0	0	0
RNU6-1050P	2	0	0	0	0	1	0	0	2
RNU6-1056P	0	0	0	1	0	0	0	0	0
RNU6-1057P	0	0	0	0	0	0	0	0	3
RNU6-105P	18	17	3	11	9	16	3	0	3
RNU6-1060P	0	0	0	0	0	0	1	0	0
RNU6-1062P	1	0	0	0	0	1	0	0	1
RNU6-1064P	0	0	0	0	0	0	0	0	2
RNU6-1067P	3	3	1	2	3	2	0	0	2
RNU6-1077P	0	4	0	0	0	0	0	0	0
RNU6-1079P	1	0	0	0	0	0	0	0	0
RNU6-107P	0	0	0	0	0	0	0	0	1
RNU6-1081P	0	1	0	0	0	0	0	0	0
RNU6-1083P	0	1	0	1	1	1	0	0	0
RNU6-1084P	1	0	0	0	0	0	0	0	0
RNU6-1086P	5	0	1	4	1	2	0	0	2
RNU6-1089P	1	0	0	0	0	0	0	0	0
RNU6-1099P	24	10	3	9	2	6	4	0	7
RNU6-10P	3	3	0	0	0	0	0	0	2
RNU6-1104P	1	0	0	0	1	0	0	0	0
RNU6-1111P	0	1	0	0	0	1	0	0	0
RNU6-1112P	1	0	0	0	0	0	0	0	0
RNU6-1121P	1	0	0	0	0	0	0	0	0
RNU6-1122P	0	0	0	1	0	0	1	0	0
RNU6-1123P	0	1	0	0	0	0	0	0	0
RNU6-1127P	1	0	0	0	0	0	0	0	0
RNU6-1128P	1	0	0	0	0	0	0	0	0
RNU6-1133P	0	1	0	0	1	0	0	0	0
RNU6-1136P	3	2	1	0	0	0	0	0	2
RNU6-1137P	1	0	0	0	0	0	0	0	0
RNU6-1138P	1	0	0	0	1	0	0	0	0
RNU6-1140P	4	2	0	3	1	0	0	0	1
RNU6-1141P	13	4	0	4	2	1	2	0	2
RNU6-1143P	0	1	0	0	0	0	0	0	0
RNU6-1145P	0	1	0	0	0	0	0	0	0
RNU6-1147P	6	0	0	3	0	0	0	0	1
RNU6-1153P	1	0	0	0	0	0	0	0	0
RNU6-1154P	1	0	0	0	0	0	0	0	0
RNU6-1157P	2	1	0	0	0	0	0	0	0
RNU6-115P	2	0	0	1	0	0	0	0	0
RNU6-1163P	0	0	0	1	0	0	0	0	0
RNU6-1167P	1	1	0	0	0	0	0	0	0
RNU6-1169P	1	0	0	0	0	0	0	0	0
RNU6-1176P	0	0	0	0	0	0	1	0	0
RNU6-1180P	30	9	4	6	1	6	2	0	3
RNU6-1181P	0	0	0	0	0	1	0	0	0
RNU6-1187P	0	1	0	0	0	0	0	0	1
RNU6-1189P	0	1	0	0	0	0	0	0	0
RNU6-118P	0	0	0	0	0	0	0	0	1
RNU6-1195P	2	2	0	3	1	0	1	0	2
RNU6-1196P	2	0	0	0	0	0	0	0	0
RNU6-1201P	3	1	0	0	0	0	0	0	0
RNU6-1204P	2	1	0	0	1	0	0	0	0
RNU6-1205P	1	0	0	0	0	0	0	0	0
RNU6-1209P	0	0	0	0	0	0	0	0	1
RNU6-1225P	2	0	0	0	0	2	0	0	0
RNU6-1226P	4	7	0	2	1	2	1	0	2
RNU6-122P	0	2	0	0	0	0	0	0	0
RNU6-1230P	1	1	0	0	2	1	0	0	0
RNU6-1231P	0	1	0	0	0	0	0	0	0
RNU6-1233P	1	0	0	0	0	0	0	0	0
RNU6-1237P	0	1	0	0	0	0	0	0	0
RNU6-1238P	2	3	0	1	0	1	0	0	0
RNU6-123P	1	0	0	0	0	0	0	0	0
RNU6-1242P	0	0	0	0	0	0	0	0	1
RNU6-1247P	17	13	3	2	2	6	2	0	4
RNU6-1249P	1	2	0	1	0	1	0	0	0
RNU6-1251P	16	8	1	4	2	3	2	0	2
RNU6-1255P	1	0	0	0	0	0	0	0	0
RNU6-125P	1	0	0	0	0	0	0	0	0
RNU6-1262P	0	0	0	0	0	1	0	0	0
RNU6-1265P	2	2	1	1	1	0	0	0	0
RNU6-1266P	5	2	1	5	1	0	1	0	2
RNU6-1267P	1	0	0	0	0	0	0	0	0
RNU6-1270P	1	0	0	0	0	0	0	0	0
RNU6-1275P	0	1	0	0	0	0	0	0	0
RNU6-1279P	2	0	0	1	2	2	2	0	2
RNU6-1283P	1	2	0	0	0	1	0	0	1
RNU6-1284P	2	0	0	0	0	0	0	0	0
RNU6-1285P	1	1	0	0	0	0	0	0	0
RNU6-128P	0	0	1	1	1	0	1	0	1
RNU6-1298P	5	0	0	2	1	0	3	0	0
RNU6-1299P	1	0	0	0	0	0	0	0	0
RNU6-12P	0	0	0	0	0	1	0	0	0
RNU6-1305P	2	0	0	2	0	2	1	0	0
RNU6-1309P	4	5	1	2	3	1	3	0	0
RNU6-1312P	1	1	0	0	1	2	0	0	1
RNU6-1315P	2	0	0	0	0	0	1	0	0
RNU6-1316P	0	1	0	0	0	0	0	0	0
RNU6-1321P	0	1	0	0	0	0	0	0	0
RNU6-1322P	1	0	0	0	0	0	0	0	0
RNU6-1323P	5	2	0	0	1	0	1	0	0
RNU6-1327P	4	5	0	1	1	1	0	0	0
RNU6-1329P	7	3	0	2	0	0	1	0	3
RNU6-132P	1	2	0	0	0	0	0	0	0
RNU6-1331P	2	0	0	0	0	0	0	0	0
RNU6-1336P	0	0	0	0	0	0	0	0	9
RNU6-1339P	0	1	0	0	0	0	0	0	1
RNU6-1340P	1	0	0	0	0	0	0	0	0
RNU6-13P	1	1	0	0	1	0	0	0	0
RNU6-140P	14	5	1	4	3	1	1	0	1
RNU6-141P	0	1	0	0	0	0	0	0	0
RNU6-143P	0	0	0	0	0	1	0	0	0
RNU6-144P	0	0	0	1	0	1	0	0	0
RNU6-145P	30	21	0	5	5	1	4	0	5
RNU6-14P	21	18	0	5	8	4	5	0	5
RNU6-154P	1	1	0	1	3	0	0	0	0
RNU6-15P	9	8	1	0	0	1	1	0	1
RNU6-164P	1	0	0	0	0	0	0	0	0
RNU6-166P	5	1	0	0	0	0	0	0	1
RNU6-16P	53	57	1	11	11	7	13	0	13
RNU6-171P	4	1	2	0	0	0	0	0	0
RNU6-172P	1	0	0	0	0	0	0	0	0
RNU6-179P	2	0	0	0	0	0	0	0	0
RNU6-17P	0	0	0	0	1	0	0	0	0
RNU6-180P	4	1	0	1	0	0	0	0	0
RNU6-182P	0	0	0	0	0	0	1	0	0
RNU6-183P	2	0	0	1	0	0	0	0	0
RNU6-192P	6	7	0	2	3	1	3	0	3
RNU6-196P	1	0	0	0	0	0	0	0	0
RNU6-198P	1	0	0	0	0	0	0	0	0
RNU6-199P	13	6	3	6	4	7	2	0	7
RNU6-19P	2	3	1	0	0	0	0	0	0
RNU6-2	0	2	0	2	1	1	0	0	0
RNU6-202P	0	0	0	0	0	0	1	0	0
RNU6-204P	1	0	0	0	0	0	0	0	0
RNU6-207P	0	2	0	2	0	0	0	0	0
RNU6-20P	0	1	0	0	0	0	0	0	0
RNU6-211P	17	5	0	5	1	0	1	0	0
RNU6-212P	0	3	0	0	0	0	0	0	0
RNU6-213P	1	0	0	1	0	0	1	0	0
RNU6-21P	1	0	0	0	0	0	0	0	0
RNU6-222P	11	6	1	3	0	2	1	0	3
RNU6-225P	5	4	0	2	0	1	1	0	0
RNU6-228P	1	0	0	0	0	0	0	0	0
RNU6-22P	1	0	0	1	0	0	0	0	0
RNU6-230P	1	0	0	0	0	0	0	0	0
RNU6-233P	0	0	0	0	0	0	0	0	2
RNU6-234P	0	1	0	0	0	0	0	0	0
RNU6-235P	7	1	0	1	0	0	1	0	0
RNU6-237P	0	0	0	1	0	0	0	0	0
RNU6-23P	7	9	1	1	1	3	1	0	1
RNU6-240P	1	0	1	0	0	0	0	0	0
RNU6-245P	0	1	0	0	0	0	0	0	0
RNU6-246P	1	0	0	0	0	0	0	0	0
RNU6-247P	0	1	0	0	0	0	0	0	0
RNU6-24P	2	0	0	0	0	0	0	0	0
RNU6-253P	2	2	0	0	0	1	1	0	0
RNU6-256P	0	2	0	0	0	0	0	0	0
RNU6-25P	2	0	0	0	0	0	0	0	0
RNU6-263P	2	2	0	0	0	0	0	0	0
RNU6-268P	0	1	0	0	0	0	0	0	0
RNU6-26P	0	0	1	1	0	0	0	0	0
RNU6-271P	18	27	1	7	5	1	8	1	11
RNU6-273P	3	2	0	0	0	2	0	0	1
RNU6-274P	2	0	0	1	0	0	1	0	1
RNU6-279P	1	0	0	0	0	0	0	0	0
RNU6-27P	43	25	3	19	12	9	7	0	7
RNU6-280P	0	0	0	1	0	0	0	0	0
RNU6-282P	0	0	0	0	0	1	0	0	0
RNU6-28P	5	1	0	1	0	0	0	0	0
RNU6-297P	0	0	0	0	0	0	0	0	1
RNU6-298P	1	2	0	1	0	0	0	0	2
RNU6-299P	2	0	0	0	0	0	0	0	0
RNU6-29P	7	5	0	4	0	0	2	0	0
RNU6-301P	1	0	0	0	0	0	0	0	0
RNU6-302P	1	0	0	0	0	0	0	0	1
RNU6-306P	2	1	0	1	1	2	0	0	1
RNU6-30P	3	2	0	1	0	0	1	0	0
RNU6-312P	0	0	0	0	0	1	0	0	0
RNU6-313P	0	0	0	1	0	0	0	0	0
RNU6-318P	0	0	0	1	0	0	0	0	1
RNU6-31P	159	70	15	36	31	37	22	0	22
RNU6-323P	4	0	0	0	0	0	0	0	1
RNU6-338P	1	1	0	1	0	0	0	0	0
RNU6-339P	0	0	0	1	0	0	0	0	0
RNU6-33P	3	16	0	5	1	2	1	0	5
RNU6-341P	0	0	0	1	0	0	0	0	1
RNU6-342P	1	0	0	0	0	0	0	0	0
RNU6-343P	0	1	0	0	0	0	0	0	0
RNU6-346P	1	0	0	0	0	0	0	0	0
RNU6-34P	6	6	0	3	2	4	0	0	0
RNU6-353P	0	1	0	0	0	0	0	0	0
RNU6-358P	0	0	0	1	0	0	0	0	0
RNU6-35P	0	2	1	1	0	0	1	0	0
RNU6-363P	0	1	0	0	0	0	0	0	0
RNU6-364P	1	0	0	0	0	0	0	0	0
RNU6-367P	0	1	0	0	0	0	0	0	0
RNU6-36P	11	5	0	5	2	3	1	0	2
RNU6-377P	0	0	0	0	0	2	0	0	2
RNU6-378P	9	7	0	3	0	0	0	0	1
RNU6-379P	0	1	0	0	0	1	0	0	0
RNU6-37P	2	1	0	0	0	0	0	0	0
RNU6-392P	0	2	0	3	0	0	0	0	0
RNU6-393P	18	11	0	5	2	3	3	0	2
RNU6-39P	31	30	0	10	4	9	9	0	11
RNU6-3P	0	1	0	0	0	1	0	0	0
RNU6-407P	1	1	0	0	0	0	1	0	0
RNU6-40P	5	2	0	2	1	1	1	0	1
RNU6-414P	1	0	0	0	0	0	0	0	0
RNU6-415P	2	0	0	1	0	0	0	0	0
RNU6-419P	0	0	0	1	0	0	0	0	0
RNU6-424P	0	0	0	0	0	1	0	0	0
RNU6-428P	2	2	0	0	0	1	0	0	0
RNU6-42P	24	12	1	8	4	3	2	0	4
RNU6-431P	10	14	1	3	3	3	2	0	3
RNU6-432P	5	2	1	0	1	4	0	0	0
RNU6-433P	1	1	0	2	2	1	0	0	2
RNU6-435P	0	1	0	0	0	0	0	0	0
RNU6-437P	0	0	0	1	0	0	0	0	0
RNU6-439P	3	0	0	0	1	0	0	0	0
RNU6-43P	3	1	0	1	0	0	0	0	0
RNU6-444P	2	3	0	2	1	0	2	0	2
RNU6-445P	1	1	0	0	0	0	0	0	0
RNU6-44P	2	0	0	1	0	0	0	0	0
RNU6-453P	0	0	0	1	0	0	0	0	0
RNU6-456P	0	0	0	1	0	0	0	0	0
RNU6-45P	1	1	0	0	0	1	0	0	0
RNU6-461P	1	0	0	0	0	0	0	0	0
RNU6-463P	2	1	0	1	1	0	0	0	1
RNU6-468P	3	0	0	1	0	0	0	0	0
RNU6-46P	6	8	0	2	3	0	0	0	1
RNU6-470P	1	0	0	0	0	0	0	0	0
RNU6-479P	0	1	0	0	0	0	0	0	0
RNU6-47P	5	1	0	2	0	1	1	0	1
RNU6-482P	1	0	0	0	0	0	0	0	0
RNU6-485P	0	0	0	1	0	1	0	0	2
RNU6-487P	1	1	0	0	0	0	0	0	0
RNU6-48P	5	2	0	0	1	0	0	0	1
RNU6-490P	67	66	5	0	19	30	18	0	27
RNU6-492P	2	4	0	0	0	0	1	0	1
RNU6-495P	1	0	0	0	0	0	0	0	0
RNU6-496P	1	1	0	0	0	0	0	0	0
RNU6-49P	3	1	0	0	0	0	1	0	1
RNU6-4P	4	7	0	2	1	1	1	0	0
RNU6-501P	0	1	0	1	0	0	0	0	0
RNU6-508P	2	5	0	0	0	1	0	0	1
RNU6-509P	1	1	0	0	0	0	0	0	0
RNU6-50P	1	0	0	0	0	0	0	0	0
RNU6-510P	1	0	0	0	0	0	0	0	0
RNU6-512P	1	0	0	0	1	0	0	0	0
RNU6-516P	0	1	0	0	1	0	0	0	0
RNU6-517P	3	0	0	2	0	0	0	0	1
RNU6-519P	0	0	0	1	0	1	0	0	0
RNU6-522P	2	0	0	0	0	1	1	0	0
RNU6-529P	0	0	0	0	0	1	0	0	0
RNU6-531P	0	0	0	0	0	1	0	0	0
RNU6-532P	10	0	0	1	0	0	0	0	1
RNU6-537P	3	1	0	1	1	0	0	0	0
RNU6-540P	0	0	0	0	0	0	1	0	0
RNU6-546P	4	3	1	1	1	0	0	0	0
RNU6-548P	13	9	2	3	0	1	3	0	6
RNU6-549P	1	0	0	0	0	0	0	0	0
RNU6-553P	2	1	0	0	0	0	0	0	0
RNU6-558P	0	0	0	0	0	1	0	0	0
RNU6-564P	0	0	0	0	0	0	0	0	1
RNU6-572P	6	2	0	0	0	0	1	0	0
RNU6-574P	4	8	0	3	2	3	0	0	2
RNU6-576P	1	0	0	0	0	0	0	0	0
RNU6-57P	0	0	0	0	0	0	0	0	1
RNU6-582P	0	1	0	0	0	0	0	0	0
RNU6-589P	0	0	0	1	0	0	0	0	0
RNU6-590P	1	0	0	2	0	0	0	0	0
RNU6-593P	0	0	0	1	0	0	0	0	0
RNU6-5P	2	0	0	0	0	0	0	0	0
RNU6-602P	0	1	0	1	0	1	0	0	0
RNU6-60P	1	2	0	0	0	0	0	0	1
RNU6-610P	1	0	0	0	0	0	0	0	1
RNU6-611P	3	1	0	0	1	1	0	0	0
RNU6-61P	3	2	0	1	0	1	0	0	1
RNU6-620P	3	0	1	1	1	0	0	0	1
RNU6-629P	25	5	0	11	3	2	5	0	3
RNU6-637P	0	0	0	1	1	0	0	0	0
RNU6-647P	0	0	0	1	0	0	0	0	0
RNU6-650P	1	1	0	1	0	0	0	0	1
RNU6-653P	2	0	0	0	0	0	1	0	0
RNU6-656P	1	1	0	0	0	0	0	0	1
RNU6-657P	1	0	0	1	0	0	0	0	0
RNU6-660P	1	0	0	0	0	0	0	0	0
RNU6-661P	0	1	0	0	0	0	0	0	0
RNU6-670P	0	0	0	0	0	0	0	0	1
RNU6-672P	0	0	0	0	1	0	0	0	0
RNU6-681P	1	0	0	0	0	0	0	0	0
RNU6-695P	2	0	0	1	0	0	0	0	0
RNU6-6P	6	1	0	1	0	0	0	0	0
RNU6-7	1	2	0	3	0	0	0	0	0
RNU6-704P	0	0	0	0	0	0	0	0	1
RNU6-705P	1	0	0	0	0	0	0	0	1
RNU6-707P	8	2	0	2	1	0	0	0	1
RNU6-708P	9	5	3	7	1	4	2	0	1
RNU6-70P	0	0	0	1	0	0	0	0	0
RNU6-722P	26	22	5	14	7	8	2	0	8
RNU6-728P	0	0	0	0	0	0	0	0	1
RNU6-729P	2	0	0	2	1	1	0	0	0
RNU6-72P	1	1	0	1	1	0	0	0	0
RNU6-730P	1	1	0	1	0	0	0	0	0
RNU6-732P	2	0	0	0	0	0	0	0	0
RNU6-735P	0	0	1	0	0	0	0	0	0
RNU6-737P	7	2	1	2	0	0	0	0	1
RNU6-738P	13	3	0	5	2	3	7	0	2
RNU6-73P	0	0	0	0	1	0	0	0	0
RNU6-742P	0	1	0	0	0	0	0	0	0
RNU6-743P	0	1	0	1	0	0	0	0	0
RNU6-748P	8	3	1	3	0	4	1	0	1
RNU6-756P	0	1	0	0	0	0	0	0	0
RNU6-757P	1	0	0	0	0	0	0	0	1
RNU6-759P	3	1	0	0	0	1	1	0	0
RNU6-761P	7	6	0	1	2	1	0	0	3
RNU6-762P	1	0	0	0	0	0	0	0	0
RNU6-765P	1	2	0	0	0	0	0	0	0
RNU6-767P	1	0	0	0	0	0	0	0	0
RNU6-769P	0	0	0	0	0	0	0	0	1
RNU6-770P	1	0	0	0	0	0	0	0	0
RNU6-774P	0	1	0	0	0	0	0	0	0
RNU6-783P	0	0	0	1	0	0	0	0	0
RNU6-784P	2	0	0	0	0	0	0	0	0
RNU6-789P	1	1	0	1	0	2	0	0	0
RNU6-792P	0	2	0	1	1	0	0	0	0
RNU6-797P	0	1	0	0	0	0	0	0	0
RNU6-8	0	0	0	0	0	0	1	0	0
RNU6-800P	0	0	0	0	0	0	0	0	1
RNU6-801P	2	1	0	1	0	0	0	0	0
RNU6-804P	0	1	0	0	0	0	0	0	0
RNU6-806P	0	0	0	1	0	1	0	0	1
RNU6-807P	1	0	0	1	0	0	0	0	1
RNU6-80P	0	0	0	1	0	0	0	0	0
RNU6-817P	0	0	0	0	0	1	0	0	0
RNU6-820P	1	0	0	0	0	0	0	0	0
RNU6-826P	6	7	1	1	0	0	0	0	2
RNU6-834P	0	0	0	1	1	0	0	0	1
RNU6-841P	1	2	0	0	0	0	0	0	0
RNU6-842P	2	4	0	1	0	0	0	0	1
RNU6-853P	1	1	0	0	0	0	0	0	0
RNU6-855P	0	1	0	0	0	0	0	0	0
RNU6-856P	2	0	0	0	0	0	0	0	0
RNU6-858P	1	0	0	0	0	0	0	0	0
RNU6-862P	0	0	1	1	0	0	0	0	0
RNU6-874P	1	0	0	0	0	0	0	0	0
RNU6-878P	1	0	0	0	0	0	0	0	0
RNU6-879P	7	0	0	3	1	1	1	0	3
RNU6-880P	1	0	0	0	0	0	1	0	0
RNU6-883P	0	0	0	0	0	1	0	0	0
RNU6-887P	1	1	0	0	0	0	0	0	0
RNU6-88P	1	2	0	0	0	0	0	0	0
RNU6-890P	0	0	0	0	0	0	0	0	1
RNU6-893P	1	1	0	0	0	0	0	0	0
RNU6-9	686	837	74	500	214	169	249	2	301
RNU6-90P	0	1	0	0	0	0	0	0	0
RNU6-910P	0	0	0	0	1	0	0	0	0
RNU6-918P	1	0	0	1	0	0	0	0	0
RNU6-920P	1	0	0	0	1	0	0	0	0
RNU6-921P	1	0	0	0	0	0	0	0	0
RNU6-925P	1	1	0	1	0	0	0	0	1
RNU6-929P	2	2	0	2	0	0	0	0	1
RNU6-933P	3	0	0	0	0	0	0	0	0
RNU6-934P	1	0	0	0	0	0	0	0	0
RNU6-942P	1	1	0	1	0	1	0	0	1
RNU6-944P	0	0	0	1	0	0	1	0	0
RNU6-945P	0	0	0	0	0	1	0	0	0
RNU6-953P	7	8	0	5	3	7	3	0	7
RNU6-958P	8	5	0	6	2	1	1	0	2
RNU6-959P	1	0	0	1	0	0	0	0	0
RNU6-968P	0	0	0	1	0	0	0	0	2
RNU6-971P	3	2	0	1	1	0	0	0	0
RNU6-97P	0	1	2	0	0	0	0	0	0
RNU6-984P	0	1	0	0	1	1	0	0	1
RNU6-986P	1	0	0	0	0	0	0	0	0
RNU6-988P	0	1	0	1	1	1	0	0	0
RNU6-98P	14	9	1	2	2	1	0	0	2
RNU6-991P	0	0	0	1	0	0	0	0	0
RNU6-994P	4	3	1	2	1	0	1	0	0
RNU6-996P	8	0	0	5	0	0	0	0	0
RNU6-997P	2	0	0	0	0	0	0	0	1
RNU6-998P	2	1	0	0	0	1	0	0	0
RNU6-999P	7	2	0	2	2	2	3	0	3
RNU6ATAC	127	169	25	68	43	41	31	0	56
RNU6ATAC10P	0	0	0	0	0	0	0	0	1
RNU6ATAC12P	0	1	0	1	1	0	0	0	0
RNU6ATAC16P	1	1	0	1	0	0	0	0	0
RNU6ATAC21P	1	0	0	0	0	0	0	0	0
RNU6ATAC24P	0	0	0	0	0	0	1	0	0
RNU6ATAC26P	0	0	0	0	0	1	1	0	0
RNU6ATAC27P	0	0	0	0	0	0	0	0	1
RNU6ATAC28P	1	0	0	0	0	0	0	0	1
RNU6ATAC2P	1	3	1	1	1	0	1	0	1
RNU6ATAC31P	0	0	0	0	1	0	0	0	0
RNU6ATAC35P	1	1	0	0	0	1	0	0	0
RNU6ATAC37P	0	0	0	0	0	1	0	0	0
RNU6ATAC38P	1	0	0	0	1	0	0	0	0
RNU6ATAC39P	0	3	0	0	0	0	0	0	0
RNU6ATAC4P	1	0	0	1	0	1	0	0	0
RNU6ATAC5P	1	1	0	0	0	0	0	0	0
RNU6ATAC8P	0	0	0	1	0	0	0	0	0
RNU6V	6	7	0	7	2	1	2	0	3
RNU7-1	53	69	15	45	16	10	11	0	21
RNU7-103P	0	0	0	0	0	0	0	0	1
RNU7-10P	7	2	1	3	1	3	2	0	0
RNU7-113P	1	0	0	0	0	0	1	0	0
RNU7-125P	1	0	0	1	0	0	0	0	0
RNU7-12P	1	1	0	0	0	0	0	0	0
RNU7-137P	0	1	0	0	0	0	1	0	0
RNU7-181P	0	0	0	0	0	0	0	0	1
RNU7-19P	0	0	0	0	0	0	0	0	1
RNU7-21P	0	1	0	0	0	0	0	0	0
RNU7-27P	0	1	0	0	0	0	0	0	0
RNU7-3P	0	2	1	1	1	2	0	0	1
RNU7-45P	0	0	0	1	0	0	0	0	0
RNU7-4P	6	3	1	4	0	1	0	0	1
RNU7-52P	0	1	0	0	0	0	0	0	0
RNU7-53P	1	0	0	0	0	0	0	0	0
RNU7-57P	0	0	0	0	0	0	1	0	1
RNU7-59P	1	0	0	0	0	0	0	0	0
RNU7-66P	0	0	0	0	1	0	0	0	0
RNU7-6P	0	1	0	0	0	0	0	0	0
RNU7-70P	1	0	0	0	0	0	0	0	0
RNU7-7P	0	0	0	1	0	0	0	0	0
RNU7-80P	1	1	0	1	1	1	0	0	0
RNU7-95P	0	0	0	0	0	0	1	0	0
RNVU1-1	10	8	0	4	5	1	1	0	1
RNVU1-15	65	21	2	27	12	15	10	0	23
RNVU1-17	34	12	2	19	5	5	7	0	9
RNVU1-18	19	12	9	2	21	3	1	0	3
RNVU1-2	58	34	5	12	9	18	20	0	20
RNVU1-21	11	8	1	4	2	6	4	0	4
RNVU1-22	13	5	1	7	2	2	4	0	10
RNVU1-25	6	3	0	2	0	2	2	0	5
RNVU1-26	2	1	0	0	0	0	0	0	0
RNVU1-27	54	20	4	28	8	13	7	0	11
RNVU1-28	53	46	8	60	13	8	19	0	12
RNVU1-29	4	2	0	0	1	1	0	0	0
RNVU1-2A	94	26	6	42	10	19	18	0	14
RNVU1-3	6	3	1	1	0	2	0	0	0
RNVU1-30	5	6	0	3	1	1	2	0	1
RNVU1-31	208	155	29	168	50	79	40	0	134
RNVU1-32	3	4	1	1	1	1	1	0	2
RNVU1-33	0	2	0	1	1	0	0	0	0
RNVU1-34	12	8	0	3	1	1	3	0	7
RNVU1-4	6	8	1	1	1	1	1	0	2
RNVU1-7	908	708	105	617	274	348	194	2	402
RNVU1-8	6	5	2	6	1	4	1	0	6
RNY1	268	343	23	228	86	102	64	1	139
RNY1P11	0	1	0	1	1	0	0	0	0
RNY1P13	10	7	1	6	1	7	3	0	7
RNY1P14	0	0	0	0	0	0	0	0	1
RNY1P16	0	0	0	0	1	0	0	0	0
RNY1P6	0	0	0	1	0	0	0	0	0
RNY1P9	0	0	0	0	0	0	0	0	1
RNY3	24	34	7	48	5	15	5	0	30
RNY3P1	4	6	0	0	1	1	1	0	4
RNY3P16	4	8	0	3	0	1	0	0	0
RNY3P2	0	0	2	1	1	2	1	0	0
RNY3P4	0	1	0	0	0	0	0	0	0
RNY3P5	0	0	0	1	0	0	0	0	0
RNY3P8	0	0	0	1	0	0	0	0	0
RNY4	12	10	1	12	3	4	3	0	5
RNY4P13	1	0	0	0	0	0	0	0	0
RNY4P14	1	0	0	0	0	0	0	0	0
RNY4P19	0	0	0	0	0	0	1	0	0
RNY4P23	1	0	0	0	0	0	0	0	1
RNY4P25	0	0	0	0	0	0	1	0	0
RNY4P27	0	0	0	1	0	0	0	0	0
RNY4P28	1	0	0	0	0	0	0	0	0
RNY4P3	1	0	0	0	0	0	0	0	0
RNY4P36	0	0	0	1	0	0	0	0	0
RNY4P6	0	2	0	0	0	0	0	0	0
RNY4P9	0	1	0	0	0	0	0	0	1
RO60	340	181	34	146	87	160	52	0	208
ROBO1	1097	1109	192	521	351	888	300	1	1309
ROBO2	407	281	64	153	97	252	97	0	294
ROBO3	4	0	1	3	1	1	0	0	1
ROBO4	0	0	0	2	0	0	0	0	0
ROCK1	273	221	49	123	78	213	50	0	194
ROCK1P1	1	0	0	0	0	0	0	0	1
ROCK2	792	562	114	343	225	498	162	1	749
ROCR	1	0	0	0	0	0	0	0	0
ROGDI	10	5	4	7	3	3	0	0	7
ROM1	3	2	0	1	1	2	3	0	0
ROMO1	37	24	5	17	5	16	6	0	11
ROPN1	0	2	0	1	0	0	1	0	0
ROPN1B	0	0	0	0	0	0	2	0	0
ROPN1L	15	9	0	4	4	3	4	0	10
ROPN1L-AS1	0	0	0	0	1	0	0	0	0
ROR1	198	109	16	88	38	70	32	0	58
ROR1-AS1	2	1	0	2	0	3	0	0	0
ROR2	2289	1984	360	966	662	1183	767	6	1894
RORA	204	129	26	70	54	73	30	2	75
RORA-AS1	18	25	6	8	5	12	10	0	20
RORA-AS2	0	0	0	0	0	0	1	0	0
RORB	8	6	1	1	3	6	5	0	5
RORB-AS1	1	0	0	0	0	0	0	0	0
RORC	9	10	4	3	2	11	4	0	13
ROS1	7	2	0	4	0	1	1	0	1
RP1	13	8	2	3	2	5	3	0	4
RP1L1	13	5	1	5	4	5	4	0	5
RP2	73	28	5	24	10	28	10	0	39
RP9	22	16	2	6	3	8	2	0	11
RP9P	24	19	4	12	2	9	4	0	25
RPA1	319	233	31	141	77	117	46	1	220
RPA2	84	62	17	41	24	42	12	1	65
RPA3	33	38	3	26	7	22	5	0	25
RPA4	4	2	1	0	2	0	1	0	1
RPAIN	105	59	9	36	24	49	17	2	67
RPAP1	100	57	13	40	22	34	17	0	34
RPAP2	236	142	37	126	51	137	39	0	161
RPAP3	171	124	16	55	54	81	21	2	104
RPAP3-DT	14	9	0	5	2	2	1	0	8
RPE	218	126	29	100	46	105	28	0	156
RPE65	6	0	0	1	0	3	1	0	0
RPEL1	0	1	0	0	1	0	0	0	1
RPEP1	3	6	1	0	1	5	2	0	4
RPEP3	0	0	1	0	0	0	0	0	0
RPEP4	0	1	0	0	0	0	0	0	0
RPF1	139	62	12	48	19	46	15	0	51
RPF2	128	87	11	50	32	63	18	0	75
RPF2P1	3	0	0	0	0	0	0	0	1
RPGR	49	37	6	23	15	34	6	0	42
RPGRIP1	1	1	0	0	0	0	0	0	3
RPGRIP1L	85	36	6	34	16	42	11	0	40
RPH3A	10	2	1	3	4	4	2	0	7
RPH3AL	69	54	17	31	26	41	26	0	51
RPH3AL-AS2	0	0	0	0	1	0	0	0	0
RPIA	73	53	8	38	12	27	11	0	41
RPL10	569	508	43	250	151	103	111	1	162
RPL10A	283	179	26	105	61	77	35	0	122
RPL10AP1	0	1	0	1	0	0	0	0	1
RPL10AP2	0	0	0	0	0	1	0	0	0
RPL10AP3	0	0	0	0	1	0	0	0	2
RPL10AP6	12	15	0	12	1	11	0	0	11
RPL10P1	1	0	0	1	0	1	0	0	0
RPL10P11	1	0	0	0	0	0	0	0	0
RPL10P12	1	0	0	0	0	0	0	0	0
RPL10P15	0	0	0	0	0	1	0	0	0
RPL10P16	7	3	2	5	5	4	1	0	8
RPL10P19	3	3	0	0	0	0	0	0	1
RPL10P2	1	0	0	0	0	1	0	0	0
RPL10P3	22	16	6	17	4	17	3	0	16
RPL10P6	5	5	0	3	0	5	1	0	5
RPL10P7	1	0	0	0	0	1	0	0	0
RPL10P9	32	20	3	14	9	14	5	0	28
RPL11	676	409	59	319	127	271	92	0	347
RPL11P3	7	3	0	1	1	1	0	0	0
RPL11P5	1	0	0	0	0	0	0	0	0
RPL12	1133	1009	143	737	356	306	262	1	438
RPL12P1	1	0	0	0	0	1	0	0	0
RPL12P10	0	1	0	0	0	0	0	0	0
RPL12P11	2	1	0	0	0	1	0	0	0
RPL12P13	1	1	0	0	0	1	0	0	0
RPL12P14	1	1	0	1	0	0	0	0	0
RPL12P16	10	15	2	7	2	14	1	0	16
RPL12P17	0	0	0	1	0	1	0	0	0
RPL12P19	0	1	0	1	0	0	0	0	1
RPL12P2	0	0	0	2	0	0	0	0	0
RPL12P20	7	5	1	3	4	2	3	0	8
RPL12P21	0	1	0	0	0	0	0	0	0
RPL12P24	1	0	0	0	0	0	0	0	0
RPL12P25	2	0	0	0	0	0	0	0	0
RPL12P26	1	1	0	0	0	0	0	0	0
RPL12P29	1	0	0	0	0	0	0	0	0
RPL12P32	0	0	0	0	0	1	0	0	0
RPL12P33	1	1	0	1	0	1	0	0	2
RPL12P35	1	0	0	0	0	0	0	0	0
RPL12P38	3	3	1	3	1	5	0	0	0
RPL12P4	0	1	0	0	0	0	0	0	0
RPL12P42	0	1	0	0	1	0	0	0	0
RPL12P45	0	0	0	0	0	1	0	0	0
RPL12P47	1	3	0	1	0	3	1	0	2
RPL12P49	1	1	0	0	0	0	0	0	1
RPL12P50	2	2	0	0	0	1	1	0	3
RPL12P6	2	2	0	1	1	1	0	0	0
RPL13	1187	934	125	634	273	375	171	0	579
RPL13A	1438	920	98	544	227	326	231	0	543
RPL13AP12	3	3	0	1	1	0	0	0	0
RPL13AP2	2	5	0	3	2	0	1	0	2
RPL13AP20	3	5	0	1	3	2	0	0	2
RPL13AP23	0	0	0	0	1	0	0	0	0
RPL13AP25	14	14	4	10	3	10	2	0	24
RPL13AP3	1	3	0	1	0	1	1	0	1
RPL13AP5	21	17	3	12	9	17	3	0	33
RPL13AP6	4	1	0	1	0	0	0	0	1
RPL13AP7	14	14	2	7	2	9	2	0	15
RPL13P	0	1	0	0	0	0	0	0	0
RPL13P12	41	27	3	19	9	21	7	0	32
RPL13P2	0	0	0	1	0	0	0	0	1
RPL13P5	30	8	1	6	8	9	3	0	15
RPL13P6	0	1	0	0	0	0	0	0	0
RPL14	626	391	67	278	136	296	104	0	320
RPL14P1	23	32	2	19	9	16	3	0	31
RPL14P3	1	0	0	0	0	0	0	0	0
RPL14P5	2	0	0	0	0	0	0	0	0
RPL14P6	1	0	0	0	0	1	0	0	0
RPL15	398	245	48	199	92	181	65	1	211
RPL15P1	1	1	0	1	0	1	0	0	0
RPL15P13	0	1	0	0	0	0	0	0	0
RPL15P14	0	0	0	0	0	1	0	0	1
RPL15P18	4	3	0	1	0	0	1	0	1
RPL15P2	2	0	0	0	0	1	0	0	0
RPL15P20	0	1	0	0	0	0	0	0	1
RPL15P21	0	1	0	0	0	0	0	0	0
RPL15P3	27	38	3	19	7	26	6	0	14
RPL15P5	1	1	0	0	0	2	0	0	0
RPL17	861	1008	54	277	208	119	147	4	159
RPL17-C18orf32	1661	1845	115	734	392	349	289	4	565
RPL17P12	1	0	0	0	0	0	0	0	0
RPL17P13	0	0	0	0	0	1	0	0	0
RPL17P15	1	0	0	0	0	0	0	0	0
RPL17P17	8	12	2	7	3	1	3	0	0
RPL17P19	0	0	0	1	0	0	0	0	0
RPL17P26	0	4	0	0	0	0	0	0	0
RPL17P33	6	0	0	0	0	0	0	0	1
RPL17P34	1	1	0	0	0	0	0	0	1
RPL17P36	0	1	0	0	0	0	0	0	1
RPL17P44	0	0	0	0	1	0	0	0	0
RPL17P50	6	4	2	1	0	1	0	0	2
RPL18	401	203	35	175	78	138	60	0	180
RPL18A	2180	3105	130	1291	873	229	601	9	396
RPL18AP14	1	0	0	0	0	0	0	0	0
RPL18AP15	1	0	0	0	0	0	0	0	0
RPL18AP3	27	27	4	26	8	25	8	0	36
RPL18AP7	1	0	0	0	0	0	0	0	0
RPL18AP8	1	0	0	0	0	1	0	0	0
RPL18P11	0	1	0	0	0	0	0	0	0
RPL18P13	3	1	1	0	0	1	0	0	5
RPL19	620	437	79	272	141	222	87	0	335
RPL19P1	1	0	0	0	0	0	0	0	0
RPL19P13	1	0	0	0	1	0	0	0	0
RPL19P4	1	4	0	0	2	1	1	0	0
RPL19P5	1	0	0	0	0	0	0	0	0
RPL21	479	529	32	239	110	102	83	1	149
RPL21P10	2	1	0	0	0	1	1	0	0
RPL21P103	1	0	0	0	0	0	0	0	0
RPL21P106	2	1	0	0	0	0	0	0	0
RPL21P116	0	1	0	0	0	0	0	0	0
RPL21P119	0	1	0	1	0	2	0	0	1
RPL21P120	0	0	0	0	0	1	0	0	0
RPL21P129	0	0	0	0	0	0	1	0	0
RPL21P134	1	1	0	0	0	1	0	0	0
RPL21P136	0	1	0	0	0	0	0	0	1
RPL21P16	12	27	4	18	14	26	5	0	25
RPL21P17	0	0	0	1	0	0	0	0	0
RPL21P18	1	1	0	0	0	0	0	0	0
RPL21P24	0	1	0	0	0	0	0	0	0
RPL21P28	4	1	3	3	2	6	1	0	3
RPL21P3	4	1	0	3	0	1	1	0	1
RPL21P31	0	1	0	0	0	0	0	0	0
RPL21P37	0	0	0	0	0	1	0	0	0
RPL21P39	0	0	0	1	0	0	0	0	1
RPL21P4	0	0	0	0	0	0	0	0	1
RPL21P43	1	0	0	0	0	0	0	0	0
RPL21P44	1	0	0	0	0	0	0	0	0
RPL21P5	0	1	0	0	0	0	0	0	0
RPL21P65	0	0	1	0	0	0	0	0	1
RPL21P7	0	0	0	2	0	0	0	0	0
RPL21P71	1	0	0	1	0	0	0	0	0
RPL21P75	1	0	0	0	0	1	0	0	0
RPL21P88	0	1	0	0	0	0	0	0	0
RPL21P9	1	0	0	0	0	0	0	0	0
RPL21P90	1	0	0	0	0	0	0	0	1
RPL21P99	0	2	1	1	0	1	0	0	0
RPL22	146	96	11	57	31	63	23	0	65
RPL22L1	69	44	6	22	10	37	5	0	29
RPL22P1	1	2	0	1	0	0	0	0	1
RPL22P14	1	0	0	0	0	0	0	0	0
RPL22P16	0	1	0	0	1	0	0	0	0
RPL22P17	0	0	0	0	0	0	0	0	1
RPL22P2	0	0	0	0	1	1	0	0	0
RPL22P22	1	0	0	0	0	0	1	0	0
RPL22P4	1	0	0	0	0	0	1	0	0
RPL22P8	0	0	0	1	0	0	0	0	0
RPL23	839	606	90	427	177	244	121	1	329
RPL23A	1324	1539	80	470	282	246	261	4	324
RPL23AP11	0	0	0	0	0	0	0	0	1
RPL23AP18	0	0	0	0	0	0	0	0	1
RPL23AP2	0	0	0	0	0	0	0	0	1
RPL23AP20	0	1	0	1	0	2	0	0	0
RPL23AP30	1	1	0	1	0	0	0	0	0
RPL23AP31	0	1	0	0	0	1	0	0	0
RPL23AP32	3	0	1	0	0	0	0	0	2
RPL23AP34	0	1	0	0	0	2	0	0	0
RPL23AP35	0	0	0	1	0	0	0	0	0
RPL23AP37	0	0	0	0	0	1	0	0	0
RPL23AP38	1	2	0	0	0	0	0	0	0
RPL23AP41	0	0	0	0	0	0	0	0	1
RPL23AP42	10	5	0	4	4	1	0	0	9
RPL23AP43	1	0	0	0	0	1	0	0	0
RPL23AP44	0	0	0	0	1	0	0	0	0
RPL23AP48	1	0	0	0	0	0	0	0	0
RPL23AP49	3	1	0	0	0	1	0	0	0
RPL23AP52	0	0	0	0	1	0	0	0	0
RPL23AP53	28	12	4	9	6	11	7	0	12
RPL23AP55	0	1	0	0	1	0	0	0	0
RPL23AP57	2	0	0	1	0	1	0	0	0
RPL23AP58	1	0	0	0	0	0	0	0	0
RPL23AP59	1	0	0	0	0	0	0	0	0
RPL23AP6	0	0	0	0	0	0	0	0	1
RPL23AP63	3	2	0	1	0	1	0	0	0
RPL23AP65	2	3	0	0	0	1	1	0	3
RPL23AP7	14	13	0	3	4	9	2	0	9
RPL23AP74	0	2	0	0	0	1	0	0	0
RPL23AP77	1	0	0	0	0	0	0	0	0
RPL23AP81	0	0	0	0	0	0	0	0	1
RPL23AP85	0	1	0	0	0	0	0	0	0
RPL23AP87	0	0	0	0	0	0	0	0	2
RPL23AP91	1	0	0	0	0	0	0	0	0
RPL23AP95	1	0	0	0	0	0	0	0	0
RPL23AP97	0	1	0	0	0	0	0	0	0
RPL23P10	0	1	0	0	0	0	0	0	0
RPL23P11	0	0	1	0	0	0	0	0	0
RPL23P2	1	0	0	0	1	0	0	0	1
RPL24	282	163	23	140	56	95	43	0	137
RPL24P2	1	3	0	0	0	3	0	0	0
RPL24P4	2	0	0	0	0	0	0	0	0
RPL24P7	1	0	0	1	0	0	0	0	0
RPL24P8	3	3	0	0	1	6	0	0	4
RPL26	242	190	18	118	60	107	32	0	132
RPL26L1	59	38	6	21	8	18	8	0	23
RPL26L1-AS1	7	4	0	6	2	2	4	0	4
RPL26P15	0	0	0	1	0	0	0	0	0
RPL26P19	0	4	0	3	0	0	2	0	0
RPL26P27	0	0	0	0	0	0	1	0	1
RPL26P28	1	0	0	0	0	0	0	0	0
RPL26P3	0	1	0	0	0	0	0	0	0
RPL26P30	0	1	1	0	0	6	0	0	6
RPL26P31	1	0	0	0	0	0	0	0	0
RPL26P36	0	0	0	0	0	1	1	0	0
RPL26P37	3	2	0	3	2	8	0	0	2
RPL26P6	18	19	1	19	10	18	5	0	17
RPL27	365	225	26	177	81	125	54	0	156
RPL27A	1555	1160	105	663	335	315	287	3	462
RPL27AP	1	0	0	0	1	0	0	0	0
RPL27AP3	1	0	0	0	1	0	0	0	0
RPL27P6	0	0	0	0	0	1	0	0	0
RPL27P7	1	0	0	0	0	0	0	0	0
RPL28	434	242	69	197	71	145	59	1	210
RPL29	245	151	44	111	44	107	49	0	155
RPL29P11	2	0	0	0	0	0	0	0	0
RPL29P14	1	0	0	0	1	3	0	0	0
RPL29P24	1	0	0	0	0	1	0	0	0
RPL29P29	2	0	0	0	0	0	0	0	0
RPL29P3	0	1	0	0	0	0	0	0	0
RPL29P30	2	0	0	0	0	0	0	0	0
RPL3	1112	683	96	420	196	274	142	3	396
RPL30	476	362	32	286	116	142	80	0	198
RPL30-AS1	1	0	0	0	0	2	0	0	0
RPL30P13	2	2	0	0	1	2	1	0	2
RPL30P4	0	0	0	0	0	1	0	0	0
RPL30P5	2	0	0	1	0	0	0	0	0
RPL30P7	0	1	0	0	0	0	0	0	0
RPL31	409	276	45	199	92	159	66	1	221
RPL31P11	2	1	1	2	0	1	1	0	1
RPL31P16	0	0	0	0	1	0	0	0	0
RPL31P2	0	0	0	0	0	0	1	0	0
RPL31P35	0	2	0	0	0	0	0	0	1
RPL31P46	39	25	6	14	13	19	2	0	37
RPL31P49	1	0	0	0	1	0	0	0	0
RPL31P52	1	0	0	0	0	0	0	0	0
RPL31P54	0	0	0	0	0	1	0	0	0
RPL31P59	0	1	0	0	0	0	0	0	0
RPL31P61	1	0	0	0	0	0	0	0	0
RPL31P63	1	0	0	1	0	0	0	0	0
RPL31P7	1	0	0	0	0	0	0	0	0
RPL32	1021	717	78	429	253	279	176	2	401
RPL32P1	1	0	0	0	0	0	0	0	0
RPL32P11	1	0	0	0	0	0	0	0	0
RPL32P16	1	1	1	0	0	1	0	0	0
RPL32P18	4	12	1	4	0	4	2	0	13
RPL32P2	0	1	0	0	0	0	0	0	0
RPL32P20	0	1	0	2	0	0	0	0	0
RPL32P26	0	1	0	0	1	0	0	0	1
RPL32P31	2	0	0	0	0	0	0	0	0
RPL32P34	1	1	1	1	0	2	0	0	2
RPL32P7	1	0	0	0	0	0	0	0	0
RPL34	296	209	25	144	66	130	50	2	169
RPL34-DT	7	5	0	2	5	4	0	0	6
RPL34P1	0	1	0	0	0	0	0	0	0
RPL34P20	2	0	0	1	0	0	0	0	1
RPL34P23	0	0	0	1	0	0	0	0	0
RPL34P27	1	0	0	0	0	1	0	0	0
RPL34P31	2	0	0	0	0	1	0	0	0
RPL34P33	1	0	0	0	0	0	0	0	0
RPL34P36	1	0	0	0	0	0	0	0	0
RPL34P6	2	2	0	1	1	0	0	0	0
RPL35	667	470	89	318	151	241	114	1	370
RPL35A	375	233	35	183	94	143	61	0	171
RPL35AP13	1	0	0	0	1	0	0	0	0
RPL35AP16	0	0	0	0	0	1	0	0	0
RPL35AP2	3	0	0	0	1	2	0	0	3
RPL35AP30	0	1	0	1	0	0	0	0	2
RPL35AP32	0	0	0	1	0	0	0	0	0
RPL35AP36	0	1	0	0	0	0	0	0	0
RPL35AP4	1	0	0	0	0	0	0	0	0
RPL35AP7	0	0	0	1	0	0	0	0	0
RPL35AP9	0	0	0	0	0	0	0	0	3
RPL35P1	1	4	0	7	0	1	2	0	2
RPL35P2	11	5	1	5	1	5	1	0	8
RPL35P3	1	0	0	1	0	0	0	0	0
RPL35P5	1	0	0	1	0	0	0	1	1
RPL35P6	0	0	0	0	0	1	0	0	0
RPL35P9	2	0	0	0	0	0	0	0	0
RPL36	279	205	30	143	46	113	52	0	123
RPL36A	23	17	5	18	7	10	4	0	17
RPL36A-HNRNPH2	134	102	14	67	37	66	16	1	89
RPL36AL	77	51	6	41	16	33	7	0	27
RPL36AP13	0	0	1	0	0	0	0	0	0
RPL36AP15	2	0	0	0	0	0	0	0	1
RPL36AP16	1	0	0	1	0	0	0	0	0
RPL36AP19	1	0	0	0	0	0	0	0	0
RPL36AP21	0	0	0	0	1	0	0	0	0
RPL36AP24	0	0	1	0	0	0	1	0	1
RPL36AP25	1	0	0	0	0	0	0	0	0
RPL36AP26	0	0	0	1	0	0	0	0	1
RPL36AP28	0	0	0	0	0	0	0	0	1
RPL36AP29	0	1	0	0	0	0	0	0	0
RPL36AP31	1	0	0	0	0	0	0	0	0
RPL36AP33	4	2	0	0	0	0	1	0	2
RPL36AP37	28	23	2	15	8	22	2	0	29
RPL36AP39	0	1	0	0	0	0	1	0	0
RPL36AP5	1	0	0	0	0	1	0	0	0
RPL36AP52	1	0	0	0	0	0	0	0	0
RPL36AP54	0	1	0	0	0	1	0	0	0
RPL36AP8	3	1	0	0	0	0	0	0	2
RPL36AP9	0	1	0	0	0	0	0	0	0
RPL36P14	1	1	0	0	0	0	0	0	1
RPL36P16	0	0	0	2	1	0	0	0	1
RPL36P18	1	0	0	0	0	0	0	0	0
RPL36P5	0	0	0	0	0	0	0	0	1
RPL37	1271	759	182	649	275	587	201	3	763
RPL37A	773	459	81	327	142	301	81	0	360
RPL37A-DT	7	3	0	1	0	4	2	0	5
RPL37AP1	0	0	1	0	1	0	1	0	0
RPL37AP8	1	0	0	0	0	0	0	0	0
RPL37P1	1	0	0	2	0	0	0	0	0
RPL37P11	0	0	0	0	1	0	0	0	0
RPL37P13	2	1	0	0	0	0	0	0	0
RPL37P15	1	0	0	0	0	0	0	0	0
RPL37P18	0	2	0	0	0	0	0	0	0
RPL37P2	38	45	9	37	12	33	10	0	54
RPL37P23	3	0	1	2	1	5	0	0	7
RPL37P3	1	1	0	0	0	0	0	0	0
RPL37P6	18	17	2	11	4	11	2	0	18
RPL38	399	243	49	200	85	130	49	0	176
RPL38P2	14	15	1	9	5	11	0	0	11
RPL38P4	0	0	0	1	0	0	0	0	0
RPL38P5	0	1	0	0	0	0	0	0	0
RPL38P6	0	0	0	0	0	1	1	0	0
RPL39	110	88	3	43	20	36	27	0	48
RPL39L	34	33	11	22	11	13	5	0	31
RPL39P15	0	0	0	0	1	0	0	0	0
RPL39P18	1	0	0	0	0	0	0	0	0
RPL39P3	0	2	0	1	0	1	0	0	1
RPL39P34	1	0	0	0	1	0	0	0	0
RPL39P36	0	0	0	2	0	0	0	0	0
RPL39P38	2	0	0	0	0	0	1	0	0
RPL39P5	5	7	0	3	4	0	1	0	2
RPL3L	3	5	0	1	1	0	0	0	2
RPL3P1	2	2	0	0	0	0	0	0	0
RPL3P11	1	0	0	0	0	0	0	0	0
RPL3P2	3	0	0	0	0	1	0	0	0
RPL3P3	0	1	0	1	0	0	0	0	0
RPL3P4	16	30	2	17	10	16	2	0	37
RPL3P6	0	0	0	1	0	0	0	0	0
RPL3P7	1	1	0	0	2	0	0	0	0
RPL3P8	1	1	0	0	0	0	0	0	0
RPL3P9	0	1	0	2	0	0	0	0	0
RPL4	2544	1810	166	1000	441	547	467	1	785
RPL41	125	110	13	60	37	45	24	0	45
RPL41P2	4	3	0	2	3	2	0	0	0
RPL4P2	3	1	0	0	0	1	0	0	0
RPL4P3	0	2	0	1	0	1	0	0	0
RPL4P4	11	10	1	8	5	5	1	0	2
RPL4P5	3	4	0	1	0	0	1	0	0
RPL4P6	7	4	0	2	2	3	0	0	3
RPL4P7	1	0	0	1	0	0	0	0	0
RPL5	1393	902	100	611	292	393	207	3	535
RPL5P1	1	3	0	1	0	1	0	0	0
RPL5P10	0	1	0	0	0	0	0	0	1
RPL5P11	2	0	0	0	0	0	0	0	0
RPL5P12	1	3	0	2	0	0	0	0	1
RPL5P13	1	0	0	0	0	0	0	0	0
RPL5P15	0	1	0	2	0	1	3	0	0
RPL5P17	3	0	0	0	1	0	0	0	1
RPL5P18	0	0	0	1	0	0	0	0	0
RPL5P22	0	1	0	0	0	1	0	0	0
RPL5P23	1	0	0	0	0	0	0	0	1
RPL5P24	1	0	0	0	0	1	0	0	2
RPL5P25	0	0	0	0	0	1	0	0	0
RPL5P26	0	0	0	1	0	0	0	0	1
RPL5P27	0	0	0	1	0	0	0	0	0
RPL5P29	0	2	0	1	1	3	0	0	0
RPL5P3	1	0	0	1	0	0	0	0	0
RPL5P30	0	0	0	0	0	1	0	0	0
RPL5P31	0	0	0	0	0	0	0	0	1
RPL5P32	0	0	0	0	1	0	0	0	0
RPL5P33	0	0	0	1	0	0	0	0	0
RPL5P34	4	4	0	3	0	0	1	0	5
RPL5P35	2	1	0	0	0	1	0	0	0
RPL5P4	3	3	0	2	0	5	2	0	3
RPL5P5	0	1	0	0	1	0	0	0	1
RPL5P6	0	0	0	1	1	0	0	0	0
RPL5P8	2	2	0	0	0	0	0	0	2
RPL5P9	0	0	0	0	1	0	0	0	0
RPL6	360	248	43	175	84	125	57	1	176
RPL6P1	2	1	0	0	1	0	0	0	0
RPL6P10	4	7	0	8	4	4	3	0	6
RPL6P13	2	1	0	0	0	0	0	0	0
RPL6P16	0	1	0	0	0	0	0	0	0
RPL6P18	0	1	0	0	0	0	0	0	0
RPL6P2	1	2	0	0	0	0	0	0	1
RPL6P20	0	0	0	1	0	0	0	0	1
RPL6P21	1	0	0	0	0	0	0	0	1
RPL6P25	1	0	0	0	0	0	0	0	1
RPL6P26	0	0	0	0	1	0	0	0	0
RPL6P27	32	32	5	17	8	23	6	0	33
RPL6P28	0	0	0	1	0	0	0	0	0
RPL6P29	1	0	0	0	0	0	0	0	0
RPL6P30	1	0	0	0	0	0	0	0	0
RPL6P4	0	1	0	0	0	0	0	0	0
RPL6P6	0	0	1	0	0	0	1	0	0
RPL7	262	176	14	118	64	98	51	0	138
RPL7A	4773	4460	272	1918	931	919	860	5	1445
RPL7AP10	2	0	0	0	0	2	1	0	0
RPL7AP11	3	0	0	0	0	0	0	0	0
RPL7AP14	0	0	1	1	0	0	1	0	1
RPL7AP16	7	2	0	1	0	1	0	0	3
RPL7AP17	0	1	0	0	0	0	0	0	0
RPL7AP2	1	2	0	0	0	0	0	0	0
RPL7AP20	0	1	0	0	0	0	0	0	0
RPL7AP21	0	0	0	0	0	0	0	0	1
RPL7AP22	8	2	1	0	2	1	0	0	1
RPL7AP26	1	0	0	0	0	0	0	0	0
RPL7AP30	3	0	0	0	1	0	0	0	0
RPL7AP31	3	1	0	0	0	0	0	0	1
RPL7AP33	2	1	0	0	0	0	0	0	0
RPL7AP34	2	2	0	1	0	2	1	0	3
RPL7AP36	0	1	0	0	0	0	0	0	1
RPL7AP37	0	0	0	0	0	2	0	0	0
RPL7AP39	2	1	0	0	0	0	0	0	1
RPL7AP4	0	0	0	1	0	0	0	0	1
RPL7AP40	2	0	0	1	0	0	0	0	0
RPL7AP42	2	0	0	0	0	1	0	0	0
RPL7AP45	1	2	0	0	1	1	0	0	1
RPL7AP47	1	0	0	0	1	0	0	0	1
RPL7AP48	1	0	0	0	0	0	0	0	0
RPL7AP50	7	5	0	1	1	1	2	0	0
RPL7AP53	2	0	0	0	0	0	0	0	0
RPL7AP55	0	0	0	1	0	0	0	0	0
RPL7AP56	1	0	0	0	0	0	0	0	0
RPL7AP58	1	1	0	0	1	0	0	0	0
RPL7AP6	8	8	2	6	6	12	1	0	11
RPL7AP60	0	0	0	0	1	0	0	0	0
RPL7AP62	3	1	0	0	0	0	1	0	0
RPL7AP63	0	0	0	1	0	0	0	0	0
RPL7AP65	1	0	0	0	0	0	0	0	0
RPL7AP66	2	2	0	2	1	0	0	0	1
RPL7AP67	0	0	0	0	0	1	0	0	0
RPL7AP7	1	0	0	0	0	0	0	0	0
RPL7AP70	0	0	0	1	0	1	1	0	1
RPL7AP73	1	1	0	0	0	0	1	0	0
RPL7AP74	1	1	0	1	0	0	0	0	0
RPL7AP76	1	0	0	0	0	0	0	0	1
RPL7AP77	1	1	0	0	1	0	0	0	0
RPL7AP78	0	0	0	0	0	0	0	0	1
RPL7AP79	0	1	0	0	0	0	0	0	0
RPL7AP80	0	2	0	0	0	0	0	0	0
RPL7L1	182	130	23	99	39	69	24	0	64
RPL7L1P2	4	0	0	0	0	5	0	0	7
RPL7L1P3	2	0	0	0	0	1	0	0	0
RPL7P1	0	0	0	0	0	0	0	0	1
RPL7P11	1	0	0	1	0	1	0	0	0
RPL7P12	0	0	0	0	1	0	0	0	0
RPL7P13	0	0	0	0	0	0	1	0	1
RPL7P14	1	0	0	0	0	0	1	0	2
RPL7P15	0	0	0	1	0	0	0	0	1
RPL7P16	0	1	0	1	0	0	0	0	0
RPL7P18	2	0	0	1	1	0	0	0	0
RPL7P19	3	1	0	0	0	1	0	0	0
RPL7P22	0	0	0	1	0	0	0	0	0
RPL7P23	2	1	0	2	0	0	0	0	0
RPL7P24	1	1	0	1	0	0	0	0	0
RPL7P25	2	0	0	0	0	0	0	0	0
RPL7P26	1	1	0	2	0	0	0	0	0
RPL7P27	1	0	1	0	0	0	0	0	1
RPL7P28	1	0	0	0	0	0	0	0	0
RPL7P30	0	0	0	1	0	0	0	0	0
RPL7P32	1	0	0	0	0	1	0	0	0
RPL7P33	1	0	0	0	0	0	0	0	0
RPL7P35	0	0	0	0	0	0	0	0	1
RPL7P36	2	0	0	0	0	1	0	0	1
RPL7P37	0	0	0	0	1	0	1	0	0
RPL7P38	2	1	0	1	0	0	0	0	0
RPL7P39	1	1	0	0	0	0	0	0	0
RPL7P4	2	0	0	0	1	0	0	0	1
RPL7P42	0	1	0	0	0	0	0	0	0
RPL7P44	0	1	0	0	0	0	0	0	0
RPL7P46	1	0	0	0	1	0	0	0	0
RPL7P48	0	1	0	0	0	0	0	0	1
RPL7P49	2	0	0	0	1	0	0	0	0
RPL7P5	1	0	0	0	0	0	0	0	0
RPL7P50	1	0	0	1	0	0	0	0	1
RPL7P51	0	0	1	0	2	0	0	0	0
RPL7P53	0	0	0	0	0	0	0	0	1
RPL7P55	0	0	0	0	0	0	0	0	1
RPL7P58	1	0	0	1	0	1	1	0	0
RPL7P59	1	0	0	1	0	0	0	0	0
RPL7P6	1	1	0	1	0	1	0	0	1
RPL7P61	1	0	0	0	0	0	0	0	0
RPL7P7	1	3	0	1	0	4	1	0	2
RPL7P8	1	1	0	0	0	0	0	0	0
RPL7P9	10	11	0	9	6	13	7	0	13
RPL8	927	474	111	391	132	292	153	1	405
RPL8P1	0	1	0	0	0	0	0	0	0
RPL8P2	2	0	0	0	0	0	0	0	0
RPL9	232	148	13	105	47	90	31	0	110
RPL9P13	0	0	0	1	0	0	0	0	0
RPL9P14	1	0	0	0	0	0	0	0	0
RPL9P15	0	0	0	0	1	0	0	0	0
RPL9P16	9	7	1	0	1	5	2	0	3
RPL9P18	0	1	0	0	0	0	0	0	0
RPL9P21	1	0	0	0	0	0	0	0	0
RPL9P25	2	2	0	0	0	1	0	0	0
RPL9P29	0	1	0	0	0	0	0	0	0
RPL9P3	1	0	0	0	0	0	0	0	0
RPL9P31	0	0	0	1	0	0	0	0	0
RPL9P5	0	1	0	0	0	0	0	0	0
RPL9P7	1	1	0	0	0	1	0	0	0
RPLP0	370	229	35	179	76	136	50	1	168
RPLP0P11	0	0	0	0	1	0	0	0	0
RPLP0P12	3	0	0	1	0	0	0	0	0
RPLP0P2	10	7	0	2	6	3	2	0	2
RPLP0P3	1	1	0	2	0	0	0	0	0
RPLP0P5	1	2	0	0	0	0	0	0	0
RPLP0P6	0	0	0	2	1	0	0	0	0
RPLP0P9	2	1	1	3	0	4	0	0	2
RPLP1	480	297	55	227	122	180	93	0	243
RPLP1P10	0	1	0	0	0	0	0	0	0
RPLP1P11	1	0	0	0	0	0	0	0	0
RPLP1P13	0	0	0	0	0	0	0	0	1
RPLP1P5	1	1	0	0	1	0	1	0	0
RPLP1P6	2	0	0	0	0	0	1	0	0
RPLP2	264	202	36	103	63	63	39	0	98
RPLP2P1	0	1	0	0	0	0	0	0	0
RPN1	440	273	66	171	95	176	72	2	217
RPN2	549	373	73	220	136	253	116	0	353
RPP14	79	65	10	44	19	39	8	0	69
RPP21	3	2	0	0	0	0	0	0	0
RPP25	68	24	8	16	10	22	7	0	18
RPP25L	24	11	7	8	7	6	8	0	11
RPP30	98	43	11	38	18	36	12	0	53
RPP38	38	35	12	21	9	21	10	0	25
RPP38-DT	3	0	0	0	0	0	0	0	0
RPP40	24	10	2	9	10	8	3	0	14
RPRD1A	335	241	43	152	76	222	44	1	254
RPRD1B	425	268	56	172	87	215	62	0	280
RPRD2	287	177	38	122	54	122	48	0	244
RPRM	2	0	0	0	1	0	1	0	0
RPRML	6	1	0	0	0	0	0	0	0
RPS10	10	8	0	6	2	2	1	0	1
RPS10-NUDT3	499	271	55	210	101	210	61	1	232
RPS10P14	0	0	0	0	0	1	0	0	0
RPS10P16	0	0	0	0	0	0	1	0	1
RPS10P2	1	0	0	0	0	0	0	0	0
RPS10P27	1	0	0	0	0	0	0	0	0
RPS10P28	1	0	0	0	0	0	0	0	0
RPS10P3	1	0	0	1	0	2	0	0	2
RPS10P5	1	0	0	0	0	0	0	0	0
RPS10P7	9	8	1	3	0	7	3	0	21
RPS10P9	0	0	0	0	0	0	1	0	0
RPS11	586	397	53	239	113	204	97	3	271
RPS11P5	1	1	0	2	1	2	0	0	0
RPS11P7	1	0	0	0	0	0	0	0	0
RPS12	1219	1271	71	524	308	243	246	0	306
RPS12P16	5	2	2	2	0	1	0	0	1
RPS12P17	0	0	0	0	1	0	0	0	0
RPS12P23	1	0	0	0	0	0	0	0	0
RPS12P26	0	1	0	1	0	0	0	0	0
RPS12P27	0	0	1	1	0	0	0	0	2
RPS12P3	0	0	0	0	0	0	0	0	1
RPS12P4	1	1	1	1	1	0	0	0	2
RPS12P5	0	0	0	1	0	1	0	0	0
RPS13	667	481	43	252	143	152	78	0	221
RPS13P2	21	11	3	9	4	18	1	0	22
RPS13P3	1	1	0	0	0	0	0	0	0
RPS14	385	237	43	157	83	134	62	1	159
RPS14P4	0	1	0	0	0	0	0	0	0
RPS14P5	0	1	0	0	0	0	0	0	0
RPS15	183	111	25	74	17	60	32	0	91
RPS15A	173	120	19	94	33	75	28	0	103
RPS15AP1	23	32	5	6	5	21	7	0	30
RPS15AP10	2	2	0	0	1	0	1	0	1
RPS15AP11	0	0	0	0	0	0	0	0	1
RPS15AP12	0	0	0	2	0	0	0	0	0
RPS15AP14	1	2	1	0	0	0	1	0	1
RPS15AP17	3	2	0	0	0	3	1	0	0
RPS15AP24	0	0	0	0	0	1	0	0	0
RPS15AP29	1	1	1	1	0	2	0	0	0
RPS15AP30	2	2	0	1	0	1	0	0	1
RPS15AP32	0	0	0	0	0	0	0	0	1
RPS15AP36	1	1	0	0	0	0	0	0	0
RPS15AP38	0	0	0	1	0	0	0	0	0
RPS15AP39	0	1	0	1	0	0	1	0	2
RPS15AP40	1	2	0	0	0	1	1	0	0
RPS15AP6	2	3	0	1	0	2	0	0	0
RPS15P4	63	53	11	47	11	46	18	0	50
RPS15P5	0	1	0	0	0	0	1	0	0
RPS16	508	259	49	212	109	179	63	3	230
RPS16P3	0	0	0	0	0	0	1	0	0
RPS16P5	0	2	0	2	4	1	0	0	1
RPS17	100	64	10	42	19	44	9	1	35
RPS17P1	1	1	0	1	0	1	0	0	0
RPS17P2	1	1	0	1	0	0	1	0	0
RPS18	357	175	41	136	55	99	35	0	144
RPS18P1	0	1	0	0	0	0	0	0	0
RPS18P12	5	2	1	1	2	1	0	0	0
RPS18P6	2	0	0	0	0	0	0	0	0
RPS18P9	8	8	0	1	1	4	3	0	8
RPS19	669	365	74	267	110	206	84	1	272
RPS19BP1	45	21	5	16	7	14	4	0	16
RPS19P1	3	0	0	0	1	0	0	0	1
RPS19P3	17	13	2	4	3	12	3	0	11
RPS19P7	3	1	0	0	1	2	1	0	1
RPS2	1203	1063	110	649	307	257	275	1	407
RPS20	526	468	50	232	102	147	85	0	170
RPS20P10	0	1	0	0	0	1	0	0	0
RPS20P13	1	0	1	0	0	2	0	0	0
RPS20P14	0	1	0	2	0	0	1	0	0
RPS20P2	1	1	0	1	0	0	0	0	6
RPS20P20	1	0	0	0	0	0	0	0	0
RPS20P22	4	5	1	0	1	4	1	0	1
RPS20P24	0	0	0	1	0	0	0	0	0
RPS20P4	1	0	0	0	0	0	0	0	0
RPS20P9	1	0	0	0	1	1	0	0	0
RPS21	328	190	27	166	74	79	30	0	116
RPS21P4	2	4	0	2	0	2	0	0	2
RPS23	377	201	32	193	62	154	59	0	185
RPS23P1	1	0	0	0	0	1	0	0	0
RPS23P2	0	1	0	0	0	0	0	0	0
RPS23P6	1	0	0	0	0	0	0	0	0
RPS23P8	25	31	0	16	15	32	5	0	31
RPS24	709	546	68	362	190	323	116	0	365
RPS24P12	1	0	0	0	0	0	0	0	0
RPS24P13	0	1	0	0	0	0	0	0	0
RPS24P16	1	1	0	0	0	1	0	0	0
RPS24P17	0	0	0	1	0	0	0	0	0
RPS24P19	0	1	1	0	0	0	0	0	0
RPS24P6	0	1	0	0	0	0	0	0	1
RPS24P7	0	1	0	0	0	0	0	0	0
RPS24P8	2	1	0	0	0	1	0	0	2
RPS25	163	123	13	79	32	55	16	1	87
RPS25P9	0	0	0	1	0	0	0	0	1
RPS26	91	62	15	41	29	61	18	0	65
RPS26P11	1	1	0	0	0	0	0	0	0
RPS26P15	1	0	0	0	0	0	0	0	0
RPS26P18	0	0	0	0	0	1	0	0	0
RPS26P20	1	0	0	0	0	0	0	0	0
RPS26P28	3	1	0	0	0	0	2	0	1
RPS26P3	1	0	0	0	0	0	0	0	0
RPS26P30	0	0	0	0	1	0	0	0	0
RPS26P31	0	0	0	0	0	1	0	0	0
RPS26P39	2	1	0	0	0	0	0	0	0
RPS26P42	1	0	0	0	0	0	0	0	0
RPS26P43	1	0	0	0	0	0	0	0	0
RPS26P45	0	0	0	0	0	0	0	0	1
RPS26P47	0	1	0	1	0	0	0	0	0
RPS26P56	0	1	0	0	0	0	0	0	0
RPS27	133	92	7	42	29	38	13	0	50
RPS27A	252	150	18	95	54	97	27	2	142
RPS27AP1	0	0	0	1	0	0	0	0	0
RPS27AP10	0	1	0	0	0	0	0	0	0
RPS27AP11	2	0	0	0	2	0	0	0	1
RPS27AP12	3	1	1	0	0	2	0	0	2
RPS27AP13	1	0	0	0	0	0	0	0	0
RPS27AP16	17	16	1	11	10	24	0	0	31
RPS27AP17	0	1	0	0	0	0	0	0	0
RPS27AP18	0	1	0	1	0	0	0	0	0
RPS27AP2	2	0	0	0	0	0	0	0	0
RPS27AP20	0	1	0	0	0	0	0	0	0
RPS27AP5	4	14	0	7	5	11	0	0	11
RPS27AP6	2	0	0	0	0	0	0	0	0
RPS27AP7	0	1	0	0	0	0	1	0	0
RPS27L	54	48	9	31	23	27	9	0	57
RPS27P15	2	0	0	0	0	0	0	0	0
RPS27P16	1	0	0	0	0	0	0	0	0
RPS27P21	0	0	0	1	0	0	0	0	0
RPS27P23	1	0	0	0	0	0	0	0	0
RPS27P25	2	0	0	0	0	0	0	0	1
RPS28	73	40	4	24	10	24	8	0	30
RPS28P5	0	0	0	1	0	0	0	0	0
RPS28P7	1	0	0	1	0	0	0	0	2
RPS29	191	153	15	95	45	72	30	1	113
RPS29P10	1	0	0	0	0	0	0	0	0
RPS29P7	1	0	0	0	0	0	0	0	0
RPS2P1	0	1	0	0	0	1	0	0	0
RPS2P17	0	1	0	1	0	0	1	0	0
RPS2P18	0	0	0	0	1	0	0	0	1
RPS2P2	1	0	0	0	0	0	0	0	0
RPS2P24	0	0	1	0	0	0	0	0	0
RPS2P32	3	0	0	1	0	2	0	0	2
RPS2P35	12	5	0	1	4	0	1	0	3
RPS2P39	0	0	0	1	0	0	0	0	0
RPS2P4	1	1	0	0	0	0	1	0	0
RPS2P44	2	0	0	0	1	1	0	0	0
RPS2P45	2	0	0	1	2	2	1	0	0
RPS2P46	11	13	0	7	4	8	2	0	13
RPS2P48	0	1	0	1	0	0	0	0	0
RPS2P5	41	17	2	12	4	6	2	0	10
RPS2P52	0	1	0	2	0	0	0	0	0
RPS2P55	2	2	2	1	0	0	0	0	1
RPS2P7	5	3	1	6	0	4	1	0	4
RPS3	1076	677	89	438	202	301	159	1	462
RPS3A	765	508	56	273	139	205	109	1	278
RPS3AP10	0	0	0	0	0	0	1	0	0
RPS3AP12	2	2	0	0	0	2	0	0	3
RPS3AP13	0	1	0	1	2	1	0	0	2
RPS3AP18	1	0	0	0	0	0	0	0	0
RPS3AP19	0	3	0	0	0	0	1	0	0
RPS3AP20	2	0	1	1	0	0	0	0	1
RPS3AP21	2	0	0	0	0	0	0	0	0
RPS3AP22	0	1	0	0	0	1	0	0	0
RPS3AP25	0	1	0	1	0	0	0	0	0
RPS3AP26	2	1	0	2	0	3	0	0	2
RPS3AP27	0	0	0	0	1	0	0	0	0
RPS3AP28	0	1	0	0	2	0	0	0	0
RPS3AP3	2	0	0	0	0	0	0	0	0
RPS3AP35	0	1	0	0	0	0	0	0	0
RPS3AP36	1	0	0	1	0	0	0	0	0
RPS3AP37	0	1	0	0	0	1	0	0	0
RPS3AP38	7	4	3	0	1	6	1	0	2
RPS3AP4	0	0	0	0	0	1	0	0	1
RPS3AP44	1	1	0	0	0	1	0	0	0
RPS3AP46	0	2	0	0	0	0	0	0	1
RPS3AP47	11	15	2	13	2	16	1	0	20
RPS3AP48	0	0	0	0	0	1	0	0	0
RPS3AP49	1	0	0	0	0	0	0	0	0
RPS3AP5	1	0	0	0	0	1	0	0	0
RPS3AP6	0	1	0	1	0	2	0	0	3
RPS3AP7	2	1	0	1	0	0	0	0	0
RPS3AP8	0	0	0	0	1	0	0	0	0
RPS3AP9	0	1	0	0	0	0	0	0	0
RPS3P2	3	1	0	0	0	0	0	0	0
RPS3P6	2	0	0	0	0	1	0	0	0
RPS3P7	1	2	0	0	0	0	1	0	0
RPS4X	515	290	75	219	106	241	80	0	304
RPS4XP1	4	1	1	0	0	0	0	0	1
RPS4XP11	0	0	0	1	0	0	0	0	0
RPS4XP14	1	0	0	0	0	0	0	0	0
RPS4XP16	3	4	0	3	0	6	1	0	6
RPS4XP17	3	1	0	0	2	0	1	0	2
RPS4XP2	1	1	0	0	0	2	0	0	3
RPS4XP21	0	0	0	0	1	0	1	0	0
RPS4XP22	0	0	0	0	0	1	0	0	0
RPS4XP3	0	0	0	1	0	0	0	0	0
RPS4XP6	1	1	0	0	0	0	0	0	1
RPS4XP7	0	0	0	0	1	0	0	0	0
RPS4XP8	1	0	0	0	0	0	0	0	0
RPS4XP9	1	0	0	0	0	0	0	0	0
RPS4Y1	5	0	1	0	0	1	1	0	2
RPS4Y2	0	1	0	2	0	0	1	0	0
RPS5	434	240	45	160	76	132	50	0	169
RPS5P7	1	0	0	0	0	0	0	0	0
RPS6	1858	1087	215	853	405	656	286	4	842
RPS6KA1	72	48	12	24	14	37	15	0	25
RPS6KA2	1499	572	106	506	203	348	124	2	274
RPS6KA2-IT1	2	3	1	1	1	3	1	0	0
RPS6KA3	335	218	36	109	70	158	50	1	211
RPS6KA4	99	50	5	42	18	20	6	0	26
RPS6KA5	145	140	39	69	55	101	47	1	226
RPS6KA6	4	4	0	2	1	2	0	0	3
RPS6KB1	164	112	18	81	39	94	21	0	134
RPS6KB2	60	38	7	21	10	12	8	0	26
RPS6KB2-AS1	0	0	0	2	0	1	0	0	0
RPS6KC1	430	304	47	186	107	231	42	1	209
RPS6KL1	3	1	0	0	0	2	0	0	0
RPS6P14	0	1	0	0	0	0	0	0	0
RPS6P15	1	1	0	2	0	0	0	0	0
RPS6P16	1	0	0	2	0	1	0	0	0
RPS6P2	0	0	0	1	0	0	0	0	0
RPS6P20	2	0	0	0	0	0	0	0	0
RPS6P21	1	0	0	0	0	1	2	0	0
RPS6P22	0	0	0	1	0	1	0	0	1
RPS6P25	8	4	2	3	2	2	1	0	3
RPS6P26	0	0	0	0	0	1	0	0	0
RPS6P4	1	0	0	0	0	0	0	0	0
RPS7	202	120	28	96	42	75	34	0	117
RPS7P1	14	16	1	6	4	5	1	0	17
RPS7P10	0	0	0	1	0	0	0	0	2
RPS7P11	1	0	0	0	0	1	0	0	0
RPS7P12	0	0	0	0	0	0	0	0	1
RPS7P14	0	1	0	0	0	0	0	0	0
RPS7P15	2	2	0	0	0	0	0	0	0
RPS7P3	10	7	1	6	1	11	1	0	10
RPS7P4	1	0	0	1	0	0	0	0	0
RPS7P7	0	1	0	0	0	0	0	0	0
RPS7P8	0	2	0	1	0	0	0	0	0
RPS8	1959	1718	122	964	433	417	327	7	610
RPS8P3	1	0	1	0	0	1	0	0	0
RPS8P4	0	0	0	0	1	0	0	0	0
RPS8P6	0	0	0	1	0	0	0	0	0
RPS9	481	272	55	202	86	137	82	0	194
RPSA	696	553	45	272	147	143	107	1	230
RPSAP12	1	0	0	0	0	0	0	0	0
RPSAP13	2	2	0	0	1	0	0	0	1
RPSAP14	0	0	0	0	0	0	0	0	1
RPSAP16	0	0	0	0	0	0	1	0	0
RPSAP17	0	0	1	0	0	0	0	0	0
RPSAP19	0	0	0	1	0	0	0	0	0
RPSAP2	0	0	0	0	1	0	0	0	0
RPSAP21	1	1	0	0	0	0	0	0	0
RPSAP26	1	0	0	0	0	0	0	0	0
RPSAP29	1	0	1	0	0	0	0	0	0
RPSAP3	1	1	0	0	0	0	0	0	0
RPSAP31	1	1	0	0	1	0	0	0	0
RPSAP36	1	2	0	0	0	0	0	0	0
RPSAP39	0	0	0	1	0	1	0	0	0
RPSAP4	0	0	0	1	0	0	0	0	2
RPSAP40	0	0	0	0	0	1	0	0	0
RPSAP45	0	0	0	0	1	1	2	0	0
RPSAP46	0	0	0	1	0	0	0	0	0
RPSAP47	0	1	0	1	0	0	0	0	0
RPSAP48	0	0	0	0	0	2	0	0	0
RPSAP5	1	1	0	0	0	0	0	0	0
RPSAP51	1	0	0	0	0	0	0	0	0
RPSAP52	6	1	0	2	0	2	0	0	4
RPSAP53	1	0	0	2	0	0	0	0	0
RPSAP54	1	1	0	1	0	1	0	0	1
RPSAP56	1	0	0	0	0	0	0	0	1
RPSAP58	9	10	0	6	3	12	1	0	12
RPSAP6	2	1	1	2	0	1	1	0	0
RPSAP61	0	1	0	0	0	1	0	0	0
RPSAP63	0	0	0	0	0	1	0	0	0
RPSAP66	0	1	0	0	0	0	0	0	0
RPSAP67	1	0	0	0	0	0	0	0	0
RPSAP69	0	0	0	1	0	0	0	0	0
RPSAP71	2	2	0	0	0	2	0	0	0
RPSAP76	1	0	0	0	0	0	0	0	0
RPSAP8	2	0	0	2	0	1	0	0	0
RPSAP9	0	0	0	0	1	0	0	0	0
RPTOR	1515	929	181	558	333	616	226	3	771
RPUSD1	56	21	5	17	13	8	7	0	15
RPUSD2	23	23	2	13	6	18	4	0	7
RPUSD3	38	30	6	24	11	21	9	1	26
RPUSD4	52	28	4	23	8	39	2	1	29
RRAD	6	0	0	0	0	0	0	0	0
RRAGA	136	97	12	52	33	55	23	0	69
RRAGAP1-AS1	0	1	0	1	0	1	0	0	0
RRAGB	63	57	8	24	23	34	16	0	43
RRAGC	37	29	5	20	11	8	4	0	12
RRAGC-DT	55	32	6	22	10	27	14	0	29
RRAGD	1	3	0	1	0	1	1	0	2
RRAS	16	9	1	5	4	3	1	0	9
RRAS2	192	95	19	76	33	92	30	0	110
RRBP1	330	244	35	113	72	139	65	0	171
RRBP1P1	1	0	0	0	0	0	0	0	0
RREB1	507	389	82	195	161	257	90	1	294
RRH	11	3	0	2	2	0	0	0	3
RRM1	470	321	52	190	105	189	65	2	252
RRM2	522	440	62	224	144	235	82	1	308
RRM2B	31	25	9	18	9	22	10	0	30
RRM2P2	0	0	0	1	0	0	0	0	0
RRM2P3	2	0	0	0	0	1	0	0	0
RRN3	143	94	18	64	33	67	27	0	67
RRN3P1	25	8	4	3	4	16	2	0	11
RRN3P2	3	4	0	2	3	0	0	0	2
RRN3P3	82	34	10	26	12	21	15	0	38
RRP1	100	45	8	46	10	31	8	0	33
RRP12	224	113	20	89	34	53	31	0	70
RRP15	207	113	19	79	39	96	24	0	98
RRP1B	362	177	43	145	67	103	54	0	125
RRP36	80	56	10	40	14	37	14	0	43
RRP7A	124	70	9	59	31	30	15	0	53
RRP7BP	142	121	21	50	47	42	27	1	66
RRP8	84	45	10	33	12	30	17	0	40
RRP9	61	33	3	27	14	15	11	0	20
RRS1	73	26	4	22	8	18	8	0	17
RRS1-DT	2	1	1	1	0	0	0	0	1
RS1	0	0	0	1	0	0	0	0	1
RSAD1	36	19	6	16	9	14	4	0	19
RSAD2	0	0	0	0	1	0	0	0	0
RSBN1	55	39	3	28	22	36	8	0	52
RSBN1L	182	146	32	86	60	128	27	0	220
RSC1A1	30	11	5	13	7	19	4	0	14
RSF1	435	306	65	192	121	281	88	0	355
RSF1-IT1	0	0	0	2	0	0	0	0	1
RSF1-IT2	0	0	0	1	0	0	0	0	2
RSKR	51	35	5	21	9	18	5	1	20
RSL1D1	575	303	30	226	108	169	73	0	182
RSL1D1-DT	38	28	8	19	9	22	8	0	40
RSL24D1	180	106	21	82	34	84	19	1	106
RSL24D1P1	0	0	0	1	0	0	0	0	0
RSL24D1P11	1	0	0	0	0	0	0	0	0
RSL24D1P5	0	1	0	0	0	0	0	0	0
RSL24D1P8	1	0	0	0	0	0	0	0	0
RSL24D1P9	0	1	0	0	0	0	0	0	0
RSPH1	0	1	0	1	0	2	1	0	0
RSPH1-DT	0	1	0	0	0	0	0	0	0
RSPH10B	0	0	0	0	0	1	0	0	0
RSPH10B2	1	0	1	0	0	0	0	0	0
RSPH14	8	2	1	1	0	3	1	0	0
RSPH3	24	15	5	9	9	9	4	0	19
RSPH4A	3	2	0	1	0	1	0	0	0
RSPH6A	3	1	0	0	0	2	1	0	0
RSPH9	4	3	0	1	1	1	0	0	1
RSPO2	7	4	1	2	1	2	1	0	1
RSPO3	196	102	26	63	26	86	26	1	91
RSPO4	1	1	0	0	0	2	0	0	0
RSPRY1	90	40	7	35	20	43	13	0	73
RSRC1	567	452	104	285	174	486	132	3	628
RSRC2	261	166	39	121	51	168	28	0	166
RSRP1	209	136	13	70	40	84	21	1	106
RSU1	499	485	80	247	162	365	102	0	595
RSU1P1	85	51	10	30	41	9	6	0	11
RTBDN	3	2	0	0	0	0	1	0	0
RTCA	98	57	10	37	28	46	6	0	59
RTCA-AS1	7	5	0	0	2	1	1	1	0
RTCB	93	63	10	42	24	35	14	0	56
RTEL1	41	15	6	7	10	11	3	0	18
RTEL1-TNFRSF6B	306	201	33	107	56	102	54	1	132
RTEL1P1	3	0	0	0	1	0	0	0	0
RTF1	165	115	10	78	34	74	29	0	101
RTF2	248	167	28	102	58	88	49	0	125
RTKN	20	21	2	12	4	13	4	0	14
RTKN2	53	22	11	19	12	24	7	0	25
RTL1	1	1	0	0	1	1	2	0	0
RTL10	60	36	8	21	12	24	14	1	25
RTL3	0	0	0	0	0	0	0	0	1
RTL4	10	6	0	5	0	4	2	0	5
RTL5	8	1	0	0	0	0	2	0	0
RTL6	141	63	19	62	23	29	26	0	49
RTL8A	40	25	3	20	6	12	6	0	14
RTL8B	16	16	1	10	5	7	6	0	11
RTL8C	69	43	10	20	10	28	12	0	49
RTL9	8	1	0	2	0	1	1	0	0
RTN1	8	7	3	5	7	7	3	0	6
RTN2	8	8	0	3	1	7	3	0	4
RTN3	392	357	63	197	114	268	89	0	410
RTN3P1	0	0	0	0	0	1	1	0	0
RTN4	1166	623	117	422	240	572	133	0	672
RTN4IP1	46	25	7	14	10	15	6	0	17
RTN4R	6	7	0	4	4	1	4	0	13
RTN4RL1	4	3	0	1	1	1	2	0	5
RTN4RL2	11	2	0	1	0	2	3	0	4
RTP1	1	0	1	0	0	0	0	0	0
RTP5	0	0	1	1	1	0	2	0	0
RTRAF	347	132	20	108	54	86	35	0	92
RTRAFP1	1	0	0	0	0	0	0	0	0
RTTN	506	397	80	246	160	367	73	0	379
RUBCN	122	59	18	43	14	41	12	0	63
RUBCNL	21	5	0	11	2	5	1	0	4
RUFY1	159	96	12	59	34	69	29	0	75
RUFY1-AS1	3	0	1	3	0	1	0	0	3
RUFY2	57	58	16	38	23	47	19	0	61
RUFY3	98	59	13	46	29	46	14	0	48
RUFY4	1	0	0	0	1	1	0	0	2
RUNDC1	60	32	9	20	12	16	8	0	28
RUNDC3A	9	0	2	7	1	0	1	0	2
RUNDC3A-AS1	0	1	1	0	1	0	0	0	0
RUNDC3B	15	10	2	11	3	12	6	0	27
RUNX1	975	488	90	291	159	284	122	2	347
RUNX1T1	23	18	8	20	7	16	5	1	22
RUNX2	186	100	28	69	27	83	20	0	55
RUNX3	146	103	26	47	28	40	27	0	60
RUSC1	43	38	13	23	7	14	7	0	27
RUSC1-AS1	11	6	1	9	2	6	5	0	12
RUSC2	533	211	53	169	92	163	68	0	260
RUSF1	84	62	13	29	19	33	13	0	54
RUSF1-DT	0	0	0	0	1	0	0	0	1
RUVBL1	312	217	32	134	68	112	53	0	182
RUVBL1-AS1	0	0	0	0	0	1	0	0	2
RUVBL2	178	91	17	63	26	47	23	0	66
RWDD1	58	41	5	35	7	38	18	0	45
RWDD2A	8	2	0	5	2	4	0	0	2
RWDD2B	32	25	4	26	12	20	8	0	19
RWDD3	8	3	2	4	1	6	2	0	9
RWDD3-DT	1	2	0	2	0	2	1	0	1
RWDD4	27	17	2	7	10	8	2	0	14
RWDD4P1	1	0	0	0	0	0	0	0	0
RXFP1	28	16	1	15	5	11	3	0	15
RXFP2	3	2	0	2	0	0	1	0	0
RXRA	431	304	58	149	74	111	110	1	140
RXRB	58	44	15	29	15	20	14	0	44
RXRG	0	1	0	0	0	0	0	0	0
RXYLT1	59	37	4	16	11	23	6	0	12
RXYLT1-AS1	1	0	0	0	0	0	0	0	0
RYBP	277	207	27	133	65	189	44	1	289
RYK	357	231	40	136	90	198	47	1	225
RYKP1	0	0	0	0	1	0	0	0	0
RYR1	22	3	0	3	3	2	2	0	5
RYR2	475	166	48	130	113	73	65	0	158
RYR3	26	11	5	14	3	7	2	0	16
RYR3-DT	0	0	0	0	0	0	0	0	1
S100A10	245	66	12	93	33	53	23	0	66
S100A11	308	140	31	151	39	121	30	0	109
S100A11P2	1	0	0	0	0	0	0	0	0
S100A13	50	27	5	13	13	17	9	0	35
S100A14	6	3	0	1	1	2	0	0	4
S100A16	91	44	10	43	11	22	3	0	25
S100A2	48	17	7	21	6	15	2	0	11
S100A3	5	7	2	2	1	3	1	0	6
S100A4	231	198	42	94	57	104	47	1	125
S100A5	1	2	0	1	0	0	0	0	0
S100A6	421	206	32	153	64	126	57	0	123
S100A8	1	0	0	0	0	0	0	0	0
S100A9	2	0	0	0	0	1	0	0	0
S100B	0	2	0	0	0	0	0	0	0
S100P	0	0	0	1	0	0	0	0	0
S100PBP	180	118	24	83	32	122	31	0	194
S100Z	1	6	0	2	0	1	0	0	2
S1PR1	2	3	0	1	0	4	0	0	1
S1PR1-DT	1	1	0	0	0	0	0	0	0
S1PR2	5	6	2	2	3	11	2	0	2
S1PR3	56	41	11	25	14	32	12	0	43
S1PR4	0	1	0	0	0	0	0	0	0
S1PR5	6	5	0	1	1	3	1	0	4
SAA1	0	1	0	0	0	0	0	0	0
SAA2-SAA4	0	2	0	0	0	0	0	0	0
SAA3P	0	0	0	0	1	0	0	0	0
SAAL1	91	53	9	28	16	28	8	0	45
SAC3D1	26	12	9	11	7	11	5	0	10
SACM1L	199	114	21	95	49	112	27	0	122
SACS	467	222	40	164	86	170	56	0	165
SACS-AS1	5	0	0	0	0	0	0	0	0
SAE1	513	267	66	211	101	232	75	0	325
SAFB	371	225	44	126	86	158	55	0	237
SAFB2	277	168	35	102	60	101	42	1	143
SAG	1	2	0	0	0	0	1	0	0
SAGE1	2	0	0	0	0	1	0	0	0
SAGE4P	0	0	0	1	0	0	0	0	0
SAGSIN1	2	0	0	0	1	0	1	0	0
SALL1	9	10	0	4	2	8	3	0	6
SALL2	9	7	1	4	1	5	1	0	4
SALL3	9	1	0	3	0	1	0	0	0
SALL4	48	55	7	28	20	36	17	0	83
SALL4P1	1	0	0	1	0	1	0	0	0
SAMD1	127	79	19	48	28	35	21	0	65
SAMD10	8	7	0	2	0	2	1	0	4
SAMD11	126	68	28	47	20	34	62	0	113
SAMD12	538	386	61	210	146	283	116	1	362
SAMD12-AS1	44	17	1	11	3	14	8	0	14
SAMD13	12	3	2	4	3	3	0	0	4
SAMD14	3	0	0	0	1	0	0	0	1
SAMD15	3	0	0	2	0	2	0	0	0
SAMD3	7	5	1	1	0	4	0	0	3
SAMD4A	727	268	43	217	111	179	47	0	171
SAMD4A-AS1	6	4	0	0	0	1	0	0	1
SAMD4B	218	127	25	104	52	90	43	0	122
SAMD5	737	474	91	278	185	332	122	0	363
SAMD7	2	0	0	1	0	1	0	0	1
SAMD8	91	73	9	57	24	51	22	0	80
SAMD9	115	38	6	36	8	31	15	0	24
SAMD9L	4	2	0	0	2	1	1	0	2
SAMHD1	87	43	14	41	12	27	10	1	37
SAMM50	144	60	15	55	22	56	23	0	62
SAMMSON	17	8	1	4	2	5	5	0	12
SAMSN1	3	4	0	0	1	3	0	0	1
SAMSN1-AS1	0	2	0	4	1	1	0	0	0
SANBR	52	37	8	29	11	28	11	0	54
SAP130	108	73	15	58	20	58	35	0	77
SAP18	121	61	8	49	20	40	14	1	29
SAP25	0	1	0	0	3	0	0	0	2
SAP30	45	24	5	16	5	7	7	0	21
SAP30-DT	4	3	1	0	2	4	1	0	5
SAP30BP	226	161	28	91	42	111	29	1	101
SAP30L	14	16	2	4	8	8	1	0	17
SAP30L-AS1	43	37	10	18	20	25	10	0	34
SAPCD1	2	3	1	2	0	1	2	0	3
SAPCD1-AS1	0	1	0	1	1	0	0	0	2
SAPCD2	98	40	8	36	16	28	19	0	34
SAPCD2P1	1	0	0	0	0	0	0	0	0
SAR1A	262	160	27	104	57	125	35	0	155
SAR1AP3	0	1	0	0	0	0	0	0	0
SAR1B	125	102	15	57	29	91	18	0	103
SARAF	164	115	20	78	48	76	21	0	79
SARDH	7	4	0	2	1	3	2	0	2
SARM1	21	16	4	11	4	8	5	0	17
SARNP	20	8	2	6	4	6	2	0	7
SARS1	266	143	18	103	56	76	28	2	115
SARS2	6	3	2	3	1	2	1	0	5
SART1	185	113	20	58	42	66	36	0	92
SART3	205	121	19	76	42	87	27	1	98
SASH1	419	273	60	188	102	223	60	0	315
SASH3	0	1	0	0	0	0	0	0	0
SASS6	172	80	20	59	41	96	19	0	112
SAT1	165	62	5	42	20	19	10	1	39
SAT2	7	8	0	3	1	1	2	0	5
SATB1	8	2	0	3	1	6	1	0	5
SATB1-AS1	20	16	1	14	5	7	0	0	6
SATB2	226	196	45	110	63	192	36	1	219
SATB2-AS1	6	2	0	4	3	1	3	0	0
SATL1	2	3	0	0	0	0	0	0	3
SAV1	94	51	12	36	23	52	9	0	59
SAXO1	26	17	1	7	2	8	4	0	15
SAXO2	0	0	0	1	2	2	1	0	4
SAYSD1	12	9	1	9	3	2	1	0	8
SBDS	136	79	11	46	16	32	13	1	50
SBDSP1	63	34	4	25	12	19	6	0	24
SBF1	278	120	36	100	42	76	31	0	102
SBF1P1	0	0	0	0	0	1	1	0	0
SBF2	905	723	128	429	217	591	144	2	742
SBF2-AS1	55	31	8	17	17	24	10	0	25
SBK1	5	2	0	2	2	1	1	0	1
SBK2	0	1	0	1	0	0	0	0	0
SBK3	0	0	1	1	0	0	0	0	0
SBNO1	262	208	40	136	65	142	44	0	153
SBNO1-AS1	8	6	0	2	1	0	0	0	0
SBNO2	535	259	50	140	82	119	81	0	125
SBSPON	2	3	1	0	2	1	2	0	1
SC4MOP	0	2	0	0	0	0	1	0	0
SC5D	52	37	5	31	15	37	14	0	35
SCAANT1	1	0	0	0	0	0	0	0	0
SCAF1	206	94	28	73	20	71	33	0	82
SCAF11	638	400	49	278	148	315	103	0	414
SCAF4	270	177	47	100	72	180	37	1	209
SCAF8	479	326	87	207	111	290	64	1	389
SCAI	285	221	49	135	78	197	46	0	214
SCAMP1	148	94	29	80	35	93	24	0	114
SCAMP1-AS1	3	2	0	6	2	3	3	0	3
SCAMP2	71	61	11	48	21	38	20	1	53
SCAMP3	101	61	10	46	25	31	13	0	40
SCAMP4	85	76	10	41	33	30	11	0	31
SCAMP5	16	10	1	9	2	5	0	0	4
SCAND1	21	7	5	8	5	7	6	0	16
SCAP	225	139	30	92	44	98	41	0	126
SCAPER	319	334	60	162	99	261	77	0	392
SCARA3	253	221	49	138	70	152	80	1	222
SCARA5	11	7	2	4	2	4	3	0	8
SCARB1	442	276	49	163	103	179	105	0	209
SCARB2	179	120	27	67	35	69	30	1	101
SCARF1	1	2	0	2	0	1	0	0	0
SCARF2	30	8	1	6	3	4	3	0	5
SCARNA1	135	90	7	31	24	15	21	1	23
SCARNA10	487	604	21	115	123	62	114	2	92
SCARNA11	136	137	4	66	37	25	34	0	34
SCARNA12	275	202	9	77	43	43	50	0	52
SCARNA14	78	69	5	28	20	8	21	0	11
SCARNA16	81	78	5	37	23	6	17	0	11
SCARNA17	40	20	3	10	4	4	4	0	10
SCARNA18	99	67	3	36	22	7	23	0	16
SCARNA18B	4	6	0	1	0	1	0	0	3
SCARNA20	45	49	1	12	10	4	7	0	0
SCARNA21	57	41	6	18	12	10	13	0	14
SCARNA21B	1	3	0	3	0	0	0	0	0
SCARNA22	56	41	7	12	9	6	5	0	12
SCARNA23	32	34	0	8	8	5	6	0	9
SCARNA3	85	137	5	41	32	16	27	1	19
SCARNA4	90	61	2	28	17	14	24	0	16
SCARNA5	252	177	9	52	46	22	61	0	33
SCARNA6	124	121	5	26	30	16	20	0	14
SCARNA7	349	250	14	115	57	82	37	0	119
SCARNA8	83	76	4	28	17	11	25	0	25
SCARNA9	376	409	21	125	90	59	59	0	83
SCART1	13	5	0	2	0	7	0	0	6
SCAT1	22	19	5	19	5	4	3	0	7
SCAT2	1	0	0	0	0	1	0	0	0
SCAT8	11	7	2	8	0	3	3	0	5
SCCPDH	73	44	4	30	16	22	10	0	34
SCD	780	1028	190	492	319	660	330	3	1019
SCD5	79	102	8	47	38	53	27	0	65
SCDP1	1	3	0	3	1	0	0	0	2
SCEL	8	5	0	1	2	0	2	0	2
SCFD1	278	222	48	112	88	215	47	0	259
SCFD2	958	519	99	339	167	400	96	1	390
SCG2	20	34	4	7	10	9	9	0	15
SCG3	0	2	0	0	0	0	0	0	0
SCG5	0	0	0	0	1	0	0	0	1
SCG5-AS1	1	0	0	0	0	0	0	0	0
SCGB1A1	1	0	0	0	0	0	0	0	0
SCGB1B2P	0	0	0	1	0	1	0	0	2
SCGB1D4	5	0	0	0	0	0	0	0	0
SCGB2A1	0	1	0	0	0	0	0	0	0
SCGB2B2	68	79	10	25	21	42	16	1	66
SCGB3A1	3	0	0	0	0	0	0	0	0
SCHIP1	1	1	0	0	0	0	0	0	4
SCHLAP1	5	8	0	6	2	2	0	0	3
SCIMP	1	1	1	0	0	0	0	0	3
SCIN	17	14	2	11	5	5	3	0	12
SCIRT	35	34	8	18	16	13	6	0	20
SCLT1	376	338	62	184	102	302	103	1	422
SCLY	152	77	16	63	24	75	20	0	76
SCMH1	549	365	92	234	128	302	87	2	331
SCMH1-DT	0	0	0	0	0	1	0	0	0
SCML1	81	72	9	32	28	53	23	0	65
SCML2	47	44	8	27	9	33	8	0	38
SCML4	5	2	0	4	1	1	2	0	0
SCN10A	3	1	2	0	1	0	0	0	3
SCN11A	16	9	1	5	3	4	0	0	3
SCN1A	74	111	22	37	23	101	33	0	139
SCN1A-AS1	19	10	0	3	2	5	1	0	10
SCN1B	12	5	1	3	3	0	2	0	11
SCN2A	3	6	0	3	2	0	0	0	5
SCN2B	1	0	0	0	0	0	0	0	0
SCN3A	3	6	0	3	0	2	1	0	3
SCN3B	4	1	1	0	0	2	0	0	0
SCN4A	3	0	0	1	0	2	0	0	0
SCN4B	1	0	0	0	0	0	0	0	1
SCN5A	8	3	1	5	3	5	4	0	6
SCN7A	11	10	4	6	4	8	5	0	4
SCN8A	11	12	0	5	3	3	3	0	6
SCN9A	35	12	2	5	8	12	7	0	18
SCNM1	30	18	4	14	5	10	1	0	15
SCNN1A	6	10	4	3	2	7	2	0	13
SCNN1B	6	4	1	2	0	0	0	0	0
SCNN1D	8	3	1	1	2	0	3	0	5
SCNN1G	1	2	0	0	86	262	1	0	1
SCO1	155	77	15	59	27	54	17	0	68
SCO2	21	9	0	11	2	8	5	0	7
SCOC	30	20	1	11	11	18	4	0	12
SCOC-AS1	3	3	0	0	3	0	2	0	1
SCP2	88	69	7	36	15	56	14	0	70
SCP2D1-AS1	0	1	0	0	0	0	0	0	0
SCPEP1	51	38	7	26	14	23	14	0	29
SCRG1	1	0	0	0	0	0	0	0	1
SCRIB	389	213	37	125	62	96	54	0	169
SCRN1	234	143	30	118	46	114	53	0	102
SCRN2	20	15	3	5	1	5	6	0	5
SCRN3	34	25	5	16	9	24	8	0	43
SCRT1	6	3	0	0	0	0	1	0	1
SCRT2	3	0	0	0	1	0	0	0	0
SCT	0	1	0	0	0	0	0	0	0
SCTR	3	2	0	2	1	0	1	0	2
SCTR-AS1	1	0	0	0	1	0	0	0	0
SCUBE1	14	17	6	11	8	10	8	0	19
SCUBE1-AS1	0	0	0	0	0	0	0	0	1
SCUBE2	15	18	4	11	3	5	4	0	15
SCUBE3	4	2	0	0	0	2	0	0	0
SCX	11	5	0	4	2	2	1	0	4
SCYGR1	0	1	0	0	0	0	0	0	0
SCYL1	124	60	15	47	20	43	21	0	39
SCYL2	123	108	12	68	40	87	21	1	102
SCYL2P1	5	0	1	1	1	0	0	0	4
SCYL3	50	16	1	12	10	25	4	0	29
SDAD1	168	80	18	70	31	72	19	0	101
SDAD1-AS1	0	0	0	1	0	0	0	0	1
SDAD1P1	3	4	0	1	0	1	2	0	4
SDC1	67	53	12	16	18	30	11	0	38
SDC2	198	156	30	78	57	98	39	0	112
SDC3	38	35	7	12	7	11	6	0	17
SDC4	262	128	13	86	36	66	14	0	66
SDC4P	0	2	0	1	0	1	1	0	1
SDCBP	225	135	25	91	54	116	25	0	113
SDCBP2	3	1	0	2	0	1	0	0	1
SDCBP2-AS1	77	81	16	27	20	40	18	0	55
SDCBPP1	1	1	0	0	0	0	0	0	1
SDCCAG8	268	218	32	116	73	132	52	3	195
SDE2	84	53	8	47	21	37	9	0	41
SDF2	59	39	13	19	9	30	7	0	43
SDF2L1	34	22	3	18	6	7	4	0	10
SDF4	206	103	20	80	45	62	41	0	96
SDHA	128	72	21	45	23	47	24	0	92
SDHAF1	7	5	0	5	6	1	1	0	0
SDHAF2	14	7	0	11	2	8	5	0	13
SDHAF3	57	47	8	21	21	37	8	0	38
SDHAF4	16	10	2	5	2	5	2	0	12
SDHAP1	35	34	4	13	3	18	9	1	26
SDHAP3	0	1	0	0	0	0	0	0	0
SDHAP4	95	69	13	33	23	39	18	0	77
SDHB	146	102	13	51	39	78	19	0	83
SDHC	78	59	4	37	23	47	20	0	63
SDHCP2	0	0	0	0	0	1	0	0	0
SDHCP4	0	1	0	1	1	0	0	0	0
SDHD	28	18	3	6	4	6	2	0	17
SDHDP6	1	0	0	0	0	0	0	0	0
SDK1	398	356	66	163	128	271	63	2	335
SDK1-AS1	2	1	0	1	1	2	1	0	1
SDK2	22	6	2	5	4	3	1	0	2
SDR16C5	5	1	0	1	0	1	0	0	3
SDR16C6P	0	0	0	1	0	0	0	0	0
SDR39U1	43	29	3	11	4	15	2	0	23
SDR42E1	4	2	0	4	0	1	0	0	4
SDR42E2	3	0	0	1	0	0	1	0	2
SDR9C7	0	0	0	0	0	0	0	0	1
SDS	2	3	0	3	0	1	1	0	1
SDSL	9	4	1	6	4	5	3	0	5
SEC11A	314	208	32	156	69	157	37	1	192
SEC11B	0	0	0	0	1	0	0	0	0
SEC11C	38	30	1	13	5	12	9	0	26
SEC13	209	131	19	56	31	89	31	0	96
SEC14L1	345	231	37	140	78	92	56	0	149
SEC14L1P1	7	4	2	2	0	0	1	0	1
SEC14L2	22	13	2	4	4	11	5	0	10
SEC14L3	2	1	0	1	0	0	0	0	0
SEC14L4	2	4	0	0	1	0	1	0	0
SEC14L5	9	2	0	4	0	1	1	0	0
SEC14L6	1	1	0	0	0	0	0	0	1
SEC16A	615	386	90	232	158	252	121	0	343
SEC16B	1	0	0	1	1	0	0	0	0
SEC1P	3	8	0	4	0	1	3	0	0
SEC22A	137	82	24	49	37	79	33	0	124
SEC22B	117	68	11	45	22	41	21	0	77
SEC22C	88	58	7	35	28	52	28	0	63
SEC23A	217	149	29	87	62	101	31	0	176
SEC23A-AS1	2	0	0	0	0	1	0	0	0
SEC23B	108	46	13	41	22	43	18	0	60
SEC23IP	191	139	21	75	33	83	33	0	128
SEC24A	211	166	34	85	47	127	33	0	182
SEC24B	187	108	25	78	35	97	35	0	110
SEC24B-AS1	6	4	0	1	3	4	0	0	2
SEC24C	152	97	26	72	32	61	43	0	96
SEC24D	241	135	33	107	48	114	35	1	160
SEC31A	974	802	81	313	190	280	168	1	484
SEC31B	26	13	5	13	12	16	3	0	18
SEC61A1	556	290	56	175	118	190	89	0	215
SEC61A2	35	26	9	14	7	14	10	0	17
SEC61B	98	41	9	29	16	22	7	0	29
SEC61G	122	65	11	47	23	34	15	0	50
SEC61G-DT	12	2	0	2	1	1	1	0	2
SEC62	252	147	33	88	63	135	37	0	145
SEC63	332	192	35	127	83	174	37	0	215
SEC63P1	0	1	0	1	0	0	0	0	1
SECISBP2	181	134	24	89	51	102	30	0	129
SECISBP2L	92	84	9	32	21	71	17	0	81
SECTM1	4	10	2	4	2	7	2	0	3
SEH1L	244	158	24	137	47	118	28	0	121
SEL1L	227	147	30	73	48	94	35	3	108
SEL1L2	2	3	0	1	0	5	1	0	1
SEL1L3	309	212	33	116	54	137	62	1	147
SELE	3	2	0	0	0	0	1	0	1
SELENBP1	26	38	7	13	13	29	22	0	45
SELENOF	311	225	43	138	80	177	56	0	229
SELENOH	26	13	3	14	1	8	2	0	6
SELENOI	412	268	57	142	107	174	60	1	249
SELENOK	74	41	4	30	15	23	8	1	32
SELENOKP3	1	1	0	0	0	0	0	0	0
SELENOM	19	10	2	3	2	6	0	0	5
SELENON	44	27	11	13	12	18	6	0	38
SELENOO	154	69	16	41	29	51	20	0	78
SELENOO-AS1	1	1	0	0	1	0	0	0	0
SELENOOLP	0	1	0	0	0	0	0	0	2
SELENOP	5	2	0	0	0	1	2	0	3
SELENOS	97	60	6	38	22	31	12	0	46
SELENOT	73	63	13	40	21	65	22	0	69
SELENOTP1	0	0	0	0	1	0	0	0	0
SELENOV	1	0	0	1	0	0	0	0	1
SELENOW	38	39	3	18	8	20	7	0	23
SELENOWP1	0	1	0	0	0	0	0	0	0
SELL	1	1	0	0	0	1	0	0	1
SELP	0	0	0	1	0	0	0	0	0
SELPLG	4	0	0	1	0	0	0	0	2
SEM1	250	192	20	77	76	148	52	0	208
SEM1P1	1	0	0	0	0	0	0	0	0
SEMA3A	619	473	97	227	172	421	101	2	453
SEMA3B	122	55	26	33	21	40	28	1	59
SEMA3B-AS1	1	0	0	0	0	0	0	0	0
SEMA3C	741	444	116	283	153	459	151	0	788
SEMA3D	282	247	48	127	61	199	66	0	306
SEMA3E	14	0	2	8	2	7	3	0	9
SEMA3F	323	169	37	104	55	108	38	0	70
SEMA3F-AS1	21	17	4	10	6	7	2	0	10
SEMA3G	4	3	0	1	0	0	0	0	2
SEMA4A	10	2	0	3	0	0	0	0	3
SEMA4B	60	73	12	28	15	37	15	1	53
SEMA4C	50	26	4	16	7	15	6	0	16
SEMA4D	75	43	8	19	15	27	15	0	36
SEMA4F	14	12	3	3	2	3	4	0	14
SEMA4G	3	6	1	4	2	2	2	0	2
SEMA5A	27	19	4	15	6	9	5	0	11
SEMA5A-AS1	1	0	0	0	0	0	0	0	0
SEMA5B	12	3	0	4	2	8	0	0	1
SEMA6A	6	1	1	2	1	2	1	0	5
SEMA6A-AS1	17	13	4	6	4	13	3	0	11
SEMA6A-AS2	3	3	0	0	0	1	0	0	2
SEMA6B	6	4	1	4	2	1	2	0	1
SEMA6C	10	6	0	3	4	1	1	0	2
SEMA6D	83	92	13	38	18	45	31	0	74
SEMA7A	6	11	1	0	2	3	1	0	2
SEMG1	1	0	0	0	0	0	0	0	0
SEMG2	1	0	0	0	0	0	0	0	0
SENCR	2	0	0	0	0	0	0	0	1
SENP1	183	123	25	77	42	92	27	0	148
SENP2	106	76	11	49	33	65	8	0	81
SENP3	52	34	2	22	7	20	3	0	12
SENP3-EIF4A1	1585	1775	85	831	470	203	319	3	298
SENP5	254	164	31	109	64	126	32	0	196
SENP6	471	286	70	200	99	240	75	0	284
SENP7	105	89	24	39	30	58	24	1	97
SENP8	14	5	0	5	2	9	4	0	5
SEPHS1	128	48	10	60	26	39	22	0	58
SEPHS1P1	1	0	0	0	0	0	0	0	0
SEPHS1P7	1	0	0	0	0	0	0	0	0
SEPHS2	63	32	4	20	14	21	8	0	25
SEPHS2P1	1	0	0	0	0	1	0	0	0
SEPSECS	21	24	4	15	4	13	6	0	21
SEPSECS-AS1	1	1	0	0	1	1	0	0	0
SEPTIN1	4	3	0	2	1	0	1	0	1
SEPTIN10	251	185	51	114	61	171	46	2	228
SEPTIN11	432	286	46	194	85	191	61	0	173
SEPTIN14	2	0	0	1	1	2	1	0	0
SEPTIN14P1	0	1	0	0	0	0	0	0	0
SEPTIN14P12	1	1	0	1	0	2	0	0	1
SEPTIN2	582	454	87	265	148	310	95	3	412
SEPTIN3	4	5	0	5	0	3	0	0	2
SEPTIN4	10	3	3	8	2	1	2	0	5
SEPTIN4-AS1	1	3	0	2	0	4	0	0	2
SEPTIN5	3	7	2	1	0	1	2	0	5
SEPTIN6	62	59	14	26	21	40	12	0	35
SEPTIN7	472	301	46	169	105	256	69	0	340
SEPTIN7-DT	8	3	0	3	1	2	1	0	5
SEPTIN7P10	1	0	0	0	0	0	0	0	0
SEPTIN7P11	6	1	0	3	0	3	0	0	0
SEPTIN7P13	0	0	0	0	0	0	0	0	1
SEPTIN7P3	1	1	0	1	0	0	0	0	2
SEPTIN7P6	1	0	0	0	0	0	0	0	0
SEPTIN7P8	1	0	0	0	0	0	0	0	0
SEPTIN7P9	2	0	1	0	1	0	0	0	1
SEPTIN8	43	37	10	18	7	14	5	1	28
SEPTIN9	1534	924	174	469	313	476	276	3	585
SEPTIN9-DT	6	4	0	0	0	0	1	0	0
SERAC1	13	13	5	6	4	7	3	0	12
SERBP1	1076	583	87	441	225	393	152	3	493
SERBP1P1	1	0	0	1	1	0	0	0	0
SERBP1P4	1	0	0	0	0	1	0	0	0
SERBP1P5	3	2	0	2	0	0	0	0	1
SERBP1P6	1	0	0	0	0	0	0	0	0
SERF1A	0	0	0	0	1	0	0	0	0
SERF1B	3	1	0	0	0	1	0	0	1
SERF2	198	126	15	95	37	78	36	0	102
SERGEF	181	169	18	66	69	104	54	0	104
SERHL	1	0	0	0	0	0	0	0	1
SERHL2	2	2	0	1	0	1	1	0	2
SERINC1	266	176	27	106	71	136	43	1	161
SERINC2	41	24	7	18	3	12	6	0	20
SERINC3	226	158	38	87	59	143	44	0	155
SERINC4	6	0	0	1	0	1	1	0	0
SERINC5	84	53	8	21	12	25	12	0	46
SERP1	204	99	14	76	27	53	22	1	78
SERP2	0	0	0	0	0	1	0	0	0
SERPINA1	0	0	0	0	0	1	1	0	0
SERPINA10	1	0	0	0	0	0	0	0	0
SERPINA11	0	1	0	0	0	0	0	0	0
SERPINA12	2	0	0	0	0	0	0	0	0
SERPINA13P	1	2	0	1	0	0	0	0	0
SERPINA5	0	0	0	0	0	1	0	0	0
SERPINA6	1	1	0	0	0	0	0	0	0
SERPINA9	1	0	0	0	0	0	0	0	0
SERPINB1	53	35	6	23	11	26	12	0	28
SERPINB10	1	1	1	0	0	0	0	0	3
SERPINB11	0	3	0	0	0	0	1	0	0
SERPINB12	0	1	0	1	2	0	1	0	0
SERPINB13	0	1	0	0	0	0	1	0	1
SERPINB2	0	0	0	0	0	0	0	0	1
SERPINB3	1	0	0	0	1	0	0	0	0
SERPINB5	167	62	14	50	30	67	26	0	58
SERPINB6	108	72	16	33	33	40	17	0	63
SERPINB7	0	1	1	1	0	0	0	0	1
SERPINB8	21	14	4	16	3	11	1	0	15
SERPINB9	31	16	5	7	6	11	4	0	12
SERPINB9P1	23	17	2	6	3	15	12	0	24
SERPINC1	1	0	0	1	0	0	0	0	0
SERPIND1	0	0	0	1	0	0	0	0	0
SERPINE1	128	34	7	34	11	15	4	0	23
SERPINE2	854	358	55	296	134	203	50	2	199
SERPINE3	0	0	0	0	0	0	0	0	3
SERPINF2	3	3	0	2	1	0	0	0	3
SERPING1	1	0	0	1	1	0	0	0	1
SERPINH1	498	265	57	194	93	151	85	0	192
SERPINH1P1	2	1	0	0	0	0	0	0	1
SERPINI1	39	70	16	23	21	36	16	0	76
SERPINI2	2	0	0	0	0	0	0	0	2
SERTAD1	43	11	2	9	5	7	2	0	17
SERTAD2	157	65	19	73	41	45	26	0	79
SERTAD3	18	6	1	8	4	4	3	0	7
SERTAD3-AS1	0	0	0	1	0	0	0	0	0
SERTAD4	1	1	0	0	0	0	0	0	0
SERTAD4-AS1	2	0	0	2	0	0	0	0	0
SERTM1	13	37	3	10	7	9	20	0	25
SERTM2	3	2	2	4	3	2	1	0	3
SESN1	61	65	11	22	28	58	13	0	88
SESN2	142	69	18	59	30	33	13	0	66
SESN3	212	264	35	137	64	182	87	1	334
SESTD1	310	235	57	147	92	216	45	2	290
SET	1123	677	105	509	219	395	145	2	512
SETBP1	212	168	31	78	67	127	62	1	178
SETBP1-DT	10	4	0	1	1	2	1	0	0
SETD1A	199	96	25	73	26	50	36	0	79
SETD1B	180	90	22	53	38	55	25	0	79
SETD2	608	376	70	246	142	317	93	1	403
SETD3	237	160	34	111	53	103	49	0	119
SETD4	87	60	4	29	18	27	9	1	55
SETD4-AS1	2	1	0	1	0	0	0	0	0
SETD5	1109	723	130	446	258	585	192	1	767
SETD6	50	34	6	15	12	17	6	0	31
SETD7	293	158	22	127	50	103	47	0	112
SETD9	26	10	3	7	1	3	2	0	7
SETDB1	165	96	20	52	27	57	24	0	74
SETDB2	49	36	9	18	13	26	9	0	35
SETMAR	46	31	9	19	14	23	7	0	20
SETP1	1	0	0	1	0	0	0	0	1
SETP11	0	0	0	0	0	0	0	0	1
SETP12	0	0	0	0	1	1	1	0	1
SETP14	8	1	0	1	2	0	0	0	4
SETP16	0	0	0	1	0	0	0	0	0
SETP2	1	0	0	1	0	1	0	0	1
SETP20	1	0	0	1	0	0	0	0	0
SETP21	1	0	0	0	0	0	0	0	1
SETP22	3	0	0	0	0	0	0	0	2
SETP3	5	1	0	0	2	0	1	0	4
SETP4	2	0	0	1	1	0	0	0	0
SETP6	5	1	1	1	0	0	0	0	1
SETP8	0	0	0	0	0	1	0	0	0
SETP9	1	1	0	0	0	0	0	0	0
SETSIP	0	0	0	0	0	1	0	0	1
SETX	561	372	72	199	126	335	84	0	427
SEZ6	8	1	0	2	1	0	6	0	1
SEZ6L	12	6	2	3	1	3	3	0	1
SEZ6L-AS1	0	1	0	0	0	0	0	0	0
SEZ6L2	29	29	3	9	8	11	6	1	18
SF1	678	341	98	262	122	288	102	0	348
SF1-DT	0	4	1	1	0	0	0	0	2
SF3A1	282	165	37	111	56	128	29	0	109
SF3A2	175	57	17	47	29	49	25	0	88
SF3A3	263	146	24	115	52	81	44	1	128
SF3A3P1	2	1	0	0	0	0	0	0	1
SF3A3P2	2	2	0	0	0	1	0	0	0
SF3B1	850	578	106	351	194	355	128	1	430
SF3B2	469	253	41	157	80	133	74	0	172
SF3B3	534	367	75	239	126	255	85	1	347
SF3B4	135	68	18	39	21	36	21	0	53
SF3B5	33	21	1	9	6	7	6	0	17
SF3B6	120	67	12	51	22	47	27	0	55
SFI1	139	117	17	49	41	67	32	1	116
SFMBT1	230	118	30	77	45	112	34	0	126
SFMBT2	659	398	69	252	126	266	113	0	313
SFN	80	41	12	27	19	12	12	1	21
SFPQ	1358	780	167	510	291	533	213	2	681
SFR1	14	2	1	4	1	3	1	0	7
SFRP1	3	0	0	0	1	1	0	0	1
SFRP2	0	1	0	0	0	0	0	0	0
SFRP4	7	1	0	3	0	0	0	0	1
SFRP5	0	0	0	1	0	0	1	0	0
SFSWAP	354	227	47	121	69	140	73	0	165
SFT2D1	110	66	18	55	22	60	14	0	80
SFT2D2	290	204	39	131	67	133	50	0	198
SFT2D3	18	9	1	4	4	6	2	0	9
SFTA1P	4	1	0	2	0	0	0	0	0
SFTA2	1	0	0	0	0	0	0	0	0
SFTA3	2	5	1	1	0	2	1	0	0
SFTPB	1	0	0	0	0	0	0	0	0
SFTPD	4	4	0	1	2	0	0	0	0
SFXN1	298	221	37	159	58	189	50	2	183
SFXN2	60	35	12	24	15	16	11	0	50
SFXN3	57	46	10	31	10	33	13	0	38
SFXN4	81	33	5	31	10	29	11	0	32
SFXN5	188	152	31	70	50	94	41	0	110
SGCA	0	0	0	1	0	1	0	0	0
SGCB	60	37	6	27	11	21	7	1	24
SGCD	39	16	4	8	4	16	4	0	9
SGCE	172	114	17	76	27	72	29	1	91
SGCG	5	2	1	0	1	2	1	0	0
SGCZ	208	143	11	216	69	37	16	0	48
SGF29	98	55	7	37	24	45	14	0	60
SGIP1	15	14	0	9	4	6	3	0	9
SGK1	963	629	119	450	219	443	197	0	501
SGK2	1	0	0	0	1	0	0	0	1
SGK3	2	2	0	3	0	0	0	0	0
SGMS1	678	493	77	277	164	405	162	1	682
SGMS1-AS1	6	6	0	4	4	7	5	0	4
SGMS2	131	85	12	57	26	62	21	0	73
SGO1	98	86	17	55	23	68	29	0	100
SGO1-AS1	76	55	14	26	13	41	16	0	64
SGO2	165	110	24	64	32	74	31	0	104
SGPL1	81	50	13	39	13	37	18	0	47
SGPP1	81	62	8	42	14	57	8	0	103
SGPP2	14	3	0	8	1	7	4	0	1
SGSH	64	29	0	22	12	15	10	0	23
SGSM1	4	4	1	2	2	4	1	0	3
SGSM2	158	105	21	55	23	60	31	0	85
SGSM2-AS1	10	10	0	4	4	3	1	0	12
SGSM3	49	25	2	13	3	13	5	0	17
SGSM3-AS1	1	1	1	0	2	1	0	0	4
SGTA	157	80	13	56	25	42	28	1	68
SGTB	84	35	4	33	17	28	8	0	57
SH2B1	112	94	16	58	35	67	26	0	90
SH2B2	24	27	9	16	11	13	8	0	26
SH2B3	52	14	4	11	10	17	6	0	17
SH2D1A	0	0	0	0	0	0	0	0	1
SH2D1B	0	1	0	0	0	1	0	0	0
SH2D2A	18	13	2	15	1	12	2	1	17
SH2D3A	21	8	3	5	5	2	5	0	10
SH2D3C	5	5	0	0	0	0	0	0	1
SH2D4A	258	130	25	80	53	75	34	0	94
SH2D4B	5	3	0	0	1	2	0	0	0
SH2D5	37	4	3	5	6	2	1	0	3
SH2D6	3	9	3	4	4	1	3	0	7
SH2D7	1	0	0	0	1	0	0	0	0
SH3BGRL	112	80	17	36	29	60	25	1	101
SH3BGRL2	39	18	5	14	11	14	7	0	27
SH3BGRL3	85	28	7	39	3	25	7	0	35
SH3BP1	4	1	2	0	3	4	1	0	2
SH3BP2	52	49	9	19	26	25	18	0	34
SH3BP4	633	317	65	216	99	189	97	0	258
SH3BP5	458	556	96	236	158	321	200	2	600
SH3BP5-AS1	31	13	4	4	2	11	5	0	8
SH3BP5L	59	45	11	21	15	29	17	0	33
SH3D19	724	356	79	239	132	295	87	1	342
SH3D21	52	46	7	18	12	16	4	0	35
SH3GL1	214	127	22	67	37	47	34	0	96
SH3GL1P1	3	1	1	1	1	2	3	0	2
SH3GL1P2	0	0	0	1	0	0	0	0	0
SH3GL1P3	1	0	0	0	0	0	0	0	0
SH3GL2	787	893	149	429	320	595	230	4	1000
SH3GL3	8	1	1	3	0	2	1	0	5
SH3GLB1	121	58	10	49	20	42	23	0	59
SH3GLB2	106	69	19	39	26	44	40	0	62
SH3KBP1	245	117	25	79	37	80	14	0	91
SH3PXD2A	371	284	39	141	98	151	117	0	247
SH3PXD2B	343	361	62	165	141	220	134	2	339
SH3RF1	1243	902	187	496	335	796	323	5	1353
SH3RF2	91	87	14	34	18	45	23	1	49
SH3RF3	92	38	5	20	14	11	11	1	12
SH3RF3-AS1	1	1	0	0	0	0	1	0	0
SH3TC1	82	48	6	25	18	20	12	0	20
SH3TC2	53	6	4	14	6	36	7	0	33
SH3TC2-DT	0	0	0	0	0	2	0	0	2
SH3YL1	52	59	8	24	10	40	13	0	55
SHANK1	24	15	8	5	1	0	4	0	5
SHANK2	37	18	0	16	5	8	4	0	22
SHANK3	38	39	6	20	7	21	12	0	21
SHARPIN	60	31	4	20	13	32	13	0	27
SHB	73	22	4	24	11	10	5	0	12
SHBG	3	0	0	1	0	2	0	0	1
SHC1	249	155	49	90	53	108	44	1	103
SHC1P1	1	0	0	1	0	0	0	0	0
SHC2	7	6	0	2	1	3	2	0	3
SHC3	20	12	2	9	4	8	0	0	12
SHC4	11	9	0	8	2	5	0	0	4
SHCBP1	187	88	12	55	38	65	22	0	79
SHCBP1L	6	3	1	0	0	0	0	0	1
SHD	0	1	0	0	0	0	1	0	0
SHE	0	2	0	1	0	0	0	0	0
SHF	11	11	2	6	5	8	5	0	10
SHFL	11	8	1	10	2	2	5	0	5
SHH	1	1	0	1	0	0	0	0	0
SHISA2	2	0	0	1	0	0	0	0	0
SHISA3	0	1	0	0	0	0	0	0	0
SHISA4	3	4	0	3	2	1	0	0	4
SHISA5	133	81	15	59	22	54	25	0	72
SHISA5P1	1	0	0	0	0	0	0	0	0
SHISA5P2	0	0	1	0	0	0	0	0	0
SHISA6	25	13	0	6	2	6	6	1	4
SHISA7	2	0	0	0	0	0	0	0	0
SHISA8	2	0	0	1	0	0	0	0	1
SHISA9	16	4	1	8	1	2	4	0	3
SHISAL1	169	77	13	77	25	39	16	0	39
SHISAL2A	5	0	0	1	0	1	0	0	0
SHISAL2B	1	0	0	1	1	1	0	0	0
SHKBP1	43	32	6	23	10	25	9	0	27
SHLD1	28	19	1	8	12	24	5	0	20
SHLD2	198	132	31	105	42	137	38	0	171
SHLD2P1	1	0	0	0	0	0	0	0	0
SHLD2P3	11	12	1	2	5	7	3	0	9
SHLD3	3	6	0	2	0	5	4	0	6
SHMT1	98	71	14	41	22	47	30	0	60
SHMT2	187	97	14	63	31	50	27	0	62
SHOC1	13	7	1	5	3	7	2	0	9
SHOC2	335	263	42	181	77	222	80	0	313
SHOX	5	3	0	0	0	2	0	0	1
SHOX2	8	6	1	3	6	2	3	0	8
SHPK	6	4	0	3	3	1	0	0	2
SHPRH	201	135	25	82	56	117	22	0	164
SHQ1	184	157	18	76	44	92	25	0	118
SHQ1P1	0	0	0	0	0	1	0	0	0
SHROOM1	36	23	8	16	10	10	12	0	22
SHROOM2	14	6	1	3	1	4	1	0	1
SHROOM3	135	76	11	64	21	41	22	0	37
SHROOM3-AS1	3	1	1	0	2	0	1	0	1
SHROOM4	10	2	0	4	2	2	0	0	1
SHTN1	522	361	84	213	127	313	110	3	390
SI	9	11	2	8	1	2	2	0	2
SIAE	22	15	3	6	7	5	5	0	13
SIAH1	132	66	9	57	29	53	19	0	88
SIAH2	93	50	18	41	12	25	11	0	71
SIAH2-AS1	25	8	2	7	8	5	1	0	11
SIAH3	4	1	0	0	0	0	0	0	3
SIDT1	4	2	0	2	0	0	1	0	0
SIDT1-AS1	1	0	0	0	0	0	0	0	0
SIDT2	18	26	8	9	4	10	8	0	14
SIGIRR	6	6	0	2	0	1	2	0	2
SIGLEC1	3	2	0	2	0	0	0	0	0
SIGLEC10-AS1	0	1	0	0	0	0	0	0	1
SIGLEC12	1	0	0	0	0	1	0	0	0
SIGLEC15	0	0	0	0	0	1	0	0	0
SIGLEC17P	0	2	0	0	1	0	1	0	1
SIGLEC20P	0	0	0	0	0	0	0	0	1
SIGLEC5	1	0	0	1	0	0	0	0	0
SIGLEC7	0	0	0	2	0	0	0	0	0
SIGLEC8	1	0	0	0	0	0	0	0	0
SIGLEC9	0	0	0	0	1	0	0	0	0
SIGLECL1	0	0	0	0	1	0	0	0	0
SIGMAR1	237	179	32	145	65	164	67	1	170
SIK1	15	16	6	6	4	10	5	0	15
SIK2	228	254	49	128	77	215	64	3	361
SIK3	645	446	95	261	170	392	110	1	526
SIKE1	100	62	12	49	25	59	11	0	61
SIL1	392	324	61	128	107	166	77	0	218
SILC1	9	12	0	7	1	0	8	0	3
SIM1	7	17	2	3	3	11	5	0	19
SIM1-AS1	1	0	0	2	0	0	0	0	1
SIM2	104	59	10	37	20	37	17	0	42
SIMC1	49	38	7	32	11	27	13	1	28
SIN3A	320	221	50	155	73	162	53	0	193
SIN3B	214	152	23	81	52	94	32	1	112
SINHCAF	417	177	44	155	75	148	52	0	151
SINHCAFP1	1	2	0	1	0	0	0	0	0
SINHCAFP2	0	2	0	0	0	1	0	0	0
SINHCAFP3	1	0	0	2	0	3	0	0	1
SIPA1	35	33	15	13	11	25	14	0	26
SIPA1L1	1769	1291	266	780	470	1136	410	4	1631
SIPA1L1-AS1	12	9	2	9	2	11	6	0	16
SIPA1L2	252	116	20	82	45	89	18	0	96
SIPA1L3	736	411	91	269	155	243	110	2	304
SIRLNT	13	5	4	1	3	4	2	1	8
SIRPA	18	11	1	5	4	9	0	0	7
SIRPAP1	0	0	0	2	0	0	0	0	0
SIRPB1	1	1	0	0	0	0	0	0	0
SIRPB2	1	3	0	0	0	0	0	0	0
SIRPB3P	0	1	0	0	0	1	0	0	0
SIRPG	2	4	0	1	0	0	0	0	1
SIRPG-AS1	0	0	0	1	0	0	0	0	0
SIRT1	151	102	22	58	42	72	14	0	102
SIRT2	44	19	2	9	8	10	7	0	16
SIRT3	7	17	2	5	1	5	5	0	14
SIRT4	3	3	2	1	0	1	2	0	1
SIRT5	32	20	3	13	9	22	3	0	22
SIRT6	27	11	2	7	1	3	2	0	9
SIRT7	48	32	7	15	8	13	9	0	21
SIVA1	61	32	12	21	15	15	10	0	32
SIX1	9	6	1	6	2	9	1	0	3
SIX2	29	15	5	10	2	12	2	0	14
SIX3	0	1	0	0	0	1	0	0	0
SIX4	60	38	10	27	12	22	4	0	29
SIX5	41	27	9	14	8	14	7	0	24
SIX6	3	0	0	0	0	0	0	0	0
SKA1	51	33	8	23	14	25	3	0	26
SKA2	187	170	28	115	58	170	51	0	228
SKA2P1	0	0	0	0	0	1	0	0	0
SKA3	71	52	16	25	17	41	11	0	68
SKAP1	10	6	2	4	2	0	2	0	3
SKAP1-AS1	0	0	0	0	0	1	0	0	0
SKAP2	54	32	13	14	19	29	13	0	34
SKI	773	634	104	276	182	252	143	0	354
SKIC2	77	44	11	33	13	26	15	0	38
SKIC3	379	242	36	156	93	206	72	0	210
SKIC8	81	66	12	32	29	41	18	0	48
SKIDA1	10	7	0	3	2	1	0	0	1
SKIL	396	226	38	196	82	236	56	1	358
SKOR1	1	7	1	1	0	0	2	0	4
SKOR2	2	1	1	1	0	0	0	0	2
SKP1	90	64	11	32	20	48	11	0	56
SKP1P1	1	0	0	0	0	0	0	0	3
SKP1P2	0	0	0	0	0	1	0	0	0
SKP2	313	201	39	152	70	171	51	1	267
SLA	2	0	0	3	0	1	2	0	0
SLA2	0	4	0	1	0	0	0	0	0
SLAIN1	40	29	8	21	13	26	6	0	26
SLAIN2	147	113	21	59	37	77	22	0	104
SLAMF1	1	1	0	0	0	0	0	0	1
SLAMF6	0	1	0	1	0	0	1	0	1
SLAMF7	3	0	0	0	0	0	0	0	0
SLAMF8	2	0	0	0	0	0	0	0	0
SLAMF9	0	0	0	0	1	0	0	0	0
SLBP	156	115	15	56	38	68	21	3	82
SLC10A1	3	0	0	2	0	0	1	0	2
SLC10A2	0	0	0	0	0	1	0	0	0
SLC10A3	41	15	5	16	3	15	8	0	10
SLC10A4	2	4	1	3	1	4	0	0	4
SLC10A5	2	1	2	1	0	1	1	0	0
SLC10A6	1	0	0	0	1	2	1	0	0
SLC10A7	277	182	36	113	66	164	50	1	204
SLC11A1	4	3	0	0	0	0	0	0	1
SLC11A2	115	86	15	48	24	60	18	0	82
SLC12A1	4	9	1	5	4	10	2	0	11
SLC12A2	255	134	24	85	61	109	23	0	161
SLC12A2-DT	183	129	28	91	61	140	47	0	161
SLC12A3	2	3	0	0	1	0	0	0	1
SLC12A4	131	79	10	56	20	42	23	0	55
SLC12A5	9	2	2	3	0	1	0	0	1
SLC12A5-AS1	0	0	0	0	1	1	1	0	0
SLC12A6	154	63	19	62	30	57	21	2	91
SLC12A7	326	200	34	92	64	101	60	2	166
SLC12A8	186	111	16	68	41	68	32	0	80
SLC12A9	64	35	10	25	13	18	10	0	16
SLC12A9-AS1	18	10	3	2	1	7	1	0	4
SLC13A1	2	3	0	0	0	3	1	0	1
SLC13A2	0	0	0	2	0	0	0	0	0
SLC13A3	13	8	2	5	3	7	2	0	10
SLC13A4	3	0	0	0	0	1	0	0	1
SLC13A5	0	5	0	1	0	2	0	0	0
SLC14A1	3	3	0	1	2	1	0	0	1
SLC14A2	21	8	3	7	6	8	5	0	5
SLC14A2-AS1	7	1	0	0	0	0	0	0	0
SLC15A1	5	1	0	1	0	2	1	0	1
SLC15A2	17	10	2	4	2	8	2	0	8
SLC15A3	1	2	0	1	0	0	0	0	0
SLC15A4	87	56	12	26	14	36	9	0	28
SLC15A5	1	0	0	2	1	0	0	0	0
SLC16A1	774	459	85	298	151	328	91	2	318
SLC16A1-AS1	228	164	34	109	53	133	48	0	191
SLC16A10	61	51	13	23	23	42	14	0	49
SLC16A11	3	0	0	0	0	0	0	0	0
SLC16A12	4	3	1	1	2	3	1	0	5
SLC16A12-AS1	0	0	1	0	0	0	0	0	0
SLC16A13	2	3	0	3	1	3	0	0	4
SLC16A14	41	34	6	19	8	12	7	0	30
SLC16A2	9	2	0	0	1	3	2	0	5
SLC16A3	1063	659	133	346	202	280	191	2	350
SLC16A4	5	0	0	1	1	3	1	0	0
SLC16A4-AS1	26	30	6	13	9	23	4	0	39
SLC16A5	50	33	3	25	26	29	7	0	28
SLC16A6	45	34	7	19	14	30	5	0	10
SLC16A7	374	250	60	159	84	247	75	1	303
SLC16A8	0	0	0	1	0	0	0	0	0
SLC16A9	119	43	7	41	10	20	16	0	17
SLC17A1	3	1	0	0	0	0	0	0	0
SLC17A3	10	1	0	0	1	0	1	0	1
SLC17A5	34	25	3	11	6	15	4	0	19
SLC17A6	3	1	0	1	1	1	0	0	0
SLC17A6-DT	2	2	0	0	0	1	0	0	0
SLC17A7	6	3	0	1	0	1	0	0	1
SLC17A8	2	1	1	0	1	2	0	0	1
SLC17A9	74	38	12	28	9	24	9	0	27
SLC18A1	1	0	0	0	0	0	0	0	1
SLC18A2	7	3	1	2	0	0	1	0	0
SLC18A3	1	0	0	0	0	0	0	0	0
SLC18B1	36	40	7	26	14	22	10	0	23
SLC19A1	242	137	28	67	39	69	30	0	70
SLC19A2	136	79	19	50	31	61	15	0	91
SLC19A3	7	1	0	1	0	1	0	0	0
SLC1A1	82	65	11	26	19	34	12	0	37
SLC1A2	6	6	0	1	4	2	0	0	6
SLC1A3	33	40	7	13	16	35	5	0	24
SLC1A4	78	48	7	28	13	35	11	0	34
SLC1A5	771	394	87	219	112	213	103	1	235
SLC1A6	2	1	0	0	1	0	0	0	0
SLC1A7	3	0	0	2	1	0	0	0	1
SLC20A1	369	144	37	113	54	127	44	0	122
SLC20A1-DT	5	3	0	2	0	2	0	0	1
SLC20A1P1	0	0	1	0	0	0	0	0	0
SLC20A2	291	191	42	112	73	170	49	1	201
SLC22A1	15	24	4	11	6	12	2	1	8
SLC22A10	0	0	0	2	1	0	0	0	0
SLC22A11	2	1	0	1	0	0	0	0	1
SLC22A13	5	4	0	4	3	3	2	0	6
SLC22A14	6	5	3	3	2	4	1	0	9
SLC22A15	15	5	2	2	1	6	0	0	4
SLC22A16	3	1	0	0	1	0	1	0	0
SLC22A17	1	1	0	0	0	1	0	0	0
SLC22A18	36	34	5	9	7	14	17	0	31
SLC22A18AS	4	1	1	2	1	1	3	0	3
SLC22A2	1	3	0	0	0	2	0	0	1
SLC22A20P	2	3	0	2	0	0	1	0	3
SLC22A23	160	140	28	56	44	99	31	0	92
SLC22A24	3	3	0	2	1	2	2	0	0
SLC22A25	2	0	0	0	1	1	1	0	0
SLC22A3	380	312	61	141	120	227	181	2	404
SLC22A31	0	0	0	0	0	1	0	0	1
SLC22A4	93	33	10	21	14	22	10	0	15
SLC22A5	59	29	2	25	9	16	20	0	36
SLC22A6	1	1	0	0	0	0	1	0	0
SLC22A8	0	0	1	0	0	0	1	0	0
SLC22A9	2	0	0	3	1	1	0	0	1
SLC23A1	1	0	0	0	0	1	1	0	1
SLC23A2	113	75	18	37	28	44	24	0	47
SLC23A3	2	1	0	2	0	0	0	0	0
SLC24A1	22	7	2	5	5	12	1	0	9
SLC24A2	9	11	0	5	3	4	1	0	1
SLC24A3	327	172	35	153	53	116	86	0	167
SLC24A4	4	2	0	2	1	1	0	0	2
SLC24A5	1	1	0	0	0	0	0	0	0
SLC25A1	54	35	8	21	10	24	13	1	36
SLC25A10	29	7	2	12	4	13	6	0	11
SLC25A11	61	36	9	26	12	15	16	0	11
SLC25A12	199	135	24	88	37	89	37	1	89
SLC25A13	708	433	91	290	160	378	108	2	426
SLC25A14	30	12	5	10	7	13	5	0	18
SLC25A15	52	35	7	16	9	13	4	0	17
SLC25A15P2	0	1	0	0	0	0	0	0	0
SLC25A16	120	84	9	37	29	60	15	0	90
SLC25A17	163	103	24	73	45	78	27	0	106
SLC25A18	1	0	0	1	0	1	1	0	0
SLC25A19	31	22	7	22	13	11	5	0	28
SLC25A2	3	2	0	0	0	1	1	0	1
SLC25A20	26	24	3	10	9	9	5	0	10
SLC25A21	97	51	1	36	18	24	19	1	37
SLC25A21-AS1	3	0	1	1	0	1	0	0	0
SLC25A22	46	22	8	20	17	9	3	0	21
SLC25A23	35	28	7	21	5	24	9	0	29
SLC25A24	450	225	45	162	89	227	66	3	261
SLC25A24P1	0	0	0	0	0	0	0	0	1
SLC25A25	210	138	25	63	50	65	32	0	109
SLC25A25-AS1	57	33	6	18	13	20	3	0	35
SLC25A26	275	203	38	116	66	146	39	0	229
SLC25A27	26	31	5	15	5	28	6	0	39
SLC25A28	58	42	1	18	9	22	8	0	36
SLC25A28-DT	8	1	0	2	0	1	0	0	3
SLC25A29	69	62	9	29	18	33	21	1	46
SLC25A3	545	299	42	213	126	166	75	1	201
SLC25A30	23	12	8	11	3	10	2	0	11
SLC25A30-AS1	1	0	0	0	0	0	0	0	0
SLC25A31	2	2	0	1	1	0	0	0	0
SLC25A32	12	8	1	3	1	4	2	0	2
SLC25A33	114	85	18	43	25	75	23	0	72
SLC25A34	7	2	0	0	0	0	1	0	2
SLC25A35	6	11	3	5	4	4	5	0	8
SLC25A36	241	142	20	116	55	106	39	0	175
SLC25A37	262	155	30	104	54	80	27	0	112
SLC25A38	77	28	9	21	18	22	9	0	31
SLC25A39	138	83	19	69	18	48	25	0	61
SLC25A3P1	3	2	0	0	0	0	0	0	0
SLC25A4	25	21	2	11	8	11	6	0	9
SLC25A40	62	78	11	34	24	43	18	1	88
SLC25A41	1	3	0	0	0	0	0	0	1
SLC25A42	30	37	7	20	12	17	17	0	33
SLC25A43	124	93	16	54	30	43	25	0	64
SLC25A44	127	73	22	51	34	46	11	0	55
SLC25A45	12	8	0	4	4	4	4	0	7
SLC25A46	83	61	12	59	17	78	17	1	87
SLC25A47	0	0	1	0	1	1	0	0	0
SLC25A48	41	10	1	7	4	1	4	0	8
SLC25A5	240	133	22	103	33	66	31	0	97
SLC25A5-AS1	1	0	1	1	0	0	0	0	0
SLC25A51	10	7	2	8	3	8	4	0	10
SLC25A51P3	0	0	0	1	0	0	0	0	0
SLC25A52	0	0	0	0	0	0	0	0	1
SLC25A53	68	46	5	30	17	39	8	0	63
SLC25A5P1	0	1	0	0	0	0	1	0	0
SLC25A5P2	1	0	0	0	0	0	0	0	0
SLC25A5P4	1	0	0	0	0	0	0	0	1
SLC25A5P5	0	1	0	0	0	0	0	0	0
SLC25A5P8	1	1	0	0	0	0	0	0	0
SLC25A6	202	97	29	86	45	82	33	1	90
SLC25A6P3	2	0	0	1	0	0	0	0	0
SLC25A6P5	0	1	0	0	2	0	0	0	0
SLC26A1	1	0	1	1	1	0	0	0	0
SLC26A11	56	31	4	13	3	12	6	0	19
SLC26A2	155	51	2	51	17	37	15	0	38
SLC26A3	104	101	0	73	44	95	5	0	69
SLC26A4	1	4	0	1	1	3	1	0	1
SLC26A4-AS1	0	1	0	0	0	0	0	0	0
SLC26A5	3	3	0	1	0	0	0	0	3
SLC26A5-AS1	3	4	0	1	0	1	0	0	2
SLC26A6	106	83	6	35	29	28	21	1	47
SLC26A7	10	9	1	3	4	10	0	0	8
SLC26A8	6	2	1	0	0	0	1	0	1
SLC26A9	3	0	0	1	0	0	0	0	0
SLC27A1	25	19	10	10	4	14	12	1	21
SLC27A2	45	21	2	13	8	10	8	0	10
SLC27A3	16	7	3	3	2	7	3	0	7
SLC27A4	106	67	17	29	26	39	11	0	37
SLC27A5	77	60	11	37	20	28	15	0	40
SLC27A6	32	19	7	13	4	10	5	0	10
SLC28A1	7	7	0	4	3	1	2	0	3
SLC28A2	1	0	0	0	0	0	0	0	0
SLC28A2-AS1	3	1	1	1	0	0	0	0	0
SLC28A3	4	2	0	2	0	1	0	0	0
SLC28A3-AS1	2	0	0	0	0	0	0	0	0
SLC29A1	127	70	10	66	16	43	9	0	46
SLC29A2	58	49	12	27	19	23	13	0	43
SLC29A3	19	5	1	8	5	6	4	0	9
SLC29A4	9	3	0	1	0	3	0	0	3
SLC2A1	412	180	28	127	59	110	51	0	122
SLC2A1-DT	13	4	1	7	2	5	4	0	16
SLC2A10	2	1	0	0	0	1	0	0	1
SLC2A11	5	6	1	1	1	3	2	0	3
SLC2A12	10	12	3	5	1	6	6	0	9
SLC2A13	1805	2335	503	975	940	2086	708	3	3018
SLC2A14	3	1	0	1	1	1	0	0	1
SLC2A2	3	2	0	0	0	0	0	0	0
SLC2A3	44	27	8	17	12	15	6	0	21
SLC2A3P2	1	2	0	0	0	0	0	0	1
SLC2A3P4	0	1	0	0	0	0	0	0	0
SLC2A4	5	4	1	0	0	0	0	0	3
SLC2A4RG	113	56	13	50	31	34	19	0	38
SLC2A5	3	2	0	5	1	0	0	0	1
SLC2A6	24	24	4	11	5	13	2	0	13
SLC2A7	3	1	0	0	0	0	0	0	1
SLC2A8	37	17	2	8	5	9	14	0	19
SLC2A9	28	28	5	12	7	9	12	0	17
SLC2A9-AS1	0	0	0	0	1	0	0	0	0
SLC30A1	278	152	15	97	39	97	21	0	121
SLC30A10	11	6	1	3	6	6	0	0	6
SLC30A3	5	8	0	4	1	2	3	0	5
SLC30A4	8	11	1	3	2	6	1	0	7
SLC30A5	143	110	20	62	31	84	22	0	98
SLC30A6	137	81	23	61	37	93	19	0	113
SLC30A6-DT	2	1	0	0	0	0	1	0	0
SLC30A7	374	214	40	155	87	200	59	0	249
SLC30A8	8	3	0	4	1	3	1	0	5
SLC30A9	215	146	29	90	60	139	31	1	184
SLC31A1	115	76	16	47	34	54	21	1	87
SLC31A2	16	9	2	2	5	4	1	0	10
SLC32A1	2	0	0	1	0	0	0	0	0
SLC33A1	18	14	3	12	11	5	0	0	8
SLC34A1	1	0	0	0	0	0	0	0	1
SLC34A2	0	3	0	0	0	0	0	0	1
SLC34A3	1	3	1	1	0	1	1	0	1
SLC35A1	31	21	3	14	12	16	9	0	28
SLC35A2	42	21	6	11	6	15	5	0	20
SLC35A3	37	35	8	20	11	33	9	0	34
SLC35A4	77	49	15	50	20	30	16	0	41
SLC35A5	66	37	6	27	18	43	12	0	58
SLC35B1	49	36	7	22	11	17	10	0	23
SLC35B2	52	46	6	28	10	12	16	1	37
SLC35B3	30	28	8	18	14	31	3	0	37
SLC35B4	109	60	17	59	24	54	18	0	54
SLC35C1	89	58	8	27	20	30	17	0	26
SLC35C2	146	109	29	64	19	62	26	0	78
SLC35D1	95	55	9	31	28	42	12	0	47
SLC35D2	18	20	4	7	8	13	2	0	26
SLC35D3	1	1	0	0	0	0	0	0	0
SLC35E1	106	70	7	36	18	47	21	0	44
SLC35E1P1	0	0	0	0	0	0	0	0	1
SLC35E2B	65	72	12	28	24	38	16	0	58
SLC35E3	66	47	4	29	20	36	16	0	56
SLC35E4	22	14	1	8	4	9	4	0	10
SLC35F1	36	18	3	8	9	15	6	0	21
SLC35F2	130	57	8	44	17	46	10	0	49
SLC35F3	2206	918	154	644	349	658	251	4	755
SLC35F3-AS1	1	0	0	0	0	0	0	0	0
SLC35F4	17	13	1	6	4	2	3	0	5
SLC35F5	186	157	24	83	47	105	37	0	157
SLC35F6	120	70	10	45	27	41	16	0	55
SLC35G1	77	55	11	30	26	38	13	2	43
SLC35G2	158	132	23	65	47	93	28	0	140
SLC35G3	1	0	0	0	0	0	0	0	0
SLC35G5	0	1	0	0	1	0	0	0	0
SLC35G6	1	0	0	0	0	0	0	0	0
SLC36A1	132	79	18	46	27	42	18	0	58
SLC36A2	0	1	0	1	0	0	0	0	0
SLC36A3	3	0	0	0	0	0	0	0	0
SLC36A4	238	181	34	104	82	160	43	0	171
SLC37A1	49	48	11	16	18	25	16	0	22
SLC37A2	3	9	6	3	3	6	5	0	7
SLC37A3	68	38	8	30	9	18	9	0	32
SLC37A4	17	17	2	15	9	7	8	0	15
SLC38A1	3268	1731	318	1192	597	1272	347	5	1542
SLC38A10	167	138	40	75	47	72	48	0	110
SLC38A11	2	0	1	0	0	0	0	0	0
SLC38A2	2977	1807	270	988	629	1138	393	6	1439
SLC38A2-AS1	3	4	0	2	0	0	0	0	1
SLC38A3	4	3	0	1	1	1	0	0	1
SLC38A4	3	3	0	3	0	4	0	0	0
SLC38A4-AS1	256	201	33	93	65	140	49	0	253
SLC38A5	290	169	34	100	51	86	51	1	86
SLC38A6	214	161	30	96	46	126	31	0	185
SLC38A7	53	29	12	28	8	20	9	0	23
SLC38A8	3	2	1	1	0	1	0	0	2
SLC38A9	116	86	26	50	40	78	27	0	74
SLC39A1	83	36	7	26	10	18	8	0	24
SLC39A10	513	328	54	203	133	240	76	0	268
SLC39A11	693	599	122	307	205	436	132	2	501
SLC39A12	4	1	0	4	1	0	0	0	0
SLC39A12-AS1	1	0	1	0	0	0	0	0	1
SLC39A13	68	32	8	19	8	15	13	0	19
SLC39A14	494	261	44	167	101	169	61	1	184
SLC39A2	0	0	1	0	0	0	0	0	0
SLC39A3	20	11	2	7	2	5	1	0	4
SLC39A4	7	8	1	1	3	4	1	0	3
SLC39A6	231	208	49	123	67	140	54	0	180
SLC39A7	205	132	13	81	45	77	32	0	72
SLC39A8	203	141	25	90	43	81	32	0	86
SLC39A9	223	149	24	103	52	130	28	3	166
SLC3A1	6	1	1	1	0	4	0	0	2
SLC3A2	1477	692	144	470	228	359	170	0	458
SLC40A1	8	3	0	1	0	1	0	0	1
SLC41A1	95	52	10	32	22	32	13	0	55
SLC41A2	76	52	15	27	19	57	14	0	67
SLC41A3	57	35	6	27	14	18	8	0	21
SLC41A3-AS1	3	1	0	1	0	0	0	0	1
SLC43A1	9	8	0	4	2	7	1	0	5
SLC43A2	73	48	18	30	18	24	18	0	33
SLC43A3	382	162	42	140	59	96	40	0	91
SLC44A1	147	104	26	64	36	97	25	0	107
SLC44A2	77	45	9	32	12	32	21	0	48
SLC44A3	8	1	0	3	0	2	1	0	6
SLC44A3-AS1	15	11	1	12	5	11	3	0	10
SLC44A4	1	0	0	0	0	0	1	0	0
SLC44A5	196	238	40	111	78	208	68	0	289
SLC45A1	1	0	0	1	1	1	1	0	0
SLC45A2	3	3	0	1	1	1	0	0	3
SLC45A3	20	9	1	5	1	5	1	0	5
SLC45A4	251	197	36	105	59	87	45	0	150
SLC46A1	55	44	7	22	25	15	5	0	24
SLC46A3	0	0	0	0	0	1	0	0	0
SLC47A1	205	127	19	96	44	50	47	1	75
SLC47A1P2	1	0	0	0	0	0	0	0	0
SLC47A2	5	0	0	1	0	0	0	0	2
SLC48A1	67	53	5	26	26	32	17	0	48
SLC49A3	1	3	1	1	0	3	0	0	1
SLC49A4	110	83	21	54	33	90	18	0	120
SLC4A1	2	1	0	0	0	0	0	0	0
SLC4A10	19	14	2	6	4	9	3	0	9
SLC4A11	9	6	1	10	1	3	2	0	3
SLC4A1AP	78	55	11	31	12	42	3	0	43
SLC4A2	291	104	25	101	53	69	30	0	83
SLC4A3	3	4	0	0	0	0	0	0	3
SLC4A4	52	26	4	18	4	22	4	0	24
SLC4A5	0	1	0	0	0	0	1	0	0
SLC4A7	700	404	72	307	145	361	91	1	396
SLC4A8	4	2	1	1	0	5	0	0	1
SLC4A9	1	1	0	0	0	1	1	0	0
SLC50A1	30	34	5	17	12	16	6	0	13
SLC51A	0	3	0	1	0	1	0	0	1
SLC51B	1	0	0	0	0	0	0	0	0
SLC52A1	0	0	0	2	1	0	1	0	0
SLC52A2	99	47	10	47	21	30	20	0	35
SLC52A3	3	1	1	0	0	0	1	0	0
SLC5A1	6	2	1	6	1	1	1	0	2
SLC5A10	23	1	0	4	2	4	1	0	0
SLC5A11	18	16	2	8	8	0	2	0	7
SLC5A12	2	0	0	0	0	0	1	0	0
SLC5A2	1	0	1	0	0	0	0	0	0
SLC5A3	185	105	25	68	33	89	21	1	97
SLC5A4	3	1	0	2	0	0	0	0	1
SLC5A4-AS1	21	11	4	5	6	2	11	0	2
SLC5A5	4	0	0	1	0	0	0	0	3
SLC5A6	78	45	8	27	11	29	9	0	24
SLC5A7	0	1	0	1	0	0	0	0	0
SLC5A8	3	0	0	0	0	1	0	0	1
SLC5A9	1	0	0	0	1	0	0	0	0
SLC66A1	21	11	4	6	2	10	7	0	14
SLC66A1L	6	2	0	0	1	1	1	0	4
SLC66A2	98	77	4	30	32	27	14	0	64
SLC66A3	4	2	0	4	1	2	1	0	7
SLC6A1	4	0	0	1	0	0	1	0	0
SLC6A1-AS1	1	0	0	0	0	0	0	0	0
SLC6A11	1	1	2	1	1	3	0	0	0
SLC6A12	2	1	0	1	0	0	0	0	0
SLC6A12-AS1	0	0	0	1	0	0	0	0	0
SLC6A13	2	0	0	1	1	0	1	0	0
SLC6A14	0	3	0	0	0	0	1	0	2
SLC6A15	186	73	13	65	19	50	14	0	40
SLC6A16	9	13	3	6	1	10	5	0	10
SLC6A17	3	1	0	0	0	0	0	0	0
SLC6A18	2	0	0	1	0	0	1	0	0
SLC6A19	5	1	1	1	0	1	3	0	1
SLC6A2	2	0	0	0	0	1	0	0	1
SLC6A20	3	2	0	2	1	2	2	0	0
SLC6A3	11	1	1	3	1	1	1	0	4
SLC6A4	7	24	1	7	3	4	5	0	6
SLC6A5	1	1	0	1	1	1	0	0	0
SLC6A6	861	687	104	309	229	313	190	0	460
SLC6A7	3	1	1	3	0	1	0	0	1
SLC6A8	201	70	21	76	21	51	20	1	57
SLC6A9	229	133	14	74	48	70	39	0	104
SLC7A1	1153	861	134	393	271	494	172	0	605
SLC7A10	1	1	0	0	0	0	0	0	0
SLC7A11	2993	1883	349	1144	700	1548	368	7	1841
SLC7A11-AS1	3	5	0	1	2	4	1	0	2
SLC7A13	7	5	0	3	0	0	5	0	0
SLC7A14	4	5	0	4	0	1	0	0	1
SLC7A2	515	366	85	222	114	290	64	1	313
SLC7A2-IT1	5	4	1	4	4	1	0	0	3
SLC7A5	3220	1917	432	1287	633	1143	623	8	1448
SLC7A5P2	34	8	6	11	4	4	3	0	5
SLC7A6	273	201	23	115	60	125	46	0	148
SLC7A6OS	69	43	10	32	17	42	11	0	47
SLC7A7	5	1	0	1	1	0	1	0	1
SLC7A8	2	2	0	2	0	0	1	0	1
SLC7A9	4	0	0	1	1	3	0	0	0
SLC8A1	21	16	2	11	1	4	3	0	3
SLC8A1-AS1	18	9	1	9	3	9	2	0	7
SLC8A2	7	2	0	7	5	9	1	0	3
SLC8A3	12	3	0	1	1	2	3	0	1
SLC8B1	57	33	0	22	9	16	9	0	20
SLC9A1	153	129	18	60	33	56	23	1	91
SLC9A2	15	11	1	4	2	3	0	0	6
SLC9A3	72	26	9	24	14	22	13	0	22
SLC9A3-AS1	88	53	12	22	20	20	12	1	46
SLC9A3P3	1	0	0	0	0	0	0	0	1
SLC9A3R1	155	139	27	65	40	77	31	0	121
SLC9A3R1-AS1	6	0	0	3	0	0	0	0	0
SLC9A3R2	88	41	13	36	16	21	20	0	39
SLC9A4	2	0	0	1	0	1	0	0	0
SLC9A5	29	17	3	6	8	6	2	0	13
SLC9A6	76	63	8	38	29	30	13	0	64
SLC9A7	43	24	3	13	8	28	1	0	21
SLC9A7P1	2	0	0	0	0	0	0	0	2
SLC9A8	120	78	25	49	30	40	23	0	69
SLC9A9	72	58	9	37	23	36	12	0	65
SLC9B1	12	11	1	0	0	1	2	0	5
SLC9B1P1	1	1	0	0	0	0	0	0	0
SLC9B1P2	1	0	0	0	0	0	0	0	0
SLC9B1P4	1	0	0	0	0	1	0	0	0
SLC9B2	76	58	5	39	19	53	12	0	47
SLC9C1	8	6	1	3	0	1	0	0	3
SLC9C2	4	0	0	1	0	3	1	0	3
SLCO1A2	7	0	0	1	0	2	1	0	4
SLCO1B1	29	24	9	8	6	10	4	0	26
SLCO1B3	8	0	0	1	0	6	0	0	3
SLCO1B3-SLCO1B7	430	230	46	151	102	182	40	0	218
SLCO1B7	1	0	0	0	1	1	0	0	1
SLCO1C1	162	301	58	108	111	280	68	1	512
SLCO2A1	462	145	20	128	45	65	67	1	77
SLCO2B1	4	3	1	2	0	0	0	0	1
SLCO3A1	1654	1171	223	624	449	731	276	1	853
SLCO4A1	388	214	40	117	68	103	63	0	129
SLCO4A1-AS1	1	0	0	0	0	0	0	0	0
SLCO4A1-AS2	3	1	1	1	0	1	0	0	0
SLCO4C1	4	2	0	1	0	2	1	0	0
SLCO5A1	338	157	17	135	34	82	41	0	336
SLCO5A1-AS1	1	1	0	0	0	1	0	0	1
SLCO6A1	5	3	0	5	1	1	1	0	6
SLF1	986	887	162	470	288	751	271	0	1019
SLF2	101	63	14	37	19	63	15	1	88
SLFN11	3	2	1	1	0	0	1	0	1
SLFN12	46	32	6	18	13	17	7	0	26
SLFN12L	6	2	0	0	2	1	0	0	1
SLFN13	6	5	0	3	0	4	4	0	2
SLFN14	1	0	0	0	1	1	0	0	0
SLFN5	101	50	8	32	18	31	14	1	33
SLFNL1	6	1	1	0	1	4	1	0	0
SLFNL1-AS1	98	96	10	39	33	46	15	0	79
SLIRP	137	78	13	53	34	74	20	1	89
SLIRPP2	1	0	0	0	0	0	0	0	0
SLIT1	23	9	0	5	4	7	4	0	7
SLIT2	116	44	5	40	14	23	3	0	26
SLIT3	32	15	1	14	6	6	1	0	6
SLIT3-AS1	1	2	0	1	0	0	0	0	0
SLIT3-AS2	0	0	0	0	0	0	0	0	1
SLITRK1	0	0	1	0	0	0	0	0	0
SLITRK2	0	1	0	0	0	0	0	0	0
SLITRK4	73	54	9	32	21	41	12	0	44
SLITRK5	61	52	17	24	15	41	20	0	77
SLITRK6	2	1	0	0	1	0	1	0	0
SLK	226	145	13	57	56	85	28	0	90
SLMAP	595	312	68	200	125	313	87	1	323
SLPI	43	45	3	31	11	13	9	1	23
SLTM	381	236	45	164	86	188	57	0	276
SLU7	93	54	5	35	22	41	15	0	51
SLX1A-SULT1A3	3	1	0	0	0	1	0	0	0
SLX1B-SULT1A4	1	1	0	0	1	0	0	0	0
SLX4	58	40	10	21	12	25	11	0	32
SLX4IP	154	110	17	62	28	78	33	0	114
SLX9	171	94	23	65	43	51	27	0	66
SMAD1	90	42	7	43	12	29	13	0	45
SMAD1-AS1	0	0	0	0	0	0	0	0	1
SMAD2	1272	1369	283	611	461	1226	308	1	1759
SMAD3	928	509	71	288	158	262	161	5	377
SMAD4	143	97	16	64	39	90	24	0	110
SMAD5	242	151	26	94	70	131	31	1	169
SMAD5-AS1	0	0	0	0	0	0	0	0	2
SMAD6	833	301	41	218	124	146	74	2	226
SMAD7	227	55	15	49	20	38	11	0	81
SMAD9	38	27	8	22	11	19	9	0	20
SMAD9-IT1	0	2	0	0	0	0	0	0	0
SMAGP	10	4	0	3	0	7	2	0	5
SMAP1	146	103	20	65	37	69	33	0	98
SMAP2	75	56	9	41	17	33	13	0	48
SMARCA1	242	185	25	92	72	105	54	0	138
SMARCA2	500	386	64	201	121	222	111	0	294
SMARCA2-AS1	0	1	0	0	0	0	0	0	0
SMARCA4	728	465	97	241	146	237	110	1	307
SMARCA5	414	233	42	163	91	151	44	0	169
SMARCA5-AS1	1	0	0	0	0	0	0	0	1
SMARCAD1	286	201	37	118	55	175	40	0	204
SMARCAD1-DT	4	5	0	1	0	0	0	0	1
SMARCAL1	61	49	13	20	6	29	11	0	34
SMARCAL1-AS1	0	2	0	0	0	0	0	0	0
SMARCB1	161	91	23	62	45	47	23	0	78
SMARCC1	1002	632	149	489	211	541	150	0	692
SMARCC2	119	98	15	60	27	59	33	0	81
SMARCD1	176	108	32	73	41	72	22	0	82
SMARCD2	64	55	10	30	15	15	9	0	26
SMARCD3	19	19	4	5	7	14	7	0	5
SMARCE1	96	77	15	50	24	41	15	0	51
SMC1A	521	377	72	248	136	242	118	0	339
SMC1B	8	4	1	1	2	4	3	0	6
SMC2	400	253	47	119	98	181	65	0	221
SMC2-DT	4	0	0	0	1	2	0	0	1
SMC3	258	165	34	86	75	116	36	1	191
SMC3P1	0	1	0	0	0	0	0	0	0
SMC4	940	667	124	357	235	530	166	1	650
SMC5	585	432	111	250	180	362	91	0	551
SMC5-DT	56	34	8	19	11	29	9	0	50
SMC6	177	140	23	69	37	111	29	0	136
SMCHD1	528	342	78	229	137	339	89	3	399
SMCO2	4	3	1	3	1	3	0	0	3
SMCO4	96	93	15	48	26	44	31	0	68
SMCP	0	1	0	0	0	0	0	0	0
SMCR2	0	0	0	0	0	0	0	0	1
SMCR8	177	72	14	55	20	43	20	0	67
SMDT1	24	16	1	9	3	12	2	0	16
SMG1	662	421	95	252	138	317	86	0	395
SMG1-DT	6	3	1	3	2	1	0	0	2
SMG1P1	2	0	0	1	0	2	0	0	1
SMG1P2	0	1	0	1	0	0	1	0	0
SMG1P3	34	36	7	17	7	8	6	0	18
SMG1P4	21	14	1	7	2	8	3	0	15
SMG1P5	34	19	2	18	4	19	7	0	26
SMG1P6	17	6	2	1	2	6	1	0	3
SMG1P7	45	36	5	15	10	26	1	0	53
SMG5	266	147	38	86	45	103	50	0	139
SMG6	421	279	70	198	108	221	93	0	257
SMG6-IT1	0	0	0	0	1	0	1	0	0
SMG7	373	203	52	171	67	182	48	0	219
SMG7-AS1	5	3	1	3	0	3	1	0	3
SMG8	49	14	4	18	6	19	1	0	10
SMG9	165	95	21	56	38	88	34	0	106
SMIM1	0	0	0	2	0	2	1	0	0
SMIM10	13	4	1	6	4	8	1	0	11
SMIM10L1	37	27	4	13	5	23	3	0	25
SMIM10L2A	0	0	0	0	0	1	0	0	0
SMIM10L2B	1	0	0	0	0	0	0	0	0
SMIM10L2B-AS1	1	2	0	0	0	1	0	0	0
SMIM11	0	0	0	0	0	1	0	0	0
SMIM12	62	59	16	25	26	29	8	0	37
SMIM13	165	81	13	60	27	48	19	1	76
SMIM14	48	48	9	27	10	45	16	0	71
SMIM14-DT	3	1	1	1	1	0	1	0	0
SMIM15	101	57	10	40	12	42	14	0	46
SMIM15-AS1	41	25	5	18	15	11	9	0	27
SMIM15P2	0	2	0	0	0	0	0	0	0
SMIM18	3	1	0	1	0	1	0	0	0
SMIM19	18	9	1	7	3	9	2	0	12
SMIM2	3	1	1	1	1	0	0	0	7
SMIM2-AS1	16	8	2	8	6	7	4	0	6
SMIM20	57	43	8	18	6	30	7	0	34
SMIM21	2	0	0	0	0	0	0	0	0
SMIM23	3	0	0	0	0	0	0	0	2
SMIM24	1	2	0	2	0	0	0	0	1
SMIM26	5	5	4	6	1	1	3	0	1
SMIM27	16	8	0	7	2	3	3	0	5
SMIM29	9	5	0	3	1	1	4	0	3
SMIM3	5	0	0	1	1	3	2	0	4
SMIM30	22	15	4	10	7	11	5	0	20
SMIM31	0	2	0	0	0	0	0	0	0
SMIM35	2	3	1	3	0	0	0	0	0
SMIM36	2	4	0	1	1	1	0	0	1
SMIM38	0	0	0	1	0	0	0	0	0
SMIM39	1	0	0	0	0	0	1	0	0
SMIM4	82	45	8	30	18	23	11	0	32
SMIM41	4	0	1	2	0	1	1	0	2
SMIM43	1	0	0	0	0	0	0	0	1
SMIM44	0	0	0	0	1	0	0	0	0
SMIM45	0	1	0	0	0	0	1	0	2
SMIM46	0	0	0	0	0	0	0	0	2
SMIM5	2	1	0	0	2	0	1	0	0
SMIM7	40	21	4	12	6	12	6	0	21
SMIM8	49	37	6	24	11	32	14	0	41
SMIM9	1	0	0	0	0	0	1	0	0
SMKR1	6	2	0	2	1	2	0	0	1
SMLR1	0	0	0	0	0	0	0	0	1
SMN1	13	7	2	4	3	2	0	1	3
SMN2	11	6	1	2	1	4	4	0	13
SMNDC1	122	62	11	50	28	51	13	0	48
SMO	3	3	0	1	0	0	1	0	1
SMOC1	3234	3147	539	1445	1096	1827	876	9	2477
SMOC2	24	16	6	7	6	5	3	0	6
SMOX	41	22	6	16	7	10	5	0	11
SMPD1	24	19	8	14	8	15	5	0	20
SMPD2	10	10	1	7	4	1	3	0	7
SMPD3	3	1	0	0	2	4	2	0	2
SMPD4	128	97	19	64	33	43	19	0	61
SMPD4BP	78	55	8	27	15	39	18	0	36
SMPD4P1	3	0	0	1	0	1	1	0	1
SMPD4P2	0	0	0	1	0	0	0	0	0
SMPD5	2	0	0	0	0	1	1	0	0
SMPDL3A	29	30	7	11	6	24	5	0	24
SMPDL3B	3	4	2	1	2	5	0	0	3
SMPX	3	1	0	0	0	0	0	0	1
SMR3B	3	0	1	0	0	1	1	0	0
SMS	448	204	49	152	78	155	46	0	169
SMTN	93	66	12	36	18	40	21	0	58
SMTNL1	1	1	0	0	0	0	0	0	0
SMTNL2	1	1	0	0	0	0	0	0	0
SMU1	412	281	58	188	96	187	74	2	253
SMU1P1	1	0	0	0	0	0	0	0	0
SMUG1	82	45	8	21	12	35	17	0	42
SMURF1	457	272	41	174	113	195	72	1	204
SMURF2	247	125	25	94	52	143	39	0	194
SMYD1	3	3	0	0	0	0	0	0	0
SMYD2	149	111	21	54	28	62	24	0	83
SMYD3	3392	2143	418	1374	799	1711	563	3	1922
SMYD3-AS1	1	0	0	0	0	0	0	0	0
SMYD3-IT1	2	1	1	0	1	2	1	0	2
SMYD4	71	70	14	38	20	37	19	0	62
SMYD5	50	32	3	20	4	10	4	0	11
SNAI1	111	18	6	20	7	15	8	0	8
SNAI2	27	4	0	6	2	4	2	0	10
SNAI3	0	0	0	0	0	1	0	0	0
SNAI3-AS1	16	15	4	5	7	14	4	0	15
SNAP23	66	45	10	38	11	52	14	0	58
SNAP25	200	236	57	109	87	200	99	1	326
SNAP25-AS1	37	22	5	14	6	21	2	0	31
SNAP29	56	28	9	19	15	23	7	0	34
SNAP47	113	84	22	49	26	43	23	0	42
SNAP91	12	4	0	5	3	1	0	0	2
SNAPC1	61	37	9	24	14	23	7	0	32
SNAPC2	14	9	0	4	2	4	0	0	9
SNAPC3	224	156	28	119	76	122	38	0	177
SNAPC4	280	142	34	82	38	82	35	0	90
SNAPC5	47	45	8	25	17	28	6	0	31
SNAPIN	22	19	3	11	4	11	3	0	11
SNCA	373	309	59	176	120	283	86	1	266
SNCA-AS1	2	2	0	2	0	0	0	0	0
SNCAIP	6	3	0	1	0	1	2	0	4
SNCB	1	1	0	0	0	1	0	0	1
SNCG	11	14	3	11	4	4	5	0	9
SND1	3146	1835	356	1094	703	1280	444	6	1544
SND1-DT	3	2	0	3	0	2	0	0	5
SND1-IT1	31	25	8	6	7	15	7	0	10
SNED1	103	136	26	55	48	106	35	0	135
SNED1-AS1	4	3	0	3	1	1	0	0	2
SNF8	93	65	12	43	22	43	15	0	49
SNF8P1	0	1	0	0	0	0	0	0	0
SNHG1	16426	14747	1080	7140	3708	3511	2837	22	4715
SNHG10	855	1125	45	301	292	127	232	0	186
SNHG11	85	53	7	30	17	10	15	0	20
SNHG12	1409	1324	66	620	380	139	271	1	225
SNHG14	493	383	46	190	103	230	88	2	286
SNHG15	1154	827	71	610	208	108	193	4	194
SNHG16	770	594	55	325	148	168	107	1	234
SNHG17	1860	1595	138	891	489	305	371	0	468
SNHG18	2	0	0	0	1	0	0	0	1
SNHG19	414	280	30	160	61	70	55	1	93
SNHG20	24	14	3	3	6	11	5	0	15
SNHG21	19	7	1	7	6	10	0	0	4
SNHG22	82	52	11	23	16	38	9	0	45
SNHG25	2230	2395	154	1070	562	303	509	7	460
SNHG26	294	247	18	109	61	70	28	0	77
SNHG27	1	1	0	0	0	1	0	0	0
SNHG28	4	2	2	2	0	1	3	0	1
SNHG29	4347	4605	331	1841	1018	1060	863	6	1510
SNHG3	288	197	39	110	63	126	36	0	146
SNHG30	85	75	4	28	17	17	8	0	22
SNHG31	222	157	32	94	78	143	49	1	187
SNHG32	879	875	33	307	104	58	178	1	163
SNHG4	138	89	12	62	33	58	15	0	59
SNHG5	2222	1387	150	905	394	683	241	3	682
SNHG6	249	72	14	48	19	52	12	0	62
SNHG7	812	589	60	408	192	79	163	1	131
SNHG8	765	1146	37	418	277	95	172	1	121
SNHG9	472	657	39	253	215	29	143	0	73
SNIP1	83	32	10	18	12	21	4	0	46
SNN	28	22	4	6	5	12	7	0	10
SNORA1	150	139	6	55	51	13	27	0	30
SNORA10	886	844	53	303	214	96	157	1	133
SNORA10B	0	0	0	1	0	0	0	0	0
SNORA11	7	22	1	4	0	3	4	0	3
SNORA11B	10	5	0	2	2	3	1	0	2
SNORA11F	26	24	2	5	5	8	10	0	4
SNORA12	77	63	6	15	29	10	21	0	17
SNORA13	339	376	12	147	116	40	70	1	48
SNORA14A	33	26	2	12	7	7	11	0	6
SNORA14B	226	222	15	70	44	43	45	3	43
SNORA15	5	8	0	2	0	1	1	0	1
SNORA16A	1223	1313	47	543	315	93	271	3	196
SNORA16B	1	0	0	0	0	0	1	0	0
SNORA17A	381	262	18	200	97	36	74	0	52
SNORA17B	231	260	7	104	61	26	30	2	42
SNORA18	584	486	21	216	106	70	76	1	83
SNORA19	300	320	20	98	54	60	91	0	53
SNORA1B	1	0	0	1	0	0	1	0	0
SNORA20	139	134	6	61	41	19	23	0	32
SNORA20B	22	24	1	6	9	3	6	0	2
SNORA21	332	325	12	110	64	44	64	0	49
SNORA21B	16	18	1	14	7	8	3	0	9
SNORA22	30	68	4	19	10	5	14	0	10
SNORA22B	2	7	0	0	4	0	1	0	1
SNORA22C	8	13	0	2	2	3	2	0	4
SNORA23	191	129	8	55	32	43	43	0	41
SNORA24	1052	1304	47	363	323	114	255	2	139
SNORA24B	25	31	1	5	6	1	2	0	4
SNORA25	809	995	36	328	255	73	150	1	128
SNORA27	464	461	32	153	129	70	89	1	99
SNORA28	135	179	8	67	47	20	30	0	27
SNORA29	2	0	0	0	1	0	1	0	0
SNORA2A	117	126	6	43	31	13	30	1	17
SNORA2B	114	101	7	38	24	13	25	0	19
SNORA2C	627	838	29	292	214	44	104	1	75
SNORA30	23	37	3	7	4	1	6	0	2
SNORA30B	2	5	0	3	0	0	1	0	0
SNORA31	274	273	13	111	98	24	62	0	34
SNORA32	429	453	26	215	127	68	81	1	88
SNORA33	546	742	16	265	148	93	153	1	83
SNORA36A	82	124	5	28	26	30	18	0	28
SNORA36B	37	51	1	15	14	13	14	0	14
SNORA36C	6	5	0	6	3	1	0	0	1
SNORA37	73	100	6	48	29	13	13	0	16
SNORA38	111	60	6	38	17	16	18	0	26
SNORA38B	42	21	2	10	10	6	7	0	5
SNORA3A	84	67	6	31	23	7	11	0	22
SNORA3B	487	575	37	196	97	91	122	0	113
SNORA3C	2	0	1	0	1	0	1	0	0
SNORA4	328	328	14	111	91	47	58	0	61
SNORA40	127	118	2	40	35	13	14	0	33
SNORA40B	11	8	1	3	2	1	2	0	0
SNORA40C	0	2	0	0	0	0	0	0	0
SNORA41	166	237	6	85	55	24	43	0	29
SNORA41B	1	0	0	0	1	0	1	0	0
SNORA44	693	613	36	239	177	84	134	1	108
SNORA46	70	64	3	21	13	10	14	0	13
SNORA47	27	33	3	13	7	3	14	0	9
SNORA48	1666	1835	78	746	547	199	386	2	241
SNORA48B	4	4	0	1	2	0	0	0	0
SNORA49	44	39	2	15	11	7	3	0	6
SNORA50A	68	65	5	22	14	5	19	0	18
SNORA51	137	174	11	64	51	24	34	1	32
SNORA52	90	61	3	34	17	17	16	0	18
SNORA53	147	91	5	38	23	12	24	0	21
SNORA54	341	341	18	116	69	53	77	0	69
SNORA55	155	106	3	50	35	13	22	0	19
SNORA56	61	51	3	25	15	9	11	0	10
SNORA57	388	566	15	148	154	44	89	1	62
SNORA58	40	40	4	19	11	5	13	0	7
SNORA58B	56	49	2	25	12	5	8	0	8
SNORA59B	0	1	0	0	1	0	1	0	1
SNORA5A	106	124	14	49	19	19	29	1	20
SNORA5B	1	1	0	2	1	1	0	0	1
SNORA5C	47	41	0	14	8	5	3	0	6
SNORA6	410	474	17	135	109	34	83	2	56
SNORA61	468	420	27	194	107	60	88	0	94
SNORA62	588	639	22	213	133	58	116	0	93
SNORA63	1464	1298	80	561	349	145	287	4	238
SNORA63B	156	159	12	64	42	18	31	0	38
SNORA63C	4	2	0	3	0	1	0	0	1
SNORA63D	6	9	0	2	1	1	2	0	3
SNORA63E	8	19	1	10	2	2	5	0	3
SNORA64	597	481	32	220	121	74	118	0	98
SNORA65	996	943	80	455	255	197	225	2	255
SNORA66	302	370	10	170	122	38	63	1	49
SNORA68	2261	2673	106	894	717	174	521	6	334
SNORA68B	1	1	0	0	0	0	1	0	0
SNORA69	94	92	4	37	21	10	24	0	15
SNORA70	162	159	7	56	28	13	31	0	23
SNORA70B	2	0	0	0	1	0	0	0	0
SNORA70H	3	1	0	0	0	0	2	0	0
SNORA70I	4	9	0	2	1	0	1	0	1
SNORA71B	1105	830	85	775	320	197	216	2	263
SNORA71D	317	363	15	206	123	45	86	1	72
SNORA72	456	344	23	140	93	61	81	1	71
SNORA73	21	14	0	3	6	0	4	0	4
SNORA73A	6162	7600	274	2059	1926	680	1432	12	943
SNORA73B	4276	4733	219	1276	1131	582	915	5	890
SNORA74	1	0	0	2	0	0	0	0	0
SNORA74A	356	315	14	101	81	42	57	0	55
SNORA74B	52	48	1	21	11	4	8	0	10
SNORA74C-2	2	13	0	5	3	1	2	0	0
SNORA74D	215	185	9	78	56	26	51	1	41
SNORA75	325	303	5	111	76	46	66	1	60
SNORA75B	0	0	0	2	0	0	0	0	0
SNORA77	20	17	2	8	3	3	4	0	7
SNORA77B	400	350	18	133	87	37	96	1	64
SNORA78	156	168	11	66	50	13	57	0	18
SNORA79	54	66	5	20	14	11	9	0	14
SNORA79B	176	153	6	49	39	23	25	2	26
SNORA7B	51	62	1	17	18	8	15	0	7
SNORA8	1030	1086	43	345	315	129	185	3	205
SNORA80A	189	179	6	70	55	22	28	0	22
SNORA80B	184	119	6	54	29	13	30	0	18
SNORA80C	9	4	0	3	0	0	0	0	2
SNORA80D	46	33	1	14	2	1	10	0	7
SNORA80E	147	146	6	43	43	11	40	1	16
SNORA81	596	655	18	170	140	90	121	0	114
SNORA84	226	192	9	84	67	29	48	0	34
SNORA9B	14	10	0	8	1	4	3	0	4
SNORC	36	26	1	15	10	23	4	0	22
SNORD10	440	390	17	137	75	44	58	1	56
SNORD100	963	766	40	317	187	118	153	1	191
SNORD101	1408	1416	59	383	347	182	303	6	166
SNORD102	679	747	27	259	143	118	118	1	133
SNORD104	317	379	20	91	83	43	62	0	60
SNORD105	279	255	36	130	65	131	48	1	171
SNORD105B	253	248	26	144	51	69	60	1	92
SNORD109A	0	0	0	0	0	0	0	0	1
SNORD11	353	313	17	111	86	71	44	1	70
SNORD110	215	152	14	83	40	71	34	1	59
SNORD111	107	79	4	45	20	23	8	0	27
SNORD111B	267	307	10	108	40	21	44	0	46
SNORD112	21	47	0	12	4	9	7	0	5
SNORD113-2	1	0	0	0	0	0	0	0	1
SNORD113-3	15	14	1	6	0	1	5	0	7
SNORD113-5	35	42	0	17	4	5	10	0	1
SNORD113-6	40	28	3	22	10	8	11	0	10
SNORD113-7	42	59	2	16	11	10	9	0	9
SNORD113-8	24	43	1	8	11	8	10	0	4
SNORD113-9	23	24	0	8	7	1	6	0	8
SNORD114-1	19	22	3	10	9	3	5	0	9
SNORD114-10	1	0	0	1	0	0	0	0	1
SNORD114-11	10	10	1	5	3	2	2	0	1
SNORD114-12	16	23	0	6	5	2	1	0	0
SNORD114-14	7	3	2	8	0	5	0	0	5
SNORD114-15	24	25	1	9	1	4	3	0	2
SNORD114-16	0	1	0	0	0	1	0	0	0
SNORD114-17	29	30	2	12	12	3	3	0	4
SNORD114-18	1	0	0	0	0	0	0	0	0
SNORD114-19	0	1	0	0	0	0	0	0	0
SNORD114-2	1	1	0	0	0	2	0	0	0
SNORD114-20	17	16	2	9	4	5	2	0	4
SNORD114-21	14	33	3	6	0	6	7	0	12
SNORD114-22	71	76	3	12	11	6	16	1	15
SNORD114-23	19	15	0	7	5	7	2	0	5
SNORD114-24	0	0	0	0	1	0	0	0	0
SNORD114-25	37	41	1	23	10	7	6	0	10
SNORD114-3	30	48	4	17	5	7	6	0	7
SNORD114-4	1	0	0	0	0	0	0	0	0
SNORD114-5	0	1	0	1	0	0	1	0	0
SNORD114-6	0	7	0	0	2	1	0	0	0
SNORD114-7	1	0	0	0	0	0	0	0	0
SNORD114-9	30	37	0	14	4	15	3	0	7
SNORD116-1	11	14	0	0	3	3	3	0	3
SNORD116-11	10	4	1	2	0	3	0	0	2
SNORD116-12	2	7	0	4	1	0	1	0	0
SNORD116-13	3	2	0	0	0	0	2	0	1
SNORD116-14	25	31	3	8	3	10	5	0	7
SNORD116-15	29	44	2	12	8	10	2	0	6
SNORD116-16	6	10	2	2	1	1	4	0	4
SNORD116-17	1	0	0	0	0	0	1	0	0
SNORD116-18	5	3	0	1	1	1	1	0	0
SNORD116-19	5	4	0	1	0	1	1	0	0
SNORD116-2	4	1	1	0	2	1	1	0	1
SNORD116-22	7	7	1	4	2	4	3	0	3
SNORD116-23	9	12	1	4	2	2	1	0	2
SNORD116-24	30	28	3	10	10	7	10	0	7
SNORD116-25	9	25	2	2	2	0	6	0	6
SNORD116-26	9	23	0	2	1	2	1	0	2
SNORD116-27	9	5	0	1	3	3	1	0	0
SNORD116-29	10	5	0	0	4	1	1	0	0
SNORD116-30	0	0	0	0	0	0	1	0	0
SNORD116-4	3	2	0	1	0	0	0	0	1
SNORD116-6	2	1	0	0	2	1	0	0	0
SNORD116-7	0	0	0	0	1	0	0	0	0
SNORD116-8	4	6	0	6	1	2	1	0	1
SNORD117	123	90	11	32	27	18	26	0	24
SNORD11B	396	434	15	131	106	58	63	0	81
SNORD121A	128	136	9	62	30	17	27	1	23
SNORD121B	246	229	16	79	56	29	47	2	36
SNORD123	1	1	0	0	1	1	0	0	0
SNORD124	42	58	1	7	8	5	11	0	9
SNORD126	127	121	6	62	37	16	28	0	20
SNORD127	126	107	8	51	25	26	21	0	33
SNORD12B	2706	2668	143	1051	614	458	440	6	595
SNORD12C	1756	1823	96	588	418	225	309	6	279
SNORD13	1804	1273	128	569	278	302	320	0	523
SNORD13D	0	0	0	0	1	0	0	0	0
SNORD13E	1	0	0	0	0	0	1	0	0
SNORD13P3	6	4	0	0	0	0	2	0	0
SNORD14A	153	88	13	62	16	41	22	0	38
SNORD14B	163	125	6	46	26	15	13	0	37
SNORD14C	407	362	29	121	87	71	75	0	93
SNORD14D	46	29	9	12	9	10	6	1	13
SNORD14E	512	284	25	124	71	101	73	1	108
SNORD15A	285	199	12	82	51	31	46	2	38
SNORD15B	433	344	20	132	71	57	76	0	74
SNORD16	272	278	10	82	53	44	57	0	61
SNORD17	172	108	7	36	36	15	22	0	24
SNORD18	0	3	0	1	0	0	0	0	1
SNORD18A	559	541	16	210	115	95	98	0	122
SNORD18B	948	904	25	276	195	128	138	3	139
SNORD18C	520	475	16	131	113	76	62	1	87
SNORD19	2	0	0	0	0	0	0	0	2
SNORD19B	294	283	23	89	77	101	48	0	127
SNORD19C	119	107	6	32	27	24	15	0	30
SNORD1A	342	395	5	102	73	40	59	1	57
SNORD1B	578	460	15	191	100	96	72	1	104
SNORD2	553	553	30	202	110	88	79	1	95
SNORD20	413	414	16	150	97	46	69	0	64
SNORD21	239	125	16	60	26	32	29	0	54
SNORD23	44	64	2	8	5	2	11	0	4
SNORD24	1117	711	63	334	152	189	167	2	221
SNORD26	1840	1227	114	515	361	460	224	7	517
SNORD31B	0	4	0	1	0	0	0	0	1
SNORD32A	842	650	57	279	181	220	127	2	234
SNORD32B	2	0	0	0	0	1	0	0	0
SNORD33	673	691	58	241	146	163	138	0	188
SNORD34	1452	1072	114	566	245	321	249	3	468
SNORD35A	391	396	23	110	91	67	102	1	94
SNORD35B	280	344	16	93	72	35	57	1	42
SNORD36	6	3	1	1	0	2	0	0	1
SNORD36A	193	234	16	63	41	40	35	1	38
SNORD36B	482	484	39	134	90	131	54	0	125
SNORD36C	614	632	24	155	134	63	103	1	80
SNORD37	171	130	6	42	35	37	23	0	31
SNORD38A	208	167	7	50	39	23	32	0	35
SNORD38B	386	356	18	101	58	40	74	1	82
SNORD38C	1	0	0	0	0	0	0	0	1
SNORD38D	1	0	0	0	0	0	0	0	0
SNORD39	2	5	1	0	2	1	0	0	2
SNORD3A	193	84	241	23	28	614	969	8	37
SNORD3B-1	68	92	17	13	6	19	29	0	29
SNORD3B-2	15	12	7	3	2	11	2	0	8
SNORD3C	379	117	0	35	40	3	8	0	36
SNORD3G	4	1	1	5	0	1	2	0	0
SNORD3H	1	0	0	1	0	0	0	0	0
SNORD3P1	8	1	0	1	0	0	0	0	2
SNORD41	95	58	10	25	16	25	11	0	32
SNORD42	0	0	0	0	1	0	0	0	1
SNORD42A	267	284	17	108	74	57	39	2	68
SNORD42B	262	463	22	129	92	50	53	0	71
SNORD43	265	244	18	75	45	42	38	0	64
SNORD45A	1201	1453	57	353	283	147	255	0	179
SNORD45B	496	694	42	170	113	116	82	3	152
SNORD45C	636	1164	23	193	174	66	141	2	106
SNORD46	560	553	40	233	121	84	108	2	136
SNORD48	249	215	14	92	38	31	43	0	40
SNORD49A	321	275	22	116	69	50	51	1	73
SNORD49B	53	37	1	14	10	7	4	0	11
SNORD4A	438	525	16	139	99	65	104	4	83
SNORD4B	303	348	14	109	68	64	45	1	85
SNORD5	1106	890	53	334	241	189	153	1	230
SNORD50B	248	168	16	89	56	51	32	0	52
SNORD51	2	4	0	0	1	0	2	0	1
SNORD53	124	97	5	30	17	21	17	0	22
SNORD53B	128	135	11	35	23	25	21	0	11
SNORD54	240	228	13	61	57	35	58	2	42
SNORD55	330	168	34	93	47	96	39	1	99
SNORD56	95	68	5	47	22	20	18	0	18
SNORD56B	1	0	0	0	0	0	0	0	0
SNORD57	171	106	13	70	29	80	20	0	74
SNORD58	1	0	1	0	0	0	1	0	0
SNORD58A	312	279	18	79	54	65	64	1	55
SNORD58C	298	346	15	101	83	62	47	2	50
SNORD59A	213	227	17	72	56	33	53	0	66
SNORD6	2514	1712	143	953	415	487	374	1	583
SNORD60	407	280	20	114	61	70	56	1	73
SNORD61	207	250	10	77	59	52	29	0	75
SNORD62	0	0	0	0	1	0	0	0	0
SNORD62A	4	9	0	0	1	0	3	0	1
SNORD62B	2	0	1	1	0	0	0	0	1
SNORD63	447	558	19	91	60	17	83	2	47
SNORD63B	11	15	0	9	2	0	2	0	2
SNORD65	1076	1167	61	344	248	184	232	6	231
SNORD65B	27	15	1	2	5	2	5	0	7
SNORD66	251	296	17	86	45	32	33	0	31
SNORD67	177	248	6	57	42	12	41	0	13
SNORD68	440	324	36	176	86	120	67	0	173
SNORD69	349	303	29	124	72	40	83	1	55
SNORD7	32	29	0	10	2	0	8	0	0
SNORD70	311	294	20	98	52	72	60	2	89
SNORD70B	321	268	20	107	60	57	34	1	77
SNORD71	54	60	4	21	20	12	10	0	9
SNORD72	875	756	38	319	145	140	165	2	169
SNORD73A	436	336	17	141	83	121	64	0	118
SNORD73B	1	2	0	1	0	1	1	0	1
SNORD8	30	19	0	10	7	6	8	0	3
SNORD81	24	13	1	9	2	2	3	0	0
SNORD82	599	836	39	204	63	54	148	3	141
SNORD83A	496	331	24	148	77	67	63	1	88
SNORD83B	739	605	46	247	120	122	107	2	164
SNORD84	189	197	7	40	43	28	40	0	39
SNORD86	9	11	1	6	3	4	5	1	2
SNORD87	1400	919	97	579	221	240	172	1	393
SNORD88A	625	572	43	258	141	62	114	2	124
SNORD88B	25	5	2	2	7	3	3	0	1
SNORD88C	378	371	28	176	97	51	71	1	75
SNORD89	68	96	7	26	17	15	20	0	19
SNORD9	42	43	0	7	11	5	6	0	6
SNORD90	114	134	8	35	22	21	24	0	29
SNORD91A	222	203	4	87	34	27	42	0	33
SNORD91B	255	221	18	72	37	55	44	1	75
SNORD92	215	189	13	57	40	35	35	3	25
SNORD93	161	175	5	40	33	16	21	0	18
SNORD94	38	63	3	14	12	2	8	0	8
SNORD95	275	154	21	115	43	50	30	1	68
SNORD96A	728	742	58	294	151	197	146	1	249
SNORD96B	5	7	0	0	1	1	1	0	1
SNORD97	417	494	34	172	116	117	58	0	133
SNORD98	80	96	3	24	20	8	16	0	12
SNORD99	360	373	14	126	89	59	58	1	69
SNPH	15	12	4	2	5	4	4	0	3
SNRK	140	115	17	58	35	78	25	0	116
SNRK-AS1	2	3	0	0	1	3	0	0	5
SNRNP200	497	317	60	208	113	216	109	1	305
SNRNP25	43	27	4	15	11	20	8	0	28
SNRNP27	40	26	4	19	11	22	5	0	31
SNRNP35	22	18	5	17	8	20	5	0	26
SNRNP40	203	154	32	86	44	97	27	0	149
SNRNP48	123	60	18	78	30	61	22	0	86
SNRNP70	553	360	64	208	100	175	103	0	251
SNRPA	181	96	22	69	30	79	24	0	64
SNRPA1	85	78	19	60	31	48	18	0	67
SNRPA1-DT	4	3	1	0	1	2	2	0	5
SNRPB	838	895	56	331	208	181	134	7	222
SNRPB2	64	32	11	27	16	21	10	0	25
SNRPC	87	56	13	38	24	39	13	0	52
SNRPCP19	0	0	0	2	0	0	0	0	0
SNRPCP4	1	0	0	0	0	0	0	0	0
SNRPD1	155	102	15	82	37	88	15	0	86
SNRPD2	104	77	13	64	18	47	29	0	73
SNRPD2P1	0	3	1	0	0	0	0	0	0
SNRPD2P2	0	1	0	0	0	0	0	0	0
SNRPD3	68	36	5	36	10	29	8	0	40
SNRPE	113	78	11	53	22	42	15	0	61
SNRPEP10	0	0	0	0	1	0	0	0	0
SNRPEP3	0	0	0	1	0	0	0	0	0
SNRPEP4	2	0	0	0	0	0	0	0	0
SNRPEP9	1	0	0	1	0	0	0	0	0
SNRPF	122	58	11	46	30	46	13	0	45
SNRPF-DT	9	5	0	2	1	1	0	0	1
SNRPFP1	1	0	0	0	0	0	0	0	0
SNRPG	85	78	13	35	26	64	18	0	68
SNRPGP15	1	0	0	0	0	0	0	0	0
SNRPGP2	0	1	0	0	0	0	0	0	2
SNRPGP3	1	0	0	0	0	0	0	0	0
SNRPN	60	43	9	20	16	24	11	0	40
SNTA1	21	14	5	8	4	10	6	0	8
SNTB1	83	52	10	32	23	39	17	0	47
SNTB2	146	102	26	65	32	98	35	0	146
SNTG1	38	26	6	16	5	11	4	0	25
SNTG2	19	6	2	6	3	2	1	0	5
SNTG2-AS1	0	0	0	0	0	1	0	0	0
SNTN	0	0	0	2	0	1	0	0	0
SNU13	197	106	25	95	36	94	22	0	95
SNUPN	68	35	3	22	5	21	12	0	30
SNURF	1	1	0	0	2	1	0	0	2
SNW1	134	80	12	44	28	63	21	0	96
SNX1	236	185	30	90	53	105	36	0	152
SNX10	3	2	0	0	1	1	2	0	3
SNX10-AS1	1	0	0	1	0	1	0	0	0
SNX11	25	14	3	8	6	14	7	0	19
SNX12	105	55	15	39	15	30	21	0	50
SNX13	378	225	36	157	74	222	63	0	214
SNX14	73	51	8	23	13	35	15	0	36
SNX15	5	5	0	3	0	8	1	0	8
SNX16	47	30	6	10	15	24	8	1	35
SNX17	63	40	4	29	13	22	14	0	21
SNX18	34	18	5	15	9	17	11	0	17
SNX18P12	0	1	0	0	0	0	0	0	0
SNX18P26	1	0	0	1	0	0	0	0	0
SNX18P3	0	0	1	1	0	0	0	0	0
SNX18P7	8	1	1	3	2	2	2	0	3
SNX19	161	145	25	82	55	96	49	0	139
SNX19P1	1	0	0	0	0	0	0	0	0
SNX19P2	0	0	0	0	0	1	0	0	0
SNX2	104	71	11	53	22	68	16	1	101
SNX20	3	2	0	3	0	0	1	0	0
SNX21	20	13	2	5	2	8	7	0	11
SNX22	4	2	0	0	0	1	0	0	1
SNX24	163	101	9	65	39	102	30	1	98
SNX25	191	113	19	75	37	67	25	1	132
SNX25P1	3	0	0	0	1	0	1	0	1
SNX27	217	109	21	93	38	104	28	0	118
SNX29	375	388	52	154	116	173	95	0	290
SNX29P1	0	1	0	0	0	0	0	0	0
SNX3	156	85	16	73	31	66	13	0	88
SNX30	59	45	5	29	11	23	12	0	27
SNX30-DT	2	1	0	2	1	2	0	0	0
SNX31	2	2	0	0	0	0	1	0	3
SNX32	1	0	0	0	0	0	0	0	1
SNX33	69	40	2	24	16	18	12	0	30
SNX4	110	83	20	62	21	54	21	1	77
SNX5	436	301	71	176	116	209	70	2	267
SNX5P2	0	0	1	0	0	0	0	0	1
SNX6	149	100	14	53	36	69	27	0	95
SNX7	85	62	2	35	17	50	23	0	62
SNX8	148	99	21	59	27	50	22	1	97
SNX9	373	273	64	142	79	220	67	1	302
SOAT1	570	585	100	261	178	406	164	1	656
SOAT2	5	2	0	2	0	1	0	0	0
SOBP	63	68	7	32	11	32	18	0	42
SOCS1	55	11	1	13	5	4	1	0	2
SOCS2	13	3	0	0	1	3	0	0	0
SOCS2-AS1	5	3	0	2	0	1	0	0	1
SOCS3	189	90	22	82	39	71	29	0	76
SOCS3-DT	9	19	9	6	7	15	2	0	25
SOCS4	133	87	20	50	28	71	15	0	122
SOCS5	208	167	39	89	57	164	26	2	193
SOCS5P4	2	0	0	0	2	0	1	0	1
SOCS6	155	118	23	65	41	90	15	1	143
SOCS6P1	1	0	0	0	0	0	1	0	0
SOCS7	107	56	16	45	20	44	29	1	82
SOD1	234	130	21	97	33	76	40	0	97
SOD1-DT	0	0	0	1	0	2	0	0	2
SOD1P1	0	0	0	0	0	0	0	0	1
SOD1P3	2	0	0	0	0	0	0	0	0
SOD2	492	212	33	151	70	142	34	1	198
SOD2-OT1	0	1	0	0	0	0	1	0	0
SOGA1	334	221	44	135	77	134	86	2	194
SOHLH1	0	0	0	2	0	0	0	0	0
SOHLH2	0	2	0	0	0	0	0	0	0
SON	807	466	83	310	167	348	118	0	441
SORBS1	27	21	4	17	5	13	9	0	23
SORBS2	969	879	191	456	334	696	294	3	1041
SORBS3	46	22	10	21	13	21	12	0	17
SORCS1	24	17	2	9	3	6	5	0	2
SORCS2	235	478	85	484	172	206	197	1	313
SORCS3	37	14	5	11	5	6	5	0	10
SORD	134	70	12	50	16	41	23	0	40
SORD2P	4	7	2	2	1	6	3	0	1
SORL1	88	57	6	38	10	29	24	0	38
SORL1-AS1	1	0	0	0	0	1	1	0	0
SORT1	41	40	9	23	21	25	13	0	44
SOS1	220	140	37	110	47	129	44	0	216
SOS1-IT1	0	1	1	0	0	0	0	0	3
SOS2	107	102	17	43	29	71	19	0	124
SOSTDC1	3	2	0	0	0	0	0	0	2
SOWAHA	0	0	0	0	0	0	0	0	1
SOWAHC	144	57	8	54	17	41	7	0	27
SOWAHD	0	0	0	0	0	0	0	0	1
SOX1	8	6	0	3	1	1	3	0	2
SOX1-OT	2	1	0	4	0	2	2	0	1
SOX10	4	0	0	2	0	0	0	0	0
SOX11	3	0	0	1	0	0	0	0	1
SOX12	37	26	16	16	7	17	16	0	29
SOX13	88	36	5	21	9	16	10	0	31
SOX14	0	0	0	1	0	1	0	0	0
SOX15	1	0	0	1	0	0	0	0	1
SOX17	11	3	0	2	0	1	2	0	1
SOX18	1	2	0	1	0	1	2	0	3
SOX2	2	0	0	1	1	0	3	0	0
SOX2-OT	631	881	41	354	161	75	110	1	128
SOX21	1	1	0	0	0	0	0	0	0
SOX21-AS1	3	2	0	1	3	0	2	0	1
SOX3	1	0	0	0	0	0	0	0	0
SOX30	3	3	0	1	0	4	0	0	0
SOX4	190	115	25	92	42	83	32	0	104
SOX5	41	29	2	11	11	14	3	0	17
SOX5-AS1	0	0	0	0	0	0	0	0	1
SOX6	40	20	1	11	4	16	7	0	28
SOX7	10	7	2	2	2	4	1	0	2
SOX8	1	3	0	1	0	1	1	0	1
SOX9	72	48	9	25	11	30	6	0	21
SOX9-AS1	2	1	0	0	1	0	1	0	0
SP1	245	179	42	145	67	129	58	0	171
SP100	187	98	10	84	36	80	29	0	90
SP110	46	23	5	20	10	22	6	0	23
SP140	5	5	0	2	2	0	0	0	0
SP140L	76	50	10	26	18	24	14	0	48
SP2	83	58	12	28	23	39	14	1	61
SP2-AS1	26	16	5	5	4	15	4	0	21
SP2-DT	4	3	1	1	0	2	3	0	5
SP3	405	285	52	166	97	263	75	1	389
SP4	133	126	21	72	49	106	22	0	201
SP5	1	0	0	0	0	0	0	0	0
SP6	16	15	1	7	4	5	2	0	9
SP7	2	1	0	1	0	1	0	0	0
SP8	6	3	1	1	0	1	0	0	0
SP9	2	1	0	0	0	1	1	0	0
SPA17	3	7	1	3	1	1	1	0	2
SPAAR	4	3	0	2	0	2	1	0	0
SPACA1	1	0	0	0	0	0	0	0	0
SPACA3	4	1	0	1	0	1	0	0	2
SPACA6	68	52	17	25	20	39	14	0	57
SPACA6-AS1	4	2	0	0	0	0	2	0	2
SPACA7	2	1	0	0	1	1	0	0	0
SPACA9	4	3	0	1	0	1	3	0	0
SPACDR	3	0	0	0	0	0	1	0	3
SPAG1	64	40	8	23	11	17	14	0	27
SPAG16	231	161	30	88	65	119	49	0	206
SPAG16-DT	1	1	0	1	0	0	0	0	1
SPAG17	5	3	1	3	1	2	4	0	1
SPAG4	8	14	1	0	6	4	2	0	9
SPAG5	128	83	12	39	23	57	26	0	65
SPAG5-AS1	8	5	1	2	1	0	0	0	2
SPAG6	2	5	0	2	0	4	1	0	1
SPAG7	95	56	11	30	19	22	13	0	43
SPAG8	3	1	1	0	2	2	4	0	0
SPAG9	609	320	57	204	110	279	90	2	376
SPAM1	2	2	0	0	0	0	0	0	1
SPANXA2-OT1	46	28	8	20	6	19	9	0	38
SPANXC	0	0	0	0	0	1	0	0	0
SPANXN1	1	0	0	0	0	0	0	0	0
SPANXN2	0	0	0	1	0	0	0	0	0
SPANXN5	0	0	0	1	0	0	0	0	0
SPARC	1	0	0	1	1	0	0	0	0
SPARCL1	6	6	0	0	6	3	1	0	2
SPART	207	138	31	85	40	101	37	0	132
SPART-AS1	13	12	0	5	3	6	2	0	11
SPAST	79	69	7	34	29	51	10	0	85
SPATA1	4	2	0	0	0	1	2	0	2
SPATA12	1	1	1	0	0	1	0	0	1
SPATA13	35	19	5	10	5	9	4	0	13
SPATA16	7	3	0	3	1	0	0	0	2
SPATA17	26	8	4	10	4	17	0	0	24
SPATA18	1	2	0	0	1	1	1	0	0
SPATA2	44	21	1	19	4	12	3	0	21
SPATA20	30	21	3	5	4	10	6	0	15
SPATA21	1	2	0	1	1	1	0	0	0
SPATA22	6	2	0	1	0	1	3	0	0
SPATA24	6	3	3	6	4	5	1	0	3
SPATA25	4	1	1	0	1	1	1	0	3
SPATA2L	5	7	0	3	2	2	2	0	3
SPATA2P1	0	1	0	0	0	0	0	0	0
SPATA3	0	0	0	2	0	0	0	0	0
SPATA3-AS1	2	0	0	0	0	0	0	0	1
SPATA31B1P	0	0	0	1	0	0	0	0	0
SPATA31E2P	7	1	0	1	0	2	0	0	1
SPATA32	2	2	0	1	2	1	0	0	2
SPATA33	25	13	3	9	6	6	0	0	12
SPATA4	2	1	0	0	0	0	0	0	0
SPATA41	0	2	0	0	0	0	0	0	1
SPATA45	1	0	0	1	0	0	0	0	1
SPATA46	0	1	1	0	0	0	0	0	0
SPATA48	6	1	0	1	0	2	0	0	0
SPATA5	1110	655	140	455	258	535	146	5	648
SPATA5L1	58	57	5	29	18	37	6	0	47
SPATA6	15	8	3	8	3	6	3	0	12
SPATA6L	28	18	4	16	6	15	8	0	18
SPATA7	26	17	4	17	10	18	9	0	17
SPATA9	2	2	0	0	1	2	1	0	0
SPATC1	5	0	0	0	1	1	1	0	1
SPATC1L	4	2	2	4	1	3	1	0	0
SPATS2	541	412	80	258	153	353	95	2	440
SPATS2L	404	207	44	149	78	143	44	2	169
SPC24	72	73	17	45	19	37	22	0	60
SPC25	110	99	15	55	32	77	17	0	81
SPCS1	153	120	25	68	49	69	27	0	85
SPCS2	129	96	19	45	29	86	19	0	69
SPCS2P1	0	0	0	1	0	0	0	0	0
SPCS2P3	0	0	1	0	0	0	0	0	0
SPCS3	283	178	34	134	73	136	54	1	204
SPCS3-AS1	4	10	1	4	1	3	3	0	5
SPDEF	0	0	0	0	0	0	0	0	2
SPDL1	355	136	27	149	68	108	31	0	124
SPDYA	47	61	11	35	26	41	12	0	84
SPDYE10	0	1	0	0	0	1	0	0	0
SPDYE17	0	0	1	0	0	0	0	0	0
SPDYE18	1	0	0	1	0	0	0	0	0
SPDYE21	1	0	0	0	0	0	0	0	1
SPDYE4	0	1	0	0	0	0	0	0	0
SPDYE7P	0	0	0	0	0	0	1	0	0
SPECC1	837	537	108	377	218	466	163	4	566
SPECC1L	32	17	0	9	3	13	3	0	11
SPECC1L-ADORA2A	283	182	43	111	83	143	49	0	197
SPECC1P1	0	1	0	2	0	2	0	0	0
SPEF1	5	2	1	0	1	1	0	0	0
SPEF2	84	37	12	37	15	40	8	0	26
SPEG	80	86	9	27	29	44	40	0	74
SPEN	669	309	62	243	134	223	75	1	327
SPEN-AS1	14	10	1	7	4	5	3	0	9
SPESP1	9	17	1	7	5	2	4	0	3
SPG11	286	185	33	113	81	166	58	1	249
SPG21	135	74	16	67	19	61	22	0	81
SPG7	386	251	62	142	90	128	70	0	204
SPHK1	266	84	18	60	28	50	31	1	45
SPHK2	73	42	4	25	13	26	6	0	27
SPHKAP	10	2	2	1	1	2	0	0	1
SPI1	3	2	0	1	0	0	0	0	0
SPIC	0	2	0	1	1	1	0	0	0
SPICE1	25	15	1	8	5	14	3	0	19
SPIDR	588	391	70	238	169	316	138	2	440
SPIN1	480	297	77	230	116	257	76	1	314
SPIN2B	5	4	1	2	0	4	2	0	4
SPIN2P1	1	0	0	0	0	0	1	0	0
SPIN3	104	81	7	36	28	43	10	0	66
SPIN4	42	20	10	22	13	20	5	0	25
SPINDOC	98	58	15	38	17	29	8	0	26
SPINK1	10	0	0	2	0	0	1	0	0
SPINK13	1044	1265	225	522	422	931	386	5	1540
SPINK2	0	0	0	0	0	1	0	0	0
SPINK4	4	3	1	1	1	2	2	0	5
SPINK5	86	103	27	52	31	107	47	3	174
SPINK6	400	302	38	201	81	168	71	1	171
SPINK7	0	0	0	1	0	0	0	0	0
SPINK8	1	1	0	0	1	0	0	0	0
SPINK9	0	0	0	1	0	0	1	0	0
SPINT1	1	1	0	0	0	1	1	0	2
SPINT1-AS1	0	0	0	1	0	0	0	0	0
SPINT2	6	5	4	3	2	3	3	0	3
SPIRE1	388	192	46	160	60	145	40	0	174
SPIRE2	57	70	8	21	20	26	28	0	63
SPN	0	0	0	0	1	0	1	0	0
SPNS1	68	36	9	30	17	28	15	0	28
SPNS2	5	8	0	3	0	3	3	0	1
SPNS2-AS1	0	1	0	0	0	0	1	0	0
SPNS3	0	0	0	1	0	0	1	0	1
SPOCD1	41	14	2	8	8	4	3	0	6
SPOCK1	3168	2178	382	1129	789	1308	354	5	1281
SPOCK2	19	33	6	7	11	15	6	0	18
SPOCK3	30	52	15	16	18	57	17	0	79
SPON1	13	10	1	3	3	3	1	0	3
SPON1-AS1	27	11	5	10	3	10	5	0	14
SPON2	1	6	1	0	2	0	1	0	2
SPOP	183	131	26	76	45	98	31	0	182
SPOPL	111	55	13	49	28	57	26	0	91
SPOPL-DT	95	84	13	44	38	76	21	1	88
SPOUT1	31	17	2	14	7	12	11	0	15
SPP1	0	0	0	1	0	0	0	0	1
SPP2	1	2	0	0	1	1	2	0	0
SPPL2A	153	122	18	63	36	94	25	0	120
SPPL2B	60	43	11	12	15	20	12	0	28
SPPL3	211	156	29	84	59	99	32	0	136
SPR	19	8	4	9	4	10	5	0	15
SPRED1	308	240	45	121	74	200	34	0	229
SPRED2	244	193	29	103	56	130	26	0	129
SPRED3	7	5	0	1	2	1	0	0	1
SPRING1	53	41	7	30	16	24	4	0	35
SPRING1P1	1	0	0	1	0	0	1	0	0
SPRTN	53	30	4	18	15	19	5	0	44
SPRY1	4	0	1	1	1	0	0	0	1
SPRY2	14	4	0	6	4	4	0	0	0
SPRY3	40	31	6	17	11	29	8	0	35
SPRY4	57	27	6	21	5	23	15	0	18
SPRY4-AS1	28	13	2	5	6	7	3	0	1
SPRYD3	65	26	0	18	10	20	7	0	22
SPRYD4	24	25	8	9	4	16	5	0	27
SPRYD7	41	16	2	16	12	11	3	0	13
SPSB1	343	217	30	123	73	99	48	0	128
SPSB2	8	5	3	4	0	2	0	0	6
SPSB3	42	21	6	12	2	8	6	0	14
SPSB4	8	3	1	4	2	0	1	0	4
SPTA1	4	2	0	1	0	1	0	0	1
SPTAN1	1536	1087	176	634	346	588	382	2	1024
SPTB	8	5	0	4	0	1	3	0	1
SPTBN1	1675	910	174	578	314	564	280	1	589
SPTBN1-AS1	1	0	0	0	0	0	0	0	0
SPTBN2	441	213	38	149	52	127	56	0	145
SPTBN4	92	13	0	21	6	12	7	0	17
SPTBN5	17	7	1	2	4	6	1	0	7
SPTLC1	250	191	34	94	62	149	40	1	171
SPTLC1P1	1	0	0	0	1	0	0	0	2
SPTLC2	166	86	25	54	39	90	25	0	113
SPTLC3	25	25	4	16	17	20	11	0	42
SPTSSA	290	458	100	176	154	385	129	2	772
SPTSSB	1	1	0	0	0	0	0	0	0
SPTY2D1	100	58	13	40	25	48	12	0	55
SPTY2D1OS	27	18	2	10	4	10	6	0	14
SPX	3	0	0	2	0	0	0	0	0
SQLE	95	78	15	42	29	61	31	0	71
SQLE-DT	0	0	0	0	0	0	1	0	1
SQOR	6	2	0	3	2	2	1	0	1
SQSTM1	1685	818	142	564	248	465	214	1	578
SRA1	92	65	15	34	15	42	16	0	59
SRARP	0	1	0	0	0	0	0	0	0
SRBD1	367	269	57	148	98	218	73	0	271
SRC	103	52	15	37	25	23	17	0	55
SRCAP	647	467	86	304	146	292	113	1	401
SRCIN1	5	7	2	2	3	3	4	0	6
SRD5A1	246	150	28	80	48	77	42	0	147
SRD5A1P1	1	0	0	0	0	0	0	0	0
SRD5A2	3	0	0	0	0	0	0	0	2
SRD5A3	6	4	1	1	2	5	1	0	6
SRD5A3-AS1	7	6	1	5	3	2	1	0	6
SREBF1	375	293	64	170	88	159	134	3	257
SREBF2	658	677	149	329	223	467	228	1	712
SREBF2-AS1	13	4	1	3	1	4	2	0	2
SREK1	421	236	58	181	91	296	75	1	349
SREK1IP1	116	75	13	43	23	63	28	0	79
SREK1IP1P1	1	0	0	0	0	0	0	0	0
SRF	196	134	27	47	24	80	39	0	87
SRFBP1	280	189	27	119	67	128	40	0	183
SRGAP1	1177	444	93	345	178	385	86	1	327
SRGAP2	266	218	45	144	69	133	47	1	209
SRGAP2-AS1	0	0	0	0	0	0	1	0	0
SRGAP2B	87	63	5	38	23	36	26	0	59
SRGAP2C	134	109	23	57	44	61	37	0	84
SRGAP2D	30	18	4	11	8	7	7	0	17
SRGAP3	21	30	2	8	10	7	14	1	21
SRGAP3-AS3	2	0	0	0	0	0	0	0	0
SRGAP3-AS4	0	0	0	0	0	0	0	0	1
SRGN	18	11	1	9	1	10	3	0	10
SRI	106	86	17	51	17	52	26	0	62
SRI-AS1	1	0	0	0	0	2	0	0	3
SRL	4	3	0	3	2	1	0	0	2
SRM	255	105	27	93	37	61	26	1	90
SRMS	3	0	0	0	0	0	0	0	0
SRP14	144	101	17	94	32	55	33	0	86
SRP14-DT	20	22	4	9	7	8	3	0	8
SRP14P1	0	0	0	1	0	1	0	0	0
SRP14P2	1	0	0	0	0	0	0	0	0
SRP19	106	67	12	27	28	58	10	1	81
SRP54	157	110	11	55	46	100	24	0	91
SRP54-AS1	66	57	5	26	17	35	14	0	47
SRP68	176	101	23	86	43	68	29	1	87
SRP72	266	148	30	96	54	112	28	0	118
SRP72P1	0	0	0	0	0	0	0	0	1
SRP72P2	0	0	0	0	0	0	0	0	1
SRP9	160	100	24	91	51	126	32	0	147
SRPK1	514	279	63	228	99	257	59	0	314
SRPK2	799	523	126	356	199	445	122	2	527
SRPK3	2	1	0	0	1	0	0	0	1
SRPRA	157	95	16	61	33	50	31	0	81
SRPRB	175	99	12	56	25	56	26	1	58
SRPX	6	8	0	3	2	1	1	0	4
SRPX2	7	2	0	0	3	2	2	0	9
SRR	18	15	1	7	3	8	5	0	16
SRRD	40	15	4	18	8	9	7	0	23
SRRM1	388	270	55	180	105	217	75	2	303
SRRM1P3	0	0	0	0	0	0	1	0	0
SRRM2	2254	1277	320	904	410	966	380	2	1257
SRRM2-AS1	19	17	0	8	11	7	5	0	16
SRRM3	6	2	0	2	1	5	1	0	6
SRRM4	6	3	0	3	2	1	1	0	2
SRRM5	18	16	3	9	3	10	6	0	21
SRRT	312	156	27	128	56	91	57	0	141
SRSF1	400	206	44	177	73	192	34	0	202
SRSF10	558	329	56	203	109	269	90	0	349
SRSF11	561	380	86	226	174	368	96	1	526
SRSF12	1	0	0	1	0	0	0	0	1
SRSF2	620	335	83	233	136	207	86	0	249
SRSF3	506	270	49	226	108	221	54	0	208
SRSF3P1	1	0	0	0	0	0	0	0	0
SRSF4	509	287	83	168	125	239	105	1	407
SRSF5	310	233	42	132	68	139	42	0	201
SRSF6	267	185	32	118	54	164	45	0	176
SRSF6P1	0	0	0	0	0	0	1	0	0
SRSF6P2	0	0	0	2	0	0	0	0	0
SRSF7	355	201	33	145	54	139	37	1	141
SRSF8	51	26	11	22	7	18	4	0	25
SRSF8BP	3	0	0	0	0	1	1	0	0
SRSF8CP	1	0	0	0	0	0	0	0	0
SRSF9	137	74	16	72	31	55	12	0	70
SRXN1	4	6	0	7	1	0	3	0	2
SS18	301	175	36	108	61	170	59	0	211
SS18L1	263	180	27	87	72	88	43	0	140
SS18L2	41	30	1	22	17	12	16	0	44
SSB	218	123	22	82	50	91	23	1	74
SSBL2P	0	2	0	0	0	0	1	0	1
SSBL4P	2	3	0	1	0	0	0	0	0
SSBL5P	1	0	0	0	0	0	0	0	0
SSBP1	195	113	18	99	34	97	33	1	84
SSBP2	253	224	44	116	56	197	74	2	332
SSBP3	758	763	120	296	241	351	240	3	465
SSBP3P1	0	0	0	1	0	1	0	0	0
SSBP4	136	94	23	61	33	48	27	1	57
SSC4D	3	4	1	1	0	2	1	0	4
SSC5D	49	43	6	21	10	22	19	0	36
SSH1	322	231	56	132	76	128	63	0	142
SSH2	704	562	112	321	189	437	143	0	624
SSH3	28	16	1	13	3	6	9	0	16
SSMEM1	0	1	0	0	0	0	0	0	0
SSNA1	44	16	1	14	9	8	4	0	15
SSPN	8	12	1	4	4	0	2	0	3
SSPOP	3	3	0	1	1	4	1	0	2
SSR1	476	347	60	239	130	239	74	0	286
SSR2	221	160	20	80	47	66	38	0	114
SSR3	441	237	46	182	94	188	40	1	179
SSR4	70	56	12	29	15	26	12	0	41
SSR4P1	7	8	0	4	5	3	2	0	5
SSRP1	358	230	47	147	78	157	60	1	166
SSTR1	91	24	7	23	12	15	8	0	18
SSTR2	27	24	7	11	10	22	12	0	34
SSTR3	1	0	0	1	0	0	1	0	0
SSTR5	1	0	0	0	0	0	0	0	0
SSTR5-AS1	1	0	0	1	0	0	0	0	0
SSU72	296	229	38	129	69	103	49	1	194
SSU72P1	1	0	0	0	0	0	0	0	1
SSUH2	31	36	8	11	7	13	7	0	26
SSX2IP	129	78	12	34	25	57	19	0	75
SSX3	0	1	0	1	0	0	0	0	0
SSX5	0	1	0	0	0	0	0	0	0
SSX6P	1	0	0	0	0	0	0	0	0
SSX9P	1	0	0	0	0	0	0	0	0
SSXP3	0	1	0	0	0	0	0	0	0
ST13	207	158	31	96	54	95	26	0	172
ST13P15	3	1	0	0	1	0	0	0	0
ST13P19	0	0	1	0	0	0	0	0	0
ST13P2	0	0	1	0	0	0	0	0	0
ST13P6	0	0	0	0	0	1	0	0	1
ST13P7	0	2	0	0	0	0	0	0	0
ST14	3	4	1	2	0	0	0	0	1
ST18	22	10	3	3	2	9	7	0	20
ST20	7	2	0	3	0	2	1	0	3
ST20-AS1	8	1	0	2	1	0	3	0	2
ST20-MTHFS	135	79	19	50	34	60	16	0	93
ST3GAL1	785	485	95	272	177	244	89	0	317
ST3GAL1-DT	18	9	3	3	3	9	2	0	7
ST3GAL2	152	121	21	63	40	55	51	0	90
ST3GAL3	6	5	4	3	1	6	3	0	3
ST3GAL3-AS1	0	0	0	1	0	0	0	0	0
ST3GAL4	283	207	39	75	71	101	80	1	132
ST3GAL5	9	6	0	4	1	4	0	0	3
ST3GAL6	8	8	0	6	2	6	4	0	5
ST3GAL6-AS1	5	1	0	2	1	1	0	0	0
ST6GAL1	19	10	4	4	7	8	2	0	10
ST6GAL2	7	1	0	5	0	1	1	0	0
ST6GALNAC1	1	1	0	0	1	0	0	0	0
ST6GALNAC2	4	5	1	2	0	0	0	0	1
ST6GALNAC3	25	11	0	8	1	6	3	0	5
ST6GALNAC4	92	36	12	35	14	22	22	0	37
ST6GALNAC5	10	12	1	3	1	1	0	0	2
ST6GALNAC6	155	87	15	48	29	48	26	0	34
ST7	797	469	98	311	183	415	148	1	567
ST7-AS1	5	0	0	4	0	1	0	0	0
ST7-AS2	2	1	0	0	0	0	0	0	1
ST7-OT4	8	5	1	4	5	1	1	0	6
ST7L	216	151	22	109	52	132	41	0	195
ST8SIA1	23	13	1	17	7	6	3	0	10
ST8SIA2	1	3	0	0	1	1	0	0	0
ST8SIA3	0	1	0	0	0	0	0	0	0
ST8SIA4	14	27	9	16	15	25	7	1	28
ST8SIA5	5	3	2	1	1	4	1	0	6
ST8SIA5-DT	1	1	0	0	0	1	2	0	0
ST8SIA6	6	5	0	6	1	1	1	0	2
ST8SIA6-AS1	4	2	0	1	1	2	2	0	1
STAB1	2	1	0	0	0	0	1	0	0
STAB2	14	5	2	4	2	0	2	0	3
STAC	354	235	35	135	94	197	66	1	181
STAC2	87	80	24	35	35	40	28	1	84
STAC3	3	3	0	1	0	0	1	0	3
STAG1	1362	812	179	564	275	759	197	0	992
STAG1-DT	6	5	0	4	1	4	0	0	4
STAG2	664	441	85	290	146	306	131	2	426
STAG2-AS1	5	0	1	0	0	2	1	0	2
STAG3	2	0	1	0	1	1	0	0	2
STAG3L4	115	92	15	44	25	69	24	0	93
STAG3L5P	25	13	3	5	5	8	2	0	8
STAG3L5P-PVRIG2P-PILRB	368	244	53	155	92	194	76	0	263
STAM	213	101	21	92	34	106	28	2	137
STAM-DT	7	9	1	2	2	2	1	0	6
STAM2	107	60	19	36	26	52	15	0	79
STAMBP	99	52	16	31	25	45	17	0	62
STAMBPL1	262	97	17	102	41	75	13	0	85
STAP1	3	2	0	2	1	0	0	0	2
STAP2	8	4	1	4	1	3	3	0	3
STAR	0	0	0	0	0	0	1	0	0
STARD10	5	1	0	1	0	3	2	0	1
STARD13	497	261	45	169	86	178	52	0	166
STARD13-AS	4	8	0	2	1	1	1	0	5
STARD13-IT1	2	1	1	0	0	0	0	0	0
STARD3	74	61	2	27	22	24	19	1	41
STARD3NL	75	50	13	37	17	41	15	0	50
STARD4	109	98	25	74	39	139	34	1	177
STARD4-AS1	35	28	5	9	10	25	6	0	29
STARD5	14	7	0	0	1	2	2	0	1
STARD6	1	2	0	2	0	1	0	0	0
STARD7	305	182	28	122	56	143	43	0	186
STARD7-AS1	60	37	8	28	14	19	15	0	41
STARD8	54	63	8	28	21	30	15	0	38
STARD9	169	158	26	66	32	117	26	1	151
STAT1	283	141	20	113	60	126	28	0	137
STAT2	58	41	10	20	6	22	12	0	34
STAT3	386	278	54	175	105	206	72	1	307
STAT4	4	1	0	2	1	1	1	0	3
STAT4-AS1	0	0	0	2	0	0	0	0	1
STAT5A	64	29	3	14	6	10	6	0	19
STAT5B	437	279	50	188	120	194	85	1	305
STAT6	175	112	29	65	35	55	30	0	82
STATH	0	0	0	2	0	0	0	0	0
STAU1	324	227	27	153	101	179	65	0	246
STAU2	284	257	60	138	98	231	56	0	312
STAU2-AS1	1	1	1	1	2	0	1	0	0
STAU2P1	1	0	0	0	0	0	0	0	0
STBD1	2	3	1	2	1	1	2	0	3
STC1	0	0	0	0	0	0	0	0	1
STC2	697	212	27	166	83	123	36	0	100
STEAP1	3	5	0	1	0	2	0	0	3
STEAP1B	212	78	10	113	37	65	16	0	95
STEAP1B-AS1	2	0	0	0	0	0	0	0	0
STEAP2	7	4	1	1	1	3	0	0	4
STEAP2-AS1	8	12	2	1	2	1	4	0	3
STEAP3	155	108	23	47	37	65	37	1	54
STEAP3-AS1	3	2	0	0	1	0	1	0	0
STEAP4	0	1	1	1	1	2	0	0	2
STEEP1	50	22	6	25	10	24	7	0	21
STIL	244	154	42	128	63	159	54	0	205
STIM1	152	116	20	68	49	78	44	0	111
STIM1-AS1	1	0	0	0	0	0	0	0	0
STIM2	124	80	14	49	36	60	15	0	100
STIM2-AS1	1	0	0	0	0	0	0	0	2
STIMATE	11	17	1	13	5	5	2	0	6
STIMATE-MUSTN1	69	30	5	26	9	12	5	0	22
STING1	38	14	2	11	9	11	3	0	5
STIP1	665	364	71	260	136	180	94	1	258
STIP1P3	1	1	0	0	0	0	0	0	0
STK10	117	76	15	43	23	43	23	0	47
STK11	10	5	0	3	2	3	1	0	5
STK11IP	34	22	3	17	3	17	3	0	18
STK16	27	10	4	6	3	6	7	0	13
STK17A	306	198	48	143	77	140	30	0	139
STK17B	147	67	13	46	26	62	12	0	65
STK19	25	20	8	8	3	7	2	0	22
STK24	699	472	58	300	152	280	149	0	453
STK24-AS1	1	4	0	2	0	0	0	0	0
STK24P1	0	2	0	0	0	0	0	0	0
STK25	136	108	6	62	29	49	27	0	64
STK26	208	141	29	94	56	129	35	0	153
STK3	332	242	52	149	86	211	66	1	294
STK31	8	2	0	2	1	2	0	0	4
STK32A	9	8	0	3	2	1	3	0	6
STK32A-AS1	0	1	0	1	0	2	2	0	1
STK32B	570	244	47	201	95	162	71	2	178
STK32C	118	82	15	44	30	39	25	0	68
STK33	214	135	29	78	64	133	37	0	128
STK35	106	76	9	50	35	44	16	0	56
STK36	62	46	10	28	14	28	16	0	37
STK38	153	96	16	73	37	68	24	0	108
STK38L	273	367	73	185	133	357	123	2	487
STK39	299	192	38	112	59	152	51	0	155
STK4	295	184	39	138	61	162	48	1	211
STK4-DT	0	1	0	0	0	0	0	0	0
STK40	119	99	14	52	32	66	29	0	100
STKLD1	3	3	1	1	1	0	1	0	0
STMN1	288	233	45	142	73	132	66	0	178
STMN1P1	1	0	0	0	1	1	0	0	0
STMN1P2	0	1	0	0	0	0	0	0	0
STMN2	3	0	0	1	0	1	0	0	0
STMN3	50	33	9	16	8	11	10	0	14
STMN4	4	0	0	1	0	0	0	0	0
STMP1	123	93	17	53	27	61	23	0	84
STN1	8	4	0	3	1	0	2	0	4
STOM	335	237	42	151	74	185	72	0	215
STOML1	6	4	1	1	3	0	0	0	1
STOML2	159	75	12	77	28	55	18	0	60
STOML3	3	0	0	1	0	0	1	0	1
STON1	3	4	1	3	0	4	1	0	5
STON1-GTF2A1L	24	31	3	10	11	12	8	0	31
STON2	167	101	17	77	26	82	49	1	92
STOX1	9	6	0	2	2	3	3	0	5
STOX2	680	612	117	307	221	429	238	3	639
STPG1	23	15	3	7	9	10	4	0	9
STPG2	27	12	0	7	3	7	6	1	11
STPG2-AS1	6	1	0	1	0	0	1	0	1
STPG3	4	4	0	0	0	0	1	0	0
STPG3-AS1	0	2	0	3	1	4	1	0	5
STPG4	0	1	0	1	0	1	0	0	4
STRA6	9	14	3	6	4	9	3	0	13
STRA8	3	1	2	1	0	0	1	0	1
STRADA	96	69	16	37	27	69	31	0	61
STRADB	21	10	3	8	2	5	2	0	6
STRADBP1	0	2	0	0	0	0	0	0	0
STRAP	278	176	38	130	65	133	41	0	164
STRBP	336	221	42	140	106	205	65	0	233
STRC	0	1	0	0	0	2	0	0	1
STRCP1	0	0	0	0	0	0	1	0	0
STRIP1	107	67	9	33	17	29	18	0	61
STRIP2	84	45	8	42	21	14	4	0	33
STRIT1	0	0	0	0	0	1	0	0	0
STRN	131	127	37	53	32	90	21	0	120
STRN3	406	282	67	164	62	250	78	1	354
STRN4	225	127	20	97	42	75	28	0	102
STS	178	125	17	80	37	57	31	1	77
STSP1	6	0	0	0	0	0	0	0	1
STT3A	192	144	24	73	38	90	31	0	103
STT3B	906	565	109	386	209	454	134	3	565
STUB1	74	41	5	33	15	15	9	1	36
STUB1-DT	1	0	0	0	0	0	0	0	0
STUM	3	3	0	0	0	0	0	0	1
STX10	51	25	3	28	13	22	14	0	26
STX11	26	3	0	2	6	4	1	0	7
STX12	71	74	13	32	27	55	21	1	121
STX16	125	85	12	56	26	59	18	0	66
STX16-NPEPL1	257	159	35	94	48	104	40	1	109
STX17	97	76	17	29	33	52	17	0	64
STX17-DT	14	7	2	3	5	6	0	0	5
STX18	248	172	34	107	58	127	33	0	154
STX18-AS1	209	184	32	87	65	110	51	1	129
STX1A	104	38	12	25	9	18	8	0	8
STX1B	10	4	0	4	2	1	2	0	6
STX2	103	83	7	36	17	46	11	0	56
STX3	113	69	11	44	26	36	12	0	64
STX4	44	29	1	12	8	5	4	0	14
STX5	102	75	12	49	15	52	16	0	90
STX5-DT	13	1	0	5	1	1	0	0	0
STX6	142	68	15	69	32	47	19	0	71
STX7	62	23	1	24	10	20	7	0	34
STX8	269	210	47	115	58	138	67	0	183
STXBP1	228	241	43	138	89	144	69	0	263
STXBP2	21	11	1	6	3	9	2	0	10
STXBP3	140	84	18	65	34	93	23	0	132
STXBP4	191	145	21	67	50	138	38	0	180
STXBP5	420	318	77	209	134	369	97	2	421
STXBP5-AS1	47	26	2	22	4	17	6	0	13
STXBP5L	89	101	18	67	29	76	31	0	104
STXBP6	22	18	1	4	0	6	3	0	5
STYK1	6	8	0	1	0	2	5	0	6
STYX	83	51	7	42	25	39	10	0	78
STYXL1	78	60	11	33	12	32	14	0	58
STYXL2	3	2	0	2	1	2	0	0	2
SUB1	501	292	56	212	130	235	44	2	300
SUB1P1	1	2	0	2	1	0	0	0	0
SUB1P2	1	1	0	0	0	0	0	0	0
SUB1P3	0	1	0	0	0	0	0	0	0
SUB1P4	2	0	0	0	0	0	0	0	0
SUCLA2	201	142	26	83	55	104	37	0	156
SUCLA2P1	1	0	0	0	0	0	0	0	0
SUCLA2P3	1	0	0	0	0	0	0	0	0
SUCLG1	117	67	13	40	28	51	15	1	45
SUCLG2	743	499	82	304	196	415	150	3	433
SUCLG2-DT	127	93	20	50	28	64	24	0	70
SUCNR1	0	0	0	0	0	1	1	0	1
SUCO	162	112	15	72	43	78	37	1	129
SUDS3	117	74	18	83	25	65	25	0	69
SUDS3P1	0	0	0	1	1	0	0	0	0
SUFU	129	79	11	41	24	41	26	0	70
SUGCT	47	62	6	37	24	29	10	0	50
SUGP1	96	106	17	49	28	55	14	0	61
SUGP2	305	207	40	131	74	121	45	1	168
SUGT1	201	148	21	110	47	102	36	0	167
SUGT1-DT	4	3	0	1	2	1	0	0	6
SUGT1P1	8	4	0	7	2	12	1	0	9
SUGT1P2	8	4	0	1	0	1	1	0	5
SUGT1P3	2	2	1	2	0	1	2	0	1
SUGT1P4-STRA6LP	8	7	2	8	2	7	1	0	13
SUGT1P4-STRA6LP-CCDC180	66	39	5	20	11	30	18	0	54
SULF1	25	8	5	9	7	13	6	0	12
SULF2	225	146	18	75	61	79	46	0	116
SULT1A1	11	6	0	5	3	4	3	0	2
SULT1A2	4	2	1	0	0	1	0	0	2
SULT1A3	2	0	0	1	0	0	0	0	1
SULT1A4	1	0	0	0	1	0	0	0	0
SULT1B1	4	3	2	0	0	1	1	0	3
SULT1C2	3	0	0	0	0	1	0	0	0
SULT1C2P1	6	1	0	2	0	1	0	0	1
SULT1D1P	0	0	0	1	0	0	0	0	0
SULT1E1	0	1	0	1	0	1	0	0	1
SULT2A1	2	0	0	1	0	0	0	0	0
SULT2B1	4	4	0	2	0	1	0	0	0
SULT4A1	62	34	6	16	10	20	6	0	15
SULT6B1	0	0	0	2	0	0	0	0	2
SUMF1	504	383	74	219	154	279	70	1	358
SUMF2	119	91	15	56	32	52	37	0	56
SUMO1	142	87	17	80	32	82	23	0	122
SUMO1P1	0	0	0	0	0	1	0	0	0
SUMO2	123	92	14	76	28	70	16	0	77
SUMO2P1	1	0	0	0	0	0	0	0	0
SUMO2P10	1	0	0	0	0	0	0	0	0
SUMO2P13	1	0	0	0	0	0	0	0	0
SUMO2P17	37	7	3	3	6	6	3	0	11
SUMO2P19	0	1	0	0	0	0	0	0	0
SUMO2P20	0	1	0	0	0	0	0	0	0
SUMO2P21	0	0	0	0	0	0	0	0	1
SUMO2P4	1	0	0	0	0	0	0	0	0
SUMO2P6	1	0	0	0	0	0	0	0	0
SUMO3	139	67	12	68	33	50	23	1	49
SUMO4	3	1	1	1	0	3	0	0	3
SUN1	362	211	33	113	57	114	54	1	182
SUN2	137	93	10	55	38	63	39	0	49
SUN3	1	0	0	0	0	0	0	0	0
SUN5	2	0	0	1	0	0	0	0	0
SUNO1	1	0	0	0	0	0	0	0	0
SUOX	18	17	1	10	5	12	5	0	12
SUPT16H	577	350	46	217	122	180	78	2	224
SUPT16HP1	3	3	0	1	0	2	0	0	1
SUPT20H	79	77	12	42	26	63	11	0	98
SUPT3H	760	505	104	329	202	444	103	2	478
SUPT4H1	15	15	4	6	1	3	2	0	5
SUPT5H	252	131	20	89	40	82	30	0	125
SUPT6H	485	271	60	206	87	187	89	1	254
SUPT7L	87	48	9	21	14	44	16	0	36
SUPV3L1	116	75	18	44	27	42	18	0	73
SURF1	25	6	2	5	5	7	6	0	11
SURF2	36	21	7	24	10	11	13	0	19
SURF4	528	327	51	211	96	198	84	2	202
SURF6	127	62	12	48	18	31	10	0	28
SUSD1	117	65	15	52	20	44	15	0	52
SUSD2	2	3	1	1	1	0	0	0	1
SUSD3	3	1	1	1	1	0	0	0	2
SUSD4	9	3	1	2	0	0	0	0	4
SUSD5	63	24	2	18	5	13	12	0	19
SUSD6	57	43	4	17	15	29	3	0	47
SUV39H1	67	38	10	28	13	20	12	0	41
SUV39H2	84	51	9	34	15	46	17	0	71
SUV39H2-DT	4	2	0	1	0	1	0	0	1
SUZ12	302	192	46	129	75	170	60	0	208
SUZ12P1	27	13	5	13	8	23	5	0	40
SV2A	24	28	5	9	10	20	6	1	34
SV2B	8	11	1	5	2	3	0	0	9
SV2C	267	256	49	132	103	200	56	1	300
SV2C-AS1	1	0	0	0	0	0	0	0	1
SVBP	14	8	2	4	1	3	3	0	5
SVEP1	26	22	5	8	10	15	8	0	19
SVIL	607	407	64	242	150	273	134	3	420
SVIL-AS1	106	81	11	41	24	41	27	0	70
SVIL2P	4	2	0	5	0	2	1	0	6
SVIP	16	8	3	9	4	10	4	0	11
SVOP	5	2	0	0	0	2	1	0	0
SVOPL	13	23	9	15	5	19	5	0	41
SWAP70	200	97	23	69	32	71	27	0	91
SWI5	60	66	6	29	20	30	16	0	54
SWINGN	4	4	0	0	0	0	1	0	1
SWSAP1	1	6	1	1	0	1	0	0	1
SWT1	51	28	5	22	9	18	7	0	31
SYAP1	217	155	30	97	59	101	34	1	157
SYBU	143	70	10	47	37	38	27	0	48
SYBU-AS1	0	1	0	1	0	0	1	0	1
SYCE1	11	0	0	0	0	2	0	0	1
SYCE1L	5	2	1	1	1	5	0	0	1
SYCE2	8	4	0	3	0	6	3	0	5
SYCP1	9	3	0	3	2	0	1	0	1
SYCP2	19	5	2	6	7	7	2	0	16
SYCP2L	4	2	0	1	0	0	0	0	2
SYCP3	5	4	2	1	1	2	1	0	8
SYDE1	73	34	9	27	10	19	6	0	31
SYDE2	63	32	6	24	13	25	5	0	38
SYF2	83	37	4	29	14	28	7	0	36
SYK	2	1	0	0	0	1	0	0	0
SYMPK	347	180	48	131	69	131	66	0	150
SYN1	2	0	0	0	0	0	0	0	0
SYN2	11	8	0	6	2	5	3	0	7
SYN3	26	16	3	35	0	8	2	0	7
SYN3-AS1	1	0	0	0	0	0	0	0	0
SYNC	77	51	12	23	27	16	13	0	47
SYNCRIP	231	138	19	96	40	128	19	0	125
SYNDIG1	8	3	1	3	1	4	2	0	0
SYNDIG1L	3	1	0	0	0	0	0	0	2
SYNE1	440	198	37	127	65	131	54	0	172
SYNE2	351	257	55	134	84	180	84	1	259
SYNE3	47	22	6	7	7	10	3	0	14
SYNGAP1	101	94	17	29	27	48	24	0	77
SYNGAP1-AS1	4	1	1	2	3	4	0	0	1
SYNGR1	13	11	3	2	4	11	3	0	11
SYNGR2	46	17	2	16	9	10	4	0	12
SYNGR3	24	3	0	0	0	2	1	0	1
SYNGR4	5	1	0	0	0	1	1	0	1
SYNJ1	65	42	12	34	14	34	13	0	68
SYNJ2	467	291	53	167	85	157	63	0	199
SYNJ2-IT1	1	1	0	0	0	0	0	0	1
SYNJ2BP	43	34	7	26	10	35	6	0	41
SYNJ2BP-COX16	39	24	3	20	8	41	4	0	43
SYNM	235	144	31	66	38	67	60	0	121
SYNM-AS1	15	11	4	3	2	6	3	0	12
SYNM-AS2	0	0	0	1	2	1	0	0	0
SYNPO	123	59	14	46	21	45	30	0	81
SYNPO2	19	29	3	8	4	20	23	0	32
SYNPO2L	0	0	0	0	0	0	0	0	1
SYNPO2L-AS1	1	1	0	0	0	0	0	0	0
SYNPR	4	6	2	6	2	2	3	0	4
SYNPR-AS1	7	2	1	1	0	2	1	0	0
SYNRG	162	106	31	68	42	104	33	1	122
SYP	1	0	0	1	1	0	1	0	3
SYP-AS1	19	3	2	5	0	1	3	0	2
SYPL1	158	96	12	56	25	67	26	1	66
SYPL1P2	2	2	0	0	0	0	0	0	0
SYPL2	2	0	0	1	0	3	0	0	0
SYS1	43	25	3	18	11	18	2	0	28
SYS1-DBNDD2	73	44	10	34	12	26	5	0	28
SYT1	64	47	10	27	18	40	10	0	45
SYT10	1	0	1	0	0	2	1	0	4
SYT11	5	2	0	1	0	3	1	0	2
SYT12	143	149	21	64	35	87	52	0	71
SYT13	1	0	0	1	0	0	1	0	1
SYT14	15	5	3	4	3	1	2	0	4
SYT15-AS1	0	0	0	0	1	0	0	0	0
SYT15B	0	0	0	0	0	0	1	0	0
SYT16	10	4	0	6	3	6	0	0	1
SYT17	50	59	13	22	17	47	20	0	44
SYT2	424	7	0	3	1	1	2	0	3
SYT3	1	1	0	1	0	0	0	0	0
SYT5	2	0	0	1	0	2	0	0	0
SYT6	3	1	1	0	0	1	0	0	0
SYT7	24	21	5	2	4	8	4	0	11
SYT9	6	1	0	3	1	2	1	0	1
SYT9-AS1	4	0	0	2	0	0	0	0	0
SYTL1	4	2	0	0	0	0	0	0	1
SYTL2	119	7	2	48	1	32	1	0	33
SYTL3	9	5	0	4	1	3	1	0	5
SYTL4	42	33	8	16	10	28	10	0	33
SYTL5	17	10	5	4	7	9	3	0	14
SYVN1	92	82	11	60	18	44	22	0	63
SZRD1	324	159	32	119	44	126	52	0	151
SZT2	192	134	36	83	57	112	38	0	126
SZT2-AS1	5	0	0	0	0	0	0	0	0
TAB1	95	61	15	36	26	48	20	0	57
TAB2	275	196	38	126	57	148	52	1	274
TAB2-AS1	0	0	0	0	0	0	0	0	1
TAB3	115	91	22	59	32	67	21	1	94
TAB3-AS1	0	0	0	1	0	0	0	0	0
TAC1	0	0	0	1	0	0	0	0	0
TAC3	3	0	0	0	0	0	0	0	1
TACC1	279	219	36	122	75	110	52	0	162
TACC1P1	1	0	0	0	0	0	1	0	0
TACC2	330	229	30	96	56	95	61	2	148
TACC3	233	157	24	98	62	70	56	1	93
TACO1	24	15	2	12	10	10	1	0	8
TACR1	12	7	1	2	3	5	2	0	5
TACR2	0	0	0	0	0	0	0	0	1
TACR3	3	7	0	1	1	1	0	0	2
TACR3-AS1	8	2	1	2	2	5	0	0	4
TACSTD2	42	13	1	10	7	9	5	0	12
TADA1	42	18	2	19	7	17	6	0	29
TADA2A	168	117	18	85	24	104	36	0	126
TADA2B	62	18	1	12	9	18	5	0	12
TADA3	123	108	13	71	32	47	22	1	60
TAF1	237	165	44	104	48	126	55	0	204
TAF10	89	46	9	30	12	31	17	1	39
TAF11	49	30	5	25	12	28	9	0	29
TAF12	80	59	13	44	25	44	13	1	66
TAF12-DT	10	9	1	1	1	3	3	0	10
TAF13	78	45	11	32	14	21	13	0	34
TAF15	809	615	96	364	191	435	133	2	546
TAF1A	47	32	7	23	16	26	11	0	25
TAF1A-AS1	1	3	0	1	2	0	0	0	1
TAF1B	117	86	22	55	38	87	25	3	81
TAF1C	73	33	10	31	19	32	12	0	37
TAF1D	3749	3871	228	1797	984	731	651	2	976
TAF2	277	160	45	117	65	151	45	1	193
TAF3	266	200	36	127	65	163	45	0	216
TAF4	343	216	37	137	66	118	64	0	160
TAF4B	238	174	35	98	53	141	30	1	174
TAF5	21	19	5	9	7	11	2	0	13
TAF5L	86	62	10	37	27	37	15	0	74
TAF6	91	49	19	41	18	53	11	0	70
TAF6L	38	25	3	9	3	18	4	0	20
TAF7	137	72	15	47	20	34	15	1	41
TAF7L	3	2	0	2	0	1	0	0	3
TAF8	64	53	9	27	16	39	8	0	43
TAF9	78	50	13	37	13	39	15	1	40
TAF9B	37	16	3	16	5	14	6	0	17
TAF9P3	1	0	0	1	0	0	0	0	1
TAFA1	14	15	2	5	4	7	4	1	10
TAFA2	113	81	18	54	32	61	37	0	102
TAFA3	5	1	0	0	0	0	0	0	0
TAFA4	8	3	0	3	0	1	1	0	1
TAFA5	33	19	1	11	3	8	6	0	7
TAFAZZIN	25	23	5	16	7	9	6	0	9
TAGAP	1	5	0	2	0	1	1	0	1
TAGAP-AS1	8	2	1	1	2	4	2	0	4
TAGLN	121	66	9	32	12	32	26	0	26
TAGLN2	408	221	37	168	75	149	54	1	188
TAGLN2P1	2	2	0	0	0	0	0	0	0
TAGLN3	1	1	0	2	0	0	0	0	1
TAL1	2	0	0	0	0	0	0	0	0
TALAM1	1	0	0	1	3	1	0	0	3
TALDO1	120	72	20	51	20	43	31	0	41
TAMALIN	36	7	0	5	4	0	0	0	5
TAMM41	170	91	16	66	27	58	22	1	83
TANC1	576	475	67	232	132	297	104	0	330
TANC2	2003	1529	301	875	616	1378	381	8	1764
TANGO2	63	51	8	31	20	23	14	0	32
TANGO6	202	106	29	87	39	111	33	1	121
TANK	195	159	41	79	65	128	26	2	171
TANK-AS1	0	1	0	1	0	1	1	0	2
TAOK1	586	421	78	283	142	313	123	1	414
TAOK2	175	128	10	67	31	64	31	2	96
TAOK3	245	203	45	119	69	166	54	0	212
TAP1	25	16	1	14	4	8	0	0	7
TAP2	52	27	2	16	5	17	10	0	16
TAPBP	140	83	25	55	18	59	25	0	103
TAPBPL	8	5	1	1	0	4	3	0	5
TAPT1	90	59	12	36	16	41	10	0	47
TAPT1-AS1	41	26	5	22	21	18	7	0	50
TARBP1	301	218	36	121	70	135	41	0	137
TARBP2	37	29	4	17	5	9	9	0	10
TARDBP	338	216	46	169	81	144	50	2	161
TARID	111	112	37	53	30	103	28	0	112
TARM1	1	0	0	0	0	0	0	0	0
TARP	2	0	0	1	0	1	0	0	1
TARS1	1570	870	138	572	320	519	209	4	660
TARS1-DT	31	14	3	10	10	15	4	0	19
TARS2	84	30	10	23	16	22	10	0	28
TARS3	44	40	7	14	13	16	9	0	26
TAS1R1	1	2	0	1	0	1	1	0	1
TAS1R2	2	0	0	1	0	0	1	0	0
TAS1R3	1	0	0	0	0	0	0	0	0
TAS2R10	3	2	0	0	2	2	0	0	1
TAS2R13	7	8	1	0	1	6	1	0	7
TAS2R14	11	9	1	5	2	8	1	0	14
TAS2R15P	5	6	0	3	3	7	1	0	8
TAS2R19	6	4	1	1	2	4	3	0	4
TAS2R20	6	6	3	6	1	7	3	0	7
TAS2R2P	0	0	0	0	0	1	0	0	0
TAS2R3	2	0	0	0	0	0	0	0	0
TAS2R30	13	8	0	5	3	7	4	0	10
TAS2R31	6	4	1	2	2	3	0	0	6
TAS2R4	9	7	1	6	2	2	1	0	2
TAS2R43	1	0	0	0	0	0	0	0	1
TAS2R46	5	2	1	2	1	2	1	0	0
TAS2R5	4	0	0	0	0	0	0	0	0
TAS2R50	6	2	0	1	0	1	0	0	0
TAS2R63P	4	2	0	1	0	3	0	0	0
TAS2R6P	2	2	0	0	1	1	0	0	0
TAS2R7	0	0	0	0	1	0	0	0	1
TAS2R8	1	1	0	0	1	1	0	0	0
TAS2R9	0	0	0	0	1	0	0	0	1
TASOR	414	330	52	174	104	245	81	0	382
TASOR2	720	424	96	277	182	355	74	1	466
TASP1	240	172	26	101	56	133	45	1	162
TATDN1	140	97	18	60	40	81	20	0	103
TATDN1P1	1	1	0	0	0	0	0	0	1
TATDN2	43	28	5	18	11	21	10	0	15
TATDN2P2	1	0	0	0	0	0	0	0	0
TATDN3	18	12	1	12	6	12	6	0	16
TAX1BP1	324	185	31	129	65	161	53	1	250
TAX1BP1-AS1	2	0	0	1	0	1	2	0	1
TAX1BP3	37	10	5	6	7	9	3	0	12
TBC1D1	252	105	17	70	50	73	24	0	70
TBC1D10A	27	16	4	7	10	11	7	0	19
TBC1D10B	91	70	15	41	24	36	17	0	50
TBC1D10C	2	0	0	0	0	0	0	0	0
TBC1D12	51	44	13	24	17	43	11	0	60
TBC1D13	97	58	8	54	11	34	13	0	38
TBC1D14	208	123	23	79	50	78	26	0	69
TBC1D15	214	162	34	80	44	137	31	0	207
TBC1D16	168	147	31	73	38	80	28	0	100
TBC1D17	51	32	15	26	10	25	11	1	37
TBC1D19	125	82	17	56	39	72	20	1	80
TBC1D2	242	125	23	74	33	58	37	0	68
TBC1D20	45	30	7	21	9	18	8	0	32
TBC1D21	2	0	0	0	0	1	1	0	0
TBC1D22A	1047	710	116	354	242	384	204	4	509
TBC1D22A-DT	18	9	3	5	1	3	2	0	9
TBC1D22B	113	90	18	49	29	52	31	1	89
TBC1D23	152	96	24	57	36	84	22	1	125
TBC1D24	71	44	9	23	15	23	16	0	45
TBC1D25	26	33	3	19	8	12	2	0	20
TBC1D26	0	1	0	0	0	0	0	0	0
TBC1D26-AS1	1	0	0	0	1	0	0	0	0
TBC1D2B	91	50	6	24	16	21	12	0	39
TBC1D30	11	2	1	8	0	4	1	0	8
TBC1D31	130	113	16	60	31	95	17	0	150
TBC1D32	137	101	23	58	42	86	37	0	121
TBC1D3B	2	1	0	0	2	0	1	0	0
TBC1D3D	1	0	0	0	0	0	0	0	0
TBC1D3H	0	1	0	0	0	0	0	0	0
TBC1D3JP	0	0	0	0	0	0	0	0	1
TBC1D3K	1	0	0	0	0	0	0	0	0
TBC1D3L	0	0	0	1	1	0	0	0	0
TBC1D3P1-DHX40P1	2	3	0	2	1	2	0	0	3
TBC1D3P2	1	0	0	0	0	0	0	0	0
TBC1D3P5	1	0	0	0	0	0	0	0	0
TBC1D4	581	394	89	260	170	355	91	1	319
TBC1D5	581	483	95	250	173	476	141	3	591
TBC1D7	52	25	4	20	13	19	8	0	34
TBC1D8	425	219	48	174	87	166	34	2	166
TBC1D8-AS1	0	1	0	1	0	1	0	0	0
TBC1D8B	18	17	6	8	8	14	6	0	13
TBC1D9	137	97	17	61	29	51	25	0	82
TBC1D9B	205	109	24	70	36	80	31	0	96
TBCA	418	303	51	178	105	198	64	0	308
TBCAP3	1	0	0	0	0	0	0	0	0
TBCB	63	27	6	34	11	21	14	0	30
TBCC	16	9	2	7	2	4	3	0	7
TBCCD1	45	26	3	16	15	29	8	1	31
TBCD	488	356	62	233	116	189	96	1	260
TBCE	181	143	29	80	51	93	39	1	150
TBCEL	48	20	8	25	14	33	10	0	41
TBCEL-TECTA	24	18	5	16	12	12	6	0	26
TBCK	189	139	32	83	64	124	43	0	185
TBILA	8	3	0	2	0	1	1	0	3
TBK1	198	124	30	72	52	84	29	0	94
TBKBP1	39	18	5	11	5	11	6	0	11
TBL1X	960	633	106	388	239	376	181	5	403
TBL1XR1	1687	1012	218	731	379	1009	298	1	1102
TBL1XR1-AS1	1	0	0	1	0	0	0	0	0
TBL1Y	5	7	0	4	1	0	3	0	2
TBL1YP1	1	0	0	0	1	0	0	0	0
TBL2	67	37	9	25	10	23	8	0	27
TBL3	120	45	7	27	19	34	19	0	32
TBP	69	38	8	24	17	18	4	0	45
TBPL1	93	59	14	33	19	48	15	0	43
TBPL2	1	1	0	1	1	0	0	0	2
TBR1	4	1	0	0	0	1	0	0	1
TBRG1	37	30	5	21	11	24	11	0	40
TBRG4	288	212	25	116	58	62	52	3	83
TBX1	32	19	6	12	7	9	6	0	18
TBX10	1	0	0	0	0	0	0	0	0
TBX15	46	21	2	12	10	7	2	0	8
TBX18	8	1	0	0	0	0	1	0	2
TBX18-AS1	1	1	0	0	0	0	0	0	0
TBX19	20	6	2	6	3	7	2	0	9
TBX2	5	1	0	1	2	0	1	0	1
TBX2-AS1	2	1	0	1	0	0	0	0	0
TBX20	14	2	0	2	1	4	3	0	2
TBX21	1	2	0	1	0	1	0	0	0
TBX22	1	0	0	0	0	0	0	0	1
TBX3	45	31	5	17	8	17	4	0	25
TBX3-AS1	13	6	0	4	1	1	2	0	5
TBX4	1	0	0	3	0	1	0	0	0
TBX5	5	0	0	2	1	1	0	0	0
TBX5-AS1	2	0	0	0	0	0	0	0	0
TBX6	4	2	0	2	1	0	0	0	0
TBXA2R	24	17	5	17	3	4	10	0	22
TBXAS1	28	20	1	16	8	21	3	0	14
TBXT	1	1	0	1	0	0	0	0	0
TC2N	46	43	10	25	17	51	8	0	51
TCAF1	46	40	6	16	11	21	8	0	45
TCAF1P1	0	0	0	1	0	0	1	0	0
TCAF2	2	0	0	1	0	0	0	0	0
TCAIM	86	82	15	49	20	63	7	1	98
TCAM1P	4	1	0	1	0	2	0	0	0
TCAP	1	0	0	0	0	0	0	0	0
TCEA1	153	61	14	58	34	50	14	0	96
TCEA1P3	0	1	0	0	0	0	0	0	0
TCEA1P4	4	1	0	2	0	7	0	0	2
TCEA2	23	22	3	8	8	6	4	0	11
TCEA3	11	20	3	6	10	10	9	0	29
TCEAL1	20	11	2	5	9	5	2	0	7
TCEAL3	10	10	0	4	1	2	5	0	7
TCEAL3-AS1	1	2	0	1	0	0	0	0	0
TCEAL4	39	23	9	17	4	22	5	0	18
TCEAL5	1	0	0	0	0	0	0	0	0
TCEAL8	15	10	6	14	6	8	2	0	8
TCEAL9	86	27	8	34	14	36	8	0	38
TCEANC	7	3	1	1	1	2	1	0	7
TCEANC2	38	40	5	13	17	24	7	1	33
TCERG1	657	340	73	270	126	374	100	0	442
TCERG1L	11	13	3	5	4	4	4	0	5
TCF12	1823	1125	230	723	411	1061	301	4	1147
TCF15	0	2	0	0	0	0	0	0	0
TCF19	58	39	4	35	11	42	15	1	45
TCF20	694	485	85	280	161	326	131	2	434
TCF21	3	2	0	0	0	0	0	0	0
TCF24	0	1	0	0	0	0	1	0	1
TCF25	326	201	54	97	69	151	66	0	189
TCF3	353	198	41	153	59	101	65	1	120
TCF3P1	4	1	0	0	2	0	0	0	0
TCF4	39	19	4	15	7	3	2	0	18
TCF4-AS1	2	0	1	0	0	0	1	0	0
TCF7	89	68	14	13	20	36	22	0	33
TCF7L1	22	14	1	11	5	6	4	0	10
TCF7L1-IT1	0	1	0	0	0	0	0	0	0
TCF7L2	1688	883	159	575	336	584	239	3	663
TCFL5	100	73	13	29	28	38	20	1	66
TCHP	38	23	6	23	8	14	7	0	17
TCIM	249	119	20	65	32	74	29	0	74
TCIRG1	125	68	15	40	20	34	27	0	54
TCL6	3	0	0	1	1	0	0	0	1
TCN1	0	2	0	1	2	1	1	0	0
TCN2	3	2	0	3	0	2	1	0	1
TCOF1	509	227	43	159	75	120	62	2	135
TCP1	674	430	55	275	152	199	110	0	256
TCP10L2	0	1	0	0	0	0	0	0	0
TCP10L3	0	1	0	1	0	0	2	0	0
TCP11	2	1	0	0	0	0	0	0	1
TCP11L1	127	58	18	54	26	52	24	1	67
TCP11L2	40	15	2	11	6	8	4	0	13
TCP11X3P	0	0	0	1	0	0	0	0	0
TCP1P1	1	0	1	0	0	0	0	0	0
TCP1P3	2	1	0	0	1	0	0	0	0
TCTA	42	22	3	13	7	13	4	0	15
TCTE1	3	2	0	0	1	0	1	0	3
TCTN1	55	30	5	12	6	22	1	1	23
TCTN2	21	26	3	11	3	13	2	0	12
TCTN3	77	42	11	29	23	40	17	0	53
TDG	98	70	13	44	23	61	12	0	73
TDGF1P3	0	1	0	0	0	0	0	0	0
TDGF1P5	0	0	0	0	0	1	0	0	0
TDH	2	2	0	0	0	0	0	0	0
TDO2	0	0	0	0	0	1	0	0	1
TDP1	170	109	21	71	29	80	37	1	85
TDP2	75	44	5	24	10	23	8	0	58
TDRD1	2	2	1	0	0	0	0	0	0
TDRD10	3	4	0	1	0	1	0	0	1
TDRD12	3	4	0	4	0	4	1	0	1
TDRD15	0	2	0	1	0	0	0	0	0
TDRD3	298	233	61	134	82	166	56	0	242
TDRD5	2	4	0	4	0	4	1	0	2
TDRD6	2	1	0	0	1	1	0	0	0
TDRD6-AS1	0	0	0	0	0	0	1	0	0
TDRD7	43	32	5	22	11	17	9	0	10
TDRD9	192	109	20	69	44	79	34	0	104
TDRG1	3	3	0	1	0	0	1	0	1
TDRKH	12	6	0	4	2	3	0	0	5
TDRKH-AS1	1	0	0	0	0	0	0	0	1
TDRP	3	8	0	2	4	4	1	0	4
TEAD1	3879	2871	477	1531	975	1867	544	5	2331
TEAD2	43	36	7	16	13	27	9	0	45
TEAD3	49	34	7	18	12	13	8	0	17
TEAD4	220	126	21	76	47	84	18	1	91
TEC	22	33	8	11	7	12	8	0	19
TECPR1	53	27	10	22	15	29	11	0	30
TECPR2	138	102	25	56	45	78	30	0	109
TECR	162	148	32	61	35	89	35	2	154
TECRL	9	1	2	3	1	0	0	0	0
TECRP1	2	0	0	1	0	0	0	0	1
TECRP2	1	0	0	0	0	0	0	0	0
TECTA	8	5	1	2	1	2	1	0	1
TECTB	1	0	0	0	0	0	0	0	0
TEDC1	57	45	3	30	8	20	8	0	12
TEDC2	26	16	5	10	1	5	7	0	9
TEDC2-AS1	5	9	1	2	0	1	2	0	3
TEF	25	9	0	10	6	2	3	0	9
TEFM	31	33	6	17	11	19	5	0	25
TEK	11	2	1	2	0	2	1	0	3
TEKT1	1	2	0	0	0	1	0	0	0
TEKT2	0	0	1	0	0	2	0	0	0
TEKT3	7	0	0	2	0	0	0	0	1
TEKT4	0	1	0	0	0	0	0	0	0
TEKT4P2	10	7	0	5	0	8	3	0	13
TEKT5	6	6	1	2	3	5	1	0	2
TEKTIP1	1	3	1	0	0	1	0	0	3
TELO2	153	67	8	40	26	26	22	1	45
TEMN3-AS1	0	0	0	1	0	0	0	0	1
TEN1	3	3	0	1	1	0	0	0	0
TEN1-CDK3	36	14	4	13	11	16	3	0	14
TENM1	642	570	114	318	226	500	178	3	710
TENM2	484	293	37	171	112	188	92	1	309
TENM2-AS1	6	1	0	0	1	2	2	0	3
TENM3	204	132	21	73	49	107	35	0	130
TENM3-AS1	21	10	2	11	4	4	3	0	10
TENM4	34	18	2	9	4	6	4	0	5
TENT2	324	248	50	162	94	238	40	1	334
TENT4A	1278	732	125	404	271	422	162	2	508
TENT4B	137	108	19	67	38	63	19	0	111
TENT5A	298	202	49	123	74	164	59	1	186
TENT5B	13	4	2	3	0	0	1	0	4
TENT5C	31	12	2	5	1	2	1	0	7
TENT5C-DT	0	0	0	1	0	0	0	0	0
TENT5D	15	32	2	18	9	11	3	0	9
TEP1	68	66	13	39	16	41	11	0	46
TEPP	1	0	0	1	0	0	0	0	0
TEPSIN	54	34	3	22	17	9	11	0	23
TERB1	3	1	0	1	0	1	1	0	1
TERB2	2	0	0	0	0	0	0	0	0
TERC	535	584	50	167	171	72	101	5	120
TERF1	56	30	5	18	14	19	8	0	33
TERF2	99	72	12	43	36	50	15	0	62
TERF2IP	79	30	8	21	11	29	9	1	33
TERT	161	77	18	52	32	35	14	1	46
TES	499	295	50	213	93	231	45	1	302
TESC	80	118	25	41	48	72	20	0	112
TESC-AS1	4	2	2	0	2	3	0	0	1
TESK1	52	16	7	15	7	9	9	0	14
TESK2	1	1	0	1	0	0	3	0	0
TESMIN	21	18	3	6	8	6	4	0	18
TESPA1	0	1	0	1	1	1	0	0	0
TET1	9	17	0	6	4	7	0	0	8
TET1P1	0	0	0	0	0	0	0	0	1
TET2	202	146	29	84	48	127	27	0	167
TET2-AS1	1	0	0	0	0	0	0	0	0
TET3	423	258	37	150	89	156	67	0	175
TEX10	256	164	31	126	80	119	33	1	151
TEX101	89	15	2	14	8	8	10	0	15
TEX11	12	7	0	12	2	7	2	0	2
TEX13B	2	0	0	0	0	0	0	0	0
TEX13D	1	0	0	0	0	0	0	0	0
TEX14	116	70	14	63	31	49	16	0	68
TEX14BP	1	0	0	0	0	0	0	0	0
TEX15	1	1	0	1	0	2	1	0	5
TEX19	0	0	0	0	1	1	0	0	1
TEX2	1292	105	10	52	26	54	17	0	53
TEX21P	16	14	0	2	3	10	11	0	16
TEX22	24	19	6	7	5	12	3	0	11
TEX26	3	0	0	0	0	0	0	0	0
TEX26-AS1	4	3	0	2	0	1	0	0	1
TEX261	45	26	3	17	7	21	7	0	24
TEX264	50	59	8	18	24	23	15	0	42
TEX29	7	6	0	1	3	5	2	0	5
TEX30	59	50	7	24	18	26	5	0	45
TEX33	2	0	0	0	0	0	0	0	0
TEX35	2	0	0	1	1	0	0	0	1
TEX36	6	5	0	2	3	3	1	0	7
TEX36-AS1	1	1	0	0	0	0	0	0	0
TEX38	0	0	0	0	0	1	0	0	0
TEX41	16	12	3	10	5	8	4	0	8
TEX43	0	0	0	0	0	0	0	0	1
TEX45	1	3	0	0	0	0	0	0	1
TEX46	5	2	0	2	0	0	0	0	1
TEX48	0	2	0	0	0	0	0	0	0
TEX49	2	2	0	0	0	1	0	0	0
TEX52	0	0	0	0	0	1	0	0	1
TEX54	1	0	0	0	0	1	0	0	0
TEX56P	7	2	0	1	0	2	1	0	1
TEX9	45	40	7	29	8	35	10	0	44
TF	1	0	0	0	0	0	0	0	2
TFAM	175	86	9	57	37	65	15	0	80
TFAP2A	136	62	14	60	20	41	10	0	74
TFAP2A-AS1	13	1	0	6	2	4	1	0	3
TFAP2A-AS2	6	9	2	0	0	2	2	0	4
TFAP2B	6	1	0	1	0	1	1	0	1
TFAP2C	6	3	0	3	0	0	1	0	0
TFAP2D	7	2	0	3	1	0	1	0	0
TFAP2E	7	2	1	4	0	3	0	0	1
TFAP2E-AS1	1	2	1	0	1	0	0	0	0
TFAP4	115	66	16	44	25	38	16	0	55
TFB1M	143	98	17	49	22	68	21	1	59
TFB2M	126	63	13	45	33	50	16	0	61
TFCP2	361	240	49	152	101	198	64	0	305
TFCP2L1	3	1	1	2	0	1	0	0	1
TFDP1	774	597	72	299	184	284	129	0	458
TFDP1P2	1	0	0	1	0	0	0	0	2
TFDP1P3	1	0	1	0	0	1	0	0	0
TFDP2	191	165	33	80	52	136	49	0	187
TFDP3	0	1	0	0	1	0	0	0	0
TFE3	92	51	15	39	24	34	14	0	37
TFEB	61	37	8	18	5	15	13	0	21
TFEC	9	2	2	3	0	1	2	0	3
TFF2	1	0	0	0	0	0	0	0	0
TFG	333	201	38	124	68	178	47	1	250
TFGP1	0	0	0	0	0	1	0	0	0
TFIP11	43	29	4	20	13	19	9	0	18
TFIP11-DT	3	3	1	2	0	2	3	0	1
TFPI	1045	723	120	445	264	515	138	0	564
TFPI2	96	40	12	30	17	26	7	0	22
TFPI2-DT	1	1	0	0	0	3	2	0	0
TFPT	24	24	3	13	4	4	6	0	17
TFR2	23	8	4	10	1	8	1	0	6
TFRC	1404	864	132	566	311	493	188	1	544
TG	9	5	1	5	1	2	1	0	4
TGDS	60	36	7	25	14	35	9	0	36
TGFA	7	2	0	1	2	1	0	0	0
TGFB1	269	162	35	103	53	99	38	0	105
TGFB1I1	55	29	8	21	16	28	10	0	31
TGFB2	154	118	13	71	37	75	28	1	104
TGFB2-AS1	2	1	0	2	0	0	1	0	2
TGFB3	9	5	2	10	2	6	3	0	8
TGFB3-AS1	0	0	0	0	2	0	0	0	0
TGFBI	563	259	59	194	79	186	81	1	258
TGFBR1	240	129	23	98	45	93	34	0	104
TGFBR2	212	90	16	59	28	64	18	0	76
TGFBR3	480	400	74	187	127	298	151	0	441
TGFBR3L	3	1	1	1	1	1	1	0	5
TGFBRAP1	91	62	10	40	28	25	5	0	43
TGIF1	134	69	9	38	35	50	21	0	45
TGIF2	29	16	3	15	10	13	7	1	21
TGIF2-RAB5IF	109	78	14	44	23	51	18	0	57
TGIF2P1	2	0	0	0	1	2	0	0	0
TGM1	5	6	1	2	2	3	4	0	5
TGM2	148	91	12	46	30	51	14	0	39
TGM4	3	1	0	1	0	0	0	0	0
TGM5	0	1	0	1	0	0	0	0	0
TGM6	1	0	0	0	0	1	1	0	1
TGM7	1	0	1	1	0	1	1	0	1
TGOLN2	242	177	25	111	67	109	39	0	118
TGS1	168	113	23	82	51	95	30	0	103
TH	9	0	0	0	0	0	1	0	0
TH2LCRR	1	0	0	0	0	0	0	0	2
THA1P	2	2	1	0	0	0	0	0	0
THADA	484	275	44	178	103	207	57	0	243
THAP1	27	11	0	8	0	8	2	0	8
THAP10	10	11	1	5	2	8	1	0	11
THAP11	30	17	1	15	4	6	6	0	14
THAP12	85	63	13	25	12	45	13	1	69
THAP12P1	1	0	0	0	0	0	0	0	1
THAP12P2	0	0	0	1	2	0	0	0	0
THAP12P5	0	1	0	0	0	0	0	0	0
THAP12P9	1	0	0	0	0	0	0	0	0
THAP2	16	14	3	2	3	5	3	0	18
THAP3	21	6	2	9	5	7	3	0	10
THAP4	108	56	8	53	17	33	22	0	47
THAP5	59	44	10	22	16	37	11	0	51
THAP5P1	2	0	0	0	0	0	0	0	2
THAP6	39	28	10	14	11	23	12	1	30
THAP7	25	23	8	14	5	12	4	0	7
THAP7-AS1	11	4	1	4	2	0	2	0	4
THAP8	5	4	0	3	1	3	5	0	2
THAP9	12	11	0	4	3	12	7	0	18
THAP9-AS1	35	25	6	18	10	19	6	0	16
THBD	3	2	0	3	0	0	0	0	0
THBS1	1661	468	91	453	172	355	151	1	338
THBS1-AS1	0	0	0	1	0	0	0	0	0
THBS1-IT1	26	16	2	8	4	8	9	0	4
THBS2	3	0	0	0	0	0	0	0	0
THBS2-AS1	2	1	0	1	0	1	0	0	0
THBS3	34	23	12	8	6	18	17	0	24
THBS3-AS1	71	41	7	20	12	16	12	0	19
THBS4	17	10	2	10	4	6	1	0	14
THBS4-AS1	1	3	0	2	0	0	0	0	0
THCAT155	0	2	0	1	0	0	0	0	0
THEG	1	0	0	0	0	0	0	0	0
THEGL	4	1	0	1	0	4	0	0	4
THEM4	100	52	12	46	27	39	12	0	61
THEM5	1	0	0	0	0	0	0	0	0
THEM6	40	36	4	14	9	15	9	0	31
THEM7P	16	8	0	3	1	3	1	1	2
THEMIS	19	8	0	11	3	2	2	0	3
THEMIS2	5	3	1	1	0	1	0	0	6
THEMIS3P	1	1	0	1	0	1	0	0	0
THG1L	53	23	10	20	6	18	6	0	23
THNSL1	14	6	0	8	4	3	1	0	5
THNSL2	3	0	0	0	0	0	0	0	0
THOC1	119	77	13	51	27	64	15	0	82
THOC1-DT	3	2	0	0	2	3	0	0	1
THOC2	579	374	67	235	131	312	81	1	360
THOC3	5	7	4	10	3	7	2	0	9
THOC5	166	89	20	83	18	60	42	0	79
THOC6	62	21	2	27	6	25	11	1	19
THOC7	113	74	9	67	32	60	31	0	79
THOP1	207	86	21	81	45	41	28	2	78
THORLNC	4	1	0	1	1	0	0	0	2
THPO	5	0	0	0	0	0	0	0	1
THRA	66	55	15	37	15	38	23	0	50
THRAP3	822	527	97	341	177	366	120	1	558
THRAP3P1	1	0	0	0	1	0	0	0	0
THRAP3P2	1	0	0	0	0	0	0	0	0
THRB	200	204	38	88	67	126	49	1	218
THRB-AS1	14	7	1	2	1	2	3	0	1
THRB-IT1	2	0	0	1	0	1	0	0	2
THSD1	8	4	0	2	2	0	1	0	3
THSD4	776	442	54	270	140	243	48	0	141
THSD4-AS1	7	13	1	4	2	5	1	0	4
THSD7A	41	19	4	10	16	22	2	0	20
THSD7B	53	35	8	27	9	21	6	0	20
THSD8	4	2	0	3	0	2	0	0	0
THTPA	10	8	2	10	6	3	7	0	13
THUMPD1	114	53	12	47	25	43	18	0	41
THUMPD2	136	80	8	48	17	77	20	0	65
THUMPD3	120	78	8	49	27	70	15	0	69
THUMPD3-AS1	239	187	42	108	69	174	36	0	204
THUMPD3P1	0	1	0	0	0	0	0	0	0
THY1	47	30	6	27	10	22	15	0	25
THY1-AS1	1	0	0	0	0	0	0	0	0
THYN1	17	7	1	8	3	3	5	0	7
TIA1	179	144	28	90	56	134	37	2	221
TIAL1	318	194	46	133	59	168	43	1	209
TIAM1	46	44	3	32	15	14	7	0	30
TIAM1-AS1	0	0	0	2	0	1	0	0	0
TIAM2	323	218	32	139	98	193	51	1	252
TICAM1	106	37	12	35	19	27	14	0	46
TICAM2	2	2	0	1	0	0	0	0	1
TICAM2-AS1	1	1	0	0	0	0	0	0	4
TICRR	196	176	28	111	61	91	33	1	190
TIE1	2	0	0	1	1	0	0	0	0
TIFA	36	21	5	23	4	18	8	0	20
TIFAB	1	0	0	0	0	0	0	0	0
TIGAR	7	9	1	8	2	4	1	0	8
TIGD1	25	24	5	10	3	11	5	0	17
TIGD2	17	11	2	6	2	6	1	0	12
TIGD3	1	0	1	1	0	0	0	0	0
TIGD4	2	0	1	1	0	0	1	0	1
TIGD5	47	26	4	15	9	9	5	0	17
TIGD6	7	5	1	5	4	4	3	0	5
TIGD7	2	0	0	0	1	4	1	0	3
TIGIT	3	0	0	0	0	1	0	0	0
TILRLS	0	1	0	0	0	0	0	0	0
TIMD4	2	0	0	0	0	0	1	0	0
TIMELESS	124	96	16	45	32	57	24	1	71
TIMM10	15	6	3	6	3	2	3	0	4
TIMM10B	72	45	15	33	11	37	10	0	49
TIMM13	95	43	10	39	13	22	10	0	19
TIMM17A	158	91	19	67	26	69	33	0	84
TIMM17B	27	11	3	8	6	13	9	0	18
TIMM21	78	50	10	25	20	27	18	0	51
TIMM22	35	17	5	18	8	23	9	0	12
TIMM23	134	99	11	63	31	55	21	0	72
TIMM23B	5	4	0	2	1	2	0	0	4
TIMM23B-AGAP6	157	114	12	58	25	70	22	0	96
TIMM29	16	5	1	2	0	8	4	0	7
TIMM44	91	57	16	33	19	25	13	0	46
TIMM50	99	54	12	40	17	36	14	0	44
TIMM8A	30	16	1	11	5	6	7	0	8
TIMM8B	19	5	1	8	4	5	1	0	5
TIMM9	55	39	9	35	14	25	9	0	41
TIMMDC1	113	66	14	47	25	75	12	0	76
TIMMDC1-DT	1	0	0	1	0	1	0	0	0
TIMP1	102	62	6	29	27	34	17	0	39
TIMP2	591	407	96	255	128	281	150	2	384
TIMP3	248	139	27	87	49	99	39	2	118
TIMP4	8	2	0	5	1	1	1	0	1
TINAG	1	2	0	1	0	0	0	0	1
TINAGL1	43	16	1	11	3	1	3	0	2
TINCR	1	1	0	1	0	1	0	0	0
TINF2	37	17	1	10	9	10	4	0	13
TIPARP	356	251	30	136	77	167	47	0	172
TIPARP-AS1	3	1	0	1	1	1	0	0	0
TIPIN	109	103	10	39	27	37	18	0	47
TIPRL	93	62	11	44	31	39	15	0	69
TIRAP	13	6	1	8	0	6	1	0	6
TIRAP-AS1	7	6	2	2	1	5	2	0	12
TJAP1	96	72	12	29	26	30	14	0	68
TJP1	562	330	64	226	126	279	67	1	407
TJP2	1	0	0	1	0	0	0	0	2
TJP3	3	1	0	0	0	1	2	0	3
TK1	121	88	13	51	29	53	25	0	74
TK2	16	15	3	10	10	11	7	0	12
TKFC	62	32	7	29	18	23	6	0	21
TKT	1529	1116	239	735	396	651	348	2	995
TKTL1	1	0	0	0	1	1	0	0	0
TLCD1	16	9	1	8	1	5	4	0	16
TLCD2	1	1	1	3	2	3	1	0	10
TLCD3A	59	31	6	20	7	25	3	0	20
TLCD3B	5	4	2	1	0	2	0	0	2
TLCD4	17	10	0	18	3	16	4	0	23
TLCD4-RWDD3	80	34	13	30	22	38	19	0	39
TLCD5	29	10	1	3	1	7	4	0	8
TLDC2	2	0	0	1	1	0	0	0	0
TLE1	94	46	11	30	15	30	11	0	52
TLE1-DT	13	5	1	4	1	6	1	0	4
TLE1P1	1	0	0	0	0	0	0	0	0
TLE2	7	8	1	3	1	2	1	0	9
TLE3	662	482	80	238	156	235	133	1	280
TLE4	242	175	30	98	64	146	46	0	298
TLE5	179	102	32	101	42	82	41	0	103
TLE6	4	3	1	1	0	2	0	0	3
TLK1	485	317	55	194	120	263	69	1	320
TLK1P1	1	0	0	0	0	0	0	0	0
TLK2	265	169	30	125	58	135	47	1	214
TLK2P1	2	0	0	0	2	1	0	0	0
TLL1	632	559	124	273	213	564	156	2	634
TLL2	7	7	1	1	4	3	2	0	11
TLN1	805	487	103	326	173	333	160	0	475
TLN2	431	253	50	179	83	166	86	1	178
TLNRD1	52	22	5	12	8	11	6	0	11
TLR1	7	4	1	3	1	1	0	0	1
TLR2	2	1	0	3	0	0	0	0	3
TLR3	7	5	0	2	0	1	0	0	0
TLR4	45	34	8	22	8	13	8	0	28
TLR5	2	1	0	2	0	1	2	0	1
TLR6	29	13	2	17	7	12	4	0	11
TLR7	1	1	0	0	0	0	0	0	1
TLR8	0	1	0	0	0	0	0	0	0
TLR8-AS1	1	0	0	0	0	0	0	0	0
TLX1	5	0	0	1	0	0	0	0	1
TLX1NB	3	3	1	3	0	1	0	0	0
TLX2	0	1	0	0	0	0	0	0	0
TLX3	18	6	1	4	2	4	1	0	3
TM2D1	140	98	19	75	52	106	23	1	143
TM2D2	56	22	3	27	6	15	9	0	21
TM2D3	79	55	17	19	29	36	8	0	59
TM4SF1	1150	523	80	398	202	320	102	0	288
TM4SF1-AS1	11	7	2	0	2	2	1	0	3
TM4SF18	0	0	0	0	0	0	0	0	1
TM4SF19	1	0	0	0	0	0	0	0	1
TM4SF19-AS1	4	4	0	0	2	1	1	0	1
TM4SF19-DYNLT2B	11	6	0	1	3	2	0	0	0
TM4SF20	1	2	0	3	1	1	0	0	0
TM4SF4	1	1	0	0	0	1	1	0	0
TM4SF5	1	0	0	1	0	0	0	0	0
TM6SF1	2	0	0	0	0	0	0	0	0
TM7SF2	12	6	1	6	1	6	1	1	8
TM7SF3	111	95	14	58	24	60	22	0	83
TM9SF1	4	3	1	3	0	3	0	0	3
TM9SF2	436	272	54	168	96	169	74	0	247
TM9SF3	490	302	62	188	125	241	73	0	295
TM9SF4	298	194	41	118	68	144	48	0	188
TM9SF5P	18	14	1	8	6	13	2	0	10
TMA16	102	67	10	41	22	59	16	0	75
TMA16P1	0	0	0	2	0	0	0	0	0
TMA7	68	48	12	39	24	27	12	0	41
TMBIM1	97	36	5	24	14	19	15	0	19
TMBIM4	13	14	3	6	2	8	1	0	4
TMBIM6	1020	672	123	409	258	453	157	0	552
TMBIM7P	4	2	0	1	0	0	0	0	1
TMC1	17	11	2	8	3	10	2	0	7
TMC2	7	3	0	0	1	0	0	0	1
TMC3	1	2	0	0	0	1	0	0	0
TMC3-AS1	8	3	4	0	1	2	1	0	2
TMC4	0	1	0	2	2	0	1	0	0
TMC5	18	6	0	2	0	0	2	0	9
TMC6	32	18	2	4	7	5	3	0	11
TMC7	45	13	10	26	6	29	4	0	24
TMC8	2	0	0	0	0	1	0	0	1
TMCC1	420	328	51	202	119	281	86	1	336
TMCC1-DT	31	25	3	17	7	22	10	2	31
TMCC2	13	7	2	6	6	7	7	0	10
TMCC2-AS1	2	1	0	2	0	1	0	0	0
TMCC3	8	2	0	4	0	2	2	0	1
TMCO1	153	123	26	72	47	84	30	0	114
TMCO1-AS1	7	1	1	3	2	2	3	0	4
TMCO2	0	1	0	0	0	0	2	0	0
TMCO3	244	180	26	109	61	97	64	0	120
TMCO4	150	114	19	65	36	51	22	0	77
TMCO5A	0	0	1	0	1	1	0	0	0
TMCO5B	3	1	0	0	0	0	0	0	0
TMCO6	24	14	2	10	5	12	6	0	18
TMED1	33	15	2	18	4	11	6	0	9
TMED10	286	262	32	140	80	154	54	1	194
TMED11P	7	1	0	1	0	0	0	0	1
TMED2	277	172	52	116	67	127	43	0	143
TMED2-DT	6	3	1	1	2	3	0	0	3
TMED3	327	204	40	129	90	157	58	0	190
TMED4	114	77	11	48	22	41	20	0	88
TMED5	206	124	30	75	48	105	35	1	139
TMED6	1	0	0	0	0	0	0	0	0
TMED7	230	142	21	83	54	124	31	1	134
TMED7-TICAM2	208	117	24	61	34	70	24	0	97
TMED8	86	63	13	52	19	38	14	0	62
TMED9	225	171	17	77	53	71	31	0	110
TMEFF1	2	1	1	0	0	0	0	0	0
TMEFF2	16	4	2	3	2	3	6	1	8
TMEM100	1	1	0	0	0	0	0	0	0
TMEM101	44	27	7	19	6	16	9	0	13
TMEM102	17	4	3	3	1	3	0	0	0
TMEM104	147	107	17	52	38	49	34	0	70
TMEM105	1	0	0	0	0	0	0	0	0
TMEM106A	30	19	4	10	3	5	1	0	14
TMEM106B	123	94	22	55	40	77	26	0	94
TMEM106C	75	56	11	34	26	30	24	0	59
TMEM107	9836	8376	295	2764	2006	819	1501	12	1087
TMEM108	14	8	2	5	0	2	2	0	2
TMEM109	122	64	9	34	18	34	25	0	41
TMEM109-DT	1	1	0	0	1	2	0	0	0
TMEM11	88	67	6	40	16	33	17	2	42
TMEM11-DT	43	44	4	8	19	22	13	0	34
TMEM114	7	1	0	0	1	0	0	0	0
TMEM115	46	20	2	17	4	11	13	0	17
TMEM116	46	45	11	26	16	48	14	0	67
TMEM117	399	253	47	170	74	179	83	0	248
TMEM120A	9	10	2	10	3	5	0	0	14
TMEM120B	211	154	34	83	55	70	35	1	70
TMEM121	2	0	0	1	0	1	0	0	2
TMEM121B	1	0	0	2	0	0	0	0	0
TMEM123	212	145	26	106	55	123	24	3	145
TMEM123-DT	1	4	0	3	0	0	0	0	0
TMEM126A	25	26	3	17	10	10	7	0	22
TMEM126B	62	56	9	33	18	22	13	0	42
TMEM127	69	54	9	23	10	30	12	0	37
TMEM128	26	17	1	6	5	11	4	0	9
TMEM129	14	26	2	10	3	5	10	0	13
TMEM130	7	2	0	1	0	1	0	0	0
TMEM131	321	227	47	125	88	195	57	0	248
TMEM131L	257	190	40	87	45	123	51	1	163
TMEM132A	104	68	17	40	16	38	25	0	53
TMEM132B	16	11	1	9	3	7	3	0	5
TMEM132C	45	19	4	9	5	13	6	0	13
TMEM132D	28	22	1	12	5	12	5	0	10
TMEM132E	1	2	0	2	0	1	0	0	1
TMEM132E-DT	0	1	0	0	0	0	0	0	0
TMEM134	10	3	1	2	1	4	0	0	6
TMEM135	241	292	48	182	101	309	99	0	411
TMEM138	84	70	7	42	17	41	17	0	48
TMEM139-AS1	2	0	0	2	1	1	0	0	2
TMEM140	2	0	0	0	0	1	0	0	0
TMEM141	7	7	6	6	0	6	5	0	12
TMEM143	37	25	2	17	7	12	7	0	25
TMEM144	17	6	3	8	3	10	4	0	7
TMEM145	6	4	0	5	2	0	1	0	1
TMEM147	42	29	7	22	4	18	6	0	24
TMEM147-AS1	32	22	6	8	8	11	5	0	18
TMEM14A	30	28	9	20	8	22	13	1	14
TMEM14B	35	19	4	11	7	14	7	0	9
TMEM14B-DT	1	0	0	0	0	2	0	0	2
TMEM14C	90	54	9	33	17	37	16	0	46
TMEM150A	13	5	2	6	2	1	1	0	2
TMEM150B	1	0	0	0	0	1	0	0	0
TMEM150C	6	3	0	4	0	2	0	0	3
TMEM151A	4	0	2	3	0	0	0	0	0
TMEM151B	5	0	0	0	0	1	1	0	3
TMEM154	24	5	0	6	3	11	5	0	11
TMEM156	30	12	2	11	3	4	0	0	3
TMEM158	56	13	2	21	2	8	5	1	12
TMEM160	18	7	3	7	0	4	3	0	6
TMEM161A	95	66	16	36	16	31	13	1	52
TMEM161B	283	177	46	118	61	173	46	0	237
TMEM161B-DT	132	130	24	48	55	118	20	0	149
TMEM161BP1	0	0	0	0	0	1	0	0	0
TMEM163	33	21	4	5	10	11	2	0	8
TMEM164	296	161	31	116	55	127	46	0	120
TMEM165	390	264	57	194	94	218	76	1	271
TMEM167A	266	194	35	123	72	126	42	0	162
TMEM167AP2	0	1	0	0	0	0	0	0	0
TMEM167B	20	19	7	20	4	14	5	0	16
TMEM167B-DT	7	4	0	5	0	2	1	0	4
TMEM168	146	99	21	59	42	109	23	1	132
TMEM169	1	1	0	1	1	0	3	0	0
TMEM17	4	0	0	1	0	1	1	0	0
TMEM170A	19	17	4	7	8	12	4	1	12
TMEM170B	5	6	0	3	3	1	1	0	4
TMEM171	0	0	0	1	0	0	0	0	0
TMEM174	0	1	0	0	0	0	0	0	0
TMEM175	18	12	3	13	4	5	8	0	27
TMEM176A	0	2	0	2	0	1	0	0	0
TMEM177	13	13	4	11	3	1	7	0	13
TMEM178A	4	2	2	0	0	0	0	0	1
TMEM178B	24	14	1	8	2	8	5	0	8
TMEM179	12	5	0	1	0	1	1	0	4
TMEM179B	34	18	5	20	10	16	3	0	18
TMEM18	60	56	7	28	15	23	5	0	35
TMEM18-DT	3	0	0	1	0	0	0	0	1
TMEM181	467	284	57	196	119	161	57	0	194
TMEM182	55	43	6	24	18	34	10	0	34
TMEM183A	43	45	7	21	14	35	10	0	27
TMEM184A	66	40	11	14	18	26	19	0	27
TMEM184B	228	173	30	90	71	73	47	0	123
TMEM184C	88	49	17	38	16	48	14	0	51
TMEM184C-DT	2	1	0	1	0	1	0	0	1
TMEM185A	26	17	4	10	8	14	6	0	32
TMEM185B	71	42	7	27	13	24	9	0	24
TMEM186	16	17	2	6	5	11	2	0	10
TMEM187	11	10	1	7	5	13	3	0	16
TMEM19	26	25	7	5	9	20	7	1	26
TMEM190	3	3	1	1	0	0	1	0	2
TMEM191A	0	0	0	0	0	0	0	0	1
TMEM191B	0	0	0	1	0	0	0	0	0
TMEM191C	1	0	0	1	0	0	0	0	0
TMEM192	52	30	12	25	12	16	6	0	34
TMEM196	1	1	0	1	0	0	0	0	0
TMEM198	4	5	0	0	1	2	0	0	1
TMEM198B	26	30	8	8	11	11	14	0	30
TMEM199	41	30	5	26	10	20	5	0	14
TMEM200A	6	2	0	1	0	1	2	0	0
TMEM200B	15	1	3	3	0	4	0	0	1
TMEM200C	6	2	0	1	1	1	0	0	3
TMEM201	147	69	18	51	20	32	23	0	56
TMEM202	1	0	0	1	0	0	0	0	1
TMEM202-AS1	14	11	2	8	0	6	2	0	12
TMEM203	28	17	2	18	4	15	13	1	25
TMEM205	16	17	7	9	4	11	3	0	10
TMEM207	0	1	0	0	0	0	0	0	1
TMEM208	30	20	4	13	4	9	5	0	7
TMEM209	191	162	30	84	50	128	40	0	146
TMEM212	6	4	0	3	2	1	0	0	1
TMEM212-AS1	9	8	1	4	4	9	0	0	7
TMEM213	1	1	0	1	0	0	0	0	0
TMEM214	116	72	14	49	16	52	21	0	68
TMEM216	10	10	1	9	11	5	6	0	8
TMEM217	16	18	2	3	4	11	5	0	18
TMEM218	19	12	4	11	2	13	5	0	13
TMEM219	26	20	2	18	9	16	7	0	24
TMEM220	1	1	0	1	0	0	1	0	2
TMEM222	90	54	9	34	21	41	13	0	32
TMEM223	46	25	2	9	13	11	10	0	22
TMEM229A	0	0	0	0	0	0	1	0	0
TMEM229B	3	3	1	6	1	1	1	0	2
TMEM230	40	29	4	14	9	32	11	0	35
TMEM231	10	7	2	3	1	1	2	0	3
TMEM232	145	122	21	80	42	87	45	3	163
TMEM233	0	5	0	1	0	1	0	0	0
TMEM234	23	17	3	10	4	7	9	0	10
TMEM235	4	0	0	1	2	0	1	0	0
TMEM236	4	4	0	2	2	1	1	0	4
TMEM237	79	53	11	36	19	34	17	1	61
TMEM238	22	25	3	16	6	11	2	0	14
TMEM240	8	5	0	2	6	2	5	0	9
TMEM241	178	132	22	80	47	94	31	0	110
TMEM242	71	60	11	36	23	42	13	0	55
TMEM242-DT	0	0	0	1	0	0	0	0	0
TMEM243	158	101	18	46	34	40	19	2	73
TMEM244	2	1	0	0	0	0	0	0	0
TMEM245	440	301	63	145	118	232	92	0	323
TMEM246-AS1	1	0	0	0	0	0	0	0	0
TMEM248	231	140	25	103	49	120	41	0	147
TMEM249	5	1	0	0	1	1	0	0	0
TMEM25	6	3	2	2	3	2	3	0	10
TMEM250	99	38	16	45	17	24	12	1	35
TMEM251	5	5	0	4	5	2	0	0	3
TMEM252-DT	8	4	0	3	0	2	0	0	3
TMEM253	1	0	0	1	0	1	0	0	2
TMEM254	11	10	0	5	0	7	3	0	8
TMEM254-AS1	0	3	1	0	1	1	0	0	2
TMEM255A	3	1	1	0	0	1	0	0	0
TMEM255B	5	14	0	1	0	0	0	0	1
TMEM256	10	6	1	3	1	6	1	0	4
TMEM256-PLSCR3	21	23	2	6	6	3	8	0	19
TMEM258	72	50	6	30	22	26	6	0	33
TMEM259	266	150	25	91	62	63	30	0	88
TMEM26	1	2	0	0	0	1	1	0	0
TMEM26-AS1	2	1	0	0	0	0	0	0	0
TMEM260	67	61	7	39	23	33	14	0	85
TMEM262	2	0	0	0	0	1	0	0	0
TMEM263	149	109	28	71	41	98	27	0	124
TMEM263-DT	4	1	0	0	0	0	1	0	2
TMEM265	2	3	0	0	0	1	0	0	2
TMEM266	18	8	1	5	4	2	1	0	10
TMEM267	258	175	30	108	54	127	24	0	177
TMEM268	79	59	13	36	18	32	10	0	53
TMEM269	7	3	1	0	2	0	1	0	3
TMEM270	0	0	0	0	0	0	0	0	1
TMEM271	4	2	0	2	0	0	1	0	2
TMEM273	1	2	0	1	4	4	1	0	0
TMEM274P	0	0	0	0	0	1	0	0	1
TMEM276	7	7	0	3	0	3	3	0	3
TMEM277P	0	0	0	0	0	0	0	0	1
TMEM30A	277	134	33	117	66	127	30	0	148
TMEM30A-DT	8	3	2	3	4	2	2	0	4
TMEM30BP1	0	0	0	0	0	2	0	0	0
TMEM30CP	4	8	1	3	2	2	1	0	3
TMEM31	1	0	0	0	0	0	0	0	0
TMEM33	401	236	36	183	92	175	51	0	207
TMEM35A	1	0	0	0	0	0	0	0	1
TMEM35B	25	1	1	1	1	2	0	0	0
TMEM37	0	0	0	0	0	2	1	0	0
TMEM38A	31	18	4	13	8	7	8	0	20
TMEM38B	92	59	7	27	17	51	14	0	74
TMEM39A	168	101	29	74	42	88	20	0	137
TMEM39B	80	48	13	30	27	48	12	0	53
TMEM40	0	3	0	2	0	0	0	0	1
TMEM41A	67	57	7	25	17	28	6	0	41
TMEM41B	165	137	22	78	28	109	33	0	158
TMEM42	11	13	2	7	3	6	4	0	5
TMEM43	198	118	16	67	37	67	24	0	77
TMEM44	109	112	17	58	42	49	33	0	73
TMEM44-AS1	15	8	1	9	4	8	2	0	12
TMEM44-AS2	13	2	0	6	0	2	0	0	5
TMEM45A	52	27	11	19	14	22	9	0	41
TMEM45B	1	1	0	0	0	0	0	0	0
TMEM47	24	23	5	14	14	27	9	0	23
TMEM50A	156	91	19	65	40	64	20	0	90
TMEM50B	28	20	4	11	2	14	10	0	17
TMEM51	92	117	18	50	40	62	25	1	85
TMEM51-AS1	5	4	0	1	3	5	2	0	4
TMEM52	2	0	0	1	0	0	0	0	1
TMEM52B	3	0	0	2	2	0	0	0	1
TMEM53	9	8	4	7	2	8	2	0	7
TMEM54	7	3	4	2	2	3	3	0	2
TMEM59	171	140	19	50	64	84	28	0	117
TMEM59L	26	18	3	11	6	2	3	0	14
TMEM60	23	18	0	5	7	7	5	0	12
TMEM61	0	1	0	0	0	0	0	0	0
TMEM62	45	30	3	20	12	23	9	0	36
TMEM63A	98	69	9	39	26	33	11	0	40
TMEM63B	74	52	9	23	14	24	19	0	59
TMEM63C	29	18	3	9	12	16	6	0	15
TMEM64	78	46	9	23	15	50	15	0	74
TMEM65	240	131	26	90	58	105	25	0	119
TMEM67	65	33	4	24	12	29	11	0	47
TMEM68	43	34	8	10	18	26	8	0	33
TMEM69	48	43	7	28	12	25	9	0	50
TMEM70	30	24	2	11	7	13	9	0	24
TMEM71	2	1	0	0	0	1	0	0	1
TMEM72	1	0	1	0	1	0	0	0	0
TMEM72-AS1	22	2	0	0	2	3	1	0	3
TMEM74	22	4	0	5	3	3	5	0	4
TMEM74B	0	1	0	0	0	0	0	0	0
TMEM78	18	3	0	3	1	1	0	0	0
TMEM79	20	13	0	9	5	3	3	0	5
TMEM80	20	28	4	5	5	7	4	1	12
TMEM81	5	4	3	0	0	2	0	0	4
TMEM86A	0	0	0	0	0	1	1	0	0
TMEM86B	1	2	0	0	0	2	1	0	0
TMEM87A	347	250	41	145	72	187	39	0	211
TMEM87B	51	29	7	19	11	28	7	0	29
TMEM88	5	3	0	1	1	0	1	0	1
TMEM88B	0	0	0	1	0	0	0	0	0
TMEM8B	14	9	4	4	1	7	7	0	12
TMEM9	91	60	10	43	20	39	17	1	41
TMEM91	35	33	7	16	15	21	12	0	38
TMEM92	5	3	0	0	2	0	1	0	2
TMEM92-AS1	2	3	0	3	1	0	0	0	4
TMEM94	66	56	11	31	16	38	21	0	41
TMEM95	1	1	0	0	0	0	0	0	0
TMEM97	90	74	17	50	32	33	19	1	61
TMEM97P1	0	0	0	0	1	0	0	0	0
TMEM9B	77	46	7	32	21	22	12	0	32
TMEM9B-AS1	14	23	2	9	5	10	10	0	24
TMF1	116	67	10	41	31	61	10	0	78
TMIE	1	1	0	1	0	0	0	0	0
TMIGD1	0	0	0	1	1	0	0	0	0
TMIGD3	4	2	0	4	2	1	3	0	0
TMLHE	98	62	11	29	21	32	15	0	58
TMLHE-AS1	3	4	1	0	2	0	1	0	1
TMOD1	42	43	11	18	6	28	15	0	34
TMOD2	9	1	2	2	0	1	0	0	2
TMOD3	1049	526	94	411	200	433	123	0	459
TMOD4	8	7	1	5	1	2	1	0	4
TMPO	469	294	65	171	108	216	79	0	320
TMPO-AS1	11	9	3	2	2	3	2	0	8
TMPOP1	0	0	0	0	1	0	0	0	0
TMPOP2	1	1	0	1	0	0	0	0	0
TMPPE	27	11	4	12	4	5	5	0	11
TMPRSS11A	2	1	0	1	0	0	1	0	0
TMPRSS11B	0	1	0	0	0	0	0	0	1
TMPRSS11CP	0	0	0	0	0	0	1	0	0
TMPRSS11D	1	0	0	1	0	0	0	0	0
TMPRSS11E	2	0	0	0	0	1	0	0	1
TMPRSS11F	2	2	0	0	0	1	0	0	1
TMPRSS12	5	1	1	2	0	3	0	1	3
TMPRSS13	2	0	0	0	0	0	0	0	1
TMPRSS15	452	298	72	213	155	296	91	0	338
TMPRSS2	4	1	1	2	0	2	2	0	2
TMPRSS3	11	7	0	2	1	3	1	0	2
TMPRSS4	8	17	1	9	6	0	1	0	2
TMPRSS5	2	1	0	1	1	3	0	0	2
TMPRSS6	2	1	0	0	0	1	0	0	1
TMPRSS7	2	0	0	0	3	0	2	0	2
TMPRSS9	5	2	1	1	3	2	0	0	4
TMSB10	519	321	58	207	112	220	96	0	255
TMSB10P1	0	0	1	0	0	0	0	0	0
TMSB15A	0	1	0	0	0	0	0	0	0
TMSB15B	4	0	1	0	0	1	0	0	2
TMSB4X	199	106	17	93	35	71	32	0	99
TMSB4XP1	1	0	0	0	0	0	0	0	0
TMSB4XP4	14	5	2	5	4	15	0	0	7
TMSB4XP6	2	1	0	2	0	2	0	0	0
TMSB4XP8	1	1	0	0	0	0	0	0	0
TMSB4Y	1	0	0	0	0	0	0	0	0
TMTC1	968	596	113	392	263	487	147	0	532
TMTC2	1072	836	182	518	326	767	266	2	1141
TMTC3	148	117	21	65	34	70	33	0	116
TMTC4	85	53	12	46	23	41	24	1	43
TMUB1	34	24	6	22	11	14	9	0	13
TMUB2	51	31	9	7	9	21	9	0	21
TMX1	231	189	33	116	82	137	37	0	161
TMX2	88	70	18	48	16	30	20	0	30
TMX2P1	1	0	0	0	0	0	0	0	0
TMX3	263	161	29	90	68	124	26	1	161
TMX4	63	59	11	23	14	44	9	0	56
TMX4-AS1	1	0	1	0	0	0	0	0	1
TNC	88	41	5	19	10	35	8	0	37
TNF	2	0	0	1	0	0	0	0	0
TNFAIP1	106	71	17	32	20	44	22	0	58
TNFAIP2	167	86	18	57	19	51	29	0	65
TNFAIP3	118	31	5	39	8	19	8	0	29
TNFAIP6	15	4	2	3	4	4	0	0	2
TNFAIP8	365	204	39	133	64	137	47	2	134
TNFAIP8L1	4	7	1	6	2	2	3	0	2
TNFAIP8L3	6	1	0	1	1	2	0	0	0
TNFRSF10A	94	36	8	27	19	33	3	0	31
TNFRSF10A-DT	7	4	0	5	1	3	1	0	4
TNFRSF10B	274	176	27	99	49	107	38	2	134
TNFRSF10C	1	1	0	0	0	0	0	0	0
TNFRSF10D	72	44	6	37	18	33	11	0	31
TNFRSF11A	25	13	1	6	4	4	4	0	11
TNFRSF11B	455	314	58	165	109	253	83	0	281
TNFRSF12A	278	78	15	96	36	44	5	0	39
TNFRSF13B	1	0	0	2	0	0	0	0	0
TNFRSF13C	3	2	0	1	1	2	2	0	5
TNFRSF14	2	8	0	0	2	4	0	0	3
TNFRSF14-AS1	1	0	0	0	1	1	0	0	0
TNFRSF18	0	0	0	1	0	0	0	0	0
TNFRSF19	246	149	37	77	66	125	54	0	184
TNFRSF1A	144	110	32	50	30	55	34	0	95
TNFRSF1B	10	7	1	4	3	5	3	0	3
TNFRSF21	178	110	21	73	39	62	13	0	82
TNFRSF25	9	6	0	0	1	0	1	0	4
TNFRSF4	0	0	0	0	0	1	0	0	1
TNFRSF6B	3	3	0	1	0	0	1	0	3
TNFRSF8	19	16	2	12	2	5	8	0	7
TNFRSF9	3	1	0	2	1	1	0	0	0
TNFSF10	0	1	0	1	1	0	2	0	2
TNFSF11	6	5	0	2	1	2	1	0	6
TNFSF12	2	2	0	0	1	1	0	0	0
TNFSF12-TNFSF13	7	4	0	3	2	0	1	0	5
TNFSF13	1	0	1	2	0	1	1	0	0
TNFSF13B	21	27	4	11	12	16	3	0	20
TNFSF14	2	0	0	0	0	0	0	0	0
TNFSF15	9	3	1	1	0	2	0	0	1
TNFSF4	4	4	1	0	0	2	0	0	3
TNFSF8	1	1	0	0	0	0	0	0	1
TNFSF9	67	15	4	20	5	7	2	0	15
TNIK	144	80	19	48	25	58	24	0	67
TNIP1	172	97	19	73	23	48	20	0	46
TNIP2	61	25	3	20	7	15	4	0	21
TNIP3	2	3	0	2	2	2	1	0	4
TNK1	14	7	1	4	0	6	1	0	9
TNK2	151	107	21	63	50	55	51	0	86
TNK2-AS1	1	0	0	1	0	1	0	0	1
TNKS	414	336	53	192	116	263	76	1	318
TNKS1BP1	205	117	28	87	56	74	34	0	85
TNKS2	258	202	38	101	60	140	48	0	198
TNKS2-DT	1	0	1	1	0	2	1	0	1
TNMD	0	0	0	1	0	0	0	0	1
TNN	6	8	0	4	1	1	1	0	3
TNNC1	1	1	0	2	0	0	0	0	0
TNNC2	1	1	1	1	2	1	0	0	4
TNNI1	0	1	0	1	1	0	0	0	1
TNNI3	1	0	0	0	0	0	0	0	1
TNNT1	10	8	1	6	2	3	5	0	11
TNNT3	1	0	0	0	0	0	0	0	0
TNPO1	1384	693	118	502	246	577	170	1	715
TNPO1-DT	3	1	0	0	0	0	0	0	0
TNPO1P1	1	2	0	1	0	1	1	0	1
TNPO1P2	1	0	0	0	0	0	0	0	0
TNPO1P3	0	1	0	0	0	0	0	0	0
TNPO2	791	568	101	347	136	271	133	0	398
TNPO3	375	233	53	143	83	180	53	1	262
TNPO3P1	1	0	0	0	0	0	0	0	0
TNR	15	9	2	5	2	1	6	0	9
TNRC18	443	344	82	172	105	205	93	0	309
TNRC18P1	6	1	0	0	4	1	0	0	1
TNRC18P3	0	0	0	1	0	0	1	0	0
TNRC6A	782	428	100	282	153	379	139	0	458
TNRC6B	592	424	84	266	137	327	109	2	431
TNRC6B-DT	0	1	1	1	0	1	0	0	1
TNRC6C	23	25	3	13	6	14	12	0	19
TNS1	257	377	65	119	127	179	87	0	255
TNS1-AS1	0	1	0	0	0	1	0	0	1
TNS2	51	40	8	24	9	27	13	0	40
TNS2-AS1	37	36	5	8	14	16	11	0	19
TNS3	720	425	73	307	150	288	131	1	329
TNS4	464	264	52	175	86	162	86	0	157
TNXA	0	0	0	0	0	1	0	0	0
TNXB	14	12	1	7	6	9	1	0	10
TOB1	271	181	38	108	82	101	62	0	153
TOB1-AS1	9	8	2	4	0	3	0	0	9
TOB2	169	107	25	70	32	65	27	0	67
TOB2P1	1	0	0	0	0	1	0	0	1
TOE1	49	29	2	13	9	20	14	0	27
TOGARAM1	119	61	9	46	21	58	12	0	72
TOGARAM2	22	11	1	9	3	3	1	0	14
TOLLIP	47	31	3	15	7	8	4	0	20
TOLLIP-DT	2	2	0	0	0	0	0	0	0
TOM1	101	54	9	30	15	39	16	0	34
TOM1L1	177	119	27	67	29	81	33	1	99
TOM1L2	254	196	34	104	83	130	68	2	195
TOMM20	514	365	51	221	116	169	76	1	257
TOMM20L-DT	3	1	0	1	0	0	0	0	2
TOMM20P1	0	0	0	0	0	1	0	0	0
TOMM20P4	1	0	0	0	0	0	0	0	0
TOMM22	60	22	7	44	9	23	8	1	24
TOMM34	112	63	10	34	18	43	17	0	60
TOMM40	250	107	29	77	31	71	26	0	78
TOMM40L	23	6	6	10	8	5	2	0	7
TOMM5	38	27	2	11	4	7	2	0	13
TOMM6	23	19	2	15	7	9	5	0	8
TOMM7	62	43	6	31	19	23	13	1	23
TOMM70	264	172	20	120	80	113	27	3	165
TONSL	146	72	17	42	21	43	30	1	68
TOP1	754	466	82	272	182	306	90	0	403
TOP1MT	67	54	11	40	16	27	13	0	37
TOP2A	1172	835	109	504	289	465	238	3	619
TOP2B	391	310	46	151	96	175	68	2	236
TOP3A	218	146	31	80	36	93	39	1	134
TOP3B	75	51	11	28	17	32	11	0	36
TOP3BP1	0	1	0	0	0	0	0	0	0
TOPAZ1	2	4	0	1	3	2	1	0	0
TOPBP1	357	283	54	168	110	227	62	1	304
TOPORS	118	58	8	35	21	42	17	0	70
TOR1A	113	82	15	48	26	38	20	0	58
TOR1AIP1	174	106	22	77	37	89	18	1	110
TOR1AIP2	372	278	36	186	94	187	78	0	272
TOR1B	76	47	9	35	19	31	17	1	31
TOR2A	9	11	2	5	1	5	7	0	5
TOR3A	53	33	8	31	5	18	19	0	27
TOR4A	101	50	14	22	10	24	7	0	21
TOX	496	359	79	177	123	301	134	0	442
TOX-DT	3	1	1	2	1	2	1	0	5
TOX2	44	10	5	7	4	19	4	0	22
TOX3	3	0	2	2	3	0	1	0	1
TOX4	82	44	7	33	22	33	13	0	67
TOX4P1	0	0	0	0	0	1	0	0	0
TP53	138	116	22	64	42	61	20	1	100
TP53AIP1	0	1	0	0	1	0	0	0	0
TP53BP1	280	186	37	126	71	133	69	0	201
TP53BP2	178	92	12	69	30	60	17	0	86
TP53I11	15	5	0	1	1	1	3	0	2
TP53I13	21	9	2	10	1	4	4	0	4
TP53I3	25	9	3	5	2	4	6	0	6
TP53INP1	18	11	5	6	2	11	2	0	20
TP53INP2	24	9	3	7	5	8	5	0	14
TP53RK	36	19	5	14	3	14	8	0	14
TP53RK-DT	0	0	0	0	0	0	1	0	0
TP53TG1	3	2	0	0	0	2	1	0	2
TP53TG5	2	4	0	0	1	0	1	0	4
TP63	46	20	2	10	6	7	5	0	14
TP73	24	19	3	7	7	7	10	0	9
TP73-AS1	51	22	4	18	14	10	10	0	27
TP73-AS3	1	0	0	0	0	2	0	0	0
TPBG	87	28	3	16	17	16	5	0	12
TPBGL	4	0	0	0	0	0	0	0	0
TPBGL-AS1	2	0	0	2	0	0	0	0	1
TPCN1	204	170	33	91	72	100	46	0	99
TPCN2	92	67	16	29	16	33	16	0	44
TPD52	546	352	73	271	116	280	108	2	334
TPD52L1	117	96	27	51	42	85	40	0	85
TPD52L2	193	71	7	74	32	33	25	0	63
TPGS1	26	19	6	8	5	12	4	0	18
TPGS2	156	122	22	71	34	77	31	1	103
TPH1	0	0	0	0	0	1	1	0	1
TPH2	3	7	0	5	1	2	0	0	2
TPI1	347	213	46	143	65	114	68	0	151
TPI1P1	2	1	0	0	0	1	0	0	2
TPI1P2	2	2	2	5	1	2	1	0	0
TPI1P3	2	1	0	0	1	0	0	0	1
TPK1	39	37	4	16	14	15	10	0	24
TPM1	1299	986	176	529	321	649	308	5	869
TPM1-AS	1	0	0	2	0	1	0	0	0
TPM2	856	588	114	355	208	281	161	1	370
TPM3	614	350	69	273	139	247	82	2	294
TPM3P2	1	0	0	0	0	1	0	0	0
TPM3P3	0	0	0	0	0	1	0	0	0
TPM3P4	0	0	0	0	0	1	0	0	0
TPM3P5	0	0	0	0	1	0	1	0	0
TPM3P6	0	1	0	1	0	0	0	0	1
TPM3P7	3	1	0	0	0	0	0	0	2
TPM3P8	1	0	0	0	0	0	0	0	0
TPM3P9	9	6	0	6	1	0	2	0	12
TPM4	1589	1186	241	784	361	745	382	1	832
TPM4P1	0	0	0	1	0	0	0	0	1
TPMT	38	15	1	9	7	16	5	0	18
TPO	4	3	0	2	4	2	3	0	3
TPP1	105	56	23	41	19	50	17	0	66
TPP2	464	243	50	183	123	213	68	1	257
TPPP	24	14	5	6	7	4	4	0	10
TPPP3	1	1	1	0	0	1	1	0	0
TPR	731	476	80	287	180	377	113	0	439
TPRA1	179	87	18	58	24	43	16	1	63
TPRG1	24	13	2	8	4	9	1	0	11
TPRG1-AS1	2	0	0	1	1	1	0	0	0
TPRG1L	35	12	4	8	4	7	5	0	13
TPRG1LP1	0	0	0	0	0	1	0	0	0
TPRKB	38	26	5	15	5	22	9	0	23
TPRKBP2	2	0	0	1	1	0	0	0	1
TPRN	57	33	8	20	12	10	10	0	21
TPRX1	1	1	0	0	0	0	0	0	0
TPRXL	7	1	0	0	0	1	2	0	1
TPSG1	0	0	0	1	0	0	0	0	0
TPSP2	0	0	0	0	0	1	0	0	0
TPST1	304	206	31	119	71	159	58	1	209
TPST2	71	43	6	23	11	25	12	0	27
TPT1	965	735	78	530	275	339	126	2	444
TPT1-AS1	95	95	14	46	22	54	25	0	100
TPT1P1	0	1	0	0	0	0	0	0	0
TPT1P10	1	0	0	0	0	0	0	0	0
TPT1P14	1	0	0	0	0	0	0	0	0
TPT1P15	1	0	0	0	1	2	0	0	0
TPT1P7	0	0	0	1	0	0	0	0	0
TPT1P8	0	0	0	0	0	1	0	0	0
TPT1P9	1	2	0	0	0	0	0	0	1
TPTE2	4	2	0	0	2	2	0	0	4
TPTE2P3	1	0	0	0	1	0	0	0	2
TPTE2P4	2	1	0	0	0	0	0	0	0
TPTE2P5	0	0	0	0	0	0	0	0	1
TPTE2P6	29	5	2	4	0	7	2	0	5
TPTEP1	0	1	0	0	0	0	0	0	1
TPTEP2	0	1	0	0	0	0	1	0	0
TPTEP2-CSNK1E	610	401	98	175	127	214	102	2	261
TPX2	492	302	60	220	123	199	87	0	292
TRA2A	339	302	54	160	117	268	74	1	367
TRA2B	754	515	92	291	172	386	119	0	469
TRABD	165	84	19	59	28	49	30	0	47
TRABD-AS1	4	1	0	1	0	0	1	0	2
TRABD2A	324	245	36	153	73	140	57	0	156
TRABD2B	1947	1799	288	754	606	951	481	4	1212
TRAC	0	0	0	0	0	0	0	0	1
TRADD	18	18	5	6	1	9	4	0	10
TRAF1	7	7	0	0	2	2	4	0	5
TRAF2	380	330	54	176	107	152	85	0	220
TRAF3	502	304	43	175	84	192	56	0	185
TRAF3IP1	166	96	18	62	32	67	24	1	60
TRAF3IP2	50	21	2	16	3	12	9	1	28
TRAF3IP2-AS1	194	138	24	73	58	106	46	0	149
TRAF3IP3	0	2	0	1	0	0	0	0	0
TRAF4	149	101	16	49	35	39	28	0	69
TRAF5	134	106	18	66	34	76	27	1	118
TRAF6	43	22	6	20	10	20	8	1	43
TRAF7	250	163	36	131	58	96	46	1	139
TRAFD1	38	33	9	20	10	17	8	0	25
TRAIP	59	45	10	18	18	31	10	1	26
TRAJ4	3	0	0	2	1	2	1	0	1
TRAK1	244	155	39	78	57	119	37	1	124
TRAK2	183	124	36	94	54	97	38	0	111
TRAM1	227	121	17	100	58	86	37	0	137
TRAM1L1	4	0	1	2	0	1	1	0	2
TRAM2	239	155	23	78	37	91	67	1	156
TRAM2-AS1	4	1	1	1	2	3	4	0	6
TRANK1	54	48	7	30	11	17	10	0	16
TRAP1	577	369	68	255	125	213	86	0	267
TRAPPC1	41	31	4	26	11	16	10	0	34
TRAPPC10	213	138	38	91	36	107	39	0	146
TRAPPC11	61	44	8	27	13	19	18	0	29
TRAPPC12	296	214	42	106	58	132	56	0	175
TRAPPC13	63	55	9	31	18	44	9	0	68
TRAPPC13P1	0	0	0	0	0	0	0	0	1
TRAPPC14	34	15	6	9	3	12	2	0	9
TRAPPC2	55	24	7	21	7	28	10	0	36
TRAPPC2B	5	4	1	1	0	2	2	0	2
TRAPPC2L	24	11	2	7	5	8	2	0	7
TRAPPC3	75	46	4	38	22	29	14	1	38
TRAPPC3L	0	0	0	1	0	0	0	0	1
TRAPPC4	27	9	3	14	5	14	7	0	14
TRAPPC5	19	11	1	6	2	3	1	0	7
TRAPPC6A	7	5	2	1	0	3	1	0	1
TRAPPC6B	42	26	4	17	11	21	10	0	46
TRAPPC8	198	129	21	97	39	120	36	0	205
TRAPPC9	763	683	147	275	206	407	184	0	613
TRARG1	1	0	0	0	0	1	0	0	1
TRAT1	0	0	0	0	1	1	0	0	0
TRAV1-1	0	1	0	0	0	0	0	0	0
TRAV4	0	0	0	0	0	1	0	0	0
TRBC1	1	0	0	0	0	0	0	0	0
TRBJ2-7	1	0	0	0	0	0	0	0	0
TRBV20OR9-2	0	0	0	0	0	1	0	0	0
TRD-AS1	8	7	3	5	0	6	3	0	1
TRDMT1	55	39	5	18	12	29	6	0	36
TRDN	14	9	1	2	3	4	4	0	1
TRDN-AS1	4	1	1	1	1	1	0	0	3
TREH	0	1	0	0	0	1	0	0	0
TREM1	1	0	0	0	0	0	0	0	2
TREM2	1	0	0	0	0	0	0	0	0
TREML1	1	1	0	0	0	0	0	0	0
TREML2	0	0	0	1	0	0	0	0	0
TRERF1	460	300	58	177	109	203	109	0	214
TREX1	12	15	2	6	9	3	3	0	7
TREX2	5	6	1	1	0	4	0	0	5
TRG-AS1	3	0	1	1	1	1	0	0	0
TRGC2	1	0	0	0	0	1	0	0	0
TRGV10	0	0	0	1	0	0	0	0	0
TRHDE	25	23	1	20	11	19	10	0	26
TRHDE-AS1	9	4	0	1	2	2	0	0	4
TRHR	0	1	0	0	0	0	0	0	0
TRIAP1	26	22	3	20	8	12	5	1	11
TRIB1	74	28	11	16	18	18	3	0	34
TRIB2	17	8	5	8	8	6	2	0	7
TRIB3	46	29	5	17	11	16	5	0	20
TRIL	1	0	0	0	1	0	0	0	0
TRIM10	0	0	0	0	1	1	0	0	1
TRIM11	96	41	10	32	20	34	19	0	50
TRIM13	67	34	6	23	16	28	8	0	26
TRIM14	122	53	14	57	17	61	16	0	49
TRIM15	2	0	0	0	0	0	0	0	1
TRIM16	116	108	21	37	37	56	15	0	93
TRIM16L	130	108	25	75	27	73	43	0	85
TRIM17	1	0	0	0	0	0	0	0	1
TRIM2	18	19	0	15	9	8	2	0	7
TRIM21	19	10	3	7	2	4	3	0	8
TRIM22	5	9	1	3	1	5	0	0	8
TRIM23	61	34	5	20	10	40	12	0	44
TRIM24	209	181	35	112	79	156	50	2	234
TRIM25	301	107	9	90	40	49	28	0	71
TRIM26	124	100	16	53	33	61	19	1	54
TRIM26BP	1	0	0	0	0	0	0	0	0
TRIM27	159	85	16	65	39	55	16	0	93
TRIM28	657	323	65	209	111	171	93	0	220
TRIM29	21	9	2	11	3	11	1	0	6
TRIM3	41	24	8	18	10	22	5	0	36
TRIM31-AS1	0	1	0	0	0	0	0	0	0
TRIM32	56	49	7	25	8	29	6	1	31
TRIM33	406	236	47	165	71	189	59	1	282
TRIM34	0	0	0	0	0	0	0	0	1
TRIM35	40	28	4	14	10	24	6	0	26
TRIM36	35	21	4	16	6	18	4	0	25
TRIM36-IT1	0	0	0	1	0	0	0	0	0
TRIM37	302	173	41	130	60	157	55	0	225
TRIM38	61	48	9	29	17	42	13	0	48
TRIM39	12	6	1	8	5	3	0	0	9
TRIM39-RPP21	25	23	7	15	7	11	2	0	16
TRIM4	48	45	6	21	19	24	9	0	59
TRIM40	4	0	0	0	0	0	0	0	0
TRIM41	102	68	14	52	17	34	16	0	66
TRIM42	0	0	0	2	0	0	0	0	0
TRIM44	658	413	67	275	172	287	97	0	367
TRIM45	23	16	0	9	11	11	2	0	15
TRIM46	15	9	4	7	4	4	4	0	5
TRIM47	58	25	9	23	9	15	8	0	18
TRIM48	0	0	0	1	0	0	0	0	0
TRIM49B	0	0	0	1	0	0	0	0	0
TRIM5	83	62	16	32	16	46	20	0	57
TRIM51FP	1	0	0	0	0	0	0	0	0
TRIM51HP	1	0	0	0	0	0	0	0	0
TRIM52	40	26	6	16	8	20	6	0	39
TRIM52-AS1	14	4	3	5	1	9	1	0	5
TRIM53AP	1	0	0	0	0	0	0	0	0
TRIM54	2	1	1	1	0	0	2	0	2
TRIM55	3	0	0	0	0	0	0	0	0
TRIM56	159	125	14	57	49	87	51	1	98
TRIM58	6	3	0	1	0	2	1	0	1
TRIM59	12	15	1	2	6	6	0	0	10
TRIM6	9	7	3	5	0	5	4	0	7
TRIM6-TRIM34	10	13	1	9	3	9	6	0	7
TRIM60	1	1	0	1	0	0	0	0	0
TRIM61	1	1	0	1	0	2	0	0	1
TRIM62	27	12	2	13	6	9	4	1	15
TRIM63	1	0	0	0	0	0	0	0	0
TRIM64FP	0	0	0	0	0	0	0	0	1
TRIM65	117	77	7	36	22	50	21	0	42
TRIM66	140	98	22	66	40	72	39	1	91
TRIM67	4	0	0	2	1	1	0	0	2
TRIM67-AS1	1	0	0	0	0	0	0	0	0
TRIM68	5	4	3	3	3	1	1	0	8
TRIM69	9	10	2	5	3	5	4	0	6
TRIM7	30	13	2	21	2	13	3	0	10
TRIM7-AS1	0	1	1	0	1	0	1	0	0
TRIM7-AS2	4	3	0	2	1	1	2	0	0
TRIM71	3	0	1	1	1	3	1	0	2
TRIM72	2	3	1	0	1	1	1	0	1
TRIM73	1	1	0	1	1	0	0	0	0
TRIM74	1	1	0	0	0	0	0	0	0
TRIM75	0	0	0	1	0	0	0	0	0
TRIM8	57	17	6	20	6	16	14	0	12
TRIM8-DT	4	2	0	1	1	0	0	0	1
TRIM80P	1	0	0	0	0	0	0	0	0
TRIM9	56	93	12	39	25	57	36	0	106
TRIML1	1	0	1	1	2	0	0	0	0
TRIML2	0	1	0	1	0	0	0	0	1
TRIO	8160	3893	725	2524	1439	2839	1077	19	3870
TRIOBP	85	65	8	39	27	43	12	0	42
TRIP10	71	39	5	22	13	22	12	0	29
TRIP11	135	71	20	47	34	74	22	0	103
TRIP12	760	436	92	309	157	347	122	0	404
TRIP13	630	384	64	240	132	210	98	0	272
TRIP4	113	86	12	38	18	43	19	0	69
TRIP6	131	59	10	54	20	42	16	0	42
TRIQK	48	26	10	26	10	42	12	0	55
TRIR	107	62	19	64	23	36	19	0	61
TRIT1	212	154	26	101	60	132	48	0	160
TRMO	60	34	4	17	4	23	8	0	19
TRMT1	144	60	15	62	27	41	21	0	43
TRMT10A	28	15	2	11	4	11	4	0	14
TRMT10B	53	33	7	22	12	28	14	0	25
TRMT10C	91	45	11	35	16	33	12	0	27
TRMT11	641	497	90	260	168	366	102	1	482
TRMT112	100	68	8	53	16	41	24	0	54
TRMT12	29	24	5	15	7	16	2	1	17
TRMT13	56	42	8	25	17	40	11	1	51
TRMT1L	47	35	4	25	8	11	9	0	40
TRMT2A	49	25	8	17	5	15	8	0	17
TRMT2B	47	21	6	24	13	30	8	0	40
TRMT2B-AS1	14	6	4	3	3	6	1	0	8
TRMT44	92	35	4	23	14	28	7	0	37
TRMT5	47	29	0	21	17	27	10	0	20
TRMT6	45	33	6	20	11	16	6	0	19
TRMT61A	48	33	6	14	8	12	5	0	13
TRMT61A-DT	3	5	0	0	1	2	0	0	2
TRMT61B	43	26	10	27	18	37	5	0	31
TRMT9B	3	3	0	1	0	2	0	0	0
TRMU	207	134	31	73	48	61	36	1	92
TRNAU1AP	48	33	7	14	15	20	13	0	29
TRNP1	48	14	0	6	4	4	0	0	5
TRNT1	214	164	31	109	55	120	34	1	121
TRO	1	0	0	0	0	0	0	0	0
TROAP	97	72	14	41	23	54	27	0	54
TROAP-AS1	7	4	0	3	1	3	1	0	0
TRPA1	6	0	0	0	0	0	0	0	1
TRPC1	77	62	14	26	28	61	22	1	89
TRPC2	1	0	0	0	1	0	1	0	1
TRPC3	13	12	3	7	7	5	6	0	7
TRPC4	28	10	2	11	6	16	8	1	18
TRPC4AP	299	167	23	102	58	129	42	2	166
TRPC5	59	19	1	16	8	17	7	0	19
TRPC5OS	0	0	0	1	0	0	0	0	0
TRPC6	10	11	2	3	2	2	3	0	8
TRPC6P2	3	2	0	0	0	0	1	0	1
TRPC6P5	0	0	1	0	0	0	0	0	0
TRPC7	9	3	2	1	1	3	1	0	0
TRPC7-AS1	0	1	0	0	0	2	0	0	1
TRPC7-AS2	2	0	0	0	0	0	0	0	1
TRPM1	9	7	1	4	2	2	1	0	1
TRPM2	11	12	2	4	2	1	0	0	4
TRPM2-AS	5	8	0	0	1	2	1	0	2
TRPM3	203	188	48	113	89	159	70	1	216
TRPM4	24	11	4	8	6	11	8	0	21
TRPM5	15	6	2	3	1	0	1	0	1
TRPM6	31	30	4	20	5	21	12	0	25
TRPM7	462	318	54	197	94	261	63	0	299
TRPM8	8	5	0	0	1	2	2	0	1
TRPS1	1509	1093	203	590	378	982	330	2	1252
TRPT1	17	12	2	4	9	11	2	0	7
TRPV1	13	7	2	5	4	10	1	0	9
TRPV2	2	1	0	0	0	0	0	0	0
TRPV3	16	0	0	4	0	0	1	0	1
TRPV4	10	4	2	5	2	2	2	0	0
TRPV5	1	0	0	0	0	0	0	0	0
TRPV6	0	1	0	0	0	0	0	0	0
TRRAP	614	424	69	258	116	270	114	2	322
TRUB1	64	39	8	27	21	34	8	0	47
TRUB2	135	78	13	55	29	47	20	0	58
TSACC	3	4	2	2	1	1	0	0	2
TSBP1	3	1	0	0	0	2	0	0	0
TSBP1-AS1	4	5	1	2	0	1	1	0	5
TSC1	224	159	28	91	55	108	39	1	144
TSC2	200	122	29	69	30	68	33	0	99
TSC22D1	961	627	112	416	200	452	153	1	461
TSC22D1-AS1	9	1	0	2	1	0	0	0	1
TSC22D2	570	298	68	169	115	297	72	0	414
TSC22D3	158	140	29	59	49	74	40	0	122
TSC22D4	48	28	7	21	9	20	10	0	24
TSEN15	116	76	12	55	30	54	17	0	77
TSEN2	383	240	39	149	101	165	62	0	173
TSEN2P1	1	0	0	0	0	0	0	0	0
TSEN34	22	24	10	16	8	13	2	0	11
TSEN54	30	19	4	13	2	12	4	0	8
TSFM	68	44	7	23	20	27	10	0	56
TSG101	93	62	15	48	29	57	23	0	73
TSGA10	20	11	1	20	6	14	4	0	13
TSGA10IP	2	0	1	1	0	0	0	0	0
TSGA13	2	0	0	2	0	0	0	0	0
TSHR	6	5	0	2	1	0	3	0	17
TSHZ1	134	116	37	55	40	74	28	2	168
TSHZ2	5198	4460	837	2252	1562	3086	1425	10	4339
TSHZ3	10	9	1	9	1	3	3	0	6
TSHZ3-AS1	6	4	0	7	0	1	1	0	3
TSIX	0	0	0	0	0	1	0	0	0
TSKS	2	1	0	1	0	0	0	0	0
TSKU	180	132	19	59	38	62	41	0	65
TSKU-AS1	4	0	0	3	0	0	0	0	0
TSLP	2	0	0	0	0	0	0	0	1
TSN	139	84	14	64	28	76	16	0	62
TSNARE1	40	36	9	20	18	19	17	0	37
TSNAX	46	29	7	27	12	19	7	0	34
TSNAX-DISC1	73	57	13	30	20	38	12	0	68
TSNAXIP1	4	1	0	0	0	3	1	0	1
TSPAN1	2	5	0	2	0	0	1	0	3
TSPAN10	8	4	1	2	0	1	1	0	2
TSPAN11	4	3	1	0	0	4	0	0	0
TSPAN12	48	32	9	21	11	15	6	0	30
TSPAN13	18	12	2	14	3	11	6	0	18
TSPAN14	84	55	6	27	14	34	20	0	51
TSPAN14-AS1	1	4	1	0	2	0	0	0	1
TSPAN15	6	10	0	6	1	3	1	0	3
TSPAN16	3	0	0	0	0	1	0	0	0
TSPAN17	27	16	0	10	4	13	6	0	15
TSPAN18	255	363	65	145	118	186	135	1	261
TSPAN18-AS1	0	0	0	0	0	2	0	0	0
TSPAN19	1	1	0	1	0	0	0	0	1
TSPAN2	17	9	0	5	1	0	0	0	0
TSPAN3	353	279	38	166	101	199	62	1	183
TSPAN31	17	9	4	5	5	8	6	0	7
TSPAN32	1	0	0	1	0	0	0	0	2
TSPAN33	2	3	0	0	1	0	0	0	1
TSPAN4	185	101	17	55	36	29	40	0	65
TSPAN5	34	27	4	7	8	15	9	0	11
TSPAN6	42	41	4	16	13	24	14	0	26
TSPAN7	0	1	0	0	0	0	0	0	0
TSPAN8	23	9	1	10	3	11	5	0	6
TSPAN9	112	71	10	55	25	27	22	0	39
TSPAN9-IT1	1	0	0	1	0	1	0	0	0
TSPEAR	26	7	1	7	3	5	4	0	6
TSPEAR-AS1	1	0	0	0	0	0	0	0	0
TSPEAR-AS2	3	0	0	0	0	0	0	0	0
TSPO	95	56	10	41	14	29	11	0	32
TSPOAP1	4	8	0	2	2	4	3	0	8
TSPOAP1-AS1	4	8	0	3	0	5	1	0	7
TSPY24P	0	0	0	0	0	0	1	0	0
TSPY25P	1	0	0	0	0	0	0	0	0
TSPY26P	1	0	0	0	1	1	0	0	1
TSPYL1	130	86	17	66	26	41	24	0	61
TSPYL2	59	55	11	20	13	36	10	0	40
TSPYL4	29	19	5	10	15	11	2	0	19
TSPYL5	0	0	0	0	0	1	0	0	0
TSPYL6	3	1	0	2	0	0	0	0	0
TSR1	494	236	38	161	81	136	55	1	148
TSR2	51	23	7	19	12	24	6	0	20
TSR3	65	25	3	20	8	28	9	0	17
TSSC4	18	5	2	15	3	6	1	0	1
TSSK1B	1	0	0	0	0	0	0	0	0
TSSK3	14	7	1	1	2	3	1	0	12
TSSK4	2	0	0	0	0	0	2	0	0
TSSK6	6	3	1	1	1	1	0	0	0
TST	8	14	2	5	1	5	3	0	6
TSTD1	0	4	1	3	0	2	3	0	4
TSTD2	133	90	9	53	23	68	22	0	78
TSTD3	65	62	10	46	24	46	15	0	62
TTBK1	2	0	1	2	1	3	0	0	0
TTBK2	181	149	34	85	45	144	37	1	162
TTBK2-AS1	2	1	0	0	0	3	0	0	0
TTC1	200	128	26	77	39	84	23	0	127
TTC12	22	18	3	15	4	7	2	0	12
TTC12-DT	1	8	0	2	0	0	3	0	1
TTC13	66	50	11	38	21	45	13	0	51
TTC14	86	60	10	37	25	84	20	0	100
TTC14-DT	1	2	0	0	0	0	1	0	2
TTC16	5	2	1	0	0	1	0	0	0
TTC17	488	340	64	193	123	299	79	1	367
TTC19	228	191	46	109	80	132	35	3	252
TTC21A	14	5	1	2	3	8	6	0	11
TTC21B	143	90	27	65	34	91	26	0	118
TTC21B-AS1	2	0	0	0	0	0	0	0	0
TTC22	4	0	0	2	0	1	1	0	1
TTC23	105	92	14	54	31	62	14	0	94
TTC23L	10	12	0	2	3	5	1	0	4
TTC23L-AS1	2	1	0	1	0	0	1	0	1
TTC26	54	43	10	34	14	39	8	0	44
TTC27	162	116	25	66	58	102	25	0	127
TTC28	1971	1399	277	821	500	1201	303	1	1398
TTC28-AS1	61	60	9	25	25	41	14	0	78
TTC29	4	3	0	1	0	3	0	0	2
TTC3	330	240	43	136	86	198	66	1	272
TTC30A	9	19	1	8	2	6	2	0	8
TTC30B	5	3	0	2	1	2	1	0	2
TTC31	45	35	3	21	6	14	4	1	34
TTC32	26	16	2	12	3	12	4	0	18
TTC32-DT	4	0	0	0	0	1	0	0	1
TTC33	213	194	17	85	59	137	50	0	226
TTC34	16	12	1	2	0	3	5	0	2
TTC36	1	1	0	0	3	0	0	0	0
TTC36-AS1	2	1	0	0	0	1	1	0	5
TTC38	79	51	8	35	26	19	19	0	41
TTC39A	3	7	0	0	0	2	0	0	1
TTC39A-AS1	0	1	0	0	0	0	0	0	1
TTC39B	54	56	10	26	20	39	14	0	39
TTC39C	514	387	89	214	114	284	148	3	385
TTC39C-AS1	2	7	1	1	0	0	1	0	5
TTC3P1	2	2	0	0	0	0	1	0	0
TTC4	29	14	4	13	3	5	3	0	8
TTC41P	123	56	8	34	43	10	13	1	42
TTC4P1	1	1	0	0	0	0	0	0	0
TTC5	45	24	6	24	4	31	5	0	21
TTC6	25	19	0	9	3	13	1	0	8
TTC7A	395	280	42	139	93	149	94	1	198
TTC7B	155	108	22	56	37	72	22	0	67
TTC8	37	32	6	19	12	24	14	0	27
TTC9	1	0	0	0	0	1	0	0	1
TTC9B	2	0	0	1	0	0	0	0	0
TTC9C	84	55	12	39	20	51	16	0	73
TTF1	152	103	16	49	16	55	24	0	59
TTF2	292	179	37	116	50	138	47	0	144
TTI1	287	194	40	132	87	109	53	0	158
TTI2	39	19	4	11	5	12	7	0	14
TTK	167	134	22	53	38	76	24	0	106
TTL	261	155	27	123	61	114	51	0	138
TTLL1	9	3	1	2	0	2	2	0	4
TTLL1-AS1	2	1	0	1	0	0	1	0	1
TTLL10	10	3	0	4	3	0	0	0	0
TTLL10-AS1	1	0	0	0	0	1	0	0	0
TTLL11	213	124	28	74	44	81	31	0	96
TTLL12	285	152	43	118	61	98	48	1	100
TTLL13	3	0	0	1	0	0	0	0	1
TTLL2	3	1	0	0	0	1	0	0	0
TTLL3	25	25	9	15	6	29	15	0	28
TTLL4	135	70	15	50	25	53	14	0	67
TTLL5	365	314	69	171	89	265	72	0	321
TTLL6	12	5	0	2	1	2	0	0	6
TTLL7	120	98	25	60	43	72	35	0	106
TTLL7-IT1	2	2	0	1	0	0	0	0	1
TTLL8	7	0	0	0	0	0	0	0	1
TTLL9	19	13	1	9	5	13	4	0	11
TTN	11	6	4	4	5	4	3	0	7
TTN-AS1	261	222	40	106	66	137	55	0	192
TTPA	3	1	0	0	3	1	0	0	1
TTPAL	92	60	13	50	25	29	26	0	49
TTR	3	1	0	0	0	2	0	0	0
TTTY10	5	3	1	0	1	0	0	0	0
TTTY11	1	1	0	0	0	1	0	0	0
TTTY12	0	1	0	0	0	0	0	0	0
TTTY13	1	0	0	0	0	1	1	0	1
TTTY14	22	5	1	4	1	11	6	0	8
TTTY18	1	0	0	0	0	0	0	0	0
TTTY20	1	0	0	1	0	0	0	0	0
TTTY22	1	0	0	0	0	0	0	0	0
TTTY25P	1	0	0	0	0	0	0	0	0
TTYH2	15	11	2	5	4	3	3	0	4
TTYH3	137	114	29	45	41	67	40	2	104
TUB	188	131	26	68	52	77	82	0	119
TUB-AS1	0	0	0	1	0	0	0	0	2
TUBA1A	53	46	5	18	16	26	12	0	33
TUBA1B	791	483	89	400	159	334	121	1	352
TUBA1C	579	311	46	207	105	138	68	1	158
TUBA3GP	1	1	0	0	0	0	0	0	0
TUBA4A	287	98	19	118	38	64	24	1	71
TUBA4B	5	1	1	4	3	2	0	0	0
TUBA5P	1	0	0	0	0	1	0	0	0
TUBA8	11	4	1	2	1	3	1	0	1
TUBAL3	1	0	0	1	0	1	0	0	0
TUBAP1	2	0	0	0	0	1	0	0	0
TUBAP11	6	2	0	1	0	0	1	0	0
TUBAP12	0	1	1	0	1	1	0	0	0
TUBAP14	2	2	0	0	0	0	0	0	0
TUBAP2	4	4	0	3	1	0	0	0	0
TUBAP4	0	0	0	0	0	1	0	0	0
TUBAP6	2	0	0	1	0	0	0	0	1
TUBAP7	0	0	0	1	0	0	0	0	0
TUBB	1382	704	185	620	250	454	216	1	515
TUBB1	0	0	0	1	0	0	0	0	0
TUBB2A	20	5	2	4	2	3	2	0	6
TUBB2B	4	1	1	1	0	0	1	0	0
TUBB3	99	48	11	27	10	24	9	0	40
TUBB3P1	0	0	1	0	0	0	0	0	0
TUBB4A	3	1	1	4	3	1	3	0	6
TUBB4B	914	367	78	301	118	215	107	1	240
TUBB4BP2	3	1	1	0	1	2	0	0	2
TUBB4BP4	0	0	0	0	0	0	1	0	0
TUBB4BP7	0	0	0	0	0	1	0	0	0
TUBB4BP8	0	0	0	1	0	0	0	0	0
TUBB6	335	221	40	134	72	143	47	0	200
TUBB7P	0	0	0	0	0	0	0	0	1
TUBB8	1	0	0	0	1	0	0	0	0
TUBB8B	1	2	0	0	0	0	0	0	0
TUBB8P5	1	1	0	0	0	0	0	0	0
TUBB8P6	3	0	0	0	2	0	1	0	0
TUBBP1	8	3	2	1	4	0	1	0	5
TUBBP10	4	1	0	0	0	1	0	0	2
TUBBP6	1	0	0	0	0	0	1	0	0
TUBBP8	1	0	0	0	0	0	0	0	0
TUBBP9	4	3	0	3	0	0	0	0	1
TUBD1	81	60	10	30	22	36	10	0	47
TUBE1	43	20	1	20	7	21	5	0	36
TUBG1	78	50	7	38	16	38	13	0	59
TUBG1P	1	1	0	0	0	0	0	0	0
TUBG2	58	39	6	24	18	26	7	0	32
TUBGCP2	99	85	22	40	22	47	14	0	60
TUBGCP3	388	304	49	176	103	193	77	2	225
TUBGCP4	160	98	23	63	36	88	29	0	116
TUBGCP5	79	63	8	27	19	40	28	0	63
TUBGCP6	116	81	15	50	25	44	23	0	65
TUFM	289	156	31	122	57	84	46	0	120
TUFMP1	0	1	0	1	0	0	0	0	0
TUFT1	466	327	74	200	112	234	101	2	316
TUG1	280	172	29	107	71	128	43	1	166
TULP1	1	0	0	0	0	1	0	0	0
TULP2	2	0	0	1	1	1	0	0	0
TULP3	76	43	8	27	15	33	14	0	74
TULP3P1	5	2	0	0	0	0	0	0	1
TULP4	752	377	87	271	169	308	110	0	376
TUNAR	2	2	0	1	0	0	0	0	2
TUSC1	41	14	1	16	3	15	9	0	7
TUSC2	28	22	5	13	6	12	6	0	9
TUSC3	573	536	116	245	174	498	121	0	621
TUSC8	0	0	0	0	0	0	0	0	1
TUT1	15	11	1	7	5	6	1	0	9
TUT4	335	296	69	160	92	275	68	0	314
TUT7	194	139	26	75	49	118	36	0	174
TVP23A	5	2	0	2	0	1	0	0	2
TVP23B	63	45	10	22	12	22	6	0	31
TVP23BP1	1	0	0	0	0	0	0	0	0
TVP23C	16	8	2	6	3	11	1	0	8
TVP23C-CDRT4	282	181	34	108	58	122	38	0	167
TVP23CP2	0	1	0	0	0	1	0	0	0
TWF1	91	69	14	49	33	40	18	0	80
TWF1P1	2	2	0	1	0	0	0	0	3
TWF1P2	0	1	0	0	0	0	0	0	0
TWF2	47	38	5	27	9	17	9	0	24
TWF2-DT	1	2	0	0	0	0	1	0	2
TWIST1	44	33	8	9	16	28	9	0	33
TWIST2	183	131	22	64	47	92	42	0	89
TWNK	85	33	2	25	8	23	6	0	35
TWSG1	91	69	9	44	32	46	18	0	69
TWSG1-DT	1	1	0	1	0	0	1	0	0
TXK	3	6	1	2	3	2	2	0	5
TXLNA	319	229	22	100	82	115	44	1	152
TXLNB	0	3	0	1	1	0	0	0	0
TXLNG	265	173	37	121	58	135	42	3	163
TXLNGY	1	1	0	0	0	1	1	0	0
TXN	507	300	51	229	101	203	62	1	230
TXN2	67	53	9	42	22	27	18	0	38
TXN2P1	0	0	0	1	1	1	1	0	1
TXNDC11	234	148	29	84	45	110	48	0	174
TXNDC12	111	74	16	49	27	50	23	0	69
TXNDC15	87	59	11	29	23	53	11	0	52
TXNDC16	90	68	15	46	21	51	18	0	91
TXNDC17	45	37	5	32	12	24	9	0	23
TXNDC2	0	0	1	1	0	0	0	0	0
TXNDC5	165	62	22	49	26	47	22	1	54
TXNDC8	2	0	0	0	0	0	0	0	0
TXNDC9	73	45	7	27	20	29	7	0	30
TXNIP	45	23	10	21	13	28	17	0	27
TXNL1	165	87	13	76	40	81	17	0	100
TXNL4A	199	104	18	80	36	84	27	0	124
TXNL4B	36	30	4	15	6	15	4	0	17
TXNP1	0	0	0	0	1	0	1	0	3
TXNP4	2	0	0	0	0	0	0	0	0
TXNP5	4	2	0	0	0	0	0	0	1
TXNP6	1	0	0	0	0	0	1	0	0
TXNRD1	2784	1349	246	996	454	1004	351	4	1210
TXNRD2	110	60	16	34	23	43	22	0	69
TXNRD3	40	29	4	18	15	15	6	0	27
TYK2	105	76	18	32	29	39	24	1	70
TYMP	53	27	4	14	9	13	6	1	7
TYMS	175	135	28	74	54	73	32	0	123
TYMSOS	7	5	0	3	2	5	5	0	5
TYMSP2	0	0	0	0	0	0	0	0	1
TYR	2	0	2	0	0	1	1	0	0
TYRO3	49	31	8	26	13	18	13	0	26
TYRO3P	6	6	1	2	0	3	1	1	2
TYRP1	0	4	1	2	3	5	2	0	5
TYSND1	40	21	10	13	10	32	10	0	17
TYW1	210	164	31	108	68	138	48	1	163
TYW1B	154	88	26	70	27	78	27	0	129
TYW3	236	139	19	94	44	90	31	1	93
TYW5	64	39	5	20	17	31	15	0	46
U1	4	7	1	1	1	3	2	0	0
U2	211	189	10	108	40	32	33	0	55
U2AF1	7	5	1	1	2	1	5	0	8
U2AF1L4	1	1	0	4	1	0	1	0	1
U2AF2	560	366	72	237	112	210	84	1	260
U2SURP	632	330	59	240	130	241	62	1	335
U3	68	30	4	17	14	16	12	0	17
U4	14	5	0	8	3	4	3	0	6
U6	82	53	2	36	9	7	10	0	11
U7	0	0	0	0	0	0	0	0	1
U8	1010	826	42	281	197	152	166	0	160
UACA	107	77	16	38	26	73	18	0	82
UAP1	260	121	20	85	44	112	18	0	97
UAP1-DT	2	1	0	0	0	1	0	0	1
UAP1L1	77	17	5	23	5	15	7	0	12
UBA1	522	317	74	204	116	207	89	2	294
UBA2	442	289	57	184	107	213	66	1	287
UBA3	114	88	13	47	26	55	21	0	73
UBA5	133	81	15	50	33	61	19	0	82
UBA52	376	177	25	153	61	143	33	1	163
UBA52P3	0	1	0	1	0	0	0	0	0
UBA52P6	3	4	0	2	0	1	0	0	3
UBA52P7	1	0	0	0	0	0	1	0	0
UBA6	412	180	26	136	57	145	40	0	167
UBA6-DT	165	131	20	67	42	97	26	0	134
UBA7	2	0	0	1	0	1	1	0	0
UBAC1	92	66	8	40	22	23	16	1	53
UBAC2	835	493	105	319	162	417	135	0	446
UBAC2-AS1	10	8	4	7	3	10	7	0	9
UBALD1	166	124	28	51	42	58	41	1	90
UBALD2	58	44	6	16	13	19	11	0	27
UBAP1	453	393	66	217	125	305	100	1	466
UBAP1L	47	28	4	14	15	16	6	0	20
UBAP2	926	680	131	415	256	522	128	2	903
UBAP2L	578	418	82	279	157	298	91	2	395
UBASH3A	1	1	0	1	0	0	2	0	0
UBASH3B	258	49	13	80	29	30	6	0	23
UBB	394	237	44	186	76	135	71	0	172
UBBP1	1	0	0	0	0	0	0	0	0
UBBP2	1	0	0	0	0	1	0	0	0
UBBP3	0	0	0	0	0	1	0	0	0
UBBP4	3	5	2	1	0	1	0	0	3
UBC	416	188	23	131	59	86	41	1	125
UBDP1	0	1	0	0	0	0	0	0	0
UBE2A	133	68	9	61	33	50	13	0	72
UBE2B	162	111	22	76	41	91	32	0	142
UBE2C	115	73	16	69	27	61	21	0	62
UBE2CP1	1	0	0	0	0	0	0	0	0
UBE2CP5	9	7	1	5	0	7	0	0	6
UBE2D1	62	40	5	20	16	36	13	0	39
UBE2D2	320	210	40	154	66	177	63	1	246
UBE2D3	589	347	51	243	137	293	102	0	403
UBE2D3-AS1	15	23	6	7	5	8	4	0	16
UBE2D3P1	1	1	0	1	0	1	0	0	0
UBE2D3P2	1	1	0	0	0	0	0	0	0
UBE2D4	42	13	1	8	9	10	4	0	16
UBE2E1	467	279	46	176	101	222	71	0	189
UBE2E1-AS1	2	1	0	0	0	0	0	0	0
UBE2E2	1767	1121	236	707	452	945	292	3	1085
UBE2E2-DT	0	0	0	0	0	0	1	0	0
UBE2E3	361	227	46	162	87	210	49	1	204
UBE2E4P	0	0	0	1	0	0	0	0	0
UBE2F	21	19	3	13	3	6	1	0	11
UBE2F-SCLY	159	80	12	58	25	52	18	0	92
UBE2FP1	5	2	0	1	0	0	1	0	0
UBE2FP2	0	1	0	0	0	0	0	0	0
UBE2G1	317	232	46	163	89	155	53	0	262
UBE2G2	258	188	30	111	65	129	37	0	184
UBE2H	705	435	97	281	138	332	123	0	361
UBE2H-DT	3	5	0	1	0	1	1	0	0
UBE2I	314	192	34	147	55	88	40	0	125
UBE2J1	85	37	9	43	17	41	7	0	40
UBE2J2	199	125	16	63	39	58	30	0	63
UBE2K	576	347	80	240	130	344	63	0	432
UBE2L3	184	140	21	89	40	92	32	0	133
UBE2L4	0	0	0	2	0	0	0	0	0
UBE2L5	0	1	0	2	1	0	0	0	0
UBE2L6	3	1	2	2	0	0	1	0	2
UBE2M	135	69	19	47	27	52	25	0	52
UBE2MP1	1	0	0	0	0	0	0	0	0
UBE2N	213	156	33	83	76	118	34	2	140
UBE2O	260	168	39	87	43	97	34	1	135
UBE2Q1	102	58	8	59	12	36	14	0	42
UBE2Q2	147	78	15	54	25	59	19	0	86
UBE2Q2P1	18	21	3	8	5	10	4	0	10
UBE2Q2P13	0	1	0	0	0	1	0	0	0
UBE2Q2P2	109	83	17	42	18	54	17	1	80
UBE2QL1	2	1	0	1	1	1	1	0	0
UBE2R2	588	374	64	250	108	247	127	0	377
UBE2R2-AS1	28	8	1	7	4	4	1	0	9
UBE2S	192	106	18	67	34	43	21	0	58
UBE2T	77	58	9	42	19	36	17	0	55
UBE2U	3	2	0	1	0	0	1	0	2
UBE2V1	6	6	2	2	1	2	1	0	3
UBE2V1P1	2	1	0	0	0	0	0	0	1
UBE2V1P12	0	0	0	1	0	0	0	0	0
UBE2V1P3	0	0	0	0	1	0	0	0	0
UBE2V2	186	170	43	113	54	136	35	0	209
UBE2V2P3	0	0	0	0	0	0	1	0	0
UBE2W	43	31	5	16	8	18	4	0	30
UBE2Z	250	183	33	124	53	122	46	3	173
UBE3A	400	254	55	187	93	240	59	0	321
UBE3B	92	74	11	35	22	39	15	0	68
UBE3C	711	473	82	321	183	310	107	3	375
UBE3D	191	129	23	97	36	111	33	0	118
UBE4A	146	103	13	75	29	77	28	1	70
UBE4B	522	360	73	234	123	269	112	1	331
UBFD1	236	151	25	73	55	95	38	0	98
UBIAD1	86	58	10	39	17	37	13	0	43
UBL3	84	61	9	37	31	48	14	0	80
UBL4A	55	22	10	19	15	20	11	0	15
UBL5	42	32	6	21	8	16	13	0	23
UBL7	49	18	7	18	12	23	10	0	17
UBL7-DT	24	19	5	17	8	18	5	1	26
UBLCP1	81	57	11	38	28	48	17	0	48
UBN1	212	151	21	85	49	90	36	0	132
UBN2	203	156	35	110	49	103	27	0	160
UBOX5	28	19	3	8	11	15	4	0	10
UBOX5-AS1	2	1	1	2	0	0	0	0	0
UBP1	350	182	52	124	72	170	46	0	241
UBQLN1	472	316	53	205	90	234	65	1	263
UBQLN1-AS1	4	4	0	0	1	0	0	0	2
UBQLN2	84	47	8	39	22	36	12	0	36
UBQLN4	74	41	7	24	18	30	13	1	42
UBQLN4P1	1	0	0	0	0	0	0	0	0
UBQLNL	0	0	0	0	0	0	0	0	1
UBR1	367	272	48	149	99	216	52	2	274
UBR2	224	150	33	92	51	96	47	2	144
UBR3	329	249	56	138	87	192	74	0	288
UBR4	1290	705	137	508	264	512	190	1	691
UBR5	802	553	106	342	178	447	147	3	547
UBR5-DT	3	1	0	1	2	0	0	0	2
UBR7	56	26	5	40	11	25	11	0	19
UBTD1	26	18	5	15	8	8	6	1	17
UBTD2	132	81	18	59	32	68	18	0	71
UBTF	242	121	21	102	53	60	28	0	85
UBTFL6	2	0	0	0	0	0	0	0	0
UBXN1	86	56	11	31	18	36	16	0	39
UBXN11	59	40	5	22	15	29	15	0	45
UBXN2A	73	45	6	28	15	35	9	1	32
UBXN2B	69	36	14	35	21	42	12	0	64
UBXN4	235	137	29	92	52	118	36	1	166
UBXN6	55	39	9	33	12	30	14	0	31
UBXN7	198	144	38	79	59	105	38	0	215
UBXN7-AS1	3	0	0	1	0	0	0	0	0
UBXN8	40	21	1	12	7	8	8	0	14
UCA1	0	0	0	0	0	0	1	0	0
UCHL1	5	0	0	3	0	4	1	0	3
UCHL1-DT	1	0	0	0	1	0	0	0	1
UCHL3	42	28	6	19	6	18	5	1	21
UCHL5	257	162	31	123	69	140	34	0	162
UCK1	38	22	6	12	5	10	8	0	14
UCK2	781	405	70	281	144	250	102	1	364
UCKL1	158	88	17	54	30	44	41	0	65
UCKL1-AS1	6	1	0	0	1	1	0	0	2
UCMA	0	1	0	0	0	0	0	0	0
UCN	0	2	1	0	0	0	0	0	1
UCN2	44	14	3	6	7	9	2	0	5
UCN3	2	0	0	0	0	0	0	0	0
UCP1	4	0	0	1	2	0	0	0	0
UCP2	51	31	5	23	8	22	10	0	36
UCP3	5	13	0	4	0	4	1	0	4
UEVLD	52	58	7	21	20	24	8	0	44
UFC1	38	33	6	28	8	25	4	0	27
UFD1	100	94	15	45	24	52	15	0	65
UFD1-AS1	2	4	0	3	0	2	2	0	3
UFL1	83	50	8	43	15	40	12	0	62
UFL1-AS1	16	11	4	8	2	7	3	0	13
UFM1	116	52	11	34	26	68	18	0	75
UFSP1	7	3	1	2	0	1	1	0	0
UFSP2	22	13	0	6	3	13	3	0	11
UGCG	144	95	11	55	32	57	11	0	84
UGDH	240	95	20	80	36	56	20	0	68
UGDH-AS1	19	16	3	10	4	9	5	0	16
UGGT1	431	318	53	155	94	170	76	0	209
UGGT2	1303	1068	192	538	361	909	228	2	1190
UGP2	698	281	12	149	30	62	147	0	234
UGT1A1	0	0	0	0	0	0	0	0	1
UGT1A8	7	5	1	4	1	3	1	0	4
UGT2A1	0	1	0	2	0	1	1	0	3
UGT2B11	0	0	0	0	0	1	0	0	0
UGT2B15	0	1	0	0	0	0	0	0	0
UGT2B17	3	0	0	0	0	0	1	0	2
UGT2B24P	1	0	0	0	0	0	0	0	0
UGT2B27P	0	0	0	1	0	0	0	0	0
UGT2B28	0	0	1	0	0	0	0	0	0
UGT2B4	3	0	0	0	1	2	1	0	1
UGT2B7	2	2	0	0	0	0	1	0	1
UGT3A1	1	1	0	1	0	1	2	0	1
UGT3A2	2	0	0	0	0	0	0	0	0
UGT8	182	104	24	70	43	95	36	0	98
UHMK1	297	165	31	148	75	130	41	1	168
UHRF1	332	212	30	127	69	132	45	1	208
UHRF1BP1L-DT	3	0	0	1	0	0	0	0	0
UHRF2	612	356	70	205	118	287	104	0	404
UHRF2P1	1	0	0	0	0	0	0	0	0
UICLM	1	1	0	0	0	1	2	0	1
UIMC1	279	182	45	121	57	121	51	1	169
ULBP1	10	6	1	5	1	2	0	0	1
ULBP2	10	1	2	1	0	4	1	0	0
ULBP3	14	8	2	8	1	5	1	0	8
ULK1	146	119	28	55	40	36	39	2	111
ULK2	17	12	1	11	6	14	5	0	22
ULK3	58	24	7	20	10	22	18	0	21
ULK4	287	199	48	109	58	155	39	0	188
ULK4P1	1	0	0	0	0	1	1	0	0
ULK4P2	0	1	0	0	0	1	0	0	2
UMAD1	18	15	2	13	7	6	3	0	12
UMOD	8	1	0	2	0	1	1	0	1
UMODL1	4	5	1	0	1	1	1	0	1
UMPS	158	103	10	70	20	62	8	0	57
UNC119	18	13	0	12	4	6	0	0	9
UNC119B	58	38	5	8	13	24	12	0	27
UNC13A	20	17	12	21	11	23	8	0	6
UNC13B	351	255	55	147	88	214	69	0	287
UNC13C	14	8	2	5	2	5	1	0	5
UNC13D	153	63	10	66	26	36	18	1	52
UNC45A	90	51	15	42	11	24	13	0	42
UNC45B	7	3	0	0	0	2	0	0	1
UNC50	69	51	6	25	17	39	11	0	38
UNC5A	12	3	0	1	2	0	1	0	2
UNC5B	30	13	0	5	2	3	5	0	10
UNC5B-AS1	0	1	0	2	1	2	0	0	0
UNC5C	23	25	1	11	10	25	7	0	29
UNC5CL	0	0	0	0	0	3	0	0	1
UNC5D	28	16	3	9	6	10	4	1	15
UNC79	9	5	1	6	2	2	3	0	7
UNC80	7	8	0	3	3	3	0	0	4
UNC93A	4	0	1	2	0	2	0	0	1
UNC93B1	47	25	5	22	8	18	12	0	16
UNC93B4	0	0	0	0	0	0	1	0	1
UNC93B6	0	1	0	0	0	0	0	0	0
UNCX	3	0	0	3	0	2	0	0	0
UNG	113	59	14	47	22	47	21	0	74
UNK	204	168	27	81	67	108	42	0	153
UNKL	314	239	38	125	74	118	58	1	200
UOX	1	1	0	0	0	0	0	0	0
UPB1	3	2	0	1	2	1	2	0	1
UPF1	311	170	31	106	76	97	48	1	153
UPF2	239	157	35	104	65	133	54	0	195
UPF3A	168	127	15	70	33	83	34	1	128
UPF3AP2	0	0	0	0	0	1	0	0	0
UPF3B	57	38	9	22	21	32	6	0	44
UPK1A	3	3	0	0	0	1	1	0	0
UPK1B	0	0	0	0	0	2	1	0	1
UPK2	2	2	0	0	1	3	3	0	0
UPK3A	0	0	0	0	0	0	0	0	1
UPK3B	2	0	0	0	0	1	0	0	0
UPK3BL2	0	3	1	0	1	1	1	0	2
UPP1	97	18	4	24	8	15	5	0	16
UPP2	10	13	1	9	2	10	1	0	7
UPRT	29	13	6	9	10	13	6	1	17
UQCC1	377	263	54	140	83	199	59	0	236
UQCC2	109	58	13	37	31	37	17	1	54
UQCC3	35	15	4	12	4	9	3	0	15
UQCR10	36	44	2	22	12	27	8	0	24
UQCR11	12	23	0	14	0	5	3	0	7
UQCRB	133	94	12	67	32	62	16	0	79
UQCRB-AS1	0	0	0	1	0	1	0	0	1
UQCRBP1	1	0	0	0	0	0	0	0	0
UQCRBP2	0	0	0	1	0	0	0	0	0
UQCRC1	216	120	22	68	45	72	34	0	99
UQCRC2	232	164	32	100	62	123	48	1	161
UQCRFS1	50	43	3	27	13	23	11	0	33
UQCRFS1-DT	1	0	0	1	0	0	0	0	0
UQCRFS1P1	2	1	0	1	0	1	0	0	0
UQCRFS1P3	0	0	0	1	0	0	0	0	0
UQCRH	146	102	15	82	30	70	27	0	105
UQCRHL	4	3	1	5	0	1	0	0	1
UQCRHP3	0	0	0	1	0	0	0	0	0
UQCRQ	92	67	9	59	22	46	19	1	55
URAD	2	0	0	0	0	0	0	0	0
URAHP	4	4	0	1	0	1	1	0	1
URB1	1214	1068	123	475	351	404	242	0	610
URB1-AS1	5	4	1	3	0	2	0	0	4
URB2	203	119	30	81	48	91	30	0	103
URGCP	128	88	14	45	28	44	26	0	80
URGCP-MRPS24	32	18	4	17	6	8	7	0	15
URI1	387	254	42	176	77	219	64	2	269
URM1	167	88	17	61	31	42	30	0	56
UROC1	1	1	0	1	0	1	1	0	2
UROD	75	34	8	24	12	15	8	0	25
UROS	74	58	12	36	18	37	11	0	47
USB1	72	38	7	26	10	21	9	0	27
USE1	28	17	5	4	3	7	0	0	11
USF1	43	13	4	13	6	7	5	0	9
USF2	103	60	16	48	23	30	13	0	28
USF3	76	50	7	40	18	37	9	0	47
USH1C	64	143	18	42	38	56	45	0	129
USH1G	1	0	0	0	1	0	0	0	1
USH2A	33	6	4	7	3	7	4	0	7
USH2A-AS2	0	0	0	1	0	0	0	0	0
USHBP1	6	0	0	0	1	0	1	0	1
USO1	177	150	17	93	39	111	38	0	162
USP1	291	171	40	109	68	134	44	1	163
USP10	553	306	73	209	108	236	72	0	263
USP11	117	83	24	58	26	58	16	0	76
USP12	160	69	18	62	35	74	16	1	102
USP12-DT	2	0	0	1	0	0	0	0	1
USP12P1	0	1	0	0	0	0	0	0	0
USP13	164	116	15	59	39	81	29	0	96
USP14	363	217	44	137	69	169	51	0	243
USP15	359	227	59	145	68	210	57	1	253
USP16	157	69	16	63	29	81	15	1	78
USP17L7	2	0	0	1	0	1	1	0	1
USP18	2	1	0	0	0	1	0	0	1
USP19	116	73	10	46	19	45	25	0	48
USP2	31	15	3	18	7	6	8	0	10
USP2-AS1	69	44	10	19	17	36	29	0	35
USP20	69	51	7	31	17	29	20	0	50
USP21	53	30	5	18	18	14	11	0	27
USP21P1	0	0	0	0	0	0	1	0	0
USP22	668	438	73	246	123	287	121	1	376
USP24	620	336	69	228	111	280	85	0	322
USP25	422	289	64	186	97	278	77	0	332
USP26	0	0	0	2	0	2	0	0	1
USP27X	5	0	1	1	0	1	0	0	2
USP27X-DT	1	0	0	0	0	0	0	0	0
USP28	58	37	5	16	16	28	10	0	40
USP29	2	1	0	2	0	0	0	0	0
USP3	319	168	35	104	59	164	55	0	165
USP3-AS1	27	12	3	10	15	11	3	0	22
USP30	10	11	5	5	4	6	2	0	11
USP31	274	136	23	99	47	114	40	1	112
USP32	419	344	41	177	129	239	85	1	315
USP32P4	0	0	0	0	0	0	0	0	1
USP33	276	194	31	119	55	149	52	1	185
USP34	938	684	121	417	238	576	166	1	778
USP34-DT	15	10	1	7	3	4	5	0	7
USP35	40	20	3	6	6	12	12	0	11
USP36	545	364	69	197	120	198	92	2	300
USP37	230	189	41	105	79	186	52	0	264
USP38	96	65	11	37	24	50	7	1	59
USP38-DT	8	7	1	3	1	2	3	0	12
USP39	108	67	13	50	25	42	8	0	58
USP4	170	119	16	57	40	65	31	2	108
USP40	178	112	20	81	40	91	37	3	127
USP42	100	59	15	42	19	46	15	0	73
USP43	37	18	8	7	11	16	6	1	12
USP44	1	0	0	1	1	0	1	0	1
USP45	118	77	13	53	31	80	15	0	82
USP46	55	44	6	18	12	21	11	0	29
USP46-DT	2	0	0	0	2	2	0	0	2
USP47	486	312	57	187	108	277	87	0	339
USP48	400	284	57	166	107	218	98	0	356
USP49	16	11	2	3	2	6	4	0	10
USP5	150	73	17	52	22	43	24	0	49
USP50	1	2	0	2	1	3	0	0	2
USP51	1	0	0	0	2	0	0	0	0
USP53	475	241	44	184	97	170	85	0	296
USP54	103	73	12	47	28	82	27	0	79
USP6	3	2	0	0	0	2	0	0	2
USP6NL	173	112	16	62	38	95	28	1	116
USP6NL-AS1	1	1	1	0	0	0	0	0	1
USP7	526	295	37	196	106	167	79	0	214
USP7-AS1	3	1	0	0	0	0	0	0	0
USP8	231	156	37	95	64	142	37	1	170
USP8P1	0	0	0	0	1	1	0	0	0
USP9X	796	556	88	358	187	402	182	0	521
USP9Y	11	6	3	6	5	12	3	0	8
USP9YP4	1	0	0	0	0	0	0	0	0
USPL1	203	97	25	51	31	87	24	1	119
UST	697	679	129	294	203	446	206	1	839
UST-AS2	1	0	0	0	0	1	0	0	0
UTF1	1	0	0	0	0	0	0	0	0
UTP11	169	96	17	87	36	64	20	1	86
UTP14A	155	71	8	49	20	47	23	0	62
UTP14C	11	7	2	6	3	9	1	0	12
UTP15	122	72	14	40	21	46	12	0	35
UTP18	213	126	14	74	46	96	26	0	120
UTP20	416	195	31	162	93	185	33	2	162
UTP23	66	47	4	24	24	26	8	0	44
UTP25	169	91	14	53	25	51	17	0	75
UTP3	51	30	2	26	11	15	6	0	27
UTP4	224	133	27	98	50	112	31	0	97
UTP6	211	106	15	72	46	92	23	0	101
UTRN	355	243	49	128	81	256	89	1	312
UTS2	1	8	0	0	2	3	1	0	4
UTS2B	8	3	1	4	1	4	1	0	6
UTY	9	5	2	6	2	4	2	0	5
UVRAG	408	261	43	153	92	221	77	1	275
UVRAG-DT	2	0	0	0	0	0	0	0	0
UVSSA	105	73	16	45	20	39	25	0	51
UXS1	122	68	20	55	36	31	22	0	69
UXT	69	36	7	26	10	36	15	1	32
UXT-AS1	4	3	0	2	1	4	2	0	1
VAC14	324	209	36	114	77	98	56	0	120
VAC14-AS1	1	1	1	0	0	0	0	0	2
VAMP1	39	19	4	11	9	8	5	0	28
VAMP2	38	21	2	13	7	14	7	0	20
VAMP3	100	56	13	52	24	37	13	0	50
VAMP4	47	25	1	16	3	19	6	0	10
VAMP5	0	1	0	0	0	0	0	0	0
VAMP7	104	73	18	40	29	60	19	0	71
VAMP8	13	8	0	10	3	9	6	0	14
VAMP9P	1	0	0	0	0	0	1	0	1
VANGL1	137	83	17	55	35	53	24	0	64
VANGL2	1	1	0	0	0	0	1	0	1
VAPA	479	303	59	203	102	268	90	1	307
VAPB	398	299	52	142	109	221	56	1	290
VARS1	169	129	25	61	37	68	34	0	95
VARS2	17	8	3	12	7	8	5	0	8
VASH1	8	4	0	5	4	5	2	0	6
VASH1-AS1	5	4	2	4	4	3	4	0	0
VASH1-DT	1	0	0	0	0	1	1	0	0
VASH2	46	43	10	17	15	29	8	0	33
VASN	255	82	18	61	32	47	28	0	74
VASP	220	139	23	86	45	81	28	1	84
VAT1	94	54	10	37	20	46	16	0	52
VAT1L	6	8	0	1	1	3	1	0	2
VAV1	4	2	0	1	0	1	1	0	2
VAV2	1016	645	92	330	224	296	157	2	378
VAV3	363	391	98	183	118	343	156	0	561
VAV3-AS1	5	3	2	4	2	3	4	0	13
VAX1	4	0	0	0	0	0	0	0	0
VAX2	2	1	0	1	0	1	0	0	0
VBP1	121	63	10	53	31	65	13	0	56
VCAM1	3	0	0	0	1	0	0	0	0
VCAN	20	6	0	5	3	3	3	0	4
VCAN-AS1	3	1	0	1	0	1	2	0	1
VCL	1772	1756	367	820	606	1437	407	5	2151
VCP	1096	604	106	386	207	375	186	3	464
VCPIP1	140	57	5	50	27	55	10	0	75
VCPKMT	28	25	3	12	8	20	8	0	21
VDAC1	467	299	58	232	97	158	66	1	202
VDAC1P1	0	0	1	1	1	1	0	0	2
VDAC1P11	1	0	0	0	0	0	0	0	0
VDAC1P13	2	1	0	0	0	0	0	0	1
VDAC1P2	2	0	0	0	0	1	0	0	1
VDAC1P7	1	0	0	1	0	0	0	0	0
VDAC1P8	1	1	1	0	1	0	0	0	0
VDAC2	139	88	17	61	30	69	18	0	97
VDAC2P5	5	4	1	1	0	1	1	0	0
VDAC3	83	53	12	41	18	35	14	0	52
VDAC3P1	0	1	0	0	0	0	0	0	0
VDR	91	61	9	28	33	30	13	0	33
VEGFA	249	146	21	75	48	78	21	1	96
VEGFB	65	46	10	26	16	21	11	1	27
VEGFC	157	54	16	38	20	65	8	0	54
VEGFD	20	16	2	10	5	19	5	0	30
VENTXP1	269	212	47	105	83	211	96	0	367
VENTXP4	1	0	0	0	0	0	0	0	0
VEPH1	15	6	0	6	3	5	1	0	8
VEZF1	142	91	15	63	34	67	23	0	92
VEZT	137	79	25	61	32	81	15	1	108
VGF	7	6	0	1	0	0	1	0	0
VGLL1	2	0	0	0	0	0	0	0	0
VGLL2	2	0	0	0	0	0	0	0	1
VGLL3	94	44	11	31	16	39	8	0	38
VGLL4	377	226	38	135	68	138	96	1	177
VHL	141	97	13	60	26	66	20	0	80
VHLL	0	0	0	0	0	0	0	0	1
VIL1	1	1	0	1	0	0	0	0	0
VILL	1	0	0	1	0	1	1	0	0
VIM	1651	603	150	592	195	400	147	2	470
VIM-AS1	30	19	2	7	4	14	3	0	11
VINAC1P	1	0	0	1	1	0	0	0	1
VIP	6	8	0	2	2	9	2	0	9
VIPAS39	28	23	3	15	5	13	4	0	21
VIPR1	46	19	3	13	10	16	9	0	12
VIPR1-AS1	1	0	0	0	0	0	0	0	1
VIPR2	110	114	17	32	25	65	52	0	107
VIRMA	224	116	24	84	50	95	33	0	113
VIRMA-DT	2	2	0	3	1	2	0	0	5
VIT	6	7	2	5	3	3	3	0	8
VKORC1	58	39	4	24	12	26	11	0	17
VKORC1L1	438	297	47	185	112	247	63	0	276
VLDLR	44	16	2	10	9	12	3	1	7
VLDLR-AS1	16	14	2	6	4	5	1	0	8
VMA21	177	112	24	93	30	115	22	1	99
VMAC	2	0	1	1	1	0	0	0	0
VMP1	2230	1303	179	1393	342	676	227	2	749
VN1R18P	0	0	0	1	0	0	0	0	0
VN1R79P	0	0	0	1	0	0	0	0	0
VN1R83P	0	1	0	2	0	1	0	0	1
VN1R84P	0	0	0	0	0	1	0	0	0
VN1R85P	0	0	0	0	0	0	0	0	1
VN1R92P	0	0	0	0	0	0	0	0	1
VN2R19P	1	0	0	0	0	0	0	0	0
VN2R1P	2	1	1	0	0	0	0	0	1
VNN1	1	0	0	0	0	0	0	0	0
VNN2	1	0	0	0	0	0	0	0	1
VNN3P	1	0	0	0	1	1	0	0	1
VOPP1	283	189	33	94	60	90	59	0	124
VOPP1-DT	1	2	1	1	0	1	1	0	2
VPREB3	0	0	1	0	0	0	0	0	0
VPS11	27	14	5	11	7	11	6	0	24
VPS11-DT	0	0	0	0	0	1	0	0	0
VPS13A	773	517	99	290	181	435	131	2	530
VPS13A-AS1	4	1	0	1	0	0	0	0	0
VPS13B	964	637	140	421	213	565	182	2	791
VPS13B-DT	19	24	3	9	8	13	4	0	24
VPS13C	345	250	54	138	82	191	64	0	218
VPS13C-DT	0	1	0	0	0	0	0	0	0
VPS13D	469	301	64	169	116	247	83	0	300
VPS16	24	17	4	9	5	7	3	1	21
VPS18	43	18	6	11	9	12	4	0	15
VPS25	60	30	11	20	10	12	7	0	18
VPS26A	207	93	9	54	38	82	14	0	100
VPS26AP1	0	0	0	0	0	1	0	0	0
VPS26B	51	24	7	17	13	17	7	1	21
VPS26BP1	5	2	0	2	0	3	0	0	3
VPS26C	113	85	8	47	33	62	22	0	82
VPS28	44	30	5	8	9	22	12	0	23
VPS29	83	53	9	39	25	46	16	0	51
VPS33A	19	7	1	12	5	8	1	0	6
VPS33B	3	0	0	0	1	0	1	0	1
VPS33B-DT	0	1	0	1	0	1	0	0	0
VPS35	210	118	17	66	44	84	27	0	101
VPS35L	242	155	39	113	66	125	51	0	160
VPS35P1	2	0	0	1	0	0	0	0	0
VPS36	143	100	18	50	33	83	21	0	100
VPS37A	102	95	10	41	34	72	21	1	97
VPS37B	90	61	12	38	13	47	18	0	50
VPS37C	90	60	13	33	26	44	14	0	40
VPS39	123	79	28	53	39	64	30	0	101
VPS39-DT	2	0	0	0	1	0	0	0	0
VPS41	200	166	31	104	49	126	31	0	156
VPS45	133	80	19	62	36	83	36	0	114
VPS4A	16	15	6	3	3	8	3	0	6
VPS4B	147	91	22	57	20	70	25	0	74
VPS50	205	139	23	64	69	105	35	0	151
VPS51	154	84	18	55	33	68	29	0	73
VPS52	62	53	22	41	17	26	13	1	46
VPS53	437	253	40	163	102	195	67	0	259
VPS54	118	68	13	52	40	63	17	0	64
VPS72	58	41	11	29	12	32	10	0	34
VPS8	219	180	39	94	60	140	35	0	196
VPS9D1	16	8	2	5	2	7	7	0	5
VPS9D1-AS1	59	28	5	26	16	23	7	0	27
VRK1	350	303	59	151	100	197	64	0	318
VRK2	174	94	17	66	33	89	30	0	98
VRK3	79	77	10	33	29	43	20	0	57
VRTN	2	3	0	0	1	2	2	0	0
VSIG1	0	0	0	0	0	1	0	0	0
VSIG10	47	28	2	13	9	11	12	0	18
VSIG10L	9	2	1	6	1	2	1	0	9
VSIG10L-AS1	9	4	1	1	2	3	0	0	0
VSIG10L2	0	1	0	1	0	0	0	0	0
VSIG4	1	0	0	0	0	1	1	0	0
VSIG8	0	1	0	1	0	1	0	0	1
VSIR	14	5	0	6	1	1	2	0	1
VSNL1	11	2	0	1	1	0	0	0	1
VSTM1	0	1	0	0	0	0	0	0	1
VSTM2A	2	0	0	0	0	0	1	0	2
VSTM2B	2	0	0	0	0	0	0	0	0
VSTM2B-DT	9	8	0	1	0	0	2	0	3
VSTM2L	3	2	0	0	1	1	1	0	1
VSTM4	6	3	0	0	3	0	2	0	0
VSTM5	0	0	0	2	1	1	1	0	0
VSX1	2	0	0	1	0	0	0	0	0
VSX2	4	1	0	1	0	0	0	0	0
VTA1	149	119	28	79	37	97	31	1	117
VTCN1	6	3	0	0	2	2	1	0	0
VTI1A	859	575	129	343	215	423	135	2	543
VTI1B	51	36	6	25	13	24	8	1	27
VTI1BP1	0	1	0	0	0	0	0	0	0
VTN	0	0	0	0	0	1	0	0	1
VTRNA1-1	185	323	33	185	53	97	46	1	159
VTRNA1-2	183	366	25	152	58	56	59	0	117
VTRNA1-3	31	34	5	20	13	8	9	1	10
VTRNA2-1	183	219	22	138	45	53	30	0	74
VTRNA2-2P	0	0	1	0	0	0	0	0	0
VWA1	0	0	0	1	0	1	1	0	0
VWA2	118	0	0	1	1	1	69	0	148
VWA3A	3	1	0	1	0	3	0	0	0
VWA3B	12	3	1	3	2	4	0	0	4
VWA5A	6	4	0	3	2	3	1	0	1
VWA5B1	3	3	0	0	1	1	0	0	1
VWA5B2	3	4	0	0	0	1	0	0	1
VWA7	8	4	0	2	3	2	1	0	6
VWA8	643	394	89	273	164	418	115	2	511
VWA8-AS1	1	0	0	0	0	0	0	0	0
VWC2	8	0	2	5	1	3	1	0	3
VWC2L	5	6	0	1	0	2	0	0	1
VWCE	12	5	1	10	4	9	4	0	6
VWDE	102	76	22	30	27	70	27	1	63
VWF	39	27	4	12	5	7	15	0	7
Vault	0	0	0	0	1	0	0	0	1
WAC	653	475	89	317	163	374	100	1	535
WAC-AS1	33	32	7	13	7	16	3	0	24
WAKMAR2	11	4	3	4	4	4	2	0	3
WAPL	319	180	35	148	60	163	48	0	189
WAPL-DT	6	3	0	1	1	0	0	0	4
WARS1	286	163	31	105	66	89	26	0	108
WARS2	227	128	26	84	51	129	32	0	152
WARS2-AS1	550	496	90	244	163	390	119	2	568
WAS	3	2	0	0	1	0	1	0	1
WASF1	152	112	19	57	35	104	24	2	123
WASF2	373	256	38	154	87	153	71	0	216
WASF3	3	3	1	2	1	1	1	0	2
WASF3-AS1	3	0	0	3	0	0	0	0	2
WASF4P	0	0	1	0	0	0	0	0	0
WASF5P	1	0	0	0	0	0	0	0	0
WASH2P	17	12	2	3	5	13	1	0	10
WASH3P	4	3	1	1	1	1	1	0	2
WASH4P	0	0	0	0	0	1	0	0	0
WASH5P	1	0	0	0	0	1	0	0	0
WASH6P	3	2	0	3	0	0	1	0	2
WASH7P	3	7	1	2	0	2	4	0	4
WASH8P	41	31	4	14	10	15	10	0	19
WASH9P	4	6	1	3	0	0	0	0	2
WASHC1	9	2	0	3	0	0	1	0	2
WASHC2A	60	31	6	13	7	17	7	0	28
WASHC2C	30	22	8	17	14	15	5	0	23
WASHC3	27	17	4	12	8	20	7	0	15
WASHC4	242	153	30	81	39	137	27	0	156
WASHC5	171	111	20	81	37	101	33	0	116
WASL	208	164	26	99	47	142	35	0	212
WASL-DT	7	1	1	1	0	0	0	0	2
WBP1	6	5	1	4	2	7	4	0	6
WBP11	183	133	30	95	39	75	26	1	100
WBP11P1	1	0	0	1	0	1	0	0	1
WBP11P2	0	1	0	1	0	0	0	0	0
WBP1L	107	80	14	46	26	63	24	0	82
WBP2	103	56	7	59	12	38	22	0	52
WBP2NL	13	4	1	3	2	4	0	0	6
WBP2P1	1	0	0	0	0	0	0	0	0
WBP4	40	19	3	10	7	21	3	0	26
WDCP	27	26	5	10	6	21	13	0	18
WDFY1	76	55	8	34	25	57	21	0	59
WDFY2	276	216	43	94	71	149	64	0	180
WDFY3	328	206	36	131	75	203	62	0	210
WDFY3-AS1	0	1	0	0	0	0	0	0	0
WDFY3-AS2	3	4	0	3	1	0	1	0	4
WDFY4	10	9	1	4	1	4	0	0	4
WDHD1	195	126	30	87	45	119	36	0	167
WDPCP	432	284	47	177	95	216	72	1	287
WDR1	896	674	145	313	247	317	180	2	515
WDR11	167	146	19	68	50	104	31	0	128
WDR11-DT	3	2	0	1	1	0	0	0	3
WDR12	197	162	32	99	58	87	41	0	122
WDR13	52	31	4	29	19	16	10	0	29
WDR17	7	2	0	0	2	1	0	0	5
WDR18	59	34	10	29	10	17	14	0	23
WDR19	69	57	10	32	15	35	13	0	42
WDR20	198	141	24	74	45	121	35	3	172
WDR24	33	16	8	12	6	13	3	0	15
WDR25	296	260	28	119	79	112	74	1	195
WDR26	299	208	49	129	70	185	46	0	220
WDR27	17	7	2	6	5	4	7	0	13
WDR3	346	168	29	109	61	100	46	0	92
WDR31	6	7	0	3	3	2	0	0	6
WDR33	390	305	40	162	99	274	62	2	365
WDR35	202	103	25	85	51	94	36	0	97
WDR35-DT	3	2	0	0	1	0	2	0	2
WDR36	443	205	37	148	74	184	37	0	174
WDR37	205	147	24	67	62	118	37	1	137
WDR38	1	0	0	1	0	0	0	0	0
WDR4	408	204	47	140	69	136	45	0	148
WDR41	145	96	16	60	40	66	27	0	88
WDR43	1213	965	74	474	258	323	150	2	370
WDR44	366	322	59	159	91	250	107	1	387
WDR45	84	50	8	33	22	33	18	0	32
WDR45B	199	100	30	86	32	92	29	1	107
WDR45BP1	0	1	0	0	0	0	0	0	0
WDR45P1	1	0	0	0	0	0	0	0	0
WDR46	60	41	7	29	22	27	8	0	31
WDR47	72	56	9	25	11	40	8	0	63
WDR48	107	85	11	49	29	62	23	0	66
WDR49	21	12	2	9	2	4	1	0	7
WDR5	283	150	33	111	54	93	47	0	112
WDR5-DT	7	3	0	0	0	0	0	0	1
WDR53	51	27	7	15	5	14	4	0	24
WDR54	19	12	1	6	2	7	4	0	7
WDR55	94	45	17	53	16	37	14	0	50
WDR59	226	151	24	84	36	100	48	0	142
WDR5B	13	12	2	4	8	5	1	0	7
WDR5B-DT	42	27	3	15	6	18	5	0	36
WDR6	263	179	29	98	57	84	66	0	159
WDR62	231	143	38	80	39	104	30	0	118
WDR64	16	7	2	9	5	3	2	0	5
WDR7	216	154	31	100	54	140	53	0	191
WDR7-OT1	2	0	2	0	2	1	0	0	5
WDR70	1093	759	139	433	239	609	197	1	813
WDR72	90	70	13	36	23	51	22	0	78
WDR73	97	61	9	39	25	39	8	0	43
WDR74	2228	1299	115	870	436	412	290	3	606
WDR75	361	217	36	127	60	154	40	0	197
WDR76	139	96	26	56	41	86	32	0	140
WDR77	176	74	19	77	28	53	22	0	82
WDR81	106	62	11	36	17	20	14	0	24
WDR82	313	202	50	162	74	135	45	0	185
WDR83	20	9	3	7	2	9	2	0	8
WDR83OS	10	7	1	0	2	2	2	0	3
WDR86	1	9	0	2	5	4	2	0	3
WDR86-AS1	0	1	0	0	0	1	0	0	0
WDR87	7	1	0	3	1	0	2	0	0
WDR87BP	1	2	0	0	0	0	0	0	0
WDR88	1	2	0	0	0	0	0	0	1
WDR89	70	45	4	26	17	30	10	0	44
WDR90	301	180	35	85	38	80	61	0	118
WDR91	38	17	4	19	9	12	4	0	17
WDR93	2	2	0	1	0	3	0	0	0
WDR95P	4	1	1	3	3	1	1	0	0
WDR97	11	7	1	0	2	4	2	0	4
WDSUB1	54	31	3	19	8	28	9	0	21
WDTC1	59	40	9	26	17	18	18	0	34
WDTC1-DT	3	1	0	0	0	0	0	0	0
WEE1	303	172	39	130	83	128	48	0	168
WEE1P2	0	2	0	0	0	2	0	0	0
WEE2	84	20	3	22	5	9	5	1	12
WEE2-AS1	6	2	0	0	1	1	0	0	0
WFDC1	63	118	20	43	35	66	13	0	56
WFDC10B	0	1	0	0	0	0	0	0	0
WFDC11	1	0	0	0	0	0	0	0	0
WFDC2	1	0	0	0	0	0	0	0	0
WFDC21P	31	18	2	7	5	7	3	0	17
WFDC3	5	4	0	2	0	2	1	0	3
WFDC8	0	0	0	0	0	1	0	0	1
WFDC9	0	0	0	1	0	0	0	0	0
WFIKKN1	3	1	0	2	0	3	0	0	3
WFS1	64	31	5	26	5	15	10	1	12
WHAMM	43	25	2	16	11	12	2	1	21
WHAMMP1	21	20	8	7	9	22	7	1	56
WHAMMP2	1	1	0	0	0	0	0	0	1
WHAMMP4	5	3	1	4	1	6	2	0	14
WHRN	641	312	70	169	129	172	84	2	207
WHSC1L2P	0	0	0	0	1	0	0	0	1
WIF1	3	4	0	1	4	1	0	0	9
WIPF1	718	472	84	293	184	328	115	0	366
WIPF2	144	100	13	50	29	74	30	0	137
WIPF3	5	2	0	1	0	0	0	0	2
WIPI1	25	17	1	13	9	13	8	0	22
WIPI2	146	101	21	59	31	83	28	0	91
WIZ	112	70	13	55	23	50	21	0	57
WLS	420	260	52	157	123	189	77	1	238
WNK1	1103	702	157	523	262	571	212	4	758
WNK2	49	59	8	24	10	24	11	0	30
WNK3	12	3	1	4	1	2	0	0	4
WNK4	2	2	1	2	2	4	2	0	3
WNT1	1	0	0	1	0	0	0	0	0
WNT10A	5	0	0	0	0	2	1	0	1
WNT10B	24	7	3	5	3	6	3	0	4
WNT11	8	8	3	0	4	3	3	0	10
WNT16	0	0	0	0	0	1	0	0	3
WNT2	3	4	0	3	0	0	0	0	1
WNT2B	16	19	3	6	6	8	4	0	22
WNT3	24	10	3	8	1	13	6	0	6
WNT3A	9	4	1	3	0	2	0	0	0
WNT4	2	1	0	1	1	1	0	0	0
WNT5A	645	230	49	222	90	195	59	0	223
WNT5A-AS1	2	0	0	1	0	0	0	0	0
WNT5B	21	16	4	8	4	15	7	0	9
WNT6	2	0	0	0	0	0	0	0	0
WNT7A	6	1	1	1	1	0	0	0	1
WNT7B	196	46	5	40	11	25	16	0	16
WNT8B	1	0	0	0	0	0	0	0	2
WNT9A	90	24	5	18	7	13	10	0	30
WNT9B	5	3	1	1	0	0	0	0	0
WRAP53	45	26	4	18	10	16	5	0	22
WRAP73	37	25	10	18	8	12	2	0	12
WRN	277	175	32	99	61	170	38	0	193
WRNIP1	155	82	18	49	38	50	19	0	66
WSB1	202	153	20	66	59	113	37	0	145
WSB2	62	33	6	33	15	26	7	1	33
WSCD1	7	5	0	2	3	1	1	0	2
WSCD2	6	3	1	4	0	3	0	0	2
WT1	4	1	0	1	1	0	1	0	1
WT1-AS	5	3	0	2	1	5	1	0	4
WTAP	222	139	36	94	50	130	23	0	137
WTAPP1	2	2	0	1	0	0	0	0	1
WTIP	11	4	3	2	1	5	2	0	8
WWC1	451	171	48	142	77	122	42	0	110
WWC2	469	275	52	190	97	247	78	0	308
WWC2-AS2	2	0	0	0	0	0	0	0	1
WWC3	139	86	15	57	26	53	14	0	47
WWC3-AS1	0	0	0	1	0	0	0	0	0
WWOX	273	168	32	73	66	106	54	0	157
WWOX-AS1	0	0	0	0	0	0	1	0	0
WWP1	239	173	31	103	66	141	32	0	188
WWP1-AS1	3	1	0	1	0	0	0	0	0
WWP2	183	145	27	75	48	94	32	2	117
WWTR1	700	639	114	330	241	476	166	2	782
WWTR1-AS1	9	3	0	1	0	1	1	0	4
WWTR1-IT1	5	4	1	2	0	2	0	0	1
XAB2	60	39	8	22	11	10	10	0	24
XACT	13	6	3	2	0	1	3	0	4
XAGE3	0	0	0	0	0	0	0	0	1
XBP1	188	78	13	61	27	56	23	1	76
XBP1P1	2	2	0	0	0	0	0	0	0
XCR1	0	0	0	0	0	0	0	0	1
XDH	5	5	0	5	2	1	1	0	1
XG	0	3	0	2	0	0	1	0	3
XGY1	3	0	0	1	0	0	2	0	0
XGY2	4	0	0	0	1	0	0	0	0
XIAP	196	146	28	105	50	117	33	0	143
XIAPP2	0	1	0	0	0	0	0	0	0
XIAPP3	1	0	0	0	0	0	1	0	0
XIRP1	3	1	0	0	0	0	0	0	0
XIRP2	155	42	5	48	6	25	5	0	17
XIRP2-AS1	1	1	0	0	0	0	0	0	0
XIST	2	1	0	0	0	0	0	0	0
XK	15	6	1	5	3	2	0	0	6
XKR3	3	0	0	1	0	0	1	0	1
XKR4	20	4	3	7	0	6	5	0	8
XKR5	2	1	0	0	0	1	0	0	1
XKR6	8	17	0	10	4	4	7	0	5
XKR7	1	0	0	0	1	0	0	0	1
XKR8	4	10	1	3	0	2	1	0	4
XKRX	11	3	1	2	0	7	1	0	2
XNDC1CP	1	0	0	0	0	0	0	0	0
XNDC1N	3	2	0	0	0	2	1	0	2
XNDC1N-ZNF705EP-ALG1L9P	140	127	28	46	41	116	35	0	145
XPA	60	36	9	20	16	25	16	0	37
XPC	128	106	11	49	27	47	31	0	86
XPC-AS1	11	6	0	0	6	2	1	0	3
XPNPEP1	87	44	5	24	9	24	18	0	37
XPNPEP2	9	1	1	2	1	3	0	0	2
XPNPEP3	127	73	14	60	35	74	21	0	74
XPO1	1333	752	142	511	274	532	201	5	693
XPO4	489	272	52	180	101	262	69	0	269
XPO5	287	156	36	86	58	108	32	0	127
XPO6	846	390	92	321	150	302	119	0	337
XPO7	268	167	33	104	49	113	49	0	197
XPOT	508	309	69	188	105	233	59	1	287
XPOTP1	2	0	0	0	0	0	0	0	0
XPR1	387	210	54	159	73	195	48	1	228
XRCC1	45	45	11	28	14	21	8	0	20
XRCC2	111	75	13	47	40	68	14	0	117
XRCC3	64	41	11	27	15	21	14	0	37
XRCC4	284	221	35	93	82	186	45	0	220
XRCC5	1588	1048	165	692	391	767	267	5	943
XRCC6	539	362	78	242	128	220	101	1	292
XRCC6P1	2	0	0	0	0	1	0	0	0
XRCC6P2	0	0	0	0	1	1	0	0	0
XRCC6P3	1	0	0	0	0	1	0	0	1
XRCC6P4	2	0	0	0	0	0	0	0	1
XRCC6P5	0	0	0	0	0	0	1	0	0
XRN1	273	188	33	130	70	136	42	0	172
XRN2	302	249	43	124	86	193	60	0	288
XRRA1	119	87	6	51	26	61	22	1	81
XXYLT1	436	432	70	181	149	244	101	2	320
XXYLT1-AS2	1	0	0	0	0	0	0	0	0
XYLB	163	110	16	68	35	72	26	0	89
XYLT1	18	11	1	9	3	4	2	0	9
XYLT2	70	47	9	18	10	20	12	0	30
YAE1	25	24	4	12	6	22	10	0	27
YAE1-DT	1	2	0	1	0	0	0	0	0
YAF2	194	128	19	75	50	131	37	0	138
YAP1	676	397	61	298	156	335	82	1	341
YAP1P2	1	0	0	0	0	0	0	0	0
YARS1	520	338	61	198	129	244	77	1	331
YARS2	79	59	16	31	10	40	8	0	50
YBEY	38	16	5	12	2	6	2	0	16
YBX1	934	483	114	402	191	418	139	1	479
YBX1P1	2	1	0	0	1	0	1	0	2
YBX1P10	5	3	0	3	2	2	0	0	4
YBX1P2	4	4	0	1	1	0	1	0	2
YBX1P3	1	0	0	0	0	0	0	0	0
YBX1P4	0	0	0	0	0	1	0	0	1
YBX1P5	0	0	0	0	0	0	0	0	1
YBX1P6	3	0	0	1	0	0	0	0	0
YBX2	2	2	1	3	0	0	0	0	1
YBX2P2	6	2	0	0	2	0	0	0	0
YBX3	400	212	50	157	64	145	47	1	161
YBX3P1	1	0	0	0	1	0	0	0	0
YDJC	50	24	2	12	8	8	10	0	8
YEATS2	468	276	64	165	115	246	84	0	252
YEATS2-AS1	3	1	0	1	1	0	0	0	0
YEATS4	75	48	16	44	22	55	9	0	58
YES1	192	111	16	68	46	107	29	0	123
YES1P1	0	1	0	0	0	1	0	0	0
YIF1A	64	43	8	26	14	18	13	0	45
YIF1B	35	25	1	14	10	12	5	0	14
YIPF1	44	27	5	13	13	14	5	0	22
YIPF2	26	23	7	12	9	10	7	0	17
YIPF3	76	49	11	31	16	29	10	0	43
YIPF4	135	91	18	75	32	79	27	0	102
YIPF5	162	78	10	66	36	61	15	1	76
YIPF6	152	103	17	72	50	87	21	0	115
YIPF7	7	0	0	2	0	5	0	0	2
YJEFN3	5	2	0	1	4	0	0	0	4
YJU2	35	23	6	14	5	15	7	0	20
YJU2B	84	49	7	23	24	41	14	0	44
YKT6	140	77	16	51	23	37	18	1	56
YLPM1	281	210	40	131	81	154	47	0	240
YME1L1	394	239	42	140	95	184	69	2	194
YOD1	174	64	14	63	41	53	10	0	75
YPEL1	4	3	0	4	0	3	1	0	3
YPEL2	39	23	6	13	12	15	6	0	23
YPEL3	3	6	1	5	1	1	1	0	5
YPEL3-DT	1	0	1	0	0	1	0	0	0
YPEL4	2	1	0	1	0	1	0	0	0
YPEL5	124	15	4	46	8	8	4	0	16
YPEL5P2	0	1	0	0	0	0	0	0	0
YRDC	79	38	3	25	10	21	6	0	19
YRDCP1	1	0	0	0	0	0	0	0	0
YTHDC1	266	135	36	88	61	124	29	0	181
YTHDC2	223	154	31	93	55	137	45	0	178
YTHDF1	260	120	22	95	35	99	33	2	126
YTHDF1P1	0	1	0	0	0	0	0	0	0
YTHDF2	290	163	27	108	47	104	36	2	149
YTHDF2P1	0	1	0	0	0	0	0	0	0
YTHDF3	337	212	41	120	75	163	47	0	205
YTHDF3-DT	5	1	0	0	0	1	0	0	0
YWHAB	481	290	63	183	104	203	57	0	265
YWHABP2	1	0	0	2	0	0	1	0	1
YWHAE	1316	872	177	616	294	632	188	3	741
YWHAEP1	2	0	0	0	0	1	0	0	0
YWHAEP5	1	0	0	1	0	1	0	0	0
YWHAEP7	3	2	1	0	1	1	0	0	3
YWHAG	933	536	110	432	212	386	121	0	468
YWHAH	125	79	20	64	26	60	19	1	67
YWHAH-AS1	7	0	1	1	0	2	0	0	0
YWHAQ	693	378	71	275	150	316	114	2	384
YWHAQP1	0	0	0	0	0	1	0	0	0
YWHAQP4	0	0	0	0	0	0	1	0	1
YWHAZ	831	488	106	345	190	460	133	1	508
YWHAZP1	3	0	0	1	1	0	0	0	0
YWHAZP10	2	1	0	2	0	0	0	0	0
YWHAZP2	2	2	2	0	0	0	0	0	0
YWHAZP3	0	0	0	0	0	2	0	0	1
YWHAZP4	0	0	0	0	0	0	0	0	2
YWHAZP5	0	1	0	0	0	0	0	0	1
YWHAZP6	1	0	0	0	0	0	0	0	0
YWHAZP7	1	0	0	0	0	0	0	0	0
YY1	370	265	41	170	91	166	65	2	235
YY1AP1	242	302	23	120	83	70	59	0	151
YY2	13	4	2	9	3	4	3	0	5
Y_RNA	390	341	44	248	99	148	94	2	149
ZACN	1	2	0	0	0	2	0	0	0
ZAN	3	3	0	0	0	0	0	0	1
ZAP70	3	0	0	1	0	0	0	0	0
ZAR1	1	3	0	1	0	0	3	0	1
ZAR1L	3	0	0	0	0	1	0	0	0
ZBBX	9	6	2	7	3	6	0	1	1
ZBED1	87	39	7	38	16	27	11	1	35
ZBED10P	32	10	0	12	9	13	5	0	12
ZBED2	1	0	0	0	0	0	0	0	1
ZBED3	78	66	15	41	12	41	31	0	56
ZBED3-AS1	0	0	0	0	0	0	0	0	1
ZBED4	169	105	17	68	35	63	29	1	98
ZBED5	143	111	22	50	54	69	35	0	133
ZBED5-AS1	16	12	0	7	3	13	3	0	15
ZBED6	205	145	27	82	52	112	33	0	134
ZBED8	22	13	2	9	6	10	1	0	23
ZBED9	35	16	3	21	3	11	2	0	10
ZBED9-AS1	14	9	1	10	6	3	4	0	5
ZBED9P1	0	0	0	1	0	1	0	0	0
ZBP1	2	0	0	1	2	0	0	0	0
ZBTB1	188	148	31	64	46	119	35	1	141
ZBTB10	65	29	4	31	15	17	9	0	30
ZBTB11	141	108	18	63	40	51	24	0	92
ZBTB11-AS1	8	7	2	4	1	2	1	0	3
ZBTB12	17	12	2	5	2	0	2	0	4
ZBTB14	23	10	2	14	5	9	4	0	13
ZBTB16	11	6	0	1	1	2	3	0	5
ZBTB17	98	49	7	33	16	26	18	0	39
ZBTB18	20	11	1	7	3	6	4	0	8
ZBTB2	128	53	9	34	27	41	11	0	42
ZBTB20	1593	1643	341	797	549	1359	466	4	2027
ZBTB20-AS1	1	0	0	2	0	0	0	0	0
ZBTB20-AS2	0	0	0	0	0	0	0	0	1
ZBTB20-AS5	5	5	1	2	1	3	1	0	1
ZBTB21	113	50	6	35	16	32	7	0	55
ZBTB22	9	9	1	4	0	3	3	0	7
ZBTB24	73	37	3	37	14	35	9	0	34
ZBTB24-DT	1	0	0	2	0	0	0	0	1
ZBTB25	113	94	13	52	42	70	23	0	98
ZBTB26	71	49	12	22	14	36	9	0	39
ZBTB2P1	1	0	0	0	0	0	0	0	0
ZBTB3	15	7	0	5	3	9	2	0	12
ZBTB32	1	0	0	0	0	0	0	0	0
ZBTB33	88	69	9	37	16	39	14	0	58
ZBTB34	76	55	7	35	28	36	14	0	66
ZBTB37	65	59	8	31	21	44	12	0	55
ZBTB38	1203	850	148	491	280	622	202	1	851
ZBTB39	18	9	4	11	2	2	4	0	10
ZBTB4	183	116	26	67	40	67	33	0	103
ZBTB40	229	154	29	74	50	107	56	0	161
ZBTB40-IT1	0	0	0	0	0	0	0	0	1
ZBTB41	73	57	11	31	16	54	14	0	66
ZBTB42	14	2	3	5	1	2	2	0	1
ZBTB43	204	99	15	73	27	88	12	0	114
ZBTB44	198	161	30	92	44	115	26	0	232
ZBTB44-DT	7	4	0	0	1	0	0	0	3
ZBTB45	27	13	2	11	2	11	4	0	10
ZBTB46	23	20	4	8	0	2	3	0	3
ZBTB46-AS1	0	1	0	0	0	0	0	0	0
ZBTB46-AS2	2	4	1	0	1	0	0	0	0
ZBTB47	53	45	4	16	11	13	9	0	21
ZBTB47-AS1	18	13	0	7	2	6	3	0	4
ZBTB48	41	26	6	12	8	10	6	0	23
ZBTB49	12	21	2	5	6	7	3	0	14
ZBTB5	184	103	17	57	31	85	36	0	127
ZBTB6	68	39	4	28	10	26	7	0	34
ZBTB7A	247	146	28	73	43	99	33	0	97
ZBTB7B	131	87	20	44	33	60	34	1	64
ZBTB7C	170	116	11	67	52	67	33	1	83
ZBTB7C-AS1	2	0	0	0	0	0	0	0	1
ZBTB8A	24	17	4	8	10	11	8	1	25
ZBTB8B	1	0	0	0	0	0	0	0	0
ZBTB8OS	111	77	7	50	21	58	16	0	103
ZBTB8OSP1	1	0	0	0	0	0	0	0	0
ZBTB9	18	15	1	11	2	3	1	0	6
ZC2HC1A	41	29	7	17	12	22	6	0	25
ZC2HC1C	3	1	0	1	2	0	0	0	1
ZC3H10	27	8	3	14	4	9	1	1	8
ZC3H11A	287	213	33	119	72	140	59	1	258
ZC3H11C	3	0	0	2	1	0	0	0	1
ZC3H12A	187	93	13	57	30	40	26	0	57
ZC3H12A-DT	50	46	7	26	12	21	8	0	36
ZC3H12B	44	13	2	7	4	5	7	0	8
ZC3H12C	256	149	30	88	53	115	33	0	146
ZC3H12D	6	2	0	2	0	3	0	0	1
ZC3H13	244	198	47	101	65	176	41	0	245
ZC3H14	191	120	30	93	38	97	34	0	121
ZC3H15	269	136	30	113	59	120	31	0	154
ZC3H18	281	141	28	86	53	85	34	0	132
ZC3H3	343	171	32	97	44	95	63	0	105
ZC3H4	278	168	40	95	66	100	56	0	175
ZC3H6	16	18	5	5	4	16	2	0	37
ZC3H7A	193	131	29	104	43	85	32	0	126
ZC3H7B	235	166	30	93	37	81	44	1	91
ZC3H8	110	52	21	54	23	59	14	0	72
ZC3HAV1	906	630	95	453	199	384	58	0	172
ZC3HAV1L	49	40	3	23	11	15	5	0	30
ZC3HC1	93	54	13	34	13	37	13	0	58
ZC4H2	31	38	8	14	13	35	7	0	34
ZCCHC10	60	57	2	25	18	35	6	0	41
ZCCHC12	1	0	0	0	0	0	0	0	0
ZCCHC14	310	142	21	116	62	127	36	0	130
ZCCHC14-DT	11	12	1	7	3	7	5	0	3
ZCCHC17	123	107	22	47	33	82	22	0	96
ZCCHC18	0	1	0	1	1	2	1	0	0
ZCCHC2	207	84	9	69	28	62	31	0	88
ZCCHC24	188	164	26	58	39	85	84	0	165
ZCCHC3	29	8	3	9	3	9	2	0	13
ZCCHC4	103	64	15	48	22	58	17	0	67
ZCCHC7	2078	1381	264	859	523	1319	297	4	1558
ZCCHC8	139	80	17	50	33	73	19	0	109
ZCCHC9	49	28	8	18	15	24	8	0	20
ZCRB1	36	35	14	26	11	30	6	0	32
ZCRB1P1	0	0	0	0	0	0	0	0	1
ZCWPW1	8	4	3	3	4	0	3	0	9
ZCWPW2	3	0	0	1	1	1	0	0	1
ZDBF2	177	92	13	75	27	77	28	0	103
ZDHHC1	2	2	0	0	0	1	0	0	2
ZDHHC11	73	99	10	32	18	42	16	0	123
ZDHHC11B	22	10	1	4	5	7	4	0	16
ZDHHC12	21	23	8	14	13	9	10	0	23
ZDHHC12-DT	4	10	0	7	2	2	1	0	4
ZDHHC13	51	41	5	31	19	35	10	0	62
ZDHHC14	297	175	36	108	69	104	38	0	146
ZDHHC15	7	1	0	3	2	3	1	0	2
ZDHHC16	59	41	4	30	19	25	13	0	38
ZDHHC17	184	126	23	57	48	145	48	1	194
ZDHHC18	73	50	11	22	16	17	11	0	30
ZDHHC19	0	1	0	1	0	0	0	0	0
ZDHHC2	30	5	4	7	3	11	3	0	14
ZDHHC20	139	110	16	73	29	89	31	0	95
ZDHHC20-IT1	0	0	0	0	0	0	0	0	1
ZDHHC21	212	124	28	108	45	163	31	0	171
ZDHHC22	0	0	1	0	0	0	1	0	0
ZDHHC23	12	12	2	7	5	8	3	0	9
ZDHHC24	18	10	1	4	8	8	2	0	13
ZDHHC3	148	112	20	57	47	81	20	0	107
ZDHHC4	30	19	2	18	7	17	5	0	25
ZDHHC5	189	100	22	90	35	77	27	0	92
ZDHHC6	92	53	14	43	32	37	12	0	71
ZDHHC7	112	98	9	47	26	37	23	0	76
ZDHHC8	77	40	14	31	16	32	14	0	33
ZDHHC9	85	43	10	40	18	35	13	0	32
ZEB1	489	395	84	189	143	333	84	1	449
ZEB1-AS1	12	13	3	4	11	7	2	0	9
ZEB2	165	69	11	54	20	50	24	0	38
ZEB2-AS1	0	0	0	1	0	0	0	0	0
ZEB2P1	1	0	1	0	0	0	0	0	0
ZER1	115	84	13	44	38	56	35	0	97
ZFAND1	104	54	14	45	27	46	14	0	65
ZFAND2A	33	19	3	11	2	13	3	0	15
ZFAND2A-DT	11	7	0	3	0	2	2	0	6
ZFAND2B	16	11	1	5	1	3	2	0	6
ZFAND3	1260	775	154	448	298	591	173	3	646
ZFAND3-DT	1	3	0	0	0	1	0	0	3
ZFAND4	40	48	6	20	12	35	10	0	34
ZFAND5	355	201	44	145	71	159	60	0	171
ZFAND6	314	213	49	118	77	226	48	0	268
ZFAS1	1781	1214	119	625	368	385	224	3	435
ZFAT	350	245	43	132	70	160	80	0	211
ZFC3H1	370	243	40	139	87	207	50	1	321
ZFHX2	7	5	1	1	1	2	0	0	1
ZFHX2-AS1	13	4	0	0	1	3	2	0	6
ZFHX3	2395	1400	285	885	482	888	459	5	1110
ZFHX3-AS1	103	85	20	32	28	66	14	2	65
ZFHX4	12	3	0	1	2	1	3	0	2
ZFHX4-AS1	33	27	12	16	9	33	11	0	26
ZFP1	22	23	4	16	6	12	6	0	19
ZFP14	14	15	2	7	5	12	7	0	16
ZFP2	3	6	0	2	1	5	0	0	1
ZFP28	0	0	1	0	0	0	0	0	0
ZFP3	4	0	2	2	2	0	2	0	1
ZFP3-DT	0	0	0	1	0	0	0	0	0
ZFP30	36	16	3	20	7	10	5	0	21
ZFP36	180	47	12	40	18	36	8	0	36
ZFP36L1	317	118	27	107	29	81	31	0	87
ZFP36L2	176	44	10	36	25	37	8	0	31
ZFP37	15	17	2	3	3	6	3	0	12
ZFP41	8	10	3	8	6	1	4	0	7
ZFP42	1	1	0	0	0	0	1	0	0
ZFP57	0	0	0	0	1	0	0	0	0
ZFP62	59	44	3	29	23	19	7	1	53
ZFP64	209	112	25	85	37	95	35	0	118
ZFP69	14	2	2	7	2	10	1	0	9
ZFP69B	17	8	1	5	3	8	1	0	5
ZFP82	24	6	2	6	2	14	1	0	7
ZFP90	17	11	6	8	7	19	6	0	20
ZFP91	146	88	14	77	34	82	23	1	78
ZFP91-CNTF	249	161	39	105	65	116	40	0	181
ZFP91P1	1	1	0	1	0	0	0	0	0
ZFP92	3	1	0	0	1	0	1	0	1
ZFPL1	41	19	2	12	7	13	7	0	16
ZFPM1	129	50	5	48	24	37	22	0	49
ZFPM1-AS1	37	24	4	10	11	18	9	0	25
ZFPM2	40	16	3	15	5	12	6	0	14
ZFPM2-AS1	753	549	113	309	215	458	92	1	524
ZFR	1028	532	107	432	189	471	144	1	549
ZFR2	5	0	0	3	1	2	2	0	1
ZFTA	42	18	8	20	11	10	11	0	23
ZFTRAF1	9	2	1	2	0	1	2	0	1
ZFX	358	206	42	164	98	183	76	0	276
ZFX-AS1	5	5	0	3	0	2	1	0	0
ZFY	0	1	0	0	0	0	0	0	2
ZFY-AS1	3	0	0	0	1	0	1	0	1
ZFYVE1	37	13	0	10	6	13	7	0	23
ZFYVE16	236	195	28	105	47	127	31	0	192
ZFYVE19	33	19	5	11	11	14	3	0	13
ZFYVE21	54	26	7	19	10	25	8	0	24
ZFYVE26	161	103	24	82	46	78	32	1	72
ZFYVE27	117	65	13	40	32	33	17	1	65
ZFYVE28	228	173	24	95	55	83	42	1	105
ZFYVE9	181	104	20	60	45	78	32	0	82
ZG16B	8	3	1	0	2	1	2	0	0
ZGLP1	1	1	0	0	1	0	1	0	2
ZGPAT	19	5	1	5	0	4	0	0	4
ZGRF1	110	83	16	40	28	70	14	0	101
ZHX1	86	48	8	39	20	32	7	0	44
ZHX1-C8orf76	63	34	11	23	17	26	12	1	49
ZHX2	329	187	30	115	78	120	56	0	118
ZHX3	161	116	26	58	33	90	43	0	114
ZIC1	13	3	1	7	1	4	0	0	3
ZIC2	63	30	5	29	14	16	4	0	20
ZIC3	1	1	0	0	0	0	0	0	0
ZIC4	7	2	2	0	0	2	2	0	0
ZIC5	58	20	4	33	12	11	6	0	22
ZIK1	0	0	0	0	1	0	0	0	0
ZIM2	1	0	0	0	0	0	0	0	1
ZIM2-AS1	10	8	2	4	4	4	3	0	13
ZKSCAN1	153	138	30	78	38	87	34	1	121
ZKSCAN2	45	39	5	17	11	22	4	0	20
ZKSCAN2-DT	12	15	1	8	3	9	2	0	14
ZKSCAN3	15	2	2	13	7	3	1	1	9
ZKSCAN4	10	12	0	6	4	6	1	0	13
ZKSCAN5	61	62	14	29	14	33	13	1	46
ZKSCAN7	11	10	0	5	0	6	3	0	8
ZKSCAN7-AS1	20	23	3	12	1	9	3	0	16
ZKSCAN8	84	54	14	45	24	48	8	0	58
ZKSCAN8P1	2	3	2	4	2	4	1	0	2
ZKSCAN8P2	1	0	0	0	0	0	0	0	0
ZMAT1	3	3	1	2	0	1	0	0	2
ZMAT2	131	93	14	65	31	38	25	0	56
ZMAT3	68	55	16	41	19	63	28	0	77
ZMAT4	23	20	1	9	4	4	4	0	5
ZMAT5	20	19	1	5	5	11	5	0	14
ZMIZ1	1132	1092	195	417	374	535	325	4	758
ZMIZ1-AS1	31	55	9	16	17	25	21	0	48
ZMIZ2	146	119	29	75	40	66	27	0	86
ZMPSTE24	275	155	23	134	62	115	33	0	129
ZMPSTE24-DT	11	4	0	1	2	4	1	0	2
ZMYM1	126	98	13	70	25	71	26	0	97
ZMYM2	434	307	76	188	111	271	89	1	357
ZMYM3	45	36	11	21	12	35	9	0	32
ZMYM4	461	342	68	211	123	280	86	0	419
ZMYM4-AS1	1	8	1	2	0	6	0	0	7
ZMYM5	39	32	7	17	11	27	5	0	40
ZMYM6	15	19	0	10	6	8	3	0	10
ZMYND10	2	1	0	0	0	1	1	0	3
ZMYND10-AS1	15	8	0	0	4	8	3	0	8
ZMYND11	208	115	25	70	35	98	21	0	92
ZMYND12	1	2	1	1	1	1	0	0	0
ZMYND15	2	1	0	0	0	0	0	0	0
ZMYND19	126	73	12	49	31	44	22	0	62
ZMYND8	175	93	17	63	38	55	26	0	65
ZNF10	13	11	0	6	0	7	1	0	6
ZNF100	81	68	18	45	21	76	17	0	78
ZNF101	28	20	2	12	7	8	6	0	14
ZNF101P2	3	4	0	1	1	1	0	0	1
ZNF106	362	200	51	145	78	143	46	3	180
ZNF107	129	92	23	63	50	100	36	0	136
ZNF112	10	6	2	4	1	5	1	0	5
ZNF114	9	1	1	1	0	1	0	0	1
ZNF114-AS1	0	0	0	0	0	0	1	0	0
ZNF117	0	2	0	1	0	2	1	0	1
ZNF12	94	80	10	45	18	49	25	0	64
ZNF121	239	176	32	117	56	117	28	1	144
ZNF124	223	190	23	101	62	127	46	0	167
ZNF131	539	444	91	243	181	295	85	2	448
ZNF132	1	0	0	0	0	0	0	0	0
ZNF132-DT	2	2	0	0	0	0	0	0	0
ZNF133	28	32	6	7	7	19	7	0	25
ZNF134	35	13	6	8	7	12	5	0	12
ZNF135	1	0	0	0	0	0	0	0	0
ZNF136	36	34	9	19	10	17	12	0	26
ZNF137P	0	0	1	2	0	1	0	0	2
ZNF138	84	78	18	43	23	49	14	0	94
ZNF14	34	21	0	17	5	13	5	0	9
ZNF140	24	18	1	10	3	13	1	0	16
ZNF141	9	1	0	2	0	4	0	0	5
ZNF142	157	86	11	67	26	70	25	1	72
ZNF143	105	65	15	50	23	44	24	0	52
ZNF146	320	237	37	179	95	167	48	0	253
ZNF148	479	257	65	218	127	266	74	0	325
ZNF154	7	7	2	3	3	6	1	0	6
ZNF155	25	28	4	25	12	23	7	0	31
ZNF157	3	0	0	1	3	0	0	0	1
ZNF16	46	22	5	15	8	19	3	0	25
ZNF160	76	70	13	40	23	35	13	0	59
ZNF165	3	4	0	2	1	1	3	0	6
ZNF169	37	38	6	30	7	15	7	0	17
ZNF17	12	12	0	6	5	5	1	0	8
ZNF174	14	8	1	1	2	4	2	0	6
ZNF175	26	22	5	15	10	16	6	0	30
ZNF177	1	0	0	0	0	0	0	0	0
ZNF18	13	6	6	2	0	8	3	0	14
ZNF180	65	44	8	29	15	40	9	0	35
ZNF181	13	7	2	6	4	7	1	0	9
ZNF182	56	15	4	16	6	19	7	0	25
ZNF184	24	32	5	11	8	18	9	0	26
ZNF185	12	7	0	9	3	5	4	0	4
ZNF189	53	36	6	21	13	25	6	0	41
ZNF19	15	7	0	2	2	2	0	0	6
ZNF195	242	136	25	94	52	114	32	0	129
ZNF197	73	53	10	34	25	42	12	0	62
ZNF197-AS1	0	0	0	0	1	1	0	0	0
ZNF2	23	18	3	7	4	9	3	0	7
ZNF20	8	8	0	4	1	3	2	0	4
ZNF200	46	33	6	20	8	18	7	0	24
ZNF202	50	25	8	14	15	22	8	0	26
ZNF205	30	14	2	6	2	9	2	0	4
ZNF207	578	362	65	227	145	283	99	1	385
ZNF208	2	1	0	0	0	1	0	0	3
ZNF209P	0	0	0	0	0	0	0	0	1
ZNF211	12	7	4	5	2	8	3	0	7
ZNF212	47	31	6	23	9	28	5	0	31
ZNF213	15	6	4	7	1	4	2	0	7
ZNF213-AS1	47	29	8	18	12	30	5	0	30
ZNF214	5	7	0	3	2	3	1	0	5
ZNF215	3	2	0	0	0	1	0	0	0
ZNF217	181	110	22	66	43	63	18	1	76
ZNF219	35	17	2	15	10	12	10	0	20
ZNF22	32	23	7	17	4	20	6	0	11
ZNF22-AS1	2	1	1	0	0	0	0	0	0
ZNF221	17	8	1	6	3	8	0	0	13
ZNF222	2	2	1	3	1	2	1	0	3
ZNF222-DT	0	2	0	0	0	1	0	0	0
ZNF223	1	0	0	1	1	1	0	0	0
ZNF224	47	30	4	12	12	16	7	0	26
ZNF225	20	19	0	6	6	12	3	0	18
ZNF225-AS1	3	0	0	0	0	0	1	0	3
ZNF226	44	22	2	18	7	24	7	0	32
ZNF227	50	38	2	19	11	25	10	0	52
ZNF229	4	0	0	0	0	0	0	0	2
ZNF23	9	2	1	1	2	4	2	0	2
ZNF230	6	7	0	4	3	5	1	0	8
ZNF230-DT	1	2	1	3	2	1	0	0	2
ZNF232	29	16	2	13	9	23	5	0	18
ZNF232-AS1	13	12	1	3	2	9	1	0	6
ZNF233	5	0	0	0	1	2	1	0	3
ZNF234	30	21	5	11	4	16	4	0	26
ZNF235	47	48	7	38	21	41	13	0	63
ZNF236	235	195	33	105	77	140	39	1	167
ZNF236-DT	4	5	0	0	0	4	3	0	10
ZNF239	53	33	3	19	11	25	3	0	15
ZNF24	138	75	13	63	37	82	25	1	95
ZNF248	63	50	9	25	20	34	17	0	65
ZNF24TR	1	0	0	0	0	0	0	0	0
ZNF25	2	5	0	2	0	3	0	0	6
ZNF25-DT	0	0	0	1	0	0	0	0	2
ZNF250	37	23	3	11	7	11	5	0	29
ZNF251	97	61	13	31	27	50	24	0	75
ZNF252P	70	43	6	35	17	41	4	0	41
ZNF252P-AS1	4	2	0	2	0	2	0	0	2
ZNF253	5	8	0	1	2	4	1	0	5
ZNF254	141	131	27	71	39	103	34	0	135
ZNF256	0	1	0	0	0	1	0	0	0
ZNF257	2	3	0	2	1	1	0	0	0
ZNF26	73	49	6	34	20	42	7	0	72
ZNF260	47	37	5	23	20	30	7	0	46
ZNF263	38	27	8	7	9	16	6	0	12
ZNF264	114	105	10	53	33	75	21	0	85
ZNF266	108	72	10	25	22	48	23	0	56
ZNF267	111	80	13	51	25	55	19	0	73
ZNF268	12	9	2	7	3	3	4	0	4
ZNF271P	65	35	5	21	17	29	12	0	28
ZNF273	45	29	9	16	8	17	5	0	26
ZNF274	96	60	5	42	16	46	15	0	56
ZNF275	32	20	7	14	11	10	4	0	19
ZNF276	164	118	21	62	40	64	29	0	77
ZNF277	214	115	24	85	41	88	29	1	84
ZNF277-AS1	13	7	3	2	1	4	6	0	6
ZNF28	29	31	2	19	7	16	6	0	40
ZNF280A	1	0	0	0	0	0	0	0	0
ZNF280B	7	1	0	2	2	5	1	0	3
ZNF280C	87	95	18	39	38	62	11	0	86
ZNF280D	83	65	5	31	26	57	13	1	76
ZNF281	135	73	13	43	23	51	18	0	63
ZNF282	110	61	13	38	23	35	19	0	57
ZNF283	67	51	6	28	16	36	20	0	34
ZNF284	9	9	3	7	0	4	5	0	5
ZNF285	0	2	0	0	0	0	1	0	0
ZNF286A	14	6	1	3	4	11	2	0	5
ZNF286A-TBC1D26	116	27	9	33	4	20	20	0	19
ZNF286B	5	11	1	5	4	4	1	0	7
ZNF287	0	3	0	0	1	0	0	0	1
ZNF292	375	258	56	154	95	211	51	1	297
ZNF295-AS1	13	2	0	1	1	0	0	0	3
ZNF296	26	10	0	7	3	7	1	0	1
ZNF3	69	56	10	32	14	35	13	0	45
ZNF30	16	5	0	2	2	3	1	0	6
ZNF30-AS1	2	0	0	0	0	0	0	0	1
ZNF300	91	49	4	28	12	33	17	0	30
ZNF300P1	0	0	0	0	0	0	1	0	1
ZNF302	46	49	3	23	13	21	10	0	37
ZNF304	26	18	3	12	7	8	5	0	14
ZNF311	10	6	2	6	2	3	0	0	4
ZNF316	90	38	12	32	14	19	21	0	31
ZNF317	119	67	10	46	28	62	18	0	63
ZNF318	54	25	8	18	11	30	4	0	27
ZNF319	14	10	2	6	1	4	1	0	6
ZNF32	7	1	0	6	1	5	4	0	2
ZNF32-AS3	4	1	0	1	1	0	1	0	0
ZNF320	45	46	12	32	14	29	9	0	48
ZNF321P	1	1	0	1	1	5	0	0	3
ZNF322	32	16	2	13	11	10	1	1	21
ZNF324	25	9	0	11	3	8	8	0	13
ZNF324B	14	10	1	7	1	11	0	0	3
ZNF326	164	117	19	63	45	106	26	0	114
ZNF329	15	16	2	10	2	13	6	0	5
ZNF330	68	70	10	22	10	31	5	0	58
ZNF331	132	139	25	57	47	109	39	0	218
ZNF333	30	12	6	11	3	19	6	0	14
ZNF334	6	0	1	3	0	0	0	0	1
ZNF335	112	52	18	43	18	39	16	0	54
ZNF337	51	42	12	19	17	33	10	0	43
ZNF337-AS1	64	44	8	22	14	38	14	0	61
ZNF33A	143	122	22	74	48	91	34	0	117
ZNF33B	99	84	13	48	20	68	14	0	96
ZNF33CP	0	0	0	0	0	0	0	0	1
ZNF34	27	13	1	7	2	9	4	0	11
ZNF341	25	32	7	18	11	18	4	0	23
ZNF341-AS1	4	2	0	0	0	0	0	0	2
ZNF343	16	16	3	6	4	6	6	0	15
ZNF346	180	134	31	73	35	96	30	1	119
ZNF346-IT1	1	1	0	1	0	2	0	0	3
ZNF347	1	0	0	0	0	1	0	0	0
ZNF35	39	23	8	7	8	14	9	0	16
ZNF350	36	14	2	12	3	18	7	0	15
ZNF350-AS1	5	0	0	0	1	0	1	0	1
ZNF354A	13	7	1	6	3	7	3	0	4
ZNF354B	65	29	6	12	5	23	12	0	36
ZNF354C	4	2	1	0	0	1	0	0	2
ZNF358	30	9	3	15	4	6	3	0	17
ZNF362	39	30	7	13	9	21	16	2	25
ZNF365	3	2	0	2	0	1	0	0	0
ZNF366	1	1	0	0	0	0	0	0	2
ZNF367	165	105	18	70	40	87	26	0	149
ZNF37A	35	31	9	16	11	24	8	0	24
ZNF37BP	80	72	17	35	26	59	18	0	75
ZNF382	0	0	0	0	1	1	0	0	0
ZNF383	47	30	9	24	7	24	3	0	39
ZNF384	114	65	22	34	22	46	18	1	81
ZNF385A	46	24	13	16	10	18	5	0	23
ZNF385B	61	57	12	37	25	32	22	0	46
ZNF385C	4	0	1	2	0	0	1	0	2
ZNF385D	39	30	4	20	6	10	8	0	13
ZNF385D-AS1	0	1	0	0	0	0	0	0	1
ZNF385D-AS2	0	1	0	0	0	0	0	0	0
ZNF391	9	8	2	5	2	6	0	0	4
ZNF394	52	42	9	24	11	26	13	0	47
ZNF395	13	16	4	4	1	7	1	1	9
ZNF396	2	1	0	0	1	0	2	0	6
ZNF397	33	27	5	28	15	18	7	0	35
ZNF398	47	29	4	35	9	26	8	0	24
ZNF402P	1	0	0	0	0	0	0	0	0
ZNF407	1040	614	127	400	212	534	158	4	685
ZNF407-AS1	14	13	0	6	2	6	3	0	9
ZNF408	32	5	2	1	2	7	0	0	7
ZNF41	102	56	24	34	19	56	8	0	74
ZNF410	28	7	2	14	5	12	6	0	20
ZNF414	17	8	3	6	6	9	3	0	8
ZNF415	2	0	0	2	0	2	0	0	1
ZNF415P1	6	3	0	1	2	4	0	0	6
ZNF416	17	19	1	9	4	4	3	0	5
ZNF417	16	12	2	6	1	9	3	0	7
ZNF418	1	0	0	0	0	0	0	0	0
ZNF419	7	6	0	4	2	4	4	0	1
ZNF420	48	32	4	20	12	21	9	0	36
ZNF423	34	13	2	11	4	5	5	0	11
ZNF425	4	6	1	4	1	2	2	0	2
ZNF426	50	28	8	19	5	23	6	0	24
ZNF426-DT	1	1	0	0	0	0	0	0	1
ZNF428	32	25	6	20	7	14	10	0	18
ZNF429	8	0	0	0	0	0	1	0	0
ZNF43	3	2	1	3	2	1	0	0	2
ZNF430	68	42	8	24	14	27	10	0	48
ZNF431	127	82	19	63	36	86	24	0	107
ZNF432	42	35	6	17	15	21	7	0	46
ZNF433	0	0	1	0	1	0	0	0	0
ZNF436	18	5	1	15	5	7	0	0	11
ZNF436-AS1	5	6	1	0	0	1	0	0	3
ZNF438	93	60	11	35	25	70	20	1	77
ZNF44	63	32	1	24	10	14	10	0	21
ZNF440	42	26	4	10	8	11	6	0	18
ZNF441	15	5	0	6	2	2	2	0	4
ZNF442	2	0	0	0	1	0	1	0	0
ZNF443	3	1	0	2	0	2	0	0	1
ZNF444	69	37	6	16	11	33	16	0	31
ZNF445	114	116	11	50	42	77	27	0	91
ZNF446	8	4	5	3	3	4	3	0	2
ZNF449	7	12	0	6	3	13	5	0	9
ZNF45	48	32	9	27	12	19	9	0	24
ZNF45-AS1	1	0	0	0	0	0	0	0	0
ZNF451	309	197	39	147	67	166	49	0	247
ZNF451-AS1	4	6	0	2	2	3	4	0	3
ZNF454	2	0	0	1	0	0	0	0	0
ZNF460	222	109	34	88	43	77	29	1	96
ZNF460-AS1	10	13	1	5	3	4	3	0	12
ZNF461	8	4	3	7	2	9	2	0	6
ZNF462	317	210	38	148	68	159	65	2	151
ZNF467	2	2	0	1	1	3	2	0	2
ZNF468	49	21	7	7	9	19	7	0	14
ZNF469	701	315	56	181	97	157	126	3	199
ZNF470	1	0	0	0	0	0	0	0	1
ZNF470-DT	0	0	0	1	1	0	0	0	0
ZNF471	1	3	0	0	0	0	0	0	0
ZNF473	76	48	5	30	22	27	9	0	31
ZNF473CR	1	2	0	0	1	0	0	0	0
ZNF474	4	4	0	1	1	4	2	0	2
ZNF479	2	0	0	0	1	0	0	0	0
ZNF48	19	15	1	7	3	6	1	0	13
ZNF480	81	51	11	46	23	58	15	0	60
ZNF483	33	27	14	25	12	19	10	0	40
ZNF484	49	32	9	23	6	23	10	0	23
ZNF485	14	11	5	10	3	10	3	0	2
ZNF486	3	1	0	1	0	2	0	0	0
ZNF487	18	10	2	1	2	6	2	0	11
ZNF488	44	52	5	8	13	23	16	0	23
ZNF490	30	29	4	10	8	9	4	0	28
ZNF491	0	0	0	1	0	0	0	0	2
ZNF492	1	0	0	1	0	0	0	0	1
ZNF493	16	11	2	8	6	8	3	0	26
ZNF496	173	85	19	50	26	63	23	0	57
ZNF496-DT	14	7	1	2	1	6	0	0	5
ZNF497	10	6	1	0	0	1	0	0	6
ZNF497-AS1	2	1	0	0	0	1	1	0	0
ZNF500	50	33	7	20	10	13	6	0	26
ZNF501	4	0	0	0	0	1	0	0	0
ZNF502	0	1	0	0	0	0	0	0	0
ZNF503	115	69	15	33	16	36	25	0	62
ZNF503-AS1	15	9	1	5	1	4	2	0	4
ZNF503-AS2	7	6	1	4	1	2	1	0	5
ZNF506	0	1	0	0	0	0	0	0	1
ZNF507	199	137	26	81	48	95	32	0	125
ZNF510	43	34	11	17	8	23	7	0	36
ZNF511	22	11	2	6	0	4	1	0	4
ZNF511-PRAP1	15	10	0	7	3	4	2	0	6
ZNF512	47	30	5	15	13	19	7	0	29
ZNF512B	106	67	7	42	19	36	24	0	47
ZNF513	10	5	1	2	1	4	2	0	5
ZNF514	13	7	1	5	6	3	2	0	7
ZNF516	25	18	1	6	0	6	4	0	5
ZNF516-AS1	13	3	0	5	0	0	2	0	2
ZNF516-DT	4	1	0	0	0	0	0	0	0
ZNF517	12	4	1	3	0	1	0	0	3
ZNF518A	103	74	14	46	29	52	19	0	102
ZNF518B	2	0	0	0	1	0	1	0	0
ZNF519	130	106	22	63	40	108	14	1	104
ZNF521	783	612	129	357	221	494	225	0	663
ZNF524	8	8	4	5	2	4	0	0	6
ZNF525	27	23	3	12	7	16	5	0	25
ZNF526	29	21	5	10	7	5	4	0	19
ZNF527	27	17	2	7	6	15	6	0	24
ZNF528	2	0	0	1	0	1	1	0	0
ZNF528-AS1	2	1	0	1	0	0	0	0	0
ZNF529	115	82	18	47	26	61	22	0	68
ZNF529-AS1	16	14	3	2	0	14	6	0	20
ZNF530	17	16	4	14	5	18	7	0	18
ZNF532	408	219	41	145	80	151	67	4	141
ZNF534	1	2	0	0	0	0	0	0	0
ZNF536	29	16	0	9	3	5	2	0	8
ZNF540	6	6	1	6	1	5	3	0	3
ZNF541	3	2	0	0	0	0	0	0	1
ZNF542P	1	0	0	0	0	1	0	0	0
ZNF543	25	16	3	13	6	8	6	0	13
ZNF544	60	41	6	20	21	30	14	2	44
ZNF546	15	14	4	6	7	5	4	0	15
ZNF547	3	5	1	3	0	4	1	0	3
ZNF548	35	19	5	12	9	20	7	0	20
ZNF549	0	1	1	1	0	1	0	0	1
ZNF550	30	19	4	6	10	15	2	0	12
ZNF551	0	0	0	1	0	0	0	0	1
ZNF552	25	12	3	14	8	14	5	0	14
ZNF554	8	10	1	10	5	6	3	0	7
ZNF555	6	4	2	0	0	2	0	0	2
ZNF556	34	16	1	11	4	15	3	0	10
ZNF557	40	55	2	20	10	19	8	0	27
ZNF558	35	22	9	14	15	14	7	0	19
ZNF559	15	10	1	11	5	4	3	0	13
ZNF559-ZNF177	37	24	5	4	10	13	4	0	22
ZNF560	3	2	0	1	0	0	2	0	1
ZNF561	38	34	6	19	17	22	11	0	26
ZNF561-AS1	12	12	1	4	4	4	3	0	16
ZNF562	155	110	23	64	37	69	26	0	73
ZNF564	8	5	2	1	0	4	3	0	0
ZNF565	36	23	2	23	3	9	5	0	16
ZNF566	89	54	10	49	18	43	12	0	68
ZNF566-AS1	1	1	0	0	0	0	0	0	1
ZNF567	66	43	8	19	11	30	13	1	42
ZNF567-DT	6	4	0	3	3	1	2	0	4
ZNF568	0	0	0	1	0	0	0	0	0
ZNF569	0	1	1	0	0	1	1	0	1
ZNF57	11	6	1	1	1	2	1	0	8
ZNF570	1	0	0	0	0	0	0	0	0
ZNF571	9	7	0	3	3	7	1	0	3
ZNF572	3	0	0	0	0	2	1	0	1
ZNF573	60	49	7	22	14	33	5	0	45
ZNF574	33	14	3	10	3	10	3	0	18
ZNF575	2	1	0	2	0	2	0	0	1
ZNF576	15	14	4	9	5	8	1	0	16
ZNF577	0	1	0	1	2	1	0	0	2
ZNF578	2	2	0	2	0	1	1	0	1
ZNF579	38	14	2	7	3	8	5	0	9
ZNF580	32	21	3	12	4	11	7	0	20
ZNF581	55	28	11	19	14	26	9	1	45
ZNF583	1	0	0	0	1	1	2	0	0
ZNF584	59	32	8	31	14	20	12	2	26
ZNF584-DT	15	18	5	12	2	6	6	0	11
ZNF585A	4	5	0	0	1	1	1	0	4
ZNF585B	10	5	2	8	5	5	4	1	9
ZNF586	203	149	23	73	43	76	42	0	139
ZNF587	89	57	7	58	18	40	19	0	56
ZNF587B	45	19	2	14	12	15	11	1	22
ZNF589	67	33	7	28	13	29	6	0	40
ZNF592	185	131	25	72	41	85	40	0	165
ZNF593	16	14	2	9	3	3	3	0	4
ZNF593OS	2	1	0	0	0	0	0	0	0
ZNF594	55	28	7	28	11	20	10	0	33
ZNF594-DT	41	33	3	9	8	19	6	0	19
ZNF595	2	0	1	0	0	0	0	0	0
ZNF596	14	7	0	3	4	6	3	0	6
ZNF597	20	18	3	10	6	6	3	0	15
ZNF598	259	113	28	76	42	76	36	0	71
ZNF599	5	1	1	2	1	5	0	0	4
ZNF600	20	13	4	10	6	16	6	0	10
ZNF605	16	21	3	11	4	7	4	0	11
ZNF606	7	0	0	0	0	0	0	0	1
ZNF607	14	11	3	7	3	4	2	0	8
ZNF608	8	8	0	4	4	6	0	0	1
ZNF609	688	469	101	292	172	345	123	4	440
ZNF610	1	0	0	0	1	1	0	0	2
ZNF611	48	35	7	20	17	29	12	0	49
ZNF613	12	13	2	3	2	3	1	0	6
ZNF614	46	34	4	21	16	19	6	0	22
ZNF615	10	12	1	6	2	6	7	0	15
ZNF616	16	15	2	6	8	13	5	0	6
ZNF618	66	58	9	38	16	32	13	0	34
ZNF619	21	17	3	13	5	6	3	0	10
ZNF620	32	22	1	17	5	16	5	0	16
ZNF621	131	77	15	36	22	57	18	0	63
ZNF622	211	96	19	75	40	80	22	0	58
ZNF623	127	100	25	65	52	48	30	0	95
ZNF624	10	5	1	2	3	10	2	0	6
ZNF625-ZNF20	1	0	0	1	0	1	0	0	1
ZNF627	36	35	7	14	11	20	8	0	23
ZNF628	23	17	5	16	8	13	5	0	18
ZNF628-DT	1	0	0	0	0	1	0	0	0
ZNF629	510	35	15	26	15	30	21	0	34
ZNF630	2	2	0	1	1	2	2	0	2
ZNF630-AS1	2	0	0	1	0	0	0	0	0
ZNF638	711	509	106	270	156	395	129	0	553
ZNF639	99	39	1	33	15	35	7	0	24
ZNF641	33	37	4	22	3	15	7	0	24
ZNF644	823	839	137	368	265	725	162	1	1203
ZNF646	66	47	12	25	14	22	7	0	32
ZNF649	0	0	0	0	1	1	0	0	0
ZNF652	200	128	35	86	51	116	34	0	149
ZNF652-AS1	3	0	1	2	1	3	0	0	1
ZNF653	4	3	0	3	1	2	0	0	4
ZNF654	117	81	11	38	26	62	19	0	85
ZNF655	73	61	9	30	13	40	18	0	58
ZNF658	4	2	0	2	2	2	0	0	2
ZNF658B	1	2	0	0	0	0	0	0	1
ZNF66	6	5	0	3	2	1	0	0	6
ZNF660	3	0	0	1	0	2	0	0	2
ZNF662	2	2	0	0	0	1	3	0	2
ZNF663P	0	0	0	1	1	0	1	0	0
ZNF664	186	125	24	99	37	82	32	1	114
ZNF665	1	1	0	0	0	1	0	0	0
ZNF667	1	1	0	1	0	1	0	0	0
ZNF667-AS1	1	1	0	2	0	0	0	0	0
ZNF668	45	19	5	23	12	9	5	0	11
ZNF669	13	4	5	5	5	5	5	0	6
ZNF670	10	4	0	2	6	6	0	0	3
ZNF670-ZNF695	123	91	23	57	31	58	22	0	84
ZNF671	3	3	1	1	1	0	0	0	3
ZNF672	48	42	9	18	10	24	14	0	47
ZNF674	28	28	4	16	11	24	2	0	32
ZNF674-AS1	5	6	1	5	1	4	1	0	6
ZNF675	81	40	5	24	21	29	15	0	42
ZNF676	0	0	1	0	0	0	0	0	0
ZNF677	1	1	0	0	0	0	0	0	0
ZNF678	147	96	23	52	31	84	23	0	123
ZNF679	1	1	0	0	0	0	0	0	0
ZNF680	233	179	33	110	68	171	50	0	241
ZNF680P1	1	0	0	0	0	0	0	0	0
ZNF681	1	0	0	0	0	0	0	0	0
ZNF682	0	2	0	0	0	1	0	0	0
ZNF683	0	0	0	0	0	0	0	0	1
ZNF684	17	11	1	8	3	12	1	0	14
ZNF687	63	34	8	20	10	18	9	0	33
ZNF687-AS1	1	1	0	2	1	1	0	0	2
ZNF688	5	3	1	1	2	1	2	0	2
ZNF689	44	10	3	15	5	4	3	0	10
ZNF69	4	5	2	3	4	1	0	0	5
ZNF691	26	18	2	13	6	16	5	1	16
ZNF691-DT	29	13	0	13	9	10	6	0	8
ZNF692	84	68	15	30	28	33	20	1	55
ZNF692-DT	3	1	0	0	1	1	0	0	1
ZNF695	21	10	1	2	2	2	4	0	8
ZNF696	22	18	2	6	9	6	5	0	12
ZNF697	34	15	2	10	7	21	8	0	21
ZNF699	13	16	2	4	4	7	2	0	10
ZNF7	108	66	9	30	20	39	15	0	52
ZNF70	27	17	6	10	7	17	5	0	17
ZNF700	23	18	1	14	6	9	2	0	14
ZNF701	22	20	0	11	10	13	3	0	16
ZNF702P	8	5	1	2	1	2	2	0	5
ZNF703	90	39	7	44	11	36	15	0	37
ZNF704	49	16	4	18	8	12	4	0	16
ZNF705G	1	0	0	0	0	0	0	0	0
ZNF706	75	52	6	28	16	30	8	0	49
ZNF707	38	31	7	19	8	17	8	0	31
ZNF708	78	60	8	37	18	49	12	0	61
ZNF709	1	0	0	0	0	0	0	0	0
ZNF71	1	2	2	1	0	1	1	0	1
ZNF710	88	71	7	35	20	28	14	0	36
ZNF710-AS1	0	1	0	0	0	1	1	0	0
ZNF711	17	7	3	5	6	6	1	0	9
ZNF713	1	1	0	0	0	2	1	0	2
ZNF714	126	101	23	69	35	71	33	0	127
ZNF717	41	35	10	21	7	27	4	0	33
ZNF718	23	27	3	16	13	18	4	0	35
ZNF721	270	177	25	118	63	109	42	0	146
ZNF723	1	0	0	1	0	0	0	0	1
ZNF724	3	1	0	1	0	1	0	0	0
ZNF725P	0	0	0	0	0	2	0	0	0
ZNF726	3	4	0	3	0	5	1	0	4
ZNF727	1	0	0	1	0	0	0	0	0
ZNF728	1	0	0	0	0	0	0	0	0
ZNF729	1	0	0	0	0	0	0	0	0
ZNF730	1	3	0	1	0	1	0	0	0
ZNF731P	90	64	14	50	29	45	13	0	66
ZNF732	2	0	0	1	0	0	0	0	1
ZNF735	0	0	0	0	1	0	0	0	0
ZNF736	38	20	8	17	6	19	5	0	19
ZNF736P9Y	0	2	0	0	0	0	0	0	0
ZNF737	1	0	0	0	0	1	0	0	0
ZNF738	6	14	1	9	6	11	5	0	17
ZNF74	19	8	2	8	5	6	2	0	8
ZNF740	121	83	20	44	33	57	25	0	77
ZNF746	64	47	9	40	17	25	8	0	36
ZNF747	9	8	0	7	2	2	1	0	6
ZNF747-DT	10	5	0	2	3	2	2	0	3
ZNF749	45	33	6	12	11	21	5	0	19
ZNF75A	25	20	2	14	10	16	5	0	16
ZNF75CP	0	1	0	0	0	0	0	0	0
ZNF75D	115	81	11	42	29	54	21	1	76
ZNF76	65	63	10	25	18	48	22	0	68
ZNF761	92	54	9	32	31	45	20	0	41
ZNF764	15	13	1	4	2	3	5	0	9
ZNF765	35	24	1	9	10	15	5	0	18
ZNF766	49	35	3	19	13	24	7	0	34
ZNF767P	252	168	20	86	61	86	40	0	111
ZNF768	48	20	4	14	10	23	8	0	27
ZNF77	6	4	2	4	2	0	1	0	4
ZNF770	235	101	26	99	48	88	19	1	93
ZNF771	31	23	4	16	5	11	2	0	26
ZNF772	5	2	0	4	0	1	1	0	2
ZNF774	16	4	3	13	2	11	5	0	4
ZNF775	7	14	0	6	3	6	1	0	7
ZNF776	23	25	2	7	6	15	4	0	16
ZNF777	26	19	6	12	2	14	3	0	11
ZNF778	23	17	5	13	8	12	3	0	12
ZNF778-DT	7	5	0	1	0	0	0	0	2
ZNF780A	44	37	4	15	12	28	8	0	22
ZNF780B	103	57	7	33	15	40	18	0	60
ZNF781	0	0	0	0	1	0	0	0	2
ZNF782	102	73	20	31	31	58	21	0	83
ZNF783	59	38	14	30	14	32	10	0	29
ZNF784	6	7	1	2	1	2	0	0	5
ZNF785	48	33	6	16	7	17	12	0	23
ZNF786	26	19	3	8	2	9	2	0	7
ZNF787	312	159	36	100	50	72	29	0	107
ZNF789	76	52	8	33	21	43	22	0	64
ZNF79	31	29	9	17	8	26	7	0	25
ZNF790	4	0	0	0	0	1	1	0	1
ZNF790-AS1	4	3	0	1	1	1	1	0	1
ZNF791	83	44	10	39	20	43	17	0	56
ZNF792	1	1	1	1	0	2	0	0	1
ZNF793	2	1	0	0	1	1	0	0	0
ZNF799	3	0	2	0	0	0	1	0	1
ZNF8	70	51	9	23	11	27	10	0	35
ZNF8-DT	24	18	6	7	4	8	6	0	31
ZNF8-ERVK3-1	18	5	1	3	2	3	2	0	7
ZNF800	235	145	24	84	51	137	31	0	197
ZNF804A	227	102	17	72	36	86	37	1	119
ZNF804B	25	14	4	10	2	8	3	1	4
ZNF805	73	48	6	22	20	32	10	0	33
ZNF808	73	48	6	35	15	27	12	0	47
ZNF81	72	71	12	35	30	49	13	0	57
ZNF813	29	15	2	9	0	6	4	0	12
ZNF814	13	13	1	5	1	8	2	0	5
ZNF815P	0	1	0	0	0	0	0	0	0
ZNF816	4	2	2	4	2	3	0	0	2
ZNF816-ZNF321P	35	26	4	13	6	15	6	0	18
ZNF818P	0	0	0	0	0	1	0	0	0
ZNF821	12	4	1	2	1	3	0	0	2
ZNF823	14	8	2	5	1	1	2	0	9
ZNF827	229	144	26	87	55	101	41	0	104
ZNF829	1	3	0	1	1	2	0	0	1
ZNF83	113	74	16	47	26	67	15	0	81
ZNF830	38	20	6	11	6	13	6	0	13
ZNF831	7	10	1	1	0	11	0	0	13
ZNF835	0	0	0	0	0	0	1	0	0
ZNF836	6	1	3	5	2	3	0	0	4
ZNF837	13	9	2	4	1	1	6	0	5
ZNF839	48	20	5	21	11	14	7	0	18
ZNF84	69	35	4	22	20	31	12	0	43
ZNF84-DT	2	0	0	0	0	0	0	0	0
ZNF841	122	60	13	28	17	39	22	0	64
ZNF843	1	1	0	1	0	0	1	0	0
ZNF845	20	27	4	7	5	15	7	0	23
ZNF846	4	4	1	2	1	2	0	0	4
ZNF85	3	1	0	1	0	2	0	0	1
ZNF850	3	2	0	1	0	0	1	0	1
ZNF852	58	37	6	21	13	31	6	0	32
ZNF853	2	0	0	0	0	0	0	0	0
ZNF859P	0	0	0	0	0	0	0	0	1
ZNF860	37	18	8	13	4	19	2	0	22
ZNF862	11	4	1	2	1	5	1	0	4
ZNF865	64	32	7	22	16	30	12	0	45
ZNF875	126	107	25	59	39	89	26	0	158
ZNF876P	0	2	0	0	0	1	0	0	1
ZNF877P	1	0	0	0	0	0	0	0	0
ZNF879	6	2	0	0	0	0	0	0	1
ZNF880	0	1	0	0	0	0	0	0	0
ZNF883	3	3	1	3	0	2	0	0	1
ZNF886P	1	0	0	0	0	0	0	0	0
ZNF887P	3	0	0	1	1	0	0	0	0
ZNF888	22	21	5	17	7	11	0	0	22
ZNF891	29	24	3	12	8	25	9	0	37
ZNF90	3	2	0	1	0	1	1	0	1
ZNF90P1	0	1	0	0	0	0	0	0	0
ZNF91	72	41	4	27	21	29	14	0	45
ZNF92	81	37	13	18	11	35	9	1	38
ZNF92P2	0	0	0	0	0	1	0	0	0
ZNF93	2	0	2	3	0	1	1	0	3
ZNF962P	1	0	0	0	0	0	0	0	0
ZNF98	13	8	1	4	2	6	1	0	7
ZNF99	0	2	0	2	0	0	0	0	0
ZNFX1	310	158	28	119	58	91	17	0	78
ZNG1A	39	22	7	16	3	9	6	0	21
ZNG1B	30	26	3	17	6	25	6	0	24
ZNG1C	8	3	2	0	3	5	1	0	5
ZNG1DP	2	1	0	1	1	2	1	0	0
ZNG1E	30	21	3	8	4	17	2	0	15
ZNG1F	9	6	1	4	3	7	1	0	15
ZNHIT1	39	23	4	14	7	16	4	0	23
ZNHIT2	12	3	2	4	3	3	0	0	3
ZNHIT3	41	29	5	14	6	9	7	0	23
ZNHIT6	197	130	29	82	49	129	19	1	153
ZNNT1	1	1	0	0	1	0	1	0	1
ZNRD2	34	23	5	14	6	3	1	0	8
ZNRD2-DT	4	4	0	1	2	4	1	0	0
ZNRF1	127	91	14	54	43	89	28	1	89
ZNRF2	152	107	23	62	42	77	17	0	119
ZNRF2P1	15	10	1	9	7	5	3	0	13
ZNRF2P2	45	17	4	11	6	16	4	0	12
ZNRF3	348	209	42	112	74	165	46	0	173
ZNRF3-AS1	3	1	0	0	0	0	0	0	0
ZNRF3-IT1	0	3	0	1	1	6	1	0	0
ZP2	1	1	0	0	0	0	0	0	0
ZP3	83	95	18	36	28	48	28	0	79
ZP3P2	1	0	0	0	0	0	0	0	0
ZP4	3	2	0	1	0	0	0	0	0
ZPBP	8	7	0	1	1	8	1	0	5
ZPBP2	1	0	0	0	0	1	0	0	0
ZPLD1	20	4	0	4	3	7	2	0	4
ZPLD2P	1	0	0	0	0	0	0	0	0
ZPR1	52	29	4	24	15	21	4	0	25
ZPR1P1	0	0	0	1	0	0	0	0	0
ZRANB1	127	103	14	62	43	87	26	0	118
ZRANB2	404	275	45	168	78	242	77	1	263
ZRANB2-AS1	1	0	0	0	0	0	0	0	0
ZRANB2-DT	38	29	8	21	11	23	11	0	37
ZRANB3	338	241	46	145	101	250	58	2	303
ZRSR2	31	23	9	19	11	28	8	0	38
ZRSR2P1	3	6	1	0	0	1	0	0	5
ZSCAN1	0	0	0	1	0	0	0	0	1
ZSCAN10	1	1	0	0	0	0	0	0	2
ZSCAN12	42	28	6	25	14	25	5	0	24
ZSCAN16	10	3	1	3	2	6	0	0	2
ZSCAN16-AS1	31	28	4	14	15	18	6	0	33
ZSCAN18	0	3	0	1	0	0	0	0	0
ZSCAN2	12	9	1	4	3	2	4	0	7
ZSCAN20	37	19	6	11	9	18	4	0	21
ZSCAN21	34	19	4	12	11	12	5	0	11
ZSCAN22	25	17	5	20	10	11	9	0	21
ZSCAN23	1	0	0	0	0	0	0	0	0
ZSCAN25	72	35	7	35	11	31	11	0	30
ZSCAN26	13	4	1	1	4	0	1	0	4
ZSCAN29	59	43	4	26	16	29	10	0	31
ZSCAN30	29	27	5	14	12	24	8	0	25
ZSCAN31	35	63	13	17	20	60	24	1	115
ZSCAN32	43	42	5	22	10	16	2	0	32
ZSCAN4	1	0	0	0	0	0	0	0	0
ZSCAN5A	254	191	47	117	64	128	47	1	182
ZSCAN5A-AS1	7	5	0	3	1	1	0	0	3
ZSCAN5B	0	0	0	0	0	0	0	0	1
ZSCAN9	37	19	3	13	11	14	9	0	15
ZSWIM1	18	13	5	8	3	11	5	0	17
ZSWIM2	0	0	1	0	1	0	0	0	3
ZSWIM3	8	6	0	5	0	1	3	0	11
ZSWIM4	108	91	13	34	28	46	19	0	70
ZSWIM5	64	48	5	26	11	42	6	0	44
ZSWIM5P2	1	0	0	0	0	0	0	0	0
ZSWIM6	1370	1235	218	593	406	1141	292	4	2168
ZSWIM7	19	18	8	14	6	14	7	0	17
ZSWIM8	64	37	2	26	13	24	12	0	36
ZSWIM9	68	71	12	37	17	52	22	0	56
ZUP1	49	32	9	17	15	23	3	0	42
ZW10	54	30	6	21	15	26	5	0	25
ZWILCH	184	120	22	79	45	95	28	3	112
ZWINT	118	80	15	68	23	45	22	0	66
ZXDA	9	1	0	0	0	1	1	0	1
ZXDB	32	20	2	10	6	8	4	0	16
ZXDC	253	156	23	111	74	75	54	1	141
ZYG11A	199	127	24	93	35	101	33	3	151
ZYG11B	94	81	8	51	26	61	20	0	86
ZYX	257	160	31	101	56	96	44	0	109
ZZEF1	333	198	50	144	57	169	60	0	211
ZZZ3	787	602	88	348	202	455	154	3	653
snoZ196	992	844	54	350	203	122	154	2	187
