binf_chr_start_end	chrom	start	end	row_sum_support	passes_heatmap_filter	heatmap_cluster
chr1_960943_960944	chr1	960943	960944	2454	True	39
chr1_964347_964348	chr1	964347	964348	505	True	39
chr1_973061_973062	chr1	973061	973062	0	False	NA
chr1_1042747_1042748	chr1	1042747	1042748	978	True	39
chr1_1042930_1042931	chr1	1042930	1042931	1268	True	39
chr1_1044993_1044994	chr1	1044993	1044994	133	True	39
chr1_1086452_1086453	chr1	1086452	1086453	31	False	NA
chr1_1223516_1223517	chr1	1223516	1223517	117	True	39
chr1_1307688_1307689	chr1	1307688	1307689	4537	True	39
chr1_1315972_1315973	chr1	1315972	1315973	1483	True	39
chr1_1339812_1339813	chr1	1339812	1339813	2085	True	39
chr1_1420728_1420729	chr1	1420728	1420729	446	True	39
chr1_2137334_2137335	chr1	2137334	2137335	61	True	39
chr1_2171959_2171960	chr1	2171959	2171960	258	True	39
chr1_2185527_2185528	chr1	2185527	2185528	19	False	NA
chr1_2231989_2231990	chr1	2231989	2231990	2049	True	39
chr1_2389781_2389782	chr1	2389781	2389782	8	False	NA
chr1_2644664_2644665	chr1	2644664	2644665	0	False	NA
chr1_2786441_2786442	chr1	2786441	2786442	0	False	NA
chr1_2788831_2788832	chr1	2788831	2788832	0	False	NA
chr1_3432621_3432622	chr1	3432621	3432622	0	False	NA
chr1_3466913_3466914	chr1	3466913	3466914	257	True	39
chr1_3637962_3637963	chr1	3637962	3637963	0	False	NA
chr1_3753202_3753203	chr1	3753202	3753203	0	False	NA
chr1_3771353_3771354	chr1	3771353	3771354	0	False	NA
chr1_3781719_3781720	chr1	3781719	3781720	0	False	NA
chr1_3782171_3782172	chr1	3782171	3782172	0	False	NA
chr1_3782185_3782186	chr1	3782185	3782186	0	False	NA
chr1_3824766_3824767	chr1	3824766	3824767	242	True	39
chr1_3836437_3836438	chr1	3836437	3836438	29	False	NA
chr1_3865274_3865275	chr1	3865274	3865275	58	True	39
chr1_3869603_3869604	chr1	3869603	3869604	13	False	NA
chr1_5906728_5906729	chr1	5906728	5906729	0	False	NA
chr1_6096817_6096818	chr1	6096817	6096818	0	False	NA
chr1_6133817_6133818	chr1	6133817	6133818	0	False	NA
chr1_6244806_6244807	chr1	6244806	6244807	0	False	NA
chr1_6334193_6334194	chr1	6334193	6334194	0	False	NA
chr1_6444096_6444097	chr1	6444096	6444097	23	False	NA
chr1_6445465_6445466	chr1	6445465	6445466	77	True	39
chr1_6446379_6446380	chr1	6446379	6446380	170	True	39
chr1_6475347_6475348	chr1	6475347	6475348	102	True	39
chr1_6528500_6528501	chr1	6528500	6528501	54	True	39
chr1_6543663_6543664	chr1	6543663	6543664	109	True	39
chr1_6549721_6549722	chr1	6549721	6549722	365	True	39
chr1_6552344_6552345	chr1	6552344	6552345	0	False	NA
chr1_6572684_6572685	chr1	6572684	6572685	0	False	NA
chr1_6642030_6642031	chr1	6642030	6642031	18	False	NA
chr1_6822952_6822953	chr1	6822952	6822953	59	True	39
chr1_7794782_7794783	chr1	7794782	7794783	0	False	NA
chr1_7799732_7799733	chr1	7799732	7799733	0	False	NA
chr1_7802173_7802174	chr1	7802173	7802174	0	False	NA
chr1_7804678_7804679	chr1	7804678	7804679	8	False	NA
chr1_7836319_7836320	chr1	7836319	7836320	0	False	NA
chr1_7970275_7970276	chr1	7970275	7970276	31	False	NA
chr1_8329519_8329520	chr1	8329519	8329520	0	False	NA
chr1_8974535_8974536	chr1	8974535	8974536	0	False	NA
chr1_9019998_9019999	chr1	9019998	9019999	0	False	NA
chr1_9105481_9105482	chr1	9105481	9105482	38	False	NA
chr1_9246474_9246475	chr1	9246474	9246475	0	False	NA
chr1_9262906_9262907	chr1	9262906	9262907	64	True	39
chr1_9329777_9329778	chr1	9329777	9329778	16	False	NA
chr1_9569801_9569802	chr1	9569801	9569802	61	True	39
chr1_9723007_9723008	chr1	9723007	9723008	80	True	39
chr1_9736272_9736273	chr1	9736272	9736273	273	True	39
chr1_9740657_9740658	chr1	9740657	9740658	180	True	39
chr1_10096047_10096048	chr1	10096047	10096048	6	False	NA
chr1_10130956_10130957	chr1	10130956	10130957	29	False	NA
chr1_10144885_10144886	chr1	10144885	10144886	367	True	39
chr1_10170346_10170347	chr1	10170346	10170347	154	True	39
chr1_10258873_10258874	chr1	10258873	10258874	49	True	39
chr1_10285404_10285405	chr1	10285404	10285405	0	False	NA
chr1_10291026_10291027	chr1	10291026	10291027	365	True	39
chr1_10322603_10322604	chr1	10322603	10322604	0	False	NA
chr1_10324121_10324122	chr1	10324121	10324122	238	True	39
chr1_10336893_10336894	chr1	10336893	10336894	5	False	NA
chr1_10368003_10368004	chr1	10368003	10368004	0	False	NA
chr1_10408517_10408518	chr1	10408517	10408518	30	False	NA
chr1_10417350_10417351	chr1	10417350	10417351	814	True	39
chr1_10435217_10435218	chr1	10435217	10435218	0	False	NA
chr1_10623821_10623822	chr1	10623821	10623822	74	True	39
chr1_10953883_10953884	chr1	10953883	10953884	0	False	NA
chr1_10957193_10957194	chr1	10957193	10957194	0	False	NA
chr1_11018465_11018466	chr1	11018465	11018466	68	True	39
chr1_11020300_11020301	chr1	11020300	11020301	449	True	39
chr1_11113775_11113776	chr1	11113775	11113776	0	False	NA
chr1_11214868_11214869	chr1	11214868	11214869	5	False	NA
chr1_11709125_11709126	chr1	11709125	11709126	0	False	NA
chr1_11771195_11771196	chr1	11771195	11771196	6	False	NA
chr1_11799205_11799206	chr1	11799205	11799206	196	True	39
chr1_11817646_11817647	chr1	11817646	11817647	13	False	NA
chr1_11822933_11822934	chr1	11822933	11822934	632	True	39
chr1_11823648_11823649	chr1	11823648	11823649	637	True	39
chr1_11989122_11989123	chr1	11989122	11989123	477	True	39
chr1_12021643_12021644	chr1	12021643	12021644	587	True	39
chr1_12026751_12026752	chr1	12026751	12026752	88	True	39
chr1_12113923_12113924	chr1	12113923	12113924	0	False	NA
chr1_12235180_12235181	chr1	12235180	12235181	28	False	NA
chr1_12243802_12243803	chr1	12243802	12243803	0	False	NA
chr1_12255504_12255505	chr1	12255504	12255505	62	True	39
chr1_12267720_12267721	chr1	12267720	12267721	17	False	NA
chr1_12268994_12268995	chr1	12268994	12268995	34	False	NA
chr1_12286408_12286409	chr1	12286408	12286409	0	False	NA
chr1_12302613_12302614	chr1	12302613	12302614	56	True	39
chr1_12311354_12311355	chr1	12311354	12311355	110	True	39
chr1_12311358_12311359	chr1	12311358	12311359	178	True	39
chr1_12319495_12319496	chr1	12319495	12319496	419	True	39
chr1_12319966_12319967	chr1	12319966	12319967	169	True	39
chr1_12342660_12342661	chr1	12342660	12342661	600	True	39
chr1_12344469_12344470	chr1	12344469	12344470	140	True	39
chr1_12355085_12355086	chr1	12355085	12355086	46	True	39
chr1_12358816_12358817	chr1	12358816	12358817	161	True	39
chr1_12368403_12368404	chr1	12368403	12368404	384	True	39
chr1_12379202_12379203	chr1	12379202	12379203	93	True	39
chr1_12384125_12384126	chr1	12384125	12384126	5	False	NA
chr1_12404893_12404894	chr1	12404893	12404894	73	True	39
chr1_12508375_12508376	chr1	12508375	12508376	218	True	39
chr1_12570229_12570230	chr1	12570229	12570230	105	True	39
chr1_12748114_12748115	chr1	12748114	12748115	0	False	NA
chr1_12759581_12759582	chr1	12759581	12759582	0	False	NA
chr1_13748173_13748174	chr1	13748173	13748174	0	False	NA
chr1_15046345_15046346	chr1	15046345	15046346	26	False	NA
chr1_15065574_15065575	chr1	15065574	15065575	88	True	39
chr1_15537757_15537758	chr1	15537757	15537758	10	False	NA
chr1_15548158_15548159	chr1	15548158	15548159	170	True	39
chr1_15637019_15637020	chr1	15637019	15637020	61	True	39
chr1_15649679_15649680	chr1	15649679	15649680	496	True	39
chr1_15729244_15729245	chr1	15729244	15729245	346	True	39
chr1_15729246_15729247	chr1	15729246	15729247	346	True	39
chr1_15731383_15731384	chr1	15731383	15731384	220	True	39
chr1_16005447_16005448	chr1	16005447	16005448	0	False	NA
chr1_16129665_16129666	chr1	16129665	16129666	239	True	39
chr1_16452177_16452178	chr1	16452177	16452178	13	False	NA
chr1_16957983_16957984	chr1	16957983	16957984	0	False	NA
chr1_17031941_17031942	chr1	17031941	17031942	85	True	39
chr1_17222683_17222684	chr1	17222683	17222684	0	False	NA
chr1_17228623_17228624	chr1	17228623	17228624	0	False	NA
chr1_17231401_17231402	chr1	17231401	17231402	0	False	NA
chr1_17265922_17265923	chr1	17265922	17265923	0	False	NA
chr1_17340200_17340201	chr1	17340200	17340201	0	False	NA
chr1_17374251_17374252	chr1	17374251	17374252	0	False	NA
chr1_17380820_17380821	chr1	17380820	17380821	0	False	NA
chr1_17381707_17381708	chr1	17381707	17381708	0	False	NA
chr1_17389222_17389223	chr1	17389222	17389223	0	False	NA
chr1_17389224_17389225	chr1	17389224	17389225	0	False	NA
chr1_17416210_17416211	chr1	17416210	17416211	430	True	39
chr1_17419977_17419978	chr1	17419977	17419978	127	True	39
chr1_17621746_17621747	chr1	17621746	17621747	108	True	39
chr1_17634750_17634751	chr1	17634750	17634751	1585	True	39
chr1_17639312_17639313	chr1	17639312	17639313	1628	True	39
chr1_17639453_17639454	chr1	17639453	17639454	1749	True	39
chr1_17645366_17645367	chr1	17645366	17645367	551	True	39
chr1_19084986_19084987	chr1	19084986	19084987	5	False	NA
chr1_19122587_19122588	chr1	19122587	19122588	114	True	39
chr1_19136889_19136890	chr1	19136889	19136890	43	True	39
chr1_19144211_19144212	chr1	19144211	19144212	189	True	39
chr1_19146178_19146179	chr1	19146178	19146179	1247	True	39
chr1_19147380_19147381	chr1	19147380	19147381	7	False	NA
chr1_19160361_19160362	chr1	19160361	19160362	431	True	39
chr1_19176771_19176772	chr1	19176771	19176772	1250	True	39
chr1_19184451_19184452	chr1	19184451	19184452	142	True	39
chr1_19195356_19195357	chr1	19195356	19195357	36	False	NA
chr1_19256939_19256940	chr1	19256939	19256940	86	True	39
chr1_19324586_19324587	chr1	19324586	19324587	16	False	NA
chr1_19741034_19741035	chr1	19741034	19741035	5	False	NA
chr1_19892593_19892594	chr1	19892593	19892594	97	True	39
chr1_20323272_20323273	chr1	20323272	20323273	0	False	NA
chr1_20667541_20667542	chr1	20667541	20667542	0	False	NA
chr1_20696624_20696625	chr1	20696624	20696625	0	False	NA
chr1_20825923_20825924	chr1	20825923	20825924	0	False	NA
chr1_20863885_20863886	chr1	20863885	20863886	8	False	NA
chr1_21260108_21260109	chr1	21260108	21260109	19	False	NA
chr1_21478839_21478840	chr1	21478839	21478840	0	False	NA
chr1_21692151_21692152	chr1	21692151	21692152	213	True	39
chr1_21711619_21711620	chr1	21711619	21711620	100	True	39
chr1_21729024_21729025	chr1	21729024	21729025	19	False	NA
chr1_21756828_21756829	chr1	21756828	21756829	618	True	39
chr1_21813622_21813623	chr1	21813622	21813623	0	False	NA
chr1_22074696_22074697	chr1	22074696	22074697	46	True	39
chr1_22501970_22501971	chr1	22501970	22501971	306	True	39
chr1_22510225_22510226	chr1	22510225	22510226	7	False	NA
chr1_22515327_22515328	chr1	22515327	22515328	0	False	NA
chr1_22517865_22517866	chr1	22517865	22517866	148	True	39
chr1_22517865_22517866	chr1	22517865	22517866	148	True	39
chr1_22573175_22573176	chr1	22573175	22573176	0	False	NA
chr1_22595502_22595503	chr1	22595502	22595503	0	False	NA
chr1_22601298_22601299	chr1	22601298	22601299	14	False	NA
chr1_23412040_23412041	chr1	23412040	23412041	0	False	NA
chr1_23511862_23511863	chr1	23511862	23511863	26	False	NA
chr1_23753669_23753670	chr1	23753669	23753670	6	False	NA
chr1_23753676_23753677	chr1	23753676	23753677	6	False	NA
chr1_23960086_23960087	chr1	23960086	23960087	1043	True	39
chr1_23974468_23974469	chr1	23974468	23974469	226	True	39
chr1_24079856_24079857	chr1	24079856	24079857	0	False	NA
chr1_24091492_24091493	chr1	24091492	24091493	8	False	NA
chr1_24124047_24124048	chr1	24124047	24124048	0	False	NA
chr1_24138102_24138103	chr1	24138102	24138103	0	False	NA
chr1_24158187_24158188	chr1	24158187	24158188	0	False	NA
chr1_24158191_24158192	chr1	24158191	24158192	0	False	NA
chr1_24342542_24342543	chr1	24342542	24342543	0	False	NA
chr1_24348702_24348703	chr1	24348702	24348703	0	False	NA
chr1_24373214_24373215	chr1	24373214	24373215	0	False	NA
chr1_24450162_24450163	chr1	24450162	24450163	6	False	NA
chr1_24455077_24455078	chr1	24455077	24455078	0	False	NA
chr1_24657302_24657303	chr1	24657302	24657303	156	True	39
chr1_25228847_25228848	chr1	25228847	25228848	26	False	NA
chr1_25306477_25306478	chr1	25306477	25306478	0	False	NA
chr1_25352719_25352720	chr1	25352719	25352720	32	False	NA
chr1_25450301_25450302	chr1	25450301	25450302	291	True	39
chr1_25779739_25779740	chr1	25779739	25779740	0	False	NA
chr1_26179671_26179672	chr1	26179671	26179672	0	False	NA
chr1_26183978_26183979	chr1	26183978	26183979	33	False	NA
chr1_26195373_26195374	chr1	26195373	26195374	0	False	NA
chr1_26730074_26730075	chr1	26730074	26730075	323	True	39
chr1_26769105_26769106	chr1	26769105	26769106	124	True	39
chr1_26913348_26913349	chr1	26913348	26913349	1079	True	39
chr1_27110197_27110198	chr1	27110197	27110198	0	False	NA
chr1_27416314_27416315	chr1	27416314	27416315	39	False	NA
chr1_27671105_27671106	chr1	27671105	27671106	8	False	NA
chr1_27784630_27784631	chr1	27784630	27784631	21	False	NA
chr1_27805147_27805148	chr1	27805147	27805148	23	False	NA
chr1_27831369_27831370	chr1	27831369	27831370	32	False	NA
chr1_27895296_27895297	chr1	27895296	27895297	10	False	NA
chr1_27909190_27909191	chr1	27909190	27909191	113	True	39
chr1_27910955_27910956	chr1	27910955	27910956	101	True	39
chr1_27999185_27999186	chr1	27999185	27999186	16	False	NA
chr1_28002702_28002703	chr1	28002702	28002703	49	True	39
chr1_28277724_28277725	chr1	28277724	28277725	42	True	39
chr1_28466197_28466198	chr1	28466197	28466198	17	False	NA
chr1_28592749_28592750	chr1	28592749	28592750	541	True	39
chr1_28683975_28683976	chr1	28683975	28683976	64	True	39
chr1_28988828_28988829	chr1	28988828	28988829	45	True	39
chr1_28989097_28989098	chr1	28989097	28989098	320	True	39
chr1_29062210_29062211	chr1	29062210	29062211	551	True	39
chr1_29321635_29321636	chr1	29321635	29321636	0	False	NA
chr1_30949000_30949001	chr1	30949000	30949001	158	True	39
chr1_30965126_30965127	chr1	30965126	30965127	188	True	39
chr1_30994592_30994593	chr1	30994592	30994593	179	True	39
chr1_31187436_31187437	chr1	31187436	31187437	0	False	NA
chr1_31269759_31269760	chr1	31269759	31269760	235	True	39
chr1_31368473_31368474	chr1	31368473	31368474	0	False	NA
chr1_31701386_31701387	chr1	31701386	31701387	0	False	NA
chr1_31739729_31739730	chr1	31739729	31739730	0	False	NA
chr1_31791783_31791784	chr1	31791783	31791784	0	False	NA
chr1_31796885_31796886	chr1	31796885	31796886	0	False	NA
chr1_32032634_32032635	chr1	32032634	32032635	402	True	39
chr1_32194570_32194571	chr1	32194570	32194571	92	True	39
chr1_32379006_32379007	chr1	32379006	32379007	79	True	39
chr1_32655476_32655477	chr1	32655476	32655477	253	True	39
chr1_32677833_32677834	chr1	32677833	32677834	515	True	39
chr1_32788255_32788256	chr1	32788255	32788256	348	True	39
chr1_32825947_32825948	chr1	32825947	32825948	25	False	NA
chr1_32828356_32828357	chr1	32828356	32828357	0	False	NA
chr1_32855407_32855408	chr1	32855407	32855408	12	False	NA
chr1_32897775_32897776	chr1	32897775	32897776	6	False	NA
chr1_32948024_32948025	chr1	32948024	32948025	29	False	NA
chr1_33327347_33327348	chr1	33327347	33327348	27	False	NA
chr1_33522258_33522259	chr1	33522258	33522259	0	False	NA
chr1_33523069_33523070	chr1	33523069	33523070	0	False	NA
chr1_33525131_33525132	chr1	33525131	33525132	0	False	NA
chr1_33535375_33535376	chr1	33535375	33535376	0	False	NA
chr1_33540135_33540136	chr1	33540135	33540136	0	False	NA
chr1_33548375_33548376	chr1	33548375	33548376	0	False	NA
chr1_33618344_33618345	chr1	33618344	33618345	0	False	NA
chr1_33634047_33634048	chr1	33634047	33634048	0	False	NA
chr1_33712149_33712150	chr1	33712149	33712150	0	False	NA
chr1_34784261_34784262	chr1	34784261	34784262	0	False	NA
chr1_35099841_35099842	chr1	35099841	35099842	350	True	39
chr1_35101570_35101571	chr1	35101570	35101571	241	True	39
chr1_35185042_35185043	chr1	35185042	35185043	2373	True	39
chr1_35185345_35185346	chr1	35185345	35185346	2898	True	39
chr1_35190042_35190043	chr1	35190042	35190043	1057	True	39
chr1_35387941_35387942	chr1	35387941	35387942	449	True	39
chr1_35403121_35403122	chr1	35403121	35403122	18	False	NA
chr1_35419107_35419108	chr1	35419107	35419108	202	True	39
chr1_35453207_35453208	chr1	35453207	35453208	13	False	NA
chr1_35469328_35469329	chr1	35469328	35469329	0	False	NA
chr1_35744700_35744701	chr1	35744700	35744701	0	False	NA
chr1_35824289_35824290	chr1	35824289	35824290	12	False	NA
chr1_35852558_35852559	chr1	35852558	35852559	35	False	NA
chr1_35890729_35890730	chr1	35890729	35890730	79	True	39
chr1_35901391_35901392	chr1	35901391	35901392	304	True	39
chr1_35972973_35972974	chr1	35972973	35972974	24	False	NA
chr1_36087395_36087396	chr1	36087395	36087396	0	False	NA
chr1_36287870_36287871	chr1	36287870	36287871	1467	True	39
chr1_36308210_36308211	chr1	36308210	36308211	442	True	39
chr1_36418654_36418655	chr1	36418654	36418655	13	False	NA
chr1_36419554_36419555	chr1	36419554	36419555	0	False	NA
chr1_36472464_36472465	chr1	36472464	36472465	78	True	39
chr1_36819582_36819583	chr1	36819582	36819583	0	False	NA
chr1_37562554_37562555	chr1	37562554	37562555	0	False	NA
chr1_37574853_37574854	chr1	37574853	37574854	621	True	39
chr1_37583693_37583694	chr1	37583693	37583694	353	True	39
chr1_37585960_37585961	chr1	37585960	37585961	75	True	39
chr1_37590944_37590945	chr1	37590944	37590945	146	True	39
chr1_37590952_37590953	chr1	37590952	37590953	138	True	39
chr1_37700746_37700747	chr1	37700746	37700747	183	True	39
chr1_37874237_37874238	chr1	37874237	37874238	30	False	NA
chr1_37946181_37946182	chr1	37946181	37946182	92	True	39
chr1_37946189_37946190	chr1	37946189	37946190	110	True	39
chr1_37984318_37984319	chr1	37984318	37984319	470	True	39
chr1_38923816_38923817	chr1	38923816	38923817	0	False	NA
chr1_38991797_38991798	chr1	38991797	38991798	3552	True	39
chr1_39028434_39028435	chr1	39028434	39028435	7	False	NA
chr1_39028438_39028439	chr1	39028438	39028439	7	False	NA
chr1_39256987_39256988	chr1	39256987	39256988	0	False	NA
chr1_39296883_39296884	chr1	39296883	39296884	0	False	NA
chr1_39370736_39370737	chr1	39370736	39370737	5	False	NA
chr1_39378692_39378693	chr1	39378692	39378693	16	False	NA
chr1_39429579_39429580	chr1	39429579	39429580	5	False	NA
chr1_39430669_39430670	chr1	39430669	39430670	2176	True	39
chr1_39433447_39433448	chr1	39433447	39433448	20	False	NA
chr1_39438248_39438249	chr1	39438248	39438249	0	False	NA
chr1_39444604_39444605	chr1	39444604	39444605	834	True	39
chr1_39566979_39566980	chr1	39566979	39566980	142	True	39
chr1_39570837_39570838	chr1	39570837	39570838	98	True	39
chr1_39572245_39572246	chr1	39572245	39572246	45	True	39
chr1_39851641_39851642	chr1	39851641	39851642	104	True	39
chr1_40066735_40066736	chr1	40066735	40066736	27	False	NA
chr1_40067405_40067406	chr1	40067405	40067406	86	True	39
chr1_40250658_40250659	chr1	40250658	40250659	0	False	NA
chr1_40282486_40282487	chr1	40282486	40282487	29	False	NA
chr1_40454756_40454757	chr1	40454756	40454757	0	False	NA
chr1_40645994_40645995	chr1	40645994	40645995	0	False	NA
chr1_40740228_40740229	chr1	40740228	40740229	61	True	39
chr1_40743460_40743461	chr1	40743460	40743461	12	False	NA
chr1_40754485_40754486	chr1	40754485	40754486	1238	True	39
chr1_40987301_40987302	chr1	40987301	40987302	216	True	39
chr1_40987601_40987602	chr1	40987601	40987602	14	False	NA
chr1_40993285_40993286	chr1	40993285	40993286	152	True	39
chr1_41031000_41031001	chr1	41031000	41031001	5	False	NA
chr1_42190173_42190174	chr1	42190173	42190174	283	True	39
chr1_42541365_42541366	chr1	42541365	42541366	0	False	NA
chr1_42643638_42643639	chr1	42643638	42643639	0	False	NA
chr1_42646055_42646056	chr1	42646055	42646056	0	False	NA
chr1_42646068_42646069	chr1	42646068	42646069	0	False	NA
chr1_42737544_42737545	chr1	42737544	42737545	0	False	NA
chr1_42749329_42749330	chr1	42749329	42749330	40	True	39
chr1_42806524_42806525	chr1	42806524	42806525	0	False	NA
chr1_42806763_42806764	chr1	42806763	42806764	0	False	NA
chr1_42823619_42823620	chr1	42823619	42823620	36	False	NA
chr1_42828349_42828350	chr1	42828349	42828350	115	True	39
chr1_42837967_42837968	chr1	42837967	42837968	38	False	NA
chr1_43183589_43183590	chr1	43183589	43183590	0	False	NA
chr1_43321614_43321615	chr1	43321614	43321615	0	False	NA
chr1_43350613_43350614	chr1	43350613	43350614	0	False	NA
chr1_43593637_43593638	chr1	43593637	43593638	110	True	39
chr1_43614182_43614183	chr1	43614182	43614183	10	False	NA
chr1_43662629_43662630	chr1	43662629	43662630	27	False	NA
chr1_43689753_43689754	chr1	43689753	43689754	0	False	NA
chr1_43689757_43689758	chr1	43689757	43689758	0	False	NA
chr1_43958978_43958979	chr1	43958978	43958979	55	True	39
chr1_44219555_44219556	chr1	44219555	44219556	54	True	39
chr1_44632571_44632572	chr1	44632571	44632572	21	False	NA
chr1_44647983_44647984	chr1	44647983	44647984	0	False	NA
chr1_44746390_44746391	chr1	44746390	44746391	90	True	39
chr1_44803598_44803599	chr1	44803598	44803599	324	True	39
chr1_44812120_44812121	chr1	44812120	44812121	259	True	39
chr1_44822747_44822748	chr1	44822747	44822748	0	False	NA
chr1_45515172_45515173	chr1	45515172	45515173	24	False	NA
chr1_45515173_45515174	chr1	45515173	45515174	24	False	NA
chr1_45517237_45517238	chr1	45517237	45517238	124	True	39
chr1_45564243_45564244	chr1	45564243	45564244	166	True	39
chr1_45606078_45606079	chr1	45606078	45606079	60	True	39
chr1_45614528_45614529	chr1	45614528	45614529	350	True	39
chr1_45748407_45748408	chr1	45748407	45748408	5	False	NA
chr1_45949437_45949438	chr1	45949437	45949438	22	False	NA
chr1_46028766_46028767	chr1	46028766	46028767	119	True	39
chr1_46044974_46044975	chr1	46044974	46044975	0	False	NA
chr1_46268587_46268588	chr1	46268587	46268588	601	True	39
chr1_46273929_46273930	chr1	46273929	46273930	82	True	39
chr1_46356747_46356748	chr1	46356747	46356748	33	False	NA
chr1_46577626_46577627	chr1	46577626	46577627	0	False	NA
chr1_46658436_46658437	chr1	46658436	46658437	20	False	NA
chr1_46817910_46817911	chr1	46817910	46817911	0	False	NA
chr1_47036733_47036734	chr1	47036733	47036734	0	False	NA
chr1_47261262_47261263	chr1	47261262	47261263	13	False	NA
chr1_47290862_47290863	chr1	47290862	47290863	102	True	39
chr1_47307878_47307879	chr1	47307878	47307879	6	False	NA
chr1_47311656_47311657	chr1	47311656	47311657	41	True	39
chr1_47371152_47371153	chr1	47371152	47371153	52	True	39
chr1_48236024_48236025	chr1	48236024	48236025	723	True	39
chr1_48403372_48403373	chr1	48403372	48403373	0	False	NA
chr1_50198460_50198461	chr1	50198460	50198461	0	False	NA
chr1_50537412_50537413	chr1	50537412	50537413	141	True	39
chr1_51400430_51400431	chr1	51400430	51400431	69	True	39
chr1_51470229_51470230	chr1	51470229	51470230	0	False	NA
chr1_51761446_51761447	chr1	51761446	51761447	21	False	NA
chr1_51776831_51776832	chr1	51776831	51776832	1389	True	39
chr1_51782281_51782282	chr1	51782281	51782282	67	True	39
chr1_51783773_51783774	chr1	51783773	51783774	61	True	39
chr1_51815381_51815382	chr1	51815381	51815382	1003	True	39
chr1_51828186_51828187	chr1	51828186	51828187	79	True	39
chr1_52060662_52060663	chr1	52060662	52060663	5	False	NA
chr1_52063073_52063074	chr1	52063073	52063074	0	False	NA
chr1_52235351_52235352	chr1	52235351	52235352	5	False	NA
chr1_52265163_52265164	chr1	52265163	52265164	11	False	NA
chr1_52272394_52272395	chr1	52272394	52272395	5	False	NA
chr1_52337218_52337219	chr1	52337218	52337219	0	False	NA
chr1_52342141_52342142	chr1	52342141	52342142	21	False	NA
chr1_52387946_52387947	chr1	52387946	52387947	89	True	39
chr1_52388235_52388236	chr1	52388235	52388236	386	True	39
chr1_52394553_52394554	chr1	52394553	52394554	59	True	39
chr1_52405312_52405313	chr1	52405312	52405313	38	False	NA
chr1_52430261_52430262	chr1	52430261	52430262	0	False	NA
chr1_52460085_52460086	chr1	52460085	52460086	57	True	39
chr1_52637427_52637428	chr1	52637427	52637428	0	False	NA
chr1_52953622_52953623	chr1	52953622	52953623	0	False	NA
chr1_52954475_52954476	chr1	52954475	52954476	0	False	NA
chr1_52960165_52960166	chr1	52960165	52960166	0	False	NA
chr1_53229658_53229659	chr1	53229658	53229659	0	False	NA
chr1_53261828_53261829	chr1	53261828	53261829	0	False	NA
chr1_53829521_53829522	chr1	53829521	53829522	81	True	39
chr1_53922635_53922636	chr1	53922635	53922636	555	True	39
chr1_53963208_53963209	chr1	53963208	53963209	10	False	NA
chr1_54603080_54603081	chr1	54603080	54603081	0	False	NA
chr1_54669665_54669666	chr1	54669665	54669666	0	False	NA
chr1_54695044_54695045	chr1	54695044	54695045	0	False	NA
chr1_54716375_54716376	chr1	54716375	54716376	20	False	NA
chr1_54814568_54814569	chr1	54814568	54814569	0	False	NA
chr1_54866965_54866966	chr1	54866965	54866966	56	True	39
chr1_55060859_55060860	chr1	55060859	55060860	39	False	NA
chr1_55088290_55088291	chr1	55088290	55088291	281	True	39
chr1_55164152_55164153	chr1	55164152	55164153	271	True	39
chr1_55168851_55168852	chr1	55168851	55168852	161	True	39
chr1_56250505_56250506	chr1	56250505	56250506	0	False	NA
chr1_56251900_56251901	chr1	56251900	56251901	0	False	NA
chr1_56674922_56674923	chr1	56674922	56674923	24	False	NA
chr1_56706307_56706308	chr1	56706307	56706308	95	True	39
chr1_56706468_56706469	chr1	56706468	56706469	139	True	39
chr1_56790468_56790469	chr1	56790468	56790469	0	False	NA
chr1_56790473_56790474	chr1	56790473	56790474	0	False	NA
chr1_56882890_56882891	chr1	56882890	56882891	0	False	NA
chr1_56910651_56910652	chr1	56910651	56910652	0	False	NA
chr1_56941690_56941691	chr1	56941690	56941691	0	False	NA
chr1_56946387_56946388	chr1	56946387	56946388	0	False	NA
chr1_56956512_56956513	chr1	56956512	56956513	0	False	NA
chr1_57019533_57019534	chr1	57019533	57019534	0	False	NA
chr1_58536837_58536838	chr1	58536837	58536838	47	True	39
chr1_58699622_58699623	chr1	58699622	58699623	228	True	39
chr1_59835864_59835865	chr1	59835864	59835865	5	False	NA
chr1_59862501_59862502	chr1	59862501	59862502	6	False	NA
chr1_60039584_60039585	chr1	60039584	60039585	0	False	NA
chr1_61181526_61181527	chr1	61181526	61181527	266	True	39
chr1_61365832_61365833	chr1	61365832	61365833	11	False	NA
chr1_61682986_61682987	chr1	61682986	61682987	215	True	39
chr1_61704804_61704805	chr1	61704804	61704805	32	False	NA
chr1_61769125_61769126	chr1	61769125	61769126	0	False	NA
chr1_61774906_61774907	chr1	61774906	61774907	5	False	NA
chr1_61805000_61805001	chr1	61805000	61805001	7	False	NA
chr1_62132857_62132858	chr1	62132857	62132858	0	False	NA
chr1_62245834_62245835	chr1	62245834	62245835	0	False	NA
chr1_62247919_62247920	chr1	62247919	62247920	5	False	NA
chr1_62250805_62250806	chr1	62250805	62250806	0	False	NA
chr1_62264542_62264543	chr1	62264542	62264543	0	False	NA
chr1_62267233_62267234	chr1	62267233	62267234	5	False	NA
chr1_62442089_62442090	chr1	62442089	62442090	53	True	39
chr1_62449329_62449330	chr1	62449329	62449330	71	True	39
chr1_62632526_62632527	chr1	62632526	62632527	0	False	NA
chr1_62832032_62832033	chr1	62832032	62832033	60	True	39
chr1_63442184_63442185	chr1	63442184	63442185	170	True	39
chr1_63643651_63643652	chr1	63643651	63643652	5	False	NA
chr1_64204782_64204783	chr1	64204782	64204783	0	False	NA
chr1_64632134_64632135	chr1	64632134	64632135	0	False	NA
chr1_64642125_64642126	chr1	64642125	64642126	6	False	NA
chr1_64648439_64648440	chr1	64648439	64648440	0	False	NA
chr1_64660395_64660396	chr1	64660395	64660396	0	False	NA
chr1_64672886_64672887	chr1	64672886	64672887	7	False	NA
chr1_64681658_64681659	chr1	64681658	64681659	20	False	NA
chr1_64780754_64780755	chr1	64780754	64780755	40	True	39
chr1_64805266_64805267	chr1	64805266	64805267	202	True	39
chr1_64850597_64850598	chr1	64850597	64850598	110	True	39
chr1_64857816_64857817	chr1	64857816	64857817	278	True	39
chr1_64864159_64864160	chr1	64864159	64864160	0	False	NA
chr1_65222091_65222092	chr1	65222091	65222092	10	False	NA
chr1_65365571_65365572	chr1	65365571	65365572	12	False	NA
chr1_65394756_65394757	chr1	65394756	65394757	0	False	NA
chr1_65404615_65404616	chr1	65404615	65404616	19	False	NA
chr1_65430794_65430795	chr1	65430794	65430795	231	True	39
chr1_65597128_65597129	chr1	65597128	65597129	19	False	NA
chr1_65604936_65604937	chr1	65604936	65604937	137	True	39
chr1_65609580_65609581	chr1	65609580	65609581	5	False	NA
chr1_65613041_65613042	chr1	65613041	65613042	15	False	NA
chr1_65616711_65616712	chr1	65616711	65616712	12	False	NA
chr1_65617352_65617353	chr1	65617352	65617353	11	False	NA
chr1_65620155_65620156	chr1	65620155	65620156	5	False	NA
chr1_66741074_66741075	chr1	66741074	66741075	0	False	NA
chr1_66841958_66841959	chr1	66841958	66841959	0	False	NA
chr1_66891862_66891863	chr1	66891862	66891863	0	False	NA
chr1_66967314_66967315	chr1	66967314	66967315	67	True	39
chr1_66971273_66971274	chr1	66971273	66971274	298	True	39
chr1_66971468_66971469	chr1	66971468	66971469	204	True	39
chr1_66975236_66975237	chr1	66975236	66975237	24	False	NA
chr1_66978288_66978289	chr1	66978288	66978289	59	True	39
chr1_66978837_66978838	chr1	66978837	66978838	46	True	39
chr1_66982301_66982302	chr1	66982301	66982302	22	False	NA
chr1_67050165_67050166	chr1	67050165	67050166	81	True	39
chr1_67134761_67134762	chr1	67134761	67134762	0	False	NA
chr1_67134766_67134767	chr1	67134766	67134767	0	False	NA
chr1_67238393_67238394	chr1	67238393	67238394	0	False	NA
chr1_67258033_67258034	chr1	67258033	67258034	43	True	39
chr1_67322162_67322163	chr1	67322162	67322163	6	False	NA
chr1_67335869_67335870	chr1	67335869	67335870	0	False	NA
chr1_67387206_67387207	chr1	67387206	67387207	0	False	NA
chr1_67705744_67705745	chr1	67705744	67705745	0	False	NA
chr1_68047890_68047891	chr1	68047890	68047891	0	False	NA
chr1_68447062_68447063	chr1	68447062	68447063	0	False	NA
chr1_68486141_68486142	chr1	68486141	68486142	26	False	NA
chr1_69836376_69836377	chr1	69836376	69836377	0	False	NA
chr1_69981682_69981683	chr1	69981682	69981683	0	False	NA
chr1_70045348_70045349	chr1	70045348	70045349	0	False	NA
chr1_70179960_70179961	chr1	70179960	70179961	14	False	NA
chr1_70184403_70184404	chr1	70184403	70184404	0	False	NA
chr1_70232722_70232723	chr1	70232722	70232723	263	True	39
chr1_70245863_70245864	chr1	70245863	70245864	35	False	NA
chr1_70293503_70293504	chr1	70293503	70293504	17	False	NA
chr1_70301365_70301366	chr1	70301365	70301366	38	False	NA
chr1_70424133_70424134	chr1	70424133	70424134	48	True	39
chr1_70426681_70426682	chr1	70426681	70426682	9	False	NA
chr1_74481562_74481563	chr1	74481562	74481563	0	False	NA
chr1_74491200_74491201	chr1	74491200	74491201	0	False	NA
chr1_74542540_74542541	chr1	74542540	74542541	0	False	NA
chr1_74609489_74609490	chr1	74609489	74609490	0	False	NA
chr1_74619624_74619625	chr1	74619624	74619625	0	False	NA
chr1_74640029_74640030	chr1	74640029	74640030	0	False	NA
chr1_74644570_74644571	chr1	74644570	74644571	0	False	NA
chr1_74738242_74738243	chr1	74738242	74738243	0	False	NA
chr1_75144328_75144329	chr1	75144328	75144329	0	False	NA
chr1_75213563_75213564	chr1	75213563	75213564	12	False	NA
chr1_75219109_75219110	chr1	75219109	75219110	6	False	NA
chr1_75224371_75224372	chr1	75224371	75224372	0	False	NA
chr1_75748039_75748040	chr1	75748039	75748040	13	False	NA
chr1_75805774_75805775	chr1	75805774	75805775	5	False	NA
chr1_75808004_75808005	chr1	75808004	75808005	0	False	NA
chr1_75808008_75808009	chr1	75808008	75808009	0	False	NA
chr1_75820464_75820465	chr1	75820464	75820465	0	False	NA
chr1_75888276_75888277	chr1	75888276	75888277	17	False	NA
chr1_75899209_75899210	chr1	75899209	75899210	0	False	NA
chr1_76628012_76628013	chr1	76628012	76628013	0	False	NA
chr1_76628016_76628017	chr1	76628016	76628017	0	False	NA
chr1_77714975_77714976	chr1	77714975	77714976	35	False	NA
chr1_77714979_77714980	chr1	77714979	77714980	35	False	NA
chr1_77729452_77729453	chr1	77729452	77729453	65	True	39
chr1_77738974_77738975	chr1	77738974	77738975	54	True	39
chr1_77802291_77802292	chr1	77802291	77802292	7	False	NA
chr1_77941024_77941025	chr1	77941024	77941025	0	False	NA
chr1_78368872_78368873	chr1	78368872	78368873	0	False	NA
chr1_78629230_78629231	chr1	78629230	78629231	0	False	NA
chr1_78639252_78639253	chr1	78639252	78639253	0	False	NA
chr1_78654867_78654868	chr1	78654867	78654868	0	False	NA
chr1_78661906_78661907	chr1	78661906	78661907	0	False	NA
chr1_78663645_78663646	chr1	78663645	78663646	0	False	NA
chr1_78919284_78919285	chr1	78919284	78919285	0	False	NA
chr1_78921135_78921136	chr1	78921135	78921136	0	False	NA
chr1_78925730_78925731	chr1	78925730	78925731	0	False	NA
chr1_78944723_78944724	chr1	78944723	78944724	0	False	NA
chr1_81937463_81937464	chr1	81937463	81937464	6	False	NA
chr1_81950727_81950728	chr1	81950727	81950728	0	False	NA
chr1_83909914_83909915	chr1	83909914	83909915	6	False	NA
chr1_83931845_83931846	chr1	83931845	83931846	0	False	NA
chr1_84197380_84197381	chr1	84197380	84197381	30	False	NA
chr1_84399192_84399193	chr1	84399192	84399193	0	False	NA
chr1_84402670_84402671	chr1	84402670	84402671	0	False	NA
chr1_84410387_84410388	chr1	84410387	84410388	0	False	NA
chr1_84494010_84494011	chr1	84494010	84494011	5	False	NA
chr1_84494703_84494704	chr1	84494703	84494704	0	False	NA
chr1_84516847_84516848	chr1	84516847	84516848	0	False	NA
chr1_84546677_84546678	chr1	84546677	84546678	0	False	NA
chr1_84936339_84936340	chr1	84936339	84936340	5	False	NA
chr1_84939786_84939787	chr1	84939786	84939787	0	False	NA
chr1_85019464_85019465	chr1	85019464	85019465	0	False	NA
chr1_85096919_85096920	chr1	85096919	85096920	0	False	NA
chr1_85098225_85098226	chr1	85098225	85098226	0	False	NA
chr1_85122703_85122704	chr1	85122703	85122704	0	False	NA
chr1_85253633_85253634	chr1	85253633	85253634	100	True	39
chr1_85732125_85732126	chr1	85732125	85732126	0	False	NA
chr1_85820432_85820433	chr1	85820432	85820433	0	False	NA
chr1_85874812_85874813	chr1	85874812	85874813	0	False	NA
chr1_85965476_85965477	chr1	85965476	85965477	0	False	NA
chr1_85970952_85970953	chr1	85970952	85970953	0	False	NA
chr1_86017639_86017640	chr1	86017639	86017640	0	False	NA
chr1_86027527_86027528	chr1	86027527	86027528	0	False	NA
chr1_86057748_86057749	chr1	86057748	86057749	0	False	NA
chr1_86353930_86353931	chr1	86353930	86353931	0	False	NA
chr1_86357014_86357015	chr1	86357014	86357015	33	False	NA
chr1_86361230_86361231	chr1	86361230	86361231	16	False	NA
chr1_86427101_86427102	chr1	86427101	86427102	0	False	NA
chr1_86475523_86475524	chr1	86475523	86475524	0	False	NA
chr1_86491936_86491937	chr1	86491936	86491937	0	False	NA
chr1_86719070_86719071	chr1	86719070	86719071	5	False	NA
chr1_88821599_88821600	chr1	88821599	88821600	181	True	39
chr1_88889622_88889623	chr1	88889622	88889623	23	False	NA
chr1_88953282_88953283	chr1	88953282	88953283	0	False	NA
chr1_88953284_88953285	chr1	88953284	88953285	0	False	NA
chr1_88960768_88960769	chr1	88960768	88960769	30	False	NA
chr1_89008353_89008354	chr1	89008353	89008354	0	False	NA
chr1_89054583_89054584	chr1	89054583	89054584	0	False	NA
chr1_89116660_89116661	chr1	89116660	89116661	0	False	NA
chr1_89134799_89134800	chr1	89134799	89134800	0	False	NA
chr1_89190803_89190804	chr1	89190803	89190804	0	False	NA
chr1_89198251_89198252	chr1	89198251	89198252	0	False	NA
chr1_89924877_89924878	chr1	89924877	89924878	191	True	39
chr1_90007982_90007983	chr1	90007982	90007983	169	True	39
chr1_90012999_90013000	chr1	90012999	90013000	20	False	NA
chr1_90019943_90019944	chr1	90019943	90019944	364	True	39
chr1_90026223_90026224	chr1	90026223	90026224	83	True	39
chr1_91379795_91379796	chr1	91379795	91379796	0	False	NA
chr1_91517806_91517807	chr1	91517806	91517807	154	True	39
chr1_91713529_91713530	chr1	91713529	91713530	56	True	39
chr1_91993398_91993399	chr1	91993398	91993399	0	False	NA
chr1_92001994_92001995	chr1	92001994	92001995	0	False	NA
chr1_92003029_92003030	chr1	92003029	92003030	0	False	NA
chr1_92106205_92106206	chr1	92106205	92106206	0	False	NA
chr1_92178240_92178241	chr1	92178240	92178241	0	False	NA
chr1_92289691_92289692	chr1	92289691	92289692	12	False	NA
chr1_92300501_92300502	chr1	92300501	92300502	0	False	NA
chr1_92334248_92334249	chr1	92334248	92334249	68	True	39
chr1_92696511_92696512	chr1	92696511	92696512	28	False	NA
chr1_93118204_93118205	chr1	93118204	93118205	29	False	NA
chr1_93220863_93220864	chr1	93220863	93220864	28	False	NA
chr1_93220867_93220868	chr1	93220867	93220868	28	False	NA
chr1_93230530_93230531	chr1	93230530	93230531	66	True	39
chr1_93253034_93253035	chr1	93253034	93253035	50	True	39
chr1_93259125_93259126	chr1	93259125	93259126	0	False	NA
chr1_93347855_93347856	chr1	93347855	93347856	26	False	NA
chr1_93531893_93531894	chr1	93531893	93531894	12	False	NA
chr1_93900830_93900831	chr1	93900830	93900831	78	True	39
chr1_94080154_94080155	chr1	94080154	94080155	0	False	NA
chr1_94102591_94102592	chr1	94102591	94102592	0	False	NA
chr1_94111972_94111973	chr1	94111972	94111973	0	False	NA
chr1_94118567_94118568	chr1	94118567	94118568	0	False	NA
chr1_94176589_94176590	chr1	94176589	94176590	0	False	NA
chr1_94208259_94208260	chr1	94208259	94208260	0	False	NA
chr1_94467642_94467643	chr1	94467642	94467643	5	False	NA
chr1_94471033_94471034	chr1	94471033	94471034	54	True	39
chr1_94499174_94499175	chr1	94499174	94499175	62	True	39
chr1_94538655_94538656	chr1	94538655	94538656	0	False	NA
chr1_94840566_94840567	chr1	94840566	94840567	0	False	NA
chr1_96810515_96810516	chr1	96810515	96810516	193	True	39
chr1_97079487_97079488	chr1	97079487	97079488	0	False	NA
chr1_97594793_97594794	chr1	97594793	97594794	0	False	NA
chr1_98690132_98690133	chr1	98690132	98690133	0	False	NA
chr1_98694467_98694468	chr1	98694467	98694468	6	False	NA
chr1_99297978_99297979	chr1	99297978	99297979	0	False	NA
chr1_99303676_99303677	chr1	99303676	99303677	0	False	NA
chr1_99745209_99745210	chr1	99745209	99745210	44	True	39
chr1_99749001_99749002	chr1	99749001	99749002	86	True	39
chr1_99867411_99867412	chr1	99867411	99867412	0	False	NA
chr1_99870942_99870943	chr1	99870942	99870943	343	True	39
chr1_99877905_99877906	chr1	99877905	99877906	64	True	39
chr1_100019481_100019482	chr1	100019481	100019482	65	True	39
chr1_100119456_100119457	chr1	100119456	100119457	18	False	NA
chr1_100138193_100138194	chr1	100138193	100138194	73	True	39
chr1_100158750_100158751	chr1	100158750	100158751	0	False	NA
chr1_100158754_100158755	chr1	100158754	100158755	0	False	NA
chr1_100211208_100211209	chr1	100211208	100211209	37	False	NA
chr1_100242870_100242871	chr1	100242870	100242871	12	False	NA
chr1_100274422_100274423	chr1	100274422	100274423	346	True	39
chr1_100291184_100291185	chr1	100291184	100291185	522	True	39
chr1_100720440_100720441	chr1	100720440	100720441	0	False	NA
chr1_100721396_100721397	chr1	100721396	100721397	0	False	NA
chr1_100733309_100733310	chr1	100733309	100733310	0	False	NA
chr1_100876032_100876033	chr1	100876032	100876033	23	False	NA
chr1_100964454_100964455	chr1	100964454	100964455	20	False	NA
chr1_100969537_100969538	chr1	100969537	100969538	0	False	NA
chr1_102895364_102895365	chr1	102895364	102895365	0	False	NA
chr1_102912760_102912761	chr1	102912760	102912761	0	False	NA
chr1_102939444_102939445	chr1	102939444	102939445	0	False	NA
chr1_102987858_102987859	chr1	102987858	102987859	0	False	NA
chr1_103002940_103002941	chr1	103002940	103002941	0	False	NA
chr1_103002946_103002947	chr1	103002946	103002947	0	False	NA
chr1_103076419_103076420	chr1	103076419	103076420	0	False	NA
chr1_103537049_103537050	chr1	103537049	103537050	17	False	NA
chr1_103540865_103540866	chr1	103540865	103540866	20	False	NA
chr1_103547371_103547372	chr1	103547371	103547372	76	True	39
chr1_107749774_107749775	chr1	107749774	107749775	0	False	NA
chr1_107754740_107754741	chr1	107754740	107754741	0	False	NA
chr1_107775825_107775826	chr1	107775825	107775826	0	False	NA
chr1_108834163_108834164	chr1	108834163	108834164	0	False	NA
chr1_108836618_108836619	chr1	108836618	108836619	0	False	NA
chr1_108846306_108846307	chr1	108846306	108846307	0	False	NA
chr1_108916506_108916507	chr1	108916506	108916507	43	True	39
chr1_108936730_108936731	chr1	108936730	108936731	27	False	NA
chr1_109002802_109002803	chr1	109002802	109002803	20	False	NA
chr1_109013594_109013595	chr1	109013594	109013595	33	False	NA
chr1_109190639_109190640	chr1	109190639	109190640	0	False	NA
chr1_109224263_109224264	chr1	109224263	109224264	178	True	39
chr1_109295612_109295613	chr1	109295612	109295613	0	False	NA
chr1_109320441_109320442	chr1	109320441	109320442	74	True	39
chr1_109345405_109345406	chr1	109345405	109345406	5	False	NA
chr1_109348259_109348260	chr1	109348259	109348260	87	True	39
chr1_109354173_109354174	chr1	109354173	109354174	268	True	39
chr1_109415423_109415424	chr1	109415423	109415424	1025	True	39
chr1_109415982_109415983	chr1	109415982	109415983	39	False	NA
chr1_109488246_109488247	chr1	109488246	109488247	0	False	NA
chr1_109542131_109542132	chr1	109542131	109542132	0	False	NA
chr1_109585330_109585331	chr1	109585330	109585331	26	False	NA
chr1_109630499_109630500	chr1	109630499	109630500	306	True	39
chr1_109730389_109730390	chr1	109730389	109730390	0	False	NA
chr1_109916135_109916136	chr1	109916135	109916136	6	False	NA
chr1_110011747_110011748	chr1	110011747	110011748	362	True	39
chr1_110043436_110043437	chr1	110043436	110043437	11	False	NA
chr1_110044378_110044379	chr1	110044378	110044379	239	True	39
chr1_110171720_110171721	chr1	110171720	110171721	0	False	NA
chr1_110193724_110193725	chr1	110193724	110193725	0	False	NA
chr1_110948657_110948658	chr1	110948657	110948658	28	False	NA
chr1_111119025_111119026	chr1	111119025	111119026	28	False	NA
chr1_111177593_111177594	chr1	111177593	111177594	139	True	39
chr1_111188431_111188432	chr1	111188431	111188432	0	False	NA
chr1_111311406_111311407	chr1	111311406	111311407	0	False	NA
chr1_111312647_111312648	chr1	111312647	111312648	0	False	NA
chr1_111444610_111444611	chr1	111444610	111444611	59	True	39
chr1_111701053_111701054	chr1	111701053	111701054	32	False	NA
chr1_111708971_111708972	chr1	111708971	111708972	73	True	39
chr1_112651619_112651620	chr1	112651619	112651620	879	True	39
chr1_112693147_112693148	chr1	112693147	112693148	192	True	39
chr1_113097452_113097453	chr1	113097452	113097453	53	True	39
chr1_113099211_113099212	chr1	113099211	113099212	39	False	NA
chr1_113116171_113116172	chr1	113116171	113116172	18	False	NA
chr1_113644775_113644776	chr1	113644775	113644776	12	False	NA
chr1_113656743_113656744	chr1	113656743	113656744	0	False	NA
chr1_113704493_113704494	chr1	113704493	113704494	0	False	NA
chr1_113704499_113704500	chr1	113704499	113704500	0	False	NA
chr1_113706990_113706991	chr1	113706990	113706991	0	False	NA
chr1_113823146_113823147	chr1	113823146	113823147	0	False	NA
chr1_113827002_113827003	chr1	113827002	113827003	0	False	NA
chr1_113854314_113854315	chr1	113854314	113854315	0	False	NA
chr1_114093042_114093043	chr1	114093042	114093043	0	False	NA
chr1_114399907_114399908	chr1	114399907	114399908	468	True	39
chr1_114403349_114403350	chr1	114403349	114403350	307	True	39
chr1_114426061_114426062	chr1	114426061	114426062	270	True	39
chr1_114428538_114428539	chr1	114428538	114428539	5	False	NA
chr1_114576136_114576137	chr1	114576136	114576137	15	False	NA
chr1_114602327_114602328	chr1	114602327	114602328	0	False	NA
chr1_114604406_114604407	chr1	114604406	114604407	0	False	NA
chr1_114695024_114695025	chr1	114695024	114695025	0	False	NA
chr1_114728205_114728206	chr1	114728205	114728206	69	True	39
chr1_114775154_114775155	chr1	114775154	114775155	13	False	NA
chr1_114778719_114778720	chr1	114778719	114778720	12	False	NA
chr1_114887391_114887392	chr1	114887391	114887392	0	False	NA
chr1_116021937_116021938	chr1	116021937	116021938	0	False	NA
chr1_116027215_116027216	chr1	116027215	116027216	0	False	NA
chr1_116767873_116767874	chr1	116767873	116767874	0	False	NA
chr1_117022717_117022718	chr1	117022717	117022718	0	False	NA
chr1_117073865_117073866	chr1	117073865	117073866	17	False	NA
chr1_117093492_117093493	chr1	117093492	117093493	0	False	NA
chr1_117097349_117097350	chr1	117097349	117097350	411	True	39
chr1_117099081_117099082	chr1	117099081	117099082	149	True	39
chr1_117113705_117113706	chr1	117113705	117113706	0	False	NA
chr1_117116773_117116774	chr1	117116773	117116774	0	False	NA
chr1_117403809_117403810	chr1	117403809	117403810	10	False	NA
chr1_117413529_117413530	chr1	117413529	117413530	5	False	NA
chr1_117501849_117501850	chr1	117501849	117501850	11	False	NA
chr1_117874445_117874446	chr1	117874445	117874446	24	False	NA
chr1_117884136_117884137	chr1	117884136	117884137	25	False	NA
chr1_117894447_117894448	chr1	117894447	117894448	15	False	NA
chr1_117902616_117902617	chr1	117902616	117902617	25	False	NA
chr1_117954307_117954308	chr1	117954307	117954308	22	False	NA
chr1_118015697_118015698	chr1	118015697	118015698	0	False	NA
chr1_118029277_118029278	chr1	118029277	118029278	0	False	NA
chr1_118034491_118034492	chr1	118034491	118034492	0	False	NA
chr1_118082894_118082895	chr1	118082894	118082895	0	False	NA
chr1_119386954_119386955	chr1	119386954	119386955	0	False	NA
chr1_119388035_119388036	chr1	119388035	119388036	0	False	NA
chr1_119510484_119510485	chr1	119510484	119510485	0	False	NA
chr1_119750939_119750940	chr1	119750939	119750940	0	False	NA
chr1_119753767_119753768	chr1	119753767	119753768	0	False	NA
chr1_119759611_119759612	chr1	119759611	119759612	0	False	NA
chr1_119763703_119763704	chr1	119763703	119763704	0	False	NA
chr1_119799576_119799577	chr1	119799576	119799577	0	False	NA
chr1_119917495_119917496	chr1	119917495	119917496	11	False	NA
chr1_119922446_119922447	chr1	119922446	119922447	85	True	39
chr1_119938197_119938198	chr1	119938197	119938198	17	False	NA
chr1_119940200_119940201	chr1	119940200	119940201	11	False	NA
chr1_119950079_119950080	chr1	119950079	119950080	56	True	39
chr1_119965197_119965198	chr1	119965197	119965198	0	False	NA
chr1_145730718_145730719	chr1	145730718	145730719	0	False	NA
chr1_145748946_145748947	chr1	145748946	145748947	0	False	NA
chr1_145897747_145897748	chr1	145897747	145897748	0	False	NA
chr1_147266138_147266139	chr1	147266138	147266139	776	True	39
chr1_147274450_147274451	chr1	147274450	147274451	200	True	39
chr1_147285639_147285640	chr1	147285639	147285640	301	True	39
chr1_147288772_147288773	chr1	147288772	147288773	26	False	NA
chr1_147294835_147294836	chr1	147294835	147294836	15	False	NA
chr1_147617965_147617966	chr1	147617965	147617966	7	False	NA
chr1_147649243_147649244	chr1	147649243	147649244	7	False	NA
chr1_148937252_148937253	chr1	148937252	148937253	5	False	NA
chr1_148970604_148970605	chr1	148970604	148970605	6	False	NA
chr1_148980738_148980739	chr1	148980738	148980739	6	False	NA
chr1_149003531_149003532	chr1	149003531	149003532	0	False	NA
chr1_149003537_149003538	chr1	149003537	149003538	0	False	NA
chr1_149008953_149008954	chr1	149008953	149008954	0	False	NA
chr1_149910049_149910050	chr1	149910049	149910050	0	False	NA
chr1_149947132_149947133	chr1	149947132	149947133	17	False	NA
chr1_150090986_150090987	chr1	150090986	150090987	54	True	39
chr1_150261957_150261958	chr1	150261957	150261958	0	False	NA
chr1_150283732_150283733	chr1	150283732	150283733	0	False	NA
chr1_150443011_150443012	chr1	150443011	150443012	40	True	39
chr1_150505458_150505459	chr1	150505458	150505459	29	False	NA
chr1_150797323_150797324	chr1	150797323	150797324	0	False	NA
chr1_150837085_150837086	chr1	150837085	150837086	186	True	39
chr1_150842242_150842243	chr1	150842242	150842243	179	True	39
chr1_150842246_150842247	chr1	150842246	150842247	228	True	39
chr1_150944280_150944281	chr1	150944280	150944281	66	True	39
chr1_150959727_150959728	chr1	150959727	150959728	40	True	39
chr1_151054346_151054347	chr1	151054346	151054347	1042	True	39
chr1_151136374_151136375	chr1	151136374	151136375	15	False	NA
chr1_151177606_151177607	chr1	151177606	151177607	198	True	39
chr1_151239849_151239850	chr1	151239849	151239850	295	True	39
chr1_151399808_151399809	chr1	151399808	151399809	154	True	39
chr1_151564462_151564463	chr1	151564462	151564463	21	False	NA
chr1_151620045_151620046	chr1	151620045	151620046	28	False	NA
chr1_151658527_151658528	chr1	151658527	151658528	0	False	NA
chr1_151724237_151724238	chr1	151724237	151724238	0	False	NA
chr1_151727834_151727835	chr1	151727834	151727835	0	False	NA
chr1_151778452_151778453	chr1	151778452	151778453	41	True	39
chr1_151815879_151815880	chr1	151815879	151815880	0	False	NA
chr1_152515360_152515361	chr1	152515360	152515361	0	False	NA
chr1_153299639_153299640	chr1	153299639	153299640	0	False	NA
chr1_153458294_153458295	chr1	153458294	153458295	0	False	NA
chr1_153749363_153749364	chr1	153749363	153749364	40	True	39
chr1_153759142_153759143	chr1	153759142	153759143	0	False	NA
chr1_153812370_153812371	chr1	153812370	153812371	28	False	NA
chr1_153973145_153973146	chr1	153973145	153973146	48	True	39
chr1_153994236_153994237	chr1	153994236	153994237	0	False	NA
chr1_154012785_154012786	chr1	154012785	154012786	0	False	NA
chr1_154022504_154022505	chr1	154022504	154022505	0	False	NA
chr1_154054407_154054408	chr1	154054407	154054408	0	False	NA
chr1_154098530_154098531	chr1	154098530	154098531	0	False	NA
chr1_154101046_154101047	chr1	154101046	154101047	0	False	NA
chr1_154136614_154136615	chr1	154136614	154136615	0	False	NA
chr1_154141257_154141258	chr1	154141257	154141258	0	False	NA
chr1_154255439_154255440	chr1	154255439	154255440	143	True	39
chr1_154264623_154264624	chr1	154264623	154264624	196	True	39
chr1_154321538_154321539	chr1	154321538	154321539	11	False	NA
chr1_154550628_154550629	chr1	154550628	154550629	11	False	NA
chr1_154554515_154554516	chr1	154554515	154554516	11	False	NA
chr1_155016072_155016073	chr1	155016072	155016073	93	True	39
chr1_155024029_155024030	chr1	155024029	155024030	0	False	NA
chr1_155047379_155047380	chr1	155047379	155047380	0	False	NA
chr1_155128175_155128176	chr1	155128175	155128176	853	True	39
chr1_155128506_155128507	chr1	155128506	155128507	194	True	39
chr1_155178849_155178850	chr1	155178849	155178850	0	False	NA
chr1_155236469_155236470	chr1	155236469	155236470	60	True	39
chr1_155256811_155256812	chr1	155256811	155256812	485	True	39
chr1_155330131_155330132	chr1	155330131	155330132	0	False	NA
chr1_155352134_155352135	chr1	155352134	155352135	0	False	NA
chr1_155352138_155352139	chr1	155352138	155352139	0	False	NA
chr1_155931838_155931839	chr1	155931838	155931839	71	True	39
chr1_156015152_156015153	chr1	156015152	156015153	132	True	39
chr1_156272920_156272921	chr1	156272920	156272921	110	True	39
chr1_156273563_156273564	chr1	156273563	156273564	245	True	39
chr1_156381257_156381258	chr1	156381257	156381258	2539	True	39
chr1_156381261_156381262	chr1	156381261	156381262	2576	True	39
chr1_156381569_156381570	chr1	156381569	156381570	4015	True	39
chr1_156477628_156477629	chr1	156477628	156477629	0	False	NA
chr1_156797794_156797795	chr1	156797794	156797795	6	False	NA
chr1_156861329_156861330	chr1	156861329	156861330	0	False	NA
chr1_156896567_156896568	chr1	156896567	156896568	0	False	NA
chr1_156907352_156907353	chr1	156907352	156907353	0	False	NA
chr1_156907807_156907808	chr1	156907807	156907808	0	False	NA
chr1_156968445_156968446	chr1	156968445	156968446	5	False	NA
chr1_157547639_157547640	chr1	157547639	157547640	0	False	NA
chr1_157580756_157580757	chr1	157580756	157580757	0	False	NA
chr1_157588439_157588440	chr1	157588439	157588440	0	False	NA
chr1_157589800_157589801	chr1	157589800	157589801	0	False	NA
chr1_157747104_157747105	chr1	157747104	157747105	0	False	NA
chr1_157747563_157747564	chr1	157747563	157747564	0	False	NA
chr1_157776566_157776567	chr1	157776566	157776567	0	False	NA
chr1_157837504_157837505	chr1	157837504	157837505	0	False	NA
chr1_158080502_158080503	chr1	158080502	158080503	0	False	NA
chr1_158080515_158080516	chr1	158080515	158080516	0	False	NA
chr1_158623832_158623833	chr1	158623832	158623833	26	False	NA
chr1_158650556_158650557	chr1	158650556	158650557	256	True	39
chr1_158651550_158651551	chr1	158651550	158651551	516	True	39
chr1_158846344_158846345	chr1	158846344	158846345	0	False	NA
chr1_158848084_158848085	chr1	158848084	158848085	0	False	NA
chr1_158944764_158944765	chr1	158944764	158944765	0	False	NA
chr1_158974064_158974065	chr1	158974064	158974065	0	False	NA
chr1_159054196_159054197	chr1	159054196	159054197	21	False	NA
chr1_159193330_159193331	chr1	159193330	159193331	0	False	NA
chr1_159303249_159303250	chr1	159303249	159303250	0	False	NA
chr1_159813615_159813616	chr1	159813615	159813616	0	False	NA
chr1_159834242_159834243	chr1	159834242	159834243	0	False	NA
chr1_159834246_159834247	chr1	159834246	159834247	0	False	NA
chr1_159857150_159857151	chr1	159857150	159857151	0	False	NA
chr1_159875077_159875078	chr1	159875077	159875078	0	False	NA
chr1_159888192_159888193	chr1	159888192	159888193	0	False	NA
chr1_160083721_160083722	chr1	160083721	160083722	0	False	NA
chr1_160162327_160162328	chr1	160162327	160162328	0	False	NA
chr1_160172308_160172309	chr1	160172308	160172309	0	False	NA
chr1_160175690_160175691	chr1	160175690	160175691	0	False	NA
chr1_160185492_160185493	chr1	160185492	160185493	0	False	NA
chr1_160222598_160222599	chr1	160222598	160222599	1904	True	39
chr1_160223152_160223153	chr1	160223152	160223153	35	False	NA
chr1_160228978_160228979	chr1	160228978	160228979	12	False	NA
chr1_160238114_160238115	chr1	160238114	160238115	21	False	NA
chr1_160306887_160306888	chr1	160306887	160306888	80	True	39
chr1_160312868_160312869	chr1	160312868	160312869	322	True	39
chr1_160341014_160341015	chr1	160341014	160341015	43	True	39
chr1_160342535_160342536	chr1	160342535	160342536	208	True	39
chr1_160488852_160488853	chr1	160488852	160488853	0	False	NA
chr1_160817794_160817795	chr1	160817794	160817795	0	False	NA
chr1_160818129_160818130	chr1	160818129	160818130	0	False	NA
chr1_160947421_160947422	chr1	160947421	160947422	0	False	NA
chr1_161074967_161074968	chr1	161074967	161074968	0	False	NA
chr1_161074969_161074970	chr1	161074969	161074970	0	False	NA
chr1_161326416_161326417	chr1	161326416	161326417	0	False	NA
chr1_161723982_161723983	chr1	161723982	161723983	0	False	NA
chr1_161756133_161756134	chr1	161756133	161756134	58	True	39
chr1_162355875_162355876	chr1	162355875	162355876	0	False	NA
chr1_162501581_162501582	chr1	162501581	162501582	146	True	39
chr1_162588956_162588957	chr1	162588956	162588957	107	True	39
chr1_162590184_162590185	chr1	162590184	162590185	33	False	NA
chr1_162596317_162596318	chr1	162596317	162596318	24	False	NA
chr1_162774244_162774245	chr1	162774244	162774245	13	False	NA
chr1_162805152_162805153	chr1	162805152	162805153	0	False	NA
chr1_162856498_162856499	chr1	162856498	162856499	0	False	NA
chr1_163155869_163155870	chr1	163155869	163155870	0	False	NA
chr1_163319381_163319382	chr1	163319381	163319382	16	False	NA
chr1_163323962_163323963	chr1	163323962	163323963	32	False	NA
chr1_163339860_163339861	chr1	163339860	163339861	186	True	39
chr1_163348331_163348332	chr1	163348331	163348332	10	False	NA
chr1_164795330_164795331	chr1	164795330	164795331	0	False	NA
chr1_165204546_165204547	chr1	165204546	165204547	0	False	NA
chr1_165409214_165409215	chr1	165409214	165409215	0	False	NA
chr1_165413937_165413938	chr1	165413937	165413938	0	False	NA
chr1_167546698_167546699	chr1	167546698	167546699	77	True	39
chr1_167553251_167553252	chr1	167553251	167553252	35	False	NA
chr1_167772966_167772967	chr1	167772966	167772967	57	True	39
chr1_167774528_167774529	chr1	167774528	167774529	506	True	39
chr1_167810525_167810526	chr1	167810525	167810526	0	False	NA
chr1_167818988_167818989	chr1	167818988	167818989	0	False	NA
chr1_167832737_167832738	chr1	167832737	167832738	0	False	NA
chr1_167834283_167834284	chr1	167834283	167834284	0	False	NA
chr1_167857159_167857160	chr1	167857159	167857160	0	False	NA
chr1_167860180_167860181	chr1	167860180	167860181	0	False	NA
chr1_167873309_167873310	chr1	167873309	167873310	0	False	NA
chr1_167876731_167876732	chr1	167876731	167876732	0	False	NA
chr1_167897595_167897596	chr1	167897595	167897596	0	False	NA
chr1_168038852_168038853	chr1	168038852	168038853	323	True	39
chr1_168100855_168100856	chr1	168100855	168100856	0	False	NA
chr1_168237078_168237079	chr1	168237078	168237079	17	False	NA
chr1_168242268_168242269	chr1	168242268	168242269	10	False	NA
chr1_169381793_169381794	chr1	169381793	169381794	63	True	39
chr1_169383586_169383587	chr1	169383586	169383587	71	True	39
chr1_169421091_169421092	chr1	169421091	169421092	0	False	NA
chr1_169424200_169424201	chr1	169424200	169424201	0	False	NA
chr1_169476414_169476415	chr1	169476414	169476415	73	True	39
chr1_169514834_169514835	chr1	169514834	169514835	40	True	39
chr1_169560380_169560381	chr1	169560380	169560381	50	True	39
chr1_169592453_169592454	chr1	169592453	169592454	0	False	NA
chr1_169603452_169603453	chr1	169603452	169603453	0	False	NA
chr1_169609936_169609937	chr1	169609936	169609937	0	False	NA
chr1_169706669_169706670	chr1	169706669	169706670	0	False	NA
chr1_169732155_169732156	chr1	169732155	169732156	0	False	NA
chr1_169824002_169824003	chr1	169824002	169824003	25	False	NA
chr1_169845787_169845788	chr1	169845787	169845788	27	False	NA
chr1_169861639_169861640	chr1	169861639	169861640	8	False	NA
chr1_169864102_169864103	chr1	169864102	169864103	0	False	NA
chr1_169989985_169989986	chr1	169989985	169989986	0	False	NA
chr1_170043903_170043904	chr1	170043903	170043904	0	False	NA
chr1_170162656_170162657	chr1	170162656	170162657	0	False	NA
chr1_170967334_170967335	chr1	170967334	170967335	0	False	NA
chr1_170990630_170990631	chr1	170990630	170990631	0	False	NA
chr1_170996924_170996925	chr1	170996924	170996925	0	False	NA
chr1_171110536_171110537	chr1	171110536	171110537	0	False	NA
chr1_171111938_171111939	chr1	171111938	171111939	0	False	NA
chr1_171201970_171201971	chr1	171201970	171201971	0	False	NA
chr1_171283534_171283535	chr1	171283534	171283535	0	False	NA
chr1_171542521_171542522	chr1	171542521	171542522	11	False	NA
chr1_171577031_171577032	chr1	171577031	171577032	45	True	39
chr1_171623380_171623381	chr1	171623380	171623381	0	False	NA
chr1_171625991_171625992	chr1	171625991	171625992	0	False	NA
chr1_171783656_171783657	chr1	171783656	171783657	125	True	39
chr1_171785632_171785633	chr1	171785632	171785633	18	False	NA
chr1_171788264_171788265	chr1	171788264	171788265	0	False	NA
chr1_172448074_172448075	chr1	172448074	172448075	0	False	NA
chr1_172553006_172553007	chr1	172553006	172553007	186	True	39
chr1_172554443_172554444	chr1	172554443	172554444	37	False	NA
chr1_172578982_172578983	chr1	172578982	172578983	348	True	39
chr1_172601197_172601198	chr1	172601197	172601198	89	True	39
chr1_172605740_172605741	chr1	172605740	172605741	265	True	39
chr1_173478583_173478584	chr1	173478583	173478584	845	True	39
chr1_173524613_173524614	chr1	173524613	173524614	0	False	NA
chr1_173602101_173602102	chr1	173602101	173602102	0	False	NA
chr1_173625462_173625463	chr1	173625462	173625463	0	False	NA
chr1_173636153_173636154	chr1	173636153	173636154	0	False	NA
chr1_173774619_173774620	chr1	173774619	173774620	0	False	NA
chr1_173826507_173826508	chr1	173826507	173826508	17	False	NA
chr1_173830370_173830371	chr1	173830370	173830371	27	False	NA
chr1_173838049_173838050	chr1	173838049	173838050	0	False	NA
chr1_173852139_173852140	chr1	173852139	173852140	0	False	NA
chr1_173871520_173871521	chr1	173871520	173871521	10	False	NA
chr1_173916406_173916407	chr1	173916406	173916407	0	False	NA
chr1_174011662_174011663	chr1	174011662	174011663	133	True	39
chr1_174220435_174220436	chr1	174220435	174220436	11	False	NA
chr1_174247814_174247815	chr1	174247814	174247815	38	False	NA
chr1_174897579_174897580	chr1	174897579	174897580	21	False	NA
chr1_174957830_174957831	chr1	174957830	174957831	191	True	39
chr1_175087992_175087993	chr1	175087992	175087993	0	False	NA
chr1_175098271_175098272	chr1	175098271	175098272	0	False	NA
chr1_175128978_175128979	chr1	175128978	175128979	0	False	NA
chr1_175131195_175131196	chr1	175131195	175131196	0	False	NA
chr1_175331999_175332000	chr1	175331999	175332000	0	False	NA
chr1_175362145_175362146	chr1	175362145	175362146	0	False	NA
chr1_175363035_175363036	chr1	175363035	175363036	0	False	NA
chr1_175365805_175365806	chr1	175365805	175365806	0	False	NA
chr1_175392866_175392867	chr1	175392866	175392867	0	False	NA
chr1_176082058_176082059	chr1	176082058	176082059	17	False	NA
chr1_176711330_176711331	chr1	176711330	176711331	0	False	NA
chr1_176886416_176886417	chr1	176886416	176886417	0	False	NA
chr1_176962927_176962928	chr1	176962927	176962928	0	False	NA
chr1_177275179_177275180	chr1	177275179	177275180	0	False	NA
chr1_177964554_177964555	chr1	177964554	177964555	0	False	NA
chr1_178470431_178470432	chr1	178470431	178470432	0	False	NA
chr1_178488192_178488193	chr1	178488192	178488193	0	False	NA
chr1_179048272_179048273	chr1	179048272	179048273	14	False	NA
chr1_179064217_179064218	chr1	179064217	179064218	334	True	39
chr1_179064221_179064222	chr1	179064221	179064222	334	True	39
chr1_179066176_179066177	chr1	179066176	179066177	6	False	NA
chr1_179382551_179382552	chr1	179382551	179382552	0	False	NA
chr1_179382554_179382555	chr1	179382554	179382555	0	False	NA
chr1_179393273_179393274	chr1	179393273	179393274	0	False	NA
chr1_179531015_179531016	chr1	179531015	179531016	0	False	NA
chr1_179636950_179636951	chr1	179636950	179636951	0	False	NA
chr1_179848224_179848225	chr1	179848224	179848225	78	True	39
chr1_180000047_180000048	chr1	180000047	180000048	120	True	39
chr1_180023733_180023734	chr1	180023733	180023734	40	True	39
chr1_180029899_180029900	chr1	180029899	180029900	163	True	39
chr1_180043671_180043672	chr1	180043671	180043672	19	False	NA
chr1_180050176_180050177	chr1	180050176	180050177	0	False	NA
chr1_180090167_180090168	chr1	180090167	180090168	0	False	NA
chr1_180183285_180183286	chr1	180183285	180183286	0	False	NA
chr1_180185254_180185255	chr1	180185254	180185255	0	False	NA
chr1_180273440_180273441	chr1	180273440	180273441	0	False	NA
chr1_180496551_180496552	chr1	180496551	180496552	49	True	39
chr1_180805457_180805458	chr1	180805457	180805458	5	False	NA
chr1_180915736_180915737	chr1	180915736	180915737	0	False	NA
chr1_180987403_180987404	chr1	180987403	180987404	37	False	NA
chr1_181005219_181005220	chr1	181005219	181005220	76	True	39
chr1_181052068_181052069	chr1	181052068	181052069	0	False	NA
chr1_181720204_181720205	chr1	181720204	181720205	0	False	NA
chr1_181793873_181793874	chr1	181793873	181793874	0	False	NA
chr1_182410479_182410480	chr1	182410479	182410480	0	False	NA
chr1_182458855_182458856	chr1	182458855	182458856	0	False	NA
chr1_182490634_182490635	chr1	182490634	182490635	0	False	NA
chr1_182528287_182528288	chr1	182528287	182528288	0	False	NA
chr1_182558334_182558335	chr1	182558334	182558335	0	False	NA
chr1_182584382_182584383	chr1	182584382	182584383	0	False	NA
chr1_182812478_182812479	chr1	182812478	182812479	0	False	NA
chr1_182814131_182814132	chr1	182814131	182814132	0	False	NA
chr1_182852713_182852714	chr1	182852713	182852714	410	True	39
chr1_182855727_182855728	chr1	182855727	182855728	1328	True	39
chr1_182862784_182862785	chr1	182862784	182862785	104	True	39
chr1_182883901_182883902	chr1	182883901	182883902	17	False	NA
chr1_183135408_183135409	chr1	183135408	183135409	6	False	NA
chr1_183234613_183234614	chr1	183234613	183234614	0	False	NA
chr1_183279390_183279391	chr1	183279390	183279391	0	False	NA
chr1_183288445_183288446	chr1	183288445	183288446	0	False	NA
chr1_183516917_183516918	chr1	183516917	183516918	90	True	39
chr1_183523580_183523581	chr1	183523580	183523581	47	True	39
chr1_183535915_183535916	chr1	183535915	183535916	107	True	39
chr1_183559510_183559511	chr1	183559510	183559511	0	False	NA
chr1_183587149_183587150	chr1	183587149	183587150	0	False	NA
chr1_183652643_183652644	chr1	183652643	183652644	0	False	NA
chr1_183883105_183883106	chr1	183883105	183883106	0	False	NA
chr1_183884193_183884194	chr1	183884193	183884194	13	False	NA
chr1_183888368_183888369	chr1	183888368	183888369	0	False	NA
chr1_183945367_183945368	chr1	183945367	183945368	0	False	NA
chr1_183953315_183953316	chr1	183953315	183953316	0	False	NA
chr1_183974886_183974887	chr1	183974886	183974887	0	False	NA
chr1_184052186_184052187	chr1	184052186	184052187	11	False	NA
chr1_184696844_184696845	chr1	184696844	184696845	6	False	NA
chr1_184711604_184711605	chr1	184711604	184711605	11	False	NA
chr1_184753013_184753014	chr1	184753013	184753014	232	True	39
chr1_185091200_185091201	chr1	185091200	185091201	16	False	NA
chr1_185092489_185092490	chr1	185092489	185092490	0	False	NA
chr1_185094569_185094570	chr1	185094569	185094570	0	False	NA
chr1_185095443_185095444	chr1	185095443	185095444	36	False	NA
chr1_185137441_185137442	chr1	185137441	185137442	171	True	39
chr1_185155429_185155430	chr1	185155429	185155430	32	False	NA
chr1_185171837_185171838	chr1	185171837	185171838	0	False	NA
chr1_185203637_185203638	chr1	185203637	185203638	16	False	NA
chr1_185864869_185864870	chr1	185864869	185864870	0	False	NA
chr1_185972224_185972225	chr1	185972224	185972225	0	False	NA
chr1_185995883_185995884	chr1	185995883	185995884	0	False	NA
chr1_185998137_185998138	chr1	185998137	185998138	0	False	NA
chr1_186003496_186003497	chr1	186003496	186003497	0	False	NA
chr1_186012005_186012006	chr1	186012005	186012006	0	False	NA
chr1_186021313_186021314	chr1	186021313	186021314	0	False	NA
chr1_186040598_186040599	chr1	186040598	186040599	0	False	NA
chr1_186062118_186062119	chr1	186062118	186062119	0	False	NA
chr1_186094840_186094841	chr1	186094840	186094841	0	False	NA
chr1_186094845_186094846	chr1	186094845	186094846	0	False	NA
chr1_186101631_186101632	chr1	186101631	186101632	0	False	NA
chr1_186122224_186122225	chr1	186122224	186122225	0	False	NA
chr1_186127657_186127658	chr1	186127657	186127658	0	False	NA
chr1_186153099_186153100	chr1	186153099	186153100	0	False	NA
chr1_186187269_186187270	chr1	186187269	186187270	0	False	NA
chr1_186326410_186326411	chr1	186326410	186326411	115	True	39
chr1_186330958_186330959	chr1	186330958	186330959	30	False	NA
chr1_186345743_186345744	chr1	186345743	186345744	1839	True	39
chr1_186346480_186346481	chr1	186346480	186346481	15	False	NA
chr1_186349993_186349994	chr1	186349993	186349994	101	True	39
chr1_186350512_186350513	chr1	186350512	186350513	687	True	39
chr1_186365846_186365847	chr1	186365846	186365847	88	True	39
chr1_186368887_186368888	chr1	186368887	186368888	411	True	39
chr1_186935885_186935886	chr1	186935885	186935886	0	False	NA
chr1_186940572_186940573	chr1	186940572	186940573	0	False	NA
chr1_186948317_186948318	chr1	186948317	186948318	22	False	NA
chr1_186949022_186949023	chr1	186949022	186949023	0	False	NA
chr1_190227190_190227191	chr1	190227190	190227191	0	False	NA
chr1_190228410_190228411	chr1	190228410	190228411	0	False	NA
chr1_192351153_192351154	chr1	192351153	192351154	0	False	NA
chr1_192644020_192644021	chr1	192644020	192644021	0	False	NA
chr1_193024000_193024001	chr1	193024000	193024001	675	True	39
chr1_193076733_193076734	chr1	193076733	193076734	139	True	39
chr1_193098280_193098281	chr1	193098280	193098281	0	False	NA
chr1_193125843_193125844	chr1	193125843	193125844	47	True	39
chr1_193143247_193143248	chr1	193143247	193143248	31	False	NA
chr1_193250398_193250399	chr1	193250398	193250399	0	False	NA
chr1_196490949_196490950	chr1	196490949	196490950	0	False	NA
chr1_196995042_196995043	chr1	196995042	196995043	0	False	NA
chr1_196997185_196997186	chr1	196997185	196997186	0	False	NA
chr1_197000669_197000670	chr1	197000669	197000670	0	False	NA
chr1_197087831_197087832	chr1	197087831	197087832	329	True	39
chr1_197092910_197092911	chr1	197092910	197092911	54	True	39
chr1_197123224_197123225	chr1	197123224	197123225	58	True	39
chr1_197127660_197127661	chr1	197127660	197127661	53	True	39
chr1_197173734_197173735	chr1	197173734	197173735	0	False	NA
chr1_197196813_197196814	chr1	197196813	197196814	0	False	NA
chr1_197431730_197431731	chr1	197431730	197431731	0	False	NA
chr1_197642902_197642903	chr1	197642902	197642903	93	True	39
chr1_198295764_198295765	chr1	198295764	198295765	14	False	NA
chr1_198731461_198731462	chr1	198731461	198731462	43	True	39
chr1_198731475_198731476	chr1	198731475	198731476	43	True	39
chr1_198733086_198733087	chr1	198733086	198733087	5	False	NA
chr1_198755694_198755695	chr1	198755694	198755695	0	False	NA
chr1_200041845_200041846	chr1	200041845	200041846	0	False	NA
chr1_200571064_200571065	chr1	200571064	200571065	14	False	NA
chr1_200602976_200602977	chr1	200602976	200602977	19	False	NA
chr1_200619012_200619013	chr1	200619012	200619013	594	True	39
chr1_200809316_200809317	chr1	200809316	200809317	8	False	NA
chr1_200842470_200842471	chr1	200842470	200842471	0	False	NA
chr1_200843645_200843646	chr1	200843645	200843646	0	False	NA
chr1_200854606_200854607	chr1	200854606	200854607	11	False	NA
chr1_200856679_200856680	chr1	200856679	200856680	0	False	NA
chr1_200899365_200899366	chr1	200899365	200899366	5	False	NA
chr1_200899982_200899983	chr1	200899982	200899983	273	True	39
chr1_201045260_201045261	chr1	201045260	201045261	0	False	NA
chr1_201056976_201056977	chr1	201056976	201056977	0	False	NA
chr1_201061799_201061800	chr1	201061799	201061800	0	False	NA
chr1_201075044_201075045	chr1	201075044	201075045	0	False	NA
chr1_201092451_201092452	chr1	201092451	201092452	0	False	NA
chr1_201507812_201507813	chr1	201507812	201507813	0	False	NA
chr1_201508885_201508886	chr1	201508885	201508886	0	False	NA
chr1_201786427_201786428	chr1	201786427	201786428	7	False	NA
chr1_201854437_201854438	chr1	201854437	201854438	59	True	39
chr1_201866267_201866268	chr1	201866267	201866268	0	False	NA
chr1_201873882_201873883	chr1	201873882	201873883	47	True	39
chr1_201890425_201890426	chr1	201890425	201890426	0	False	NA
chr1_201958270_201958271	chr1	201958270	201958271	232	True	39
chr1_201968969_201968970	chr1	201968969	201968970	13	False	NA
chr1_201989350_201989351	chr1	201989350	201989351	619	True	39
chr1_202000383_202000384	chr1	202000383	202000384	69	True	39
chr1_202308141_202308142	chr1	202308141	202308142	0	False	NA
chr1_202314047_202314048	chr1	202314047	202314048	0	False	NA
chr1_202423620_202423621	chr1	202423620	202423621	27	False	NA
chr1_202441071_202441072	chr1	202441071	202441072	6	False	NA
chr1_202598682_202598683	chr1	202598682	202598683	0	False	NA
chr1_202736108_202736109	chr1	202736108	202736109	29	False	NA
chr1_202751335_202751336	chr1	202751335	202751336	43	True	39
chr1_202759942_202759943	chr1	202759942	202759943	34	False	NA
chr1_202774056_202774057	chr1	202774056	202774057	21	False	NA
chr1_202892916_202892917	chr1	202892916	202892917	6	False	NA
chr1_202895776_202895777	chr1	202895776	202895777	32	False	NA
chr1_202924492_202924493	chr1	202924492	202924493	0	False	NA
chr1_203186428_203186429	chr1	203186428	203186429	0	False	NA
chr1_203863844_203863845	chr1	203863844	203863845	85	True	39
chr1_204113255_204113256	chr1	204113255	204113256	0	False	NA
chr1_204163681_204163682	chr1	204163681	204163682	0	False	NA
chr1_204426256_204426257	chr1	204426256	204426257	0	False	NA
chr1_204450853_204450854	chr1	204450853	204450854	0	False	NA
chr1_204528228_204528229	chr1	204528228	204528229	84	True	39
chr1_204993798_204993799	chr1	204993798	204993799	0	False	NA
chr1_205115575_205115576	chr1	205115575	205115576	49	True	39
chr1_205166391_205166392	chr1	205166391	205166392	0	False	NA
chr1_205305430_205305431	chr1	205305430	205305431	0	False	NA
chr1_205337966_205337967	chr1	205337966	205337967	0	False	NA
chr1_205418926_205418927	chr1	205418926	205418927	0	False	NA
chr1_205621416_205621417	chr1	205621416	205621417	23	False	NA
chr1_205917852_205917853	chr1	205917852	205917853	0	False	NA
chr1_206098914_206098915	chr1	206098914	206098915	0	False	NA
chr1_206101670_206101671	chr1	206101670	206101671	0	False	NA
chr1_206487804_206487805	chr1	206487804	206487805	0	False	NA
chr1_206599283_206599284	chr1	206599283	206599284	54	True	39
chr1_206842224_206842225	chr1	206842224	206842225	0	False	NA
chr1_206930568_206930569	chr1	206930568	206930569	0	False	NA
chr1_207069241_207069242	chr1	207069241	207069242	11	False	NA
chr1_207128188_207128189	chr1	207128188	207128189	0	False	NA
chr1_207144153_207144154	chr1	207144153	207144154	0	False	NA
chr1_207144438_207144439	chr1	207144438	207144439	0	False	NA
chr1_207323830_207323831	chr1	207323830	207323831	242	True	39
chr1_207471744_207471745	chr1	207471744	207471745	0	False	NA
chr1_207625361_207625362	chr1	207625361	207625362	0	False	NA
chr1_207628495_207628496	chr1	207628495	207628496	0	False	NA
chr1_207634761_207634762	chr1	207634761	207634762	0	False	NA
chr1_207720999_207721000	chr1	207720999	207721000	35	False	NA
chr1_207758143_207758144	chr1	207758143	207758144	48	True	39
chr1_207763574_207763575	chr1	207763574	207763575	122	True	39
chr1_208042515_208042516	chr1	208042515	208042516	0	False	NA
chr1_208051768_208051769	chr1	208051768	208051769	0	False	NA
chr1_208097360_208097361	chr1	208097360	208097361	0	False	NA
chr1_209600704_209600705	chr1	209600704	209600705	0	False	NA
chr1_209612759_209612760	chr1	209612759	209612760	7	False	NA
chr1_209619716_209619717	chr1	209619716	209619717	0	False	NA
chr1_209627030_209627031	chr1	209627030	209627031	0	False	NA
chr1_209633243_209633244	chr1	209633243	209633244	5	False	NA
chr1_209756814_209756815	chr1	209756814	209756815	0	False	NA
chr1_209841489_209841490	chr1	209841489	209841490	11	False	NA
chr1_209845302_209845303	chr1	209845302	209845303	0	False	NA
chr1_210240458_210240459	chr1	210240458	210240459	0	False	NA
chr1_210240462_210240463	chr1	210240462	210240463	0	False	NA
chr1_211294378_211294379	chr1	211294378	211294379	63	True	39
chr1_211309787_211309788	chr1	211309787	211309788	47	True	39
chr1_211366489_211366490	chr1	211366489	211366490	42	True	39
chr1_211577763_211577764	chr1	211577763	211577764	20	False	NA
chr1_211577767_211577768	chr1	211577767	211577768	20	False	NA
chr1_211669543_211669544	chr1	211669543	211669544	7	False	NA
chr1_211750742_211750743	chr1	211750742	211750743	14	False	NA
chr1_211945128_211945129	chr1	211945128	211945129	90	True	39
chr1_212009381_212009382	chr1	212009381	212009382	11	False	NA
chr1_212102767_212102768	chr1	212102767	212102768	119	True	39
chr1_212354894_212354895	chr1	212354894	212354895	22	False	NA
chr1_212791017_212791018	chr1	212791017	212791018	24	False	NA
chr1_212809161_212809162	chr1	212809161	212809162	20	False	NA
chr1_212815011_212815012	chr1	212815011	212815012	187	True	39
chr1_212887817_212887818	chr1	212887817	212887818	447	True	39
chr1_212961363_212961364	chr1	212961363	212961364	5	False	NA
chr1_214005089_214005090	chr1	214005089	214005090	249	True	39
chr1_214325344_214325345	chr1	214325344	214325345	65	True	39
chr1_214376000_214376001	chr1	214376000	214376001	0	False	NA
chr1_214386227_214386228	chr1	214386227	214386228	13	False	NA
chr1_214388875_214388876	chr1	214388875	214388876	8	False	NA
chr1_214397384_214397385	chr1	214397384	214397385	5	False	NA
chr1_214619743_214619744	chr1	214619743	214619744	71	True	39
chr1_214628059_214628060	chr1	214628059	214628060	275	True	39
chr1_214628066_214628067	chr1	214628066	214628067	275	True	39
chr1_214631095_214631096	chr1	214631095	214631096	14	False	NA
chr1_214651938_214651939	chr1	214651938	214651939	363	True	39
chr1_215570221_215570222	chr1	215570221	215570222	32	False	NA
chr1_215585129_215585130	chr1	215585129	215585130	15	False	NA
chr1_215586999_215587000	chr1	215586999	215587000	28	False	NA
chr1_215611716_215611717	chr1	215611716	215611717	460	True	39
chr1_216196825_216196826	chr1	216196825	216196826	0	False	NA
chr1_216291834_216291835	chr1	216291834	216291835	0	False	NA
chr1_216419200_216419201	chr1	216419200	216419201	0	False	NA
chr1_217611780_217611781	chr1	217611780	217611781	9	False	NA
chr1_218306669_218306670	chr1	218306669	218306670	18	False	NA
chr1_218436457_218436458	chr1	218436457	218436458	0	False	NA
chr1_219971603_219971604	chr1	219971603	219971604	264	True	39
chr1_219972563_219972564	chr1	219972563	219972564	5	False	NA
chr1_219989465_219989466	chr1	219989465	219989466	15	False	NA
chr1_220004453_220004454	chr1	220004453	220004454	16	False	NA
chr1_220009131_220009132	chr1	220009131	220009132	148	True	39
chr1_220013748_220013749	chr1	220013748	220013749	69	True	39
chr1_220022821_220022822	chr1	220022821	220022822	88	True	39
chr1_220033131_220033132	chr1	220033131	220033132	15	False	NA
chr1_220038928_220038929	chr1	220038928	220038929	5	False	NA
chr1_220066808_220066809	chr1	220066808	220066809	35	False	NA
chr1_220096506_220096507	chr1	220096506	220096507	6	False	NA
chr1_220187948_220187949	chr1	220187948	220187949	17	False	NA
chr1_220192174_220192175	chr1	220192174	220192175	12	False	NA
chr1_220579990_220579991	chr1	220579990	220579991	6	False	NA
chr1_220599615_220599616	chr1	220599615	220599616	16	False	NA
chr1_220691600_220691601	chr1	220691600	220691601	39	False	NA
chr1_220756853_220756854	chr1	220756853	220756854	129	True	39
chr1_220829919_220829920	chr1	220829919	220829920	0	False	NA
chr1_220831140_220831141	chr1	220831140	220831141	0	False	NA
chr1_220831528_220831529	chr1	220831528	220831529	0	False	NA
chr1_221703532_221703533	chr1	221703532	221703533	0	False	NA
chr1_222526343_222526344	chr1	222526343	222526344	13	False	NA
chr1_222543108_222543109	chr1	222543108	222543109	0	False	NA
chr1_222576396_222576397	chr1	222576396	222576397	43	True	39
chr1_222623350_222623351	chr1	222623350	222623351	86	True	39
chr1_222671984_222671985	chr1	222671984	222671985	51	True	39
chr1_222730976_222730977	chr1	222730976	222730977	14	False	NA
chr1_222984855_222984856	chr1	222984855	222984856	8	False	NA
chr1_222989523_222989524	chr1	222989523	222989524	0	False	NA
chr1_223622900_223622901	chr1	223622900	223622901	0	False	NA
chr1_223750286_223750287	chr1	223750286	223750287	20	False	NA
chr1_223752556_223752557	chr1	223752556	223752557	0	False	NA
chr1_223783083_223783084	chr1	223783083	223783084	24	False	NA
chr1_223785805_223785806	chr1	223785805	223785806	18	False	NA
chr1_223791166_223791167	chr1	223791166	223791167	37	False	NA
chr1_223791178_223791179	chr1	223791178	223791179	37	False	NA
chr1_223793070_223793071	chr1	223793070	223793071	219	True	39
chr1_224283723_224283724	chr1	224283723	224283724	20	False	NA
chr1_224291681_224291682	chr1	224291681	224291682	16	False	NA
chr1_224307289_224307290	chr1	224307289	224307290	5	False	NA
chr1_224391991_224391992	chr1	224391991	224391992	177	True	39
chr1_225267881_225267882	chr1	225267881	225267882	0	False	NA
chr1_225303656_225303657	chr1	225303656	225303657	0	False	NA
chr1_225308096_225308097	chr1	225308096	225308097	0	False	NA
chr1_225332386_225332387	chr1	225332386	225332387	0	False	NA
chr1_225364668_225364669	chr1	225364668	225364669	0	False	NA
chr1_225377148_225377149	chr1	225377148	225377149	0	False	NA
chr1_225411462_225411463	chr1	225411462	225411463	707	True	39
chr1_225414043_225414044	chr1	225414043	225414044	257	True	39
chr1_226302968_226302969	chr1	226302968	226302969	55	True	39
chr1_226376740_226376741	chr1	226376740	226376741	0	False	NA
chr1_226871793_226871794	chr1	226871793	226871794	0	False	NA
chr1_226964700_226964701	chr1	226964700	226964701	50	True	39
chr1_227018929_227018930	chr1	227018929	227018930	89	True	39
chr1_227027394_227027395	chr1	227027394	227027395	41	True	39
chr1_227034268_227034269	chr1	227034268	227034269	60	True	39
chr1_227071788_227071789	chr1	227071788	227071789	85	True	39
chr1_227073090_227073091	chr1	227073090	227073091	17	False	NA
chr1_227121062_227121063	chr1	227121062	227121063	12	False	NA
chr1_227141477_227141478	chr1	227141477	227141478	15	False	NA
chr1_227198113_227198114	chr1	227198113	227198114	0	False	NA
chr1_227651857_227651858	chr1	227651857	227651858	27	False	NA
chr1_227762254_227762255	chr1	227762254	227762255	11	False	NA
chr1_228740458_228740459	chr1	228740458	228740459	6	False	NA
chr1_229432904_229432905	chr1	229432904	229432905	0	False	NA
chr1_229465007_229465008	chr1	229465007	229465008	95	True	39
chr1_229465768_229465769	chr1	229465768	229465769	159	True	39
chr1_229475849_229475850	chr1	229475849	229475850	5	False	NA
chr1_229494834_229494835	chr1	229494834	229494835	50	True	39
chr1_229496211_229496212	chr1	229496211	229496212	67	True	39
chr1_229499950_229499951	chr1	229499950	229499951	253	True	39
chr1_230276900_230276901	chr1	230276900	230276901	40	True	39
chr1_230333075_230333076	chr1	230333075	230333076	0	False	NA
chr1_230772012_230772013	chr1	230772012	230772013	0	False	NA
chr1_230777272_230777273	chr1	230777272	230777273	0	False	NA
chr1_230840681_230840682	chr1	230840681	230840682	5	False	NA
chr1_230909808_230909809	chr1	230909808	230909809	0	False	NA
chr1_230915066_230915067	chr1	230915066	230915067	0	False	NA
chr1_230924063_230924064	chr1	230924063	230924064	0	False	NA
chr1_230924067_230924068	chr1	230924067	230924068	0	False	NA
chr1_230928055_230928056	chr1	230928055	230928056	0	False	NA
chr1_230934852_230934853	chr1	230934852	230934853	40	True	39
chr1_230990417_230990418	chr1	230990417	230990418	13	False	NA
chr1_230996929_230996930	chr1	230996929	230996930	8	False	NA
chr1_231228240_231228241	chr1	231228240	231228241	0	False	NA
chr1_231265668_231265669	chr1	231265668	231265669	993	True	39
chr1_231266731_231266732	chr1	231266731	231266732	37	False	NA
chr1_231348158_231348159	chr1	231348158	231348159	81	True	39
chr1_231369213_231369214	chr1	231369213	231369214	70	True	39
chr1_231370698_231370699	chr1	231370698	231370699	998	True	39
chr1_231562071_231562072	chr1	231562071	231562072	329	True	39
chr1_231881620_231881621	chr1	231881620	231881621	6	False	NA
chr1_232484361_232484362	chr1	232484361	232484362	24	False	NA
chr1_233359533_233359534	chr1	233359533	233359534	77	True	39
chr1_234319814_234319815	chr1	234319814	234319815	0	False	NA
chr1_234400230_234400231	chr1	234400230	234400231	45	True	39
chr1_234418533_234418534	chr1	234418533	234418534	5	False	NA
chr1_234428047_234428048	chr1	234428047	234428048	0	False	NA
chr1_234457356_234457357	chr1	234457356	234457357	14	False	NA
chr1_234458685_234458686	chr1	234458685	234458686	0	False	NA
chr1_235176059_235176060	chr1	235176059	235176060	20	False	NA
chr1_235224284_235224285	chr1	235224284	235224285	28	False	NA
chr1_235225322_235225323	chr1	235225322	235225323	20	False	NA
chr1_235244936_235244937	chr1	235244936	235244937	353	True	39
chr1_235461268_235461269	chr1	235461268	235461269	17	False	NA
chr1_235473423_235473424	chr1	235473423	235473424	44	True	39
chr1_235687731_235687732	chr1	235687731	235687732	0	False	NA
chr1_235687961_235687962	chr1	235687961	235687962	0	False	NA
chr1_235710024_235710025	chr1	235710024	235710025	0	False	NA
chr1_235742826_235742827	chr1	235742826	235742827	0	False	NA
chr1_235745977_235745978	chr1	235745977	235745978	0	False	NA
chr1_235764112_235764113	chr1	235764112	235764113	0	False	NA
chr1_235770331_235770332	chr1	235770331	235770332	8	False	NA
chr1_235770335_235770336	chr1	235770335	235770336	8	False	NA
chr1_235792220_235792221	chr1	235792220	235792221	21	False	NA
chr1_235808378_235808379	chr1	235808378	235808379	36	False	NA
chr1_235981064_235981065	chr1	235981064	235981065	20	False	NA
chr1_235981068_235981069	chr1	235981068	235981069	20	False	NA
chr1_235982827_235982828	chr1	235982827	235982828	5	False	NA
chr1_235983438_235983439	chr1	235983438	235983439	0	False	NA
chr1_236012895_236012896	chr1	236012895	236012896	0	False	NA
chr1_236043114_236043115	chr1	236043114	236043115	39	False	NA
chr1_236243022_236243023	chr1	236243022	236243023	0	False	NA
chr1_236247235_236247236	chr1	236247235	236247236	0	False	NA
chr1_236546718_236546719	chr1	236546718	236546719	55	True	39
chr1_236547636_236547637	chr1	236547636	236547637	43	True	39
chr1_236572941_236572942	chr1	236572941	236572942	114	True	39
chr1_236583402_236583403	chr1	236583402	236583403	32	False	NA
chr1_236584532_236584533	chr1	236584532	236584533	39	False	NA
chr1_236593480_236593481	chr1	236593480	236593481	34	False	NA
chr1_236739163_236739164	chr1	236739163	236739164	0	False	NA
chr1_236739173_236739174	chr1	236739173	236739174	0	False	NA
chr1_236804107_236804108	chr1	236804107	236804108	190	True	39
chr1_236807725_236807726	chr1	236807725	236807726	152	True	39
chr1_236831114_236831115	chr1	236831114	236831115	40	True	39
chr1_236835980_236835981	chr1	236835980	236835981	0	False	NA
chr1_236862681_236862682	chr1	236862681	236862682	5	False	NA
chr1_236881521_236881522	chr1	236881521	236881522	11	False	NA
chr1_237370572_237370573	chr1	237370572	237370573	0	False	NA
chr1_237441917_237441918	chr1	237441917	237441918	0	False	NA
chr1_237454169_237454170	chr1	237454169	237454170	0	False	NA
chr1_237617031_237617032	chr1	237617031	237617032	0	False	NA
chr1_237625516_237625517	chr1	237625516	237625517	0	False	NA
chr1_237643168_237643169	chr1	237643168	237643169	0	False	NA
chr1_237659267_237659268	chr1	237659267	237659268	0	False	NA
chr1_237660496_237660497	chr1	237660496	237660497	0	False	NA
chr1_237680014_237680015	chr1	237680014	237680015	0	False	NA
chr1_237699750_237699751	chr1	237699750	237699751	0	False	NA
chr1_237704130_237704131	chr1	237704130	237704131	0	False	NA
chr1_237718256_237718257	chr1	237718256	237718257	0	False	NA
chr1_237720038_237720039	chr1	237720038	237720039	0	False	NA
chr1_237726934_237726935	chr1	237726934	237726935	0	False	NA
chr1_237772507_237772508	chr1	237772507	237772508	0	False	NA
chr1_237782285_237782286	chr1	237782285	237782286	0	False	NA
chr1_237785465_237785466	chr1	237785465	237785466	0	False	NA
chr1_237795816_237795817	chr1	237795816	237795817	0	False	NA
chr1_237807289_237807290	chr1	237807289	237807290	0	False	NA
chr1_237887838_237887839	chr1	237887838	237887839	0	False	NA
chr1_237889671_237889672	chr1	237889671	237889672	0	False	NA
chr1_241565394_241565395	chr1	241565394	241565395	0	False	NA
chr1_241680839_241680840	chr1	241680839	241680840	0	False	NA
chr1_241758750_241758751	chr1	241758750	241758751	0	False	NA
chr1_241769713_241769714	chr1	241769713	241769714	0	False	NA
chr1_241782472_241782473	chr1	241782472	241782473	0	False	NA
chr1_241790551_241790552	chr1	241790551	241790552	0	False	NA
chr1_241800899_241800900	chr1	241800899	241800900	0	False	NA
chr1_241852101_241852102	chr1	241852101	241852102	376	True	39
chr1_241854911_241854912	chr1	241854911	241854912	154	True	39
chr1_241866730_241866731	chr1	241866730	241866731	328	True	39
chr1_241888002_241888003	chr1	241888002	241888003	39	False	NA
chr1_243126959_243126960	chr1	243126959	243126960	0	False	NA
chr1_243159657_243159658	chr1	243159657	243159658	25	False	NA
chr1_243314624_243314625	chr1	243314624	243314625	11	False	NA
chr1_243343257_243343258	chr1	243343257	243343258	0	False	NA
chr1_244358978_244358979	chr1	244358978	244358979	0	False	NA
chr1_244413556_244413557	chr1	244413556	244413557	57	True	39
chr1_244430030_244430031	chr1	244430030	244430031	367	True	39
chr1_244557945_244557946	chr1	244557945	244557946	0	False	NA
chr1_244582881_244582882	chr1	244582881	244582882	0	False	NA
chr1_245929511_245929512	chr1	245929511	245929512	56	True	39
chr1_246331460_246331461	chr1	246331460	246331461	0	False	NA
chr1_246556903_246556904	chr1	246556903	246556904	12	False	NA
chr1_246632594_246632595	chr1	246632594	246632595	63	True	39
chr1_246644659_246644660	chr1	246644659	246644660	25	False	NA
chr1_246758781_246758782	chr1	246758781	246758782	20	False	NA
chr1_246765466_246765467	chr1	246765466	246765467	50	True	39
chr1_246843580_246843581	chr1	246843580	246843581	48	True	39
chr1_246909485_246909486	chr1	246909485	246909486	303	True	39
chr1_246917486_246917487	chr1	246917486	246917487	32	False	NA
chr1_247323290_247323291	chr1	247323290	247323291	169	True	39
chr1_247556028_247556029	chr1	247556028	247556029	0	False	NA
chr1_248906539_248906540	chr1	248906539	248906540	24	False	NA
chr10_281101_281102	chr10	281101	281102	11	False	NA
chr10_284462_284463	chr10	284462	284463	0	False	NA
chr10_357309_357310	chr10	357309	357310	0	False	NA
chr10_990430_990431	chr10	990430	990431	30	False	NA
chr10_997870_997871	chr10	997870	997871	196	True	39
chr10_1003876_1003877	chr10	1003876	1003877	321	True	39
chr10_1074947_1074948	chr10	1074947	1074948	31	False	NA
chr10_1074957_1074958	chr10	1074957	1074958	26	False	NA
chr10_1074967_1074968	chr10	1074967	1074968	26	False	NA
chr10_5204851_5204852	chr10	5204851	5204852	0	False	NA
chr10_5395509_5395510	chr10	5395509	5395510	17	False	NA
chr10_5404579_5404580	chr10	5404579	5404580	0	False	NA
chr10_5449973_5449974	chr10	5449973	5449974	188	True	39
chr10_5722087_5722088	chr10	5722087	5722088	165	True	39
chr10_5730195_5730196	chr10	5730195	5730196	58	True	39
chr10_5732399_5732400	chr10	5732399	5732400	5	False	NA
chr10_5753744_5753745	chr10	5753744	5753745	0	False	NA
chr10_5757208_5757209	chr10	5757208	5757209	0	False	NA
chr10_5757213_5757214	chr10	5757213	5757214	0	False	NA
chr10_5767939_5767940	chr10	5767939	5767940	51	True	39
chr10_5878344_5878345	chr10	5878344	5878345	75	True	39
chr10_5880500_5880501	chr10	5880500	5880501	41	True	39
chr10_6019535_6019536	chr10	6019535	6019536	0	False	NA
chr10_7193570_7193571	chr10	7193570	7193571	40	True	39
chr10_7637565_7637566	chr10	7637565	7637566	0	False	NA
chr10_7712244_7712245	chr10	7712244	7712245	91	True	39
chr10_7715045_7715046	chr10	7715045	7715046	609	True	39
chr10_7731305_7731306	chr10	7731305	7731306	37	False	NA
chr10_7733971_7733972	chr10	7733971	7733972	141	True	39
chr10_7780885_7780886	chr10	7780885	7780886	5	False	NA
chr10_7940198_7940199	chr10	7940198	7940199	31	False	NA
chr10_8059617_8059618	chr10	8059617	8059618	0	False	NA
chr10_10962958_10962959	chr10	10962958	10962959	0	False	NA
chr10_11484168_11484169	chr10	11484168	11484169	0	False	NA
chr10_11491246_11491247	chr10	11491246	11491247	0	False	NA
chr10_11504293_11504294	chr10	11504293	11504294	0	False	NA
chr10_11943592_11943593	chr10	11943592	11943593	86	True	39
chr10_11952375_11952376	chr10	11952375	11952376	13	False	NA
chr10_12002462_12002463	chr10	12002462	12002463	5	False	NA
chr10_12081735_12081736	chr10	12081735	12081736	15	False	NA
chr10_12149814_12149815	chr10	12149814	12149815	54	True	39
chr10_12178202_12178203	chr10	12178202	12178203	25	False	NA
chr10_12185541_12185542	chr10	12185541	12185542	34	False	NA
chr10_12826759_12826760	chr10	12826759	12826760	0	False	NA
chr10_13121725_13121726	chr10	13121725	13121726	6	False	NA
chr10_13185695_13185696	chr10	13185695	13185696	0	False	NA
chr10_13196889_13196890	chr10	13196889	13196890	116	True	39
chr10_13330624_13330625	chr10	13330624	13330625	6	False	NA
chr10_13343301_13343302	chr10	13343301	13343302	90	True	39
chr10_13609320_13609321	chr10	13609320	13609321	6	False	NA
chr10_14822450_14822451	chr10	14822450	14822451	0	False	NA
chr10_14833301_14833302	chr10	14833301	14833302	0	False	NA
chr10_14837155_14837156	chr10	14837155	14837156	0	False	NA
chr10_14921697_14921698	chr10	14921697	14921698	15	False	NA
chr10_15045462_15045463	chr10	15045462	15045463	0	False	NA
chr10_15128562_15128563	chr10	15128562	15128563	10	False	NA
chr10_15282447_15282448	chr10	15282447	15282448	0	False	NA
chr10_15606596_15606597	chr10	15606596	15606597	0	False	NA
chr10_15652936_15652937	chr10	15652936	15652937	0	False	NA
chr10_15780546_15780547	chr10	15780546	15780547	32	False	NA
chr10_15838927_15838928	chr10	15838927	15838928	37	False	NA
chr10_16509597_16509598	chr10	16509597	16509598	0	False	NA
chr10_16917528_16917529	chr10	16917528	16917529	0	False	NA
chr10_16928902_16928903	chr10	16928902	16928903	0	False	NA
chr10_17067056_17067057	chr10	17067056	17067057	0	False	NA
chr10_17112589_17112590	chr10	17112589	17112590	0	False	NA
chr10_17116719_17116720	chr10	17116719	17116720	0	False	NA
chr10_17123188_17123189	chr10	17123188	17123189	0	False	NA
chr10_17155103_17155104	chr10	17155103	17155104	0	False	NA
chr10_17158538_17158539	chr10	17158538	17158539	0	False	NA
chr10_17161830_17161831	chr10	17161830	17161831	8	False	NA
chr10_17232157_17232158	chr10	17232157	17232158	97	True	39
chr10_17598549_17598550	chr10	17598549	17598550	0	False	NA
chr10_17689297_17689298	chr10	17689297	17689298	54	True	39
chr10_17711093_17711094	chr10	17711093	17711094	102	True	39
chr10_17772694_17772695	chr10	17772694	17772695	6	False	NA
chr10_17884755_17884756	chr10	17884755	17884756	0	False	NA
chr10_17902435_17902436	chr10	17902435	17902436	0	False	NA
chr10_17963881_17963882	chr10	17963881	17963882	0	False	NA
chr10_18500397_18500398	chr10	18500397	18500398	0	False	NA
chr10_18538835_18538836	chr10	18538835	18538836	10	False	NA
chr10_18549986_18549987	chr10	18549986	18549987	75	True	39
chr10_18615350_18615351	chr10	18615350	18615351	0	False	NA
chr10_18615750_18615751	chr10	18615750	18615751	19	False	NA
chr10_18671020_18671021	chr10	18671020	18671021	17	False	NA
chr10_18673336_18673337	chr10	18673336	18673337	47	True	39
chr10_19280418_19280419	chr10	19280418	19280419	0	False	NA
chr10_21588208_21588209	chr10	21588208	21588209	20	False	NA
chr10_21590266_21590267	chr10	21590266	21590267	86	True	39
chr10_21613359_21613360	chr10	21613359	21613360	12	False	NA
chr10_22967752_22967753	chr10	22967752	22967753	0	False	NA
chr10_23000176_23000177	chr10	23000176	23000177	0	False	NA
chr10_24521609_24521610	chr10	24521609	24521610	0	False	NA
chr10_24525263_24525264	chr10	24525263	24525264	11	False	NA
chr10_24526615_24526616	chr10	24526615	24526616	5	False	NA
chr10_24601285_24601286	chr10	24601285	24601286	68	True	39
chr10_24627941_24627942	chr10	24627941	24627942	37	False	NA
chr10_24631084_24631085	chr10	24631084	24631085	0	False	NA
chr10_24631118_24631119	chr10	24631118	24631119	0	False	NA
chr10_24850901_24850902	chr10	24850901	24850902	0	False	NA
chr10_24938539_24938540	chr10	24938539	24938540	0	False	NA
chr10_24994023_24994024	chr10	24994023	24994024	0	False	NA
chr10_24996765_24996766	chr10	24996765	24996766	0	False	NA
chr10_25593007_25593008	chr10	25593007	25593008	0	False	NA
chr10_26017146_26017147	chr10	26017146	26017147	0	False	NA
chr10_26067565_26067566	chr10	26067565	26067566	0	False	NA
chr10_26092548_26092549	chr10	26092548	26092549	0	False	NA
chr10_26150149_26150150	chr10	26150149	26150150	0	False	NA
chr10_26175125_26175126	chr10	26175125	26175126	0	False	NA
chr10_26200430_26200431	chr10	26200430	26200431	0	False	NA
chr10_26218495_26218496	chr10	26218495	26218496	0	False	NA
chr10_26292391_26292392	chr10	26292391	26292392	0	False	NA
chr10_26496644_26496645	chr10	26496644	26496645	0	False	NA
chr10_26744703_26744704	chr10	26744703	26744704	5	False	NA
chr10_26752662_26752663	chr10	26752662	26752663	184	True	39
chr10_26762739_26762740	chr10	26762739	26762740	265	True	39
chr10_26767315_26767316	chr10	26767315	26767316	68	True	39
chr10_27013374_27013375	chr10	27013374	27013375	5	False	NA
chr10_27026002_27026003	chr10	27026002	27026003	5	False	NA
chr10_27050747_27050748	chr10	27050747	27050748	15	False	NA
chr10_27051052_27051053	chr10	27051052	27051053	30	False	NA
chr10_27056870_27056871	chr10	27056870	27056871	7	False	NA
chr10_27062100_27062101	chr10	27062100	27062101	18	False	NA
chr10_27088862_27088863	chr10	27088862	27088863	5	False	NA
chr10_27096108_27096109	chr10	27096108	27096109	7	False	NA
chr10_27167734_27167735	chr10	27167734	27167735	312	True	39
chr10_27171709_27171710	chr10	27171709	27171710	6	False	NA
chr10_27211797_27211798	chr10	27211797	27211798	0	False	NA
chr10_27216794_27216795	chr10	27216794	27216795	0	False	NA
chr10_27218364_27218365	chr10	27218364	27218365	0	False	NA
chr10_27744020_27744021	chr10	27744020	27744021	0	False	NA
chr10_27861536_27861537	chr10	27861536	27861537	0	False	NA
chr10_27861934_27861935	chr10	27861934	27861935	0	False	NA
chr10_27936416_27936417	chr10	27936416	27936417	0	False	NA
chr10_27969980_27969981	chr10	27969980	27969981	0	False	NA
chr10_27987152_27987153	chr10	27987152	27987153	0	False	NA
chr10_27989988_27989989	chr10	27989988	27989989	0	False	NA
chr10_28584417_28584418	chr10	28584417	28584418	223	True	39
chr10_29470483_29470484	chr10	29470483	29470484	41	True	39
chr10_30320963_30320964	chr10	30320963	30320964	0	False	NA
chr10_30339631_30339632	chr10	30339631	30339632	235	True	39
chr10_31512965_31512966	chr10	31512965	31512966	0	False	NA
chr10_31524585_31524586	chr10	31524585	31524586	0	False	NA
chr10_31814030_31814031	chr10	31814030	31814031	96	True	39
chr10_32033361_32033362	chr10	32033361	32033362	52	True	39
chr10_32035377_32035378	chr10	32035377	32035378	105	True	39
chr10_32469746_32469747	chr10	32469746	32469747	0	False	NA
chr10_32565950_32565951	chr10	32565950	32565951	0	False	NA
chr10_32928613_32928614	chr10	32928613	32928614	51	True	39
chr10_33266369_33266370	chr10	33266369	33266370	0	False	NA
chr10_34331398_34331399	chr10	34331398	34331399	199	True	39
chr10_34342187_34342188	chr10	34342187	34342188	10	False	NA
chr10_34342588_34342589	chr10	34342588	34342589	0	False	NA
chr10_34382122_34382123	chr10	34382122	34382123	5	False	NA
chr10_34399621_34399622	chr10	34399621	34399622	46	True	39
chr10_34564782_34564783	chr10	34564782	34564783	72	True	39
chr10_35025575_35025576	chr10	35025575	35025576	12	False	NA
chr10_35040676_35040677	chr10	35040676	35040677	19	False	NA
chr10_35052635_35052636	chr10	35052635	35052636	33	False	NA
chr10_35067847_35067848	chr10	35067847	35067848	0	False	NA
chr10_35183226_35183227	chr10	35183226	35183227	5	False	NA
chr10_35527777_35527778	chr10	35527777	35527778	31	False	NA
chr10_37127847_37127848	chr10	37127847	37127848	0	False	NA
chr10_42786017_42786018	chr10	42786017	42786018	93	True	39
chr10_42799768_42799769	chr10	42799768	42799769	36	False	NA
chr10_42818075_42818076	chr10	42818075	42818076	88	True	39
chr10_42818091_42818092	chr10	42818091	42818092	11	False	NA
chr10_42821829_42821830	chr10	42821829	42821830	20	False	NA
chr10_43105727_43105728	chr10	43105727	43105728	0	False	NA
chr10_43161530_43161531	chr10	43161530	43161531	75	True	39
chr10_44379669_44379670	chr10	44379669	44379670	0	False	NA
chr10_44382824_44382825	chr10	44382824	44382825	0	False	NA
chr10_44990084_44990085	chr10	44990084	44990085	0	False	NA
chr10_45741757_45741758	chr10	45741757	45741758	0	False	NA
chr10_46042473_46042474	chr10	46042473	46042474	0	False	NA
chr10_46288314_46288315	chr10	46288314	46288315	0	False	NA
chr10_46307638_46307639	chr10	46307638	46307639	0	False	NA
chr10_46941272_46941273	chr10	46941272	46941273	0	False	NA
chr10_46944311_46944312	chr10	46944311	46944312	0	False	NA
chr10_47311800_47311801	chr10	47311800	47311801	0	False	NA
chr10_47351906_47351907	chr10	47351906	47351907	0	False	NA
chr10_48204052_48204053	chr10	48204052	48204053	0	False	NA
chr10_48249456_48249457	chr10	48249456	48249457	0	False	NA
chr10_48624475_48624476	chr10	48624475	48624476	0	False	NA
chr10_48779571_48779572	chr10	48779571	48779572	0	False	NA
chr10_48794887_48794888	chr10	48794887	48794888	0	False	NA
chr10_48813910_48813911	chr10	48813910	48813911	0	False	NA
chr10_48827583_48827584	chr10	48827583	48827584	0	False	NA
chr10_48874849_48874850	chr10	48874849	48874850	0	False	NA
chr10_48899867_48899868	chr10	48899867	48899868	0	False	NA
chr10_49157221_49157222	chr10	49157221	49157222	61	True	39
chr10_49388108_49388109	chr10	49388108	49388109	0	False	NA
chr10_49390783_49390784	chr10	49390783	49390784	0	False	NA
chr10_49475918_49475919	chr10	49475918	49475919	0	False	NA
chr10_49527981_49527982	chr10	49527981	49527982	0	False	NA
chr10_49653407_49653408	chr10	49653407	49653408	0	False	NA
chr10_49736261_49736262	chr10	49736261	49736262	0	False	NA
chr10_49736265_49736266	chr10	49736265	49736266	0	False	NA
chr10_49867489_49867490	chr10	49867489	49867490	46	True	39
chr10_49934386_49934387	chr10	49934386	49934387	5	False	NA
chr10_50203096_50203097	chr10	50203096	50203097	0	False	NA
chr10_50807502_50807503	chr10	50807502	50807503	11	False	NA
chr10_53828899_53828900	chr10	53828899	53828900	0	False	NA
chr10_58362225_58362226	chr10	58362225	58362226	0	False	NA
chr10_58798245_58798246	chr10	58798245	58798246	8	False	NA
chr10_58799656_58799657	chr10	58799656	58799657	0	False	NA
chr10_59238984_59238985	chr10	59238984	59238985	146	True	39
chr10_59240020_59240021	chr10	59240020	59240021	51	True	39
chr10_59265820_59265821	chr10	59265820	59265821	0	False	NA
chr10_59269628_59269629	chr10	59269628	59269629	0	False	NA
chr10_59667253_59667254	chr10	59667253	59667254	0	False	NA
chr10_59806065_59806066	chr10	59806065	59806066	30	False	NA
chr10_60064567_60064568	chr10	60064567	60064568	6	False	NA
chr10_60068144_60068145	chr10	60068144	60068145	0	False	NA
chr10_60078995_60078996	chr10	60078995	60078996	0	False	NA
chr10_60135311_60135312	chr10	60135311	60135312	29	False	NA
chr10_60135324_60135325	chr10	60135324	60135325	29	False	NA
chr10_60199149_60199150	chr10	60199149	60199150	0	False	NA
chr10_60205257_60205258	chr10	60205257	60205258	0	False	NA
chr10_63146425_63146426	chr10	63146425	63146426	0	False	NA
chr10_63186479_63186480	chr10	63186479	63186480	69	True	39
chr10_63191724_63191725	chr10	63191724	63191725	0	False	NA
chr10_63196466_63196467	chr10	63196466	63196467	156	True	39
chr10_63202128_63202129	chr10	63202128	63202129	78	True	39
chr10_63219187_63219188	chr10	63219187	63219188	7	False	NA
chr10_63596496_63596497	chr10	63596496	63596497	0	False	NA
chr10_67800501_67800502	chr10	67800501	67800502	0	False	NA
chr10_67889864_67889865	chr10	67889864	67889865	41	True	39
chr10_67891205_67891206	chr10	67891205	67891206	6	False	NA
chr10_67906631_67906632	chr10	67906631	67906632	33	False	NA
chr10_67906635_67906636	chr10	67906635	67906636	26	False	NA
chr10_67926751_67926752	chr10	67926751	67926752	41	True	39
chr10_67935570_67935571	chr10	67935570	67935571	17	False	NA
chr10_67989279_67989280	chr10	67989279	67989280	14	False	NA
chr10_68038430_68038431	chr10	68038430	68038431	134	True	39
chr10_68143591_68143592	chr10	68143591	68143592	0	False	NA
chr10_68147566_68147567	chr10	68147566	68147567	0	False	NA
chr10_68148562_68148563	chr10	68148562	68148563	0	False	NA
chr10_68159973_68159974	chr10	68159973	68159974	5	False	NA
chr10_68161067_68161068	chr10	68161067	68161068	0	False	NA
chr10_68193331_68193332	chr10	68193331	68193332	0	False	NA
chr10_68196181_68196182	chr10	68196181	68196182	0	False	NA
chr10_68199366_68199367	chr10	68199366	68199367	14	False	NA
chr10_68201382_68201383	chr10	68201382	68201383	12	False	NA
chr10_68201387_68201388	chr10	68201387	68201388	12	False	NA
chr10_68390474_68390475	chr10	68390474	68390475	108	True	39
chr10_68416052_68416053	chr10	68416052	68416053	63	True	39
chr10_68433837_68433838	chr10	68433837	68433838	98	True	39
chr10_68450364_68450365	chr10	68450364	68450365	91	True	39
chr10_68457480_68457481	chr10	68457480	68457481	61	True	39
chr10_68648336_68648337	chr10	68648336	68648337	37	False	NA
chr10_68680966_68680967	chr10	68680966	68680967	10	False	NA
chr10_68907969_68907970	chr10	68907969	68907970	16	False	NA
chr10_68964180_68964181	chr10	68964180	68964181	22	False	NA
chr10_68995278_68995279	chr10	68995278	68995279	10	False	NA
chr10_69010578_69010579	chr10	69010578	69010579	7	False	NA
chr10_69012150_69012151	chr10	69012150	69012151	0	False	NA
chr10_69160918_69160919	chr10	69160918	69160919	6	False	NA
chr10_69161909_69161910	chr10	69161909	69161910	5	False	NA
chr10_69164493_69164494	chr10	69164493	69164494	0	False	NA
chr10_69181252_69181253	chr10	69181252	69181253	76	True	39
chr10_69189265_69189266	chr10	69189265	69189266	278	True	39
chr10_69260684_69260685	chr10	69260684	69260685	0	False	NA
chr10_69263736_69263737	chr10	69263736	69263737	0	False	NA
chr10_69383439_69383440	chr10	69383439	69383440	52	True	39
chr10_70155687_70155688	chr10	70155687	70155688	90	True	39
chr10_70733540_70733541	chr10	70733540	70733541	384	True	39
chr10_70734635_70734636	chr10	70734635	70734636	441	True	39
chr10_70751100_70751101	chr10	70751100	70751101	924	True	39
chr10_70753798_70753799	chr10	70753798	70753799	1089	True	39
chr10_70848779_70848780	chr10	70848779	70848780	0	False	NA
chr10_70851859_70851860	chr10	70851859	70851860	12	False	NA
chr10_71297088_71297089	chr10	71297088	71297089	28	False	NA
chr10_71344714_71344715	chr10	71344714	71344715	0	False	NA
chr10_71675766_71675767	chr10	71675766	71675767	0	False	NA
chr10_71681521_71681522	chr10	71681521	71681522	0	False	NA
chr10_71706593_71706594	chr10	71706593	71706594	0	False	NA
chr10_71731866_71731867	chr10	71731866	71731867	0	False	NA
chr10_71738910_71738911	chr10	71738910	71738911	0	False	NA
chr10_71755015_71755016	chr10	71755015	71755016	0	False	NA
chr10_71826265_71826266	chr10	71826265	71826266	81	True	39
chr10_72200390_72200391	chr10	72200390	72200391	5	False	NA
chr10_72859885_72859886	chr10	72859885	72859886	20	False	NA
chr10_72912783_72912784	chr10	72912783	72912784	0	False	NA
chr10_73123987_73123988	chr10	73123987	73123988	11	False	NA
chr10_73142357_73142358	chr10	73142357	73142358	15	False	NA
chr10_73172239_73172240	chr10	73172239	73172240	16	False	NA
chr10_73246438_73246439	chr10	73246438	73246439	173	True	39
chr10_73311934_73311935	chr10	73311934	73311935	0	False	NA
chr10_73324460_73324461	chr10	73324460	73324461	0	False	NA
chr10_73340085_73340086	chr10	73340085	73340086	5	False	NA
chr10_73346417_73346418	chr10	73346417	73346418	0	False	NA
chr10_73379482_73379483	chr10	73379482	73379483	98	True	39
chr10_73424999_73425000	chr10	73424999	73425000	45	True	39
chr10_73425284_73425285	chr10	73425284	73425285	31	False	NA
chr10_73445010_73445011	chr10	73445010	73445011	7	False	NA
chr10_73477157_73477158	chr10	73477157	73477158	231	True	39
chr10_73522719_73522720	chr10	73522719	73522720	23	False	NA
chr10_73541217_73541218	chr10	73541217	73541218	0	False	NA
chr10_74071239_74071240	chr10	74071239	74071240	97	True	39
chr10_74092811_74092812	chr10	74092811	74092812	6	False	NA
chr10_74117708_74117709	chr10	74117708	74117709	0	False	NA
chr10_74128586_74128587	chr10	74128586	74128587	12	False	NA
chr10_75027314_75027315	chr10	75027314	75027315	29	False	NA
chr10_75216619_75216620	chr10	75216619	75216620	59	True	39
chr10_77018535_77018536	chr10	77018535	77018536	0	False	NA
chr10_77983165_77983166	chr10	77983165	77983166	0	False	NA
chr10_79178635_79178636	chr10	79178635	79178636	374	True	39
chr10_79292862_79292863	chr10	79292862	79292863	366	True	39
chr10_79350523_79350524	chr10	79350523	79350524	680	True	39
chr10_80082639_80082640	chr10	80082639	80082640	0	False	NA
chr10_80167547_80167548	chr10	80167547	80167548	38	False	NA
chr10_80339531_80339532	chr10	80339531	80339532	0	False	NA
chr10_80352267_80352268	chr10	80352267	80352268	0	False	NA
chr10_80352934_80352935	chr10	80352934	80352935	0	False	NA
chr10_80353769_80353770	chr10	80353769	80353770	0	False	NA
chr10_80570454_80570455	chr10	80570454	80570455	0	False	NA
chr10_82982537_82982538	chr10	82982537	82982538	0	False	NA
chr10_84145411_84145412	chr10	84145411	84145412	53	True	39
chr10_84372600_84372601	chr10	84372600	84372601	11	False	NA
chr10_86446019_86446020	chr10	86446019	86446020	10	False	NA
chr10_86455201_86455202	chr10	86455201	86455202	0	False	NA
chr10_86729866_86729867	chr10	86729866	86729867	0	False	NA
chr10_86890712_86890713	chr10	86890712	86890713	0	False	NA
chr10_86939036_86939037	chr10	86939036	86939037	0	False	NA
chr10_86945476_86945477	chr10	86945476	86945477	0	False	NA
chr10_86997454_86997455	chr10	86997454	86997455	0	False	NA
chr10_87186458_87186459	chr10	87186458	87186459	0	False	NA
chr10_87715374_87715375	chr10	87715374	87715375	0	False	NA
chr10_87754957_87754958	chr10	87754957	87754958	111	True	39
chr10_87755242_87755243	chr10	87755242	87755243	12	False	NA
chr10_87769333_87769334	chr10	87769333	87769334	71	True	39
chr10_87776007_87776008	chr10	87776007	87776008	27	False	NA
chr10_87868936_87868937	chr10	87868936	87868937	122	True	39
chr10_87926386_87926387	chr10	87926386	87926387	5	False	NA
chr10_88587775_88587776	chr10	88587775	88587776	0	False	NA
chr10_88595403_88595404	chr10	88595403	88595404	0	False	NA
chr10_88604599_88604600	chr10	88604599	88604600	0	False	NA
chr10_88605547_88605548	chr10	88605547	88605548	0	False	NA
chr10_88665562_88665563	chr10	88665562	88665563	0	False	NA
chr10_88678230_88678231	chr10	88678230	88678231	0	False	NA
chr10_88743721_88743722	chr10	88743721	88743722	0	False	NA
chr10_88770377_88770378	chr10	88770377	88770378	0	False	NA
chr10_88774797_88774798	chr10	88774797	88774798	0	False	NA
chr10_88819498_88819499	chr10	88819498	88819499	0	False	NA
chr10_88824602_88824603	chr10	88824602	88824603	0	False	NA
chr10_88935596_88935597	chr10	88935596	88935597	0	False	NA
chr10_89223899_89223900	chr10	89223899	89223900	27	False	NA
chr10_89443117_89443118	chr10	89443117	89443118	0	False	NA
chr10_89534907_89534908	chr10	89534907	89534908	5	False	NA
chr10_89592858_89592859	chr10	89592858	89592859	1425	True	39
chr10_89702957_89702958	chr10	89702957	89702958	5	False	NA
chr10_89717080_89717081	chr10	89717080	89717081	29	False	NA
chr10_89717922_89717923	chr10	89717922	89717923	24	False	NA
chr10_89719234_89719235	chr10	89719234	89719235	53	True	39
chr10_89728738_89728739	chr10	89728738	89728739	12	False	NA
chr10_89740558_89740559	chr10	89740558	89740559	57	True	39
chr10_89742328_89742329	chr10	89742328	89742329	7	False	NA
chr10_89755922_89755923	chr10	89755922	89755923	27	False	NA
chr10_89766131_89766132	chr10	89766131	89766132	107	True	39
chr10_90875108_90875109	chr10	90875108	90875109	54	True	39
chr10_90876359_90876360	chr10	90876359	90876360	49	True	39
chr10_90896017_90896018	chr10	90896017	90896018	66	True	39
chr10_90896228_90896229	chr10	90896228	90896229	97	True	39
chr10_91245723_91245724	chr10	91245723	91245724	14	False	NA
chr10_91268541_91268542	chr10	91268541	91268542	72	True	39
chr10_91830093_91830094	chr10	91830093	91830094	129	True	39
chr10_91831658_91831659	chr10	91831658	91831659	0	False	NA
chr10_91842967_91842968	chr10	91842967	91842968	83	True	39
chr10_91850798_91850799	chr10	91850798	91850799	11	False	NA
chr10_91862437_91862438	chr10	91862437	91862438	106	True	39
chr10_91936860_91936861	chr10	91936860	91936861	23	False	NA
chr10_92022239_92022240	chr10	92022239	92022240	13	False	NA
chr10_92608878_92608879	chr10	92608878	92608879	103	True	39
chr10_92630063_92630064	chr10	92630063	92630064	14	False	NA
chr10_92636105_92636106	chr10	92636105	92636106	36	False	NA
chr10_92936923_92936924	chr10	92936923	92936924	0	False	NA
chr10_92952025_92952026	chr10	92952025	92952026	6	False	NA
chr10_93057916_93057917	chr10	93057916	93057917	0	False	NA
chr10_93066951_93066952	chr10	93066951	93066952	0	False	NA
chr10_93503852_93503853	chr10	93503852	93503853	16	False	NA
chr10_94235219_94235220	chr10	94235219	94235220	0	False	NA
chr10_94253286_94253287	chr10	94253286	94253287	0	False	NA
chr10_94260124_94260125	chr10	94260124	94260125	0	False	NA
chr10_94284795_94284796	chr10	94284795	94284796	0	False	NA
chr10_94323538_94323539	chr10	94323538	94323539	0	False	NA
chr10_94336298_94336299	chr10	94336298	94336299	5	False	NA
chr10_94340088_94340089	chr10	94340088	94340089	0	False	NA
chr10_94346092_94346093	chr10	94346092	94346093	11	False	NA
chr10_94348633_94348634	chr10	94348633	94348634	0	False	NA
chr10_94361318_94361319	chr10	94361318	94361319	102	True	39
chr10_94504934_94504935	chr10	94504934	94504935	13	False	NA
chr10_94507506_94507507	chr10	94507506	94507507	34	False	NA
chr10_94524967_94524968	chr10	94524967	94524968	0	False	NA
chr10_94546241_94546242	chr10	94546241	94546242	5	False	NA
chr10_94550929_94550930	chr10	94550929	94550930	0	False	NA
chr10_94562547_94562548	chr10	94562547	94562548	53	True	39
chr10_94572355_94572356	chr10	94572355	94572356	153	True	39
chr10_94576274_94576275	chr10	94576274	94576275	94	True	39
chr10_94588051_94588052	chr10	94588051	94588052	540	True	39
chr10_94733612_94733613	chr10	94733612	94733613	0	False	NA
chr10_95038600_95038601	chr10	95038600	95038601	0	False	NA
chr10_95040651_95040652	chr10	95040651	95040652	0	False	NA
chr10_95045542_95045543	chr10	95045542	95045543	0	False	NA
chr10_95045552_95045553	chr10	95045552	95045553	0	False	NA
chr10_95208638_95208639	chr10	95208638	95208639	0	False	NA
chr10_95343729_95343730	chr10	95343729	95343730	0	False	NA
chr10_95408324_95408325	chr10	95408324	95408325	0	False	NA
chr10_95435806_95435807	chr10	95435806	95435807	0	False	NA
chr10_95626994_95626995	chr10	95626994	95626995	83	True	39
chr10_95634820_95634821	chr10	95634820	95634821	38	False	NA
chr10_95681895_95681896	chr10	95681895	95681896	0	False	NA
chr10_96007606_96007607	chr10	96007606	96007607	0	False	NA
chr10_96205898_96205899	chr10	96205898	96205899	0	False	NA
chr10_96207712_96207713	chr10	96207712	96207713	0	False	NA
chr10_96224463_96224464	chr10	96224463	96224464	0	False	NA
chr10_96322907_96322908	chr10	96322907	96322908	0	False	NA
chr10_96335447_96335448	chr10	96335447	96335448	0	False	NA
chr10_96423795_96423796	chr10	96423795	96423796	0	False	NA
chr10_96529900_96529901	chr10	96529900	96529901	126	True	39
chr10_96531194_96531195	chr10	96531194	96531195	88	True	39
chr10_96553090_96553091	chr10	96553090	96553091	652	True	39
chr10_96650249_96650250	chr10	96650249	96650250	0	False	NA
chr10_97041279_97041280	chr10	97041279	97041280	0	False	NA
chr10_97227290_97227291	chr10	97227290	97227291	18	False	NA
chr10_97240890_97240891	chr10	97240890	97240891	90	True	39
chr10_97469448_97469449	chr10	97469448	97469449	36	False	NA
chr10_97864816_97864817	chr10	97864816	97864817	0	False	NA
chr10_98253225_98253226	chr10	98253225	98253226	0	False	NA
chr10_98261146_98261147	chr10	98261146	98261147	0	False	NA
chr10_98393083_98393084	chr10	98393083	98393084	13	False	NA
chr10_98394971_98394972	chr10	98394971	98394972	5	False	NA
chr10_98428476_98428477	chr10	98428476	98428477	36	False	NA
chr10_98486208_98486209	chr10	98486208	98486209	0	False	NA
chr10_99362111_99362112	chr10	99362111	99362112	6	False	NA
chr10_99362991_99362992	chr10	99362991	99362992	0	False	NA
chr10_99404133_99404134	chr10	99404133	99404134	44	True	39
chr10_99533646_99533647	chr10	99533646	99533647	0	False	NA
chr10_99652290_99652291	chr10	99652290	99652291	0	False	NA
chr10_99688207_99688208	chr10	99688207	99688208	11	False	NA
chr10_99700228_99700229	chr10	99700228	99700229	5	False	NA
chr10_99701564_99701565	chr10	99701564	99701565	0	False	NA
chr10_99784128_99784129	chr10	99784128	99784129	0	False	NA
chr10_99796857_99796858	chr10	99796857	99796858	5581	True	22
chr10_99798777_99798778	chr10	99798777	99798778	472	True	39
chr10_99803969_99803970	chr10	99803969	99803970	1913	True	39
chr10_99804685_99804686	chr10	99804685	99804686	1034	True	39
chr10_99817195_99817196	chr10	99817195	99817196	15677	True	9
chr10_99850401_99850402	chr10	99850401	99850402	27	False	NA
chr10_99901636_99901637	chr10	99901636	99901637	0	False	NA
chr10_100076497_100076498	chr10	100076497	100076498	0	False	NA
chr10_100246197_100246198	chr10	100246197	100246198	34	False	NA
chr10_100261537_100261538	chr10	100261537	100261538	15	False	NA
chr10_100329634_100329635	chr10	100329634	100329635	0	False	NA
chr10_100348406_100348407	chr10	100348406	100348407	5760	True	32
chr10_100352867_100352868	chr10	100352867	100352868	603	True	39
chr10_100480650_100480651	chr10	100480650	100480651	0	False	NA
chr10_100915068_100915069	chr10	100915068	100915069	299	True	39
chr10_100927604_100927605	chr10	100927604	100927605	141	True	39
chr10_100951588_100951589	chr10	100951588	100951589	38	False	NA
chr10_101027467_101027468	chr10	101027467	101027468	0	False	NA
chr10_101531757_101531758	chr10	101531757	101531758	0	False	NA
chr10_101535352_101535353	chr10	101535352	101535353	18	False	NA
chr10_101993010_101993011	chr10	101993010	101993011	5	False	NA
chr10_102259628_102259629	chr10	102259628	102259629	0	False	NA
chr10_102351748_102351749	chr10	102351748	102351749	148	True	39
chr10_102351753_102351754	chr10	102351753	102351754	192	True	39
chr10_102469874_102469875	chr10	102469874	102469875	0	False	NA
chr10_102469882_102469883	chr10	102469882	102469883	0	False	NA
chr10_102484553_102484554	chr10	102484553	102484554	16	False	NA
chr10_102874345_102874346	chr10	102874345	102874346	0	False	NA
chr10_103093446_103093447	chr10	103093446	103093447	67	True	39
chr10_103095047_103095048	chr10	103095047	103095048	50	True	39
chr10_103368599_103368600	chr10	103368599	103368600	29	False	NA
chr10_103413114_103413115	chr10	103413114	103413115	467	True	39
chr10_103418794_103418795	chr10	103418794	103418795	0	False	NA
chr10_103442063_103442064	chr10	103442063	103442064	134	True	39
chr10_103443824_103443825	chr10	103443824	103443825	115	True	39
chr10_103443836_103443837	chr10	103443836	103443837	115	True	39
chr10_103476866_103476867	chr10	103476866	103476867	0	False	NA
chr10_103549980_103549981	chr10	103549980	103549981	0	False	NA
chr10_103585355_103585356	chr10	103585355	103585356	0	False	NA
chr10_103616406_103616407	chr10	103616406	103616407	73	True	39
chr10_103625432_103625433	chr10	103625432	103625433	57	True	39
chr10_103666550_103666551	chr10	103666550	103666551	16	False	NA
chr10_103994911_103994912	chr10	103994911	103994912	12	False	NA
chr10_104019171_104019172	chr10	104019171	104019172	52	True	39
chr10_104037139_104037140	chr10	104037139	104037140	0	False	NA
chr10_104053368_104053369	chr10	104053368	104053369	0	False	NA
chr10_104064264_104064265	chr10	104064264	104064265	0	False	NA
chr10_104072289_104072290	chr10	104072289	104072290	0	False	NA
chr10_104074714_104074715	chr10	104074714	104074715	0	False	NA
chr10_104082899_104082900	chr10	104082899	104082900	0	False	NA
chr10_104085280_104085281	chr10	104085280	104085281	0	False	NA
chr10_104131601_104131602	chr10	104131601	104131602	0	False	NA
chr10_104132772_104132773	chr10	104132772	104132773	0	False	NA
chr10_104142544_104142545	chr10	104142544	104142545	0	False	NA
chr10_104161373_104161374	chr10	104161373	104161374	0	False	NA
chr10_104168946_104168947	chr10	104168946	104168947	0	False	NA
chr10_104179588_104179589	chr10	104179588	104179589	0	False	NA
chr10_104181309_104181310	chr10	104181309	104181310	0	False	NA
chr10_104186631_104186632	chr10	104186631	104186632	0	False	NA
chr10_104209750_104209751	chr10	104209750	104209751	0	False	NA
chr10_104257482_104257483	chr10	104257482	104257483	51	True	39
chr10_104266818_104266819	chr10	104266818	104266819	12	False	NA
chr10_104363997_104363998	chr10	104363997	104363998	0	False	NA
chr10_104370596_104370597	chr10	104370596	104370597	0	False	NA
chr10_104373924_104373925	chr10	104373924	104373925	0	False	NA
chr10_104377262_104377263	chr10	104377262	104377263	0	False	NA
chr10_104450822_104450823	chr10	104450822	104450823	0	False	NA
chr10_105261834_105261835	chr10	105261834	105261835	0	False	NA
chr10_106627833_106627834	chr10	106627833	106627834	0	False	NA
chr10_106672467_106672468	chr10	106672467	106672468	0	False	NA
chr10_106677830_106677831	chr10	106677830	106677831	0	False	NA
chr10_106678318_106678319	chr10	106678318	106678319	0	False	NA
chr10_109870464_109870465	chr10	109870464	109870465	0	False	NA
chr10_110116207_110116208	chr10	110116207	110116208	241	True	39
chr10_110119010_110119011	chr10	110119010	110119011	381	True	39
chr10_110125505_110125506	chr10	110125505	110125506	10	False	NA
chr10_110582809_110582810	chr10	110582809	110582810	57	True	39
chr10_110782085_110782086	chr10	110782085	110782086	6	False	NA
chr10_110878484_110878485	chr10	110878484	110878485	207	True	39
chr10_110881962_110881963	chr10	110881962	110881963	135	True	39
chr10_112160314_112160315	chr10	112160314	112160315	169	True	39
chr10_112296676_112296677	chr10	112296676	112296677	0	False	NA
chr10_112443868_112443869	chr10	112443868	112443869	0	False	NA
chr10_113579703_113579704	chr10	113579703	113579704	0	False	NA
chr10_113584107_113584108	chr10	113584107	113584108	0	False	NA
chr10_113611412_113611413	chr10	113611412	113611413	0	False	NA
chr10_113612618_113612619	chr10	113612618	113612619	0	False	NA
chr10_113631274_113631275	chr10	113631274	113631275	0	False	NA
chr10_113641194_113641195	chr10	113641194	113641195	0	False	NA
chr10_113780443_113780444	chr10	113780443	113780444	0	False	NA
chr10_113836500_113836501	chr10	113836500	113836501	47	True	39
chr10_113879822_113879823	chr10	113879822	113879823	27	False	NA
chr10_114128625_114128626	chr10	114128625	114128626	13	False	NA
chr10_114131544_114131545	chr10	114131544	114131545	16	False	NA
chr10_114135307_114135308	chr10	114135307	114135308	21	False	NA
chr10_114141719_114141720	chr10	114141719	114141720	10	False	NA
chr10_114189562_114189563	chr10	114189562	114189563	0	False	NA
chr10_114212370_114212371	chr10	114212370	114212371	0	False	NA
chr10_114224113_114224114	chr10	114224113	114224114	0	False	NA
chr10_114224119_114224120	chr10	114224119	114224120	0	False	NA
chr10_114226980_114226981	chr10	114226980	114226981	0	False	NA
chr10_114336470_114336471	chr10	114336470	114336471	0	False	NA
chr10_114436534_114436535	chr10	114436534	114436535	9	False	NA
chr10_114450140_114450141	chr10	114450140	114450141	122	True	39
chr10_114473162_114473163	chr10	114473162	114473163	86	True	39
chr10_114490249_114490250	chr10	114490249	114490250	0	False	NA
chr10_114853031_114853032	chr10	114853031	114853032	12	False	NA
chr10_114972787_114972788	chr10	114972787	114972788	6	False	NA
chr10_115165011_115165012	chr10	115165011	115165012	0	False	NA
chr10_115265646_115265647	chr10	115265646	115265647	0	False	NA
chr10_116065161_116065162	chr10	116065161	116065162	0	False	NA
chr10_116092014_116092015	chr10	116092014	116092015	0	False	NA
chr10_116443244_116443245	chr10	116443244	116443245	0	False	NA
chr10_116456791_116456792	chr10	116456791	116456792	0	False	NA
chr10_116466818_116466819	chr10	116466818	116466819	0	False	NA
chr10_116471062_116471063	chr10	116471062	116471063	0	False	NA
chr10_116550489_116550490	chr10	116550489	116550490	0	False	NA
chr10_116550718_116550719	chr10	116550718	116550719	0	False	NA
chr10_116553564_116553565	chr10	116553564	116553565	0	False	NA
chr10_116555071_116555072	chr10	116555071	116555072	0	False	NA
chr10_116913408_116913409	chr10	116913408	116913409	49	True	39
chr10_118041063_118041064	chr10	118041063	118041064	0	False	NA
chr10_118729782_118729783	chr10	118729782	118729783	60	True	39
chr10_119037529_119037530	chr10	119037529	119037530	220	True	39
chr10_119059981_119059982	chr10	119059981	119059982	11288	True	35
chr10_119063061_119063062	chr10	119063061	119063062	43	True	39
chr10_119155439_119155440	chr10	119155439	119155440	0	False	NA
chr10_119156840_119156841	chr10	119156840	119156841	99	True	39
chr10_119162499_119162500	chr10	119162499	119162500	89	True	39
chr10_119163369_119163370	chr10	119163369	119163370	27	False	NA
chr10_119425694_119425695	chr10	119425694	119425695	38	False	NA
chr10_119797313_119797314	chr10	119797313	119797314	0	False	NA
chr10_119841652_119841653	chr10	119841652	119841653	20	False	NA
chr10_119914185_119914186	chr10	119914185	119914186	18	False	NA
chr10_119916454_119916455	chr10	119916454	119916455	12	False	NA
chr10_119920315_119920316	chr10	119920315	119920316	9	False	NA
chr10_120515683_120515684	chr10	120515683	120515684	0	False	NA
chr10_120520745_120520746	chr10	120520745	120520746	0	False	NA
chr10_120520749_120520750	chr10	120520749	120520750	0	False	NA
chr10_121503099_121503100	chr10	121503099	121503100	0	False	NA
chr10_121840139_121840140	chr10	121840139	121840140	0	False	NA
chr10_121903950_121903951	chr10	121903950	121903951	0	False	NA
chr10_122274378_122274379	chr10	122274378	122274379	0	False	NA
chr10_122290951_122290952	chr10	122290951	122290952	0	False	NA
chr10_122330515_122330516	chr10	122330515	122330516	0	False	NA
chr10_122336880_122336881	chr10	122336880	122336881	29	False	NA
chr10_122408042_122408043	chr10	122408042	122408043	145	True	39
chr10_122415709_122415710	chr10	122415709	122415710	10	False	NA
chr10_122428502_122428503	chr10	122428502	122428503	1007	True	39
chr10_122570385_122570386	chr10	122570385	122570386	0	False	NA
chr10_122572695_122572696	chr10	122572695	122572696	0	False	NA
chr10_122834174_122834175	chr10	122834174	122834175	5	False	NA
chr10_122840967_122840968	chr10	122840967	122840968	0	False	NA
chr10_122986453_122986454	chr10	122986453	122986454	5	False	NA
chr10_122989939_122989940	chr10	122989939	122989940	6	False	NA
chr10_123051968_123051969	chr10	123051968	123051969	299	True	39
chr10_123768722_123768723	chr10	123768722	123768723	0	False	NA
chr10_123768978_123768979	chr10	123768978	123768979	0	False	NA
chr10_124821698_124821699	chr10	124821698	124821699	0	False	NA
chr10_124970776_124970777	chr10	124970776	124970777	97	True	39
chr10_124980885_124980886	chr10	124980885	124980886	15	False	NA
chr10_124995580_124995581	chr10	124995580	124995581	18	False	NA
chr10_125734860_125734861	chr10	125734860	125734861	6	False	NA
chr10_125736953_125736954	chr10	125736953	125736954	5	False	NA
chr10_125810207_125810208	chr10	125810207	125810208	0	False	NA
chr10_125831958_125831959	chr10	125831958	125831959	39	False	NA
chr10_125833740_125833741	chr10	125833740	125833741	371	True	39
chr10_125840401_125840402	chr10	125840401	125840402	0	False	NA
chr10_125852981_125852982	chr10	125852981	125852982	0	False	NA
chr10_125990557_125990558	chr10	125990557	125990558	0	False	NA
chr10_125996134_125996135	chr10	125996134	125996135	0	False	NA
chr10_125996138_125996139	chr10	125996138	125996139	0	False	NA
chr10_125997950_125997951	chr10	125997950	125997951	0	False	NA
chr10_126018225_126018226	chr10	126018225	126018226	0	False	NA
chr10_126944196_126944197	chr10	126944196	126944197	132	True	39
chr10_126984280_126984281	chr10	126984280	126984281	9	False	NA
chr10_126993889_126993890	chr10	126993889	126993890	5	False	NA
chr10_127270071_127270072	chr10	127270071	127270072	0	False	NA
chr10_127409767_127409768	chr10	127409767	127409768	11	False	NA
chr10_127445071_127445072	chr10	127445071	127445072	0	False	NA
chr10_127885067_127885068	chr10	127885067	127885068	0	False	NA
chr10_128114140_128114141	chr10	128114140	128114141	68	True	39
chr10_129844714_129844715	chr10	129844714	129844715	0	False	NA
chr10_130101606_130101607	chr10	130101606	130101607	0	False	NA
chr10_130142418_130142419	chr10	130142418	130142419	77	True	39
chr10_131163414_131163415	chr10	131163414	131163415	0	False	NA
chr10_131938651_131938652	chr10	131938651	131938652	188	True	39
chr10_131938655_131938656	chr10	131938655	131938656	193	True	39
chr10_131938659_131938660	chr10	131938659	131938660	177	True	39
chr10_132135490_132135491	chr10	132135490	132135491	0	False	NA
chr10_132202455_132202456	chr10	132202455	132202456	0	False	NA
chr10_132708559_132708560	chr10	132708559	132708560	0	False	NA
chr10_132781505_132781506	chr10	132781505	132781506	0	False	NA
chr10_132919762_132919763	chr10	132919762	132919763	0	False	NA
chr10_133268996_133268997	chr10	133268996	133268997	20	False	NA
chr10_133327348_133327349	chr10	133327348	133327349	0	False	NA
chr10_133330038_133330039	chr10	133330038	133330039	0	False	NA
chr10_133363225_133363226	chr10	133363225	133363226	19	False	NA
chr10_133387649_133387650	chr10	133387649	133387650	0	False	NA
chr10_133400889_133400890	chr10	133400889	133400890	1113	True	39
chr10_133532608_133532609	chr10	133532608	133532609	0	False	NA
chr11_217838_217839	chr11	217838	217839	0	False	NA
chr11_372829_372830	chr11	372829	372830	1825	True	39
chr11_454361_454362	chr11	454361	454362	353	True	39
chr11_549127_549128	chr11	549127	549128	0	False	NA
chr11_551901_551902	chr11	551901	551902	6	False	NA
chr11_606126_606127	chr11	606126	606127	125	True	39
chr11_639646_639647	chr11	639646	639647	691	True	39
chr11_678407_678408	chr11	678407	678408	101	True	39
chr11_687468_687469	chr11	687468	687469	0	False	NA
chr11_687474_687475	chr11	687474	687475	0	False	NA
chr11_714673_714674	chr11	714673	714674	157	True	39
chr11_721461_721462	chr11	721461	721462	1122	True	39
chr11_820135_820136	chr11	820135	820136	6360	True	39
chr11_883352_883353	chr11	883352	883353	337	True	39
chr11_971939_971940	chr11	971939	971940	59	True	39
chr11_1200436_1200437	chr11	1200436	1200437	0	False	NA
chr11_1839212_1839213	chr11	1839212	1839213	0	False	NA
chr11_1880372_1880373	chr11	1880372	1880373	0	False	NA
chr11_1951990_1951991	chr11	1951990	1951991	0	False	NA
chr11_2168241_2168242	chr11	2168241	2168242	0	False	NA
chr11_2269212_2269213	chr11	2269212	2269213	0	False	NA
chr11_2307708_2307709	chr11	2307708	2307709	155	True	39
chr11_2311036_2311037	chr11	2311036	2311037	112	True	39
chr11_2317823_2317824	chr11	2317823	2317824	72	True	39
chr11_2412316_2412317	chr11	2412316	2412317	0	False	NA
chr11_3012690_3012691	chr11	3012690	3012691	24	False	NA
chr11_3091483_3091484	chr11	3091483	3091484	0	False	NA
chr11_3102899_3102900	chr11	3102899	3102900	0	False	NA
chr11_3229080_3229081	chr11	3229080	3229081	0	False	NA
chr11_3708374_3708375	chr11	3708374	3708375	106	True	39
chr11_3709282_3709283	chr11	3709282	3709283	146	True	39
chr11_4107626_4107627	chr11	4107626	4107627	149	True	39
chr11_4122350_4122351	chr11	4122350	4122351	8	False	NA
chr11_4126181_4126182	chr11	4126181	4126182	18	False	NA
chr11_4990009_4990010	chr11	4990009	4990010	0	False	NA
chr11_5609273_5609274	chr11	5609273	5609274	0	False	NA
chr11_5642077_5642078	chr11	5642077	5642078	0	False	NA
chr11_6397691_6397692	chr11	6397691	6397692	0	False	NA
chr11_6509583_6509584	chr11	6509583	6509584	0	False	NA
chr11_6602886_6602887	chr11	6602886	6602887	154	True	39
chr11_6603183_6603184	chr11	6603183	6603184	82	True	39
chr11_6624868_6624869	chr11	6624868	6624869	0	False	NA
chr11_7045215_7045216	chr11	7045215	7045216	0	False	NA
chr11_7050344_7050345	chr11	7050344	7050345	0	False	NA
chr11_7055572_7055573	chr11	7055572	7055573	0	False	NA
chr11_7629177_7629178	chr11	7629177	7629178	11	False	NA
chr11_7634854_7634855	chr11	7634854	7634855	11	False	NA
chr11_7691084_7691085	chr11	7691084	7691085	0	False	NA
chr11_7701876_7701877	chr11	7701876	7701877	0	False	NA
chr11_8090302_8090303	chr11	8090302	8090303	10	False	NA
chr11_8098049_8098050	chr11	8098049	8098050	0	False	NA
chr11_8456648_8456649	chr11	8456648	8456649	0	False	NA
chr11_8457074_8457075	chr11	8457074	8457075	0	False	NA
chr11_8473546_8473547	chr11	8473546	8473547	0	False	NA
chr11_8622155_8622156	chr11	8622155	8622156	10	False	NA
chr11_8623160_8623161	chr11	8623160	8623161	15	False	NA
chr11_8699598_8699599	chr11	8699598	8699599	15	False	NA
chr11_8920561_8920562	chr11	8920561	8920562	0	False	NA
chr11_9053241_9053242	chr11	9053241	9053242	0	False	NA
chr11_9054575_9054576	chr11	9054575	9054576	0	False	NA
chr11_9091097_9091098	chr11	9091097	9091098	0	False	NA
chr11_9150276_9150277	chr11	9150276	9150277	217	True	39
chr11_9205277_9205278	chr11	9205277	9205278	5	False	NA
chr11_9288166_9288167	chr11	9288166	9288167	1008	True	39
chr11_9291160_9291161	chr11	9291160	9291161	674	True	39
chr11_9414900_9414901	chr11	9414900	9414901	52	True	39
chr11_9419133_9419134	chr11	9419133	9419134	298	True	39
chr11_9423314_9423315	chr11	9423314	9423315	91	True	39
chr11_9428302_9428303	chr11	9428302	9428303	91	True	39
chr11_9436190_9436191	chr11	9436190	9436191	949	True	39
chr11_9472235_9472236	chr11	9472235	9472236	0	False	NA
chr11_9726470_9726471	chr11	9726470	9726471	7	False	NA
chr11_9736842_9736843	chr11	9736842	9736843	5	False	NA
chr11_9745048_9745049	chr11	9745048	9745049	0	False	NA
chr11_9749680_9749681	chr11	9749680	9749681	0	False	NA
chr11_9786450_9786451	chr11	9786450	9786451	0	False	NA
chr11_9789927_9789928	chr11	9789927	9789928	0	False	NA
chr11_9789950_9789951	chr11	9789950	9789951	0	False	NA
chr11_9831852_9831853	chr11	9831852	9831853	59	True	39
chr11_9835796_9835797	chr11	9835796	9835797	0	False	NA
chr11_9847270_9847271	chr11	9847270	9847271	7	False	NA
chr11_10028897_10028898	chr11	10028897	10028898	63	True	39
chr11_10519793_10519794	chr11	10519793	10519794	81	True	39
chr11_10567243_10567244	chr11	10567243	10567244	0	False	NA
chr11_10579974_10579975	chr11	10579974	10579975	28	False	NA
chr11_10625462_10625463	chr11	10625462	10625463	0	False	NA
chr11_10763344_10763345	chr11	10763344	10763345	37	False	NA
chr11_10800392_10800393	chr11	10800392	10800393	0	False	NA
chr11_11920833_11920834	chr11	11920833	11920834	202	True	39
chr11_11925789_11925790	chr11	11925789	11925790	14	False	NA
chr11_11929875_11929876	chr11	11929875	11929876	102	True	39
chr11_11934587_11934588	chr11	11934587	11934588	0	False	NA
chr11_11966593_11966594	chr11	11966593	11966594	0	False	NA
chr11_12474224_12474225	chr11	12474224	12474225	0	False	NA
chr11_12675014_12675015	chr11	12675014	12675015	581	True	39
chr11_12881324_12881325	chr11	12881324	12881325	0	False	NA
chr11_13375199_13375200	chr11	13375199	13375200	0	False	NA
chr11_13376309_13376310	chr11	13376309	13376310	0	False	NA
chr11_13493238_13493239	chr11	13493238	13493239	0	False	NA
chr11_13695194_13695195	chr11	13695194	13695195	38	False	NA
chr11_13710020_13710021	chr11	13710020	13710021	73	True	39
chr11_14076414_14076415	chr11	14076414	14076415	0	False	NA
chr11_14254955_14254956	chr11	14254955	14254956	0	False	NA
chr11_14279880_14279881	chr11	14279880	14279881	89	True	39
chr11_14461681_14461682	chr11	14461681	14461682	16	False	NA
chr11_14475230_14475231	chr11	14475230	14475231	0	False	NA
chr11_14476040_14476041	chr11	14476040	14476041	168	True	39
chr11_14477772_14477773	chr11	14477772	14477773	220	True	39
chr11_14506594_14506595	chr11	14506594	14506595	21	False	NA
chr11_14832507_14832508	chr11	14832507	14832508	11	False	NA
chr11_14879808_14879809	chr11	14879808	14879809	61	True	39
chr11_14971262_14971263	chr11	14971262	14971263	0	False	NA
chr11_15176319_15176320	chr11	15176319	15176320	0	False	NA
chr11_15238884_15238885	chr11	15238884	15238885	0	False	NA
chr11_16746557_16746558	chr11	16746557	16746558	66	True	39
chr11_16754688_16754689	chr11	16754688	16754689	18	False	NA
chr11_17102062_17102063	chr11	17102062	17102063	11	False	NA
chr11_17118953_17118954	chr11	17118953	17118954	41	True	39
chr11_17355695_17355696	chr11	17355695	17355696	32	False	NA
chr11_17370404_17370405	chr11	17370404	17370405	111	True	39
chr11_17397819_17397820	chr11	17397819	17397820	0	False	NA
chr11_17400096_17400097	chr11	17400096	17400097	0	False	NA
chr11_17403180_17403181	chr11	17403180	17403181	0	False	NA
chr11_17465047_17465048	chr11	17465047	17465048	0	False	NA
chr11_17499067_17499068	chr11	17499067	17499068	0	False	NA
chr11_17595140_17595141	chr11	17595140	17595141	0	False	NA
chr11_18006939_18006940	chr11	18006939	18006940	113	True	39
chr11_18031705_18031706	chr11	18031705	18031706	7	False	NA
chr11_18087511_18087512	chr11	18087511	18087512	46	True	39
chr11_18133993_18133994	chr11	18133993	18133994	0	False	NA
chr11_18289143_18289144	chr11	18289143	18289144	28	False	NA
chr11_18306385_18306386	chr11	18306385	18306386	60	True	39
chr11_18336404_18336405	chr11	18336404	18336405	20	False	NA
chr11_18435572_18435573	chr11	18435572	18435573	0	False	NA
chr11_18464865_18464866	chr11	18464865	18464866	0	False	NA
chr11_18516275_18516276	chr11	18516275	18516276	19	False	NA
chr11_18561471_18561472	chr11	18561471	18561472	0	False	NA
chr11_18566539_18566540	chr11	18566539	18566540	11	False	NA
chr11_18573826_18573827	chr11	18573826	18573827	0	False	NA
chr11_18603667_18603668	chr11	18603667	18603668	38	False	NA
chr11_18712716_18712717	chr11	18712716	18712717	0	False	NA
chr11_18712721_18712722	chr11	18712721	18712722	0	False	NA
chr11_18715042_18715043	chr11	18715042	18715043	0	False	NA
chr11_18715046_18715047	chr11	18715046	18715047	0	False	NA
chr11_19154789_19154790	chr11	19154789	19154790	0	False	NA
chr11_19164058_19164059	chr11	19164058	19164059	85	True	39
chr11_19164065_19164066	chr11	19164065	19164066	85	True	39
chr11_19237150_19237151	chr11	19237150	19237151	32	False	NA
chr11_19383696_19383697	chr11	19383696	19383697	0	False	NA
chr11_20051939_20051940	chr11	20051939	20051940	69	True	39
chr11_20057115_20057116	chr11	20057115	20057116	22	False	NA
chr11_20068576_20068577	chr11	20068576	20068577	59	True	39
chr11_20094087_20094088	chr11	20094087	20094088	0	False	NA
chr11_20101769_20101770	chr11	20101769	20101770	0	False	NA
chr11_20382637_20382638	chr11	20382637	20382638	0	False	NA
chr11_20388643_20388644	chr11	20388643	20388644	18	False	NA
chr11_20390589_20390590	chr11	20390589	20390590	30	False	NA
chr11_20392756_20392757	chr11	20392756	20392757	174	True	39
chr11_20394777_20394778	chr11	20394777	20394778	5	False	NA
chr11_22114002_22114003	chr11	22114002	22114003	0	False	NA
chr11_22229169_22229170	chr11	22229169	22229170	0	False	NA
chr11_22272609_22272610	chr11	22272609	22272610	0	False	NA
chr11_22341102_22341103	chr11	22341102	22341103	0	False	NA
chr11_22342276_22342277	chr11	22342276	22342277	0	False	NA
chr11_24982504_24982505	chr11	24982504	24982505	0	False	NA
chr11_26538004_26538005	chr11	26538004	26538005	0	False	NA
chr11_26561524_26561525	chr11	26561524	26561525	0	False	NA
chr11_26694483_26694484	chr11	26694483	26694484	0	False	NA
chr11_26714061_26714062	chr11	26714061	26714062	0	False	NA
chr11_27056399_27056400	chr11	27056399	27056400	0	False	NA
chr11_27118358_27118359	chr11	27118358	27118359	0	False	NA
chr11_27374104_27374105	chr11	27374104	27374105	112	True	39
chr11_27383658_27383659	chr11	27383658	27383659	154	True	39
chr11_28060996_28060997	chr11	28060996	28060997	0	False	NA
chr11_28081335_28081336	chr11	28081335	28081336	11	False	NA
chr11_28096676_28096677	chr11	28096676	28096677	35	False	NA
chr11_28296501_28296502	chr11	28296501	28296502	61	True	39
chr11_31264777_31264778	chr11	31264777	31264778	0	False	NA
chr11_31429879_31429880	chr11	31429879	31429880	0	False	NA
chr11_32597012_32597013	chr11	32597012	32597013	35	False	NA
chr11_32637672_32637673	chr11	32637672	32637673	0	False	NA
chr11_32956644_32956645	chr11	32956644	32956645	47	True	39
chr11_32957753_32957754	chr11	32957753	32957754	68	True	39
chr11_32966168_32966169	chr11	32966168	32966169	12	False	NA
chr11_32971383_32971384	chr11	32971383	32971384	30	False	NA
chr11_33061500_33061501	chr11	33061500	33061501	163	True	39
chr11_33087830_33087831	chr11	33087830	33087831	8	False	NA
chr11_33091065_33091066	chr11	33091065	33091066	8	False	NA
chr11_33336863_33336864	chr11	33336863	33336864	24	False	NA
chr11_33339682_33339683	chr11	33339682	33339683	7	False	NA
chr11_33340010_33340011	chr11	33340010	33340011	69	True	39
chr11_33340807_33340808	chr11	33340807	33340808	6	False	NA
chr11_33341389_33341390	chr11	33341389	33341390	35	False	NA
chr11_33544540_33544541	chr11	33544540	33544541	0	False	NA
chr11_33546777_33546778	chr11	33546777	33546778	0	False	NA
chr11_33558333_33558334	chr11	33558333	33558334	0	False	NA
chr11_33660146_33660147	chr11	33660146	33660147	0	False	NA
chr11_33666873_33666874	chr11	33666873	33666874	0	False	NA
chr11_33699476_33699477	chr11	33699476	33699477	0	False	NA
chr11_33868754_33868755	chr11	33868754	33868755	38	False	NA
chr11_34073928_34073929	chr11	34073928	34073929	13	False	NA
chr11_34161769_34161770	chr11	34161769	34161770	0	False	NA
chr11_34648692_34648693	chr11	34648692	34648693	0	False	NA
chr11_34891916_34891917	chr11	34891916	34891917	32	False	NA
chr11_35177653_35177654	chr11	35177653	35177654	0	False	NA
chr11_35184454_35184455	chr11	35184454	35184455	0	False	NA
chr11_35202465_35202466	chr11	35202465	35202466	6	False	NA
chr11_35207129_35207130	chr11	35207129	35207130	0	False	NA
chr11_35210180_35210181	chr11	35210180	35210181	0	False	NA
chr11_35288256_35288257	chr11	35288256	35288257	35	False	NA
chr11_35313912_35313913	chr11	35313912	35313913	0	False	NA
chr11_35435045_35435046	chr11	35435045	35435046	0	False	NA
chr11_36403061_36403062	chr11	36403061	36403062	0	False	NA
chr11_36447043_36447044	chr11	36447043	36447044	0	False	NA
chr11_36500571_36500572	chr11	36500571	36500572	5	False	NA
chr11_36564000_36564001	chr11	36564000	36564001	0	False	NA
chr11_36634692_36634693	chr11	36634692	36634693	0	False	NA
chr11_43402391_43402392	chr11	43402391	43402392	266	True	39
chr11_43405218_43405219	chr11	43405218	43405219	25	False	NA
chr11_43411381_43411382	chr11	43411381	43411382	51	True	39
chr11_43448298_43448299	chr11	43448298	43448299	37	False	NA
chr11_43882883_43882884	chr11	43882883	43882884	53	True	39
chr11_44050706_44050707	chr11	44050706	44050707	0	False	NA
chr11_44055347_44055348	chr11	44055347	44055348	0	False	NA
chr11_44588812_44588813	chr11	44588812	44588813	0	False	NA
chr11_45247096_45247097	chr11	45247096	45247097	0	False	NA
chr11_45871460_45871461	chr11	45871460	45871461	0	False	NA
chr11_45926037_45926038	chr11	45926037	45926038	124	True	39
chr11_46723178_46723179	chr11	46723178	46723179	5431	True	20
chr11_46726303_46726304	chr11	46726303	46726304	1054	True	39
chr11_46726988_46726989	chr11	46726988	46726989	2547	True	40
chr11_46733300_46733301	chr11	46733300	46733301	813	True	39
chr11_46733955_46733956	chr11	46733955	46733956	468	True	39
chr11_46748322_46748323	chr11	46748322	46748323	60	True	39
chr11_46868316_46868317	chr11	46868316	46868317	0	False	NA
chr11_46876065_46876066	chr11	46876065	46876066	0	False	NA
chr11_47233138_47233139	chr11	47233138	47233139	97	True	39
chr11_47247096_47247097	chr11	47247096	47247097	0	False	NA
chr11_47285812_47285813	chr11	47285812	47285813	44	True	39
chr11_47341335_47341336	chr11	47341335	47341336	0	False	NA
chr11_47351876_47351877	chr11	47351876	47351877	0	False	NA
chr11_47375426_47375427	chr11	47375426	47375427	6	False	NA
chr11_47486249_47486250	chr11	47486249	47486250	25	False	NA
chr11_47635124_47635125	chr11	47635124	47635125	18	False	NA
chr11_47666519_47666520	chr11	47666519	47666520	0	False	NA
chr11_47686833_47686834	chr11	47686833	47686834	0	False	NA
chr11_47699128_47699129	chr11	47699128	47699129	0	False	NA
chr11_47707240_47707241	chr11	47707240	47707241	0	False	NA
chr11_47719343_47719344	chr11	47719343	47719344	38	False	NA
chr11_47721680_47721681	chr11	47721680	47721681	96	True	39
chr11_47745725_47745726	chr11	47745725	47745726	59	True	39
chr11_47783410_47783411	chr11	47783410	47783411	49	True	39
chr11_47786003_47786004	chr11	47786003	47786004	69	True	39
chr11_47791119_47791120	chr11	47791119	47791120	5	False	NA
chr11_47837623_47837624	chr11	47837623	47837624	372	True	39
chr11_48134914_48134915	chr11	48134914	48134915	0	False	NA
chr11_48146641_48146642	chr11	48146641	48146642	0	False	NA
chr11_48146644_48146645	chr11	48146644	48146645	0	False	NA
chr11_48159006_48159007	chr11	48159006	48159007	0	False	NA
chr11_49155929_49155930	chr11	49155929	49155930	0	False	NA
chr11_49171842_49171843	chr11	49171842	49171843	0	False	NA
chr11_49183788_49183789	chr11	49183788	49183789	0	False	NA
chr11_49190179_49190180	chr11	49190179	49190180	0	False	NA
chr11_49199220_49199221	chr11	49199220	49199221	0	False	NA
chr11_49200947_49200948	chr11	49200947	49200948	0	False	NA
chr11_55889636_55889637	chr11	55889636	55889637	0	False	NA
chr11_57184419_57184420	chr11	57184419	57184420	0	False	NA
chr11_57814759_57814760	chr11	57814759	57814760	39	False	NA
chr11_58527819_58527820	chr11	58527819	58527820	28	False	NA
chr11_58550790_58550791	chr11	58550790	58550791	7	False	NA
chr11_58714549_58714550	chr11	58714549	58714550	0	False	NA
chr11_58839296_58839297	chr11	58839296	58839297	0	False	NA
chr11_58955501_58955502	chr11	58955501	58955502	0	False	NA
chr11_59088895_59088896	chr11	59088895	59088896	0	False	NA
chr11_59594862_59594863	chr11	59594862	59594863	15	False	NA
chr11_59650626_59650627	chr11	59650626	59650627	35	False	NA
chr11_59657079_59657080	chr11	59657079	59657080	101	True	39
chr11_59790393_59790394	chr11	59790393	59790394	31	False	NA
chr11_59794610_59794611	chr11	59794610	59794611	101	True	39
chr11_59833656_59833657	chr11	59833656	59833657	0	False	NA
chr11_59844082_59844083	chr11	59844082	59844083	0	False	NA
chr11_59863540_59863541	chr11	59863540	59863541	0	False	NA
chr11_60030165_60030166	chr11	60030165	60030166	0	False	NA
chr11_60095047_60095048	chr11	60095047	60095048	0	False	NA
chr11_60179214_60179215	chr11	60179214	60179215	0	False	NA
chr11_60179351_60179352	chr11	60179351	60179352	0	False	NA
chr11_60430497_60430498	chr11	60430497	60430498	0	False	NA
chr11_60432048_60432049	chr11	60432048	60432049	0	False	NA
chr11_60497125_60497126	chr11	60497125	60497126	0	False	NA
chr11_60506185_60506186	chr11	60506185	60506186	0	False	NA
chr11_60715308_60715309	chr11	60715308	60715309	14	False	NA
chr11_60773390_60773391	chr11	60773390	60773391	0	False	NA
chr11_60790023_60790024	chr11	60790023	60790024	0	False	NA
chr11_60791372_60791373	chr11	60791372	60791373	0	False	NA
chr11_60791670_60791671	chr11	60791670	60791671	0	False	NA
chr11_60797421_60797422	chr11	60797421	60797422	0	False	NA
chr11_61010046_61010047	chr11	61010046	61010047	0	False	NA
chr11_61274219_61274220	chr11	61274219	61274220	259	True	39
chr11_61344032_61344033	chr11	61344032	61344033	644	True	39
chr11_61344841_61344842	chr11	61344841	61344842	98	True	39
chr11_61407459_61407460	chr11	61407459	61407460	230	True	39
chr11_61739297_61739298	chr11	61739297	61739298	34	False	NA
chr11_61769579_61769580	chr11	61769579	61769580	69	True	39
chr11_61770113_61770114	chr11	61770113	61770114	252	True	39
chr11_61859519_61859520	chr11	61859519	61859520	7	False	NA
chr11_62139818_62139819	chr11	62139818	62139819	5	False	NA
chr11_62209465_62209466	chr11	62209465	62209466	0	False	NA
chr11_62566537_62566538	chr11	62566537	62566538	130	True	39
chr11_62980272_62980273	chr11	62980272	62980273	0	False	NA
chr11_63296306_63296307	chr11	63296306	63296307	0	False	NA
chr11_63406899_63406900	chr11	63406899	63406900	10	False	NA
chr11_63463938_63463939	chr11	63463938	63463939	0	False	NA
chr11_63512012_63512013	chr11	63512012	63512013	0	False	NA
chr11_63559178_63559179	chr11	63559178	63559179	0	False	NA
chr11_63562615_63562616	chr11	63562615	63562616	0	False	NA
chr11_63594464_63594465	chr11	63594464	63594465	0	False	NA
chr11_63632036_63632037	chr11	63632036	63632037	0	False	NA
chr11_63635840_63635841	chr11	63635840	63635841	71	True	39
chr11_63635843_63635844	chr11	63635843	63635844	79	True	39
chr11_63635846_63635847	chr11	63635846	63635847	79	True	39
chr11_63902959_63902960	chr11	63902959	63902960	81	True	39
chr11_63953497_63953498	chr11	63953497	63953498	0	False	NA
chr11_63976084_63976085	chr11	63976084	63976085	69	True	39
chr11_64082853_64082854	chr11	64082853	64082854	0	False	NA
chr11_64203033_64203034	chr11	64203033	64203034	1130	True	39
chr11_64341597_64341598	chr11	64341597	64341598	0	False	NA
chr11_64564906_64564907	chr11	64564906	64564907	0	False	NA
chr11_64626114_64626115	chr11	64626114	64626115	0	False	NA
chr11_64667787_64667788	chr11	64667787	64667788	0	False	NA
chr11_64752099_64752100	chr11	64752099	64752100	0	False	NA
chr11_64799714_64799715	chr11	64799714	64799715	15	False	NA
chr11_64908794_64908795	chr11	64908794	64908795	6	False	NA
chr11_64943573_64943574	chr11	64943573	64943574	0	False	NA
chr11_64949962_64949963	chr11	64949962	64949963	0	False	NA
chr11_64993472_64993473	chr11	64993472	64993473	0	False	NA
chr11_65020323_65020324	chr11	65020323	65020324	47	True	39
chr11_65210561_65210562	chr11	65210561	65210562	45	True	39
chr11_65277142_65277143	chr11	65277142	65277143	140	True	39
chr11_65383263_65383264	chr11	65383263	65383264	0	False	NA
chr11_65405335_65405336	chr11	65405335	65405336	7	False	NA
chr11_65647225_65647226	chr11	65647225	65647226	93	True	39
chr11_65850605_65850606	chr11	65850605	65850606	0	False	NA
chr11_65918709_65918710	chr11	65918709	65918710	62	True	39
chr11_65949272_65949273	chr11	65949272	65949273	0	False	NA
chr11_66000954_66000955	chr11	66000954	66000955	0	False	NA
chr11_66044470_66044471	chr11	66044470	66044471	0	False	NA
chr11_66061510_66061511	chr11	66061510	66061511	102	True	39
chr11_66366364_66366365	chr11	66366364	66366365	675	True	39
chr11_66491173_66491174	chr11	66491173	66491174	5	False	NA
chr11_66617680_66617681	chr11	66617680	66617681	4134	True	39
chr11_66814692_66814693	chr11	66814692	66814693	0	False	NA
chr11_66817285_66817286	chr11	66817285	66817286	0	False	NA
chr11_67218113_67218114	chr11	67218113	67218114	5	False	NA
chr11_67248675_67248676	chr11	67248675	67248676	50	True	39
chr11_67284808_67284809	chr11	67284808	67284809	279	True	39
chr11_67292313_67292314	chr11	67292313	67292314	363	True	39
chr11_67418340_67418341	chr11	67418340	67418341	0	False	NA
chr11_67495846_67495847	chr11	67495846	67495847	0	False	NA
chr11_67631997_67631998	chr11	67631997	67631998	0	False	NA
chr11_68044688_68044689	chr11	68044688	68044689	308	True	39
chr11_68044698_68044699	chr11	68044698	68044699	288	True	39
chr11_68048792_68048793	chr11	68048792	68048793	437	True	39
chr11_68062743_68062744	chr11	68062743	68062744	52	True	39
chr11_68161945_68161946	chr11	68161945	68161946	0	False	NA
chr11_68175779_68175780	chr11	68175779	68175780	25	False	NA
chr11_68187548_68187549	chr11	68187548	68187549	35	False	NA
chr11_68440646_68440647	chr11	68440646	68440647	73	True	39
chr11_68553799_68553800	chr11	68553799	68553800	407	True	39
chr11_68575861_68575862	chr11	68575861	68575862	1229	True	39
chr11_68576638_68576639	chr11	68576638	68576639	200	True	39
chr11_68586259_68586260	chr11	68586259	68586260	110	True	39
chr11_68739820_68739821	chr11	68739820	68739821	0	False	NA
chr11_68744436_68744437	chr11	68744436	68744437	30	False	NA
chr11_68745776_68745777	chr11	68745776	68745777	59	True	39
chr11_68797166_68797167	chr11	68797166	68797167	12	False	NA
chr11_68810499_68810500	chr11	68810499	68810500	11	False	NA
chr11_68934084_68934085	chr11	68934084	68934085	6	False	NA
chr11_68936120_68936121	chr11	68936120	68936121	23	False	NA
chr11_69066534_69066535	chr11	69066534	69066535	418	True	39
chr11_69083713_69083714	chr11	69083713	69083714	641	True	39
chr11_69104196_69104197	chr11	69104196	69104197	44	True	39
chr11_70113642_70113643	chr11	70113642	70113643	0	False	NA
chr11_70155720_70155721	chr11	70155720	70155721	0	False	NA
chr11_70155724_70155725	chr11	70155724	70155725	0	False	NA
chr11_70156166_70156167	chr11	70156166	70156167	0	False	NA
chr11_70163281_70163282	chr11	70163281	70163282	0	False	NA
chr11_70181919_70181920	chr11	70181919	70181920	0	False	NA
chr11_70320294_70320295	chr11	70320294	70320295	11	False	NA
chr11_70338349_70338350	chr11	70338349	70338350	732	True	39
chr11_70344305_70344306	chr11	70344305	70344306	0	False	NA
chr11_70373073_70373074	chr11	70373073	70373074	0	False	NA
chr11_70377871_70377872	chr11	70377871	70377872	83	True	39
chr11_70382674_70382675	chr11	70382674	70382675	8	False	NA
chr11_70408558_70408559	chr11	70408558	70408559	508	True	39
chr11_70434050_70434051	chr11	70434050	70434051	28	False	NA
chr11_71444532_71444533	chr11	71444532	71444533	21	False	NA
chr11_71473957_71473958	chr11	71473957	71473958	0	False	NA
chr11_71483150_71483151	chr11	71483150	71483151	0	False	NA
chr11_71495148_71495149	chr11	71495148	71495149	0	False	NA
chr11_71986120_71986121	chr11	71986120	71986121	122	True	39
chr11_72307701_72307702	chr11	72307701	72307702	0	False	NA
chr11_72985676_72985677	chr11	72985676	72985677	0	False	NA
chr11_73884127_73884128	chr11	73884127	73884128	27	False	NA
chr11_73890122_73890123	chr11	73890122	73890123	0	False	NA
chr11_73890137_73890138	chr11	73890137	73890138	0	False	NA
chr11_73919404_73919405	chr11	73919404	73919405	9	False	NA
chr11_74094518_74094519	chr11	74094518	74094519	6	False	NA
chr11_74096136_74096137	chr11	74096136	74096137	0	False	NA
chr11_74100270_74100271	chr11	74100270	74100271	0	False	NA
chr11_74100274_74100275	chr11	74100274	74100275	0	False	NA
chr11_74251785_74251786	chr11	74251785	74251786	99	True	39
chr11_74267595_74267596	chr11	74267595	74267596	0	False	NA
chr11_74305085_74305086	chr11	74305085	74305086	0	False	NA
chr11_74605359_74605360	chr11	74605359	74605360	5	False	NA
chr11_74702369_74702370	chr11	74702369	74702370	0	False	NA
chr11_74860153_74860154	chr11	74860153	74860154	22	False	NA
chr11_74861162_74861163	chr11	74861162	74861163	5	False	NA
chr11_74928521_74928522	chr11	74928521	74928522	41	True	39
chr11_74966448_74966449	chr11	74966448	74966449	82	True	39
chr11_74967362_74967363	chr11	74967362	74967363	45	True	39
chr11_74968027_74968028	chr11	74968027	74968028	40	True	39
chr11_74973166_74973167	chr11	74973166	74973167	119	True	39
chr11_75171741_75171742	chr11	75171741	75171742	0	False	NA
chr11_75457195_75457196	chr11	75457195	75457196	0	False	NA
chr11_75596644_75596645	chr11	75596644	75596645	8	False	NA
chr11_75596822_75596823	chr11	75596822	75596823	0	False	NA
chr11_75776182_75776183	chr11	75776182	75776183	0	False	NA
chr11_76005429_76005430	chr11	76005429	76005430	6	False	NA
chr11_76195254_76195255	chr11	76195254	76195255	0	False	NA
chr11_76451291_76451292	chr11	76451291	76451292	34	False	NA
chr11_76456436_76456437	chr11	76456436	76456437	21	False	NA
chr11_76527741_76527742	chr11	76527741	76527742	0	False	NA
chr11_76537031_76537032	chr11	76537031	76537032	45	True	39
chr11_76549248_76549249	chr11	76549248	76549249	17	False	NA
chr11_77160132_77160133	chr11	77160132	77160133	31	False	NA
chr11_77191781_77191782	chr11	77191781	77191782	125	True	39
chr11_77197314_77197315	chr11	77197314	77197315	0	False	NA
chr11_77197667_77197668	chr11	77197667	77197668	9	False	NA
chr11_77274074_77274075	chr11	77274074	77274075	0	False	NA
chr11_77336355_77336356	chr11	77336355	77336356	6	False	NA
chr11_77336359_77336360	chr11	77336359	77336360	6	False	NA
chr11_77355021_77355022	chr11	77355021	77355022	0	False	NA
chr11_77374909_77374910	chr11	77374909	77374910	5	False	NA
chr11_77677372_77677373	chr11	77677372	77677373	18	False	NA
chr11_77687463_77687464	chr11	77687463	77687464	17	False	NA
chr11_77694319_77694320	chr11	77694319	77694320	226	True	39
chr11_77699780_77699781	chr11	77699780	77699781	43	True	39
chr11_77896893_77896894	chr11	77896893	77896894	10	False	NA
chr11_77921170_77921171	chr11	77921170	77921171	0	False	NA
chr11_78112911_78112912	chr11	78112911	78112912	88	True	39
chr11_78198696_78198697	chr11	78198696	78198697	148	True	39
chr11_78198717_78198718	chr11	78198717	78198718	143	True	39
chr11_78222041_78222042	chr11	78222041	78222042	106	True	39
chr11_78562536_78562537	chr11	78562536	78562537	0	False	NA
chr11_78660411_78660412	chr11	78660411	78660412	0	False	NA
chr11_78670616_78670617	chr11	78670616	78670617	0	False	NA
chr11_78724807_78724808	chr11	78724807	78724808	0	False	NA
chr11_78729689_78729690	chr11	78729689	78729690	0	False	NA
chr11_83161943_83161944	chr11	83161943	83161944	397	True	39
chr11_83226163_83226164	chr11	83226163	83226164	0	False	NA
chr11_83241632_83241633	chr11	83241632	83241633	9	False	NA
chr11_83275282_83275283	chr11	83275282	83275283	6	False	NA
chr11_83281102_83281103	chr11	83281102	83281103	0	False	NA
chr11_83470917_83470918	chr11	83470917	83470918	0	False	NA
chr11_83535090_83535091	chr11	83535090	83535091	0	False	NA
chr11_85635457_85635458	chr11	85635457	85635458	50	True	39
chr11_85703163_85703164	chr11	85703163	85703164	0	False	NA
chr11_85736039_85736040	chr11	85736039	85736040	0	False	NA
chr11_85736057_85736058	chr11	85736057	85736058	0	False	NA
chr11_85746001_85746002	chr11	85746001	85746002	0	False	NA
chr11_85884451_85884452	chr11	85884451	85884452	0	False	NA
chr11_85884456_85884457	chr11	85884456	85884457	0	False	NA
chr11_85917994_85917995	chr11	85917994	85917995	0	False	NA
chr11_86005437_86005438	chr11	86005437	86005438	529	True	39
chr11_86005439_86005440	chr11	86005439	86005440	1307	True	39
chr11_86024359_86024360	chr11	86024359	86024360	309	True	39
chr11_86028727_86028728	chr11	86028727	86028728	134	True	39
chr11_86257019_86257020	chr11	86257019	86257020	284	True	39
chr11_86262351_86262352	chr11	86262351	86262352	28	False	NA
chr11_86273789_86273790	chr11	86273789	86273790	69	True	39
chr11_86396641_86396642	chr11	86396641	86396642	0	False	NA
chr11_86411575_86411576	chr11	86411575	86411576	0	False	NA
chr11_86411579_86411580	chr11	86411579	86411580	0	False	NA
chr11_86557951_86557952	chr11	86557951	86557952	0	False	NA
chr11_86835345_86835346	chr11	86835345	86835346	0	False	NA
chr11_86836492_86836493	chr11	86836492	86836493	0	False	NA
chr11_87069349_87069350	chr11	87069349	87069350	6	False	NA
chr11_87069677_87069678	chr11	87069677	87069678	5	False	NA
chr11_87250826_87250827	chr11	87250826	87250827	86	True	39
chr11_87296136_87296137	chr11	87296136	87296137	44	True	39
chr11_87307201_87307202	chr11	87307201	87307202	0	False	NA
chr11_88294828_88294829	chr11	88294828	88294829	6	False	NA
chr11_88311109_88311110	chr11	88311109	88311110	22	False	NA
chr11_89341782_89341783	chr11	89341782	89341783	0	False	NA
chr11_89401723_89401724	chr11	89401723	89401724	0	False	NA
chr11_89446173_89446174	chr11	89446173	89446174	0	False	NA
chr11_89449848_89449849	chr11	89449848	89449849	0	False	NA
chr11_89716544_89716545	chr11	89716544	89716545	0	False	NA
chr11_90147743_90147744	chr11	90147743	90147744	0	False	NA
chr11_90165367_90165368	chr11	90165367	90165368	22	False	NA
chr11_90175715_90175716	chr11	90175715	90175716	0	False	NA
chr11_90176626_90176627	chr11	90176626	90176627	0	False	NA
chr11_90214906_90214907	chr11	90214906	90214907	80	True	39
chr11_90214977_90214978	chr11	90214977	90214978	69	True	39
chr11_90216902_90216903	chr11	90216902	90216903	197	True	39
chr11_92808453_92808454	chr11	92808453	92808454	0	False	NA
chr11_92833275_92833276	chr11	92833275	92833276	0	False	NA
chr11_92834298_92834299	chr11	92834298	92834299	0	False	NA
chr11_92857803_92857804	chr11	92857803	92857804	0	False	NA
chr11_93161792_93161793	chr11	93161792	93161793	6	False	NA
chr11_93359993_93359994	chr11	93359993	93359994	0	False	NA
chr11_93386809_93386810	chr11	93386809	93386810	0	False	NA
chr11_93388442_93388443	chr11	93388442	93388443	0	False	NA
chr11_93395145_93395146	chr11	93395145	93395146	0	False	NA
chr11_93668190_93668191	chr11	93668190	93668191	22	False	NA
chr11_93684358_93684359	chr11	93684358	93684359	10	False	NA
chr11_93702774_93702775	chr11	93702774	93702775	233	True	39
chr11_93791134_93791135	chr11	93791134	93791135	48	True	39
chr11_94078156_94078157	chr11	94078156	94078157	0	False	NA
chr11_94105843_94105844	chr11	94105843	94105844	0	False	NA
chr11_94129552_94129553	chr11	94129552	94129553	21	False	NA
chr11_94432235_94432236	chr11	94432235	94432236	0	False	NA
chr11_94436879_94436880	chr11	94436879	94436880	5	False	NA
chr11_94461238_94461239	chr11	94461238	94461239	195	True	39
chr11_94468240_94468241	chr11	94468240	94468241	16	False	NA
chr11_94470000_94470001	chr11	94470000	94470001	44	True	39
chr11_94494657_94494658	chr11	94494657	94494658	0	False	NA
chr11_94515043_94515044	chr11	94515043	94515044	0	False	NA
chr11_94568439_94568440	chr11	94568439	94568440	0	False	NA
chr11_94599624_94599625	chr11	94599624	94599625	0	False	NA
chr11_94608022_94608023	chr11	94608022	94608023	0	False	NA
chr11_94608026_94608027	chr11	94608026	94608027	0	False	NA
chr11_94616883_94616884	chr11	94616883	94616884	0	False	NA
chr11_95785387_95785388	chr11	95785387	95785388	17	False	NA
chr11_95813428_95813429	chr11	95813428	95813429	230	True	39
chr11_95839216_95839217	chr11	95839216	95839217	5	False	NA
chr11_100192903_100192904	chr11	100192903	100192904	0	False	NA
chr11_100971497_100971498	chr11	100971497	100971498	0	False	NA
chr11_100985958_100985959	chr11	100985958	100985959	0	False	NA
chr11_101474917_101474918	chr11	101474917	101474918	0	False	NA
chr11_101478005_101478006	chr11	101478005	101478006	0	False	NA
chr11_101915882_101915883	chr11	101915882	101915883	0	False	NA
chr11_101947848_101947849	chr11	101947848	101947849	0	False	NA
chr11_101983465_101983466	chr11	101983465	101983466	0	False	NA
chr11_101990497_101990498	chr11	101990497	101990498	0	False	NA
chr11_102076456_102076457	chr11	102076456	102076457	0	False	NA
chr11_102611302_102611303	chr11	102611302	102611303	0	False	NA
chr11_102611311_102611312	chr11	102611311	102611312	0	False	NA
chr11_102622360_102622361	chr11	102622360	102622361	0	False	NA
chr11_102697317_102697318	chr11	102697317	102697318	0	False	NA
chr11_102792447_102792448	chr11	102792447	102792448	0	False	NA
chr11_102866843_102866844	chr11	102866843	102866844	0	False	NA
chr11_102946777_102946778	chr11	102946777	102946778	0	False	NA
chr11_102952531_102952532	chr11	102952531	102952532	9	False	NA
chr11_103115875_103115876	chr11	103115875	103115876	5	False	NA
chr11_103122288_103122289	chr11	103122288	103122289	49	True	39
chr11_103130039_103130040	chr11	103130039	103130040	14	False	NA
chr11_103150607_103150608	chr11	103150607	103150608	5	False	NA
chr11_103187917_103187918	chr11	103187917	103187918	9	False	NA
chr11_103192000_103192001	chr11	103192000	103192001	54	True	39
chr11_103206841_103206842	chr11	103206841	103206842	7	False	NA
chr11_103229305_103229306	chr11	103229305	103229306	0	False	NA
chr11_103236321_103236322	chr11	103236321	103236322	83	True	39
chr11_103245111_103245112	chr11	103245111	103245112	0	False	NA
chr11_104996331_104996332	chr11	104996331	104996332	0	False	NA
chr11_105004768_105004769	chr11	105004768	105004769	0	False	NA
chr11_105095274_105095275	chr11	105095274	105095275	0	False	NA
chr11_105095833_105095834	chr11	105095833	105095834	0	False	NA
chr11_105159155_105159156	chr11	105159155	105159156	0	False	NA
chr11_105263869_105263870	chr11	105263869	105263870	0	False	NA
chr11_106091093_106091094	chr11	106091093	106091094	22	False	NA
chr11_107335845_107335846	chr11	107335845	107335846	0	False	NA
chr11_107442215_107442216	chr11	107442215	107442216	0	False	NA
chr11_107511112_107511113	chr11	107511112	107511113	8	False	NA
chr11_107550882_107550883	chr11	107550882	107550883	20	False	NA
chr11_107557600_107557601	chr11	107557600	107557601	0	False	NA
chr11_107805093_107805094	chr11	107805093	107805094	14	False	NA
chr11_107815655_107815656	chr11	107815655	107815656	16	False	NA
chr11_108053987_108053988	chr11	108053987	108053988	133	True	39
chr11_108095241_108095242	chr11	108095241	108095242	7	False	NA
chr11_108173961_108173962	chr11	108173961	108173962	32	False	NA
chr11_108195307_108195308	chr11	108195307	108195308	6	False	NA
chr11_108249787_108249788	chr11	108249787	108249788	0	False	NA
chr11_108270481_108270482	chr11	108270481	108270482	121	True	39
chr11_108281343_108281344	chr11	108281343	108281344	8	False	NA
chr11_108478355_108478356	chr11	108478355	108478356	0	False	NA
chr11_108481697_108481698	chr11	108481697	108481698	0	False	NA
chr11_108481758_108481759	chr11	108481758	108481759	0	False	NA
chr11_110163770_110163771	chr11	110163770	110163771	0	False	NA
chr11_110234035_110234036	chr11	110234035	110234036	0	False	NA
chr11_110251952_110251953	chr11	110251952	110251953	69	True	39
chr11_110254295_110254296	chr11	110254295	110254296	46	True	39
chr11_110274815_110274816	chr11	110274815	110274816	0	False	NA
chr11_110626447_110626448	chr11	110626447	110626448	0	False	NA
chr11_111282734_111282735	chr11	111282734	111282735	0	False	NA
chr11_111282739_111282740	chr11	111282739	111282740	0	False	NA
chr11_111301998_111301999	chr11	111301998	111301999	177	True	39
chr11_111544433_111544434	chr11	111544433	111544434	0	False	NA
chr11_111555205_111555206	chr11	111555205	111555206	0	False	NA
chr11_111703162_111703163	chr11	111703162	111703163	77	True	39
chr11_111859581_111859582	chr11	111859581	111859582	104	True	39
chr11_111864246_111864247	chr11	111864246	111864247	6	False	NA
chr11_111867300_111867301	chr11	111867300	111867301	7	False	NA
chr11_111877213_111877214	chr11	111877213	111877214	0	False	NA
chr11_111967944_111967945	chr11	111967944	111967945	0	False	NA
chr11_111995673_111995674	chr11	111995673	111995674	7	False	NA
chr11_112167548_112167549	chr11	112167548	112167549	0	False	NA
chr11_112199964_112199965	chr11	112199964	112199965	0	False	NA
chr11_112217284_112217285	chr11	112217284	112217285	0	False	NA
chr11_112250737_112250738	chr11	112250737	112250738	0	False	NA
chr11_112259274_112259275	chr11	112259274	112259275	0	False	NA
chr11_113258294_113258295	chr11	113258294	113258295	0	False	NA
chr11_113344085_113344086	chr11	113344085	113344086	0	False	NA
chr11_113351966_113351967	chr11	113351966	113351967	0	False	NA
chr11_113351970_113351971	chr11	113351970	113351971	0	False	NA
chr11_113360986_113360987	chr11	113360986	113360987	0	False	NA
chr11_113734504_113734505	chr11	113734504	113734505	0	False	NA
chr11_113739042_113739043	chr11	113739042	113739043	0	False	NA
chr11_113762311_113762312	chr11	113762311	113762312	0	False	NA
chr11_113804058_113804059	chr11	113804058	113804059	5	False	NA
chr11_113945848_113945849	chr11	113945848	113945849	0	False	NA
chr11_113980349_113980350	chr11	113980349	113980350	0	False	NA
chr11_113989031_113989032	chr11	113989031	113989032	0	False	NA
chr11_114395687_114395688	chr11	114395687	114395688	0	False	NA
chr11_114530063_114530064	chr11	114530063	114530064	0	False	NA
chr11_114571737_114571738	chr11	114571737	114571738	0	False	NA
chr11_114701075_114701076	chr11	114701075	114701076	0	False	NA
chr11_115177092_115177093	chr11	115177092	115177093	0	False	NA
chr11_116756227_116756228	chr11	116756227	116756228	11	False	NA
chr11_116763362_116763363	chr11	116763362	116763363	22	False	NA
chr11_116853062_116853063	chr11	116853062	116853063	73	True	39
chr11_116870948_116870949	chr11	116870948	116870949	0	False	NA
chr11_117161833_117161834	chr11	117161833	117161834	16	False	NA
chr11_117234492_117234493	chr11	117234492	117234493	110	True	39
chr11_117343526_117343527	chr11	117343526	117343527	5	False	NA
chr11_117431798_117431799	chr11	117431798	117431799	0	False	NA
chr11_117449764_117449765	chr11	117449764	117449765	0	False	NA
chr11_117457970_117457971	chr11	117457970	117457971	0	False	NA
chr11_117517920_117517921	chr11	117517920	117517921	0	False	NA
chr11_117988596_117988597	chr11	117988596	117988597	0	False	NA
chr11_118198243_118198244	chr11	118198243	118198244	0	False	NA
chr11_118207675_118207676	chr11	118207675	118207676	16	False	NA
chr11_118350526_118350527	chr11	118350526	118350527	0	False	NA
chr11_118385285_118385286	chr11	118385285	118385286	0	False	NA
chr11_118507354_118507355	chr11	118507354	118507355	31	False	NA
chr11_118520976_118520977	chr11	118520976	118520977	0	False	NA
chr11_118545853_118545854	chr11	118545853	118545854	26	False	NA
chr11_118611138_118611139	chr11	118611138	118611139	61	True	39
chr11_118656443_118656444	chr11	118656443	118656444	0	False	NA
chr11_118762484_118762485	chr11	118762484	118762485	133	True	39
chr11_119051363_119051364	chr11	119051363	119051364	777	True	39
chr11_119068375_119068376	chr11	119068375	119068376	194	True	39
chr11_119109342_119109343	chr11	119109342	119109343	0	False	NA
chr11_119287249_119287250	chr11	119287249	119287250	5	False	NA
chr11_119357689_119357690	chr11	119357689	119357690	16	False	NA
chr11_119678143_119678144	chr11	119678143	119678144	0	False	NA
chr11_120113710_120113711	chr11	120113710	120113711	0	False	NA
chr11_120243225_120243226	chr11	120243225	120243226	0	False	NA
chr11_120299977_120299978	chr11	120299977	120299978	0	False	NA
chr11_120315359_120315360	chr11	120315359	120315360	0	False	NA
chr11_120461729_120461730	chr11	120461729	120461730	5	False	NA
chr11_120963209_120963210	chr11	120963209	120963210	0	False	NA
chr11_120963621_120963622	chr11	120963621	120963622	0	False	NA
chr11_121111504_121111505	chr11	121111504	121111505	0	False	NA
chr11_121140897_121140898	chr11	121140897	121140898	0	False	NA
chr11_121513681_121513682	chr11	121513681	121513682	0	False	NA
chr11_121521384_121521385	chr11	121521384	121521385	15	False	NA
chr11_121547891_121547892	chr11	121547891	121547892	29	False	NA
chr11_121557567_121557568	chr11	121557567	121557568	14	False	NA
chr11_121558561_121558562	chr11	121558561	121558562	1122	True	39
chr11_121578244_121578245	chr11	121578244	121578245	46	True	39
chr11_122799809_122799810	chr11	122799809	122799810	0	False	NA
chr11_122799820_122799821	chr11	122799820	122799821	0	False	NA
chr11_122800213_122800214	chr11	122800213	122800214	0	False	NA
chr11_122851455_122851456	chr11	122851455	122851456	0	False	NA
chr11_122856014_122856015	chr11	122856014	122856015	0	False	NA
chr11_123084041_123084042	chr11	123084041	123084042	0	False	NA
chr11_123605784_123605785	chr11	123605784	123605785	0	False	NA
chr11_123615696_123615697	chr11	123615696	123615697	0	False	NA
chr11_124136358_124136359	chr11	124136358	124136359	21	False	NA
chr11_124617111_124617112	chr11	124617111	124617112	0	False	NA
chr11_124652244_124652245	chr11	124652244	124652245	0	False	NA
chr11_124657332_124657333	chr11	124657332	124657333	0	False	NA
chr11_124751310_124751311	chr11	124751310	124751311	0	False	NA
chr11_124751941_124751942	chr11	124751941	124751942	0	False	NA
chr11_124774393_124774394	chr11	124774393	124774394	0	False	NA
chr11_124875430_124875431	chr11	124875430	124875431	0	False	NA
chr11_124895685_124895686	chr11	124895685	124895686	0	False	NA
chr11_124958829_124958830	chr11	124958829	124958830	0	False	NA
chr11_124958836_124958837	chr11	124958836	124958837	0	False	NA
chr11_124983345_124983346	chr11	124983345	124983346	52	True	39
chr11_124988277_124988278	chr11	124988277	124988278	23	False	NA
chr11_125040178_125040179	chr11	125040178	125040179	12	False	NA
chr11_125570986_125570987	chr11	125570986	125570987	0	False	NA
chr11_125583320_125583321	chr11	125583320	125583321	31	False	NA
chr11_125605824_125605825	chr11	125605824	125605825	266	True	39
chr11_125609175_125609176	chr11	125609175	125609176	83	True	39
chr11_125619672_125619673	chr11	125619672	125619673	31	False	NA
chr11_125630954_125630955	chr11	125630954	125630955	0	False	NA
chr11_125748073_125748074	chr11	125748073	125748074	0	False	NA
chr11_125908130_125908131	chr11	125908130	125908131	0	False	NA
chr11_125909256_125909257	chr11	125909256	125909257	0	False	NA
chr11_125920087_125920088	chr11	125920087	125920088	0	False	NA
chr11_126022983_126022984	chr11	126022983	126022984	5	False	NA
chr11_126207405_126207406	chr11	126207405	126207406	54	True	39
chr11_126240162_126240163	chr11	126240162	126240163	0	False	NA
chr11_126253832_126253833	chr11	126253832	126253833	0	False	NA
chr11_126290759_126290760	chr11	126290759	126290760	11	False	NA
chr11_126411867_126411868	chr11	126411867	126411868	0	False	NA
chr11_126445451_126445452	chr11	126445451	126445452	0	False	NA
chr11_128462975_128462976	chr11	128462975	128462976	0	False	NA
chr11_128808239_128808240	chr11	128808239	128808240	0	False	NA
chr11_128866775_128866776	chr11	128866775	128866776	0	False	NA
chr11_128941501_128941502	chr11	128941501	128941502	0	False	NA
chr11_128979984_128979985	chr11	128979984	128979985	0	False	NA
chr11_129065096_129065097	chr11	129065096	129065097	9	False	NA
chr11_129124287_129124288	chr11	129124287	129124288	0	False	NA
chr11_129871708_129871709	chr11	129871708	129871709	293	True	39
chr11_129881273_129881274	chr11	129881273	129881274	6	False	NA
chr11_129936740_129936741	chr11	129936740	129936741	8	False	NA
chr11_130413403_130413404	chr11	130413403	130413404	0	False	NA
chr11_130472838_130472839	chr11	130472838	130472839	0	False	NA
chr11_133841317_133841318	chr11	133841317	133841318	0	False	NA
chr11_133934081_133934082	chr11	133934081	133934082	0	False	NA
chr11_133937493_133937494	chr11	133937493	133937494	0	False	NA
chr11_134140002_134140003	chr11	134140002	134140003	0	False	NA
chr11_134177752_134177753	chr11	134177752	134177753	12	False	NA
chr11_134178766_134178767	chr11	134178766	134178767	547	True	39
chr11_134184403_134184404	chr11	134184403	134184404	32	False	NA
chr11_134204527_134204528	chr11	134204527	134204528	93	True	39
chr11_134367921_134367922	chr11	134367921	134367922	0	False	NA
chr12_222293_222294	chr12	222293	222294	0	False	NA
chr12_290422_290423	chr12	290422	290423	0	False	NA
chr12_309519_309520	chr12	309519	309520	69	True	39
chr12_317841_317842	chr12	317841	317842	0	False	NA
chr12_331424_331425	chr12	331424	331425	272	True	39
chr12_355499_355500	chr12	355499	355500	39	False	NA
chr12_386586_386587	chr12	386586	386587	80	True	39
chr12_387997_387998	chr12	387997	387998	15	False	NA
chr12_431762_431763	chr12	431762	431763	18	False	NA
chr12_432214_432215	chr12	432214	432215	45	True	39
chr12_441214_441215	chr12	441214	441215	15	False	NA
chr12_829369_829370	chr12	829369	829370	435	True	39
chr12_829395_829396	chr12	829395	829396	299	True	39
chr12_856945_856946	chr12	856945	856946	48	True	39
chr12_878836_878837	chr12	878836	878837	195	True	39
chr12_887792_887793	chr12	887792	887793	68	True	39
chr12_913629_913630	chr12	913629	913630	0	False	NA
chr12_1182943_1182944	chr12	1182943	1182944	0	False	NA
chr12_1185581_1185582	chr12	1185581	1185582	5	False	NA
chr12_1843543_1843544	chr12	1843543	1843544	0	False	NA
chr12_1875997_1875998	chr12	1875997	1875998	0	False	NA
chr12_2019097_2019098	chr12	2019097	2019098	0	False	NA
chr12_2506696_2506697	chr12	2506696	2506697	0	False	NA
chr12_2583189_2583190	chr12	2583189	2583190	0	False	NA
chr12_2925920_2925921	chr12	2925920	2925921	0	False	NA
chr12_3010929_3010930	chr12	3010929	3010930	338	True	39
chr12_3630041_3630042	chr12	3630041	3630042	0	False	NA
chr12_3656822_3656823	chr12	3656822	3656823	0	False	NA
chr12_3679166_3679167	chr12	3679166	3679167	17	False	NA
chr12_3679643_3679644	chr12	3679643	3679644	0	False	NA
chr12_4490654_4490655	chr12	4490654	4490655	0	False	NA
chr12_4501410_4501411	chr12	4501410	4501411	0	False	NA
chr12_4518531_4518532	chr12	4518531	4518532	16	False	NA
chr12_4527660_4527661	chr12	4527660	4527661	27	False	NA
chr12_4532236_4532237	chr12	4532236	4532237	5	False	NA
chr12_4533448_4533449	chr12	4533448	4533449	0	False	NA
chr12_4540111_4540112	chr12	4540111	4540112	48	True	39
chr12_4547795_4547796	chr12	4547795	4547796	31	False	NA
chr12_4597454_4597455	chr12	4597454	4597455	0	False	NA
chr12_4669435_4669436	chr12	4669435	4669436	17	False	NA
chr12_4724535_4724536	chr12	4724535	4724536	0	False	NA
chr12_4744939_4744940	chr12	4744939	4744940	0	False	NA
chr12_4761444_4761445	chr12	4761444	4761445	0	False	NA
chr12_5613594_5613595	chr12	5613594	5613595	0	False	NA
chr12_5827842_5827843	chr12	5827842	5827843	0	False	NA
chr12_6325811_6325812	chr12	6325811	6325812	0	False	NA
chr12_6459540_6459541	chr12	6459540	6459541	33	False	NA
chr12_6527261_6527262	chr12	6527261	6527262	20	False	NA
chr12_6645157_6645158	chr12	6645157	6645158	0	False	NA
chr12_6684554_6684555	chr12	6684554	6684555	11	False	NA
chr12_6727862_6727863	chr12	6727862	6727863	59	True	39
chr12_6981257_6981258	chr12	6981257	6981258	29	False	NA
chr12_6981274_6981275	chr12	6981274	6981275	29	False	NA
chr12_7134299_7134300	chr12	7134299	7134300	79	True	39
chr12_7136669_7136670	chr12	7136669	7136670	0	False	NA
chr12_7316640_7316641	chr12	7316640	7316641	0	False	NA
chr12_7320407_7320408	chr12	7320407	7320408	0	False	NA
chr12_7322945_7322946	chr12	7322945	7322946	0	False	NA
chr12_7324497_7324498	chr12	7324497	7324498	0	False	NA
chr12_7325183_7325184	chr12	7325183	7325184	0	False	NA
chr12_7486000_7486001	chr12	7486000	7486001	0	False	NA
chr12_7731547_7731548	chr12	7731547	7731548	0	False	NA
chr12_7743920_7743921	chr12	7743920	7743921	0	False	NA
chr12_7790016_7790017	chr12	7790016	7790017	0	False	NA
chr12_7866911_7866912	chr12	7866911	7866912	577	True	39
chr12_8043598_8043599	chr12	8043598	8043599	5	False	NA
chr12_8661181_8661182	chr12	8661181	8661182	0	False	NA
chr12_8844946_8844947	chr12	8844946	8844947	0	False	NA
chr12_8937404_8937405	chr12	8937404	8937405	0	False	NA
chr12_8990080_8990081	chr12	8990080	8990081	0	False	NA
chr12_9100279_9100280	chr12	9100279	9100280	1744	True	39
chr12_9112308_9112309	chr12	9112308	9112309	7391	True	21
chr12_9112634_9112635	chr12	9112634	9112635	4426	True	22
chr12_9149865_9149866	chr12	9149865	9149866	0	False	NA
chr12_9169250_9169251	chr12	9169250	9169251	0	False	NA
chr12_9169254_9169255	chr12	9169254	9169255	0	False	NA
chr12_9842088_9842089	chr12	9842088	9842089	0	False	NA
chr12_9843052_9843053	chr12	9843052	9843053	0	False	NA
chr12_9891378_9891379	chr12	9891378	9891379	0	False	NA
chr12_10008161_10008162	chr12	10008161	10008162	0	False	NA
chr12_10076688_10076689	chr12	10076688	10076689	0	False	NA
chr12_10128314_10128315	chr12	10128314	10128315	0	False	NA
chr12_10220899_10220900	chr12	10220899	10220900	8	False	NA
chr12_10313051_10313052	chr12	10313051	10313052	0	False	NA
chr12_10623000_10623001	chr12	10623000	10623001	0	False	NA
chr12_10706176_10706177	chr12	10706176	10706177	13	False	NA
chr12_12090185_12090186	chr12	12090185	12090186	0	False	NA
chr12_12164004_12164005	chr12	12164004	12164005	5	False	NA
chr12_12182013_12182014	chr12	12182013	12182014	0	False	NA
chr12_12637405_12637406	chr12	12637405	12637406	0	False	NA
chr12_12639801_12639802	chr12	12639801	12639802	0	False	NA
chr12_12827244_12827245	chr12	12827244	12827245	276	True	39
chr12_12942017_12942018	chr12	12942017	12942018	0	False	NA
chr12_13069552_13069553	chr12	13069552	13069553	0	False	NA
chr12_13568605_13568606	chr12	13568605	13568606	0	False	NA
chr12_13570979_13570980	chr12	13570979	13570980	0	False	NA
chr12_13615832_13615833	chr12	13615832	13615833	0	False	NA
chr12_14458296_14458297	chr12	14458296	14458297	57	True	39
chr12_14477998_14477999	chr12	14477998	14477999	50	True	39
chr12_14506017_14506018	chr12	14506017	14506018	6	False	NA
chr12_14536402_14536403	chr12	14536402	14536403	0	False	NA
chr12_14539525_14539526	chr12	14539525	14539526	0	False	NA
chr12_14614968_14614969	chr12	14614968	14614969	0	False	NA
chr12_14615889_14615890	chr12	14615889	14615890	0	False	NA
chr12_14627513_14627514	chr12	14627513	14627514	0	False	NA
chr12_14644010_14644011	chr12	14644010	14644011	0	False	NA
chr12_14675754_14675755	chr12	14675754	14675755	0	False	NA
chr12_14680917_14680918	chr12	14680917	14680918	0	False	NA
chr12_14843940_14843941	chr12	14843940	14843941	0	False	NA
chr12_14979113_14979114	chr12	14979113	14979114	0	False	NA
chr12_15501038_15501039	chr12	15501038	15501039	0	False	NA
chr12_15508003_15508004	chr12	15508003	15508004	0	False	NA
chr12_15510441_15510442	chr12	15510441	15510442	0	False	NA
chr12_15517400_15517401	chr12	15517400	15517401	0	False	NA
chr12_15517786_15517787	chr12	15517786	15517787	0	False	NA
chr12_15525783_15525784	chr12	15525783	15525784	0	False	NA
chr12_15554276_15554277	chr12	15554276	15554277	0	False	NA
chr12_15666543_15666544	chr12	15666543	15666544	118	True	39
chr12_15894728_15894729	chr12	15894728	15894729	7	False	NA
chr12_15960813_15960814	chr12	15960813	15960814	0	False	NA
chr12_16033741_16033742	chr12	16033741	16033742	22	False	NA
chr12_16191355_16191356	chr12	16191355	16191356	0	False	NA
chr12_16217615_16217616	chr12	16217615	16217616	0	False	NA
chr12_16361878_16361879	chr12	16361878	16361879	17	False	NA
chr12_16571143_16571144	chr12	16571143	16571144	0	False	NA
chr12_18284057_18284058	chr12	18284057	18284058	0	False	NA
chr12_18346489_18346490	chr12	18346489	18346490	0	False	NA
chr12_18490311_18490312	chr12	18490311	18490312	0	False	NA
chr12_18493764_18493765	chr12	18493764	18493765	0	False	NA
chr12_18501892_18501893	chr12	18501892	18501893	0	False	NA
chr12_18695833_18695834	chr12	18695833	18695834	0	False	NA
chr12_18702093_18702094	chr12	18702093	18702094	0	False	NA
chr12_19363024_19363025	chr12	19363024	19363025	0	False	NA
chr12_20638228_20638229	chr12	20638228	20638229	0	False	NA
chr12_20651381_20651382	chr12	20651381	20651382	0	False	NA
chr12_20701710_20701711	chr12	20701710	20701711	0	False	NA
chr12_20710116_20710117	chr12	20710116	20710117	12	False	NA
chr12_20716331_20716332	chr12	20716331	20716332	0	False	NA
chr12_20735337_20735338	chr12	20735337	20735338	0	False	NA
chr12_21177139_21177140	chr12	21177139	21177140	0	False	NA
chr12_21301117_21301118	chr12	21301117	21301118	0	False	NA
chr12_21305384_21305385	chr12	21305384	21305385	0	False	NA
chr12_21306152_21306153	chr12	21306152	21306153	0	False	NA
chr12_21442881_21442882	chr12	21442881	21442882	15	False	NA
chr12_21454062_21454063	chr12	21454062	21454063	16	False	NA
chr12_21478982_21478983	chr12	21478982	21478983	10	False	NA
chr12_21488810_21488811	chr12	21488810	21488811	50	True	39
chr12_21527330_21527331	chr12	21527330	21527331	0	False	NA
chr12_21530810_21530811	chr12	21530810	21530811	0	False	NA
chr12_21561478_21561479	chr12	21561478	21561479	0	False	NA
chr12_21563947_21563948	chr12	21563947	21563948	0	False	NA
chr12_21641418_21641419	chr12	21641418	21641419	91	True	39
chr12_21838469_21838470	chr12	21838469	21838470	0	False	NA
chr12_21839714_21839715	chr12	21839714	21839715	0	False	NA
chr12_21848338_21848339	chr12	21848338	21848339	0	False	NA
chr12_21848344_21848345	chr12	21848344	21848345	0	False	NA
chr12_21862493_21862494	chr12	21862493	21862494	0	False	NA
chr12_21907288_21907289	chr12	21907288	21907289	0	False	NA
chr12_21914150_21914151	chr12	21914150	21914151	0	False	NA
chr12_22454436_22454437	chr12	22454436	22454437	0	False	NA
chr12_22475436_22475437	chr12	22475436	22475437	0	False	NA
chr12_22484216_22484217	chr12	22484216	22484217	11	False	NA
chr12_22524075_22524076	chr12	22524075	22524076	18	False	NA
chr12_22672845_22672846	chr12	22672845	22672846	58	True	39
chr12_24843911_24843912	chr12	24843911	24843912	15	False	NA
chr12_25087732_25087733	chr12	25087732	25087733	0	False	NA
chr12_25104465_25104466	chr12	25104465	25104466	10	False	NA
chr12_25110485_25110486	chr12	25110485	25110486	0	False	NA
chr12_25112942_25112943	chr12	25112942	25112943	0	False	NA
chr12_25113261_25113262	chr12	25113261	25113262	0	False	NA
chr12_25114295_25114296	chr12	25114295	25114296	0	False	NA
chr12_25120918_25120919	chr12	25120918	25120919	0	False	NA
chr12_25121118_25121119	chr12	25121118	25121119	0	False	NA
chr12_25147391_25147392	chr12	25147391	25147392	0	False	NA
chr12_25160674_25160675	chr12	25160674	25160675	0	False	NA
chr12_25519248_25519249	chr12	25519248	25519249	0	False	NA
chr12_25525814_25525815	chr12	25525814	25525815	0	False	NA
chr12_26123231_26123232	chr12	26123231	26123232	0	False	NA
chr12_26399236_26399237	chr12	26399236	26399237	0	False	NA
chr12_26475802_26475803	chr12	26475802	26475803	192	True	39
chr12_26600193_26600194	chr12	26600193	26600194	77	True	39
chr12_26657151_26657152	chr12	26657151	26657152	255	True	39
chr12_26658704_26658705	chr12	26658704	26658705	222	True	39
chr12_26659817_26659818	chr12	26659817	26659818	158	True	39
chr12_26664528_26664529	chr12	26664528	26664529	52	True	39
chr12_26684335_26684336	chr12	26684335	26684336	27	False	NA
chr12_26714320_26714321	chr12	26714320	26714321	21	False	NA
chr12_26717716_26717717	chr12	26717716	26717717	566	True	39
chr12_26722703_26722704	chr12	26722703	26722704	193	True	39
chr12_26906517_26906518	chr12	26906517	26906518	98	True	39
chr12_26974665_26974666	chr12	26974665	26974666	0	False	NA
chr12_27303423_27303424	chr12	27303423	27303424	5	False	NA
chr12_27312741_27312742	chr12	27312741	27312742	21	False	NA
chr12_27369042_27369043	chr12	27369042	27369043	0	False	NA
chr12_27383959_27383960	chr12	27383959	27383960	0	False	NA
chr12_27402201_27402202	chr12	27402201	27402202	0	False	NA
chr12_27633710_27633711	chr12	27633710	27633711	0	False	NA
chr12_27655653_27655654	chr12	27655653	27655654	0	False	NA
chr12_27659357_27659358	chr12	27659357	27659358	0	False	NA
chr12_27664112_27664113	chr12	27664112	27664113	0	False	NA
chr12_27668246_27668247	chr12	27668246	27668247	0	False	NA
chr12_27678321_27678322	chr12	27678321	27678322	0	False	NA
chr12_27764372_27764373	chr12	27764372	27764373	0	False	NA
chr12_28306159_28306160	chr12	28306159	28306160	6	False	NA
chr12_28307310_28307311	chr12	28307310	28307311	0	False	NA
chr12_28450736_28450737	chr12	28450736	28450737	0	False	NA
chr12_29364228_29364229	chr12	29364228	29364229	62	True	39
chr12_29433201_29433202	chr12	29433201	29433202	0	False	NA
chr12_29472324_29472325	chr12	29472324	29472325	0	False	NA
chr12_29473652_29473653	chr12	29473652	29473653	0	False	NA
chr12_29490660_29490661	chr12	29490660	29490661	0	False	NA
chr12_29493975_29493976	chr12	29493975	29493976	0	False	NA
chr12_29511529_29511530	chr12	29511529	29511530	0	False	NA
chr12_30657498_30657499	chr12	30657498	30657499	11	False	NA
chr12_30665467_30665468	chr12	30665467	30665468	10	False	NA
chr12_30730568_30730569	chr12	30730568	30730569	5	False	NA
chr12_30736762_30736763	chr12	30736762	30736763	0	False	NA
chr12_31100893_31100894	chr12	31100893	31100894	258	True	39
chr12_31283051_31283052	chr12	31283051	31283052	11	False	NA
chr12_31293460_31293461	chr12	31293460	31293461	58	True	39
chr12_31447980_31447981	chr12	31447980	31447981	5	False	NA
chr12_31454359_31454360	chr12	31454359	31454360	0	False	NA
chr12_31694487_31694488	chr12	31694487	31694488	0	False	NA
chr12_31705883_31705884	chr12	31705883	31705884	5	False	NA
chr12_31990715_31990716	chr12	31990715	31990716	10	False	NA
chr12_32328663_32328664	chr12	32328663	32328664	8	False	NA
chr12_32608851_32608852	chr12	32608851	32608852	0	False	NA
chr12_32626767_32626768	chr12	32626767	32626768	0	False	NA
chr12_32716145_32716146	chr12	32716145	32716146	0	False	NA
chr12_32720199_32720200	chr12	32720199	32720200	67	True	39
chr12_32731608_32731609	chr12	32731608	32731609	5	False	NA
chr12_32741859_32741860	chr12	32741859	32741860	10	False	NA
chr12_32747987_32747988	chr12	32747987	32747988	5	False	NA
chr12_32823506_32823507	chr12	32823506	32823507	9	False	NA
chr12_38689304_38689305	chr12	38689304	38689305	7	False	NA
chr12_38726070_38726071	chr12	38726070	38726071	5	False	NA
chr12_38840299_38840300	chr12	38840299	38840300	0	False	NA
chr12_39313564_39313565	chr12	39313564	39313565	0	False	NA
chr12_39323222_39323223	chr12	39323222	39323223	33	False	NA
chr12_39338622_39338623	chr12	39338622	39338623	72	True	39
chr12_39358044_39358045	chr12	39358044	39358045	0	False	NA
chr12_39577411_39577412	chr12	39577411	39577412	0	False	NA
chr12_39580716_39580717	chr12	39580716	39580717	0	False	NA
chr12_40232119_40232120	chr12	40232119	40232120	0	False	NA
chr12_40236090_40236091	chr12	40236090	40236091	0	False	NA
chr12_40246413_40246414	chr12	40246413	40246414	0	False	NA
chr12_40394705_40394706	chr12	40394705	40394706	0	False	NA
chr12_40463566_40463567	chr12	40463566	40463567	0	False	NA
chr12_40500908_40500909	chr12	40500908	40500909	0	False	NA
chr12_40509271_40509272	chr12	40509271	40509272	0	False	NA
chr12_40513701_40513702	chr12	40513701	40513702	0	False	NA
chr12_40517234_40517235	chr12	40517234	40517235	0	False	NA
chr12_40548228_40548229	chr12	40548228	40548229	0	False	NA
chr12_40553104_40553105	chr12	40553104	40553105	0	False	NA
chr12_40559839_40559840	chr12	40559839	40559840	0	False	NA
chr12_40568869_40568870	chr12	40568869	40568870	35	False	NA
chr12_40935239_40935240	chr12	40935239	40935240	0	False	NA
chr12_41024848_41024849	chr12	41024848	41024849	0	False	NA
chr12_41193055_41193056	chr12	41193055	41193056	0	False	NA
chr12_41508680_41508681	chr12	41508680	41508681	0	False	NA
chr12_41553913_41553914	chr12	41553913	41553914	0	False	NA
chr12_42315449_42315450	chr12	42315449	42315450	9	False	NA
chr12_42352240_42352241	chr12	42352240	42352241	112	True	39
chr12_42388580_42388581	chr12	42388580	42388581	0	False	NA
chr12_42469187_42469188	chr12	42469187	42469188	0	False	NA
chr12_42471681_42471682	chr12	42471681	42471682	0	False	NA
chr12_43431730_43431731	chr12	43431730	43431731	0	False	NA
chr12_43433583_43433584	chr12	43433583	43433584	0	False	NA
chr12_43443117_43443118	chr12	43443117	43443118	0	False	NA
chr12_43452753_43452754	chr12	43452753	43452754	0	False	NA
chr12_43453819_43453820	chr12	43453819	43453820	0	False	NA
chr12_43464869_43464870	chr12	43464869	43464870	0	False	NA
chr12_43771556_43771557	chr12	43771556	43771557	6	False	NA
chr12_43773370_43773371	chr12	43773370	43773371	5	False	NA
chr12_43785060_43785061	chr12	43785060	43785061	0	False	NA
chr12_43796241_43796242	chr12	43796241	43796242	6	False	NA
chr12_43867246_43867247	chr12	43867246	43867247	6	False	NA
chr12_44520834_44520835	chr12	44520834	44520835	0	False	NA
chr12_44778929_44778930	chr12	44778929	44778930	0	False	NA
chr12_45348772_45348773	chr12	45348772	45348773	14	False	NA
chr12_45401757_45401758	chr12	45401757	45401758	116	True	39
chr12_45418339_45418340	chr12	45418339	45418340	5	False	NA
chr12_45421828_45421829	chr12	45421828	45421829	0	False	NA
chr12_45932453_45932454	chr12	45932453	45932454	72	True	39
chr12_46199154_46199155	chr12	46199154	46199155	33	False	NA
chr12_46201659_46201660	chr12	46201659	46201660	169	True	39
chr12_46361397_46361398	chr12	46361397	46361398	194	True	39
chr12_46372217_46372218	chr12	46372217	46372218	6931	True	39
chr12_46768902_46768903	chr12	46768902	46768903	0	False	NA
chr12_47683608_47683609	chr12	47683608	47683609	53	True	39
chr12_47712789_47712790	chr12	47712789	47712790	0	False	NA
chr12_47749859_47749860	chr12	47749859	47749860	0	False	NA
chr12_48047512_48047513	chr12	48047512	48047513	0	False	NA
chr12_48069552_48069553	chr12	48069552	48069553	30	False	NA
chr12_48073785_48073786	chr12	48073785	48073786	34	False	NA
chr12_48095136_48095137	chr12	48095136	48095137	0	False	NA
chr12_48135571_48135572	chr12	48135571	48135572	57	True	39
chr12_48135595_48135596	chr12	48135595	48135596	52	True	39
chr12_48141576_48141577	chr12	48141576	48141577	52	True	39
chr12_48489863_48489864	chr12	48489863	48489864	0	False	NA
chr12_48568819_48568820	chr12	48568819	48568820	0	False	NA
chr12_48704199_48704200	chr12	48704199	48704200	83	True	39
chr12_48716415_48716416	chr12	48716415	48716416	170	True	39
chr12_48772968_48772969	chr12	48772968	48772969	0	False	NA
chr12_48827538_48827539	chr12	48827538	48827539	0	False	NA
chr12_49014501_49014502	chr12	49014501	49014502	0	False	NA
chr12_49331459_49331460	chr12	49331459	49331460	110	True	39
chr12_49491866_49491867	chr12	49491866	49491867	208	True	39
chr12_49515577_49515578	chr12	49515577	49515578	5	False	NA
chr12_49541422_49541423	chr12	49541422	49541423	9	False	NA
chr12_49555551_49555552	chr12	49555551	49555552	0	False	NA
chr12_49562805_49562806	chr12	49562805	49562806	0	False	NA
chr12_49603818_49603819	chr12	49603818	49603819	0	False	NA
chr12_49603824_49603825	chr12	49603824	49603825	0	False	NA
chr12_49797394_49797395	chr12	49797394	49797395	30	False	NA
chr12_50361052_50361053	chr12	50361052	50361053	0	False	NA
chr12_50437497_50437498	chr12	50437497	50437498	41	True	39
chr12_50437502_50437503	chr12	50437502	50437503	41	True	39
chr12_50456760_50456761	chr12	50456760	50456761	140732	True	45
chr12_50715932_50715933	chr12	50715932	50715933	15	False	NA
chr12_50718679_50718680	chr12	50718679	50718680	326	True	39
chr12_50721189_50721190	chr12	50721189	50721190	46	True	39
chr12_50721884_50721885	chr12	50721884	50721885	5	False	NA
chr12_50722672_50722673	chr12	50722672	50722673	0	False	NA
chr12_50736958_50736959	chr12	50736958	50736959	181	True	39
chr12_50739769_50739770	chr12	50739769	50739770	19	False	NA
chr12_50815939_50815940	chr12	50815939	50815940	0	False	NA
chr12_50956496_50956497	chr12	50956496	50956497	0	False	NA
chr12_51000126_51000127	chr12	51000126	51000127	101	True	39
chr12_51194722_51194723	chr12	51194722	51194723	0	False	NA
chr12_51197113_51197114	chr12	51197113	51197114	0	False	NA
chr12_51299751_51299752	chr12	51299751	51299752	0	False	NA
chr12_51391077_51391078	chr12	51391077	51391078	0	False	NA
chr12_51485785_51485786	chr12	51485785	51485786	0	False	NA
chr12_51494136_51494137	chr12	51494136	51494137	0	False	NA
chr12_51496421_51496422	chr12	51496421	51496422	0	False	NA
chr12_51500253_51500254	chr12	51500253	51500254	0	False	NA
chr12_51506851_51506852	chr12	51506851	51506852	0	False	NA
chr12_51507205_51507206	chr12	51507205	51507206	0	False	NA
chr12_51767198_51767199	chr12	51767198	51767199	0	False	NA
chr12_51782986_51782987	chr12	51782986	51782987	0	False	NA
chr12_51788919_51788920	chr12	51788919	51788920	0	False	NA
chr12_51909040_51909041	chr12	51909040	51909041	0	False	NA
chr12_51917284_51917285	chr12	51917284	51917285	0	False	NA
chr12_51979710_51979711	chr12	51979710	51979711	11	False	NA
chr12_52008759_52008760	chr12	52008759	52008760	8	False	NA
chr12_52396546_52396547	chr12	52396546	52396547	0	False	NA
chr12_52400897_52400898	chr12	52400897	52400898	0	False	NA
chr12_52400905_52400906	chr12	52400905	52400906	0	False	NA
chr12_52426115_52426116	chr12	52426115	52426116	0	False	NA
chr12_52548062_52548063	chr12	52548062	52548063	0	False	NA
chr12_52772287_52772288	chr12	52772287	52772288	0	False	NA
chr12_52794568_52794569	chr12	52794568	52794569	0	False	NA
chr12_53047372_53047373	chr12	53047372	53047373	0	False	NA
chr12_53117513_53117514	chr12	53117513	53117514	165	True	39
chr12_53118203_53118204	chr12	53118203	53118204	195	True	39
chr12_53121152_53121153	chr12	53121152	53121153	210	True	39
chr12_53182416_53182417	chr12	53182416	53182417	80	True	39
chr12_53302468_53302469	chr12	53302468	53302469	10	False	NA
chr12_53308528_53308529	chr12	53308528	53308529	512	True	39
chr12_53427281_53427282	chr12	53427281	53427282	9	False	NA
chr12_53452714_53452715	chr12	53452714	53452715	3921	True	39
chr12_53533434_53533435	chr12	53533434	53533435	12	False	NA
chr12_53534817_53534818	chr12	53534817	53534818	0	False	NA
chr12_53538360_53538361	chr12	53538360	53538361	5	False	NA
chr12_54163087_54163088	chr12	54163087	54163088	0	False	NA
chr12_54249584_54249585	chr12	54249584	54249585	21	False	NA
chr12_54459308_54459309	chr12	54459308	54459309	167	True	39
chr12_54517393_54517394	chr12	54517393	54517394	21	False	NA
chr12_54535786_54535787	chr12	54535786	54535787	7	False	NA
chr12_54535790_54535791	chr12	54535790	54535791	0	False	NA
chr12_55749199_55749200	chr12	55749199	55749200	7	False	NA
chr12_56042379_56042380	chr12	56042379	56042380	571	True	39
chr12_56106988_56106989	chr12	56106988	56106989	1844	True	39
chr12_56213549_56213550	chr12	56213549	56213550	0	False	NA
chr12_56244296_56244297	chr12	56244296	56244297	207	True	39
chr12_56245313_56245314	chr12	56245313	56245314	204	True	39
chr12_56570226_56570227	chr12	56570226	56570227	0	False	NA
chr12_56584067_56584068	chr12	56584067	56584068	0	False	NA
chr12_56614943_56614944	chr12	56614943	56614944	732	True	39
chr12_56670840_56670841	chr12	56670840	56670841	360	True	39
chr12_56932326_56932327	chr12	56932326	56932327	0	False	NA
chr12_57031322_57031323	chr12	57031322	57031323	25	False	NA
chr12_57049508_57049509	chr12	57049508	57049509	0	False	NA
chr12_57061567_57061568	chr12	57061567	57061568	61	True	39
chr12_57158100_57158101	chr12	57158100	57158101	51	True	39
chr12_57173065_57173066	chr12	57173065	57173066	330	True	39
chr12_57176472_57176473	chr12	57176472	57176473	47	True	39
chr12_57181588_57181589	chr12	57181588	57181589	143	True	39
chr12_57212318_57212319	chr12	57212318	57212319	983	True	39
chr12_57463947_57463948	chr12	57463947	57463948	0	False	NA
chr12_57466446_57466447	chr12	57466446	57466447	0	False	NA
chr12_57467595_57467596	chr12	57467595	57467596	0	False	NA
chr12_57568957_57568958	chr12	57568957	57568958	336	True	39
chr12_57597498_57597499	chr12	57597498	57597499	0	False	NA
chr12_57777633_57777634	chr12	57777633	57777634	159	True	39
chr12_57779182_57779183	chr12	57779182	57779183	75	True	39
chr12_57813710_57813711	chr12	57813710	57813711	0	False	NA
chr12_57944991_57944992	chr12	57944991	57944992	18	False	NA
chr12_57946830_57946831	chr12	57946830	57946831	10	False	NA
chr12_62141327_62141328	chr12	62141327	62141328	0	False	NA
chr12_62294936_62294937	chr12	62294936	62294937	73	True	39
chr12_62500330_62500331	chr12	62500330	62500331	11	False	NA
chr12_62529502_62529503	chr12	62529502	62529503	15	False	NA
chr12_62533720_62533721	chr12	62533720	62533721	66	True	39
chr12_62554775_62554776	chr12	62554775	62554776	12	False	NA
chr12_62689982_62689983	chr12	62689982	62689983	20	False	NA
chr12_63622283_63622284	chr12	63622283	63622284	0	False	NA
chr12_63988090_63988091	chr12	63988090	63988091	0	False	NA
chr12_64064732_64064733	chr12	64064732	64064733	0	False	NA
chr12_64283814_64283815	chr12	64283814	64283815	0	False	NA
chr12_64418409_64418410	chr12	64418409	64418410	0	False	NA
chr12_64693849_64693850	chr12	64693849	64693850	0	False	NA
chr12_64717332_64717333	chr12	64717332	64717333	0	False	NA
chr12_65051607_65051608	chr12	65051607	65051608	0	False	NA
chr12_65062969_65062970	chr12	65062969	65062970	0	False	NA
chr12_65212283_65212284	chr12	65212283	65212284	17	False	NA
chr12_65327569_65327570	chr12	65327569	65327570	0	False	NA
chr12_66227081_66227082	chr12	66227081	66227082	0	False	NA
chr12_66246619_66246620	chr12	66246619	66246620	0	False	NA
chr12_66303709_66303710	chr12	66303709	66303710	26	False	NA
chr12_66303711_66303712	chr12	66303711	66303712	26	False	NA
chr12_66324760_66324761	chr12	66324760	66324761	0	False	NA
chr12_66392890_66392891	chr12	66392890	66392891	0	False	NA
chr12_66463838_66463839	chr12	66463838	66463839	0	False	NA
chr12_66532336_66532337	chr12	66532336	66532337	0	False	NA
chr12_67036912_67036913	chr12	67036912	67036913	6	False	NA
chr12_67294283_67294284	chr12	67294283	67294284	528	True	39
chr12_68296677_68296678	chr12	68296677	68296678	0	False	NA
chr12_68315620_68315621	chr12	68315620	68315621	0	False	NA
chr12_68322199_68322200	chr12	68322199	68322200	0	False	NA
chr12_68698462_68698463	chr12	68698462	68698463	6	False	NA
chr12_68709022_68709023	chr12	68709022	68709023	178	True	39
chr12_68714903_68714904	chr12	68714903	68714904	1198	True	39
chr12_68719999_68720000	chr12	68719999	68720000	22	False	NA
chr12_68733370_68733371	chr12	68733370	68733371	41	True	39
chr12_68734935_68734936	chr12	68734935	68734936	88	True	39
chr12_68750688_68750689	chr12	68750688	68750689	101	True	39
chr12_68750692_68750693	chr12	68750692	68750693	101	True	39
chr12_68755230_68755231	chr12	68755230	68755231	27	False	NA
chr12_68827296_68827297	chr12	68827296	68827297	568	True	39
chr12_68832099_68832100	chr12	68832099	68832100	263	True	39
chr12_68836491_68836492	chr12	68836491	68836492	1135	True	39
chr12_69252477_69252478	chr12	69252477	69252478	35	False	NA
chr12_69348881_69348882	chr12	69348881	69348882	488	True	39
chr12_69366866_69366867	chr12	69366866	69366867	35	False	NA
chr12_69590264_69590265	chr12	69590264	69590265	88	True	39
chr12_69593377_69593378	chr12	69593377	69593378	117	True	39
chr12_69676152_69676153	chr12	69676152	69676153	0	False	NA
chr12_69677319_69677320	chr12	69677319	69677320	0	False	NA
chr12_69953401_69953402	chr12	69953401	69953402	0	False	NA
chr12_69957214_69957215	chr12	69957214	69957215	0	False	NA
chr12_70333597_70333598	chr12	70333597	70333598	83	True	39
chr12_70340130_70340131	chr12	70340130	70340131	156	True	39
chr12_70546527_70546528	chr12	70546527	70546528	0	False	NA
chr12_70562383_70562384	chr12	70562383	70562384	0	False	NA
chr12_70764269_70764270	chr12	70764269	70764270	0	False	NA
chr12_71128823_71128824	chr12	71128823	71128824	0	False	NA
chr12_71131922_71131923	chr12	71131922	71131923	0	False	NA
chr12_71143115_71143116	chr12	71143115	71143116	0	False	NA
chr12_71558814_71558815	chr12	71558814	71558815	18	False	NA
chr12_71558819_71558820	chr12	71558819	71558820	18	False	NA
chr12_71621870_71621871	chr12	71621870	71621871	63	True	39
chr12_71635960_71635961	chr12	71635960	71635961	8	False	NA
chr12_71689589_71689590	chr12	71689589	71689590	12	False	NA
chr12_71698898_71698899	chr12	71698898	71698899	5	False	NA
chr12_71763302_71763303	chr12	71763302	71763303	46	True	39
chr12_71772227_71772228	chr12	71772227	71772228	115	True	39
chr12_71920564_71920565	chr12	71920564	71920565	20	False	NA
chr12_72470186_72470187	chr12	72470186	72470187	0	False	NA
chr12_72653681_72653682	chr12	72653681	72653682	0	False	NA
chr12_72660891_72660892	chr12	72660891	72660892	0	False	NA
chr12_75321793_75321794	chr12	75321793	75321794	0	False	NA
chr12_75324525_75324526	chr12	75324525	75324526	0	False	NA
chr12_75338154_75338155	chr12	75338154	75338155	0	False	NA
chr12_75425025_75425026	chr12	75425025	75425026	0	False	NA
chr12_76394172_76394173	chr12	76394172	76394173	38	False	NA
chr12_76806899_76806900	chr12	76806899	76806900	0	False	NA
chr12_76842534_76842535	chr12	76842534	76842535	18	False	NA
chr12_77032704_77032705	chr12	77032704	77032705	0	False	NA
chr12_77053388_77053389	chr12	77053388	77053389	12	False	NA
chr12_77382559_77382560	chr12	77382559	77382560	0	False	NA
chr12_77968258_77968259	chr12	77968258	77968259	0	False	NA
chr12_77995675_77995676	chr12	77995675	77995676	0	False	NA
chr12_78118562_78118563	chr12	78118562	78118563	0	False	NA
chr12_78120581_78120582	chr12	78120581	78120582	0	False	NA
chr12_78122612_78122613	chr12	78122612	78122613	0	False	NA
chr12_78136416_78136417	chr12	78136416	78136417	0	False	NA
chr12_78147017_78147018	chr12	78147017	78147018	0	False	NA
chr12_78176857_78176858	chr12	78176857	78176858	0	False	NA
chr12_78203533_78203534	chr12	78203533	78203534	0	False	NA
chr12_78208431_78208432	chr12	78208431	78208432	0	False	NA
chr12_79602981_79602982	chr12	79602981	79602982	253	True	39
chr12_79785496_79785497	chr12	79785496	79785497	12	False	NA
chr12_79805140_79805141	chr12	79805140	79805141	46	True	39
chr12_79807596_79807597	chr12	79807596	79807597	22	False	NA
chr12_79818558_79818559	chr12	79818558	79818559	69	True	39
chr12_80210516_80210517	chr12	80210516	80210517	0	False	NA
chr12_80229564_80229565	chr12	80229564	80229565	0	False	NA
chr12_80238563_80238564	chr12	80238563	80238564	0	False	NA
chr12_80238567_80238568	chr12	80238567	80238568	0	False	NA
chr12_80264778_80264779	chr12	80264778	80264779	0	False	NA
chr12_80266848_80266849	chr12	80266848	80266849	0	False	NA
chr12_80278597_80278598	chr12	80278597	80278598	0	False	NA
chr12_80303854_80303855	chr12	80303854	80303855	0	False	NA
chr12_80314960_80314961	chr12	80314960	80314961	0	False	NA
chr12_80462014_80462015	chr12	80462014	80462015	0	False	NA
chr12_80510052_80510053	chr12	80510052	80510053	0	False	NA
chr12_80534668_80534669	chr12	80534668	80534669	0	False	NA
chr12_80540996_80540997	chr12	80540996	80540997	0	False	NA
chr12_81150016_81150017	chr12	81150016	81150017	623	True	39
chr12_81343086_81343087	chr12	81343086	81343087	0	False	NA
chr12_81354016_81354017	chr12	81354016	81354017	0	False	NA
chr12_81359700_81359701	chr12	81359700	81359701	0	False	NA
chr12_81367552_81367553	chr12	81367552	81367553	0	False	NA
chr12_81440219_81440220	chr12	81440219	81440220	0	False	NA
chr12_82478256_82478257	chr12	82478256	82478257	0	False	NA
chr12_85064223_85064224	chr12	85064223	85064224	0	False	NA
chr12_85285916_85285917	chr12	85285916	85285917	0	False	NA
chr12_85880558_85880559	chr12	85880558	85880559	0	False	NA
chr12_85983022_85983023	chr12	85983022	85983023	0	False	NA
chr12_88028672_88028673	chr12	88028672	88028673	0	False	NA
chr12_88046426_88046427	chr12	88046426	88046427	0	False	NA
chr12_88094816_88094817	chr12	88094816	88094817	0	False	NA
chr12_88126918_88126919	chr12	88126918	88126919	44	True	39
chr12_88160511_88160512	chr12	88160511	88160512	5	False	NA
chr12_88193856_88193857	chr12	88193856	88193857	27	False	NA
chr12_89469743_89469744	chr12	89469743	89469744	10	False	NA
chr12_89592505_89592506	chr12	89592505	89592506	10	False	NA
chr12_89595044_89595045	chr12	89595044	89595045	5	False	NA
chr12_89602171_89602172	chr12	89602171	89602172	17	False	NA
chr12_89614820_89614821	chr12	89614820	89614821	19	False	NA
chr12_89617460_89617461	chr12	89617460	89617461	61	True	39
chr12_89629108_89629109	chr12	89629108	89629109	17	False	NA
chr12_91159156_91159157	chr12	91159156	91159157	0	False	NA
chr12_92744182_92744183	chr12	92744182	92744183	0	False	NA
chr12_92811590_92811591	chr12	92811590	92811591	11	False	NA
chr12_92811594_92811595	chr12	92811594	92811595	11	False	NA
chr12_93480816_93480817	chr12	93480816	93480817	54	True	39
chr12_94241596_94241597	chr12	94241596	94241597	0	False	NA
chr12_94300629_94300630	chr12	94300629	94300630	6	False	NA
chr12_94304325_94304326	chr12	94304325	94304326	0	False	NA
chr12_94304687_94304688	chr12	94304687	94304688	0	False	NA
chr12_94309202_94309203	chr12	94309202	94309203	0	False	NA
chr12_94312571_94312572	chr12	94312571	94312572	0	False	NA
chr12_94402550_94402551	chr12	94402550	94402551	56	True	39
chr12_94578529_94578530	chr12	94578529	94578530	0	False	NA
chr12_95023045_95023046	chr12	95023045	95023046	6	False	NA
chr12_95034145_95034146	chr12	95034145	95034146	86	True	39
chr12_95064966_95064967	chr12	95064966	95064967	23	False	NA
chr12_95084166_95084167	chr12	95084166	95084167	0	False	NA
chr12_95084982_95084983	chr12	95084982	95084983	10	False	NA
chr12_95090549_95090550	chr12	95090549	95090550	5	False	NA
chr12_95092095_95092096	chr12	95092095	95092096	0	False	NA
chr12_95137814_95137815	chr12	95137814	95137815	0	False	NA
chr12_95265323_95265324	chr12	95265323	95265324	156	True	39
chr12_95269449_95269450	chr12	95269449	95269450	57	True	39
chr12_95295505_95295506	chr12	95295505	95295506	10	False	NA
chr12_95503713_95503714	chr12	95503713	95503714	36	False	NA
chr12_95508713_95508714	chr12	95508713	95508714	45	True	39
chr12_95532057_95532058	chr12	95532057	95532058	23	False	NA
chr12_95865555_95865556	chr12	95865555	95865556	36	False	NA
chr12_95874669_95874670	chr12	95874669	95874670	0	False	NA
chr12_95898319_95898320	chr12	95898319	95898320	0	False	NA
chr12_95918625_95918626	chr12	95918625	95918626	0	False	NA
chr12_95918630_95918631	chr12	95918630	95918631	0	False	NA
chr12_95958668_95958669	chr12	95958668	95958669	5	False	NA
chr12_95959105_95959106	chr12	95959105	95959106	5	False	NA
chr12_95993069_95993070	chr12	95993069	95993070	31	False	NA
chr12_96008456_96008457	chr12	96008456	96008457	19	False	NA
chr12_96025174_96025175	chr12	96025174	96025175	5	False	NA
chr12_96281077_96281078	chr12	96281077	96281078	48	True	39
chr12_96281086_96281087	chr12	96281086	96281087	68	True	39
chr12_96288631_96288632	chr12	96288631	96288632	82	True	39
chr12_96299063_96299064	chr12	96299063	96299064	82	True	39
chr12_96530660_96530661	chr12	96530660	96530661	0	False	NA
chr12_96661215_96661216	chr12	96661215	96661216	0	False	NA
chr12_96692519_96692520	chr12	96692519	96692520	0	False	NA
chr12_96695196_96695197	chr12	96695196	96695197	0	False	NA
chr12_96706437_96706438	chr12	96706437	96706438	0	False	NA
chr12_96754060_96754061	chr12	96754060	96754061	0	False	NA
chr12_96941533_96941534	chr12	96941533	96941534	38	False	NA
chr12_96944981_96944982	chr12	96944981	96944982	11	False	NA
chr12_98649239_98649240	chr12	98649239	98649240	167	True	39
chr12_98659941_98659942	chr12	98659941	98659942	5	False	NA
chr12_98682732_98682733	chr12	98682732	98682733	0	False	NA
chr12_98717898_98717899	chr12	98717898	98717899	22	False	NA
chr12_98724643_98724644	chr12	98724643	98724644	9	False	NA
chr12_99781594_99781595	chr12	99781594	99781595	0	False	NA
chr12_100038281_100038282	chr12	100038281	100038282	0	False	NA
chr12_100084958_100084959	chr12	100084958	100084959	10	False	NA
chr12_100085250_100085251	chr12	100085250	100085251	44	True	39
chr12_100207346_100207347	chr12	100207346	100207347	5	False	NA
chr12_100215383_100215384	chr12	100215383	100215384	14	False	NA
chr12_100222534_100222535	chr12	100222534	100222535	0	False	NA
chr12_100255392_100255393	chr12	100255392	100255393	0	False	NA
chr12_100264418_100264419	chr12	100264418	100264419	0	False	NA
chr12_100291282_100291283	chr12	100291282	100291283	0	False	NA
chr12_100315310_100315311	chr12	100315310	100315311	0	False	NA
chr12_100331766_100331767	chr12	100331766	100331767	22	False	NA
chr12_100392765_100392766	chr12	100392765	100392766	0	False	NA
chr12_100592681_100592682	chr12	100592681	100592682	5	False	NA
chr12_100600778_100600779	chr12	100600778	100600779	20	False	NA
chr12_100622944_100622945	chr12	100622944	100622945	7	False	NA
chr12_101042936_101042937	chr12	101042936	101042937	0	False	NA
chr12_101046138_101046139	chr12	101046138	101046139	0	False	NA
chr12_101164787_101164788	chr12	101164787	101164788	0	False	NA
chr12_101305771_101305772	chr12	101305771	101305772	11	False	NA
chr12_101305788_101305789	chr12	101305788	101305789	11	False	NA
chr12_101328260_101328261	chr12	101328260	101328261	0	False	NA
chr12_101337497_101337498	chr12	101337497	101337498	5	False	NA
chr12_101345222_101345223	chr12	101345222	101345223	0	False	NA
chr12_101354803_101354804	chr12	101354803	101354804	134	True	39
chr12_101357982_101357983	chr12	101357982	101357983	8	False	NA
chr12_101362276_101362277	chr12	101362276	101362277	0	False	NA
chr12_101477343_101477344	chr12	101477343	101477344	0	False	NA
chr12_101485024_101485025	chr12	101485024	101485025	0	False	NA
chr12_101641283_101641284	chr12	101641283	101641284	0	False	NA
chr12_101685536_101685537	chr12	101685536	101685537	0	False	NA
chr12_101723027_101723028	chr12	101723027	101723028	252	True	39
chr12_101726027_101726028	chr12	101726027	101726028	220	True	39
chr12_101748543_101748544	chr12	101748543	101748544	0	False	NA
chr12_101788899_101788900	chr12	101788899	101788900	0	False	NA
chr12_101899203_101899204	chr12	101899203	101899204	0	False	NA
chr12_102044882_102044883	chr12	102044882	102044883	0	False	NA
chr12_102177311_102177312	chr12	102177311	102177312	35	False	NA
chr12_102479262_102479263	chr12	102479262	102479263	0	False	NA
chr12_102845061_102845062	chr12	102845061	102845062	176	True	39
chr12_103658966_103658967	chr12	103658966	103658967	0	False	NA
chr12_103670366_103670367	chr12	103670366	103670367	0	False	NA
chr12_103683497_103683498	chr12	103683497	103683498	0	False	NA
chr12_103695328_103695329	chr12	103695328	103695329	0	False	NA
chr12_103761548_103761549	chr12	103761548	103761549	0	False	NA
chr12_103781461_103781462	chr12	103781461	103781462	10	False	NA
chr12_103991696_103991697	chr12	103991696	103991697	0	False	NA
chr12_103998021_103998022	chr12	103998021	103998022	22	False	NA
chr12_104017715_104017716	chr12	104017715	104017716	0	False	NA
chr12_104100440_104100441	chr12	104100440	104100441	0	False	NA
chr12_104121613_104121614	chr12	104121613	104121614	22	False	NA
chr12_104320222_104320223	chr12	104320222	104320223	90	True	39
chr12_104865442_104865443	chr12	104865442	104865443	0	False	NA
chr12_104992407_104992408	chr12	104992407	104992408	0	False	NA
chr12_104993018_104993019	chr12	104993018	104993019	5	False	NA
chr12_105025567_105025568	chr12	105025567	105025568	6	False	NA
chr12_105053206_105053207	chr12	105053206	105053207	33	False	NA
chr12_105056383_105056384	chr12	105056383	105056384	13	False	NA
chr12_105062191_105062192	chr12	105062191	105062192	0	False	NA
chr12_105066478_105066479	chr12	105066478	105066479	0	False	NA
chr12_105070169_105070170	chr12	105070169	105070170	0	False	NA
chr12_105136735_105136736	chr12	105136735	105136736	89	True	39
chr12_105149126_105149127	chr12	105149126	105149127	340	True	39
chr12_105177522_105177523	chr12	105177522	105177523	5	False	NA
chr12_105198985_105198986	chr12	105198985	105198986	12	False	NA
chr12_105217206_105217207	chr12	105217206	105217207	30	False	NA
chr12_106068471_106068472	chr12	106068471	106068472	0	False	NA
chr12_106084063_106084064	chr12	106084063	106084064	5	False	NA
chr12_106242738_106242739	chr12	106242738	106242739	0	False	NA
chr12_106246167_106246168	chr12	106246167	106246168	0	False	NA
chr12_106246167_106246168	chr12	106246167	106246168	0	False	NA
chr12_106370943_106370944	chr12	106370943	106370944	7	False	NA
chr12_106436073_106436074	chr12	106436073	106436074	0	False	NA
chr12_106456933_106456934	chr12	106456933	106456934	0	False	NA
chr12_106499351_106499352	chr12	106499351	106499352	0	False	NA
chr12_106686751_106686752	chr12	106686751	106686752	11	False	NA
chr12_106709847_106709848	chr12	106709847	106709848	0	False	NA
chr12_106713279_106713280	chr12	106713279	106713280	0	False	NA
chr12_106845911_106845912	chr12	106845911	106845912	0	False	NA
chr12_106859047_106859048	chr12	106859047	106859048	21	False	NA
chr12_107616311_107616312	chr12	107616311	107616312	0	False	NA
chr12_107690789_107690790	chr12	107690789	107690790	0	False	NA
chr12_107690799_107690800	chr12	107690799	107690800	9	False	NA
chr12_107704280_107704281	chr12	107704280	107704281	50	True	39
chr12_107709588_107709589	chr12	107709588	107709589	7	False	NA
chr12_108658049_108658050	chr12	108658049	108658050	35	False	NA
chr12_108800551_108800552	chr12	108800551	108800552	0	False	NA
chr12_108892088_108892089	chr12	108892088	108892089	0	False	NA
chr12_108977979_108977980	chr12	108977979	108977980	0	False	NA
chr12_109083936_109083937	chr12	109083936	109083937	0	False	NA
chr12_109100904_109100905	chr12	109100904	109100905	76	True	39
chr12_109190542_109190543	chr12	109190542	109190543	39	False	NA
chr12_109207663_109207664	chr12	109207663	109207664	31	False	NA
chr12_109227295_109227296	chr12	109227295	109227296	17	False	NA
chr12_109234300_109234301	chr12	109234300	109234301	0	False	NA
chr12_109412704_109412705	chr12	109412704	109412705	0	False	NA
chr12_109438372_109438373	chr12	109438372	109438373	0	False	NA
chr12_109445328_109445329	chr12	109445328	109445329	0	False	NA
chr12_109471972_109471973	chr12	109471972	109471973	25	False	NA
chr12_109489747_109489748	chr12	109489747	109489748	34	False	NA
chr12_109506193_109506194	chr12	109506193	109506194	0	False	NA
chr12_109516631_109516632	chr12	109516631	109516632	25	False	NA
chr12_109522171_109522172	chr12	109522171	109522172	5	False	NA
chr12_109571820_109571821	chr12	109571820	109571821	12	False	NA
chr12_109581005_109581006	chr12	109581005	109581006	210	True	39
chr12_109786553_109786554	chr12	109786553	109786554	0	False	NA
chr12_109789825_109789826	chr12	109789825	109789826	0	False	NA
chr12_109901942_109901943	chr12	109901942	109901943	0	False	NA
chr12_109944620_109944621	chr12	109944620	109944621	29	False	NA
chr12_109963757_109963758	chr12	109963757	109963758	169	True	39
chr12_109967737_109967738	chr12	109967737	109967738	10	False	NA
chr12_109988202_109988203	chr12	109988202	109988203	6	False	NA
chr12_109989613_109989614	chr12	109989613	109989614	58	True	39
chr12_110024358_110024359	chr12	110024358	110024359	20	False	NA
chr12_110066836_110066837	chr12	110066836	110066837	0	False	NA
chr12_110132892_110132893	chr12	110132892	110132893	37	False	NA
chr12_110145319_110145320	chr12	110145319	110145320	0	False	NA
chr12_110326875_110326876	chr12	110326875	110326876	28	False	NA
chr12_110333621_110333622	chr12	110333621	110333622	28	False	NA
chr12_110512580_110512581	chr12	110512580	110512581	0	False	NA
chr12_110520488_110520489	chr12	110520488	110520489	0	False	NA
chr12_110520490_110520491	chr12	110520490	110520491	0	False	NA
chr12_110539276_110539277	chr12	110539276	110539277	136	True	39
chr12_110616123_110616124	chr12	110616123	110616124	14	False	NA
chr12_110685374_110685375	chr12	110685374	110685375	0	False	NA
chr12_110726863_110726864	chr12	110726863	110726864	44	True	39
chr12_110879808_110879809	chr12	110879808	110879809	0	False	NA
chr12_110879836_110879837	chr12	110879836	110879837	0	False	NA
chr12_110917572_110917573	chr12	110917572	110917573	0	False	NA
chr12_110954249_110954250	chr12	110954249	110954250	0	False	NA
chr12_111291965_111291966	chr12	111291965	111291966	0	False	NA
chr12_111311043_111311044	chr12	111311043	111311044	0	False	NA
chr12_111517186_111517187	chr12	111517186	111517187	80	True	39
chr12_111521303_111521304	chr12	111521303	111521304	115	True	39
chr12_111554865_111554866	chr12	111554865	111554866	155	True	39
chr12_111646415_111646416	chr12	111646415	111646416	5	False	NA
chr12_111666821_111666822	chr12	111666821	111666822	5	False	NA
chr12_111680748_111680749	chr12	111680748	111680749	61	True	39
chr12_111682165_111682166	chr12	111682165	111682166	39	False	NA
chr12_111708387_111708388	chr12	111708387	111708388	0	False	NA
chr12_111715030_111715031	chr12	111715030	111715031	0	False	NA
chr12_111747047_111747048	chr12	111747047	111747048	99	True	39
chr12_111867570_111867571	chr12	111867570	111867571	266	True	39
chr12_111891980_111891981	chr12	111891980	111891981	41	True	39
chr12_111937396_111937397	chr12	111937396	111937397	67	True	39
chr12_112020707_112020708	chr12	112020707	112020708	31	False	NA
chr12_112049993_112049994	chr12	112049993	112049994	165	True	39
chr12_112141726_112141727	chr12	112141726	112141727	19	False	NA
chr12_112171750_112171751	chr12	112171750	112171751	0	False	NA
chr12_112230187_112230188	chr12	112230187	112230188	5	False	NA
chr12_112241884_112241885	chr12	112241884	112241885	0	False	NA
chr12_112250377_112250378	chr12	112250377	112250378	468	True	39
chr12_112281644_112281645	chr12	112281644	112281645	46	True	39
chr12_112312328_112312329	chr12	112312328	112312329	7	False	NA
chr12_112446607_112446608	chr12	112446607	112446608	10	False	NA
chr12_112883257_112883258	chr12	112883257	112883258	0	False	NA
chr12_112962988_112962989	chr12	112962988	112962989	6	False	NA
chr12_113007332_113007333	chr12	113007332	113007333	0	False	NA
chr12_113117648_113117649	chr12	113117648	113117649	0	False	NA
chr12_113161639_113161640	chr12	113161639	113161640	17	False	NA
chr12_113223331_113223332	chr12	113223331	113223332	5	False	NA
chr12_113278028_113278029	chr12	113278028	113278029	18	False	NA
chr12_113284094_113284095	chr12	113284094	113284095	56	True	39
chr12_113372110_113372111	chr12	113372110	113372111	5	False	NA
chr12_113382322_113382323	chr12	113382322	113382323	0	False	NA
chr12_113386619_113386620	chr12	113386619	113386620	24	False	NA
chr12_113386835_113386836	chr12	113386835	113386836	39	False	NA
chr12_113923595_113923596	chr12	113923595	113923596	0	False	NA
chr12_113954139_113954140	chr12	113954139	113954140	0	False	NA
chr12_114400962_114400963	chr12	114400962	114400963	0	False	NA
chr12_115968261_115968262	chr12	115968261	115968262	0	False	NA
chr12_115988863_115988864	chr12	115988863	115988864	23	False	NA
chr12_116018225_116018226	chr12	116018225	116018226	96	True	39
chr12_116752586_116752587	chr12	116752586	116752587	0	False	NA
chr12_116987934_116987935	chr12	116987934	116987935	0	False	NA
chr12_117162892_117162893	chr12	117162892	117162893	38	False	NA
chr12_117173812_117173813	chr12	117173812	117173813	0	False	NA
chr12_117175662_117175663	chr12	117175662	117175663	20	False	NA
chr12_117218312_117218313	chr12	117218312	117218313	0	False	NA
chr12_117228435_117228436	chr12	117228435	117228436	0	False	NA
chr12_117470997_117470998	chr12	117470997	117470998	0	False	NA
chr12_117526264_117526265	chr12	117526264	117526265	0	False	NA
chr12_118029034_118029035	chr12	118029034	118029035	63	True	39
chr12_118066934_118066935	chr12	118066934	118066935	0	False	NA
chr12_118235235_118235236	chr12	118235235	118235236	11	False	NA
chr12_118379807_118379808	chr12	118379807	118379808	118	True	39
chr12_118385443_118385444	chr12	118385443	118385444	0	False	NA
chr12_118401415_118401416	chr12	118401415	118401416	87	True	39
chr12_118405691_118405692	chr12	118405691	118405692	55	True	39
chr12_119519987_119519988	chr12	119519987	119519988	0	False	NA
chr12_119676474_119676475	chr12	119676474	119676475	411	True	39
chr12_119703231_119703232	chr12	119703231	119703232	0	False	NA
chr12_119720610_119720611	chr12	119720610	119720611	384	True	39
chr12_119833367_119833368	chr12	119833367	119833368	0	False	NA
chr12_120068069_120068070	chr12	120068069	120068070	0	False	NA
chr12_120090729_120090730	chr12	120090729	120090730	0	False	NA
chr12_120154678_120154679	chr12	120154678	120154679	115	True	39
chr12_120159409_120159410	chr12	120159409	120159410	0	False	NA
chr12_120174478_120174479	chr12	120174478	120174479	42	True	39
chr12_120185129_120185130	chr12	120185129	120185130	29	False	NA
chr12_120185134_120185135	chr12	120185134	120185135	29	False	NA
chr12_120185138_120185139	chr12	120185138	120185139	29	False	NA
chr12_120546295_120546296	chr12	120546295	120546296	132	True	39
chr12_120573863_120573864	chr12	120573863	120573864	12	False	NA
chr12_120784992_120784993	chr12	120784992	120784993	14	False	NA
chr12_121007475_121007476	chr12	121007475	121007476	7	False	NA
chr12_121218112_121218113	chr12	121218112	121218113	5	False	NA
chr12_121336024_121336025	chr12	121336024	121336025	36	False	NA
chr12_121337660_121337661	chr12	121337660	121337661	47	True	39
chr12_121337663_121337664	chr12	121337663	121337664	47	True	39
chr12_121533166_121533167	chr12	121533166	121533167	0	False	NA
chr12_121578394_121578395	chr12	121578394	121578395	5	False	NA
chr12_121775033_121775034	chr12	121775033	121775034	195	True	39
chr12_121804388_121804389	chr12	121804388	121804389	136	True	39
chr12_121862226_121862227	chr12	121862226	121862227	0	False	NA
chr12_122129480_122129481	chr12	122129480	122129481	327	True	39
chr12_122214175_122214176	chr12	122214175	122214176	48	True	39
chr12_122232744_122232745	chr12	122232744	122232745	18	False	NA
chr12_122317437_122317438	chr12	122317437	122317438	0	False	NA
chr12_122317443_122317444	chr12	122317443	122317444	0	False	NA
chr12_122318102_122318103	chr12	122318102	122318103	0	False	NA
chr12_122339299_122339300	chr12	122339299	122339300	6	False	NA
chr12_122478663_122478664	chr12	122478663	122478664	109	True	39
chr12_122491195_122491196	chr12	122491195	122491196	260	True	39
chr12_122516552_122516553	chr12	122516552	122516553	325	True	39
chr12_122528582_122528583	chr12	122528582	122528583	0	False	NA
chr12_122582569_122582570	chr12	122582569	122582570	76	True	39
chr12_122584237_122584238	chr12	122584237	122584238	277	True	39
chr12_122586435_122586436	chr12	122586435	122586436	0	False	NA
chr12_122588169_122588170	chr12	122588169	122588170	6	False	NA
chr12_122601969_122601970	chr12	122601969	122601970	110	True	39
chr12_122601990_122601991	chr12	122601990	122601991	97	True	39
chr12_122762646_122762647	chr12	122762646	122762647	195	True	39
chr12_122764828_122764829	chr12	122764828	122764829	97	True	39
chr12_122788136_122788137	chr12	122788136	122788137	29	False	NA
chr12_122794320_122794321	chr12	122794320	122794321	6	False	NA
chr12_122800119_122800120	chr12	122800119	122800120	0	False	NA
chr12_122826169_122826170	chr12	122826169	122826170	0	False	NA
chr12_123260004_123260005	chr12	123260004	123260005	0	False	NA
chr12_123326594_123326595	chr12	123326594	123326595	346	True	39
chr12_123342799_123342800	chr12	123342799	123342800	24	False	NA
chr12_123389185_123389186	chr12	123389185	123389186	1485	True	39
chr12_123499210_123499211	chr12	123499210	123499211	5	False	NA
chr12_123591804_123591805	chr12	123591804	123591805	0	False	NA
chr12_123698579_123698580	chr12	123698579	123698580	6	False	NA
chr12_123713105_123713106	chr12	123713105	123713106	110	True	39
chr12_123767943_123767944	chr12	123767943	123767944	0	False	NA
chr12_123779736_123779737	chr12	123779736	123779737	0	False	NA
chr12_123797310_123797311	chr12	123797310	123797311	0	False	NA
chr12_123829101_123829102	chr12	123829101	123829102	0	False	NA
chr12_123866919_123866920	chr12	123866919	123866920	0	False	NA
chr12_123872089_123872090	chr12	123872089	123872090	0	False	NA
chr12_123874125_123874126	chr12	123874125	123874126	0	False	NA
chr12_123876134_123876135	chr12	123876134	123876135	0	False	NA
chr12_123918264_123918265	chr12	123918264	123918265	0	False	NA
chr12_124340204_124340205	chr12	124340204	124340205	551	True	39
chr12_124798529_124798530	chr12	124798529	124798530	0	False	NA
chr12_124950313_124950314	chr12	124950313	124950314	91	True	39
chr12_124963939_124963940	chr12	124963939	124963940	0	False	NA
chr12_124972366_124972367	chr12	124972366	124972367	32	False	NA
chr12_125106392_125106393	chr12	125106392	125106393	0	False	NA
chr12_125109838_125109839	chr12	125109838	125109839	20	False	NA
chr12_125132452_125132453	chr12	125132452	125132453	0	False	NA
chr12_128401983_128401984	chr12	128401983	128401984	0	False	NA
chr12_128795847_128795848	chr12	128795847	128795848	5	False	NA
chr12_130343496_130343497	chr12	130343496	130343497	0	False	NA
chr12_130346639_130346640	chr12	130346639	130346640	0	False	NA
chr12_130347817_130347818	chr12	130347817	130347818	0	False	NA
chr12_130347819_130347820	chr12	130347819	130347820	0	False	NA
chr12_130347823_130347824	chr12	130347823	130347824	0	False	NA
chr12_130349237_130349238	chr12	130349237	130349238	0	False	NA
chr12_130358122_130358123	chr12	130358122	130358123	0	False	NA
chr12_130361097_130361098	chr12	130361097	130361098	0	False	NA
chr12_130405376_130405377	chr12	130405376	130405377	0	False	NA
chr12_131105032_131105033	chr12	131105032	131105033	5	False	NA
chr12_131721030_131721031	chr12	131721030	131721031	24	False	NA
chr12_131754288_131754289	chr12	131754288	131754289	407	True	39
chr12_131916864_131916865	chr12	131916864	131916865	453	True	39
chr12_131992828_131992829	chr12	131992828	131992829	1079	True	39
chr12_132012359_132012360	chr12	132012359	132012360	5	False	NA
chr12_132031186_132031187	chr12	132031186	132031187	3522	True	35
chr12_132051488_132051489	chr12	132051488	132051489	95	True	39
chr12_132581584_132581585	chr12	132581584	132581585	205	True	39
chr12_132643977_132643978	chr12	132643977	132643978	814	True	39
chr12_132740600_132740601	chr12	132740600	132740601	115	True	39
chr12_132749522_132749523	chr12	132749522	132749523	5	False	NA
chr12_132777430_132777431	chr12	132777430	132777431	55	True	39
chr12_132861938_132861939	chr12	132861938	132861939	5	False	NA
chr12_133182586_133182587	chr12	133182586	133182587	24	False	NA
chr13_19645279_19645280	chr13	19645279	19645280	5	False	NA
chr13_19666388_19666389	chr13	19666388	19666389	217	True	39
chr13_19751713_19751714	chr13	19751713	19751714	6	False	NA
chr13_20033829_20033830	chr13	20033829	20033830	9	False	NA
chr13_20065080_20065081	chr13	20065080	20065081	64	True	39
chr13_20226130_20226131	chr13	20226130	20226131	0	False	NA
chr13_20436689_20436690	chr13	20436689	20436690	0	False	NA
chr13_20596877_20596878	chr13	20596877	20596878	0	False	NA
chr13_20597787_20597788	chr13	20597787	20597788	0	False	NA
chr13_20628028_20628029	chr13	20628028	20628029	0	False	NA
chr13_20730954_20730955	chr13	20730954	20730955	0	False	NA
chr13_20736403_20736404	chr13	20736403	20736404	0	False	NA
chr13_20795932_20795933	chr13	20795932	20795933	41	True	39
chr13_20860604_20860605	chr13	20860604	20860605	374	True	39
chr13_21157397_21157398	chr13	21157397	21157398	0	False	NA
chr13_21158918_21158919	chr13	21158918	21158919	15	False	NA
chr13_21161608_21161609	chr13	21161608	21161609	25	False	NA
chr13_21167468_21167469	chr13	21167468	21167469	44	True	39
chr13_21383188_21383189	chr13	21383188	21383189	6	False	NA
chr13_21422692_21422693	chr13	21422692	21422693	7	False	NA
chr13_21422711_21422712	chr13	21422711	21422712	7	False	NA
chr13_21503175_21503176	chr13	21503175	21503176	67	True	39
chr13_21503187_21503188	chr13	21503187	21503188	6	False	NA
chr13_21503191_21503192	chr13	21503191	21503192	6	False	NA
chr13_21505878_21505879	chr13	21505878	21505879	6	False	NA
chr13_21505883_21505884	chr13	21505883	21505884	6	False	NA
chr13_23370356_23370357	chr13	23370356	23370357	0	False	NA
chr13_23838820_23838821	chr13	23838820	23838821	0	False	NA
chr13_23885096_23885097	chr13	23885096	23885097	0	False	NA
chr13_23980234_23980235	chr13	23980234	23980235	0	False	NA
chr13_23981847_23981848	chr13	23981847	23981848	0	False	NA
chr13_24251175_24251176	chr13	24251175	24251176	0	False	NA
chr13_24301586_24301587	chr13	24301586	24301587	5	False	NA
chr13_24432948_24432949	chr13	24432948	24432949	29	False	NA
chr13_24438826_24438827	chr13	24438826	24438827	0	False	NA
chr13_24442461_24442462	chr13	24442461	24442462	0	False	NA
chr13_24448101_24448102	chr13	24448101	24448102	16	False	NA
chr13_24462423_24462424	chr13	24462423	24462424	302	True	39
chr13_24479887_24479888	chr13	24479887	24479888	5	False	NA
chr13_24489974_24489975	chr13	24489974	24489975	0	False	NA
chr13_24694265_24694266	chr13	24694265	24694266	0	False	NA
chr13_24803994_24803995	chr13	24803994	24803995	0	False	NA
chr13_24826110_24826111	chr13	24826110	24826111	0	False	NA
chr13_24831038_24831039	chr13	24831038	24831039	0	False	NA
chr13_24844437_24844438	chr13	24844437	24844438	0	False	NA
chr13_24865896_24865897	chr13	24865896	24865897	5	False	NA
chr13_24868889_24868890	chr13	24868889	24868890	0	False	NA
chr13_24869717_24869718	chr13	24869717	24869718	0	False	NA
chr13_24884489_24884490	chr13	24884489	24884490	180	True	39
chr13_24887741_24887742	chr13	24887741	24887742	49	True	39
chr13_24895167_24895168	chr13	24895167	24895168	56	True	39
chr13_24905082_24905083	chr13	24905082	24905083	45	True	39
chr13_24910955_24910956	chr13	24910955	24910956	0	False	NA
chr13_25263349_25263350	chr13	25263349	25263350	0	False	NA
chr13_25315186_25315187	chr13	25315186	25315187	26	False	NA
chr13_25328758_25328759	chr13	25328758	25328759	22	False	NA
chr13_25532942_25532943	chr13	25532942	25532943	0	False	NA
chr13_25550959_25550960	chr13	25550959	25550960	0	False	NA
chr13_25554435_25554436	chr13	25554435	25554436	0	False	NA
chr13_25556969_25556970	chr13	25556969	25556970	0	False	NA
chr13_25562090_25562091	chr13	25562090	25562091	0	False	NA
chr13_25581423_25581424	chr13	25581423	25581424	0	False	NA
chr13_26217579_26217580	chr13	26217579	26217580	12	False	NA
chr13_26383135_26383136	chr13	26383135	26383136	10	False	NA
chr13_26396830_26396831	chr13	26396830	26396831	14	False	NA
chr13_27254797_27254798	chr13	27254797	27254798	344	True	39
chr13_27438086_27438087	chr13	27438086	27438087	10	False	NA
chr13_27548569_27548570	chr13	27548569	27548570	8	False	NA
chr13_27549642_27549643	chr13	27549642	27549643	5	False	NA
chr13_27553686_27553687	chr13	27553686	27553687	0	False	NA
chr13_28022849_28022850	chr13	28022849	28022850	0	False	NA
chr13_28025669_28025670	chr13	28025669	28025670	0	False	NA
chr13_28055749_28055750	chr13	28055749	28055750	0	False	NA
chr13_28057779_28057780	chr13	28057779	28057780	0	False	NA
chr13_28257490_28257491	chr13	28257490	28257491	0	False	NA
chr13_28262502_28262503	chr13	28262502	28262503	52	True	39
chr13_28274465_28274466	chr13	28274465	28274466	47	True	39
chr13_28280140_28280141	chr13	28280140	28280141	97	True	39
chr13_28281084_28281085	chr13	28281084	28281085	38	False	NA
chr13_28284979_28284980	chr13	28284979	28284980	161	True	39
chr13_28326084_28326085	chr13	28326084	28326085	7	False	NA
chr13_28327977_28327978	chr13	28327977	28327978	0	False	NA
chr13_28434502_28434503	chr13	28434502	28434503	0	False	NA
chr13_28667079_28667080	chr13	28667079	28667080	30	False	NA
chr13_29769272_29769273	chr13	29769272	29769273	18	False	NA
chr13_30425404_30425405	chr13	30425404	30425405	0	False	NA
chr13_30642048_30642049	chr13	30642048	30642049	8	False	NA
chr13_30642186_30642187	chr13	30642186	30642187	26	False	NA
chr13_30645076_30645077	chr13	30645076	30645077	10	False	NA
chr13_30647627_30647628	chr13	30647627	30647628	78	True	39
chr13_30656707_30656708	chr13	30656707	30656708	25	False	NA
chr13_30737402_30737403	chr13	30737402	30737403	0	False	NA
chr13_30918989_30918990	chr13	30918989	30918990	0	False	NA
chr13_30955731_30955732	chr13	30955731	30955732	0	False	NA
chr13_31153773_31153774	chr13	31153773	31153774	196	True	39
chr13_31223825_31223826	chr13	31223825	31223826	0	False	NA
chr13_31267184_31267185	chr13	31267184	31267185	0	False	NA
chr13_31317746_31317747	chr13	31317746	31317747	0	False	NA
chr13_31763689_31763690	chr13	31763689	31763690	0	False	NA
chr13_31781181_31781182	chr13	31781181	31781182	0	False	NA
chr13_31785163_31785164	chr13	31785163	31785164	0	False	NA
chr13_31799593_31799594	chr13	31799593	31799594	0	False	NA
chr13_31986367_31986368	chr13	31986367	31986368	0	False	NA
chr13_32147706_32147707	chr13	32147706	32147707	0	False	NA
chr13_32147711_32147712	chr13	32147711	32147712	0	False	NA
chr13_32151645_32151646	chr13	32151645	32151646	6	False	NA
chr13_32179469_32179470	chr13	32179469	32179470	28	False	NA
chr13_32197790_32197791	chr13	32197790	32197791	0	False	NA
chr13_32198511_32198512	chr13	32198511	32198512	5	False	NA
chr13_32264890_32264891	chr13	32264890	32264891	0	False	NA
chr13_32290428_32290429	chr13	32290428	32290429	0	False	NA
chr13_32312449_32312450	chr13	32312449	32312450	0	False	NA
chr13_32325891_32325892	chr13	32325891	32325892	0	False	NA
chr13_32329236_32329237	chr13	32329236	32329237	26	False	NA
chr13_32329254_32329255	chr13	32329254	32329255	24	False	NA
chr13_32330575_32330576	chr13	32330575	32330576	0	False	NA
chr13_32357529_32357530	chr13	32357529	32357530	5	False	NA
chr13_32521041_32521042	chr13	32521041	32521042	495	True	39
chr13_32674744_32674745	chr13	32674744	32674745	19	False	NA
chr13_32680458_32680459	chr13	32680458	32680459	0	False	NA
chr13_32702404_32702405	chr13	32702404	32702405	14	False	NA
chr13_32705011_32705012	chr13	32705011	32705012	14	False	NA
chr13_32734829_32734830	chr13	32734829	32734830	13	False	NA
chr13_32741948_32741949	chr13	32741948	32741949	16	False	NA
chr13_32743277_32743278	chr13	32743277	32743278	0	False	NA
chr13_32767876_32767877	chr13	32767876	32767877	0	False	NA
chr13_32771692_32771693	chr13	32771692	32771693	27	False	NA
chr13_33056160_33056161	chr13	33056160	33056161	0	False	NA
chr13_33334711_33334712	chr13	33334711	33334712	40	True	39
chr13_33830578_33830579	chr13	33830578	33830579	78	True	39
chr13_35054920_35054921	chr13	35054920	35054921	0	False	NA
chr13_35110353_35110354	chr13	35110353	35110354	0	False	NA
chr13_35120225_35120226	chr13	35120225	35120226	0	False	NA
chr13_36174303_36174304	chr13	36174303	36174304	0	False	NA
chr13_36193005_36193006	chr13	36193005	36193006	0	False	NA
chr13_36195203_36195204	chr13	36195203	36195204	5	False	NA
chr13_36849769_36849770	chr13	36849769	36849770	7	False	NA
chr13_36878663_36878664	chr13	36878663	36878664	8	False	NA
chr13_37043395_37043396	chr13	37043395	37043396	0	False	NA
chr13_37574951_37574952	chr13	37574951	37574952	0	False	NA
chr13_37578432_37578433	chr13	37578432	37578433	0	False	NA
chr13_37582043_37582044	chr13	37582043	37582044	0	False	NA
chr13_37596910_37596911	chr13	37596910	37596911	0	False	NA
chr13_38860187_38860188	chr13	38860187	38860188	0	False	NA
chr13_39682669_39682670	chr13	39682669	39682670	153	True	39
chr13_39683882_39683883	chr13	39683882	39683883	70	True	39
chr13_39688127_39688128	chr13	39688127	39688128	22	False	NA
chr13_39724255_39724256	chr13	39724255	39724256	6	False	NA
chr13_39727251_39727252	chr13	39727251	39727252	11	False	NA
chr13_41064150_41064151	chr13	41064150	41064151	44	True	39
chr13_41072178_41072179	chr13	41072178	41072179	5	False	NA
chr13_41325341_41325342	chr13	41325341	41325342	0	False	NA
chr13_41329952_41329953	chr13	41329952	41329953	65	True	39
chr13_41334579_41334580	chr13	41334579	41334580	17	False	NA
chr13_41464816_41464817	chr13	41464816	41464817	0	False	NA
chr13_41468460_41468461	chr13	41468460	41468461	0	False	NA
chr13_41571110_41571111	chr13	41571110	41571111	0	False	NA
chr13_41611307_41611308	chr13	41611307	41611308	0	False	NA
chr13_41692500_41692501	chr13	41692500	41692501	24	False	NA
chr13_41698857_41698858	chr13	41698857	41698858	53	True	39
chr13_41700863_41700864	chr13	41700863	41700864	0	False	NA
chr13_41724553_41724554	chr13	41724553	41724554	0	False	NA
chr13_41731866_41731867	chr13	41731866	41731867	0	False	NA
chr13_41818765_41818766	chr13	41818765	41818766	19	False	NA
chr13_42129274_42129275	chr13	42129274	42129275	0	False	NA
chr13_42167882_42167883	chr13	42167882	42167883	6	False	NA
chr13_42188905_42188906	chr13	42188905	42188906	5	False	NA
chr13_42191659_42191660	chr13	42191659	42191660	0	False	NA
chr13_42287933_42287934	chr13	42287933	42287934	20	False	NA
chr13_42314818_42314819	chr13	42314818	42314819	49	True	39
chr13_42605647_42605648	chr13	42605647	42605648	0	False	NA
chr13_42920777_42920778	chr13	42920777	42920778	0	False	NA
chr13_43068799_43068800	chr13	43068799	43068800	5	False	NA
chr13_43084924_43084925	chr13	43084924	43084925	12	False	NA
chr13_43880351_43880352	chr13	43880351	43880352	0	False	NA
chr13_43891107_43891108	chr13	43891107	43891108	0	False	NA
chr13_44979551_44979552	chr13	44979551	44979552	0	False	NA
chr13_44980328_44980329	chr13	44980328	44980329	8	False	NA
chr13_45179531_45179532	chr13	45179531	45179532	47	True	39
chr13_45502160_45502161	chr13	45502160	45502161	58	True	39
chr13_45512272_45512273	chr13	45512272	45512273	1421	True	38
chr13_45534246_45534247	chr13	45534246	45534247	100	True	39
chr13_45549372_45549373	chr13	45549372	45549373	0	False	NA
chr13_45563010_45563011	chr13	45563010	45563011	0	False	NA
chr13_45957695_45957696	chr13	45957695	45957696	0	False	NA
chr13_45980186_45980187	chr13	45980186	45980187	267	True	39
chr13_46005833_46005834	chr13	46005833	46005834	0	False	NA
chr13_46042479_46042480	chr13	46042479	46042480	177	True	39
chr13_46056275_46056276	chr13	46056275	46056276	0	False	NA
chr13_46064857_46064858	chr13	46064857	46064858	63	True	39
chr13_46066051_46066052	chr13	46066051	46066052	16	False	NA
chr13_46081860_46081861	chr13	46081860	46081861	38	False	NA
chr13_46087229_46087230	chr13	46087229	46087230	11	False	NA
chr13_46361714_46361715	chr13	46361714	46361715	0	False	NA
chr13_46732019_46732020	chr13	46732019	46732020	0	False	NA
chr13_46737800_46737801	chr13	46737800	46737801	12	False	NA
chr13_46780107_46780108	chr13	46780107	46780108	152	True	39
chr13_48044460_48044461	chr13	48044460	48044461	0	False	NA
chr13_48477935_48477936	chr13	48477935	48477936	0	False	NA
chr13_48509070_48509071	chr13	48509070	48509071	10	False	NA
chr13_48511639_48511640	chr13	48511639	48511640	0	False	NA
chr13_48514054_48514055	chr13	48514054	48514055	0	False	NA
chr13_48514633_48514634	chr13	48514633	48514634	0	False	NA
chr13_49255311_49255312	chr13	49255311	49255312	0	False	NA
chr13_49258698_49258699	chr13	49258698	49258699	11	False	NA
chr13_49261304_49261305	chr13	49261304	49261305	0	False	NA
chr13_49279773_49279774	chr13	49279773	49279774	0	False	NA
chr13_49464537_49464538	chr13	49464537	49464538	34	False	NA
chr13_49482195_49482196	chr13	49482195	49482196	0	False	NA
chr13_49545514_49545515	chr13	49545514	49545515	72	True	39
chr13_49550410_49550411	chr13	49550410	49550411	38	False	NA
chr13_49558285_49558286	chr13	49558285	49558286	17	False	NA
chr13_49702214_49702215	chr13	49702214	49702215	19	False	NA
chr13_49709096_49709097	chr13	49709096	49709097	9	False	NA
chr13_49921889_49921890	chr13	49921889	49921890	0	False	NA
chr13_49928641_49928642	chr13	49928641	49928642	0	False	NA
chr13_51371283_51371284	chr13	51371283	51371284	61	True	39
chr13_51375384_51375385	chr13	51375384	51375385	542	True	39
chr13_51391945_51391946	chr13	51391945	51391946	33	False	NA
chr13_51634262_51634263	chr13	51634262	51634263	10	False	NA
chr13_51723493_51723494	chr13	51723493	51723494	27	False	NA
chr13_51754396_51754397	chr13	51754396	51754397	320	True	39
chr13_52069264_52069265	chr13	52069264	52069265	0	False	NA
chr13_52075173_52075174	chr13	52075173	52075174	0	False	NA
chr13_52085078_52085079	chr13	52085078	52085079	0	False	NA
chr13_52090201_52090202	chr13	52090201	52090202	0	False	NA
chr13_52097341_52097342	chr13	52097341	52097342	0	False	NA
chr13_52111098_52111099	chr13	52111098	52111099	0	False	NA
chr13_52141360_52141361	chr13	52141360	52141361	10	False	NA
chr13_52141369_52141370	chr13	52141369	52141370	10	False	NA
chr13_52145323_52145324	chr13	52145323	52145324	35	False	NA
chr13_52435480_52435481	chr13	52435480	52435481	37	False	NA
chr13_52449528_52449529	chr13	52449528	52449529	10	False	NA
chr13_52464781_52464782	chr13	52464781	52464782	174	True	39
chr13_52707799_52707800	chr13	52707799	52707800	0	False	NA
chr13_52710470_52710471	chr13	52710470	52710471	0	False	NA
chr13_52712218_52712219	chr13	52712218	52712219	0	False	NA
chr13_53041908_53041909	chr13	53041908	53041909	0	False	NA
chr13_53044266_53044267	chr13	53044266	53044267	0	False	NA
chr13_59834505_59834506	chr13	59834505	59834506	12	False	NA
chr13_59912139_59912140	chr13	59912139	59912140	32	False	NA
chr13_59973781_59973782	chr13	59973781	59973782	22	False	NA
chr13_60484408_60484409	chr13	60484408	60484409	11	False	NA
chr13_60486163_60486164	chr13	60486163	60486164	5	False	NA
chr13_67229094_67229095	chr13	67229094	67229095	6	False	NA
chr13_67229547_67229548	chr13	67229547	67229548	55	True	39
chr13_67229551_67229552	chr13	67229551	67229552	55	True	39
chr13_69702144_69702145	chr13	69702144	69702145	0	False	NA
chr13_72737269_72737270	chr13	72737269	72737270	30	False	NA
chr13_72797694_72797695	chr13	72797694	72797695	13	False	NA
chr13_72826372_72826373	chr13	72826372	72826373	6	False	NA
chr13_72832896_72832897	chr13	72832896	72832897	88	True	39
chr13_72912176_72912177	chr13	72912176	72912177	0	False	NA
chr13_75287811_75287812	chr13	75287811	75287812	0	False	NA
chr13_75288298_75288299	chr13	75288298	75288299	0	False	NA
chr13_75291193_75291194	chr13	75291193	75291194	19	False	NA
chr13_75357831_75357832	chr13	75357831	75357832	19	False	NA
chr13_75534567_75534568	chr13	75534567	75534568	207	True	39
chr13_75817987_75817988	chr13	75817987	75817988	0	False	NA
chr13_75843425_75843426	chr13	75843425	75843426	23	False	NA
chr13_75844206_75844207	chr13	75844206	75844207	22	False	NA
chr13_76954776_76954777	chr13	76954776	76954777	0	False	NA
chr13_77054759_77054760	chr13	77054759	77054760	0	False	NA
chr13_77074201_77074202	chr13	77074201	77074202	0	False	NA
chr13_77087427_77087428	chr13	77087427	77087428	0	False	NA
chr13_77091063_77091064	chr13	77091063	77091064	6	False	NA
chr13_77093009_77093010	chr13	77093009	77093010	0	False	NA
chr13_77094654_77094655	chr13	77094654	77094655	5	False	NA
chr13_77124262_77124263	chr13	77124262	77124263	20	False	NA
chr13_77125845_77125846	chr13	77125845	77125846	20	False	NA
chr13_77140526_77140527	chr13	77140526	77140527	28	False	NA
chr13_77141645_77141646	chr13	77141645	77141646	6	False	NA
chr13_77156641_77156642	chr13	77156641	77156642	12	False	NA
chr13_77181392_77181393	chr13	77181392	77181393	11	False	NA
chr13_77261725_77261726	chr13	77261725	77261726	64	True	39
chr13_77275340_77275341	chr13	77275340	77275341	33	False	NA
chr13_77290724_77290725	chr13	77290724	77290725	32	False	NA
chr13_77561719_77561720	chr13	77561719	77561720	0	False	NA
chr13_77605439_77605440	chr13	77605439	77605440	0	False	NA
chr13_77633683_77633684	chr13	77633683	77633684	0	False	NA
chr13_77635170_77635171	chr13	77635170	77635171	0	False	NA
chr13_77638088_77638089	chr13	77638088	77638089	0	False	NA
chr13_77641618_77641619	chr13	77641618	77641619	0	False	NA
chr13_77759604_77759605	chr13	77759604	77759605	0	False	NA
chr13_77761548_77761549	chr13	77761548	77761549	0	False	NA
chr13_79344087_79344088	chr13	79344087	79344088	27	False	NA
chr13_79355949_79355950	chr13	79355949	79355950	17	False	NA
chr13_79357539_79357540	chr13	79357539	79357540	90	True	39
chr13_93559772_93559773	chr13	93559772	93559773	19	False	NA
chr13_94402361_94402362	chr13	94402361	94402362	0	False	NA
chr13_94462660_94462661	chr13	94462660	94462661	0	False	NA
chr13_94620671_94620672	chr13	94620671	94620672	28	False	NA
chr13_94626665_94626666	chr13	94626665	94626666	5	False	NA
chr13_95038629_95038630	chr13	95038629	95038630	5	False	NA
chr13_95045859_95045860	chr13	95045859	95045860	15	False	NA
chr13_95078759_95078760	chr13	95078759	95078760	0	False	NA
chr13_95165939_95165940	chr13	95165939	95165940	39	False	NA
chr13_95171297_95171298	chr13	95171297	95171298	157	True	39
chr13_95615122_95615123	chr13	95615122	95615123	27	False	NA
chr13_95763563_95763564	chr13	95763563	95763564	52	True	39
chr13_95834536_95834537	chr13	95834536	95834537	14	False	NA
chr13_95885193_95885194	chr13	95885193	95885194	5	False	NA
chr13_95898440_95898441	chr13	95898440	95898441	27	False	NA
chr13_96026115_96026116	chr13	96026115	96026116	29	False	NA
chr13_97343650_97343651	chr13	97343650	97343651	30	False	NA
chr13_97987419_97987420	chr13	97987419	97987420	5	False	NA
chr13_97989525_97989526	chr13	97989525	97989526	13	False	NA
chr13_97990032_97990033	chr13	97990032	97990033	122	True	39
chr13_97991695_97991696	chr13	97991695	97991696	29	False	NA
chr13_98013863_98013864	chr13	98013863	98013864	106	True	39
chr13_98016526_98016527	chr13	98016526	98016527	71	True	39
chr13_98148226_98148227	chr13	98148226	98148227	149	True	39
chr13_98377752_98377753	chr13	98377752	98377753	1070	True	39
chr13_98394253_98394254	chr13	98394253	98394254	87	True	39
chr13_98411872_98411873	chr13	98411872	98411873	783	True	39
chr13_98458486_98458487	chr13	98458486	98458487	5	False	NA
chr13_98458986_98458987	chr13	98458986	98458987	17	False	NA
chr13_98463983_98463984	chr13	98463983	98463984	61	True	39
chr13_98468808_98468809	chr13	98468808	98468809	121	True	39
chr13_98711792_98711793	chr13	98711792	98711793	0	False	NA
chr13_98808131_98808132	chr13	98808131	98808132	0	False	NA
chr13_98832386_98832387	chr13	98832386	98832387	0	False	NA
chr13_98864991_98864992	chr13	98864991	98864992	6	False	NA
chr13_98867063_98867064	chr13	98867063	98867064	18	False	NA
chr13_98892715_98892716	chr13	98892715	98892716	0	False	NA
chr13_98902682_98902683	chr13	98902682	98902683	5	False	NA
chr13_98922457_98922458	chr13	98922457	98922458	19	False	NA
chr13_99257461_99257462	chr13	99257461	99257462	0	False	NA
chr13_99314393_99314394	chr13	99314393	99314394	15	False	NA
chr13_99548827_99548828	chr13	99548827	99548828	62	True	39
chr13_99551507_99551508	chr13	99551507	99551508	0	False	NA
chr13_100104137_100104138	chr13	100104137	100104138	0	False	NA
chr13_100157283_100157284	chr13	100157283	100157284	124	True	39
chr13_100308604_100308605	chr13	100308604	100308605	0	False	NA
chr13_100629365_100629366	chr13	100629365	100629366	0	False	NA
chr13_101091768_101091769	chr13	101091768	101091769	0	False	NA
chr13_101092030_101092031	chr13	101092030	101092031	0	False	NA
chr13_101098840_101098841	chr13	101098840	101098841	0	False	NA
chr13_101105647_101105648	chr13	101105647	101105648	0	False	NA
chr13_101109171_101109172	chr13	101109171	101109172	0	False	NA
chr13_101144429_101144430	chr13	101144429	101144430	0	False	NA
chr13_101723697_101723698	chr13	101723697	101723698	0	False	NA
chr13_101724178_101724179	chr13	101724178	101724179	0	False	NA
chr13_102603811_102603812	chr13	102603811	102603812	0	False	NA
chr13_102614648_102614649	chr13	102614648	102614649	5	False	NA
chr13_102626638_102626639	chr13	102626638	102626639	42	True	39
chr13_102646758_102646759	chr13	102646758	102646759	13	False	NA
chr13_102658864_102658865	chr13	102658864	102658865	113	True	39
chr13_102664300_102664301	chr13	102664300	102664301	15	False	NA
chr13_102686667_102686668	chr13	102686667	102686668	0	False	NA
chr13_102686672_102686673	chr13	102686672	102686673	0	False	NA
chr13_102691287_102691288	chr13	102691287	102691288	0	False	NA
chr13_102757499_102757500	chr13	102757499	102757500	0	False	NA
chr13_102833839_102833840	chr13	102833839	102833840	19	False	NA
chr13_102855807_102855808	chr13	102855807	102855808	0	False	NA
chr13_102855812_102855813	chr13	102855812	102855813	0	False	NA
chr13_108886746_108886747	chr13	108886746	108886747	0	False	NA
chr13_109051882_109051883	chr13	109051882	109051883	0	False	NA
chr13_109052680_109052681	chr13	109052680	109052681	0	False	NA
chr13_110152089_110152090	chr13	110152089	110152090	0	False	NA
chr13_110180501_110180502	chr13	110180501	110180502	0	False	NA
chr13_110192941_110192942	chr13	110192941	110192942	8	False	NA
chr13_110442581_110442582	chr13	110442581	110442582	0	False	NA
chr13_110469594_110469595	chr13	110469594	110469595	0	False	NA
chr13_110619130_110619131	chr13	110619130	110619131	15	False	NA
chr13_110625011_110625012	chr13	110625011	110625012	74	True	39
chr13_110635119_110635120	chr13	110635119	110635120	149	True	39
chr13_110635134_110635135	chr13	110635134	110635135	130	True	39
chr13_110684064_110684065	chr13	110684064	110684065	6	False	NA
chr13_111302722_111302723	chr13	111302722	111302723	5	False	NA
chr13_111317726_111317727	chr13	111317726	111317727	10	False	NA
chr13_111339729_111339730	chr13	111339729	111339730	0	False	NA
chr13_112395448_112395449	chr13	112395448	112395449	0	False	NA
chr13_112399719_112399720	chr13	112399719	112399720	0	False	NA
chr13_112518149_112518150	chr13	112518149	112518150	21	False	NA
chr13_112552080_112552081	chr13	112552080	112552081	286	True	39
chr13_112555367_112555368	chr13	112555367	112555368	16	False	NA
chr13_112557424_112557425	chr13	112557424	112557425	12	False	NA
chr13_112561445_112561446	chr13	112561445	112561446	22	False	NA
chr13_112568657_112568658	chr13	112568657	112568658	5	False	NA
chr13_112807741_112807742	chr13	112807741	112807742	299	True	39
chr13_112823259_112823260	chr13	112823259	112823260	495	True	39
chr13_112825781_112825782	chr13	112825781	112825782	57	True	39
chr13_112853686_112853687	chr13	112853686	112853687	57	True	39
chr13_113061618_113061619	chr13	113061618	113061619	305	True	39
chr13_113209778_113209779	chr13	113209778	113209779	1373	True	39
chr13_113234740_113234741	chr13	113234740	113234741	67	True	39
chr13_113243672_113243673	chr13	113243672	113243673	185	True	39
chr13_113254104_113254105	chr13	113254104	113254105	30	False	NA
chr13_113259452_113259453	chr13	113259452	113259453	236	True	39
chr13_113261647_113261648	chr13	113261647	113261648	11	False	NA
chr13_113487215_113487216	chr13	113487215	113487216	333	True	39
chr13_113656008_113656009	chr13	113656008	113656009	15	False	NA
chr13_113847877_113847878	chr13	113847877	113847878	144	True	39
chr13_114000563_114000564	chr13	114000563	114000564	5	False	NA
chr13_114000568_114000569	chr13	114000568	114000569	5	False	NA
chr13_114002206_114002207	chr13	114002206	114002207	49	True	39
chr14_20385862_20385863	chr14	20385862	20385863	0	False	NA
chr14_21073676_21073677	chr14	21073676	21073677	49	True	39
chr14_21099703_21099704	chr14	21099703	21099704	6	False	NA
chr14_21299865_21299866	chr14	21299865	21299866	0	False	NA
chr14_21311695_21311696	chr14	21311695	21311696	0	False	NA
chr14_21327887_21327888	chr14	21327887	21327888	0	False	NA
chr14_21331051_21331052	chr14	21331051	21331052	0	False	NA
chr14_21410092_21410093	chr14	21410092	21410093	57	True	39
chr14_21465486_21465487	chr14	21465486	21465487	17	False	NA
chr14_21472505_21472506	chr14	21472505	21472506	145	True	39
chr14_21477047_21477048	chr14	21477047	21477048	0	False	NA
chr14_22605527_22605528	chr14	22605527	22605528	21	False	NA
chr14_22769789_22769790	chr14	22769789	22769790	4904	True	19
chr14_22779424_22779425	chr14	22779424	22779425	0	False	NA
chr14_22950630_22950631	chr14	22950630	22950631	62	True	39
chr14_22974347_22974348	chr14	22974347	22974348	1016	True	39
chr14_23242476_23242477	chr14	23242476	23242477	0	False	NA
chr14_23244145_23244146	chr14	23244145	23244146	0	False	NA
chr14_23259787_23259788	chr14	23259787	23259788	0	False	NA
chr14_23263477_23263478	chr14	23263477	23263478	0	False	NA
chr14_23422038_23422039	chr14	23422038	23422039	0	False	NA
chr14_23574618_23574619	chr14	23574618	23574619	0	False	NA
chr14_23636894_23636895	chr14	23636894	23636895	16488	True	8
chr14_23639525_23639526	chr14	23639525	23639526	7268	True	6
chr14_23639675_23639676	chr14	23639675	23639676	6341	True	6
chr14_24120003_24120004	chr14	24120003	24120004	100	True	39
chr14_24136896_24136897	chr14	24136896	24136897	876	True	39
chr14_24181892_24181893	chr14	24181892	24181893	1351	True	39
chr14_24185025_24185026	chr14	24185025	24185026	721	True	39
chr14_24249665_24249666	chr14	24249665	24249666	0	False	NA
chr14_26470801_26470802	chr14	26470801	26470802	5	False	NA
chr14_26474560_26474561	chr14	26474560	26474561	0	False	NA
chr14_29625114_29625115	chr14	29625114	29625115	0	False	NA
chr14_30589212_30589213	chr14	30589212	30589213	276	True	39
chr14_30591784_30591785	chr14	30591784	30591785	112	True	39
chr14_30598399_30598400	chr14	30598399	30598400	718	True	39
chr14_30640141_30640142	chr14	30640141	30640142	63	True	39
chr14_30645142_30645143	chr14	30645142	30645143	263	True	39
chr14_30879071_30879072	chr14	30879071	30879072	133	True	39
chr14_30906200_30906201	chr14	30906200	30906201	67	True	39
chr14_30936127_30936128	chr14	30936127	30936128	9	False	NA
chr14_31069598_31069599	chr14	31069598	31069599	0	False	NA
chr14_31069600_31069601	chr14	31069600	31069601	0	False	NA
chr14_31117989_31117990	chr14	31117989	31117990	87	True	39
chr14_31138541_31138542	chr14	31138541	31138542	374	True	39
chr14_31144651_31144652	chr14	31144651	31144652	182	True	39
chr14_31300597_31300598	chr14	31300597	31300598	25	False	NA
chr14_31313281_31313282	chr14	31313281	31313282	138	True	39
chr14_31388381_31388382	chr14	31388381	31388382	83	True	39
chr14_31397018_31397019	chr14	31397018	31397019	19	False	NA
chr14_32152024_32152025	chr14	32152024	32152025	72	True	39
chr14_34523955_34523956	chr14	34523955	34523956	13	False	NA
chr14_34588871_34588872	chr14	34588871	34588872	5	False	NA
chr14_34594966_34594967	chr14	34594966	34594967	38	False	NA
chr14_34597062_34597063	chr14	34597062	34597063	29	False	NA
chr14_34802133_34802134	chr14	34802133	34802134	5	False	NA
chr14_34804878_34804879	chr14	34804878	34804879	29	False	NA
chr14_35092965_35092966	chr14	35092965	35092966	62	True	39
chr14_35096952_35096953	chr14	35096952	35096953	23	False	NA
chr14_35112044_35112045	chr14	35112044	35112045	38	False	NA
chr14_35119665_35119666	chr14	35119665	35119666	25	False	NA
chr14_35121116_35121117	chr14	35121116	35121117	0	False	NA
chr14_35125234_35125235	chr14	35125234	35125235	14	False	NA
chr14_35625465_35625466	chr14	35625465	35625466	138	True	39
chr14_35722349_35722350	chr14	35722349	35722350	0	False	NA
chr14_35722351_35722352	chr14	35722351	35722352	0	False	NA
chr14_35761789_35761790	chr14	35761789	35761790	17	False	NA
chr14_35863212_35863213	chr14	35863212	35863213	0	False	NA
chr14_35870228_35870229	chr14	35870228	35870229	38	False	NA
chr14_37097349_37097350	chr14	37097349	37097350	63	True	39
chr14_37267827_37267828	chr14	37267827	37267828	14	False	NA
chr14_37681582_37681583	chr14	37681582	37681583	12	False	NA
chr14_37735773_37735774	chr14	37735773	37735774	108	True	39
chr14_37751652_37751653	chr14	37751652	37751653	63	True	39
chr14_37790445_37790446	chr14	37790445	37790446	5	False	NA
chr14_37791514_37791515	chr14	37791514	37791515	0	False	NA
chr14_37793533_37793534	chr14	37793533	37793534	6	False	NA
chr14_37794350_37794351	chr14	37794350	37794351	5	False	NA
chr14_37824162_37824163	chr14	37824162	37824163	7	False	NA
chr14_39037465_39037466	chr14	39037465	39037466	99	True	39
chr14_39037469_39037470	chr14	39037469	39037470	78	True	39
chr14_39045929_39045930	chr14	39045929	39045930	5	False	NA
chr14_39051703_39051704	chr14	39051703	39051704	40	True	39
chr14_39175521_39175522	chr14	39175521	39175522	1952	True	39
chr14_39240303_39240304	chr14	39240303	39240304	0	False	NA
chr14_39316960_39316961	chr14	39316960	39316961	29	False	NA
chr14_39323921_39323922	chr14	39323921	39323922	502	True	39
chr14_41888536_41888537	chr14	41888536	41888537	0	False	NA
chr14_41901796_41901797	chr14	41901796	41901797	0	False	NA
chr14_44931717_44931718	chr14	44931717	44931718	7	False	NA
chr14_45008430_45008431	chr14	45008430	45008431	0	False	NA
chr14_45009781_45009782	chr14	45009781	45009782	52	True	39
chr14_45098005_45098006	chr14	45098005	45098006	159	True	39
chr14_45098820_45098821	chr14	45098820	45098821	133	True	39
chr14_45118791_45118792	chr14	45118791	45118792	13	False	NA
chr14_45122320_45122321	chr14	45122320	45122321	35	False	NA
chr14_45132258_45132259	chr14	45132258	45132259	135	True	39
chr14_45142689_45142690	chr14	45142689	45142690	53	True	39
chr14_45158485_45158486	chr14	45158485	45158486	16	False	NA
chr14_45164278_45164279	chr14	45164278	45164279	5	False	NA
chr14_45182503_45182504	chr14	45182503	45182504	21	False	NA
chr14_45204646_45204647	chr14	45204646	45204647	64	True	39
chr14_45206737_45206738	chr14	45206737	45206738	154	True	39
chr14_45224874_45224875	chr14	45224874	45224875	32	False	NA
chr14_45226942_45226943	chr14	45226942	45226943	30	False	NA
chr14_45231778_45231779	chr14	45231778	45231779	12	False	NA
chr14_45237171_45237172	chr14	45237171	45237172	66	True	39
chr14_45245267_45245268	chr14	45245267	45245268	15	False	NA
chr14_46875236_46875237	chr14	46875236	46875237	0	False	NA
chr14_49626161_49626162	chr14	49626161	49626162	5	False	NA
chr14_49664887_49664888	chr14	49664887	49664888	35	False	NA
chr14_49801612_49801613	chr14	49801612	49801613	119	True	39
chr14_49839899_49839900	chr14	49839899	49839900	49	True	39
chr14_50111617_50111618	chr14	50111617	50111618	192	True	39
chr14_50161050_50161051	chr14	50161050	50161051	5	False	NA
chr14_50181047_50181048	chr14	50181047	50181048	38	False	NA
chr14_50187865_50187866	chr14	50187865	50187866	0	False	NA
chr14_50269047_50269048	chr14	50269047	50269048	51	True	39
chr14_50279136_50279137	chr14	50279136	50279137	0	False	NA
chr14_50282327_50282328	chr14	50282327	50282328	14	False	NA
chr14_50302391_50302392	chr14	50302391	50302392	0	False	NA
chr14_50330787_50330788	chr14	50330787	50330788	0	False	NA
chr14_50436264_50436265	chr14	50436264	50436265	22	False	NA
chr14_50442214_50442215	chr14	50442214	50442215	31	False	NA
chr14_50475467_50475468	chr14	50475467	50475468	52	True	39
chr14_50475469_50475470	chr14	50475469	50475470	52	True	39
chr14_50482074_50482075	chr14	50482074	50482075	10	False	NA
chr14_50738723_50738724	chr14	50738723	50738724	11	False	NA
chr14_50931271_50931272	chr14	50931271	50931272	52	True	39
chr14_50941046_50941047	chr14	50941046	50941047	53	True	39
chr14_51248973_51248974	chr14	51248973	51248974	15	False	NA
chr14_51250884_51250885	chr14	51250884	51250885	14	False	NA
chr14_52019660_52019661	chr14	52019660	52019661	0	False	NA
chr14_52439958_52439959	chr14	52439958	52439959	0	False	NA
chr14_52488964_52488965	chr14	52488964	52488965	0	False	NA
chr14_52537343_52537344	chr14	52537343	52537344	9	False	NA
chr14_52724238_52724239	chr14	52724238	52724239	39	False	NA
chr14_52749298_52749299	chr14	52749298	52749299	64	True	39
chr14_52750445_52750446	chr14	52750445	52750446	63	True	39
chr14_52750449_52750450	chr14	52750449	52750450	63	True	39
chr14_52755916_52755917	chr14	52755916	52755917	121	True	39
chr14_52778757_52778758	chr14	52778757	52778758	39	False	NA
chr14_52873288_52873289	chr14	52873288	52873289	25	False	NA
chr14_53062587_53062588	chr14	53062587	53062588	8	False	NA
chr14_54532205_54532206	chr14	54532205	54532206	39	False	NA
chr14_54762129_54762130	chr14	54762129	54762130	0	False	NA
chr14_54775203_54775204	chr14	54775203	54775204	79	True	39
chr14_54846131_54846132	chr14	54846131	54846132	20	False	NA
chr14_54860245_54860246	chr14	54860245	54860246	0	False	NA
chr14_54861930_54861931	chr14	54861930	54861931	0	False	NA
chr14_54982509_54982510	chr14	54982509	54982510	20	False	NA
chr14_54986722_54986723	chr14	54986722	54986723	29	False	NA
chr14_54992652_54992653	chr14	54992652	54992653	0	False	NA
chr14_55012765_55012766	chr14	55012765	55012766	0	False	NA
chr14_55141008_55141009	chr14	55141008	55141009	0	False	NA
chr14_55159490_55159491	chr14	55159490	55159491	87	True	39
chr14_55379986_55379987	chr14	55379986	55379987	41	True	39
chr14_55380348_55380349	chr14	55380348	55380349	113	True	39
chr14_55385678_55385679	chr14	55385678	55385679	11	False	NA
chr14_55425786_55425787	chr14	55425786	55425787	0	False	NA
chr14_55434172_55434173	chr14	55434172	55434173	0	False	NA
chr14_55621718_55621719	chr14	55621718	55621719	54	True	39
chr14_55636905_55636906	chr14	55636905	55636906	352	True	39
chr14_55671164_55671165	chr14	55671164	55671165	46	True	39
chr14_56283505_56283506	chr14	56283505	56283506	0	False	NA
chr14_56635275_56635276	chr14	56635275	56635276	0	False	NA
chr14_57392502_57392503	chr14	57392502	57392503	30	False	NA
chr14_57399452_57399453	chr14	57399452	57399453	31	False	NA
chr14_57571323_57571324	chr14	57571323	57571324	0	False	NA
chr14_58005984_58005985	chr14	58005984	58005985	0	False	NA
chr14_58136977_58136978	chr14	58136977	58136978	0	False	NA
chr14_58264343_58264344	chr14	58264343	58264344	60	True	39
chr14_58319422_58319423	chr14	58319422	58319423	0	False	NA
chr14_58326097_58326098	chr14	58326097	58326098	36	False	NA
chr14_58326735_58326736	chr14	58326735	58326736	7	False	NA
chr14_58432116_58432117	chr14	58432116	58432117	0	False	NA
chr14_58450386_58450387	chr14	58450386	58450387	0	False	NA
chr14_58454718_58454719	chr14	58454718	58454719	30	False	NA
chr14_58475186_58475187	chr14	58475186	58475187	22	False	NA
chr14_58477953_58477954	chr14	58477953	58477954	126	True	39
chr14_58492986_58492987	chr14	58492986	58492987	5	False	NA
chr14_58641905_58641906	chr14	58641905	58641906	0	False	NA
chr14_59330014_59330015	chr14	59330014	59330015	0	False	NA
chr14_59339162_59339163	chr14	59339162	59339163	0	False	NA
chr14_59341472_59341473	chr14	59341472	59341473	61	True	39
chr14_59356159_59356160	chr14	59356159	59356160	13	False	NA
chr14_59360151_59360152	chr14	59360151	59360152	5	False	NA
chr14_59362161_59362162	chr14	59362161	59362162	21	False	NA
chr14_59455796_59455797	chr14	59455796	59455797	39	False	NA
chr14_59522106_59522107	chr14	59522106	59522107	0	False	NA
chr14_59541069_59541070	chr14	59541069	59541070	0	False	NA
chr14_59923183_59923184	chr14	59923183	59923184	0	False	NA
chr14_59960668_59960669	chr14	59960668	59960669	0	False	NA
chr14_59972772_59972773	chr14	59972772	59972773	0	False	NA
chr14_60005517_60005518	chr14	60005517	60005518	0	False	NA
chr14_60009535_60009536	chr14	60009535	60009536	0	False	NA
chr14_60020003_60020004	chr14	60020003	60020004	0	False	NA
chr14_60291642_60291643	chr14	60291642	60291643	54	True	39
chr14_60483906_60483907	chr14	60483906	60483907	27	False	NA
chr14_61037428_61037429	chr14	61037428	61037429	5	False	NA
chr14_61042046_61042047	chr14	61042046	61042047	6	False	NA
chr14_61448198_61448199	chr14	61448198	61448199	0	False	NA
chr14_61529583_61529584	chr14	61529583	61529584	0	False	NA
chr14_61549384_61549385	chr14	61549384	61549385	0	False	NA
chr14_61739173_61739174	chr14	61739173	61739174	135	True	39
chr14_61741645_61741646	chr14	61741645	61741646	0	False	NA
chr14_62083146_62083147	chr14	62083146	62083147	0	False	NA
chr14_63282008_63282009	chr14	63282008	63282009	0	False	NA
chr14_63289031_63289032	chr14	63289031	63289032	0	False	NA
chr14_63316560_63316561	chr14	63316560	63316561	0	False	NA
chr14_63387943_63387944	chr14	63387943	63387944	0	False	NA
chr14_63387954_63387955	chr14	63387954	63387955	0	False	NA
chr14_63392328_63392329	chr14	63392328	63392329	16	False	NA
chr14_63392332_63392333	chr14	63392332	63392333	16	False	NA
chr14_63392336_63392337	chr14	63392336	63392337	16	False	NA
chr14_63965473_63965474	chr14	63965473	63965474	0	False	NA
chr14_63978271_63978272	chr14	63978271	63978272	25	False	NA
chr14_63991478_63991479	chr14	63991478	63991479	6	False	NA
chr14_64004905_64004906	chr14	64004905	64004906	0	False	NA
chr14_64011864_64011865	chr14	64011864	64011865	8	False	NA
chr14_64012255_64012256	chr14	64012255	64012256	0	False	NA
chr14_64022250_64022251	chr14	64022250	64022251	0	False	NA
chr14_64026074_64026075	chr14	64026074	64026075	0	False	NA
chr14_64059782_64059783	chr14	64059782	64059783	0	False	NA
chr14_64063003_64063004	chr14	64063003	64063004	0	False	NA
chr14_64064329_64064330	chr14	64064329	64064330	0	False	NA
chr14_64068081_64068082	chr14	64068081	64068082	0	False	NA
chr14_64090656_64090657	chr14	64090656	64090657	0	False	NA
chr14_64137056_64137057	chr14	64137056	64137057	0	False	NA
chr14_64143203_64143204	chr14	64143203	64143204	0	False	NA
chr14_64145203_64145204	chr14	64145203	64145204	0	False	NA
chr14_64149394_64149395	chr14	64149394	64149395	0	False	NA
chr14_64155332_64155333	chr14	64155332	64155333	0	False	NA
chr14_64167158_64167159	chr14	64167158	64167159	11	False	NA
chr14_64181622_64181623	chr14	64181622	64181623	0	False	NA
chr14_64280499_64280500	chr14	64280499	64280500	0	False	NA
chr14_64417419_64417420	chr14	64417419	64417420	47	True	39
chr14_64538583_64538584	chr14	64538583	64538584	0	False	NA
chr14_64551843_64551844	chr14	64551843	64551844	0	False	NA
chr14_64736070_64736071	chr14	64736070	64736071	5	False	NA
chr14_64778721_64778722	chr14	64778721	64778722	6	False	NA
chr14_64800561_64800562	chr14	64800561	64800562	63	True	39
chr14_65059441_65059442	chr14	65059441	65059442	0	False	NA
chr14_67110794_67110795	chr14	67110794	67110795	0	False	NA
chr14_67168147_67168148	chr14	67168147	67168148	0	False	NA
chr14_67168158_67168159	chr14	67168158	67168159	0	False	NA
chr14_67299107_67299108	chr14	67299107	67299108	22	False	NA
chr14_67344981_67344982	chr14	67344981	67344982	7	False	NA
chr14_67351309_67351310	chr14	67351309	67351310	18	False	NA
chr14_67357079_67357080	chr14	67357079	67357080	0	False	NA
chr14_67358144_67358145	chr14	67358144	67358145	7	False	NA
chr14_67359446_67359447	chr14	67359446	67359447	19	False	NA
chr14_67387954_67387955	chr14	67387954	67387955	0	False	NA
chr14_67468440_67468441	chr14	67468440	67468441	0	False	NA
chr14_67569697_67569698	chr14	67569697	67569698	97	True	39
chr14_67680243_67680244	chr14	67680243	67680244	7	False	NA
chr14_67723003_67723004	chr14	67723003	67723004	0	False	NA
chr14_67767014_67767015	chr14	67767014	67767015	0	False	NA
chr14_67781879_67781880	chr14	67781879	67781880	48	True	39
chr14_67795342_67795343	chr14	67795342	67795343	63	True	39
chr14_67799816_67799817	chr14	67799816	67799817	6	False	NA
chr14_67937939_67937940	chr14	67937939	67937940	187	True	39
chr14_68881387_68881388	chr14	68881387	68881388	32	False	NA
chr14_69339689_69339690	chr14	69339689	69339690	0	False	NA
chr14_69426454_69426455	chr14	69426454	69426455	77	True	39
chr14_69704040_69704041	chr14	69704040	69704041	58	True	39
chr14_69709835_69709836	chr14	69709835	69709836	0	False	NA
chr14_71025441_71025442	chr14	71025441	71025442	5	False	NA
chr14_71051789_71051790	chr14	71051789	71051790	20	False	NA
chr14_71054795_71054796	chr14	71054795	71054796	15	False	NA
chr14_71102542_71102543	chr14	71102542	71102543	0	False	NA
chr14_71654694_71654695	chr14	71654694	71654695	0	False	NA
chr14_71658788_71658789	chr14	71658788	71658789	0	False	NA
chr14_71699678_71699679	chr14	71699678	71699679	0	False	NA
chr14_72457677_72457678	chr14	72457677	72457678	0	False	NA
chr14_72477899_72477900	chr14	72477899	72477900	0	False	NA
chr14_72954705_72954706	chr14	72954705	72954706	5	False	NA
chr14_72971275_72971276	chr14	72971275	72971276	0	False	NA
chr14_72996736_72996737	chr14	72996736	72996737	5	False	NA
chr14_73109842_73109843	chr14	73109842	73109843	6	False	NA
chr14_73110302_73110303	chr14	73110302	73110303	21	False	NA
chr14_73194135_73194136	chr14	73194135	73194136	31	False	NA
chr14_73202065_73202066	chr14	73202065	73202066	10	False	NA
chr14_73294829_73294830	chr14	73294829	73294830	9	False	NA
chr14_73498493_73498494	chr14	73498493	73498494	0	False	NA
chr14_73508078_73508079	chr14	73508078	73508079	0	False	NA
chr14_73522120_73522121	chr14	73522120	73522121	0	False	NA
chr14_73594037_73594038	chr14	73594037	73594038	0	False	NA
chr14_73658675_73658676	chr14	73658675	73658676	6	False	NA
chr14_73856666_73856667	chr14	73856666	73856667	0	False	NA
chr14_73876361_73876362	chr14	73876361	73876362	0	False	NA
chr14_73881445_73881446	chr14	73881445	73881446	35	False	NA
chr14_73896977_73896978	chr14	73896977	73896978	0	False	NA
chr14_73904205_73904206	chr14	73904205	73904206	10	False	NA
chr14_73937854_73937855	chr14	73937854	73937855	0	False	NA
chr14_73974484_73974485	chr14	73974484	73974485	14	False	NA
chr14_74047006_74047007	chr14	74047006	74047007	0	False	NA
chr14_74054944_74054945	chr14	74054944	74054945	0	False	NA
chr14_74091137_74091138	chr14	74091137	74091138	272	True	39
chr14_74296270_74296271	chr14	74296270	74296271	754	True	39
chr14_74408224_74408225	chr14	74408224	74408225	0	False	NA
chr14_74504373_74504374	chr14	74504373	74504374	0	False	NA
chr14_74508536_74508537	chr14	74508536	74508537	0	False	NA
chr14_74515719_74515720	chr14	74515719	74515720	0	False	NA
chr14_74669244_74669245	chr14	74669244	74669245	33	False	NA
chr14_74812839_74812840	chr14	74812839	74812840	584	True	39
chr14_74817527_74817528	chr14	74817527	74817528	62	True	39
chr14_74861210_74861211	chr14	74861210	74861211	0	False	NA
chr14_75037759_75037760	chr14	75037759	75037760	0	False	NA
chr14_75088791_75088792	chr14	75088791	75088792	0	False	NA
chr14_75524898_75524899	chr14	75524898	75524899	0	False	NA
chr14_75641735_75641736	chr14	75641735	75641736	0	False	NA
chr14_75657119_75657120	chr14	75657119	75657120	0	False	NA
chr14_75667521_75667522	chr14	75667521	75667522	0	False	NA
chr14_75770645_75770646	chr14	75770645	75770646	5	False	NA
chr14_75774830_75774831	chr14	75774830	75774831	6	False	NA
chr14_76777606_76777607	chr14	76777606	76777607	0	False	NA
chr14_76830847_76830848	chr14	76830847	76830848	0	False	NA
chr14_77136466_77136467	chr14	77136466	77136467	0	False	NA
chr14_77226715_77226716	chr14	77226715	77226716	0	False	NA
chr14_77238118_77238119	chr14	77238118	77238119	0	False	NA
chr14_77379233_77379234	chr14	77379233	77379234	0	False	NA
chr14_77407127_77407128	chr14	77407127	77407128	0	False	NA
chr14_77452520_77452521	chr14	77452520	77452521	0	False	NA
chr14_77456195_77456196	chr14	77456195	77456196	0	False	NA
chr14_77458365_77458366	chr14	77458365	77458366	37	False	NA
chr14_77463284_77463285	chr14	77463284	77463285	24	False	NA
chr14_77565731_77565732	chr14	77565731	77565732	21	False	NA
chr14_77677459_77677460	chr14	77677459	77677460	0	False	NA
chr14_77719279_77719280	chr14	77719279	77719280	5	False	NA
chr14_80760724_80760725	chr14	80760724	80760725	0	False	NA
chr14_80835890_80835891	chr14	80835890	80835891	8	False	NA
chr14_80836391_80836392	chr14	80836391	80836392	0	False	NA
chr14_80907316_80907317	chr14	80907316	80907317	0	False	NA
chr14_80941248_80941249	chr14	80941248	80941249	0	False	NA
chr14_81182341_81182342	chr14	81182341	81182342	30	False	NA
chr14_81197105_81197106	chr14	81197105	81197106	128	True	39
chr14_81500986_81500987	chr14	81500986	81500987	0	False	NA
chr14_87943601_87943602	chr14	87943601	87943602	0	False	NA
chr14_88484661_88484662	chr14	88484661	88484662	0	False	NA
chr14_88505885_88505886	chr14	88505885	88505886	0	False	NA
chr14_88569143_88569144	chr14	88569143	88569144	20	False	NA
chr14_88577438_88577439	chr14	88577438	88577439	43	True	39
chr14_88602599_88602600	chr14	88602599	88602600	11	False	NA
chr14_88633044_88633045	chr14	88633044	88633045	11	False	NA
chr14_88635587_88635588	chr14	88635587	88635588	0	False	NA
chr14_88661600_88661601	chr14	88661600	88661601	5	False	NA
chr14_88701897_88701898	chr14	88701897	88701898	6	False	NA
chr14_88875662_88875663	chr14	88875662	88875663	0	False	NA
chr14_89973859_89973860	chr14	89973859	89973860	25	False	NA
chr14_90305791_90305792	chr14	90305791	90305792	6	False	NA
chr14_90676901_90676902	chr14	90676901	90676902	0	False	NA
chr14_90684795_90684796	chr14	90684795	90684796	5	False	NA
chr14_90897247_90897248	chr14	90897247	90897248	0	False	NA
chr14_90922914_90922915	chr14	90922914	90922915	0	False	NA
chr14_91162440_91162441	chr14	91162440	91162441	0	False	NA
chr14_91170741_91170742	chr14	91170741	91170742	6	False	NA
chr14_91187730_91187731	chr14	91187730	91187731	0	False	NA
chr14_91288165_91288166	chr14	91288165	91288166	0	False	NA
chr14_91289461_91289462	chr14	91289461	91289462	0	False	NA
chr14_91461747_91461748	chr14	91461747	91461748	80	True	39
chr14_91461759_91461760	chr14	91461759	91461760	72	True	39
chr14_91464991_91464992	chr14	91464991	91464992	0	False	NA
chr14_91466256_91466257	chr14	91466256	91466257	180	True	39
chr14_91484642_91484643	chr14	91484642	91484643	26	False	NA
chr14_91490287_91490288	chr14	91490287	91490288	16	False	NA
chr14_91589980_91589981	chr14	91589980	91589981	0	False	NA
chr14_91622785_91622786	chr14	91622785	91622786	0	False	NA
chr14_91688564_91688565	chr14	91688564	91688565	0	False	NA
chr14_91724682_91724683	chr14	91724682	91724683	0	False	NA
chr14_91725573_91725574	chr14	91725573	91725574	0	False	NA
chr14_91730134_91730135	chr14	91730134	91730135	0	False	NA
chr14_91783859_91783860	chr14	91783859	91783860	22	False	NA
chr14_91792812_91792813	chr14	91792812	91792813	0	False	NA
chr14_91877403_91877404	chr14	91877403	91877404	7	False	NA
chr14_91893158_91893159	chr14	91893158	91893159	0	False	NA
chr14_91974127_91974128	chr14	91974127	91974128	0	False	NA
chr14_92008204_92008205	chr14	92008204	92008205	0	False	NA
chr14_92010687_92010688	chr14	92010687	92010688	10	False	NA
chr14_92094855_92094856	chr14	92094855	92094856	11	False	NA
chr14_92136900_92136901	chr14	92136900	92136901	0	False	NA
chr14_92447369_92447370	chr14	92447369	92447370	0	False	NA
chr14_92452744_92452745	chr14	92452744	92452745	0	False	NA
chr14_92710343_92710344	chr14	92710343	92710344	5	False	NA
chr14_92714884_92714885	chr14	92714884	92714885	10	False	NA
chr14_92719115_92719116	chr14	92719115	92719116	20	False	NA
chr14_92803595_92803596	chr14	92803595	92803596	5	False	NA
chr14_92809178_92809179	chr14	92809178	92809179	26	False	NA
chr14_92953795_92953796	chr14	92953795	92953796	0	False	NA
chr14_93212583_93212584	chr14	93212583	93212584	23	False	NA
chr14_93224173_93224174	chr14	93224173	93224174	0	False	NA
chr14_93254606_93254607	chr14	93254606	93254607	21	False	NA
chr14_93261778_93261779	chr14	93261778	93261779	25	False	NA
chr14_93475205_93475206	chr14	93475205	93475206	0	False	NA
chr14_93576625_93576626	chr14	93576625	93576626	0	False	NA
chr14_93579817_93579818	chr14	93579817	93579818	0	False	NA
chr14_93602408_93602409	chr14	93602408	93602409	0	False	NA
chr14_93609485_93609486	chr14	93609485	93609486	0	False	NA
chr14_93613178_93613179	chr14	93613178	93613179	0	False	NA
chr14_93660319_93660320	chr14	93660319	93660320	0	False	NA
chr14_93704820_93704821	chr14	93704820	93704821	0	False	NA
chr14_93997997_93997998	chr14	93997997	93997998	0	False	NA
chr14_94112811_94112812	chr14	94112811	94112812	0	False	NA
chr14_94237503_94237504	chr14	94237503	94237504	12	False	NA
chr14_94245366_94245367	chr14	94245366	94245367	0	False	NA
chr14_94245370_94245371	chr14	94245370	94245371	0	False	NA
chr14_94262269_94262270	chr14	94262269	94262270	36	False	NA
chr14_94291004_94291005	chr14	94291004	94291005	7	False	NA
chr14_94464101_94464102	chr14	94464101	94464102	0	False	NA
chr14_94516426_94516427	chr14	94516426	94516427	0	False	NA
chr14_94516431_94516432	chr14	94516431	94516432	0	False	NA
chr14_94595055_94595056	chr14	94595055	94595056	0	False	NA
chr14_95127076_95127077	chr14	95127076	95127077	29	False	NA
chr14_95210879_95210880	chr14	95210879	95210880	264	True	39
chr14_96290096_96290097	chr14	96290096	96290097	5	False	NA
chr14_96334110_96334111	chr14	96334110	96334111	56	True	39
chr14_96485426_96485427	chr14	96485426	96485427	0	False	NA
chr14_96543923_96543924	chr14	96543923	96543924	158	True	39
chr14_96543927_96543928	chr14	96543927	96543928	158	True	39
chr14_96553988_96553989	chr14	96553988	96553989	135	True	39
chr14_96554502_96554503	chr14	96554502	96554503	99	True	39
chr14_96556540_96556541	chr14	96556540	96556541	214	True	39
chr14_96837307_96837308	chr14	96837307	96837308	0	False	NA
chr14_99405026_99405027	chr14	99405026	99405027	84	True	39
chr14_99407348_99407349	chr14	99407348	99407349	25	False	NA
chr14_99462407_99462408	chr14	99462407	99462408	0	False	NA
chr14_99661748_99661749	chr14	99661748	99661749	0	False	NA
chr14_99670906_99670907	chr14	99670906	99670907	0	False	NA
chr14_99725823_99725824	chr14	99725823	99725824	0	False	NA
chr14_99896457_99896458	chr14	99896457	99896458	0	False	NA
chr14_99900868_99900869	chr14	99900868	99900869	0	False	NA
chr14_99908140_99908141	chr14	99908140	99908141	0	False	NA
chr14_99909962_99909963	chr14	99909962	99909963	0	False	NA
chr14_99911234_99911235	chr14	99911234	99911235	0	False	NA
chr14_99920418_99920419	chr14	99920418	99920419	0	False	NA
chr14_100329100_100329101	chr14	100329100	100329101	0	False	NA
chr14_100335803_100335804	chr14	100335803	100335804	5	False	NA
chr14_100367087_100367088	chr14	100367087	100367088	238	True	39
chr14_100732288_100732289	chr14	100732288	100732289	18	False	NA
chr14_102004339_102004340	chr14	102004339	102004340	24	False	NA
chr14_102026326_102026327	chr14	102026326	102026327	68	True	39
chr14_102320469_102320470	chr14	102320469	102320470	309	True	39
chr14_102334264_102334265	chr14	102334264	102334265	0	False	NA
chr14_102430857_102430858	chr14	102430857	102430858	6	False	NA
chr14_102442756_102442757	chr14	102442756	102442757	0	False	NA
chr14_102703209_102703210	chr14	102703209	102703210	249	True	39
chr14_102704319_102704320	chr14	102704319	102704320	53	True	39
chr14_102713878_102713879	chr14	102713878	102713879	93	True	39
chr14_102800840_102800841	chr14	102800840	102800841	28	False	NA
chr14_102873639_102873640	chr14	102873639	102873640	7	False	NA
chr14_102892913_102892914	chr14	102892913	102892914	35	False	NA
chr14_102937378_102937379	chr14	102937378	102937379	16	False	NA
chr14_102939375_102939376	chr14	102939375	102939376	0	False	NA
chr14_102946684_102946685	chr14	102946684	102946685	216	True	39
chr14_102953585_102953586	chr14	102953585	102953586	15	False	NA
chr14_102957564_102957565	chr14	102957564	102957565	61	True	39
chr14_102967625_102967626	chr14	102967625	102967626	5	False	NA
chr14_102971453_102971454	chr14	102971453	102971454	0	False	NA
chr14_102979520_102979521	chr14	102979520	102979521	19	False	NA
chr14_103107136_103107137	chr14	103107136	103107137	711	True	39
chr14_103126752_103126753	chr14	103126752	103126753	94	True	39
chr14_103338536_103338537	chr14	103338536	103338537	1240	True	39
chr14_103454150_103454151	chr14	103454150	103454151	43	True	39
chr14_103455380_103455381	chr14	103455380	103455381	287	True	39
chr14_103501252_103501253	chr14	103501252	103501253	27	False	NA
chr14_103659119_103659120	chr14	103659119	103659120	0	False	NA
chr14_103674265_103674266	chr14	103674265	103674266	116	True	39
chr14_103956800_103956801	chr14	103956800	103956801	0	False	NA
chr14_103971857_103971858	chr14	103971857	103971858	22	False	NA
chr14_103995310_103995311	chr14	103995310	103995311	0	False	NA
chr14_104023444_104023445	chr14	104023444	104023445	0	False	NA
chr14_104050839_104050840	chr14	104050839	104050840	0	False	NA
chr14_104097796_104097797	chr14	104097796	104097797	0	False	NA
chr14_104155741_104155742	chr14	104155741	104155742	0	False	NA
chr14_104876113_104876114	chr14	104876113	104876114	1717	True	39
chr14_104988298_104988299	chr14	104988298	104988299	0	False	NA
chr14_105065059_105065060	chr14	105065059	105065060	0	False	NA
chr14_105460683_105460684	chr14	105460683	105460684	173	True	39
chr14_105468695_105468696	chr14	105468695	105468696	2034	True	39
chr14_105475618_105475619	chr14	105475618	105475619	126	True	39
chr14_105491849_105491850	chr14	105491849	105491850	0	False	NA
chr15_22856152_22856153	chr15	22856152	22856153	0	False	NA
chr15_22856156_22856157	chr15	22856156	22856157	0	False	NA
chr15_22908238_22908239	chr15	22908238	22908239	20	False	NA
chr15_22911782_22911783	chr15	22911782	22911783	0	False	NA
chr15_22915424_22915425	chr15	22915424	22915425	0	False	NA
chr15_22931044_22931045	chr15	22931044	22931045	36	False	NA
chr15_22932368_22932369	chr15	22932368	22932369	295	True	39
chr15_23008881_23008882	chr15	23008881	23008882	37	False	NA
chr15_23019082_23019083	chr15	23019082	23019083	0	False	NA
chr15_25359983_25359984	chr15	25359983	25359984	65	True	39
chr15_25722028_25722029	chr15	25722028	25722029	0	False	NA
chr15_26582282_26582283	chr15	26582282	26582283	0	False	NA
chr15_26657921_26657922	chr15	26657921	26657922	0	False	NA
chr15_26946032_26946033	chr15	26946032	26946033	0	False	NA
chr15_26976641_26976642	chr15	26976641	26976642	0	False	NA
chr15_27954218_27954219	chr15	27954218	27954219	0	False	NA
chr15_28019368_28019369	chr15	28019368	28019369	0	False	NA
chr15_28026716_28026717	chr15	28026716	28026717	0	False	NA
chr15_28135235_28135236	chr15	28135235	28135236	29	False	NA
chr15_28200472_28200473	chr15	28200472	28200473	0	False	NA
chr15_28205818_28205819	chr15	28205818	28205819	0	False	NA
chr15_28207710_28207711	chr15	28207710	28207711	0	False	NA
chr15_28214346_28214347	chr15	28214346	28214347	3976	True	39
chr15_28214594_28214595	chr15	28214594	28214595	1260	True	39
chr15_28215456_28215457	chr15	28215456	28215457	0	False	NA
chr15_28218046_28218047	chr15	28218046	28218047	61	True	39
chr15_28220281_28220282	chr15	28220281	28220282	0	False	NA
chr15_28232687_28232688	chr15	28232687	28232688	0	False	NA
chr15_28244336_28244337	chr15	28244336	28244337	59	True	39
chr15_28293924_28293925	chr15	28293924	28293925	0	False	NA
chr15_28296823_28296824	chr15	28296823	28296824	0	False	NA
chr15_28844128_28844129	chr15	28844128	28844129	0	False	NA
chr15_29716341_29716342	chr15	29716341	29716342	6	False	NA
chr15_29763835_29763836	chr15	29763835	29763836	207	True	39
chr15_30380708_30380709	chr15	30380708	30380709	0	False	NA
chr15_30917724_30917725	chr15	30917724	30917725	0	False	NA
chr15_30921788_30921789	chr15	30921788	30921789	0	False	NA
chr15_30947845_30947846	chr15	30947845	30947846	0	False	NA
chr15_30954205_30954206	chr15	30954205	30954206	9	False	NA
chr15_30975232_30975233	chr15	30975232	30975233	0	False	NA
chr15_31039182_31039183	chr15	31039182	31039183	0	False	NA
chr15_31068618_31068619	chr15	31068618	31068619	0	False	NA
chr15_31069080_31069081	chr15	31069080	31069081	0	False	NA
chr15_31502126_31502127	chr15	31502126	31502127	0	False	NA
chr15_31529944_31529945	chr15	31529944	31529945	0	False	NA
chr15_32910178_32910179	chr15	32910178	32910179	0	False	NA
chr15_33066277_33066278	chr15	33066277	33066278	0	False	NA
chr15_33542850_33542851	chr15	33542850	33542851	0	False	NA
chr15_33564042_33564043	chr15	33564042	33564043	0	False	NA
chr15_33585092_33585093	chr15	33585092	33585093	0	False	NA
chr15_33635499_33635500	chr15	33635499	33635500	0	False	NA
chr15_33635916_33635917	chr15	33635916	33635917	0	False	NA
chr15_33648296_33648297	chr15	33648296	33648297	0	False	NA
chr15_33663922_33663923	chr15	33663922	33663923	0	False	NA
chr15_33669788_33669789	chr15	33669788	33669789	0	False	NA
chr15_33700137_33700138	chr15	33700137	33700138	0	False	NA
chr15_33725319_33725320	chr15	33725319	33725320	0	False	NA
chr15_33729765_33729766	chr15	33729765	33729766	0	False	NA
chr15_33737871_33737872	chr15	33737871	33737872	0	False	NA
chr15_33747957_33747958	chr15	33747957	33747958	0	False	NA
chr15_33786329_33786330	chr15	33786329	33786330	0	False	NA
chr15_33821521_33821522	chr15	33821521	33821522	0	False	NA
chr15_33834620_33834621	chr15	33834620	33834621	0	False	NA
chr15_33846155_33846156	chr15	33846155	33846156	0	False	NA
chr15_34089601_34089602	chr15	34089601	34089602	0	False	NA
chr15_34143141_34143142	chr15	34143141	34143142	56	True	39
chr15_34876180_34876181	chr15	34876180	34876181	55	True	39
chr15_34890530_34890531	chr15	34890530	34890531	12	False	NA
chr15_34893852_34893853	chr15	34893852	34893853	134	True	39
chr15_34895468_34895469	chr15	34895468	34895469	0	False	NA
chr15_34896454_34896455	chr15	34896454	34896455	7	False	NA
chr15_34904653_34904654	chr15	34904653	34904654	0	False	NA
chr15_34904657_34904658	chr15	34904657	34904658	0	False	NA
chr15_34917372_34917373	chr15	34917372	34917373	13	False	NA
chr15_34929767_34929768	chr15	34929767	34929768	154	True	39
chr15_34939050_34939051	chr15	34939050	34939051	13	False	NA
chr15_35380112_35380113	chr15	35380112	35380113	0	False	NA
chr15_36653919_36653920	chr15	36653919	36653920	0	False	NA
chr15_36692439_36692440	chr15	36692439	36692440	5	False	NA
chr15_36694750_36694751	chr15	36694750	36694751	0	False	NA
chr15_37097266_37097267	chr15	37097266	37097267	90	True	39
chr15_38519071_38519072	chr15	38519071	38519072	0	False	NA
chr15_39583940_39583941	chr15	39583940	39583941	302	True	39
chr15_39941330_39941331	chr15	39941330	39941331	0	False	NA
chr15_39971968_39971969	chr15	39971968	39971969	11	False	NA
chr15_39986527_39986528	chr15	39986527	39986528	0	False	NA
chr15_39993823_39993824	chr15	39993823	39993824	10	False	NA
chr15_40007270_40007271	chr15	40007270	40007271	11	False	NA
chr15_40019492_40019493	chr15	40019492	40019493	35	False	NA
chr15_40029339_40029340	chr15	40029339	40029340	94	True	39
chr15_40037047_40037048	chr15	40037047	40037048	1227	True	39
chr15_40209501_40209502	chr15	40209501	40209502	11	False	NA
chr15_40213264_40213265	chr15	40213264	40213265	112	True	39
chr15_40218308_40218309	chr15	40218308	40218309	82	True	39
chr15_40268293_40268294	chr15	40268293	40268294	0	False	NA
chr15_40294693_40294694	chr15	40294693	40294694	0	False	NA
chr15_40386877_40386878	chr15	40386877	40386878	88	True	39
chr15_40387118_40387119	chr15	40387118	40387119	219	True	39
chr15_40464111_40464112	chr15	40464111	40464112	150	True	39
chr15_40556102_40556103	chr15	40556102	40556103	10	False	NA
chr15_40600608_40600609	chr15	40600608	40600609	25	False	NA
chr15_40604680_40604681	chr15	40604680	40604681	26	False	NA
chr15_40645901_40645902	chr15	40645901	40645902	110	True	39
chr15_40645901_40645902	chr15	40645901	40645902	110	True	39
chr15_40650019_40650020	chr15	40650019	40650020	15	False	NA
chr15_40703226_40703227	chr15	40703226	40703227	25	False	NA
chr15_40706739_40706740	chr15	40706739	40706740	6	False	NA
chr15_40934496_40934497	chr15	40934496	40934497	0	False	NA
chr15_41047741_41047742	chr15	41047741	41047742	26	False	NA
chr15_41050556_41050557	chr15	41050556	41050557	0	False	NA
chr15_41271795_41271796	chr15	41271795	41271796	0	False	NA
chr15_41311455_41311456	chr15	41311455	41311456	28	False	NA
chr15_41354022_41354023	chr15	41354022	41354023	148	True	39
chr15_41369703_41369704	chr15	41369703	41369704	0	False	NA
chr15_41453245_41453246	chr15	41453245	41453246	10	False	NA
chr15_41501365_41501366	chr15	41501365	41501366	183	True	39
chr15_41511346_41511347	chr15	41511346	41511347	197	True	39
chr15_41534935_41534936	chr15	41534935	41534936	146	True	39
chr15_41569865_41569866	chr15	41569865	41569866	0	False	NA
chr15_41698600_41698601	chr15	41698600	41698601	17	False	NA
chr15_41728705_41728706	chr15	41728705	41728706	0	False	NA
chr15_41743552_41743553	chr15	41743552	41743553	26	False	NA
chr15_41759391_41759392	chr15	41759391	41759392	71	True	39
chr15_41811775_41811776	chr15	41811775	41811776	26	False	NA
chr15_41817799_41817800	chr15	41817799	41817800	6	False	NA
chr15_41820080_41820081	chr15	41820080	41820081	5	False	NA
chr15_41852105_41852106	chr15	41852105	41852106	0	False	NA
chr15_41862928_41862929	chr15	41862928	41862929	0	False	NA
chr15_41868883_41868884	chr15	41868883	41868884	0	False	NA
chr15_41873632_41873633	chr15	41873632	41873633	0	False	NA
chr15_41989074_41989075	chr15	41989074	41989075	0	False	NA
chr15_42008788_42008789	chr15	42008788	42008789	0	False	NA
chr15_42173112_42173113	chr15	42173112	42173113	0	False	NA
chr15_42216411_42216412	chr15	42216411	42216412	0	False	NA
chr15_42267349_42267350	chr15	42267349	42267350	0	False	NA
chr15_42282862_42282863	chr15	42282862	42282863	0	False	NA
chr15_42308073_42308074	chr15	42308073	42308074	0	False	NA
chr15_42308104_42308105	chr15	42308104	42308105	0	False	NA
chr15_42309195_42309196	chr15	42309195	42309196	0	False	NA
chr15_42323110_42323111	chr15	42323110	42323111	0	False	NA
chr15_42345999_42346000	chr15	42345999	42346000	5	False	NA
chr15_42346319_42346320	chr15	42346319	42346320	0	False	NA
chr15_42349573_42349574	chr15	42349573	42349574	0	False	NA
chr15_42387024_42387025	chr15	42387024	42387025	0	False	NA
chr15_42449211_42449212	chr15	42449211	42449212	26	False	NA
chr15_42514509_42514510	chr15	42514509	42514510	11	False	NA
chr15_42530804_42530805	chr15	42530804	42530805	0	False	NA
chr15_42726443_42726444	chr15	42726443	42726444	153	True	39
chr15_42816675_42816676	chr15	42816675	42816676	0	False	NA
chr15_42947334_42947335	chr15	42947334	42947335	0	False	NA
chr15_42955931_42955932	chr15	42955931	42955932	68	True	39
chr15_43016925_43016926	chr15	43016925	43016926	12	False	NA
chr15_43017926_43017927	chr15	43017926	43017927	0	False	NA
chr15_43019516_43019517	chr15	43019516	43019517	5	False	NA
chr15_43070491_43070492	chr15	43070491	43070492	0	False	NA
chr15_43160110_43160111	chr15	43160110	43160111	22	False	NA
chr15_43191964_43191965	chr15	43191964	43191965	17	False	NA
chr15_43210570_43210571	chr15	43210570	43210571	0	False	NA
chr15_43234982_43234983	chr15	43234982	43234983	0	False	NA
chr15_43281085_43281086	chr15	43281085	43281086	0	False	NA
chr15_43286956_43286957	chr15	43286956	43286957	0	False	NA
chr15_43367587_43367588	chr15	43367587	43367588	41	True	39
chr15_43376096_43376097	chr15	43376096	43376097	125	True	39
chr15_43378179_43378180	chr15	43378179	43378180	0	False	NA
chr15_43382728_43382729	chr15	43382728	43382729	8	False	NA
chr15_43395835_43395836	chr15	43395835	43395836	41	True	39
chr15_43417592_43417593	chr15	43417592	43417593	28	False	NA
chr15_43436375_43436376	chr15	43436375	43436376	0	False	NA
chr15_43452305_43452306	chr15	43452305	43452306	5	False	NA
chr15_43577535_43577536	chr15	43577535	43577536	0	False	NA
chr15_43600445_43600446	chr15	43600445	43600446	0	False	NA
chr15_43774872_43774873	chr15	43774872	43774873	14	False	NA
chr15_43817675_43817676	chr15	43817675	43817676	12	False	NA
chr15_43840248_43840249	chr15	43840248	43840249	10	False	NA
chr15_43841470_43841471	chr15	43841470	43841471	0	False	NA
chr15_43849812_43849813	chr15	43849812	43849813	0	False	NA
chr15_43859034_43859035	chr15	43859034	43859035	13	False	NA
chr15_44300440_44300441	chr15	44300440	44300441	22	False	NA
chr15_44325509_44325510	chr15	44325509	44325510	7	False	NA
chr15_44335129_44335130	chr15	44335129	44335130	0	False	NA
chr15_44493181_44493182	chr15	44493181	44493182	38	False	NA
chr15_44519397_44519398	chr15	44519397	44519398	44	True	39
chr15_44560579_44560580	chr15	44560579	44560580	14	False	NA
chr15_44565190_44565191	chr15	44565190	44565191	0	False	NA
chr15_44566548_44566549	chr15	44566548	44566549	0	False	NA
chr15_44569505_44569506	chr15	44569505	44569506	208	True	39
chr15_44583689_44583690	chr15	44583689	44583690	97	True	39
chr15_44616920_44616921	chr15	44616920	44616921	8	False	NA
chr15_44629112_44629113	chr15	44629112	44629113	25	False	NA
chr15_44629117_44629118	chr15	44629117	44629118	38	False	NA
chr15_44964132_44964133	chr15	44964132	44964133	0	False	NA
chr15_44976457_44976458	chr15	44976457	44976458	0	False	NA
chr15_45113275_45113276	chr15	45113275	45113276	0	False	NA
chr15_45113290_45113291	chr15	45113290	45113291	0	False	NA
chr15_45138294_45138295	chr15	45138294	45138295	0	False	NA
chr15_45160588_45160589	chr15	45160588	45160589	0	False	NA
chr15_45160595_45160596	chr15	45160595	45160596	0	False	NA
chr15_45199556_45199557	chr15	45199556	45199557	0	False	NA
chr15_45261556_45261557	chr15	45261556	45261557	0	False	NA
chr15_45367628_45367629	chr15	45367628	45367629	0	False	NA
chr15_45403923_45403924	chr15	45403923	45403924	13	False	NA
chr15_45413795_45413796	chr15	45413795	45413796	0	False	NA
chr15_45486426_45486427	chr15	45486426	45486427	0	False	NA
chr15_45661851_45661852	chr15	45661851	45661852	0	False	NA
chr15_48148580_48148581	chr15	48148580	48148581	0	False	NA
chr15_48158952_48158953	chr15	48158952	48158953	73	True	39
chr15_48206809_48206810	chr15	48206809	48206810	0	False	NA
chr15_48220919_48220920	chr15	48220919	48220920	0	False	NA
chr15_48232984_48232985	chr15	48232984	48232985	0	False	NA
chr15_48245928_48245929	chr15	48245928	48245929	0	False	NA
chr15_48246421_48246422	chr15	48246421	48246422	0	False	NA
chr15_48256408_48256409	chr15	48256408	48256409	0	False	NA
chr15_48286891_48286892	chr15	48286891	48286892	0	False	NA
chr15_48299773_48299774	chr15	48299773	48299774	0	False	NA
chr15_48423547_48423548	chr15	48423547	48423548	0	False	NA
chr15_48426813_48426814	chr15	48426813	48426814	0	False	NA
chr15_48465380_48465381	chr15	48465380	48465381	0	False	NA
chr15_48467749_48467750	chr15	48467749	48467750	0	False	NA
chr15_48471471_48471472	chr15	48471471	48471472	0	False	NA
chr15_48482415_48482416	chr15	48482415	48482416	0	False	NA
chr15_48499344_48499345	chr15	48499344	48499345	0	False	NA
chr15_48511634_48511635	chr15	48511634	48511635	0	False	NA
chr15_48520317_48520318	chr15	48520317	48520318	0	False	NA
chr15_48530602_48530603	chr15	48530602	48530603	0	False	NA
chr15_48596894_48596895	chr15	48596894	48596895	0	False	NA
chr15_48740494_48740495	chr15	48740494	48740495	266	True	39
chr15_48758383_48758384	chr15	48758383	48758384	5	False	NA
chr15_48767841_48767842	chr15	48767841	48767842	0	False	NA
chr15_48768359_48768360	chr15	48768359	48768360	197	True	39
chr15_48781118_48781119	chr15	48781118	48781119	138	True	39
chr15_48782505_48782506	chr15	48782505	48782506	0	False	NA
chr15_48844658_48844659	chr15	48844658	48844659	0	False	NA
chr15_48845305_48845306	chr15	48845305	48845306	0	False	NA
chr15_48845308_48845309	chr15	48845308	48845309	0	False	NA
chr15_49014623_49014624	chr15	49014623	49014624	87	True	39
chr15_49028020_49028021	chr15	49028020	49028021	248	True	39
chr15_49035907_49035908	chr15	49035907	49035908	129	True	39
chr15_49139016_49139017	chr15	49139016	49139017	20	False	NA
chr15_49144712_49144713	chr15	49144712	49144713	174	True	39
chr15_49335275_49335276	chr15	49335275	49335276	0	False	NA
chr15_49569994_49569995	chr15	49569994	49569995	0	False	NA
chr15_49899017_49899018	chr15	49899017	49899018	0	False	NA
chr15_49918276_49918277	chr15	49918276	49918277	0	False	NA
chr15_49984640_49984641	chr15	49984640	49984641	0	False	NA
chr15_50041543_50041544	chr15	50041543	50041544	0	False	NA
chr15_50224907_50224908	chr15	50224907	50224908	0	False	NA
chr15_50308394_50308395	chr15	50308394	50308395	0	False	NA
chr15_50443916_50443917	chr15	50443916	50443917	10	False	NA
chr15_50492480_50492481	chr15	50492480	50492481	0	False	NA
chr15_50542423_50542424	chr15	50542423	50542424	0	False	NA
chr15_50578147_50578148	chr15	50578147	50578148	12	False	NA
chr15_50588190_50588191	chr15	50588190	50588191	165	True	39
chr15_50617907_50617908	chr15	50617907	50617908	25	False	NA
chr15_50730208_50730209	chr15	50730208	50730209	52	True	39
chr15_50909418_50909419	chr15	50909418	50909419	11	False	NA
chr15_50936500_50936501	chr15	50936500	50936501	5	False	NA
chr15_50958259_50958260	chr15	50958259	50958260	0	False	NA
chr15_50993892_50993893	chr15	50993892	50993893	0	False	NA
chr15_50996840_50996841	chr15	50996840	50996841	6	False	NA
chr15_50999070_50999071	chr15	50999070	50999071	39	False	NA
chr15_51217911_51217912	chr15	51217911	51217912	0	False	NA
chr15_51229987_51229988	chr15	51229987	51229988	0	False	NA
chr15_51381266_51381267	chr15	51381266	51381267	0	False	NA
chr15_51400339_51400340	chr15	51400339	51400340	0	False	NA
chr15_51460289_51460290	chr15	51460289	51460290	129	True	39
chr15_51468507_51468508	chr15	51468507	51468508	0	False	NA
chr15_51487063_51487064	chr15	51487063	51487064	0	False	NA
chr15_51489187_51489188	chr15	51489187	51489188	22	False	NA
chr15_51497972_51497973	chr15	51497972	51497973	32	False	NA
chr15_51538061_51538062	chr15	51538061	51538062	140	True	39
chr15_51538902_51538903	chr15	51538902	51538903	0	False	NA
chr15_51685566_51685567	chr15	51685566	51685567	0	False	NA
chr15_51689077_51689078	chr15	51689077	51689078	0	False	NA
chr15_51754042_51754043	chr15	51754042	51754043	0	False	NA
chr15_51768149_51768150	chr15	51768149	51768150	7	False	NA
chr15_51777238_51777239	chr15	51777238	51777239	0	False	NA
chr15_51867990_51867991	chr15	51867990	51867991	11	False	NA
chr15_51892670_51892671	chr15	51892670	51892671	29	False	NA
chr15_51897370_51897371	chr15	51897370	51897371	0	False	NA
chr15_51952085_51952086	chr15	51952085	51952086	221	True	39
chr15_51955902_51955903	chr15	51955902	51955903	25	False	NA
chr15_51959544_51959545	chr15	51959544	51959545	41	True	39
chr15_51961310_51961311	chr15	51961310	51961311	0	False	NA
chr15_52057323_52057324	chr15	52057323	52057324	145	True	39
chr15_52182325_52182326	chr15	52182325	52182326	0	False	NA
chr15_52212924_52212925	chr15	52212924	52212925	16	False	NA
chr15_52243947_52243948	chr15	52243947	52243948	31	False	NA
chr15_52247647_52247648	chr15	52247647	52247648	234	True	39
chr15_52342091_52342092	chr15	52342091	52342092	0	False	NA
chr15_52343443_52343444	chr15	52343443	52343444	14	False	NA
chr15_52363694_52363695	chr15	52363694	52363695	0	False	NA
chr15_52387323_52387324	chr15	52387323	52387324	0	False	NA
chr15_52554616_52554617	chr15	52554616	52554617	29	False	NA
chr15_52599366_52599367	chr15	52599366	52599367	11	False	NA
chr15_52606051_52606052	chr15	52606051	52606052	37	False	NA
chr15_52613478_52613479	chr15	52613478	52613479	0	False	NA
chr15_53518990_53518991	chr15	53518990	53518991	0	False	NA
chr15_53519713_53519714	chr15	53519713	53519714	0	False	NA
chr15_53700563_53700564	chr15	53700563	53700564	0	False	NA
chr15_53703867_53703868	chr15	53703867	53703868	0	False	NA
chr15_54295822_54295823	chr15	54295822	54295823	0	False	NA
chr15_54298537_54298538	chr15	54298537	54298538	0	False	NA
chr15_54500698_54500699	chr15	54500698	54500699	0	False	NA
chr15_54527280_54527281	chr15	54527280	54527281	0	False	NA
chr15_54551221_54551222	chr15	54551221	54551222	0	False	NA
chr15_55370491_55370492	chr15	55370491	55370492	38	False	NA
chr15_55382100_55382101	chr15	55382100	55382101	0	False	NA
chr15_55435153_55435154	chr15	55435153	55435154	0	False	NA
chr15_55628533_55628534	chr15	55628533	55628534	7	False	NA
chr15_55631886_55631887	chr15	55631886	55631887	0	False	NA
chr15_55638248_55638249	chr15	55638248	55638249	0	False	NA
chr15_55833853_55833854	chr15	55833853	55833854	0	False	NA
chr15_55856579_55856580	chr15	55856579	55856580	0	False	NA
chr15_55861953_55861954	chr15	55861953	55861954	0	False	NA
chr15_56097221_56097222	chr15	56097221	56097222	5	False	NA
chr15_56366465_56366466	chr15	56366465	56366466	0	False	NA
chr15_56368051_56368052	chr15	56368051	56368052	23	False	NA
chr15_56393484_56393485	chr15	56393484	56393485	0	False	NA
chr15_56664819_56664820	chr15	56664819	56664820	44	True	39
chr15_56681367_56681368	chr15	56681367	56681368	54	True	39
chr15_56691393_56691394	chr15	56691393	56691394	0	False	NA
chr15_56696283_56696284	chr15	56696283	56696284	22	False	NA
chr15_57443062_57443063	chr15	57443062	57443063	0	False	NA
chr15_57444125_57444126	chr15	57444125	57444126	0	False	NA
chr15_57523281_57523282	chr15	57523281	57523282	28	False	NA
chr15_57524327_57524328	chr15	57524327	57524328	0	False	NA
chr15_57618412_57618413	chr15	57618412	57618413	0	False	NA
chr15_57633556_57633557	chr15	57633556	57633557	0	False	NA
chr15_57713582_57713583	chr15	57713582	57713583	11	False	NA
chr15_57713585_57713586	chr15	57713585	57713586	11	False	NA
chr15_57962792_57962793	chr15	57962792	57962793	0	False	NA
chr15_58013371_58013372	chr15	58013371	58013372	185	True	39
chr15_58173909_58173910	chr15	58173909	58173910	0	False	NA
chr15_58177342_58177343	chr15	58177342	58177343	0	False	NA
chr15_58540433_58540434	chr15	58540433	58540434	0	False	NA
chr15_58547426_58547427	chr15	58547426	58547427	0	False	NA
chr15_58564264_58564265	chr15	58564264	58564265	0	False	NA
chr15_58641817_58641818	chr15	58641817	58641818	24	False	NA
chr15_58805638_58805639	chr15	58805638	58805639	0	False	NA
chr15_58850863_58850864	chr15	58850863	58850864	0	False	NA
chr15_58882680_58882681	chr15	58882680	58882681	83	True	39
chr15_58887583_58887584	chr15	58887583	58887584	287	True	39
chr15_58933049_58933050	chr15	58933049	58933050	50	True	39
chr15_59014215_59014216	chr15	59014215	59014216	66	True	39
chr15_59084615_59084616	chr15	59084615	59084616	16	False	NA
chr15_59091996_59091997	chr15	59091996	59091997	0	False	NA
chr15_59110780_59110781	chr15	59110780	59110781	0	False	NA
chr15_59204468_59204469	chr15	59204468	59204469	0	False	NA
chr15_59206835_59206836	chr15	59206835	59206836	0	False	NA
chr15_59213994_59213995	chr15	59213994	59213995	0	False	NA
chr15_59215607_59215608	chr15	59215607	59215608	16	False	NA
chr15_59225426_59225427	chr15	59225426	59225427	0	False	NA
chr15_59257579_59257580	chr15	59257579	59257580	0	False	NA
chr15_59271174_59271175	chr15	59271174	59271175	35	False	NA
chr15_59650354_59650355	chr15	59650354	59650355	71	True	39
chr15_59669463_59669464	chr15	59669463	59669464	80	True	39
chr15_59681100_59681101	chr15	59681100	59681101	41	True	39
chr15_60356248_60356249	chr15	60356248	60356249	5	False	NA
chr15_60468532_60468533	chr15	60468532	60468533	52	True	39
chr15_60477004_60477005	chr15	60477004	60477005	5	False	NA
chr15_61855567_61855568	chr15	61855567	61855568	5	False	NA
chr15_61878907_61878908	chr15	61878907	61878908	54	True	39
chr15_61880230_61880231	chr15	61880230	61880231	13	False	NA
chr15_61880234_61880235	chr15	61880234	61880235	13	False	NA
chr15_61925627_61925628	chr15	61925627	61925628	6	False	NA
chr15_61926058_61926059	chr15	61926058	61926059	0	False	NA
chr15_61926138_61926139	chr15	61926138	61926139	6	False	NA
chr15_61928511_61928512	chr15	61928511	61928512	0	False	NA
chr15_61936447_61936448	chr15	61936447	61936448	36	False	NA
chr15_61937345_61937346	chr15	61937345	61937346	0	False	NA
chr15_61947763_61947764	chr15	61947763	61947764	21	False	NA
chr15_61957287_61957288	chr15	61957287	61957288	0	False	NA
chr15_61967858_61967859	chr15	61967858	61967859	13	False	NA
chr15_62009272_62009273	chr15	62009272	62009273	0	False	NA
chr15_62022647_62022648	chr15	62022647	62022648	53	True	39
chr15_62647776_62647777	chr15	62647776	62647777	0	False	NA
chr15_62654064_62654065	chr15	62654064	62654065	0	False	NA
chr15_62719600_62719601	chr15	62719600	62719601	0	False	NA
chr15_62738080_62738081	chr15	62738080	62738081	0	False	NA
chr15_62743898_62743899	chr15	62743898	62743899	0	False	NA
chr15_62771848_62771849	chr15	62771848	62771849	0	False	NA
chr15_62781793_62781794	chr15	62781793	62781794	5	False	NA
chr15_62794720_62794721	chr15	62794720	62794721	0	False	NA
chr15_63123660_63123661	chr15	63123660	63123661	0	False	NA
chr15_63128001_63128002	chr15	63128001	63128002	25	False	NA
chr15_63258856_63258857	chr15	63258856	63258857	6	False	NA
chr15_63339578_63339579	chr15	63339578	63339579	0	False	NA
chr15_63535797_63535798	chr15	63535797	63535798	60	True	39
chr15_63570302_63570303	chr15	63570302	63570303	147	True	39
chr15_63572948_63572949	chr15	63572948	63572949	69	True	39
chr15_63641333_63641334	chr15	63641333	63641334	227	True	39
chr15_63648417_63648418	chr15	63648417	63648418	11	False	NA
chr15_63667819_63667820	chr15	63667819	63667820	271	True	39
chr15_63672985_63672986	chr15	63672985	63672986	19	False	NA
chr15_63697243_63697244	chr15	63697243	63697244	0	False	NA
chr15_63700773_63700774	chr15	63700773	63700774	5	False	NA
chr15_63715950_63715951	chr15	63715950	63715951	5	False	NA
chr15_63727967_63727968	chr15	63727967	63727968	18	False	NA
chr15_63751260_63751261	chr15	63751260	63751261	169	True	39
chr15_63754895_63754896	chr15	63754895	63754896	62	True	39
chr15_64130467_64130468	chr15	64130467	64130468	220	True	39
chr15_64137148_64137149	chr15	64137148	64137149	331	True	39
chr15_64203395_64203396	chr15	64203395	64203396	31	False	NA
chr15_64406171_64406172	chr15	64406171	64406172	0	False	NA
chr15_64417714_64417715	chr15	64417714	64417715	12	False	NA
chr15_64741382_64741383	chr15	64741382	64741383	0	False	NA
chr15_64925807_64925808	chr15	64925807	64925808	0	False	NA
chr15_64929532_64929533	chr15	64929532	64929533	0	False	NA
chr15_64979754_64979755	chr15	64979754	64979755	0	False	NA
chr15_65005332_65005333	chr15	65005332	65005333	6	False	NA
chr15_65020716_65020717	chr15	65020716	65020717	6	False	NA
chr15_65059038_65059039	chr15	65059038	65059039	0	False	NA
chr15_65208676_65208677	chr15	65208676	65208677	0	False	NA
chr15_65511823_65511824	chr15	65511823	65511824	152	True	39
chr15_65584494_65584495	chr15	65584494	65584495	0	False	NA
chr15_65597447_65597448	chr15	65597447	65597448	12	False	NA
chr15_65597888_65597889	chr15	65597888	65597889	18	False	NA
chr15_65665699_65665700	chr15	65665699	65665700	64	True	39
chr15_65674349_65674350	chr15	65674349	65674350	10	False	NA
chr15_65675703_65675704	chr15	65675703	65675704	0	False	NA
chr15_65693418_65693419	chr15	65693418	65693419	33	False	NA
chr15_65701890_65701891	chr15	65701890	65701891	290	True	39
chr15_65719472_65719473	chr15	65719472	65719473	19	False	NA
chr15_66339607_66339608	chr15	66339607	66339608	0	False	NA
chr15_66529750_66529751	chr15	66529750	66529751	72	True	39
chr15_66540770_66540771	chr15	66540770	66540771	0	False	NA
chr15_66708737_66708738	chr15	66708737	66708738	79	True	39
chr15_67185857_67185858	chr15	67185857	67185858	19	False	NA
chr15_67664103_67664104	chr15	67664103	67664104	5	False	NA
chr15_67830490_67830491	chr15	67830490	67830491	0	False	NA
chr15_67830511_67830512	chr15	67830511	67830512	0	False	NA
chr15_68146239_68146240	chr15	68146239	68146240	35	False	NA
chr15_68327446_68327447	chr15	68327446	68327447	0	False	NA
chr15_68714861_68714862	chr15	68714861	68714862	0	False	NA
chr15_69421465_69421466	chr15	69421465	69421466	60	True	39
chr15_69436430_69436431	chr15	69436430	69436431	94	True	39
chr15_70669970_70669971	chr15	70669970	70669971	0	False	NA
chr15_70672329_70672330	chr15	70672329	70672330	76	True	39
chr15_70691546_70691547	chr15	70691546	70691547	38	False	NA
chr15_70699155_70699156	chr15	70699155	70699156	0	False	NA
chr15_70914856_70914857	chr15	70914856	70914857	0	False	NA
chr15_71011086_71011087	chr15	71011086	71011087	0	False	NA
chr15_71776853_71776854	chr15	71776853	71776854	0	False	NA
chr15_71827174_71827175	chr15	71827174	71827175	12	False	NA
chr15_71850433_71850434	chr15	71850433	71850434	0	False	NA
chr15_71903495_71903496	chr15	71903495	71903496	0	False	NA
chr15_71904191_71904192	chr15	71904191	71904192	5	False	NA
chr15_71938455_71938456	chr15	71938455	71938456	11	False	NA
chr15_72162673_72162674	chr15	72162673	72162674	0	False	NA
chr15_72217665_72217666	chr15	72217665	72217666	5	False	NA
chr15_72262624_72262625	chr15	72262624	72262625	60	True	39
chr15_72269118_72269119	chr15	72269118	72269119	0	False	NA
chr15_72286736_72286737	chr15	72286736	72286737	0	False	NA
chr15_72405639_72405640	chr15	72405639	72405640	0	False	NA
chr15_72558089_72558090	chr15	72558089	72558090	28	False	NA
chr15_72558197_72558198	chr15	72558197	72558198	56	True	39
chr15_72717400_72717401	chr15	72717400	72717401	74	True	39
chr15_72727811_72727812	chr15	72727811	72727812	81	True	39
chr15_72772581_72772582	chr15	72772581	72772582	5	False	NA
chr15_73124339_73124340	chr15	73124339	73124340	0	False	NA
chr15_73297584_73297585	chr15	73297584	73297585	0	False	NA
chr15_73298883_73298884	chr15	73298883	73298884	0	False	NA
chr15_73701679_73701680	chr15	73701679	73701680	5	False	NA
chr15_73883396_73883397	chr15	73883396	73883397	0	False	NA
chr15_73943574_73943575	chr15	73943574	73943575	0	False	NA
chr15_74043481_74043482	chr15	74043481	74043482	0	False	NA
chr15_74180310_74180311	chr15	74180310	74180311	7	False	NA
chr15_74330806_74330807	chr15	74330806	74330807	0	False	NA
chr15_74450880_74450881	chr15	74450880	74450881	80	True	39
chr15_74454834_74454835	chr15	74454834	74454835	22	False	NA
chr15_74457166_74457167	chr15	74457166	74457167	0	False	NA
chr15_74839427_74839428	chr15	74839427	74839428	230	True	39
chr15_75350992_75350993	chr15	75350992	75350993	6	False	NA
chr15_75362260_75362261	chr15	75362260	75362261	245	True	39
chr15_75393351_75393352	chr15	75393351	75393352	12	False	NA
chr15_75684268_75684269	chr15	75684268	75684269	0	False	NA
chr15_75725731_75725732	chr15	75725731	75725732	0	False	NA
chr15_75874907_75874908	chr15	75874907	75874908	44	True	39
chr15_75957348_75957349	chr15	75957348	75957349	0	False	NA
chr15_76703604_76703605	chr15	76703604	76703605	0	False	NA
chr15_76799654_76799655	chr15	76799654	76799655	0	False	NA
chr15_77461165_77461166	chr15	77461165	77461166	5	False	NA
chr15_78011333_78011334	chr15	78011333	78011334	0	False	NA
chr15_78016318_78016319	chr15	78016318	78016319	0	False	NA
chr15_78021636_78021637	chr15	78021636	78021637	18	False	NA
chr15_78027194_78027195	chr15	78027194	78027195	13	False	NA
chr15_78094407_78094408	chr15	78094407	78094408	0	False	NA
chr15_78173876_78173877	chr15	78173876	78173877	0	False	NA
chr15_78180453_78180454	chr15	78180453	78180454	0	False	NA
chr15_78271435_78271436	chr15	78271435	78271436	0	False	NA
chr15_78290423_78290424	chr15	78290423	78290424	81	True	39
chr15_78347518_78347519	chr15	78347518	78347519	0	False	NA
chr15_78465703_78465704	chr15	78465703	78465704	64	True	39
chr15_78472214_78472215	chr15	78472214	78472215	123	True	39
chr15_78530326_78530327	chr15	78530326	78530327	0	False	NA
chr15_78625748_78625749	chr15	78625748	78625749	0	False	NA
chr15_78625755_78625756	chr15	78625755	78625756	0	False	NA
chr15_78876212_78876213	chr15	78876212	78876213	32	False	NA
chr15_79000645_79000646	chr15	79000645	79000646	0	False	NA
chr15_79018507_79018508	chr15	79018507	79018508	0	False	NA
chr15_79889556_79889557	chr15	79889556	79889557	34	False	NA
chr15_80126443_80126444	chr15	80126443	80126444	109	True	39
chr15_80132834_80132835	chr15	80132834	80132835	59	True	39
chr15_80172556_80172557	chr15	80172556	80172557	5	False	NA
chr15_80453649_80453650	chr15	80453649	80453650	0	False	NA
chr15_80574702_80574703	chr15	80574702	80574703	0	False	NA
chr15_80575813_80575814	chr15	80575813	80575814	0	False	NA
chr15_80894329_80894330	chr15	80894329	80894330	0	False	NA
chr15_80936474_80936475	chr15	80936474	80936475	0	False	NA
chr15_80937178_80937179	chr15	80937178	80937179	6	False	NA
chr15_81334298_81334299	chr15	81334298	81334299	0	False	NA
chr15_81344373_81344374	chr15	81344373	81344374	0	False	NA
chr15_82156195_82156196	chr15	82156195	82156196	7	False	NA
chr15_82218857_82218858	chr15	82218857	82218858	10	False	NA
chr15_82228504_82228505	chr15	82228504	82228505	0	False	NA
chr15_82557469_82557470	chr15	82557469	82557470	11	False	NA
chr15_82557475_82557476	chr15	82557475	82557476	11	False	NA
chr15_82762278_82762279	chr15	82762278	82762279	0	False	NA
chr15_82782714_82782715	chr15	82782714	82782715	0	False	NA
chr15_82784999_82785000	chr15	82784999	82785000	0	False	NA
chr15_82817701_82817702	chr15	82817701	82817702	21	False	NA
chr15_82818828_82818829	chr15	82818828	82818829	0	False	NA
chr15_82821639_82821640	chr15	82821639	82821640	38	False	NA
chr15_82821644_82821645	chr15	82821644	82821645	30	False	NA
chr15_82821838_82821839	chr15	82821838	82821839	0	False	NA
chr15_83159690_83159691	chr15	83159690	83159691	5	False	NA
chr15_83563914_83563915	chr15	83563914	83563915	6	False	NA
chr15_83567508_83567509	chr15	83567508	83567509	24	False	NA
chr15_83573261_83573262	chr15	83573261	83573262	0	False	NA
chr15_84037322_84037323	chr15	84037322	84037323	0	False	NA
chr15_84037326_84037327	chr15	84037326	84037327	0	False	NA
chr15_84657398_84657399	chr15	84657398	84657399	0	False	NA
chr15_84888594_84888595	chr15	84888594	84888595	85	True	39
chr15_84888598_84888599	chr15	84888598	84888599	85	True	39
chr15_85083047_85083048	chr15	85083047	85083048	6	False	NA
chr15_85092715_85092716	chr15	85092715	85092716	248	True	39
chr15_85708953_85708954	chr15	85708953	85708954	9	False	NA
chr15_85710352_85710353	chr15	85710352	85710353	25	False	NA
chr15_85716514_85716515	chr15	85716514	85716515	0	False	NA
chr15_85721345_85721346	chr15	85721345	85721346	0	False	NA
chr15_85743378_85743379	chr15	85743378	85743379	17	False	NA
chr15_85743382_85743383	chr15	85743382	85743383	17	False	NA
chr15_86270324_86270325	chr15	86270324	86270325	0	False	NA
chr15_87044417_87044418	chr15	87044417	87044418	0	False	NA
chr15_88131890_88131891	chr15	88131890	88131891	0	False	NA
chr15_88466103_88466104	chr15	88466103	88466104	32	False	NA
chr15_88836869_88836870	chr15	88836869	88836870	0	False	NA
chr15_89187517_89187518	chr15	89187517	89187518	0	False	NA
chr15_89219191_89219192	chr15	89219191	89219192	0	False	NA
chr15_89219235_89219236	chr15	89219235	89219236	0	False	NA
chr15_89220357_89220358	chr15	89220357	89220358	0	False	NA
chr15_89264997_89264998	chr15	89264997	89264998	90	True	39
chr15_89279575_89279576	chr15	89279575	89279576	79	True	39
chr15_89291885_89291886	chr15	89291885	89291886	0	False	NA
chr15_89316260_89316261	chr15	89316260	89316261	27	False	NA
chr15_89322443_89322444	chr15	89322443	89322444	87	True	39
chr15_89474463_89474464	chr15	89474463	89474464	0	False	NA
chr15_89486741_89486742	chr15	89486741	89486742	0	False	NA
chr15_89592797_89592798	chr15	89592797	89592798	169	True	39
chr15_89709728_89709729	chr15	89709728	89709729	0	False	NA
chr15_89728494_89728495	chr15	89728494	89728495	0	False	NA
chr15_89728848_89728849	chr15	89728848	89728849	0	False	NA
chr15_89731307_89731308	chr15	89731307	89731308	0	False	NA
chr15_89731931_89731932	chr15	89731931	89731932	0	False	NA
chr15_89750442_89750443	chr15	89750442	89750443	0	False	NA
chr15_89786847_89786848	chr15	89786847	89786848	0	False	NA
chr15_89905707_89905708	chr15	89905707	89905708	0	False	NA
chr15_89909831_89909832	chr15	89909831	89909832	0	False	NA
chr15_90295039_90295040	chr15	90295039	90295040	0	False	NA
chr15_90433106_90433107	chr15	90433106	90433107	0	False	NA
chr15_90437171_90437172	chr15	90437171	90437172	34	False	NA
chr15_90477542_90477543	chr15	90477542	90477543	5	False	NA
chr15_90607234_90607235	chr15	90607234	90607235	54	True	39
chr15_90791346_90791347	chr15	90791346	90791347	13	False	NA
chr15_90904995_90904996	chr15	90904995	90904996	231	True	39
chr15_90973617_90973618	chr15	90973617	90973618	140	True	39
chr15_91008903_91008904	chr15	91008903	91008904	20	False	NA
chr15_92127059_92127060	chr15	92127059	92127060	0	False	NA
chr15_92147261_92147262	chr15	92147261	92147262	8	False	NA
chr15_92437750_92437751	chr15	92437750	92437751	0	False	NA
chr15_92808116_92808117	chr15	92808116	92808117	18	False	NA
chr15_92933420_92933421	chr15	92933420	92933421	166	True	39
chr15_92942112_92942113	chr15	92942112	92942113	476	True	39
chr15_92956023_92956024	chr15	92956023	92956024	72	True	39
chr15_92992776_92992777	chr15	92992776	92992777	819	True	39
chr15_92995925_92995926	chr15	92995925	92995926	401	True	39
chr15_93014620_93014621	chr15	93014620	93014621	677	True	39
chr15_93023486_93023487	chr15	93023486	93023487	76	True	39
chr15_98922940_98922941	chr15	98922940	98922941	11	False	NA
chr15_98929717_98929718	chr15	98929717	98929718	76	True	39
chr15_98936519_98936520	chr15	98936519	98936520	8	False	NA
chr15_98939863_98939864	chr15	98939863	98939864	0	False	NA
chr15_99242221_99242222	chr15	99242221	99242222	32	False	NA
chr15_99360285_99360286	chr15	99360285	99360286	27	False	NA
chr15_99730231_99730232	chr15	99730231	99730232	11	False	NA
chr15_100261736_100261737	chr15	100261736	100261737	0	False	NA
chr15_100470817_100470818	chr15	100470817	100470818	0	False	NA
chr15_100481219_100481220	chr15	100481219	100481220	0	False	NA
chr15_100526022_100526023	chr15	100526022	100526023	0	False	NA
chr15_100608063_100608064	chr15	100608063	100608064	5	False	NA
chr15_100624116_100624117	chr15	100624116	100624117	8	False	NA
chr15_100897473_100897474	chr15	100897473	100897474	0	False	NA
chr15_100898051_100898052	chr15	100898051	100898052	0	False	NA
chr15_100903467_100903468	chr15	100903467	100903468	0	False	NA
chr15_101281911_101281912	chr15	101281911	101281912	339	True	39
chr15_101281915_101281916	chr15	101281915	101281916	339	True	39
chr15_101393050_101393051	chr15	101393050	101393051	52	True	39
chr15_101658110_101658111	chr15	101658110	101658111	0	False	NA
chr15_101712338_101712339	chr15	101712338	101712339	10	False	NA
chr15_101720783_101720784	chr15	101720783	101720784	12	False	NA
chr15_101721444_101721445	chr15	101721444	101721445	0	False	NA
chr15_101722324_101722325	chr15	101722324	101722325	8	False	NA
chr16_259940_259941	chr16	259940	259941	378	True	39
chr16_262312_262313	chr16	262312	262313	185	True	39
chr16_403206_403207	chr16	403206	403207	5	False	NA
chr16_410440_410441	chr16	410440	410441	15	False	NA
chr16_519708_519709	chr16	519708	519709	688	True	39
chr16_519712_519713	chr16	519712	519713	707	True	39
chr16_528231_528232	chr16	528231	528232	901	True	39
chr16_551027_551028	chr16	551027	551028	2878	True	39
chr16_551145_551146	chr16	551145	551146	2903	True	39
chr16_551162_551163	chr16	551162	551163	2998	True	39
chr16_551174_551175	chr16	551174	551175	3062	True	39
chr16_551178_551179	chr16	551178	551179	3093	True	39
chr16_658723_658724	chr16	658723	658724	76	True	39
chr16_661889_661890	chr16	661889	661890	175	True	39
chr16_792716_792717	chr16	792716	792717	522	True	39
chr16_1343140_1343141	chr16	1343140	1343141	5	False	NA
chr16_1343144_1343145	chr16	1343144	1343145	5	False	NA
chr16_1452893_1452894	chr16	1452893	1452894	1426	True	39
chr16_1502643_1502644	chr16	1502643	1502644	873	True	39
chr16_1516360_1516361	chr16	1516360	1516361	12	False	NA
chr16_1837003_1837004	chr16	1837003	1837004	0	False	NA
chr16_1860916_1860917	chr16	1860916	1860917	44	True	39
chr16_1865001_1865002	chr16	1865001	1865002	53	True	39
chr16_1992414_1992415	chr16	1992414	1992415	0	False	NA
chr16_2045960_2045961	chr16	2045960	2045961	5	False	NA
chr16_2049025_2049026	chr16	2049025	2049026	0	False	NA
chr16_2062733_2062734	chr16	2062733	2062734	199	True	39
chr16_2094033_2094034	chr16	2094033	2094034	531	True	39
chr16_2096274_2096275	chr16	2096274	2096275	74	True	39
chr16_2096274_2096275	chr16	2096274	2096275	74	True	39
chr16_2183260_2183261	chr16	2183260	2183261	0	False	NA
chr16_2246094_2246095	chr16	2246094	2246095	59	True	39
chr16_2280551_2280552	chr16	2280551	2280552	0	False	NA
chr16_2288394_2288395	chr16	2288394	2288395	5	False	NA
chr16_2297539_2297540	chr16	2297539	2297540	12	False	NA
chr16_2302222_2302223	chr16	2302222	2302223	18	False	NA
chr16_2325313_2325314	chr16	2325313	2325314	0	False	NA
chr16_2581440_2581441	chr16	2581440	2581441	0	False	NA
chr16_2596813_2596814	chr16	2596813	2596814	97	True	39
chr16_2705192_2705193	chr16	2705192	2705193	117	True	39
chr16_2768366_2768367	chr16	2768366	2768367	11006	True	16
chr16_3019601_3019602	chr16	3019601	3019602	0	False	NA
chr16_3091228_3091229	chr16	3091228	3091229	0	False	NA
chr16_3191197_3191198	chr16	3191197	3191198	0	False	NA
chr16_3285377_3285378	chr16	3285377	3285378	216	True	39
chr16_3285381_3285382	chr16	3285381	3285382	153	True	39
chr16_3285384_3285385	chr16	3285384	3285385	125	True	39
chr16_3285386_3285387	chr16	3285386	3285387	125	True	39
chr16_3289328_3289329	chr16	3289328	3289329	133	True	39
chr16_3314871_3314872	chr16	3314871	3314872	0	False	NA
chr16_3477472_3477473	chr16	3477472	3477473	10	False	NA
chr16_3562818_3562819	chr16	3562818	3562819	0	False	NA
chr16_3594247_3594248	chr16	3594247	3594248	0	False	NA
chr16_3597745_3597746	chr16	3597745	3597746	28	False	NA
chr16_3603483_3603484	chr16	3603483	3603484	5	False	NA
chr16_3670970_3670971	chr16	3670970	3670971	122	True	39
chr16_3670977_3670978	chr16	3670977	3670978	122	True	39
chr16_3739329_3739330	chr16	3739329	3739330	81	True	39
chr16_3978353_3978354	chr16	3978353	3978354	0	False	NA
chr16_3985478_3985479	chr16	3985478	3985479	0	False	NA
chr16_3989791_3989792	chr16	3989791	3989792	7	False	NA
chr16_4197999_4198000	chr16	4197999	4198000	0	False	NA
chr16_4407684_4407685	chr16	4407684	4407685	184	True	39
chr16_4426548_4426549	chr16	4426548	4426549	242	True	39
chr16_4579196_4579197	chr16	4579196	4579197	0	False	NA
chr16_4613085_4613086	chr16	4613085	4613086	937	True	39
chr16_4682677_4682678	chr16	4682677	4682678	172	True	39
chr16_4732315_4732316	chr16	4732315	4732316	6	False	NA
chr16_4809148_4809149	chr16	4809148	4809149	44	True	39
chr16_4831260_4831261	chr16	4831260	4831261	31	False	NA
chr16_4855082_4855083	chr16	4855082	4855083	88	True	39
chr16_4856835_4856836	chr16	4856835	4856836	36	False	NA
chr16_4887387_4887388	chr16	4887387	4887388	0	False	NA
chr16_4888544_4888545	chr16	4888544	4888545	0	False	NA
chr16_4997598_4997599	chr16	4997598	4997599	0	False	NA
chr16_5003157_5003158	chr16	5003157	5003158	0	False	NA
chr16_5076362_5076363	chr16	5076362	5076363	7	False	NA
chr16_8752000_8752001	chr16	8752000	8752001	7	False	NA
chr16_8831150_8831151	chr16	8831150	8831151	21	False	NA
chr16_8884232_8884233	chr16	8884232	8884233	0	False	NA
chr16_8904293_8904294	chr16	8904293	8904294	85	True	39
chr16_8908495_8908496	chr16	8908495	8908496	513	True	39
chr16_8915980_8915981	chr16	8915980	8915981	722	True	39
chr16_9837016_9837017	chr16	9837016	9837017	0	False	NA
chr16_10419759_10419760	chr16	10419759	10419760	172	True	39
chr16_10434649_10434650	chr16	10434649	10434650	137	True	39
chr16_10533538_10533539	chr16	10533538	10533539	0	False	NA
chr16_10682665_10682666	chr16	10682665	10682666	0	False	NA
chr16_10749372_10749373	chr16	10749372	10749373	8	False	NA
chr16_10897093_10897094	chr16	10897093	10897094	0	False	NA
chr16_10958459_10958460	chr16	10958459	10958460	0	False	NA
chr16_10981230_10981231	chr16	10981230	10981231	19	False	NA
chr16_11390487_11390488	chr16	11390487	11390488	0	False	NA
chr16_11396981_11396982	chr16	11396981	11396982	0	False	NA
chr16_11413665_11413666	chr16	11413665	11413666	0	False	NA
chr16_11459844_11459845	chr16	11459844	11459845	0	False	NA
chr16_11461747_11461748	chr16	11461747	11461748	37	False	NA
chr16_11513047_11513048	chr16	11513047	11513048	0	False	NA
chr16_11522733_11522734	chr16	11522733	11522734	0	False	NA
chr16_11728400_11728401	chr16	11728400	11728401	66	True	39
chr16_11732463_11732464	chr16	11732463	11732464	121	True	39
chr16_11756754_11756755	chr16	11756754	11756755	64	True	39
chr16_11760448_11760449	chr16	11760448	11760449	122	True	39
chr16_11760452_11760453	chr16	11760452	11760453	122	True	39
chr16_11779599_11779600	chr16	11779599	11779600	32	False	NA
chr16_11879433_11879434	chr16	11879433	11879434	103	True	39
chr16_11888036_11888037	chr16	11888036	11888037	111	True	39
chr16_13930075_13930076	chr16	13930075	13930076	5	False	NA
chr16_14213519_14213520	chr16	14213519	14213520	132	True	39
chr16_14215022_14215023	chr16	14215022	14215023	10	False	NA
chr16_14243567_14243568	chr16	14243567	14243568	5	False	NA
chr16_14250255_14250256	chr16	14250255	14250256	0	False	NA
chr16_14581999_14582000	chr16	14581999	14582000	10	False	NA
chr16_14583807_14583808	chr16	14583807	14583808	15	False	NA
chr16_14583937_14583938	chr16	14583937	14583938	15	False	NA
chr16_14585612_14585613	chr16	14585612	14585613	35	False	NA
chr16_14603708_14603709	chr16	14603708	14603709	15	False	NA
chr16_15047550_15047551	chr16	15047550	15047551	262	True	39
chr16_15065372_15065373	chr16	15065372	15065373	162	True	39
chr16_15070755_15070756	chr16	15070755	15070756	12	False	NA
chr16_15084285_15084286	chr16	15084285	15084286	290	True	39
chr16_15101990_15101991	chr16	15101990	15101991	0	False	NA
chr16_15613137_15613138	chr16	15613137	15613138	5	False	NA
chr16_15619551_15619552	chr16	15619551	15619552	98	True	39
chr16_15637410_15637411	chr16	15637410	15637411	7	False	NA
chr16_15691373_15691374	chr16	15691373	15691374	537	True	39
chr16_15694777_15694778	chr16	15694777	15694778	0	False	NA
chr16_15729373_15729374	chr16	15729373	15729374	0	False	NA
chr16_15737702_15737703	chr16	15737702	15737703	0	False	NA
chr16_15758210_15758211	chr16	15758210	15758211	0	False	NA
chr16_15781722_15781723	chr16	15781722	15781723	0	False	NA
chr16_15874792_15874793	chr16	15874792	15874793	12	False	NA
chr16_16052689_16052690	chr16	16052689	16052690	1101	True	39
chr16_16104011_16104012	chr16	16104011	16104012	720	True	39
chr16_16125159_16125160	chr16	16125159	16125160	16	False	NA
chr16_16157874_16157875	chr16	16157874	16157875	1444	True	39
chr16_16170662_16170663	chr16	16170662	16170663	288	True	39
chr16_16186105_16186106	chr16	16186105	16186106	180	True	39
chr16_16190095_16190096	chr16	16190095	16190096	1567	True	39
chr16_18816906_18816907	chr16	18816906	18816907	28	False	NA
chr16_18816934_18816935	chr16	18816934	18816935	20	False	NA
chr16_18835379_18835380	chr16	18835379	18835380	41	True	39
chr16_18837799_18837800	chr16	18837799	18837800	165	True	39
chr16_18843703_18843704	chr16	18843703	18843704	104	True	39
chr16_18848812_18848813	chr16	18848812	18848813	23	False	NA
chr16_18871717_18871718	chr16	18871717	18871718	0	False	NA
chr16_18873207_18873208	chr16	18873207	18873208	5	False	NA
chr16_19013360_19013361	chr16	19013360	19013361	0	False	NA
chr16_19014387_19014388	chr16	19014387	19014388	0	False	NA
chr16_19048252_19048253	chr16	19048252	19048253	0	False	NA
chr16_19077828_19077829	chr16	19077828	19077829	65	True	39
chr16_19182915_19182916	chr16	19182915	19182916	0	False	NA
chr16_19299627_19299628	chr16	19299627	19299628	0	False	NA
chr16_19477408_19477409	chr16	19477408	19477409	15	False	NA
chr16_19481716_19481717	chr16	19481716	19481717	7	False	NA
chr16_19486238_19486239	chr16	19486238	19486239	0	False	NA
chr16_19540330_19540331	chr16	19540330	19540331	9	False	NA
chr16_19540360_19540361	chr16	19540360	19540361	9	False	NA
chr16_20339594_20339595	chr16	20339594	20339595	0	False	NA
chr16_20360334_20360335	chr16	20360334	20360335	0	False	NA
chr16_20360992_20360993	chr16	20360992	20360993	0	False	NA
chr16_20362613_20362614	chr16	20362613	20362614	0	False	NA
chr16_20423807_20423808	chr16	20423807	20423808	0	False	NA
chr16_20427585_20427586	chr16	20427585	20427586	0	False	NA
chr16_20427592_20427593	chr16	20427592	20427593	0	False	NA
chr16_20663447_20663448	chr16	20663447	20663448	0	False	NA
chr16_20781588_20781589	chr16	20781588	20781589	92	True	39
chr16_20788771_20788772	chr16	20788771	20788772	87	True	39
chr16_20790769_20790770	chr16	20790769	20790770	16	False	NA
chr16_20792770_20792771	chr16	20792770	20792771	96	True	39
chr16_20960377_20960378	chr16	20960377	20960378	0	False	NA
chr16_20973701_20973702	chr16	20973701	20973702	0	False	NA
chr16_21035880_21035881	chr16	21035880	21035881	0	False	NA
chr16_21068208_21068209	chr16	21068208	21068209	0	False	NA
chr16_21080731_21080732	chr16	21080731	21080732	0	False	NA
chr16_21129203_21129204	chr16	21129203	21129204	0	False	NA
chr16_21203658_21203659	chr16	21203658	21203659	0	False	NA
chr16_21214027_21214028	chr16	21214027	21214028	0	False	NA
chr16_21277370_21277371	chr16	21277370	21277371	5	False	NA
chr16_21614317_21614318	chr16	21614317	21614318	27	False	NA
chr16_21641868_21641869	chr16	21641868	21641869	0	False	NA
chr16_21697299_21697300	chr16	21697299	21697300	0	False	NA
chr16_21708633_21708634	chr16	21708633	21708634	0	False	NA
chr16_21735870_21735871	chr16	21735870	21735871	0	False	NA
chr16_21964410_21964411	chr16	21964410	21964411	77	True	39
chr16_21965570_21965571	chr16	21965570	21965571	781	True	39
chr16_21978978_21978979	chr16	21978978	21978979	1761	True	39
chr16_21981339_21981340	chr16	21981339	21981340	46	True	39
chr16_21993347_21993348	chr16	21993347	21993348	0	False	NA
chr16_22120710_22120711	chr16	22120710	22120711	0	False	NA
chr16_22120715_22120716	chr16	22120715	22120716	0	False	NA
chr16_22131528_22131529	chr16	22131528	22131529	0	False	NA
chr16_22138625_22138626	chr16	22138625	22138626	0	False	NA
chr16_22152467_22152468	chr16	22152467	22152468	0	False	NA
chr16_22278452_22278453	chr16	22278452	22278453	135	True	39
chr16_22313221_22313222	chr16	22313221	22313222	208	True	39
chr16_22313618_22313619	chr16	22313618	22313619	1389	True	39
chr16_23390858_23390859	chr16	23390858	23390859	20	False	NA
chr16_23395211_23395212	chr16	23395211	23395212	0	False	NA
chr16_23397312_23397313	chr16	23397312	23397313	0	False	NA
chr16_23399818_23399819	chr16	23399818	23399819	103	True	39
chr16_23420390_23420391	chr16	23420390	23420391	345	True	39
chr16_23434549_23434550	chr16	23434549	23434550	101	True	39
chr16_23487984_23487985	chr16	23487984	23487985	83	True	39
chr16_23548508_23548509	chr16	23548508	23548509	13	False	NA
chr16_23586320_23586321	chr16	23586320	23586321	25	False	NA
chr16_24546800_24546801	chr16	24546800	24546801	89	True	39
chr16_24730110_24730111	chr16	24730110	24730111	1214	True	39
chr16_24758598_24758599	chr16	24758598	24758599	667	True	39
chr16_24806120_24806121	chr16	24806120	24806121	426	True	39
chr16_24910020_24910021	chr16	24910020	24910021	0	False	NA
chr16_25135564_25135565	chr16	25135564	25135565	5	False	NA
chr16_27476762_27476763	chr16	27476762	27476763	91	True	39
chr16_27478753_27478754	chr16	27478753	27478754	237	True	39
chr16_27485012_27485013	chr16	27485012	27485013	72	True	39
chr16_27544531_27544532	chr16	27544531	27544532	55	True	39
chr16_27643753_27643754	chr16	27643753	27643754	0	False	NA
chr16_27643757_27643758	chr16	27643757	27643758	0	False	NA
chr16_27678891_27678892	chr16	27678891	27678892	0	False	NA
chr16_27773526_27773527	chr16	27773526	27773527	10	False	NA
chr16_28169456_28169457	chr16	28169456	28169457	130	True	39
chr16_28583192_28583193	chr16	28583192	28583193	0	False	NA
chr16_28834796_28834797	chr16	28834796	28834797	792	True	39
chr16_28904093_28904094	chr16	28904093	28904094	1582	True	39
chr16_29745696_29745697	chr16	29745696	29745697	0	False	NA
chr16_29779400_29779401	chr16	29779400	29779401	0	False	NA
chr16_29846458_29846459	chr16	29846458	29846459	7	False	NA
chr16_29877845_29877846	chr16	29877845	29877846	0	False	NA
chr16_29888861_29888862	chr16	29888861	29888862	0	False	NA
chr16_29988449_29988450	chr16	29988449	29988450	470	True	39
chr16_30042671_30042672	chr16	30042671	30042672	0	False	NA
chr16_30081131_30081132	chr16	30081131	30081132	858	True	39
chr16_30082153_30082154	chr16	30082153	30082154	119	True	39
chr16_30082744_30082745	chr16	30082744	30082745	1575	True	39
chr16_30119743_30119744	chr16	30119743	30119744	0	False	NA
chr16_30379560_30379561	chr16	30379560	30379561	6	False	NA
chr16_30494507_30494508	chr16	30494507	30494508	0	False	NA
chr16_30661017_30661018	chr16	30661017	30661018	792	True	39
chr16_30700423_30700424	chr16	30700423	30700424	242	True	39
chr16_30709382_30709383	chr16	30709382	30709383	110	True	39
chr16_30721059_30721060	chr16	30721059	30721060	538	True	39
chr16_30958596_30958597	chr16	30958596	30958597	987	True	39
chr16_30967650_30967651	chr16	30967650	30967651	239	True	39
chr16_30983542_30983543	chr16	30983542	30983543	84	True	39
chr16_31035200_31035201	chr16	31035200	31035201	27	False	NA
chr16_31123316_31123317	chr16	31123316	31123317	694	True	39
chr16_31123316_31123317	chr16	31123316	31123317	694	True	39
chr16_31180460_31180461	chr16	31180460	31180461	3536	True	39
chr16_31182288_31182289	chr16	31182288	31182289	792	True	39
chr16_31184091_31184092	chr16	31184091	31184092	682	True	39
chr16_31190038_31190039	chr16	31190038	31190039	6942	True	41
chr16_31269071_31269072	chr16	31269071	31269072	0	False	NA
chr16_31271708_31271709	chr16	31271708	31271709	0	False	NA
chr16_31274076_31274077	chr16	31274076	31274077	0	False	NA
chr16_31378209_31378210	chr16	31378209	31378210	0	False	NA
chr16_31425567_31425568	chr16	31425567	31425568	0	False	NA
chr16_31496067_31496068	chr16	31496067	31496068	5	False	NA
chr16_46582906_46582907	chr16	46582906	46582907	0	False	NA
chr16_46597620_46597621	chr16	46597620	46597621	32	False	NA
chr16_46612191_46612192	chr16	46612191	46612192	52	True	39
chr16_46616310_46616311	chr16	46616310	46616311	32	False	NA
chr16_46616325_46616326	chr16	46616325	46616326	27	False	NA
chr16_46719029_46719030	chr16	46719029	46719030	0	False	NA
chr16_46804335_46804336	chr16	46804335	46804336	70	True	39
chr16_46916983_46916984	chr16	46916983	46916984	577	True	39
chr16_47458457_47458458	chr16	47458457	47458458	0	False	NA
chr16_47497987_47497988	chr16	47497987	47497988	60	True	39
chr16_47594527_47594528	chr16	47594527	47594528	10	False	NA
chr16_47666352_47666353	chr16	47666352	47666353	92	True	39
chr16_47695100_47695101	chr16	47695100	47695101	0	False	NA
chr16_48122249_48122250	chr16	48122249	48122250	0	False	NA
chr16_48126231_48126232	chr16	48126231	48126232	0	False	NA
chr16_48130061_48130062	chr16	48130061	48130062	0	False	NA
chr16_48132351_48132352	chr16	48132351	48132352	0	False	NA
chr16_48145174_48145175	chr16	48145174	48145175	0	False	NA
chr16_48170636_48170637	chr16	48170636	48170637	0	False	NA
chr16_48227103_48227104	chr16	48227103	48227104	0	False	NA
chr16_48264302_48264303	chr16	48264302	48264303	0	False	NA
chr16_48272707_48272708	chr16	48272707	48272708	43	True	39
chr16_48275409_48275410	chr16	48275409	48275410	36	False	NA
chr16_48301836_48301837	chr16	48301836	48301837	7	False	NA
chr16_48347396_48347397	chr16	48347396	48347397	198	True	39
chr16_48547829_48547830	chr16	48547829	48547830	188	True	39
chr16_48552370_48552371	chr16	48552370	48552371	0	False	NA
chr16_50033558_50033559	chr16	50033558	50033559	21	False	NA
chr16_50103697_50103698	chr16	50103697	50103698	0	False	NA
chr16_50549164_50549165	chr16	50549164	50549165	2573	True	25
chr16_50630519_50630520	chr16	50630519	50630520	1874	True	39
chr16_50630647_50630648	chr16	50630647	50630648	2370	True	39
chr16_50703200_50703201	chr16	50703200	50703201	0	False	NA
chr16_50730285_50730286	chr16	50730285	50730286	0	False	NA
chr16_50793077_50793078	chr16	50793077	50793078	5	False	NA
chr16_53052458_53052459	chr16	53052458	53052459	0	False	NA
chr16_53231153_53231154	chr16	53231153	53231154	33	False	NA
chr16_53305034_53305035	chr16	53305034	53305035	10	False	NA
chr16_53307447_53307448	chr16	53307447	53307448	5	False	NA
chr16_53450284_53450285	chr16	53450284	53450285	31	False	NA
chr16_53459099_53459100	chr16	53459099	53459100	20	False	NA
chr16_53463518_53463519	chr16	53463518	53463519	112	True	39
chr16_53610662_53610663	chr16	53610662	53610663	0	False	NA
chr16_53614222_53614223	chr16	53614222	53614223	0	False	NA
chr16_53643035_53643036	chr16	53643035	53643036	0	False	NA
chr16_53646515_53646516	chr16	53646515	53646516	0	False	NA
chr16_53687293_53687294	chr16	53687293	53687294	0	False	NA
chr16_53689612_53689613	chr16	53689612	53689613	0	False	NA
chr16_54283817_54283818	chr16	54283817	54283818	390	True	39
chr16_55329793_55329794	chr16	55329793	55329794	0	False	NA
chr16_55492221_55492222	chr16	55492221	55492222	0	False	NA
chr16_55817002_55817003	chr16	55817002	55817003	775	True	39
chr16_55825594_55825595	chr16	55825594	55825595	0	False	NA
chr16_55873259_55873260	chr16	55873259	55873260	0	False	NA
chr16_55874771_55874772	chr16	55874771	55874772	0	False	NA
chr16_56388368_56388369	chr16	56388368	56388369	121	True	39
chr16_56408435_56408436	chr16	56408435	56408436	7	False	NA
chr16_56409652_56409653	chr16	56409652	56409653	126	True	39
chr16_56452548_56452549	chr16	56452548	56452549	5	False	NA
chr16_56802593_56802594	chr16	56802593	56802594	0	False	NA
chr16_56819272_56819273	chr16	56819272	56819273	44	True	39
chr16_56827715_56827716	chr16	56827715	56827716	39	False	NA
chr16_56832829_56832830	chr16	56832829	56832830	5	False	NA
chr16_56842130_56842131	chr16	56842130	56842131	94	True	39
chr16_56842342_56842343	chr16	56842342	56842343	0	False	NA
chr16_56905689_56905690	chr16	56905689	56905690	11	False	NA
chr16_56975705_56975706	chr16	56975705	56975706	0	False	NA
chr16_57033289_57033290	chr16	57033289	57033290	0	False	NA
chr16_57037782_57037783	chr16	57037782	57037783	0	False	NA
chr16_57047258_57047259	chr16	57047258	57047259	0	False	NA
chr16_57058752_57058753	chr16	57058752	57058753	0	False	NA
chr16_57121642_57121643	chr16	57121642	57121643	130	True	39
chr16_57205380_57205381	chr16	57205380	57205381	157	True	39
chr16_57233958_57233959	chr16	57233958	57233959	50	True	39
chr16_57235653_57235654	chr16	57235653	57235654	33	False	NA
chr16_57375862_57375863	chr16	57375862	57375863	46	True	39
chr16_57440594_57440595	chr16	57440594	57440595	5	False	NA
chr16_57688256_57688257	chr16	57688256	57688257	0	False	NA
chr16_57725364_57725365	chr16	57725364	57725365	0	False	NA
chr16_57916449_57916450	chr16	57916449	57916450	0	False	NA
chr16_57919483_57919484	chr16	57919483	57919484	0	False	NA
chr16_57920712_57920713	chr16	57920712	57920713	0	False	NA
chr16_57922943_57922944	chr16	57922943	57922944	0	False	NA
chr16_57949966_57949967	chr16	57949966	57949967	0	False	NA
chr16_58004948_58004949	chr16	58004948	58004949	6	False	NA
chr16_58019578_58019579	chr16	58019578	58019579	0	False	NA
chr16_58020058_58020059	chr16	58020058	58020059	88	True	39
chr16_58185203_58185204	chr16	58185203	58185204	107	True	39
chr16_58285348_58285349	chr16	58285348	58285349	0	False	NA
chr16_58290716_58290717	chr16	58290716	58290717	0	False	NA
chr16_58526458_58526459	chr16	58526458	58526459	159	True	39
chr16_58544960_58544961	chr16	58544960	58544961	824	True	39
chr16_58550759_58550760	chr16	58550759	58550760	6	False	NA
chr16_58629652_58629653	chr16	58629652	58629653	3775	True	39
chr16_58680707_58680708	chr16	58680707	58680708	0	False	NA
chr16_58723576_58723577	chr16	58723576	58723577	12	False	NA
chr16_61821564_61821565	chr16	61821564	61821565	0	False	NA
chr16_64972570_64972571	chr16	64972570	64972571	0	False	NA
chr16_66623596_66623597	chr16	66623596	66623597	52	True	39
chr16_66724169_66724170	chr16	66724169	66724170	327	True	39
chr16_66781873_66781874	chr16	66781873	66781874	0	False	NA
chr16_66790156_66790157	chr16	66790156	66790157	0	False	NA
chr16_66803982_66803983	chr16	66803982	66803983	133	True	39
chr16_66809351_66809352	chr16	66809351	66809352	225	True	39
chr16_66813876_66813877	chr16	66813876	66813877	890	True	39
chr16_66818261_66818262	chr16	66818261	66818262	48	True	39
chr16_66939102_66939103	chr16	66939102	66939103	73	True	39
chr16_66993182_66993183	chr16	66993182	66993183	0	False	NA
chr16_67158506_67158507	chr16	67158506	67158507	61	True	39
chr16_67181792_67181793	chr16	67181792	67181793	9	False	NA
chr16_67181808_67181809	chr16	67181808	67181809	0	False	NA
chr16_67185700_67185701	chr16	67185700	67185701	29	False	NA
chr16_67186428_67186429	chr16	67186428	67186429	0	False	NA
chr16_67285985_67285986	chr16	67285985	67285986	12	False	NA
chr16_67285990_67285991	chr16	67285990	67285991	12	False	NA
chr16_67296923_67296924	chr16	67296923	67296924	0	False	NA
chr16_67403042_67403043	chr16	67403042	67403043	0	False	NA
chr16_67482872_67482873	chr16	67482872	67482873	0	False	NA
chr16_67950493_67950494	chr16	67950493	67950494	2377	True	39
chr16_67979417_67979418	chr16	67979417	67979418	0	False	NA
chr16_68051097_68051098	chr16	68051097	68051098	0	False	NA
chr16_68055239_68055240	chr16	68055239	68055240	0	False	NA
chr16_68068146_68068147	chr16	68068146	68068147	26	False	NA
chr16_68169236_68169237	chr16	68169236	68169237	39	False	NA
chr16_68179424_68179425	chr16	68179424	68179425	39	False	NA
chr16_68237048_68237049	chr16	68237048	68237049	0	False	NA
chr16_68237052_68237053	chr16	68237052	68237053	0	False	NA
chr16_68264187_68264188	chr16	68264187	68264188	46	True	39
chr16_68294643_68294644	chr16	68294643	68294644	698	True	39
chr16_68317393_68317394	chr16	68317393	68317394	416	True	39
chr16_68317393_68317394	chr16	68317393	68317394	416	True	39
chr16_68688034_68688035	chr16	68688034	68688035	0	False	NA
chr16_68862691_68862692	chr16	68862691	68862692	0	False	NA
chr16_68862695_68862696	chr16	68862695	68862696	0	False	NA
chr16_68873186_68873187	chr16	68873186	68873187	13	False	NA
chr16_69141435_69141436	chr16	69141435	69141436	128	True	39
chr16_69241136_69241137	chr16	69241136	69241137	23	False	NA
chr16_69363365_69363366	chr16	69363365	69363366	19	False	NA
chr16_69717548_69717549	chr16	69717548	69717549	47	True	39
chr16_69753504_69753505	chr16	69753504	69753505	30	False	NA
chr16_69915293_69915294	chr16	69915293	69915294	37	False	NA
chr16_70137644_70137645	chr16	70137644	70137645	0	False	NA
chr16_70260447_70260448	chr16	70260447	70260448	282	True	39
chr16_70323232_70323233	chr16	70323232	70323233	5	False	NA
chr16_70524481_70524482	chr16	70524481	70524482	959	True	39
chr16_70556624_70556625	chr16	70556624	70556625	335	True	39
chr16_70568992_70568993	chr16	70568992	70568993	898	True	39
chr16_70678003_70678004	chr16	70678003	70678004	3661	True	29
chr16_70679109_70679110	chr16	70679109	70679110	3813	True	29
chr16_70837442_70837443	chr16	70837442	70837443	0	False	NA
chr16_70862686_70862687	chr16	70862686	70862687	0	False	NA
chr16_70862690_70862691	chr16	70862690	70862691	0	False	NA
chr16_70869801_70869802	chr16	70869801	70869802	0	False	NA
chr16_70889250_70889251	chr16	70889250	70889251	0	False	NA
chr16_70902045_70902046	chr16	70902045	70902046	0	False	NA
chr16_70946681_70946682	chr16	70946681	70946682	0	False	NA
chr16_70980766_70980767	chr16	70980766	70980767	0	False	NA
chr16_70991670_70991671	chr16	70991670	70991671	0	False	NA
chr16_71022055_71022056	chr16	71022055	71022056	0	False	NA
chr16_71182092_71182093	chr16	71182092	71182093	0	False	NA
chr16_71185166_71185167	chr16	71185166	71185167	0	False	NA
chr16_71185170_71185171	chr16	71185170	71185171	0	False	NA
chr16_71571236_71571237	chr16	71571236	71571237	0	False	NA
chr16_71653146_71653147	chr16	71653146	71653147	5	False	NA
chr16_71653488_71653489	chr16	71653488	71653489	0	False	NA
chr16_71734979_71734980	chr16	71734979	71734980	0	False	NA
chr16_71748481_71748482	chr16	71748481	71748482	128	True	39
chr16_71751223_71751224	chr16	71751223	71751224	282	True	39
chr16_71752052_71752053	chr16	71752052	71752053	409	True	39
chr16_71881844_71881845	chr16	71881844	71881845	16	False	NA
chr16_71881844_71881845	chr16	71881844	71881845	16	False	NA
chr16_71918257_71918258	chr16	71918257	71918258	188	True	39
chr16_71926694_71926695	chr16	71926694	71926695	210	True	39
chr16_71995270_71995271	chr16	71995270	71995271	0	False	NA
chr16_72018495_72018496	chr16	72018495	72018496	56	True	39
chr16_72109060_72109061	chr16	72109060	72109061	145	True	39
chr16_72153331_72153332	chr16	72153331	72153332	0	False	NA
chr16_72798841_72798842	chr16	72798841	72798842	36	False	NA
chr16_74302402_74302403	chr16	74302402	74302403	186	True	39
chr16_74455846_74455847	chr16	74455846	74455847	31	False	NA
chr16_74484247_74484248	chr16	74484247	74484248	0	False	NA
chr16_74494936_74494937	chr16	74494936	74494937	34	False	NA
chr16_74494940_74494941	chr16	74494940	74494941	23	False	NA
chr16_74631740_74631741	chr16	74631740	74631741	27	False	NA
chr16_74639372_74639373	chr16	74639372	74639373	48	True	39
chr16_74718109_74718110	chr16	74718109	74718110	0	False	NA
chr16_74719451_74719452	chr16	74719451	74719452	0	False	NA
chr16_74888634_74888635	chr16	74888634	74888635	78	True	39
chr16_74942481_74942482	chr16	74942481	74942482	44	True	39
chr16_74948608_74948609	chr16	74948608	74948609	1468	True	39
chr16_74950599_74950600	chr16	74950599	74950600	65	True	39
chr16_75096324_75096325	chr16	75096324	75096325	186	True	39
chr16_75540775_75540776	chr16	75540775	75540776	0	False	NA
chr16_75604929_75604930	chr16	75604929	75604930	0	False	NA
chr16_75615940_75615941	chr16	75615940	75615941	0	False	NA
chr16_75621929_75621930	chr16	75621929	75621930	0	False	NA
chr16_75661975_75661976	chr16	75661975	75661976	0	False	NA
chr16_75667929_75667930	chr16	75667929	75667930	0	False	NA
chr16_75716273_75716274	chr16	75716273	75716274	0	False	NA
chr16_75720227_75720228	chr16	75720227	75720228	5	False	NA
chr16_76451707_76451708	chr16	76451707	76451708	0	False	NA
chr16_76456921_76456922	chr16	76456921	76456922	0	False	NA
chr16_76476626_76476627	chr16	76476626	76476627	0	False	NA
chr16_76556848_76556849	chr16	76556848	76556849	0	False	NA
chr16_77206964_77206965	chr16	77206964	77206965	0	False	NA
chr16_77295755_77295756	chr16	77295755	77295756	0	False	NA
chr16_77298495_77298496	chr16	77298495	77298496	0	False	NA
chr16_77341234_77341235	chr16	77341234	77341235	0	False	NA
chr16_77355633_77355634	chr16	77355633	77355634	0	False	NA
chr16_77356876_77356877	chr16	77356876	77356877	0	False	NA
chr16_77724088_77724089	chr16	77724088	77724089	0	False	NA
chr16_80544473_80544474	chr16	80544473	80544474	0	False	NA
chr16_81021705_81021706	chr16	81021705	81021706	37	False	NA
chr16_81025202_81025203	chr16	81025202	81025203	11	False	NA
chr16_81062602_81062603	chr16	81062602	81062603	0	False	NA
chr16_81065149_81065150	chr16	81065149	81065150	0	False	NA
chr16_81351750_81351751	chr16	81351750	81351751	37	False	NA
chr16_81359361_81359362	chr16	81359361	81359362	13	False	NA
chr16_81363028_81363029	chr16	81363028	81363029	0	False	NA
chr16_81473450_81473451	chr16	81473450	81473451	1693	True	39
chr16_81516552_81516553	chr16	81516552	81516553	1585	True	39
chr16_81655637_81655638	chr16	81655637	81655638	241	True	39
chr16_81708345_81708346	chr16	81708345	81708346	54	True	39
chr16_81881564_81881565	chr16	81881564	81881565	0	False	NA
chr16_81935002_81935003	chr16	81935002	81935003	0	False	NA
chr16_81940730_81940731	chr16	81940730	81940731	0	False	NA
chr16_82150493_82150494	chr16	82150493	82150494	177	True	39
chr16_83948708_83948709	chr16	83948708	83948709	0	False	NA
chr16_83992654_83992655	chr16	83992654	83992655	0	False	NA
chr16_84014919_84014920	chr16	84014919	84014920	0	False	NA
chr16_84033765_84033766	chr16	84033765	84033766	0	False	NA
chr16_84035266_84035267	chr16	84035266	84035267	0	False	NA
chr16_84070402_84070403	chr16	84070402	84070403	8	False	NA
chr16_84099458_84099459	chr16	84099458	84099459	15	False	NA
chr16_84134144_84134145	chr16	84134144	84134145	0	False	NA
chr16_84155506_84155507	chr16	84155506	84155507	0	False	NA
chr16_84171820_84171821	chr16	84171820	84171821	0	False	NA
chr16_84181274_84181275	chr16	84181274	84181275	543	True	39
chr16_84238181_84238182	chr16	84238181	84238182	0	False	NA
chr16_84238467_84238468	chr16	84238467	84238468	0	False	NA
chr16_84424889_84424890	chr16	84424889	84424890	0	False	NA
chr16_84450107_84450108	chr16	84450107	84450108	0	False	NA
chr16_84493823_84493824	chr16	84493823	84493824	5	False	NA
chr16_84496299_84496300	chr16	84496299	84496300	0	False	NA
chr16_84880075_84880076	chr16	84880075	84880076	0	False	NA
chr16_85111013_85111014	chr16	85111013	85111014	0	False	NA
chr16_85284416_85284417	chr16	85284416	85284417	50	True	39
chr16_85662166_85662167	chr16	85662166	85662167	2277	True	39
chr16_85802872_85802873	chr16	85802872	85802873	324	True	39
chr16_87304860_87304861	chr16	87304860	87304861	0	False	NA
chr16_87341818_87341819	chr16	87341818	87341819	430	True	39
chr16_87347058_87347059	chr16	87347058	87347059	1699	True	39
chr16_87347069_87347070	chr16	87347069	87347070	1685	True	39
chr16_87422924_87422925	chr16	87422924	87422925	6	False	NA
chr16_87729309_87729310	chr16	87729309	87729310	54	True	39
chr16_87982557_87982558	chr16	87982557	87982558	0	False	NA
chr16_88647828_88647829	chr16	88647828	88647829	937	True	39
chr16_88655730_88655731	chr16	88655730	88655731	3795	True	30
chr16_88825470_88825471	chr16	88825470	88825471	6	False	NA
chr16_88899701_88899702	chr16	88899701	88899702	363	True	39
chr16_89145086_89145087	chr16	89145086	89145087	115	True	39
chr16_89221295_89221296	chr16	89221295	89221296	0	False	NA
chr16_89596350_89596351	chr16	89596350	89596351	1456	True	39
chr16_89712353_89712354	chr16	89712353	89712354	905	True	39
chr16_89724722_89724723	chr16	89724722	89724723	70	True	39
chr16_89728385_89728386	chr16	89728385	89728386	68	True	39
chr16_89729130_89729131	chr16	89729130	89729131	180	True	39
chr16_89746759_89746760	chr16	89746759	89746760	1403	True	39
chr16_89772241_89772242	chr16	89772241	89772242	130	True	39
chr16_89777735_89777736	chr16	89777735	89777736	76	True	39
chr16_89810840_89810841	chr16	89810840	89810841	916	True	39
chr16_89811475_89811476	chr16	89811475	89811476	251	True	39
chr16_89848846_89848847	chr16	89848846	89848847	95	True	39
chr16_89860681_89860682	chr16	89860681	89860682	431	True	39
chr16_89861285_89861286	chr16	89861285	89861286	967	True	39
chr16_89893654_89893655	chr16	89893654	89893655	2338	True	39
chr16_89894471_89894472	chr16	89894471	89894472	6270	True	37
chr16_89894555_89894556	chr16	89894555	89894556	6432	True	37
chr16_89907035_89907036	chr16	89907035	89907036	1717	True	39
chr17_162649_162650	chr17	162649	162650	0	False	NA
chr17_412995_412996	chr17	412995	412996	0	False	NA
chr17_445242_445243	chr17	445242	445243	0	False	NA
chr17_740907_740908	chr17	740907	740908	19	False	NA
chr17_784015_784016	chr17	784015	784016	96	True	39
chr17_803239_803240	chr17	803239	803240	16	False	NA
chr17_1090319_1090320	chr17	1090319	1090320	0	False	NA
chr17_1540450_1540451	chr17	1540450	1540451	7	False	NA
chr17_1679410_1679411	chr17	1679410	1679411	2404	True	39
chr17_1709970_1709971	chr17	1709970	1709971	36	False	NA
chr17_1746821_1746822	chr17	1746821	1746822	1967	True	39
chr17_1746969_1746970	chr17	1746969	1746970	2769	True	39
chr17_1781514_1781515	chr17	1781514	1781515	343	True	39
chr17_1804977_1804978	chr17	1804977	1804978	43	True	39
chr17_1851111_1851112	chr17	1851111	1851112	36	False	NA
chr17_1880269_1880270	chr17	1880269	1880270	6	False	NA
chr17_1880920_1880921	chr17	1880920	1880921	0	False	NA
chr17_1894443_1894444	chr17	1894443	1894444	5	False	NA
chr17_2037337_2037338	chr17	2037337	2037338	246	True	39
chr17_2040123_2040124	chr17	2040123	2040124	138	True	39
chr17_2294450_2294451	chr17	2294450	2294451	20	False	NA
chr17_2374887_2374888	chr17	2374887	2374888	127	True	39
chr17_2439424_2439425	chr17	2439424	2439425	13	False	NA
chr17_2700863_2700864	chr17	2700863	2700864	719	True	39
chr17_2997557_2997558	chr17	2997557	2997558	0	False	NA
chr17_3385914_3385915	chr17	3385914	3385915	0	False	NA
chr17_3441983_3441984	chr17	3441983	3441984	0	False	NA
chr17_3463525_3463526	chr17	3463525	3463526	0	False	NA
chr17_3497745_3497746	chr17	3497745	3497746	0	False	NA
chr17_3520614_3520615	chr17	3520614	3520615	0	False	NA
chr17_3556489_3556490	chr17	3556489	3556490	0	False	NA
chr17_3577434_3577435	chr17	3577434	3577435	15	False	NA
chr17_3654996_3654997	chr17	3654996	3654997	23	False	NA
chr17_3689060_3689061	chr17	3689060	3689061	0	False	NA
chr17_3691098_3691099	chr17	3691098	3691099	0	False	NA
chr17_3716335_3716336	chr17	3716335	3716336	6	False	NA
chr17_3722053_3722054	chr17	3722053	3722054	0	False	NA
chr17_3739463_3739464	chr17	3739463	3739464	0	False	NA
chr17_3740240_3740241	chr17	3740240	3740241	0	False	NA
chr17_3753229_3753230	chr17	3753229	3753230	0	False	NA
chr17_3755351_3755352	chr17	3755351	3755352	0	False	NA
chr17_3813279_3813280	chr17	3813279	3813280	642	True	39
chr17_3816595_3816596	chr17	3816595	3816596	23	False	NA
chr17_3842515_3842516	chr17	3842515	3842516	0	False	NA
chr17_4061239_4061240	chr17	4061239	4061240	0	False	NA
chr17_4066888_4066889	chr17	4066888	4066889	0	False	NA
chr17_4069568_4069569	chr17	4069568	4069569	18	False	NA
chr17_4085195_4085196	chr17	4085195	4085196	20	False	NA
chr17_4104015_4104016	chr17	4104015	4104016	5	False	NA
chr17_4105488_4105489	chr17	4105488	4105489	0	False	NA
chr17_4153265_4153266	chr17	4153265	4153266	0	False	NA
chr17_4174259_4174260	chr17	4174259	4174260	0	False	NA
chr17_4180904_4180905	chr17	4180904	4180905	36	False	NA
chr17_4180906_4180907	chr17	4180906	4180907	41	True	39
chr17_4206051_4206052	chr17	4206051	4206052	10	False	NA
chr17_4284716_4284717	chr17	4284716	4284717	0	False	NA
chr17_4542813_4542814	chr17	4542813	4542814	108	True	39
chr17_4550737_4550738	chr17	4550737	4550738	74	True	39
chr17_4677206_4677207	chr17	4677206	4677207	109	True	39
chr17_4885395_4885396	chr17	4885395	4885396	2112	True	39
chr17_4886035_4886036	chr17	4886035	4886036	380	True	39
chr17_4941442_4941443	chr17	4941442	4941443	0	False	NA
chr17_4941449_4941450	chr17	4941449	4941450	0	False	NA
chr17_4942531_4942532	chr17	4942531	4942532	273	True	39
chr17_4971242_4971243	chr17	4971242	4971243	5	False	NA
chr17_4981415_4981416	chr17	4981415	4981416	212	True	39
chr17_4988656_4988657	chr17	4988656	4988657	0	False	NA
chr17_4988660_4988661	chr17	4988660	4988661	0	False	NA
chr17_5005405_5005406	chr17	5005405	5005406	65	True	39
chr17_5353441_5353442	chr17	5353441	5353442	106	True	39
chr17_5353448_5353449	chr17	5353448	5353449	106	True	39
chr17_5370169_5370170	chr17	5370169	5370170	0	False	NA
chr17_5375400_5375401	chr17	5375400	5375401	5	False	NA
chr17_6648381_6648382	chr17	6648381	6648382	55	True	39
chr17_7007098_7007099	chr17	7007098	7007099	0	False	NA
chr17_7107363_7107364	chr17	7107363	7107364	5234	True	23
chr17_7284163_7284164	chr17	7284163	7284164	90	True	39
chr17_7393059_7393060	chr17	7393059	7393060	78	True	39
chr17_7502458_7502459	chr17	7502458	7502459	413	True	39
chr17_7555505_7555506	chr17	7555505	7555506	0	False	NA
chr17_7573050_7573051	chr17	7573050	7573051	8946	True	14
chr17_7573084_7573085	chr17	7573084	7573085	7181	True	14
chr17_7768742_7768743	chr17	7768742	7768743	0	False	NA
chr17_7806919_7806920	chr17	7806919	7806920	0	False	NA
chr17_7924529_7924530	chr17	7924529	7924530	12	False	NA
chr17_8393794_8393795	chr17	8393794	8393795	0	False	NA
chr17_8453609_8453610	chr17	8453609	8453610	36	False	NA
chr17_8453621_8453622	chr17	8453621	8453622	45	True	39
chr17_8494743_8494744	chr17	8494743	8494744	0	False	NA
chr17_8498296_8498297	chr17	8498296	8498297	0	False	NA
chr17_8553168_8553169	chr17	8553168	8553169	17	False	NA
chr17_8826879_8826880	chr17	8826879	8826880	0	False	NA
chr17_8837151_8837152	chr17	8837151	8837152	0	False	NA
chr17_9597313_9597314	chr17	9597313	9597314	0	False	NA
chr17_9630286_9630287	chr17	9630286	9630287	0	False	NA
chr17_9635403_9635404	chr17	9635403	9635404	0	False	NA
chr17_9682108_9682109	chr17	9682108	9682109	0	False	NA
chr17_9773431_9773432	chr17	9773431	9773432	0	False	NA
chr17_9834859_9834860	chr17	9834859	9834860	0	False	NA
chr17_9860634_9860635	chr17	9860634	9860635	0	False	NA
chr17_9861820_9861821	chr17	9861820	9861821	5	False	NA
chr17_9935905_9935906	chr17	9935905	9935906	0	False	NA
chr17_10314787_10314788	chr17	10314787	10314788	0	False	NA
chr17_10356516_10356517	chr17	10356516	10356517	0	False	NA
chr17_10363821_10363822	chr17	10363821	10363822	0	False	NA
chr17_10370145_10370146	chr17	10370145	10370146	0	False	NA
chr17_10396089_10396090	chr17	10396089	10396090	0	False	NA
chr17_10450329_10450330	chr17	10450329	10450330	0	False	NA
chr17_10454145_10454146	chr17	10454145	10454146	0	False	NA
chr17_10456957_10456958	chr17	10456957	10456958	0	False	NA
chr17_10468975_10468976	chr17	10468975	10468976	0	False	NA
chr17_10513446_10513447	chr17	10513446	10513447	0	False	NA
chr17_10523412_10523413	chr17	10523412	10523413	0	False	NA
chr17_10535658_10535659	chr17	10535658	10535659	0	False	NA
chr17_10628904_10628905	chr17	10628904	10628905	0	False	NA
chr17_10635590_10635591	chr17	10635590	10635591	0	False	NA
chr17_10640736_10640737	chr17	10640736	10640737	5	False	NA
chr17_10695351_10695352	chr17	10695351	10695352	54	True	39
chr17_10695363_10695364	chr17	10695363	10695364	62	True	39
chr17_10725405_10725406	chr17	10725405	10725406	0	False	NA
chr17_11611648_11611649	chr17	11611648	11611649	0	False	NA
chr17_11652221_11652222	chr17	11652221	11652222	0	False	NA
chr17_11697751_11697752	chr17	11697751	11697752	0	False	NA
chr17_11702647_11702648	chr17	11702647	11702648	0	False	NA
chr17_11747508_11747509	chr17	11747508	11747509	0	False	NA
chr17_11822383_11822384	chr17	11822383	11822384	0	False	NA
chr17_11871592_11871593	chr17	11871592	11871593	0	False	NA
chr17_11891710_11891711	chr17	11891710	11891711	0	False	NA
chr17_11893102_11893103	chr17	11893102	11893103	0	False	NA
chr17_11905459_11905460	chr17	11905459	11905460	0	False	NA
chr17_11963966_11963967	chr17	11963966	11963967	0	False	NA
chr17_11983536_11983537	chr17	11983536	11983537	0	False	NA
chr17_11991772_11991773	chr17	11991772	11991773	0	False	NA
chr17_12111144_12111145	chr17	12111144	12111145	10	False	NA
chr17_12716485_12716486	chr17	12716485	12716486	0	False	NA
chr17_12717799_12717800	chr17	12717799	12717800	0	False	NA
chr17_12759801_12759802	chr17	12759801	12759802	0	False	NA
chr17_12953523_12953524	chr17	12953523	12953524	0	False	NA
chr17_13011164_13011165	chr17	13011164	13011165	110	True	39
chr17_14236566_14236567	chr17	14236566	14236567	0	False	NA
chr17_15310312_15310313	chr17	15310312	15310313	0	False	NA
chr17_15627805_15627806	chr17	15627805	15627806	0	False	NA
chr17_15646240_15646241	chr17	15646240	15646241	0	False	NA
chr17_15707576_15707577	chr17	15707576	15707577	0	False	NA
chr17_15713517_15713518	chr17	15713517	15713518	0	False	NA
chr17_16072470_16072471	chr17	16072470	16072471	32	False	NA
chr17_16084395_16084396	chr17	16084395	16084396	0	False	NA
chr17_16167261_16167262	chr17	16167261	16167262	58	True	39
chr17_16324502_16324503	chr17	16324502	16324503	0	False	NA
chr17_16423467_16423468	chr17	16423467	16423468	133	True	39
chr17_16436315_16436316	chr17	16436315	16436316	0	False	NA
chr17_16567005_16567006	chr17	16567005	16567006	0	False	NA
chr17_16720287_16720288	chr17	16720287	16720288	0	False	NA
chr17_16733222_16733223	chr17	16733222	16733223	0	False	NA
chr17_17148031_17148032	chr17	17148031	17148032	18	False	NA
chr17_17156891_17156892	chr17	17156891	17156892	0	False	NA
chr17_17175742_17175743	chr17	17175742	17175743	14	False	NA
chr17_17258128_17258129	chr17	17258128	17258129	94	True	39
chr17_17273158_17273159	chr17	17273158	17273159	12	False	NA
chr17_17306179_17306180	chr17	17306179	17306180	45	True	39
chr17_17883077_17883078	chr17	17883077	17883078	0	False	NA
chr17_17895405_17895406	chr17	17895405	17895406	0	False	NA
chr17_18027378_18027379	chr17	18027378	18027379	37	False	NA
chr17_18101242_18101243	chr17	18101242	18101243	16	False	NA
chr17_18136956_18136957	chr17	18136956	18136957	0	False	NA
chr17_18745995_18745996	chr17	18745995	18745996	0	False	NA
chr17_18750678_18750679	chr17	18750678	18750679	0	False	NA
chr17_18874192_18874193	chr17	18874192	18874193	0	False	NA
chr17_18878434_18878435	chr17	18878434	18878435	36	False	NA
chr17_18879190_18879191	chr17	18879190	18879191	0	False	NA
chr17_18952557_18952558	chr17	18952557	18952558	0	False	NA
chr17_19382811_19382812	chr17	19382811	19382812	96	True	39
chr17_19547193_19547194	chr17	19547193	19547194	6	False	NA
chr17_19663031_19663032	chr17	19663031	19663032	15	False	NA
chr17_19795916_19795917	chr17	19795916	19795917	0	False	NA
chr17_19796964_19796965	chr17	19796964	19796965	0	False	NA
chr17_19797033_19797034	chr17	19797033	19797034	0	False	NA
chr17_19798061_19798062	chr17	19798061	19798062	0	False	NA
chr17_19809607_19809608	chr17	19809607	19809608	0	False	NA
chr17_19845531_19845532	chr17	19845531	19845532	0	False	NA
chr17_19940289_19940290	chr17	19940289	19940290	16	False	NA
chr17_21247944_21247945	chr17	21247944	21247945	0	False	NA
chr17_27294584_27294585	chr17	27294584	27294585	2538	True	39
chr17_27605175_27605176	chr17	27605175	27605176	18	False	NA
chr17_28161659_28161660	chr17	28161659	28161660	0	False	NA
chr17_28185984_28185985	chr17	28185984	28185985	30	False	NA
chr17_28392823_28392824	chr17	28392823	28392824	0	False	NA
chr17_28491349_28491350	chr17	28491349	28491350	0	False	NA
chr17_28528915_28528916	chr17	28528915	28528916	0	False	NA
chr17_28623429_28623430	chr17	28623429	28623430	48	True	39
chr17_28636113_28636114	chr17	28636113	28636114	143	True	39
chr17_28661320_28661321	chr17	28661320	28661321	26	False	NA
chr17_28689611_28689612	chr17	28689611	28689612	787	True	39
chr17_28727476_28727477	chr17	28727476	28727477	12	False	NA
chr17_28923238_28923239	chr17	28923238	28923239	22	False	NA
chr17_28969600_28969601	chr17	28969600	28969601	0	False	NA
chr17_29467589_29467590	chr17	29467589	29467590	17	False	NA
chr17_29491329_29491330	chr17	29491329	29491330	5	False	NA
chr17_29499373_29499374	chr17	29499373	29499374	0	False	NA
chr17_29507107_29507108	chr17	29507107	29507108	0	False	NA
chr17_29519569_29519570	chr17	29519569	29519570	6	False	NA
chr17_29608181_29608182	chr17	29608181	29608182	120	True	39
chr17_29612331_29612332	chr17	29612331	29612332	10	False	NA
chr17_29672384_29672385	chr17	29672384	29672385	19	False	NA
chr17_30215766_30215767	chr17	30215766	30215767	5	False	NA
chr17_30289193_30289194	chr17	30289193	30289194	14	False	NA
chr17_30290523_30290524	chr17	30290523	30290524	26	False	NA
chr17_30442502_30442503	chr17	30442502	30442503	129	True	39
chr17_30836709_30836710	chr17	30836709	30836710	20	False	NA
chr17_30861293_30861294	chr17	30861293	30861294	31	False	NA
chr17_30873833_30873834	chr17	30873833	30873834	24	False	NA
chr17_30889635_30889636	chr17	30889635	30889636	53	True	39
chr17_31135161_31135162	chr17	31135161	31135162	98	True	39
chr17_31135853_31135854	chr17	31135853	31135854	103	True	39
chr17_31160478_31160479	chr17	31160478	31160479	68	True	39
chr17_31224588_31224589	chr17	31224588	31224589	50	True	39
chr17_31232677_31232678	chr17	31232677	31232678	933	True	39
chr17_31261495_31261496	chr17	31261495	31261496	12	False	NA
chr17_31854519_31854520	chr17	31854519	31854520	5	False	NA
chr17_31886235_31886236	chr17	31886235	31886236	26	False	NA
chr17_31940242_31940243	chr17	31940242	31940243	431	True	39
chr17_31946076_31946077	chr17	31946076	31946077	45	True	39
chr17_31987396_31987397	chr17	31987396	31987397	75	True	39
chr17_31989199_31989200	chr17	31989199	31989200	25	False	NA
chr17_32030040_32030041	chr17	32030040	32030041	0	False	NA
chr17_32031163_32031164	chr17	32031163	32031164	0	False	NA
chr17_32178735_32178736	chr17	32178735	32178736	47	True	39
chr17_32365176_32365177	chr17	32365176	32365177	462	True	39
chr17_32471997_32471998	chr17	32471997	32471998	98	True	39
chr17_32742951_32742952	chr17	32742951	32742952	17	False	NA
chr17_32772064_32772065	chr17	32772064	32772065	0	False	NA
chr17_32772549_32772550	chr17	32772549	32772550	0	False	NA
chr17_32938780_32938781	chr17	32938780	32938781	0	False	NA
chr17_33021840_33021841	chr17	33021840	33021841	0	False	NA
chr17_34173277_34173278	chr17	34173277	34173278	0	False	NA
chr17_34956209_34956210	chr17	34956209	34956210	0	False	NA
chr17_34961018_34961019	chr17	34961018	34961019	0	False	NA
chr17_34990147_34990148	chr17	34990147	34990148	59	True	39
chr17_35123916_35123917	chr17	35123916	35123917	0	False	NA
chr17_35133498_35133499	chr17	35133498	35133499	121	True	39
chr17_35138274_35138275	chr17	35138274	35138275	0	False	NA
chr17_35138870_35138871	chr17	35138870	35138871	0	False	NA
chr17_35176204_35176205	chr17	35176204	35176205	0	False	NA
chr17_35421335_35421336	chr17	35421335	35421336	0	False	NA
chr17_35554836_35554837	chr17	35554836	35554837	0	False	NA
chr17_35625343_35625344	chr17	35625343	35625344	150	True	39
chr17_35648170_35648171	chr17	35648170	35648171	0	False	NA
chr17_35772730_35772731	chr17	35772730	35772731	0	False	NA
chr17_36001026_36001027	chr17	36001026	36001027	0	False	NA
chr17_36016405_36016406	chr17	36016405	36016406	0	False	NA
chr17_36584279_36584280	chr17	36584279	36584280	46	True	39
chr17_36988418_36988419	chr17	36988418	36988419	18	False	NA
chr17_37153300_37153301	chr17	37153300	37153301	61	True	39
chr17_37256226_37256227	chr17	37256226	37256227	7	False	NA
chr17_37271209_37271210	chr17	37271209	37271210	27	False	NA
chr17_37274621_37274622	chr17	37274621	37274622	83	True	39
chr17_37377805_37377806	chr17	37377805	37377806	0	False	NA
chr17_37473800_37473801	chr17	37473800	37473801	9	False	NA
chr17_37475971_37475972	chr17	37475971	37475972	5	False	NA
chr17_37539036_37539037	chr17	37539036	37539037	148	True	39
chr17_37570540_37570541	chr17	37570540	37570541	15	False	NA
chr17_37614778_37614779	chr17	37614778	37614779	84	True	39
chr17_37619253_37619254	chr17	37619253	37619254	74	True	39
chr17_37629869_37629870	chr17	37629869	37629870	60	True	39
chr17_37629873_37629874	chr17	37629873	37629874	81	True	39
chr17_38300016_38300017	chr17	38300016	38300017	31	False	NA
chr17_38338084_38338085	chr17	38338084	38338085	0	False	NA
chr17_38341463_38341464	chr17	38341463	38341464	0	False	NA
chr17_38481844_38481845	chr17	38481844	38481845	0	False	NA
chr17_38549373_38549374	chr17	38549373	38549374	0	False	NA
chr17_38552132_38552133	chr17	38552132	38552133	71	True	39
chr17_38565977_38565978	chr17	38565977	38565978	10	False	NA
chr17_38806115_38806116	chr17	38806115	38806116	5	False	NA
chr17_38809886_38809887	chr17	38809886	38809887	19	False	NA
chr17_38811273_38811274	chr17	38811273	38811274	27	False	NA
chr17_38914937_38914938	chr17	38914937	38914938	274	True	39
chr17_39071592_39071593	chr17	39071592	39071593	0	False	NA
chr17_39073605_39073606	chr17	39073605	39073606	0	False	NA
chr17_39157305_39157306	chr17	39157305	39157306	0	False	NA
chr17_39277849_39277850	chr17	39277849	39277850	6	False	NA
chr17_39426186_39426187	chr17	39426186	39426187	63	True	39
chr17_39450253_39450254	chr17	39450253	39450254	46	True	39
chr17_39463322_39463323	chr17	39463322	39463323	65	True	39
chr17_39467788_39467789	chr17	39467788	39467789	22	False	NA
chr17_39723859_39723860	chr17	39723859	39723860	420	True	39
chr17_40027351_40027352	chr17	40027351	40027352	1068	True	39
chr17_40266384_40266385	chr17	40266384	40266385	15	False	NA
chr17_40289007_40289008	chr17	40289007	40289008	48	True	39
chr17_40390164_40390165	chr17	40390164	40390165	2603	True	39
chr17_40393793_40393794	chr17	40393793	40393794	41	True	39
chr17_40483898_40483899	chr17	40483898	40483899	0	False	NA
chr17_40659851_40659852	chr17	40659851	40659852	0	False	NA
chr17_40767948_40767949	chr17	40767948	40767949	0	False	NA
chr17_40770513_40770514	chr17	40770513	40770514	0	False	NA
chr17_40879255_40879256	chr17	40879255	40879256	0	False	NA
chr17_40926535_40926536	chr17	40926535	40926536	0	False	NA
chr17_40936953_40936954	chr17	40936953	40936954	0	False	NA
chr17_40961657_40961658	chr17	40961657	40961658	0	False	NA
chr17_40982495_40982496	chr17	40982495	40982496	0	False	NA
chr17_41347638_41347639	chr17	41347638	41347639	0	False	NA
chr17_41367221_41367222	chr17	41367221	41367222	0	False	NA
chr17_41460942_41460943	chr17	41460942	41460943	0	False	NA
chr17_41566686_41566687	chr17	41566686	41566687	0	False	NA
chr17_41566957_41566958	chr17	41566957	41566958	0	False	NA
chr17_41829836_41829837	chr17	41829836	41829837	13	False	NA
chr17_41883881_41883882	chr17	41883881	41883882	10	False	NA
chr17_41932841_41932842	chr17	41932841	41932842	0	False	NA
chr17_41934987_41934988	chr17	41934987	41934988	0	False	NA
chr17_41995088_41995089	chr17	41995088	41995089	39	False	NA
chr17_42022738_42022739	chr17	42022738	42022739	23	False	NA
chr17_42114692_42114693	chr17	42114692	42114693	613	True	39
chr17_42180382_42180383	chr17	42180382	42180383	0	False	NA
chr17_42228713_42228714	chr17	42228713	42228714	0	False	NA
chr17_42341436_42341437	chr17	42341436	42341437	40	True	39
chr17_42484602_42484603	chr17	42484602	42484603	55	True	39
chr17_42494993_42494994	chr17	42494993	42494994	311	True	39
chr17_42565195_42565196	chr17	42565195	42565196	1298	True	39
chr17_42584241_42584242	chr17	42584241	42584242	5	False	NA
chr17_42661955_42661956	chr17	42661955	42661956	473	True	39
chr17_42688128_42688129	chr17	42688128	42688129	10	False	NA
chr17_42708696_42708697	chr17	42708696	42708697	6	False	NA
chr17_43011131_43011132	chr17	43011131	43011132	32	False	NA
chr17_43069039_43069040	chr17	43069039	43069040	28	False	NA
chr17_43124395_43124396	chr17	43124395	43124396	77	True	39
chr17_43185422_43185423	chr17	43185422	43185423	27	False	NA
chr17_43188779_43188780	chr17	43188779	43188780	0	False	NA
chr17_43213736_43213737	chr17	43213736	43213737	129	True	39
chr17_43803841_43803842	chr17	43803841	43803842	0	False	NA
chr17_44038855_44038856	chr17	44038855	44038856	47	True	39
chr17_44155925_44155926	chr17	44155925	44155926	12	False	NA
chr17_44188451_44188452	chr17	44188451	44188452	61	True	39
chr17_44216914_44216915	chr17	44216914	44216915	5	False	NA
chr17_44387950_44387951	chr17	44387950	44387951	0	False	NA
chr17_44729903_44729904	chr17	44729903	44729904	288	True	39
chr17_44886466_44886467	chr17	44886466	44886467	12	False	NA
chr17_44887109_44887110	chr17	44887109	44887110	29	False	NA
chr17_44889204_44889205	chr17	44889204	44889205	129	True	39
chr17_45082588_45082589	chr17	45082588	45082589	72	True	39
chr17_45237838_45237839	chr17	45237838	45237839	0	False	NA
chr17_45290009_45290010	chr17	45290009	45290010	0	False	NA
chr17_45397294_45397295	chr17	45397294	45397295	21	False	NA
chr17_45452687_45452688	chr17	45452687	45452688	0	False	NA
chr17_46624737_46624738	chr17	46624737	46624738	0	False	NA
chr17_46637664_46637665	chr17	46637664	46637665	0	False	NA
chr17_46711543_46711544	chr17	46711543	46711544	0	False	NA
chr17_46765506_46765507	chr17	46765506	46765507	0	False	NA
chr17_47131593_47131594	chr17	47131593	47131594	113	True	39
chr17_47137959_47137960	chr17	47137959	47137960	5	False	NA
chr17_47330645_47330646	chr17	47330645	47330646	0	False	NA
chr17_47338526_47338527	chr17	47338526	47338527	0	False	NA
chr17_47342592_47342593	chr17	47342592	47342593	0	False	NA
chr17_47382652_47382653	chr17	47382652	47382653	35	False	NA
chr17_47383425_47383426	chr17	47383425	47383426	11	False	NA
chr17_47384426_47384427	chr17	47384426	47384427	0	False	NA
chr17_47584395_47584396	chr17	47584395	47584396	15	False	NA
chr17_47587611_47587612	chr17	47587611	47587612	19	False	NA
chr17_47612897_47612898	chr17	47612897	47612898	43	True	39
chr17_47615907_47615908	chr17	47615907	47615908	10	False	NA
chr17_47674185_47674186	chr17	47674185	47674186	167	True	39
chr17_47923396_47923397	chr17	47923396	47923397	0	False	NA
chr17_47954584_47954585	chr17	47954584	47954585	0	False	NA
chr17_47972973_47972974	chr17	47972973	47972974	31	False	NA
chr17_48032817_48032818	chr17	48032817	48032818	0	False	NA
chr17_48074828_48074829	chr17	48074828	48074829	78	True	39
chr17_48169528_48169529	chr17	48169528	48169529	0	False	NA
chr17_48767777_48767778	chr17	48767777	48767778	0	False	NA
chr17_48788334_48788335	chr17	48788334	48788335	0	False	NA
chr17_48967755_48967756	chr17	48967755	48967756	0	False	NA
chr17_48998653_48998654	chr17	48998653	48998654	296	True	39
chr17_49044479_49044480	chr17	49044479	49044480	0	False	NA
chr17_49048693_49048694	chr17	49048693	49048694	452	True	39
chr17_49134203_49134204	chr17	49134203	49134204	0	False	NA
chr17_49159793_49159794	chr17	49159793	49159794	0	False	NA
chr17_49615570_49615571	chr17	49615570	49615571	0	False	NA
chr17_49713195_49713196	chr17	49713195	49713196	48	True	39
chr17_49715618_49715619	chr17	49715618	49715619	93	True	39
chr17_50117915_50117916	chr17	50117915	50117916	0	False	NA
chr17_50277953_50277954	chr17	50277953	50277954	0	False	NA
chr17_50393405_50393406	chr17	50393405	50393406	47	True	39
chr17_50686338_50686339	chr17	50686338	50686339	12	False	NA
chr17_50739965_50739966	chr17	50739965	50739966	1083	True	39
chr17_50742840_50742841	chr17	50742840	50742841	159	True	39
chr17_50967157_50967158	chr17	50967157	50967158	11	False	NA
chr17_51168704_51168705	chr17	51168704	51168705	53	True	39
chr17_51195573_51195574	chr17	51195573	51195574	5	False	NA
chr17_51195584_51195585	chr17	51195584	51195585	5	False	NA
chr17_51223272_51223273	chr17	51223272	51223273	42	True	39
chr17_51267241_51267242	chr17	51267241	51267242	34	False	NA
chr17_51272416_51272417	chr17	51272416	51272417	27	False	NA
chr17_51292846_51292847	chr17	51292846	51292847	76	True	39
chr17_51651665_51651666	chr17	51651665	51651666	0	False	NA
chr17_54903008_54903009	chr17	54903008	54903009	29	False	NA
chr17_54913084_54913085	chr17	54913084	54913085	0	False	NA
chr17_54990712_54990713	chr17	54990712	54990713	20	False	NA
chr17_55033084_55033085	chr17	55033084	55033085	7	False	NA
chr17_55319390_55319391	chr17	55319390	55319391	336	True	39
chr17_55405750_55405751	chr17	55405750	55405751	188	True	39
chr17_55773503_55773504	chr17	55773503	55773504	20	False	NA
chr17_56374180_56374181	chr17	56374180	56374181	0	False	NA
chr17_56443735_56443736	chr17	56443735	56443736	0	False	NA
chr17_56477306_56477307	chr17	56477306	56477307	0	False	NA
chr17_56481801_56481802	chr17	56481801	56481802	0	False	NA
chr17_57001656_57001657	chr17	57001656	57001657	0	False	NA
chr17_57109942_57109943	chr17	57109942	57109943	1355	True	39
chr17_57113423_57113424	chr17	57113423	57113424	78	True	39
chr17_57115690_57115691	chr17	57115690	57115691	79	True	39
chr17_57273741_57273742	chr17	57273741	57273742	366	True	39
chr17_57975182_57975183	chr17	57975182	57975183	42	True	39
chr17_57979348_57979349	chr17	57979348	57979349	94	True	39
chr17_58308430_58308431	chr17	58308430	58308431	0	False	NA
chr17_58316174_58316175	chr17	58316174	58316175	0	False	NA
chr17_58324381_58324382	chr17	58324381	58324382	6	False	NA
chr17_58370857_58370858	chr17	58370857	58370858	1066	True	39
chr17_58462363_58462364	chr17	58462363	58462364	0	False	NA
chr17_58510356_58510357	chr17	58510356	58510357	537	True	39
chr17_58570975_58570976	chr17	58570975	58570976	0	False	NA
chr17_58574076_58574077	chr17	58574076	58574077	0	False	NA
chr17_58585171_58585172	chr17	58585171	58585172	0	False	NA
chr17_58600988_58600989	chr17	58600988	58600989	0	False	NA
chr17_58622536_58622537	chr17	58622536	58622537	0	False	NA
chr17_58626197_58626198	chr17	58626197	58626198	0	False	NA
chr17_59013908_59013909	chr17	59013908	59013909	29	False	NA
chr17_59083861_59083862	chr17	59083861	59083862	43	True	39
chr17_59250144_59250145	chr17	59250144	59250145	0	False	NA
chr17_59568994_59568995	chr17	59568994	59568995	18	False	NA
chr17_59578251_59578252	chr17	59578251	59578252	0	False	NA
chr17_59650092_59650093	chr17	59650092	59650093	152	True	39
chr17_59682627_59682628	chr17	59682627	59682628	2652	True	39
chr17_59773511_59773512	chr17	59773511	59773512	13	False	NA
chr17_59873604_59873605	chr17	59873604	59873605	25	False	NA
chr17_59877274_59877275	chr17	59877274	59877275	10	False	NA
chr17_59937773_59937774	chr17	59937773	59937774	122	True	39
chr17_59939077_59939078	chr17	59939077	59939078	10	False	NA
chr17_59946194_59946195	chr17	59946194	59946195	35	False	NA
chr17_60044551_60044552	chr17	60044551	60044552	0	False	NA
chr17_60055970_60055971	chr17	60055970	60055971	75	True	39
chr17_60207313_60207314	chr17	60207313	60207314	0	False	NA
chr17_60218140_60218141	chr17	60218140	60218141	0	False	NA
chr17_60612230_60612231	chr17	60612230	60612231	150	True	39
chr17_61039179_61039180	chr17	61039179	61039180	5	False	NA
chr17_61687906_61687907	chr17	61687906	61687907	5	False	NA
chr17_61800623_61800624	chr17	61800623	61800624	30	False	NA
chr17_61870485_61870486	chr17	61870485	61870486	0	False	NA
chr17_61877127_61877128	chr17	61877127	61877128	48	True	39
chr17_61887926_61887927	chr17	61887926	61887927	0	False	NA
chr17_61898273_61898274	chr17	61898273	61898274	6	False	NA
chr17_61907095_61907096	chr17	61907095	61907096	16	False	NA
chr17_61917174_61917175	chr17	61917174	61917175	26	False	NA
chr17_61923174_61923175	chr17	61923174	61923175	0	False	NA
chr17_61953368_61953369	chr17	61953368	61953369	82	True	39
chr17_61960173_61960174	chr17	61960173	61960174	10	False	NA
chr17_61985991_61985992	chr17	61985991	61985992	6	False	NA
chr17_62387056_62387057	chr17	62387056	62387057	0	False	NA
chr17_62391398_62391399	chr17	62391398	62391399	0	False	NA
chr17_62407806_62407807	chr17	62407806	62407807	0	False	NA
chr17_62601456_62601457	chr17	62601456	62601457	12	False	NA
chr17_62725213_62725214	chr17	62725213	62725214	0	False	NA
chr17_63412452_63412453	chr17	63412452	63412453	0	False	NA
chr17_63416231_63416232	chr17	63416231	63416232	0	False	NA
chr17_63483786_63483787	chr17	63483786	63483787	0	False	NA
chr17_63507193_63507194	chr17	63507193	63507194	0	False	NA
chr17_63509782_63509783	chr17	63509782	63509783	0	False	NA
chr17_63511868_63511869	chr17	63511868	63511869	0	False	NA
chr17_63520520_63520521	chr17	63520520	63520521	0	False	NA
chr17_63578861_63578862	chr17	63578861	63578862	23	False	NA
chr17_63578886_63578887	chr17	63578886	63578887	23	False	NA
chr17_63654248_63654249	chr17	63654248	63654249	12	False	NA
chr17_63757486_63757487	chr17	63757486	63757487	134	True	39
chr17_63757951_63757952	chr17	63757951	63757952	66	True	39
chr17_63816163_63816164	chr17	63816163	63816164	32	False	NA
chr17_63943935_63943936	chr17	63943935	63943936	0	False	NA
chr17_63947338_63947339	chr17	63947338	63947339	0	False	NA
chr17_63969330_63969331	chr17	63969330	63969331	0	False	NA
chr17_64055416_64055417	chr17	64055416	64055417	32	False	NA
chr17_64060739_64060740	chr17	64060739	64060740	74	True	39
chr17_64159697_64159698	chr17	64159697	64159698	8	False	NA
chr17_64189322_64189323	chr17	64189322	64189323	0	False	NA
chr17_64193242_64193243	chr17	64193242	64193243	11	False	NA
chr17_64324529_64324530	chr17	64324529	64324530	0	False	NA
chr17_64370723_64370724	chr17	64370723	64370724	0	False	NA
chr17_64378148_64378149	chr17	64378148	64378149	0	False	NA
chr17_64525993_64525994	chr17	64525993	64525994	1116	True	39
chr17_64564797_64564798	chr17	64564797	64564798	7	False	NA
chr17_64589356_64589357	chr17	64589356	64589357	20	False	NA
chr17_64592764_64592765	chr17	64592764	64592765	12	False	NA
chr17_64854750_64854751	chr17	64854750	64854751	0	False	NA
chr17_65157364_65157365	chr17	65157364	65157365	0	False	NA
chr17_65194262_65194263	chr17	65194262	65194263	0	False	NA
chr17_65537176_65537177	chr17	65537176	65537177	1605	True	39
chr17_65537195_65537196	chr17	65537195	65537196	1798	True	39
chr17_65537252_65537253	chr17	65537252	65537253	3035	True	29
chr17_65537259_65537260	chr17	65537259	65537260	2900	True	29
chr17_65747613_65747614	chr17	65747613	65747614	0	False	NA
chr17_66068342_66068343	chr17	66068342	66068343	0	False	NA
chr17_66132301_66132302	chr17	66132301	66132302	0	False	NA
chr17_66687334_66687335	chr17	66687334	66687335	35	False	NA
chr17_66878970_66878971	chr17	66878970	66878971	0	False	NA
chr17_67358773_67358774	chr17	67358773	67358774	172	True	39
chr17_67553074_67553075	chr17	67553074	67553075	0	False	NA
chr17_67733038_67733039	chr17	67733038	67733039	45	True	39
chr17_67735820_67735821	chr17	67735820	67735821	91	True	39
chr17_67742179_67742180	chr17	67742179	67742180	81	True	39
chr17_67920485_67920486	chr17	67920485	67920486	0	False	NA
chr17_67971032_67971033	chr17	67971032	67971033	76	True	39
chr17_67992719_67992720	chr17	67992719	67992720	17	False	NA
chr17_68272585_68272586	chr17	68272585	68272586	0	False	NA
chr17_68419130_68419131	chr17	68419130	68419131	100	True	39
chr17_68424012_68424013	chr17	68424012	68424013	11	False	NA
chr17_68434419_68434420	chr17	68434419	68434420	12	False	NA
chr17_68519470_68519471	chr17	68519470	68519471	51	True	39
chr17_68526198_68526199	chr17	68526198	68526199	29	False	NA
chr17_68538972_68538973	chr17	68538972	68538973	5	False	NA
chr17_68538978_68538979	chr17	68538978	68538979	5	False	NA
chr17_68876703_68876704	chr17	68876703	68876704	29	False	NA
chr17_68881401_68881402	chr17	68881401	68881402	0	False	NA
chr17_68884154_68884155	chr17	68884154	68884155	20	False	NA
chr17_68889857_68889858	chr17	68889857	68889858	0	False	NA
chr17_68938263_68938264	chr17	68938263	68938264	0	False	NA
chr17_68941736_68941737	chr17	68941736	68941737	0	False	NA
chr17_68989543_68989544	chr17	68989543	68989544	0	False	NA
chr17_68993408_68993409	chr17	68993408	68993409	0	False	NA
chr17_69022911_69022912	chr17	69022911	69022912	0	False	NA
chr17_69048428_69048429	chr17	69048428	69048429	0	False	NA
chr17_69081145_69081146	chr17	69081145	69081146	0	False	NA
chr17_69097451_69097452	chr17	69097451	69097452	65	True	39
chr17_69103646_69103647	chr17	69103646	69103647	0	False	NA
chr17_69103815_69103816	chr17	69103815	69103816	0	False	NA
chr17_69122224_69122225	chr17	69122224	69122225	0	False	NA
chr17_69124377_69124378	chr17	69124377	69124378	0	False	NA
chr17_69192901_69192902	chr17	69192901	69192902	0	False	NA
chr17_69221257_69221258	chr17	69221257	69221258	0	False	NA
chr17_69288298_69288299	chr17	69288298	69288299	0	False	NA
chr17_69290176_69290177	chr17	69290176	69290177	0	False	NA
chr17_69293363_69293364	chr17	69293363	69293364	0	False	NA
chr17_69297924_69297925	chr17	69297924	69297925	0	False	NA
chr17_69307084_69307085	chr17	69307084	69307085	0	False	NA
chr17_69308453_69308454	chr17	69308453	69308454	16	False	NA
chr17_69522140_69522141	chr17	69522140	69522141	0	False	NA
chr17_69525447_69525448	chr17	69525447	69525448	0	False	NA
chr17_72122243_72122244	chr17	72122243	72122244	411	True	39
chr17_73245725_73245726	chr17	73245725	73245726	26	False	NA
chr17_73250529_73250530	chr17	73250529	73250530	0	False	NA
chr17_73252153_73252154	chr17	73252153	73252154	0	False	NA
chr17_73261711_73261712	chr17	73261711	73261712	0	False	NA
chr17_73363992_73363993	chr17	73363992	73363993	0	False	NA
chr17_73415992_73415993	chr17	73415992	73415993	0	False	NA
chr17_73429921_73429922	chr17	73429921	73429922	0	False	NA
chr17_74259491_74259492	chr17	74259491	74259492	38	False	NA
chr17_74294716_74294717	chr17	74294716	74294717	0	False	NA
chr17_74368465_74368466	chr17	74368465	74368466	0	False	NA
chr17_74370219_74370220	chr17	74370219	74370220	0	False	NA
chr17_74585246_74585247	chr17	74585246	74585247	0	False	NA
chr17_74702662_74702663	chr17	74702662	74702663	0	False	NA
chr17_74786504_74786505	chr17	74786504	74786505	25	False	NA
chr17_74844584_74844585	chr17	74844584	74844585	0	False	NA
chr17_74944013_74944014	chr17	74944013	74944014	0	False	NA
chr17_74947844_74947845	chr17	74947844	74947845	0	False	NA
chr17_75013195_75013196	chr17	75013195	75013196	126	True	39
chr17_75018103_75018104	chr17	75018103	75018104	23	False	NA
chr17_75020715_75020716	chr17	75020715	75020716	65	True	39
chr17_75105487_75105488	chr17	75105487	75105488	22	False	NA
chr17_75285708_75285709	chr17	75285708	75285709	20	False	NA
chr17_75516666_75516667	chr17	75516666	75516667	280	True	39
chr17_75519355_75519356	chr17	75519355	75519356	0	False	NA
chr17_75565365_75565366	chr17	75565365	75565366	688	True	39
chr17_75567018_75567019	chr17	75567018	75567019	1401	True	39
chr17_75568959_75568960	chr17	75568959	75568960	290	True	39
chr17_75604234_75604235	chr17	75604234	75604235	12	False	NA
chr17_75665172_75665173	chr17	75665172	75665173	305	True	39
chr17_75701482_75701483	chr17	75701482	75701483	71	True	39
chr17_75725947_75725948	chr17	75725947	75725948	0	False	NA
chr17_75734812_75734813	chr17	75734812	75734813	0	False	NA
chr17_75739824_75739825	chr17	75739824	75739825	0	False	NA
chr17_75812029_75812030	chr17	75812029	75812030	110	True	39
chr17_75812035_75812036	chr17	75812035	75812036	110	True	39
chr17_75818486_75818487	chr17	75818486	75818487	18	False	NA
chr17_75818488_75818489	chr17	75818488	75818489	18	False	NA
chr17_75818493_75818494	chr17	75818493	75818494	18	False	NA
chr17_75842355_75842356	chr17	75842355	75842356	2304	True	39
chr17_75932044_75932045	chr17	75932044	75932045	5	False	NA
chr17_75952011_75952012	chr17	75952011	75952012	219	True	39
chr17_75953620_75953621	chr17	75953620	75953621	662	True	39
chr17_76167569_76167570	chr17	76167569	76167570	68	True	39
chr17_76284478_76284479	chr17	76284478	76284479	30	False	NA
chr17_76288002_76288003	chr17	76288002	76288003	137	True	39
chr17_76578328_76578329	chr17	76578328	76578329	0	False	NA
chr17_76625527_76625528	chr17	76625527	76625528	344	True	39
chr17_77091573_77091574	chr17	77091573	77091574	172	True	39
chr17_78068941_78068942	chr17	78068941	78068942	0	False	NA
chr17_78081086_78081087	chr17	78081086	78081087	10	False	NA
chr17_78099825_78099826	chr17	78099825	78099826	0	False	NA
chr17_78135558_78135559	chr17	78135558	78135559	0	False	NA
chr17_78195815_78195816	chr17	78195815	78195816	110	True	39
chr17_78403039_78403040	chr17	78403039	78403040	50	True	39
chr17_78438860_78438861	chr17	78438860	78438861	0	False	NA
chr17_78439471_78439472	chr17	78439471	78439472	0	False	NA
chr17_78470563_78470564	chr17	78470563	78470564	5	False	NA
chr17_78503665_78503666	chr17	78503665	78503666	0	False	NA
chr17_78505445_78505446	chr17	78505445	78505446	11	False	NA
chr17_78538629_78538630	chr17	78538629	78538630	0	False	NA
chr17_78552200_78552201	chr17	78552200	78552201	0	False	NA
chr17_79602363_79602364	chr17	79602363	79602364	0	False	NA
chr17_79947069_79947070	chr17	79947069	79947070	23	False	NA
chr17_80052078_80052079	chr17	80052078	80052079	0	False	NA
chr17_80237904_80237905	chr17	80237904	80237905	0	False	NA
chr17_80252044_80252045	chr17	80252044	80252045	0	False	NA
chr17_80328767_80328768	chr17	80328767	80328768	47	True	39
chr17_80365389_80365390	chr17	80365389	80365390	193	True	39
chr17_80375334_80375335	chr17	80375334	80375335	12	False	NA
chr17_80384341_80384342	chr17	80384341	80384342	193	True	39
chr17_80384349_80384350	chr17	80384349	80384350	186	True	39
chr17_80388379_80388380	chr17	80388379	80388380	0	False	NA
chr17_80892190_80892191	chr17	80892190	80892191	0	False	NA
chr17_80957817_80957818	chr17	80957817	80957818	89	True	39
chr17_81195179_81195180	chr17	81195179	81195180	5	False	NA
chr17_81460044_81460045	chr17	81460044	81460045	5	False	NA
chr17_81460782_81460783	chr17	81460782	81460783	37	False	NA
chr17_81601117_81601118	chr17	81601117	81601118	147	True	39
chr17_81671161_81671162	chr17	81671161	81671162	101	True	39
chr17_81671309_81671310	chr17	81671309	81671310	192	True	39
chr17_81694449_81694450	chr17	81694449	81694450	980	True	39
chr17_81716295_81716296	chr17	81716295	81716296	858	True	39
chr17_81927191_81927192	chr17	81927191	81927192	2884	True	39
chr17_81953857_81953858	chr17	81953857	81953858	3052	True	39
chr17_81958578_81958579	chr17	81958578	81958579	2896	True	24
chr17_81958726_81958727	chr17	81958726	81958727	6743	True	24
chr17_81994625_81994626	chr17	81994625	81994626	1203	True	39
chr17_81994638_81994639	chr17	81994638	81994639	1227	True	39
chr17_81995725_81995726	chr17	81995725	81995726	3591	True	39
chr17_81995788_81995789	chr17	81995788	81995789	7231	True	27
chr17_81995834_81995835	chr17	81995834	81995835	10407	True	27
chr17_82009410_82009411	chr17	82009410	82009411	2137	True	39
chr17_82012030_82012031	chr17	82012030	82012031	2886	True	39
chr17_82012610_82012611	chr17	82012610	82012611	4673	True	39
chr17_82013175_82013176	chr17	82013175	82013176	4795	True	39
chr17_82027847_82027848	chr17	82027847	82027848	41	True	39
chr17_82063518_82063519	chr17	82063518	82063519	776	True	39
chr17_82097923_82097924	chr17	82097923	82097924	8494	True	15
chr17_82245936_82245937	chr17	82245936	82245937	2202	True	39
chr17_82407681_82407682	chr17	82407681	82407682	6	False	NA
chr17_82439629_82439630	chr17	82439629	82439630	783	True	39
chr17_82472774_82472775	chr17	82472774	82472775	951	True	39
chr17_82621983_82621984	chr17	82621983	82621984	372	True	39
chr17_82629675_82629676	chr17	82629675	82629676	788	True	39
chr17_82645759_82645760	chr17	82645759	82645760	31	False	NA
chr17_82723110_82723111	chr17	82723110	82723111	56	True	39
chr17_82738857_82738858	chr17	82738857	82738858	0	False	NA
chr17_82743125_82743126	chr17	82743125	82743126	88	True	39
chr17_82760476_82760477	chr17	82760476	82760477	80	True	39
chr17_82762829_82762830	chr17	82762829	82762830	106	True	39
chr17_82833151_82833152	chr17	82833151	82833152	168	True	39
chr17_82901340_82901341	chr17	82901340	82901341	219	True	39
chr17_82910295_82910296	chr17	82910295	82910296	42	True	39
chr17_82938535_82938536	chr17	82938535	82938536	74	True	39
chr17_82962037_82962038	chr17	82962037	82962038	29	False	NA
chr18_160686_160687	chr18	160686	160687	64	True	39
chr18_206045_206046	chr18	206045	206046	218	True	39
chr18_223808_223809	chr18	223808	223809	14	False	NA
chr18_251264_251265	chr18	251264	251265	0	False	NA
chr18_253268_253269	chr18	253268	253269	0	False	NA
chr18_254539_254540	chr18	254539	254540	67	True	39
chr18_695159_695160	chr18	695159	695160	157	True	39
chr18_703672_703673	chr18	703672	703673	192	True	39
chr18_740494_740495	chr18	740494	740495	112	True	39
chr18_908458_908459	chr18	908458	908459	0	False	NA
chr18_2540666_2540667	chr18	2540666	2540667	14	False	NA
chr18_2547938_2547939	chr18	2547938	2547939	18	False	NA
chr18_2587566_2587567	chr18	2587566	2587567	75	True	39
chr18_2589028_2589029	chr18	2589028	2589029	16	False	NA
chr18_2605120_2605121	chr18	2605120	2605121	11	False	NA
chr18_2673193_2673194	chr18	2673193	2673194	641	True	39
chr18_2704827_2704828	chr18	2704827	2704828	39	False	NA
chr18_2745295_2745296	chr18	2745295	2745296	15	False	NA
chr18_2776485_2776486	chr18	2776485	2776486	37	False	NA
chr18_2886540_2886541	chr18	2886540	2886541	0	False	NA
chr18_2927124_2927125	chr18	2927124	2927125	20	False	NA
chr18_2927504_2927505	chr18	2927504	2927505	46	True	39
chr18_2954938_2954939	chr18	2954938	2954939	0	False	NA
chr18_3082185_3082186	chr18	3082185	3082186	0	False	NA
chr18_3082837_3082838	chr18	3082837	3082838	0	False	NA
chr18_3100617_3100618	chr18	3100617	3100618	0	False	NA
chr18_3114168_3114169	chr18	3114168	3114169	0	False	NA
chr18_3166022_3166023	chr18	3166022	3166023	0	False	NA
chr18_3275064_3275065	chr18	3275064	3275065	5	False	NA
chr18_3457363_3457364	chr18	3457363	3457364	317	True	39
chr18_3501518_3501519	chr18	3501518	3501519	0	False	NA
chr18_5419291_5419292	chr18	5419291	5419292	0	False	NA
chr18_6214673_6214674	chr18	6214673	6214674	0	False	NA
chr18_6215328_6215329	chr18	6215328	6215329	10	False	NA
chr18_6240587_6240588	chr18	6240587	6240588	0	False	NA
chr18_6242278_6242279	chr18	6242278	6242279	12	False	NA
chr18_6861728_6861729	chr18	6861728	6861729	0	False	NA
chr18_6895136_6895137	chr18	6895136	6895137	0	False	NA
chr18_6945826_6945827	chr18	6945826	6945827	0	False	NA
chr18_6978122_6978123	chr18	6978122	6978123	63	True	39
chr18_6978125_6978126	chr18	6978125	6978126	63	True	39
chr18_6978723_6978724	chr18	6978723	6978724	20	False	NA
chr18_6989108_6989109	chr18	6989108	6989109	10	False	NA
chr18_6994254_6994255	chr18	6994254	6994255	0	False	NA
chr18_7010100_7010101	chr18	7010100	7010101	11	False	NA
chr18_7021098_7021099	chr18	7021098	7021099	0	False	NA
chr18_7021102_7021103	chr18	7021102	7021103	0	False	NA
chr18_7037796_7037797	chr18	7037796	7037797	369	True	39
chr18_7046810_7046811	chr18	7046810	7046811	0	False	NA
chr18_8249098_8249099	chr18	8249098	8249099	5	False	NA
chr18_8315123_8315124	chr18	8315123	8315124	0	False	NA
chr18_8625993_8625994	chr18	8625993	8625994	291	True	39
chr18_8637994_8637995	chr18	8637994	8637995	33	False	NA
chr18_8821720_8821721	chr18	8821720	8821721	48	True	39
chr18_8827609_8827610	chr18	8827609	8827610	23	False	NA
chr18_9120384_9120385	chr18	9120384	9120385	101	True	39
chr18_9207798_9207799	chr18	9207798	9207799	332	True	39
chr18_9262046_9262047	chr18	9262046	9262047	36	False	NA
chr18_9529034_9529035	chr18	9529034	9529035	0	False	NA
chr18_9534268_9534269	chr18	9534268	9534269	0	False	NA
chr18_9590247_9590248	chr18	9590247	9590248	49	True	39
chr18_9933375_9933376	chr18	9933375	9933376	398	True	39
chr18_9953295_9953296	chr18	9953295	9953296	90	True	39
chr18_10546010_10546011	chr18	10546010	10546011	293	True	39
chr18_10672479_10672480	chr18	10672479	10672480	0	False	NA
chr18_10685328_10685329	chr18	10685328	10685329	7	False	NA
chr18_10696571_10696572	chr18	10696571	10696572	65	True	39
chr18_10715573_10715574	chr18	10715573	10715574	11	False	NA
chr18_10754416_10754417	chr18	10754416	10754417	69	True	39
chr18_10772678_10772679	chr18	10772678	10772679	0	False	NA
chr18_10786722_10786723	chr18	10786722	10786723	0	False	NA
chr18_11753531_11753532	chr18	11753531	11753532	5	False	NA
chr18_11875890_11875891	chr18	11875890	11875891	0	False	NA
chr18_11887944_11887945	chr18	11887944	11887945	0	False	NA
chr18_12336480_12336481	chr18	12336480	12336481	36	False	NA
chr18_12359520_12359521	chr18	12359520	12359521	58	True	39
chr18_12364456_12364457	chr18	12364456	12364457	35	False	NA
chr18_12423087_12423088	chr18	12423087	12423088	8	False	NA
chr18_12509822_12509823	chr18	12509822	12509823	0	False	NA
chr18_12682482_12682483	chr18	12682482	12682483	5	False	NA
chr18_12686566_12686567	chr18	12686566	12686567	0	False	NA
chr18_12984495_12984496	chr18	12984495	12984496	255	True	39
chr18_13006196_13006197	chr18	13006196	13006197	263	True	39
chr18_13012005_13012006	chr18	13012005	13012006	10	False	NA
chr18_13017650_13017651	chr18	13017650	13017651	23	False	NA
chr18_13035017_13035018	chr18	13035017	13035018	91	True	39
chr18_13048537_13048538	chr18	13048537	13048538	169	True	39
chr18_13048544_13048545	chr18	13048544	13048545	169	True	39
chr18_13069660_13069661	chr18	13069660	13069661	193	True	39
chr18_13069696_13069697	chr18	13069696	13069697	201	True	39
chr18_13070566_13070567	chr18	13070566	13070567	106	True	39
chr18_13072402_13072403	chr18	13072402	13072403	17	False	NA
chr18_13102973_13102974	chr18	13102973	13102974	74	True	39
chr18_13738085_13738086	chr18	13738085	13738086	18	False	NA
chr18_13743570_13743571	chr18	13743570	13743571	12	False	NA
chr18_14750533_14750534	chr18	14750533	14750534	0	False	NA
chr18_14769716_14769717	chr18	14769716	14769717	0	False	NA
chr18_14776626_14776627	chr18	14776626	14776627	0	False	NA
chr18_14777186_14777187	chr18	14777186	14777187	0	False	NA
chr18_14828652_14828653	chr18	14828652	14828653	0	False	NA
chr18_14839515_14839516	chr18	14839515	14839516	0	False	NA
chr18_14850632_14850633	chr18	14850632	14850633	0	False	NA
chr18_20954195_20954196	chr18	20954195	20954196	0	False	NA
chr18_20965710_20965711	chr18	20965710	20965711	15	False	NA
chr18_21022444_21022445	chr18	21022444	21022445	0	False	NA
chr18_21444688_21444689	chr18	21444688	21444689	0	False	NA
chr18_21530858_21530859	chr18	21530858	21530859	5	False	NA
chr18_21565197_21565198	chr18	21565197	21565198	11	False	NA
chr18_21581758_21581759	chr18	21581758	21581759	42	True	39
chr18_21626013_21626014	chr18	21626013	21626014	92	True	39
chr18_21658567_21658568	chr18	21658567	21658568	28	False	NA
chr18_21766150_21766151	chr18	21766150	21766151	40	True	39
chr18_21767399_21767400	chr18	21767399	21767400	0	False	NA
chr18_21801269_21801270	chr18	21801269	21801270	57	True	39
chr18_21810812_21810813	chr18	21810812	21810813	264	True	39
chr18_21815884_21815885	chr18	21815884	21815885	203	True	39
chr18_21851849_21851850	chr18	21851849	21851850	30	False	NA
chr18_22937149_22937150	chr18	22937149	22937150	49	True	39
chr18_22976508_22976509	chr18	22976508	22976509	164	True	39
chr18_22987421_22987422	chr18	22987421	22987422	118	True	39
chr18_22989054_22989055	chr18	22989054	22989055	39	False	NA
chr18_22989945_22989946	chr18	22989945	22989946	27	False	NA
chr18_22999836_22999837	chr18	22999836	22999837	18	False	NA
chr18_23024744_23024745	chr18	23024744	23024745	20	False	NA
chr18_23430065_23430066	chr18	23430065	23430066	0	False	NA
chr18_23508398_23508399	chr18	23508398	23508399	63	True	39
chr18_23540743_23540744	chr18	23540743	23540744	0	False	NA
chr18_23551273_23551274	chr18	23551273	23551274	46	True	39
chr18_23551884_23551885	chr18	23551884	23551885	39	False	NA
chr18_23555734_23555735	chr18	23555734	23555735	22	False	NA
chr18_23638728_23638729	chr18	23638728	23638729	6	False	NA
chr18_23750836_23750837	chr18	23750836	23750837	5	False	NA
chr18_23778878_23778879	chr18	23778878	23778879	0	False	NA
chr18_23811464_23811465	chr18	23811464	23811465	0	False	NA
chr18_23822958_23822959	chr18	23822958	23822959	0	False	NA
chr18_23827059_23827060	chr18	23827059	23827060	15	False	NA
chr18_23838031_23838032	chr18	23838031	23838032	11	False	NA
chr18_23895277_23895278	chr18	23895277	23895278	12	False	NA
chr18_23903795_23903796	chr18	23903795	23903796	0	False	NA
chr18_23903800_23903801	chr18	23903800	23903801	0	False	NA
chr18_23913338_23913339	chr18	23913338	23913339	0	False	NA
chr18_23927148_23927149	chr18	23927148	23927149	0	False	NA
chr18_24015102_24015103	chr18	24015102	24015103	63	True	39
chr18_24114258_24114259	chr18	24114258	24114259	0	False	NA
chr18_24141783_24141784	chr18	24141783	24141784	0	False	NA
chr18_24314699_24314700	chr18	24314699	24314700	0	False	NA
chr18_24367381_24367382	chr18	24367381	24367382	36	False	NA
chr18_24436051_24436052	chr18	24436051	24436052	24	False	NA
chr18_24436051_24436052	chr18	24436051	24436052	24	False	NA
chr18_24444735_24444736	chr18	24444735	24444736	5	False	NA
chr18_24476631_24476632	chr18	24476631	24476632	0	False	NA
chr18_26148978_26148979	chr18	26148978	26148979	0	False	NA
chr18_26286999_26287000	chr18	26286999	26287000	0	False	NA
chr18_27983321_27983322	chr18	27983321	27983322	0	False	NA
chr18_31005087_31005088	chr18	31005087	31005088	6	False	NA
chr18_31020988_31020989	chr18	31020988	31020989	0	False	NA
chr18_31023072_31023073	chr18	31023072	31023073	0	False	NA
chr18_31133326_31133327	chr18	31133326	31133327	0	False	NA
chr18_31149141_31149142	chr18	31149141	31149142	0	False	NA
chr18_31335271_31335272	chr18	31335271	31335272	0	False	NA
chr18_31339184_31339185	chr18	31339184	31339185	0	False	NA
chr18_31341187_31341188	chr18	31341187	31341188	0	False	NA
chr18_31542518_31542519	chr18	31542518	31542519	663	True	39
chr18_31545116_31545117	chr18	31545116	31545117	25	False	NA
chr18_31626509_31626510	chr18	31626509	31626510	6	False	NA
chr18_31640799_31640800	chr18	31640799	31640800	15	False	NA
chr18_31644297_31644298	chr18	31644297	31644298	0	False	NA
chr18_31849864_31849865	chr18	31849864	31849865	0	False	NA
chr18_31870625_31870626	chr18	31870625	31870626	42	True	39
chr18_32194007_32194008	chr18	32194007	32194008	0	False	NA
chr18_32675094_32675095	chr18	32675094	32675095	0	False	NA
chr18_33214246_33214247	chr18	33214246	33214247	0	False	NA
chr18_34810738_34810739	chr18	34810738	34810739	0	False	NA
chr18_34866009_34866010	chr18	34866009	34866010	0	False	NA
chr18_34883146_34883147	chr18	34883146	34883147	5	False	NA
chr18_35135960_35135961	chr18	35135960	35135961	21	False	NA
chr18_35245168_35245169	chr18	35245168	35245169	61	True	39
chr18_35682637_35682638	chr18	35682637	35682638	0	False	NA
chr18_35690044_35690045	chr18	35690044	35690045	0	False	NA
chr18_35975525_35975526	chr18	35975525	35975526	22	False	NA
chr18_36145506_36145507	chr18	36145506	36145507	298	True	39
chr18_36168611_36168612	chr18	36168611	36168612	185	True	39
chr18_36172399_36172400	chr18	36172399	36172400	0	False	NA
chr18_36195863_36195864	chr18	36195863	36195864	25	False	NA
chr18_36603360_36603361	chr18	36603360	36603361	0	False	NA
chr18_36742467_36742468	chr18	36742467	36742468	0	False	NA
chr18_36751640_36751641	chr18	36751640	36751641	0	False	NA
chr18_37269939_37269940	chr18	37269939	37269940	12	False	NA
chr18_37269951_37269952	chr18	37269951	37269952	12	False	NA
chr18_41993829_41993830	chr18	41993829	41993830	17	False	NA
chr18_42033088_42033089	chr18	42033088	42033089	0	False	NA
chr18_42035434_42035435	chr18	42035434	42035435	47	True	39
chr18_42037921_42037922	chr18	42037921	42037922	20	False	NA
chr18_42041447_42041448	chr18	42041447	42041448	57	True	39
chr18_42047644_42047645	chr18	42047644	42047645	24	False	NA
chr18_45640442_45640443	chr18	45640442	45640443	0	False	NA
chr18_45746335_45746336	chr18	45746335	45746336	0	False	NA
chr18_45881039_45881040	chr18	45881039	45881040	5	False	NA
chr18_45887336_45887337	chr18	45887336	45887337	0	False	NA
chr18_45905404_45905405	chr18	45905404	45905405	23	False	NA
chr18_45920239_45920240	chr18	45920239	45920240	16	False	NA
chr18_45945636_45945637	chr18	45945636	45945637	8	False	NA
chr18_45948731_45948732	chr18	45948731	45948732	5	False	NA
chr18_45954331_45954332	chr18	45954331	45954332	74	True	39
chr18_46007699_46007700	chr18	46007699	46007700	0	False	NA
chr18_46563518_46563519	chr18	46563518	46563519	23	False	NA
chr18_46592669_46592670	chr18	46592669	46592670	0	False	NA
chr18_46592673_46592674	chr18	46592673	46592674	0	False	NA
chr18_48150135_48150136	chr18	48150135	48150136	0	False	NA
chr18_49784623_49784624	chr18	49784623	49784624	12	False	NA
chr18_49855820_49855821	chr18	49855820	49855821	5	False	NA
chr18_49984105_49984106	chr18	49984105	49984106	0	False	NA
chr18_50242009_50242010	chr18	50242009	50242010	0	False	NA
chr18_50251085_50251086	chr18	50251085	50251086	0	False	NA
chr18_50273123_50273124	chr18	50273123	50273124	26	False	NA
chr18_50383834_50383835	chr18	50383834	50383835	26	False	NA
chr18_50801548_50801549	chr18	50801548	50801549	0	False	NA
chr18_50911049_50911050	chr18	50911049	50911050	0	False	NA
chr18_50944630_50944631	chr18	50944630	50944631	0	False	NA
chr18_51076445_51076446	chr18	51076445	51076446	10	False	NA
chr18_53065720_53065721	chr18	53065720	53065721	0	False	NA
chr18_53207123_53207124	chr18	53207123	53207124	0	False	NA
chr18_53393812_53393813	chr18	53393812	53393813	0	False	NA
chr18_53397797_53397798	chr18	53397797	53397798	0	False	NA
chr18_54281110_54281111	chr18	54281110	54281111	32	False	NA
chr18_54283454_54283455	chr18	54283454	54283455	53	True	39
chr18_54361257_54361258	chr18	54361257	54361258	0	False	NA
chr18_54592298_54592299	chr18	54592298	54592299	0	False	NA
chr18_54937444_54937445	chr18	54937444	54937445	10	False	NA
chr18_56616971_56616972	chr18	56616971	56616972	40	True	39
chr18_56676398_56676399	chr18	56676398	56676399	0	False	NA
chr18_56681111_56681112	chr18	56681111	56681112	6	False	NA
chr18_56681118_56681119	chr18	56681118	56681119	6	False	NA
chr18_56686300_56686301	chr18	56686300	56686301	0	False	NA
chr18_56693081_56693082	chr18	56693081	56693082	0	False	NA
chr18_56743213_56743214	chr18	56743213	56743214	0	False	NA
chr18_56778278_56778279	chr18	56778278	56778279	0	False	NA
chr18_57613233_57613234	chr18	57613233	57613234	26	False	NA
chr18_57689932_57689933	chr18	57689932	57689933	0	False	NA
chr18_57696720_57696721	chr18	57696720	57696721	0	False	NA
chr18_57699883_57699884	chr18	57699883	57699884	0	False	NA
chr18_58357412_58357413	chr18	58357412	58357413	30	False	NA
chr18_58392314_58392315	chr18	58392314	58392315	220	True	39
chr18_58394758_58394759	chr18	58394758	58394759	161	True	39
chr18_58524567_58524568	chr18	58524567	58524568	0	False	NA
chr18_58533116_58533117	chr18	58533116	58533117	0	False	NA
chr18_58698420_58698421	chr18	58698420	58698421	10	False	NA
chr18_58746295_58746296	chr18	58746295	58746296	7	False	NA
chr18_59226580_59226581	chr18	59226580	59226581	0	False	NA
chr18_59348414_59348415	chr18	59348414	59348415	12	False	NA
chr18_61504666_61504667	chr18	61504666	61504667	0	False	NA
chr18_61534230_61534231	chr18	61534230	61534231	0	False	NA
chr18_62084404_62084405	chr18	62084404	62084405	18	False	NA
chr18_62144840_62144841	chr18	62144840	62144841	0	False	NA
chr18_62146616_62146617	chr18	62146616	62146617	13	False	NA
chr18_62159558_62159559	chr18	62159558	62159559	0	False	NA
chr18_62254524_62254525	chr18	62254524	62254525	12	False	NA
chr18_62254812_62254813	chr18	62254812	62254813	25	False	NA
chr18_62263175_62263176	chr18	62263175	62263176	5	False	NA
chr18_62304355_62304356	chr18	62304355	62304356	21	False	NA
chr18_62360213_62360214	chr18	62360213	62360214	0	False	NA
chr18_62361515_62361516	chr18	62361515	62361516	0	False	NA
chr18_62558469_62558470	chr18	62558469	62558470	157	True	39
chr18_62573733_62573734	chr18	62573733	62573734	0	False	NA
chr18_62976487_62976488	chr18	62976487	62976488	0	False	NA
chr18_63353844_63353845	chr18	63353844	63353845	11	False	NA
chr18_63356651_63356652	chr18	63356651	63356652	21	False	NA
chr18_63362410_63362411	chr18	63362410	63362411	7	False	NA
chr18_63399416_63399417	chr18	63399416	63399417	41	True	39
chr18_63403043_63403044	chr18	63403043	63403044	16	False	NA
chr18_63409518_63409519	chr18	63409518	63409519	7	False	NA
chr18_63486532_63486533	chr18	63486532	63486533	0	False	NA
chr18_63488175_63488176	chr18	63488175	63488176	0	False	NA
chr18_63490374_63490375	chr18	63490374	63490375	0	False	NA
chr18_63557168_63557169	chr18	63557168	63557169	0	False	NA
chr18_63558931_63558932	chr18	63558931	63558932	0	False	NA
chr18_63704009_63704010	chr18	63704009	63704010	0	False	NA
chr18_63714062_63714063	chr18	63714062	63714063	0	False	NA
chr18_63721849_63721850	chr18	63721849	63721850	0	False	NA
chr18_65861542_65861543	chr18	65861542	65861543	0	False	NA
chr18_65866398_65866399	chr18	65866398	65866399	5	False	NA
chr18_68678530_68678531	chr18	68678530	68678531	27	False	NA
chr18_68683693_68683694	chr18	68683693	68683694	0	False	NA
chr18_68693314_68693315	chr18	68693314	68693315	78	True	39
chr18_68838549_68838550	chr18	68838549	68838550	0	False	NA
chr18_68842475_68842476	chr18	68842475	68842476	0	False	NA
chr18_69772948_69772949	chr18	69772948	69772949	0	False	NA
chr18_70022414_70022415	chr18	70022414	70022415	5	False	NA
chr18_70068468_70068469	chr18	70068468	70068469	40	True	39
chr18_70087832_70087833	chr18	70087832	70087833	0	False	NA
chr18_70136933_70136934	chr18	70136933	70136934	24	False	NA
chr18_70147720_70147721	chr18	70147720	70147721	49	True	39
chr18_70166335_70166336	chr18	70166335	70166336	0	False	NA
chr18_70188737_70188738	chr18	70188737	70188738	23	False	NA
chr18_72793871_72793872	chr18	72793871	72793872	0	False	NA
chr18_74128592_74128593	chr18	74128592	74128593	0	False	NA
chr18_74151043_74151044	chr18	74151043	74151044	20	False	NA
chr18_74319406_74319407	chr18	74319406	74319407	0	False	NA
chr18_74441113_74441114	chr18	74441113	74441114	0	False	NA
chr18_74564854_74564855	chr18	74564854	74564855	0	False	NA
chr18_75420869_75420870	chr18	75420869	75420870	0	False	NA
chr18_75427199_75427200	chr18	75427199	75427200	0	False	NA
chr18_76367085_76367086	chr18	76367085	76367086	81	True	39
chr18_76851197_76851198	chr18	76851197	76851198	28	False	NA
chr18_76902010_76902011	chr18	76902010	76902011	0	False	NA
chr18_76911669_76911670	chr18	76911669	76911670	10	False	NA
chr18_76916905_76916906	chr18	76916905	76916906	6	False	NA
chr18_77012674_77012675	chr18	77012674	77012675	43	True	39
chr18_79334863_79334864	chr18	79334863	79334864	21	False	NA
chr18_79975571_79975572	chr18	79975571	79975572	140	True	39
chr18_80080444_80080445	chr18	80080444	80080445	0	False	NA
chr19_372090_372091	chr19	372090	372091	0	False	NA
chr19_431162_431163	chr19	431162	431163	304	True	39
chr19_472153_472154	chr19	472153	472154	0	False	NA
chr19_578352_578353	chr19	578352	578353	2443	True	39
chr19_615005_615006	chr19	615005	615006	16	False	NA
chr19_677323_677324	chr19	677323	677324	137	True	39
chr19_677327_677328	chr19	677327	677328	137	True	39
chr19_761231_761232	chr19	761231	761232	0	False	NA
chr19_801542_801543	chr19	801542	801543	3175	True	39
chr19_851672_851673	chr19	851672	851673	26	False	NA
chr19_918345_918346	chr19	918345	918346	240	True	39
chr19_1035527_1035528	chr19	1035527	1035528	2568	True	39
chr19_1051121_1051122	chr19	1051121	1051122	481	True	39
chr19_1110561_1110562	chr19	1110561	1110562	333	True	39
chr19_1298680_1298681	chr19	1298680	1298681	34	False	NA
chr19_1423152_1423153	chr19	1423152	1423153	4293	True	39
chr19_1476533_1476534	chr19	1476533	1476534	1297	True	39
chr19_1526249_1526250	chr19	1526249	1526250	0	False	NA
chr19_1526259_1526260	chr19	1526259	1526260	0	False	NA
chr19_2123522_2123523	chr19	2123522	2123523	178	True	39
chr19_2198918_2198919	chr19	2198918	2198919	1751	True	39
chr19_2214704_2214705	chr19	2214704	2214705	109	True	39
chr19_2270281_2270282	chr19	2270281	2270282	30832	True	1
chr19_2279727_2279728	chr19	2279727	2279728	0	False	NA
chr19_2338539_2338540	chr19	2338539	2338540	3126	True	39
chr19_2401450_2401451	chr19	2401450	2401451	0	False	NA
chr19_2420664_2420665	chr19	2420664	2420665	0	False	NA
chr19_2434193_2434194	chr19	2434193	2434194	465	True	39
chr19_2518558_2518559	chr19	2518558	2518559	0	False	NA
chr19_2824468_2824469	chr19	2824468	2824469	0	False	NA
chr19_2828960_2828961	chr19	2828960	2828961	5	False	NA
chr19_2871901_2871902	chr19	2871901	2871902	0	False	NA
chr19_3018069_3018070	chr19	3018069	3018070	0	False	NA
chr19_3111070_3111071	chr19	3111070	3111071	123	True	39
chr19_3160710_3160711	chr19	3160710	3160711	0	False	NA
chr19_3527120_3527121	chr19	3527120	3527121	294	True	39
chr19_3540983_3540984	chr19	3540983	3540984	0	False	NA
chr19_3612606_3612607	chr19	3612606	3612607	137	True	39
chr19_3655902_3655903	chr19	3655902	3655903	20	False	NA
chr19_3658721_3658722	chr19	3658721	3658722	96	True	39
chr19_3663553_3663554	chr19	3663553	3663554	48	True	39
chr19_3853016_3853017	chr19	3853016	3853017	0	False	NA
chr19_3922469_3922470	chr19	3922469	3922470	0	False	NA
chr19_4096676_4096677	chr19	4096676	4096677	0	False	NA
chr19_4168561_4168562	chr19	4168561	4168562	0	False	NA
chr19_4215027_4215028	chr19	4215027	4215028	0	False	NA
chr19_4342189_4342190	chr19	4342189	4342190	0	False	NA
chr19_4406250_4406251	chr19	4406250	4406251	96	True	39
chr19_4425051_4425052	chr19	4425051	4425052	74	True	39
chr19_4425053_4425054	chr19	4425053	4425054	74	True	39
chr19_4440020_4440021	chr19	4440020	4440021	77	True	39
chr19_4453238_4453239	chr19	4453238	4453239	10	False	NA
chr19_4666925_4666926	chr19	4666925	4666926	0	False	NA
chr19_4690146_4690147	chr19	4690146	4690147	10	False	NA
chr19_4691050_4691051	chr19	4691050	4691051	21	False	NA
chr19_4859774_4859775	chr19	4859774	4859775	212	True	39
chr19_4941467_4941468	chr19	4941467	4941468	277	True	39
chr19_4945757_4945758	chr19	4945757	4945758	197	True	39
chr19_4956034_4956035	chr19	4956034	4956035	145	True	39
chr19_5608755_5608756	chr19	5608755	5608756	67	True	39
chr19_5620690_5620691	chr19	5620690	5620691	25	False	NA
chr19_5625699_5625700	chr19	5625699	5625700	139	True	39
chr19_5646014_5646015	chr19	5646014	5646015	735	True	39
chr19_5704363_5704364	chr19	5704363	5704364	242	True	39
chr19_5708069_5708070	chr19	5708069	5708070	4145	True	39
chr19_5756456_5756457	chr19	5756456	5756457	0	False	NA
chr19_5758301_5758302	chr19	5758301	5758302	0	False	NA
chr19_5785511_5785512	chr19	5785511	5785512	437	True	39
chr19_6000482_6000483	chr19	6000482	6000483	0	False	NA
chr19_6043854_6043855	chr19	6043854	6043855	0	False	NA
chr19_6188841_6188842	chr19	6188841	6188842	0	False	NA
chr19_6712859_6712860	chr19	6712859	6712860	1115	True	39
chr19_6713624_6713625	chr19	6713624	6713625	2721	True	39
chr19_6713648_6713649	chr19	6713648	6713649	2500	True	39
chr19_6822187_6822188	chr19	6822187	6822188	26	False	NA
chr19_6893672_6893673	chr19	6893672	6893673	0	False	NA
chr19_6934160_6934161	chr19	6934160	6934161	0	False	NA
chr19_6937542_6937543	chr19	6937542	6937543	0	False	NA
chr19_7079935_7079936	chr19	7079935	7079936	0	False	NA
chr19_7120872_7120873	chr19	7120872	7120873	11	False	NA
chr19_7164151_7164152	chr19	7164151	7164152	0	False	NA
chr19_7500752_7500753	chr19	7500752	7500753	0	False	NA
chr19_7542121_7542122	chr19	7542121	7542122	308	True	39
chr19_7935568_7935569	chr19	7935568	7935569	283	True	39
chr19_8056636_8056637	chr19	8056636	8056637	0	False	NA
chr19_8073559_8073560	chr19	8073559	8073560	0	False	NA
chr19_8143012_8143013	chr19	8143012	8143013	0	False	NA
chr19_8210240_8210241	chr19	8210240	8210241	804	True	39
chr19_8308416_8308417	chr19	8308416	8308417	210	True	39
chr19_8330162_8330163	chr19	8330162	8330163	0	False	NA
chr19_8333808_8333809	chr19	8333808	8333809	0	False	NA
chr19_8446922_8446923	chr19	8446922	8446923	78	True	39
chr19_8465908_8465909	chr19	8465908	8465909	137	True	39
chr19_8467055_8467056	chr19	8467055	8467056	197	True	39
chr19_8607739_8607740	chr19	8607739	8607740	0	False	NA
chr19_8638027_8638028	chr19	8638027	8638028	0	False	NA
chr19_8871849_8871850	chr19	8871849	8871850	0	False	NA
chr19_8941216_8941217	chr19	8941216	8941217	0	False	NA
chr19_8968647_8968648	chr19	8968647	8968648	0	False	NA
chr19_9297691_9297692	chr19	9297691	9297692	0	False	NA
chr19_9300014_9300015	chr19	9300014	9300015	0	False	NA
chr19_9300412_9300413	chr19	9300412	9300413	0	False	NA
chr19_9340260_9340261	chr19	9340260	9340261	8	False	NA
chr19_9535338_9535339	chr19	9535338	9535339	81	True	39
chr19_9535352_9535353	chr19	9535352	9535353	58	True	39
chr19_9767676_9767677	chr19	9767676	9767677	5	False	NA
chr19_9970777_9970778	chr19	9970777	9970778	0	False	NA
chr19_10018703_10018704	chr19	10018703	10018704	0	False	NA
chr19_10175841_10175842	chr19	10175841	10175842	275	True	39
chr19_10257751_10257752	chr19	10257751	10257752	161	True	39
chr19_10489853_10489854	chr19	10489853	10489854	213	True	39
chr19_10567958_10567959	chr19	10567958	10567959	5	False	NA
chr19_10677489_10677490	chr19	10677489	10677490	503	True	39
chr19_10708610_10708611	chr19	10708610	10708611	51	True	39
chr19_10911330_10911331	chr19	10911330	10911331	46	True	39
chr19_11113827_11113828	chr19	11113827	11113828	1003	True	39
chr19_11216079_11216080	chr19	11216079	11216080	40	True	39
chr19_11296595_11296596	chr19	11296595	11296596	0	False	NA
chr19_11302974_11302975	chr19	11302974	11302975	0	False	NA
chr19_11310181_11310182	chr19	11310181	11310182	0	False	NA
chr19_11339157_11339158	chr19	11339157	11339158	5	False	NA
chr19_11362183_11362184	chr19	11362183	11362184	0	False	NA
chr19_12134905_12134906	chr19	12134905	12134906	0	False	NA
chr19_12155624_12155625	chr19	12155624	12155625	0	False	NA
chr19_12530534_12530535	chr19	12530534	12530535	16	False	NA
chr19_12651738_12651739	chr19	12651738	12651739	0	False	NA
chr19_12691560_12691561	chr19	12691560	12691561	66	True	39
chr19_12755222_12755223	chr19	12755222	12755223	0	False	NA
chr19_12811294_12811295	chr19	12811294	12811295	8	False	NA
chr19_12866164_12866165	chr19	12866164	12866165	5	False	NA
chr19_12924033_12924034	chr19	12924033	12924034	148	True	39
chr19_12939426_12939427	chr19	12939426	12939427	7718	True	12
chr19_13080501_13080502	chr19	13080501	13080502	149	True	39
chr19_13229246_13229247	chr19	13229246	13229247	0	False	NA
chr19_13453640_13453641	chr19	13453640	13453641	0	False	NA
chr19_13817433_13817434	chr19	13817433	13817434	0	False	NA
chr19_13890901_13890902	chr19	13890901	13890902	12	False	NA
chr19_13923281_13923282	chr19	13923281	13923282	210	True	39
chr19_14407823_14407824	chr19	14407823	14407824	113	True	39
chr19_14446995_14446996	chr19	14446995	14446996	0	False	NA
chr19_14450550_14450551	chr19	14450550	14450551	48	True	39
chr19_15012273_15012274	chr19	15012273	15012274	0	False	NA
chr19_15426302_15426303	chr19	15426302	15426303	58	True	39
chr19_16115694_16115695	chr19	16115694	16115695	23	False	NA
chr19_16171365_16171366	chr19	16171365	16171366	0	False	NA
chr19_16205380_16205381	chr19	16205380	16205381	12	False	NA
chr19_16494710_16494711	chr19	16494710	16494711	0	False	NA
chr19_16517188_16517189	chr19	16517188	16517189	53	True	39
chr19_16527251_16527252	chr19	16527251	16527252	104	True	39
chr19_16681030_16681031	chr19	16681030	16681031	6	False	NA
chr19_16681689_16681690	chr19	16681689	16681690	0	False	NA
chr19_16738048_16738049	chr19	16738048	16738049	0	False	NA
chr19_16844872_16844873	chr19	16844872	16844873	172	True	39
chr19_16844872_16844873	chr19	16844872	16844873	172	True	39
chr19_16976614_16976615	chr19	16976614	16976615	0	False	NA
chr19_16990321_16990322	chr19	16990321	16990322	0	False	NA
chr19_16996964_16996965	chr19	16996964	16996965	0	False	NA
chr19_17026243_17026244	chr19	17026243	17026244	0	False	NA
chr19_17026251_17026252	chr19	17026251	17026252	0	False	NA
chr19_17051537_17051538	chr19	17051537	17051538	21	False	NA
chr19_17054108_17054109	chr19	17054108	17054109	0	False	NA
chr19_17162322_17162323	chr19	17162322	17162323	531	True	39
chr19_17219388_17219389	chr19	17219388	17219389	101	True	39
chr19_17227837_17227838	chr19	17227837	17227838	75	True	39
chr19_17407472_17407473	chr19	17407472	17407473	6	False	NA
chr19_17539852_17539853	chr19	17539852	17539853	0	False	NA
chr19_17550918_17550919	chr19	17550918	17550919	0	False	NA
chr19_17559209_17559210	chr19	17559209	17559210	94	True	39
chr19_17576672_17576673	chr19	17576672	17576673	103	True	39
chr19_17577804_17577805	chr19	17577804	17577805	96	True	39
chr19_17641332_17641333	chr19	17641332	17641333	0	False	NA
chr19_18074487_18074488	chr19	18074487	18074488	0	False	NA
chr19_18130353_18130354	chr19	18130353	18130354	16	False	NA
chr19_18199032_18199033	chr19	18199032	18199033	0	False	NA
chr19_18341601_18341602	chr19	18341601	18341602	32	False	NA
chr19_18396075_18396076	chr19	18396075	18396076	0	False	NA
chr19_18456344_18456345	chr19	18456344	18456345	0	False	NA
chr19_18607774_18607775	chr19	18607774	18607775	145	True	39
chr19_18754881_18754882	chr19	18754881	18754882	0	False	NA
chr19_18845817_18845818	chr19	18845817	18845818	213	True	39
chr19_18854242_18854243	chr19	18854242	18854243	273	True	39
chr19_18909251_18909252	chr19	18909251	18909252	96	True	39
chr19_19036504_19036505	chr19	19036504	19036505	56	True	39
chr19_19186411_19186412	chr19	19186411	19186412	0	False	NA
chr19_19217346_19217347	chr19	19217346	19217347	0	False	NA
chr19_19259376_19259377	chr19	19259376	19259377	0	False	NA
chr19_19267469_19267470	chr19	19267469	19267470	6	False	NA
chr19_19335830_19335831	chr19	19335830	19335831	132	True	39
chr19_19336803_19336804	chr19	19336803	19336804	24	False	NA
chr19_19503086_19503087	chr19	19503086	19503087	0	False	NA
chr19_19566218_19566219	chr19	19566218	19566219	0	False	NA
chr19_19634957_19634958	chr19	19634957	19634958	34	False	NA
chr19_19789616_19789617	chr19	19789616	19789617	0	False	NA
chr19_19958143_19958144	chr19	19958143	19958144	0	False	NA
chr19_20793143_20793144	chr19	20793143	20793144	5	False	NA
chr19_21310162_21310163	chr19	21310162	21310163	39	False	NA
chr19_21500489_21500490	chr19	21500489	21500490	0	False	NA
chr19_23229268_23229269	chr19	23229268	23229269	36	False	NA
chr19_29609724_29609725	chr19	29609724	29609725	35	False	NA
chr19_29985400_29985401	chr19	29985400	29985401	133	True	39
chr19_32355453_32355454	chr19	32355453	32355454	13	False	NA
chr19_32463760_32463761	chr19	32463760	32463761	51	True	39
chr19_32478140_32478141	chr19	32478140	32478141	5	False	NA
chr19_32648504_32648505	chr19	32648504	32648505	0	False	NA
chr19_32653325_32653326	chr19	32653325	32653326	0	False	NA
chr19_32792905_32792906	chr19	32792905	32792906	0	False	NA
chr19_32792910_32792911	chr19	32792910	32792911	0	False	NA
chr19_32817543_32817544	chr19	32817543	32817544	0	False	NA
chr19_32858645_32858646	chr19	32858645	32858646	0	False	NA
chr19_32886592_32886593	chr19	32886592	32886593	0	False	NA
chr19_32953210_32953211	chr19	32953210	32953211	7	False	NA
chr19_32993805_32993806	chr19	32993805	32993806	22	False	NA
chr19_33007155_33007156	chr19	33007155	33007156	0	False	NA
chr19_33009024_33009025	chr19	33009024	33009025	16	False	NA
chr19_33011884_33011885	chr19	33011884	33011885	173	True	39
chr19_33095678_33095679	chr19	33095678	33095679	25	False	NA
chr19_33102719_33102720	chr19	33102719	33102720	5	False	NA
chr19_33164459_33164460	chr19	33164459	33164460	0	False	NA
chr19_34386492_34386493	chr19	34386492	34386493	4765	True	43
chr19_34395187_34395188	chr19	34395187	34395188	113	True	39
chr19_34411521_34411522	chr19	34411521	34411522	0	False	NA
chr19_34639043_34639044	chr19	34639043	34639044	5	False	NA
chr19_34683299_34683300	chr19	34683299	34683300	13	False	NA
chr19_34736603_34736604	chr19	34736603	34736604	0	False	NA
chr19_34930175_34930176	chr19	34930175	34930176	0	False	NA
chr19_34959826_34959827	chr19	34959826	34959827	0	False	NA
chr19_35128148_35128149	chr19	35128148	35128149	0	False	NA
chr19_35265526_35265527	chr19	35265526	35265527	0	False	NA
chr19_35304116_35304117	chr19	35304116	35304117	0	False	NA
chr19_35510595_35510596	chr19	35510595	35510596	0	False	NA
chr19_35534801_35534802	chr19	35534801	35534802	0	False	NA
chr19_35615930_35615931	chr19	35615930	35615931	27	False	NA
chr19_35629382_35629383	chr19	35629382	35629383	96	True	39
chr19_35629383_35629384	chr19	35629383	35629384	96	True	39
chr19_35629387_35629388	chr19	35629387	35629388	96	True	39
chr19_35656831_35656832	chr19	35656831	35656832	10	False	NA
chr19_35673755_35673756	chr19	35673755	35673756	0	False	NA
chr19_35722938_35722939	chr19	35722938	35722939	473	True	39
chr19_35784705_35784706	chr19	35784705	35784706	309	True	39
chr19_35858612_35858613	chr19	35858612	35858613	0	False	NA
chr19_35877651_35877652	chr19	35877651	35877652	0	False	NA
chr19_35942477_35942478	chr19	35942477	35942478	0	False	NA
chr19_36030740_36030741	chr19	36030740	36030741	0	False	NA
chr19_36091370_36091371	chr19	36091370	36091371	227	True	39
chr19_36366893_36366894	chr19	36366893	36366894	0	False	NA
chr19_36409451_36409452	chr19	36409451	36409452	0	False	NA
chr19_36661025_36661026	chr19	36661025	36661026	10	False	NA
chr19_36919694_36919695	chr19	36919694	36919695	0	False	NA
chr19_36920833_36920834	chr19	36920833	36920834	75	True	39
chr19_37507643_37507644	chr19	37507643	37507644	31	False	NA
chr19_37691942_37691943	chr19	37691942	37691943	0	False	NA
chr19_38135548_38135549	chr19	38135548	38135549	5	False	NA
chr19_38308446_38308447	chr19	38308446	38308447	25	False	NA
chr19_38346673_38346674	chr19	38346673	38346674	0	False	NA
chr19_38376097_38376098	chr19	38376097	38376098	625	True	39
chr19_38487192_38487193	chr19	38487192	38487193	0	False	NA
chr19_38501168_38501169	chr19	38501168	38501169	0	False	NA
chr19_38509104_38509105	chr19	38509104	38509105	0	False	NA
chr19_38526790_38526791	chr19	38526790	38526791	0	False	NA
chr19_38622745_38622746	chr19	38622745	38622746	0	False	NA
chr19_38625951_38625952	chr19	38625951	38625952	1759	True	39
chr19_38728881_38728882	chr19	38728881	38728882	700	True	39
chr19_38728885_38728886	chr19	38728885	38728886	690	True	39
chr19_38845158_38845159	chr19	38845158	38845159	122	True	39
chr19_38891603_38891604	chr19	38891603	38891604	0	False	NA
chr19_38909360_38909361	chr19	38909360	38909361	10	False	NA
chr19_39316920_39316921	chr19	39316920	39316921	0	False	NA
chr19_39472138_39472139	chr19	39472138	39472139	10	False	NA
chr19_39499094_39499095	chr19	39499094	39499095	0	False	NA
chr19_39735821_39735822	chr19	39735821	39735822	0	False	NA
chr19_39865692_39865693	chr19	39865692	39865693	0	False	NA
chr19_39920049_39920050	chr19	39920049	39920050	0	False	NA
chr19_39997531_39997532	chr19	39997531	39997532	0	False	NA
chr19_40006638_40006639	chr19	40006638	40006639	0	False	NA
chr19_40047728_40047729	chr19	40047728	40047729	5	False	NA
chr19_40204387_40204388	chr19	40204387	40204388	61	True	39
chr19_40456626_40456627	chr19	40456626	40456627	29	False	NA
chr19_40568520_40568521	chr19	40568520	40568521	0	False	NA
chr19_40583255_40583256	chr19	40583255	40583256	72	True	39
chr19_40727730_40727731	chr19	40727730	40727731	0	False	NA
chr19_40764533_40764534	chr19	40764533	40764534	43	True	39
chr19_40764539_40764540	chr19	40764539	40764540	43	True	39
chr19_40892225_40892226	chr19	40892225	40892226	0	False	NA
chr19_41380394_41380395	chr19	41380394	41380395	17	False	NA
chr19_41717118_41717119	chr19	41717118	41717119	0	False	NA
chr19_41728073_41728074	chr19	41728073	41728074	0	False	NA
chr19_41763455_41763456	chr19	41763455	41763456	0	False	NA
chr19_41843239_41843240	chr19	41843239	41843240	0	False	NA
chr19_41849674_41849675	chr19	41849674	41849675	0	False	NA
chr19_41888377_41888378	chr19	41888377	41888378	60	True	39
chr19_42096824_42096825	chr19	42096824	42096825	0	False	NA
chr19_42314790_42314791	chr19	42314790	42314791	11	False	NA
chr19_42323409_42323410	chr19	42323409	42323410	0	False	NA
chr19_42333877_42333878	chr19	42333877	42333878	0	False	NA
chr19_42344410_42344411	chr19	42344410	42344411	330	True	39
chr19_42356548_42356549	chr19	42356548	42356549	26	False	NA
chr19_42509282_42509283	chr19	42509282	42509283	1041	True	39
chr19_42590071_42590072	chr19	42590071	42590072	0	False	NA
chr19_43491212_43491213	chr19	43491212	43491213	10	False	NA
chr19_43624903_43624904	chr19	43624903	43624904	12	False	NA
chr19_43795227_43795228	chr19	43795227	43795228	0	False	NA
chr19_43833933_43833934	chr19	43833933	43833934	10	False	NA
chr19_43835224_43835225	chr19	43835224	43835225	0	False	NA
chr19_43915862_43915863	chr19	43915862	43915863	13	False	NA
chr19_44058113_44058114	chr19	44058113	44058114	11	False	NA
chr19_44077823_44077824	chr19	44077823	44077824	0	False	NA
chr19_44216306_44216307	chr19	44216306	44216307	346	True	39
chr19_44445832_44445833	chr19	44445832	44445833	0	False	NA
chr19_44481157_44481158	chr19	44481157	44481158	5	False	NA
chr19_44515577_44515578	chr19	44515577	44515578	0	False	NA
chr19_44524946_44524947	chr19	44524946	44524947	0	False	NA
chr19_44524953_44524954	chr19	44524953	44524954	0	False	NA
chr19_44524974_44524975	chr19	44524974	44524975	0	False	NA
chr19_44706129_44706130	chr19	44706129	44706130	0	False	NA
chr19_44779829_44779830	chr19	44779829	44779830	0	False	NA
chr19_44782751_44782752	chr19	44782751	44782752	0	False	NA
chr19_44782756_44782757	chr19	44782756	44782757	0	False	NA
chr19_44900567_44900568	chr19	44900567	44900568	96	True	39
chr19_45052653_45052654	chr19	45052653	45052654	132	True	39
chr19_45273952_45273953	chr19	45273952	45273953	0	False	NA
chr19_45356919_45356920	chr19	45356919	45356920	5	False	NA
chr19_45518666_45518667	chr19	45518666	45518667	54	True	39
chr19_45668741_45668742	chr19	45668741	45668742	84	True	39
chr19_45801438_45801439	chr19	45801438	45801439	0	False	NA
chr19_45815794_45815795	chr19	45815794	45815795	198	True	39
chr19_45843517_45843518	chr19	45843517	45843518	11	False	NA
chr19_45998922_45998923	chr19	45998922	45998923	41	True	39
chr19_46006961_46006962	chr19	46006961	46006962	20	False	NA
chr19_46148301_46148302	chr19	46148301	46148302	0	False	NA
chr19_46306885_46306886	chr19	46306885	46306886	0	False	NA
chr19_46322360_46322361	chr19	46322360	46322361	0	False	NA
chr19_46384016_46384017	chr19	46384016	46384017	31	False	NA
chr19_46389589_46389590	chr19	46389589	46389590	88	True	39
chr19_46469565_46469566	chr19	46469565	46469566	0	False	NA
chr19_46692047_46692048	chr19	46692047	46692048	49	True	39
chr19_47081895_47081896	chr19	47081895	47081896	5	False	NA
chr19_47153647_47153648	chr19	47153647	47153648	0	False	NA
chr19_47226222_47226223	chr19	47226222	47226223	450	True	39
chr19_47307696_47307697	chr19	47307696	47307697	5	False	NA
chr19_47538805_47538806	chr19	47538805	47538806	0	False	NA
chr19_47538814_47538815	chr19	47538814	47538815	0	False	NA
chr19_47539036_47539037	chr19	47539036	47539037	0	False	NA
chr19_47980836_47980837	chr19	47980836	47980837	0	False	NA
chr19_48031661_48031662	chr19	48031661	48031662	0	False	NA
chr19_48036305_48036306	chr19	48036305	48036306	0	False	NA
chr19_48053916_48053917	chr19	48053916	48053917	0	False	NA
chr19_48090147_48090148	chr19	48090147	48090148	5	False	NA
chr19_48090153_48090154	chr19	48090153	48090154	5	False	NA
chr19_48093195_48093196	chr19	48093195	48093196	6	False	NA
chr19_48132398_48132399	chr19	48132398	48132399	5	False	NA
chr19_48145785_48145786	chr19	48145785	48145786	56	True	39
chr19_48589194_48589195	chr19	48589194	48589195	0	False	NA
chr19_48609681_48609682	chr19	48609681	48609682	8	False	NA
chr19_48638476_48638477	chr19	48638476	48638477	66	True	39
chr19_48644979_48644980	chr19	48644979	48644980	0	False	NA
chr19_48859854_48859855	chr19	48859854	48859855	0	False	NA
chr19_48912445_48912446	chr19	48912445	48912446	0	False	NA
chr19_48939858_48939859	chr19	48939858	48939859	11	False	NA
chr19_48966219_48966220	chr19	48966219	48966220	14211	True	13
chr19_49007690_49007691	chr19	49007690	49007691	20	False	NA
chr19_49014366_49014367	chr19	49014366	49014367	70	True	39
chr19_49036521_49036522	chr19	49036521	49036522	0	False	NA
chr19_49062566_49062567	chr19	49062566	49062567	0	False	NA
chr19_49101247_49101248	chr19	49101247	49101248	535	True	39
chr19_49187025_49187026	chr19	49187025	49187026	0	False	NA
chr19_49291929_49291930	chr19	49291929	49291930	0	False	NA
chr19_49309411_49309412	chr19	49309411	49309412	10	False	NA
chr19_49339048_49339049	chr19	49339048	49339049	0	False	NA
chr19_49428369_49428370	chr19	49428369	49428370	0	False	NA
chr19_49456925_49456926	chr19	49456925	49456926	0	False	NA
chr19_49497014_49497015	chr19	49497014	49497015	498	True	39
chr19_49588931_49588932	chr19	49588931	49588932	0	False	NA
chr19_49591877_49591878	chr19	49591877	49591878	247	True	39
chr19_49661238_49661239	chr19	49661238	49661239	73	True	39
chr19_49792791_49792792	chr19	49792791	49792792	31	False	NA
chr19_49799248_49799249	chr19	49799248	49799249	771	True	39
chr19_49879518_49879519	chr19	49879518	49879519	556	True	39
chr19_49931334_49931335	chr19	49931334	49931335	808	True	39
chr19_49958081_49958082	chr19	49958081	49958082	0	False	NA
chr19_50008619_50008620	chr19	50008619	50008620	0	False	NA
chr19_50022114_50022115	chr19	50022114	50022115	6	False	NA
chr19_50027652_50027653	chr19	50027652	50027653	10	False	NA
chr19_50159036_50159037	chr19	50159036	50159037	0	False	NA
chr19_50402931_50402932	chr19	50402931	50402932	644	True	39
chr19_50423900_50423901	chr19	50423900	50423901	0	False	NA
chr19_50714893_50714894	chr19	50714893	50714894	0	False	NA
chr19_50793005_50793006	chr19	50793005	50793006	57	True	39
chr19_50909482_50909483	chr19	50909482	50909483	0	False	NA
chr19_51083854_51083855	chr19	51083854	51083855	0	False	NA
chr19_51497901_51497902	chr19	51497901	51497902	0	False	NA
chr19_51525525_51525526	chr19	51525525	51525526	0	False	NA
chr19_51581603_51581604	chr19	51581603	51581604	237	True	39
chr19_51749466_51749467	chr19	51749466	51749467	0	False	NA
chr19_51879443_51879444	chr19	51879443	51879444	13	False	NA
chr19_52003972_52003973	chr19	52003972	52003973	5	False	NA
chr19_52062436_52062437	chr19	52062436	52062437	61	True	39
chr19_52088688_52088689	chr19	52088688	52088689	5	False	NA
chr19_52175989_52175990	chr19	52175989	52175990	0	False	NA
chr19_52316352_52316353	chr19	52316352	52316353	0	False	NA
chr19_52399922_52399923	chr19	52399922	52399923	0	False	NA
chr19_53149687_53149688	chr19	53149687	53149688	17	False	NA
chr19_53250244_53250245	chr19	53250244	53250245	0	False	NA
chr19_53250248_53250249	chr19	53250248	53250249	0	False	NA
chr19_53252399_53252400	chr19	53252399	53252400	0	False	NA
chr19_54127949_54127950	chr19	54127949	54127950	102	True	39
chr19_54255719_54255720	chr19	54255719	54255720	0	False	NA
chr19_54728419_54728420	chr19	54728419	54728420	0	False	NA
chr19_54809323_54809324	chr19	54809323	54809324	0	False	NA
chr19_54906909_54906910	chr19	54906909	54906910	0	False	NA
chr19_55082413_55082414	chr19	55082413	55082414	12	False	NA
chr19_55086366_55086367	chr19	55086366	55086367	0	False	NA
chr19_55094454_55094455	chr19	55094454	55094455	425	True	39
chr19_55138987_55138988	chr19	55138987	55138988	8	False	NA
chr19_55187628_55187629	chr19	55187628	55187629	396	True	39
chr19_55292477_55292478	chr19	55292477	55292478	0	False	NA
chr19_55304466_55304467	chr19	55304466	55304467	140	True	39
chr19_55304472_55304473	chr19	55304472	55304473	157	True	39
chr19_55304478_55304479	chr19	55304478	55304479	157	True	39
chr19_55308433_55308434	chr19	55308433	55308434	0	False	NA
chr19_55500906_55500907	chr19	55500906	55500907	0	False	NA
chr19_55545115_55545116	chr19	55545115	55545116	0	False	NA
chr19_55728736_55728737	chr19	55728736	55728737	0	False	NA
chr19_55736573_55736574	chr19	55736573	55736574	0	False	NA
chr19_55787937_55787938	chr19	55787937	55787938	0	False	NA
chr19_55795225_55795226	chr19	55795225	55795226	0	False	NA
chr19_55795229_55795230	chr19	55795229	55795230	0	False	NA
chr19_55868365_55868366	chr19	55868365	55868366	0	False	NA
chr19_55950622_55950623	chr19	55950622	55950623	0	False	NA
chr19_55953039_55953040	chr19	55953039	55953040	0	False	NA
chr19_55987036_55987037	chr19	55987036	55987037	0	False	NA
chr19_56058534_56058535	chr19	56058534	56058535	0	False	NA
chr19_56305482_56305483	chr19	56305482	56305483	0	False	NA
chr19_56391171_56391172	chr19	56391171	56391172	0	False	NA
chr19_56421524_56421525	chr19	56421524	56421525	13	False	NA
chr19_56512375_56512376	chr19	56512375	56512376	0	False	NA
chr19_56549815_56549816	chr19	56549815	56549816	0	False	NA
chr19_56549832_56549833	chr19	56549832	56549833	0	False	NA
chr19_56571137_56571138	chr19	56571137	56571138	0	False	NA
chr19_56573983_56573984	chr19	56573983	56573984	0	False	NA
chr19_56643702_56643703	chr19	56643702	56643703	0	False	NA
chr19_57165212_57165213	chr19	57165212	57165213	0	False	NA
chr19_57233387_57233388	chr19	57233387	57233388	0	False	NA
chr19_57355783_57355784	chr19	57355783	57355784	0	False	NA
chr19_57535633_57535634	chr19	57535633	57535634	28	False	NA
chr19_57601284_57601285	chr19	57601284	57601285	0	False	NA
chr19_57677182_57677183	chr19	57677182	57677183	0	False	NA
chr19_57960559_57960560	chr19	57960559	57960560	0	False	NA
chr19_58149937_58149938	chr19	58149937	58149938	6	False	NA
chr19_58211983_58211984	chr19	58211983	58211984	0	False	NA
chr19_58267338_58267339	chr19	58267338	58267339	0	False	NA
chr19_58349390_58349391	chr19	58349390	58349391	36	False	NA
chr19_58476659_58476660	chr19	58476659	58476660	0	False	NA
chr19_58499801_58499802	chr19	58499801	58499802	7	False	NA
chr2_232670_232671	chr2	232670	232671	117	True	39
chr2_281390_281391	chr2	281390	281391	0	False	NA
chr2_281396_281397	chr2	281396	281397	0	False	NA
chr2_1245803_1245804	chr2	1245803	1245804	0	False	NA
chr2_1315114_1315115	chr2	1315114	1315115	0	False	NA
chr2_1413722_1413723	chr2	1413722	1413723	0	False	NA
chr2_1434858_1434859	chr2	1434858	1434859	0	False	NA
chr2_1661986_1661987	chr2	1661986	1661987	0	False	NA
chr2_1908483_1908484	chr2	1908483	1908484	0	False	NA
chr2_3557311_3557312	chr2	3557311	3557312	0	False	NA
chr2_3639477_3639478	chr2	3639477	3639478	5	False	NA
chr2_3677594_3677595	chr2	3677594	3677595	0	False	NA
chr2_3679247_3679248	chr2	3679247	3679248	0	False	NA
chr2_3681988_3681989	chr2	3681988	3681989	0	False	NA
chr2_3769156_3769157	chr2	3769156	3769157	0	False	NA
chr2_6862360_6862361	chr2	6862360	6862361	0	False	NA
chr2_6887822_6887823	chr2	6887822	6887823	0	False	NA
chr2_7014627_7014628	chr2	7014627	7014628	26	False	NA
chr2_8795001_8795002	chr2	8795001	8795002	7	False	NA
chr2_8803890_8803891	chr2	8803890	8803891	0	False	NA
chr2_9332432_9332433	chr2	9332432	9332433	0	False	NA
chr2_9392393_9392394	chr2	9392393	9392394	5	False	NA
chr2_9407957_9407958	chr2	9407957	9407958	5	False	NA
chr2_9448084_9448085	chr2	9448084	9448085	23	False	NA
chr2_9457635_9457636	chr2	9457635	9457636	0	False	NA
chr2_9469244_9469245	chr2	9469244	9469245	23	False	NA
chr2_9586140_9586141	chr2	9586140	9586141	152	True	39
chr2_9588109_9588110	chr2	9588109	9588110	324	True	39
chr2_9589523_9589524	chr2	9589523	9589524	50	True	39
chr2_9916129_9916130	chr2	9916129	9916130	51	True	39
chr2_9952294_9952295	chr2	9952294	9952295	94	True	39
chr2_9993830_9993831	chr2	9993830	9993831	48	True	39
chr2_9997296_9997297	chr2	9997296	9997297	5	False	NA
chr2_10065468_10065469	chr2	10065468	10065469	0	False	NA
chr2_10604177_10604178	chr2	10604177	10604178	5	False	NA
chr2_10681602_10681603	chr2	10681602	10681603	5	False	NA
chr2_10683583_10683584	chr2	10683583	10683584	0	False	NA
chr2_10771361_10771362	chr2	10771361	10771362	0	False	NA
chr2_11162329_11162330	chr2	11162329	11162330	0	False	NA
chr2_11198120_11198121	chr2	11198120	11198121	197	True	39
chr2_11212492_11212493	chr2	11212492	11212493	48	True	39
chr2_11230780_11230781	chr2	11230780	11230781	35	False	NA
chr2_11449236_11449237	chr2	11449236	11449237	98	True	39
chr2_11560932_11560933	chr2	11560932	11560933	443	True	39
chr2_11565388_11565389	chr2	11565388	11565389	147	True	39
chr2_11578897_11578898	chr2	11578897	11578898	272	True	39
chr2_11601302_11601303	chr2	11601302	11601303	47	True	39
chr2_11613874_11613875	chr2	11613874	11613875	16	False	NA
chr2_11635472_11635473	chr2	11635472	11635473	673	True	39
chr2_11783608_11783609	chr2	11783608	11783609	11	False	NA
chr2_11784499_11784500	chr2	11784499	11784500	110	True	39
chr2_11788958_11788959	chr2	11788958	11788959	13	False	NA
chr2_15186968_15186969	chr2	15186968	15186969	70	True	39
chr2_15330379_15330380	chr2	15330379	15330380	17	False	NA
chr2_15399689_15399690	chr2	15399689	15399690	10	False	NA
chr2_15466370_15466371	chr2	15466370	15466371	81	True	39
chr2_16563765_16563766	chr2	16563765	16563766	0	False	NA
chr2_17695962_17695963	chr2	17695962	17695963	11	False	NA
chr2_17701688_17701689	chr2	17701688	17701689	10	False	NA
chr2_17702616_17702617	chr2	17702616	17702617	8	False	NA
chr2_17710522_17710523	chr2	17710522	17710523	25	False	NA
chr2_17719627_17719628	chr2	17719627	17719628	16	False	NA
chr2_17731405_17731406	chr2	17731405	17731406	131	True	39
chr2_17733992_17733993	chr2	17733992	17733993	0	False	NA
chr2_17739248_17739249	chr2	17739248	17739249	5	False	NA
chr2_17744185_17744186	chr2	17744185	17744186	46	True	39
chr2_17760414_17760415	chr2	17760414	17760415	0	False	NA
chr2_17763957_17763958	chr2	17763957	17763958	15	False	NA
chr2_17774556_17774557	chr2	17774556	17774557	191	True	39
chr2_18578758_18578759	chr2	18578758	18578759	0	False	NA
chr2_19941611_19941612	chr2	19941611	19941612	22	False	NA
chr2_19952637_19952638	chr2	19952637	19952638	187	True	39
chr2_19952659_19952660	chr2	19952659	19952660	186	True	39
chr2_19961765_19961766	chr2	19961765	19961766	10	False	NA
chr2_19977924_19977925	chr2	19977924	19977925	33	False	NA
chr2_19979717_19979718	chr2	19979717	19979718	11	False	NA
chr2_19988814_19988815	chr2	19988814	19988815	83	True	39
chr2_19993299_19993300	chr2	19993299	19993300	183	True	39
chr2_19994213_19994214	chr2	19994213	19994214	309	True	39
chr2_20040121_20040122	chr2	20040121	20040122	0	False	NA
chr2_20253678_20253679	chr2	20253678	20253679	28	False	NA
chr2_20285213_20285214	chr2	20285213	20285214	102	True	39
chr2_21023121_21023122	chr2	21023121	21023122	9153	True	21
chr2_21032907_21032908	chr2	21032907	21032908	964	True	39
chr2_21033518_21033519	chr2	21033518	21033519	29158	True	2
chr2_21038111_21038112	chr2	21038111	21038112	21643	True	2
chr2_21043805_21043806	chr2	21043805	21043806	35288	True	4
chr2_23815315_23815316	chr2	23815315	23815316	52	True	39
chr2_23884951_23884952	chr2	23884951	23884952	115	True	39
chr2_24012025_24012026	chr2	24012025	24012026	193	True	39
chr2_24069310_24069311	chr2	24069310	24069311	8	False	NA
chr2_24077807_24077808	chr2	24077807	24077808	31	False	NA
chr2_24088679_24088680	chr2	24088679	24088680	5	False	NA
chr2_24093893_24093894	chr2	24093893	24093894	0	False	NA
chr2_24144570_24144571	chr2	24144570	24144571	0	False	NA
chr2_24204745_24204746	chr2	24204745	24204746	12	False	NA
chr2_24247491_24247492	chr2	24247491	24247492	0	False	NA
chr2_24250414_24250415	chr2	24250414	24250415	5	False	NA
chr2_24273890_24273891	chr2	24273890	24273891	5	False	NA
chr2_24281952_24281953	chr2	24281952	24281953	10	False	NA
chr2_24294903_24294904	chr2	24294903	24294904	0	False	NA
chr2_24302980_24302981	chr2	24302980	24302981	0	False	NA
chr2_24306496_24306497	chr2	24306496	24306497	0	False	NA
chr2_24314680_24314681	chr2	24314680	24314681	0	False	NA
chr2_24660113_24660114	chr2	24660113	24660114	20	False	NA
chr2_24698918_24698919	chr2	24698918	24698919	5	False	NA
chr2_24728815_24728816	chr2	24728815	24728816	0	False	NA
chr2_24794177_24794178	chr2	24794177	24794178	95	True	39
chr2_25133354_25133355	chr2	25133354	25133355	0	False	NA
chr2_25236737_25236738	chr2	25236737	25236738	21	False	NA
chr2_26192036_26192037	chr2	26192036	26192037	15	False	NA
chr2_26197913_26197914	chr2	26197913	26197914	12	False	NA
chr2_26203712_26203713	chr2	26203712	26203713	0	False	NA
chr2_26211803_26211804	chr2	26211803	26211804	77	True	39
chr2_26213642_26213643	chr2	26213642	26213643	0	False	NA
chr2_26237936_26237937	chr2	26237936	26237937	0	False	NA
chr2_26277753_26277754	chr2	26277753	26277754	0	False	NA
chr2_26289425_26289426	chr2	26289425	26289426	55	True	39
chr2_26374888_26374889	chr2	26374888	26374889	32	False	NA
chr2_26384575_26384576	chr2	26384575	26384576	79	True	39
chr2_26385698_26385699	chr2	26385698	26385699	91	True	39
chr2_26417275_26417276	chr2	26417275	26417276	0	False	NA
chr2_26431364_26431365	chr2	26431364	26431365	0	False	NA
chr2_26444569_26444570	chr2	26444569	26444570	0	False	NA
chr2_26929046_26929047	chr2	26929046	26929047	0	False	NA
chr2_26943706_26943707	chr2	26943706	26943707	0	False	NA
chr2_27038376_27038377	chr2	27038376	27038377	589	True	39
chr2_27085064_27085065	chr2	27085064	27085065	22	False	NA
chr2_27202136_27202137	chr2	27202136	27202137	978	True	39
chr2_27202162_27202163	chr2	27202162	27202163	388	True	39
chr2_27205526_27205527	chr2	27205526	27205527	477	True	39
chr2_27212619_27212620	chr2	27212619	27212620	616	True	39
chr2_27229546_27229547	chr2	27229546	27229547	146	True	39
chr2_27232275_27232276	chr2	27232275	27232276	1859	True	39
chr2_27232281_27232282	chr2	27232281	27232282	1850	True	39
chr2_27235186_27235187	chr2	27235186	27235187	591	True	39
chr2_27241476_27241477	chr2	27241476	27241477	333	True	39
chr2_27277734_27277735	chr2	27277734	27277735	0	False	NA
chr2_27279183_27279184	chr2	27279183	27279184	0	False	NA
chr2_27280085_27280086	chr2	27280085	27280086	0	False	NA
chr2_27437175_27437176	chr2	27437175	27437176	935	True	39
chr2_27507860_27507861	chr2	27507860	27507861	138	True	39
chr2_27667199_27667200	chr2	27667199	27667200	258	True	39
chr2_27675308_27675309	chr2	27675308	27675309	17	False	NA
chr2_27675325_27675326	chr2	27675325	27675326	17	False	NA
chr2_27847675_27847676	chr2	27847675	27847676	0	False	NA
chr2_28410224_28410225	chr2	28410224	28410225	67	True	39
chr2_28517516_28517517	chr2	28517516	28517517	0	False	NA
chr2_28530265_28530266	chr2	28530265	28530266	0	False	NA
chr2_28545200_28545201	chr2	28545200	28545201	0	False	NA
chr2_28578733_28578734	chr2	28578733	28578734	0	False	NA
chr2_28601763_28601764	chr2	28601763	28601764	0	False	NA
chr2_28603110_28603111	chr2	28603110	28603111	0	False	NA
chr2_28614692_28614693	chr2	28614692	28614693	0	False	NA
chr2_28787620_28787621	chr2	28787620	28787621	103	True	39
chr2_28796937_28796938	chr2	28796937	28796938	278	True	39
chr2_28864068_28864069	chr2	28864068	28864069	31	False	NA
chr2_28866594_28866595	chr2	28866594	28866595	112	True	39
chr2_28925496_28925497	chr2	28925496	28925497	258	True	39
chr2_28928951_28928952	chr2	28928951	28928952	98	True	39
chr2_28937651_28937652	chr2	28937651	28937652	489	True	39
chr2_28942207_28942208	chr2	28942207	28942208	483	True	39
chr2_29139163_29139164	chr2	29139163	29139164	0	False	NA
chr2_29164553_29164554	chr2	29164553	29164554	0	False	NA
chr2_29226758_29226759	chr2	29226758	29226759	0	False	NA
chr2_30753879_30753880	chr2	30753879	30753880	0	False	NA
chr2_30944964_30944965	chr2	30944964	30944965	0	False	NA
chr2_30965315_30965316	chr2	30965315	30965316	0	False	NA
chr2_31189721_31189722	chr2	31189721	31189722	0	False	NA
chr2_31197085_31197086	chr2	31197085	31197086	0	False	NA
chr2_31202547_31202548	chr2	31202547	31202548	0	False	NA
chr2_31340215_31340216	chr2	31340215	31340216	0	False	NA
chr2_31365286_31365287	chr2	31365286	31365287	0	False	NA
chr2_31367408_31367409	chr2	31367408	31367409	0	False	NA
chr2_31383152_31383153	chr2	31383152	31383153	0	False	NA
chr2_31386029_31386030	chr2	31386029	31386030	0	False	NA
chr2_31413030_31413031	chr2	31413030	31413031	0	False	NA
chr2_31528375_31528376	chr2	31528375	31528376	0	False	NA
chr2_31529457_31529458	chr2	31529457	31529458	0	False	NA
chr2_31886787_31886788	chr2	31886787	31886788	126	True	39
chr2_32145829_32145830	chr2	32145829	32145830	5	False	NA
chr2_32151219_32151220	chr2	32151219	32151220	0	False	NA
chr2_32193861_32193862	chr2	32193861	32193862	223	True	39
chr2_32197071_32197072	chr2	32197071	32197072	81	True	39
chr2_32204088_32204089	chr2	32204088	32204089	236	True	39
chr2_32205902_32205903	chr2	32205902	32205903	11	False	NA
chr2_32238594_32238595	chr2	32238594	32238595	0	False	NA
chr2_32249053_32249054	chr2	32249053	32249054	0	False	NA
chr2_32439506_32439507	chr2	32439506	32439507	2545	True	39
chr2_32453686_32453687	chr2	32453686	32453687	549	True	39
chr2_32464165_32464166	chr2	32464165	32464166	22	False	NA
chr2_32502636_32502637	chr2	32502636	32502637	18	False	NA
chr2_32521811_32521812	chr2	32521811	32521812	436	True	39
chr2_32530853_32530854	chr2	32530853	32530854	25	False	NA
chr2_32531189_32531190	chr2	32531189	32531190	32	False	NA
chr2_32812838_32812839	chr2	32812838	32812839	12	False	NA
chr2_32820414_32820415	chr2	32820414	32820415	0	False	NA
chr2_33245494_33245495	chr2	33245494	33245495	7	False	NA
chr2_33258690_33258691	chr2	33258690	33258691	0	False	NA
chr2_33520551_33520552	chr2	33520551	33520552	0	False	NA
chr2_33548445_33548446	chr2	33548445	33548446	0	False	NA
chr2_33558610_33558611	chr2	33558610	33558611	5	False	NA
chr2_36379474_36379475	chr2	36379474	36379475	252	True	39
chr2_36499209_36499210	chr2	36499209	36499210	290	True	39
chr2_36917206_36917207	chr2	36917206	36917207	15	False	NA
chr2_37001371_37001372	chr2	37001371	37001372	0	False	NA
chr2_37017166_37017167	chr2	37017166	37017167	0	False	NA
chr2_37018463_37018464	chr2	37018463	37018464	0	False	NA
chr2_37023748_37023749	chr2	37023748	37023749	39	False	NA
chr2_37033558_37033559	chr2	37033558	37033559	0	False	NA
chr2_37067508_37067509	chr2	37067508	37067509	0	False	NA
chr2_37078091_37078092	chr2	37078091	37078092	36	False	NA
chr2_37085055_37085056	chr2	37085055	37085056	0	False	NA
chr2_37094424_37094425	chr2	37094424	37094425	40	True	C0
chr2_37107605_37107606	chr2	37107605	37107606	320	True	39
chr2_37108983_37108984	chr2	37108983	37108984	0	False	NA
chr2_37147540_37147541	chr2	37147540	37147541	0	False	NA
chr2_37208639_37208640	chr2	37208639	37208640	114	True	39
chr2_37221613_37221614	chr2	37221613	37221614	24	False	NA
chr2_37223002_37223003	chr2	37223002	37223003	170	True	39
chr2_37236838_37236839	chr2	37236838	37236839	0	False	NA
chr2_37244566_37244567	chr2	37244566	37244567	163	True	39
chr2_37283726_37283727	chr2	37283726	37283727	7	False	NA
chr2_37349760_37349761	chr2	37349760	37349761	0	False	NA
chr2_37371781_37371782	chr2	37371781	37371782	0	False	NA
chr2_37993589_37993590	chr2	37993589	37993590	0	False	NA
chr2_38570572_38570573	chr2	38570572	38570573	291	True	39
chr2_38576129_38576130	chr2	38576129	38576130	32	False	NA
chr2_38729852_38729853	chr2	38729852	38729853	42	True	39
chr2_38855836_38855837	chr2	38855836	38855837	39	False	NA
chr2_38991315_38991316	chr2	38991315	38991316	105	True	39
chr2_39002642_39002643	chr2	39002642	39002643	5	False	NA
chr2_39016764_39016765	chr2	39016764	39016765	73	True	39
chr2_39055915_39055916	chr2	39055915	39055916	64	True	39
chr2_39189346_39189347	chr2	39189346	39189347	0	False	NA
chr2_39209938_39209939	chr2	39209938	39209939	7	False	NA
chr2_39253136_39253137	chr2	39253136	39253137	60	True	39
chr2_39260010_39260011	chr2	39260010	39260011	82	True	39
chr2_39278969_39278970	chr2	39278969	39278970	0	False	NA
chr2_39298703_39298704	chr2	39298703	39298704	85	True	39
chr2_39302238_39302239	chr2	39302238	39302239	78	True	39
chr2_39340436_39340437	chr2	39340436	39340437	61	True	39
chr2_42295044_42295045	chr2	42295044	42295045	1443	True	39
chr2_42643478_42643479	chr2	42643478	42643479	0	False	NA
chr2_42656690_42656691	chr2	42656690	42656691	0	False	NA
chr2_42658228_42658229	chr2	42658228	42658229	0	False	NA
chr2_43231825_43231826	chr2	43231825	43231826	0	False	NA
chr2_43555523_43555524	chr2	43555523	43555524	0	False	NA
chr2_43561111_43561112	chr2	43561111	43561112	73	True	39
chr2_43584429_43584430	chr2	43584429	43584430	24	False	NA
chr2_43695633_43695634	chr2	43695633	43695634	0	False	NA
chr2_43803767_43803768	chr2	43803767	43803768	0	False	NA
chr2_43824707_43824708	chr2	43824707	43824708	212	True	39
chr2_43839959_43839960	chr2	43839959	43839960	0	False	NA
chr2_43939792_43939793	chr2	43939792	43939793	175	True	39
chr2_43946428_43946429	chr2	43946428	43946429	47	True	39
chr2_43950770_43950771	chr2	43950770	43950771	272	True	39
chr2_44217436_44217437	chr2	44217436	44217437	52	True	39
chr2_44217683_44217684	chr2	44217683	44217684	53	True	39
chr2_44302188_44302189	chr2	44302188	44302189	0	False	NA
chr2_44302636_44302637	chr2	44302636	44302637	0	False	NA
chr2_44327313_44327314	chr2	44327313	44327314	20	False	NA
chr2_44770665_44770666	chr2	44770665	44770666	0	False	NA
chr2_45419196_45419197	chr2	45419196	45419197	0	False	NA
chr2_45547306_45547307	chr2	45547306	45547307	0	False	NA
chr2_45550429_45550430	chr2	45550429	45550430	8	False	NA
chr2_45553335_45553336	chr2	45553335	45553336	0	False	NA
chr2_45581048_45581049	chr2	45581048	45581049	0	False	NA
chr2_45609594_45609595	chr2	45609594	45609595	0	False	NA
chr2_46006469_46006470	chr2	46006469	46006470	0	False	NA
chr2_46617777_46617778	chr2	46617777	46617778	5	False	NA
chr2_46623693_46623694	chr2	46623693	46623694	156	True	39
chr2_47121757_47121758	chr2	47121757	47121758	0	False	NA
chr2_47384685_47384686	chr2	47384685	47384686	17	False	NA
chr2_47411726_47411727	chr2	47411726	47411727	0	False	NA
chr2_47835168_47835169	chr2	47835168	47835169	45	True	39
chr2_47835500_47835501	chr2	47835500	47835501	17	False	NA
chr2_48374346_48374347	chr2	48374346	48374347	0	False	NA
chr2_48457881_48457882	chr2	48457881	48457882	11	False	NA
chr2_48462271_48462272	chr2	48462271	48462272	53	True	39
chr2_48468188_48468189	chr2	48468188	48468189	0	False	NA
chr2_48484203_48484204	chr2	48484203	48484204	10	False	NA
chr2_48497436_48497437	chr2	48497436	48497437	17	False	NA
chr2_48512980_48512981	chr2	48512980	48512981	0	False	NA
chr2_48643015_48643016	chr2	48643015	48643016	0	False	NA
chr2_48726144_48726145	chr2	48726144	48726145	0	False	NA
chr2_48967984_48967985	chr2	48967984	48967985	0	False	NA
chr2_48985190_48985191	chr2	48985190	48985191	0	False	NA
chr2_49018536_49018537	chr2	49018536	49018537	0	False	NA
chr2_53772638_53772639	chr2	53772638	53772639	18	False	NA
chr2_53890377_53890378	chr2	53890377	53890378	100	True	39
chr2_53906941_53906942	chr2	53906941	53906942	464	True	39
chr2_53913870_53913871	chr2	53913870	53913871	767	True	39
chr2_53925036_53925037	chr2	53925036	53925037	41	True	39
chr2_53933548_53933549	chr2	53933548	53933549	53	True	39
chr2_53934303_53934304	chr2	53934303	53934304	115	True	39
chr2_54331745_54331746	chr2	54331745	54331746	0	False	NA
chr2_54648083_54648084	chr2	54648083	54648084	127	True	39
chr2_54654686_54654687	chr2	54654686	54654687	38	False	NA
chr2_54657783_54657784	chr2	54657783	54657784	4944	True	20
chr2_54667983_54667984	chr2	54667983	54667984	24	False	NA
chr2_54815441_54815442	chr2	54815441	54815442	0	False	NA
chr2_54820172_54820173	chr2	54820172	54820173	0	False	NA
chr2_54848125_54848126	chr2	54848125	54848126	0	False	NA
chr2_54860088_54860089	chr2	54860088	54860089	0	False	NA
chr2_54860092_54860093	chr2	54860092	54860093	0	False	NA
chr2_54864643_54864644	chr2	54864643	54864644	0	False	NA
chr2_54963656_54963657	chr2	54963656	54963657	0	False	NA
chr2_54966672_54966673	chr2	54966672	54966673	27	False	NA
chr2_55176236_55176237	chr2	55176236	55176237	18	False	NA
chr2_55221662_55221663	chr2	55221662	55221663	42	True	39
chr2_55252260_55252261	chr2	55252260	55252261	55	True	39
chr2_55254381_55254382	chr2	55254381	55254382	46	True	39
chr2_55257355_55257356	chr2	55257355	55257356	5	False	NA
chr2_55311804_55311805	chr2	55311804	55311805	17	False	NA
chr2_55325407_55325408	chr2	55325407	55325408	15	False	NA
chr2_55333332_55333333	chr2	55333332	55333333	5	False	NA
chr2_55564769_55564770	chr2	55564769	55564770	11	False	NA
chr2_55569655_55569656	chr2	55569655	55569656	69	True	39
chr2_55579855_55579856	chr2	55579855	55579856	605	True	39
chr2_55672653_55672654	chr2	55672653	55672654	213	True	39
chr2_55678516_55678517	chr2	55678516	55678517	178	True	39
chr2_56372755_56372756	chr2	56372755	56372756	0	False	NA
chr2_58084569_58084570	chr2	58084569	58084570	45	True	39
chr2_58129764_58129765	chr2	58129764	58129765	0	False	NA
chr2_60760441_60760442	chr2	60760441	60760442	0	False	NA
chr2_60779175_60779176	chr2	60779175	60779176	6	False	NA
chr2_60781883_60781884	chr2	60781883	60781884	172	True	39
chr2_60945327_60945328	chr2	60945327	60945328	6	False	NA
chr2_60947965_60947966	chr2	60947965	60947966	71	True	39
chr2_60964709_60964710	chr2	60964709	60964710	28	False	NA
chr2_61068610_61068611	chr2	61068610	61068611	6	False	NA
chr2_61073630_61073631	chr2	61073630	61073631	70	True	39
chr2_61108275_61108276	chr2	61108275	61108276	39	False	NA
chr2_61113848_61113849	chr2	61113848	61113849	14	False	NA
chr2_61226268_61226269	chr2	61226268	61226269	171	True	39
chr2_61234392_61234393	chr2	61234392	61234393	36	False	NA
chr2_61287550_61287551	chr2	61287550	61287551	165	True	39
chr2_61293013_61293014	chr2	61293013	61293014	205	True	39
chr2_61314000_61314001	chr2	61314000	61314001	155	True	39
chr2_61316324_61316325	chr2	61316324	61316325	42	True	39
chr2_61334367_61334368	chr2	61334367	61334368	77	True	39
chr2_61372601_61372602	chr2	61372601	61372602	97	True	39
chr2_61496244_61496245	chr2	61496244	61496245	81	True	39
chr2_61833621_61833622	chr2	61833621	61833622	11	False	NA
chr2_62947329_62947330	chr2	62947329	62947330	421	True	39
chr2_62982859_62982860	chr2	62982859	62982860	128	True	39
chr2_62990461_62990462	chr2	62990461	62990462	374	True	39
chr2_63436881_63436882	chr2	63436881	63436882	0	False	NA
chr2_63598769_63598770	chr2	63598769	63598770	48	True	39
chr2_63884378_63884379	chr2	63884378	63884379	11	False	NA
chr2_63919617_63919618	chr2	63919617	63919618	666	True	39
chr2_64097061_64097062	chr2	64097061	64097062	0	False	NA
chr2_64103472_64103473	chr2	64103472	64103473	17	False	NA
chr2_65005529_65005530	chr2	65005529	65005530	5	False	NA
chr2_68140072_68140073	chr2	68140072	68140073	13	False	NA
chr2_68388818_68388819	chr2	68388818	68388819	0	False	NA
chr2_68393697_68393698	chr2	68393697	68393698	0	False	NA
chr2_68800266_68800267	chr2	68800266	68800267	0	False	NA
chr2_68975156_68975157	chr2	68975156	68975157	0	False	NA
chr2_69044058_69044059	chr2	69044058	69044059	0	False	NA
chr2_69355747_69355748	chr2	69355747	69355748	65	True	39
chr2_69367249_69367250	chr2	69367249	69367250	114	True	39
chr2_69370792_69370793	chr2	69370792	69370793	177	True	39
chr2_69372568_69372569	chr2	69372568	69372569	45	True	39
chr2_69421404_69421405	chr2	69421404	69421405	0	False	NA
chr2_69510960_69510961	chr2	69510960	69510961	9	False	NA
chr2_69522332_69522333	chr2	69522332	69522333	0	False	NA
chr2_69531600_69531601	chr2	69531600	69531601	24	False	NA
chr2_69744179_69744180	chr2	69744179	69744180	85	True	39
chr2_69806710_69806711	chr2	69806710	69806711	13	False	NA
chr2_69842269_69842270	chr2	69842269	69842270	251	True	39
chr2_69851003_69851004	chr2	69851003	69851004	167	True	39
chr2_69867796_69867797	chr2	69867796	69867797	0	False	NA
chr2_69867800_69867801	chr2	69867800	69867801	0	False	NA
chr2_69895053_69895054	chr2	69895053	69895054	195	True	39
chr2_69917337_69917338	chr2	69917337	69917338	47	True	39
chr2_70161170_70161171	chr2	70161170	70161171	6	False	NA
chr2_70165443_70165444	chr2	70165443	70165444	41	True	39
chr2_70177716_70177717	chr2	70177716	70177717	81	True	39
chr2_70186213_70186214	chr2	70186213	70186214	0	False	NA
chr2_70225464_70225465	chr2	70225464	70225465	5065	True	10
chr2_70234030_70234031	chr2	70234030	70234031	223	True	39
chr2_70455774_70455775	chr2	70455774	70455775	0	False	NA
chr2_70688560_70688561	chr2	70688560	70688561	0	False	NA
chr2_70692143_70692144	chr2	70692143	70692144	6	False	NA
chr2_70832133_70832134	chr2	70832133	70832134	0	False	NA
chr2_70982280_70982281	chr2	70982280	70982281	0	False	NA
chr2_71138386_71138387	chr2	71138386	71138387	66	True	39
chr2_71140089_71140090	chr2	71140089	71140090	74	True	39
chr2_71142865_71142866	chr2	71142865	71142866	22	False	NA
chr2_71401262_71401263	chr2	71401262	71401263	87	True	39
chr2_71432089_71432090	chr2	71432089	71432090	72	True	39
chr2_71481191_71481192	chr2	71481191	71481192	0	False	NA
chr2_71599679_71599680	chr2	71599679	71599680	27	False	NA
chr2_71657284_71657285	chr2	71657284	71657285	0	False	NA
chr2_71664635_71664636	chr2	71664635	71664636	0	False	NA
chr2_72890175_72890176	chr2	72890175	72890176	5	False	NA
chr2_73022827_73022828	chr2	73022827	73022828	23	False	NA
chr2_73457377_73457378	chr2	73457377	73457378	0	False	NA
chr2_73557502_73557503	chr2	73557502	73557503	0	False	NA
chr2_73859955_73859956	chr2	73859955	73859956	15	False	NA
chr2_73859957_73859958	chr2	73859957	73859958	15	False	NA
chr2_73859961_73859962	chr2	73859961	73859962	48	True	39
chr2_73859963_73859964	chr2	73859963	73859964	55	True	39
chr2_73909457_73909458	chr2	73909457	73909458	0	False	NA
chr2_73941189_73941190	chr2	73941189	73941190	62	True	39
chr2_74137685_74137686	chr2	74137685	74137686	0	False	NA
chr2_74212544_74212545	chr2	74212544	74212545	94	True	39
chr2_74240255_74240256	chr2	74240255	74240256	0	False	NA
chr2_74246608_74246609	chr2	74246608	74246609	0	False	NA
chr2_74499865_74499866	chr2	74499865	74499866	109	True	39
chr2_74522195_74522196	chr2	74522195	74522196	87	True	39
chr2_74647274_74647275	chr2	74647274	74647275	0	False	NA
chr2_74875977_74875978	chr2	74875977	74875978	35	False	NA
chr2_74883089_74883090	chr2	74883089	74883090	94	True	39
chr2_74887093_74887094	chr2	74887093	74887094	10	False	NA
chr2_74888637_74888638	chr2	74888637	74888638	12	False	NA
chr2_75651954_75651955	chr2	75651954	75651955	5	False	NA
chr2_75701062_75701063	chr2	75701062	75701063	70	True	39
chr2_77520282_77520283	chr2	77520282	77520283	37	False	NA
chr2_77520830_77520831	chr2	77520830	77520831	0	False	NA
chr2_80580234_80580235	chr2	80580234	80580235	0	False	NA
chr2_84442901_84442902	chr2	84442901	84442902	0	False	NA
chr2_84443923_84443924	chr2	84443923	84443924	6	False	NA
chr2_84526434_84526435	chr2	84526434	84526435	0	False	NA
chr2_84546951_84546952	chr2	84546951	84546952	0	False	NA
chr2_84577807_84577808	chr2	84577807	84577808	0	False	NA
chr2_84579803_84579804	chr2	84579803	84579804	0	False	NA
chr2_84583046_84583047	chr2	84583046	84583047	0	False	NA
chr2_84671024_84671025	chr2	84671024	84671025	0	False	NA
chr2_84673295_84673296	chr2	84673295	84673296	0	False	NA
chr2_84687373_84687374	chr2	84687373	84687374	0	False	NA
chr2_84687812_84687813	chr2	84687812	84687813	0	False	NA
chr2_84720633_84720634	chr2	84720633	84720634	0	False	NA
chr2_84782624_84782625	chr2	84782624	84782625	0	False	NA
chr2_85037848_85037849	chr2	85037848	85037849	48	True	39
chr2_85046870_85046871	chr2	85046870	85046871	24	False	NA
chr2_85362611_85362612	chr2	85362611	85362612	14	False	NA
chr2_85369611_85369612	chr2	85369611	85369612	0	False	NA
chr2_85539430_85539431	chr2	85539430	85539431	6592	True	30
chr2_85551195_85551196	chr2	85551195	85551196	12	False	NA
chr2_85599394_85599395	chr2	85599394	85599395	431	True	39
chr2_85609319_85609320	chr2	85609319	85609320	38	False	NA
chr2_85841702_85841703	chr2	85841702	85841703	0	False	NA
chr2_85863160_85863161	chr2	85863160	85863161	0	False	NA
chr2_86043750_86043751	chr2	86043750	86043751	22	False	NA
chr2_86051797_86051798	chr2	86051797	86051798	5	False	NA
chr2_86118829_86118830	chr2	86118829	86118830	130	True	39
chr2_86124667_86124668	chr2	86124667	86124668	257	True	39
chr2_86173042_86173043	chr2	86173042	86173043	96	True	39
chr2_86174724_86174725	chr2	86174724	86174725	10	False	NA
chr2_86456204_86456205	chr2	86456204	86456205	205	True	39
chr2_86456208_86456209	chr2	86456208	86456209	205	True	39
chr2_86481710_86481711	chr2	86481710	86481711	47	True	39
chr2_86767973_86767974	chr2	86767973	86767974	54	True	39
chr2_88095868_88095869	chr2	88095868	88095869	0	False	NA
chr2_88095873_88095874	chr2	88095873	88095874	0	False	NA
chr2_88127539_88127540	chr2	88127539	88127540	1025	True	39
chr2_88575900_88575901	chr2	88575900	88575901	0	False	NA
chr2_94876033_94876034	chr2	94876033	94876034	0	False	NA
chr2_95108605_95108606	chr2	95108605	95108606	0	False	NA
chr2_95109049_95109050	chr2	95109049	95109050	5	False	NA
chr2_95110325_95110326	chr2	95110325	95110326	24	False	NA
chr2_95152250_95152251	chr2	95152250	95152251	0	False	NA
chr2_95280379_95280380	chr2	95280379	95280380	0	False	NA
chr2_95287394_95287395	chr2	95287394	95287395	0	False	NA
chr2_95288756_95288757	chr2	95288756	95288757	0	False	NA
chr2_95404080_95404081	chr2	95404080	95404081	41	True	39
chr2_95980459_95980460	chr2	95980459	95980460	0	False	NA
chr2_95983033_95983034	chr2	95983033	95983034	0	False	NA
chr2_96126085_96126086	chr2	96126085	96126086	0	False	NA
chr2_96189993_96189994	chr2	96189993	96189994	115	True	39
chr2_96285837_96285838	chr2	96285837	96285838	47	True	39
chr2_96353196_96353197	chr2	96353196	96353197	145	True	39
chr2_96354985_96354986	chr2	96354985	96354986	93	True	39
chr2_96611238_96611239	chr2	96611238	96611239	50	True	39
chr2_96697235_96697236	chr2	96697235	96697236	0	False	NA
chr2_96697239_96697240	chr2	96697239	96697240	0	False	NA
chr2_96734115_96734116	chr2	96734115	96734116	28	False	NA
chr2_97688722_97688723	chr2	97688722	97688723	0	False	NA
chr2_97700220_97700221	chr2	97700220	97700221	6	False	NA
chr2_97701877_97701878	chr2	97701877	97701878	0	False	NA
chr2_97770933_97770934	chr2	97770933	97770934	0	False	NA
chr2_97771956_97771957	chr2	97771956	97771957	0	False	NA
chr2_97793203_97793204	chr2	97793203	97793204	148	True	39
chr2_97811562_97811563	chr2	97811562	97811563	0	False	NA
chr2_97815606_97815607	chr2	97815606	97815607	7	False	NA
chr2_97835519_97835520	chr2	97835519	97835520	51	True	39
chr2_97841012_97841013	chr2	97841012	97841013	10	False	NA
chr2_98089758_98089759	chr2	98089758	98089759	0	False	NA
chr2_98376349_98376350	chr2	98376349	98376350	0	False	NA
chr2_98550518_98550519	chr2	98550518	98550519	0	False	NA
chr2_98559052_98559053	chr2	98559052	98559053	65	True	39
chr2_98614785_98614786	chr2	98614785	98614786	626	True	39
chr2_98643402_98643403	chr2	98643402	98643403	49	True	39
chr2_98656879_98656880	chr2	98656879	98656880	12	False	NA
chr2_98661328_98661329	chr2	98661328	98661329	17	False	NA
chr2_98661801_98661802	chr2	98661801	98661802	6	False	NA
chr2_99019388_99019389	chr2	99019388	99019389	0	False	NA
chr2_99080540_99080541	chr2	99080540	99080541	0	False	NA
chr2_99117073_99117074	chr2	99117073	99117074	0	False	NA
chr2_99169928_99169929	chr2	99169928	99169929	14	False	NA
chr2_99381687_99381688	chr2	99381687	99381688	147	True	39
chr2_99432994_99432995	chr2	99432994	99432995	21	False	NA
chr2_99565352_99565353	chr2	99565352	99565353	0	False	NA
chr2_99568393_99568394	chr2	99568393	99568394	0	False	NA
chr2_99587618_99587619	chr2	99587618	99587619	0	False	NA
chr2_100008640_100008641	chr2	100008640	100008641	0	False	NA
chr2_100008667_100008668	chr2	100008667	100008668	0	False	NA
chr2_100295758_100295759	chr2	100295758	100295759	0	False	NA
chr2_100298450_100298451	chr2	100298450	100298451	0	False	NA
chr2_100303276_100303277	chr2	100303276	100303277	5	False	NA
chr2_100394011_100394012	chr2	100394011	100394012	0	False	NA
chr2_100409323_100409324	chr2	100409323	100409324	0	False	NA
chr2_100480851_100480852	chr2	100480851	100480852	0	False	NA
chr2_100482137_100482138	chr2	100482137	100482138	0	False	NA
chr2_100482738_100482739	chr2	100482738	100482739	0	False	NA
chr2_100918650_100918651	chr2	100918650	100918651	0	False	NA
chr2_100965879_100965880	chr2	100965879	100965880	211	True	39
chr2_100968715_100968716	chr2	100968715	100968716	47	True	39
chr2_100993345_100993346	chr2	100993345	100993346	203	True	39
chr2_101027063_101027064	chr2	101027063	101027064	139	True	39
chr2_101266238_101266239	chr2	101266238	101266239	81	True	39
chr2_101268590_101268591	chr2	101268590	101268591	0	False	NA
chr2_101355034_101355035	chr2	101355034	101355035	0	False	NA
chr2_101408737_101408738	chr2	101408737	101408738	0	False	NA
chr2_101412114_101412115	chr2	101412114	101412115	0	False	NA
chr2_101738135_101738136	chr2	101738135	101738136	240	True	39
chr2_102014482_102014483	chr2	102014482	102014483	0	False	NA
chr2_102025750_102025751	chr2	102025750	102025751	0	False	NA
chr2_102173893_102173894	chr2	102173893	102173894	11	False	NA
chr2_102215068_102215069	chr2	102215068	102215069	0	False	NA
chr2_102233289_102233290	chr2	102233289	102233290	0	False	NA
chr2_102338835_102338836	chr2	102338835	102338836	0	False	NA
chr2_102348401_102348402	chr2	102348401	102348402	0	False	NA
chr2_102349044_102349045	chr2	102349044	102349045	0	False	NA
chr2_102351410_102351411	chr2	102351410	102351411	0	False	NA
chr2_102370477_102370478	chr2	102370477	102370478	0	False	NA
chr2_102386628_102386629	chr2	102386628	102386629	0	False	NA
chr2_102422546_102422547	chr2	102422546	102422547	0	False	NA
chr2_102444091_102444092	chr2	102444091	102444092	0	False	NA
chr2_102446058_102446059	chr2	102446058	102446059	0	False	NA
chr2_102451589_102451590	chr2	102451589	102451590	0	False	NA
chr2_102504005_102504006	chr2	102504005	102504006	0	False	NA
chr2_102504739_102504740	chr2	102504739	102504740	0	False	NA
chr2_102697664_102697665	chr2	102697664	102697665	0	False	NA
chr2_102707659_102707660	chr2	102707659	102707660	0	False	NA
chr2_102722773_102722774	chr2	102722773	102722774	10	False	NA
chr2_102987908_102987909	chr2	102987908	102987909	0	False	NA
chr2_105081104_105081105	chr2	105081104	105081105	0	False	NA
chr2_105089528_105089529	chr2	105089528	105089529	168	True	39
chr2_105341700_105341701	chr2	105341700	105341701	29	False	NA
chr2_106072873_106072874	chr2	106072873	106072874	0	False	NA
chr2_106073268_106073269	chr2	106073268	106073269	0	False	NA
chr2_106073274_106073275	chr2	106073274	106073275	0	False	NA
chr2_106127656_106127657	chr2	106127656	106127657	11	False	NA
chr2_106164489_106164490	chr2	106164489	106164490	55	True	39
chr2_106823805_106823806	chr2	106823805	106823806	0	False	NA
chr2_108265135_108265136	chr2	108265135	108265136	0	False	NA
chr2_108378991_108378992	chr2	108378991	108378992	0	False	NA
chr2_108671180_108671181	chr2	108671180	108671181	0	False	NA
chr2_108779997_108779998	chr2	108779997	108779998	21	False	NA
chr2_108791428_108791429	chr2	108791428	108791429	109	True	39
chr2_108797953_108797954	chr2	108797953	108797954	72	True	39
chr2_108813472_108813473	chr2	108813472	108813473	45	True	39
chr2_108846175_108846176	chr2	108846175	108846176	0	False	NA
chr2_108901017_108901018	chr2	108901017	108901018	0	False	NA
chr2_110146932_110146933	chr2	110146932	110146933	0	False	NA
chr2_110214478_110214479	chr2	110214478	110214479	0	False	NA
chr2_110216073_110216074	chr2	110216073	110216074	0	False	NA
chr2_110218213_110218214	chr2	110218213	110218214	0	False	NA
chr2_110640704_110640705	chr2	110640704	110640705	17	False	NA
chr2_110673907_110673908	chr2	110673907	110673908	87	True	39
chr2_110677172_110677173	chr2	110677172	110677173	80	True	39
chr2_111801521_111801522	chr2	111801521	111801522	0	False	NA
chr2_111808450_111808451	chr2	111808450	111808451	9	False	NA
chr2_111825370_111825371	chr2	111825370	111825371	127	True	39
chr2_111834206_111834207	chr2	111834206	111834207	48	True	39
chr2_111845296_111845297	chr2	111845296	111845297	0	False	NA
chr2_111861461_111861462	chr2	111861461	111861462	19	False	NA
chr2_111865222_111865223	chr2	111865222	111865223	0	False	NA
chr2_112065755_112065756	chr2	112065755	112065756	5	False	NA
chr2_112078103_112078104	chr2	112078103	112078104	9	False	NA
chr2_112082876_112082877	chr2	112082876	112082877	13	False	NA
chr2_112095422_112095423	chr2	112095422	112095423	20	False	NA
chr2_112306961_112306962	chr2	112306961	112306962	0	False	NA
chr2_112328516_112328517	chr2	112328516	112328517	0	False	NA
chr2_112483072_112483073	chr2	112483072	112483073	187	True	39
chr2_112521340_112521341	chr2	112521340	112521341	302	True	39
chr2_112548939_112548940	chr2	112548939	112548940	25	False	NA
chr2_112549946_112549947	chr2	112549946	112549947	0	False	NA
chr2_112558466_112558467	chr2	112558466	112558467	5	False	NA
chr2_112572560_112572561	chr2	112572560	112572561	228	True	39
chr2_112574418_112574419	chr2	112574418	112574419	0	False	NA
chr2_112649928_112649929	chr2	112649928	112649929	431	True	39
chr2_112661892_112661893	chr2	112661892	112661893	11	False	NA
chr2_112978618_112978619	chr2	112978618	112978619	0	False	NA
chr2_113722821_113722822	chr2	113722821	113722822	377	True	39
chr2_113743023_113743024	chr2	113743023	113743024	84	True	39
chr2_113748415_113748416	chr2	113748415	113748416	33	False	NA
chr2_113941084_113941085	chr2	113941084	113941085	16	False	NA
chr2_115750192_115750193	chr2	115750192	115750193	0	False	NA
chr2_117818257_117818258	chr2	117818257	117818258	19	False	NA
chr2_117939382_117939383	chr2	117939382	117939383	123	True	39
chr2_117948669_117948670	chr2	117948669	117948670	0	False	NA
chr2_117976027_117976028	chr2	117976027	117976028	0	False	NA
chr2_117984409_117984410	chr2	117984409	117984410	184	True	39
chr2_118000258_118000259	chr2	118000258	118000259	17	False	NA
chr2_118092572_118092573	chr2	118092572	118092573	863	True	39
chr2_118993870_118993871	chr2	118993870	118993871	0	False	NA
chr2_119453132_119453133	chr2	119453132	119453133	0	False	NA
chr2_119560756_119560757	chr2	119560756	119560757	0	False	NA
chr2_119612047_119612048	chr2	119612047	119612048	0	False	NA
chr2_119956450_119956451	chr2	119956450	119956451	0	False	NA
chr2_120078189_120078190	chr2	120078189	120078190	12	False	NA
chr2_120145135_120145136	chr2	120145135	120145136	14	False	NA
chr2_120287231_120287232	chr2	120287231	120287232	5	False	NA
chr2_121346856_121346857	chr2	121346856	121346857	5	False	NA
chr2_121454400_121454401	chr2	121454400	121454401	20	False	NA
chr2_121461592_121461593	chr2	121461592	121461593	0	False	NA
chr2_121527572_121527573	chr2	121527572	121527573	73	True	39
chr2_121729554_121729555	chr2	121729554	121729555	21	False	NA
chr2_121757623_121757624	chr2	121757623	121757624	22	False	NA
chr2_127065762_127065763	chr2	127065762	127065763	0	False	NA
chr2_127200442_127200443	chr2	127200442	127200443	0	False	NA
chr2_127200630_127200631	chr2	127200630	127200631	0	False	NA
chr2_127201385_127201386	chr2	127201385	127201386	0	False	NA
chr2_127287091_127287092	chr2	127287091	127287092	270	True	39
chr2_127333838_127333839	chr2	127333838	127333839	63	True	39
chr2_127339532_127339533	chr2	127339532	127339533	5	False	NA
chr2_127494135_127494136	chr2	127494135	127494136	56	True	39
chr2_127568164_127568165	chr2	127568164	127568165	0	False	NA
chr2_127579464_127579465	chr2	127579464	127579465	0	False	NA
chr2_127607808_127607809	chr2	127607808	127607809	0	False	NA
chr2_127766607_127766608	chr2	127766607	127766608	18	False	NA
chr2_127851779_127851780	chr2	127851779	127851780	6	False	NA
chr2_127873468_127873469	chr2	127873468	127873469	73	True	39
chr2_127943693_127943694	chr2	127943693	127943694	15	False	NA
chr2_127949405_127949406	chr2	127949405	127949406	0	False	NA
chr2_127997482_127997483	chr2	127997482	127997483	16	False	NA
chr2_127997486_127997487	chr2	127997486	127997487	22	False	NA
chr2_128017991_128017992	chr2	128017991	128017992	133	True	39
chr2_128134663_128134664	chr2	128134663	128134664	0	False	NA
chr2_128135239_128135240	chr2	128135239	128135240	0	False	NA
chr2_128154221_128154222	chr2	128154221	128154222	116	True	39
chr2_128170864_128170865	chr2	128170864	128170865	277	True	39
chr2_128172459_128172460	chr2	128172459	128172460	167	True	39
chr2_128173361_128173362	chr2	128173361	128173362	207	True	39
chr2_131045105_131045106	chr2	131045105	131045106	0	False	NA
chr2_131053015_131053016	chr2	131053015	131053016	835	True	39
chr2_131130320_131130321	chr2	131130320	131130321	6	False	NA
chr2_132159324_132159325	chr2	132159324	132159325	0	False	NA
chr2_132669495_132669496	chr2	132669495	132669496	0	False	NA
chr2_132725901_132725902	chr2	132725901	132725902	0	False	NA
chr2_133565033_133565034	chr2	133565033	133565034	0	False	NA
chr2_134337950_134337951	chr2	134337950	134337951	11	False	NA
chr2_134342519_134342520	chr2	134342519	134342520	8	False	NA
chr2_134862374_134862375	chr2	134862374	134862375	0	False	NA
chr2_134867963_134867964	chr2	134867963	134867964	0	False	NA
chr2_134919136_134919137	chr2	134919136	134919137	485	True	39
chr2_134919502_134919503	chr2	134919502	134919503	260	True	39
chr2_135024120_135024121	chr2	135024120	135024121	0	False	NA
chr2_135093336_135093337	chr2	135093336	135093337	11	False	NA
chr2_135218240_135218241	chr2	135218240	135218241	0	False	NA
chr2_135226452_135226453	chr2	135226452	135226453	0	False	NA
chr2_135268714_135268715	chr2	135268714	135268715	0	False	NA
chr2_135641216_135641217	chr2	135641216	135641217	239	True	39
chr2_135643890_135643891	chr2	135643890	135643891	16	False	NA
chr2_135650401_135650402	chr2	135650401	135650402	116	True	39
chr2_135751129_135751130	chr2	135751129	135751130	92	True	39
chr2_135761318_135761319	chr2	135761318	135761319	23	False	NA
chr2_135764955_135764956	chr2	135764955	135764956	5	False	NA
chr2_135814173_135814174	chr2	135814173	135814174	0	False	NA
chr2_135831022_135831023	chr2	135831022	135831023	0	False	NA
chr2_135831354_135831355	chr2	135831354	135831355	0	False	NA
chr2_135841722_135841723	chr2	135841722	135841723	38	False	NA
chr2_135856639_135856640	chr2	135856639	135856640	218	True	39
chr2_135909190_135909191	chr2	135909190	135909191	42	True	39
chr2_135915274_135915275	chr2	135915274	135915275	43	True	39
chr2_135933280_135933281	chr2	135933280	135933281	24	False	NA
chr2_137231954_137231955	chr2	137231954	137231955	0	False	NA
chr2_137663249_137663250	chr2	137663249	137663250	0	False	NA
chr2_138560175_138560176	chr2	138560175	138560176	24	False	NA
chr2_140237650_140237651	chr2	140237650	140237651	0	False	NA
chr2_140240146_140240147	chr2	140240146	140240147	0	False	NA
chr2_140361658_140361659	chr2	140361658	140361659	0	False	NA
chr2_140369247_140369248	chr2	140369247	140369248	0	False	NA
chr2_140372136_140372137	chr2	140372136	140372137	0	False	NA
chr2_140505430_140505431	chr2	140505430	140505431	0	False	NA
chr2_140772845_140772846	chr2	140772845	140772846	0	False	NA
chr2_141252328_141252329	chr2	141252328	141252329	0	False	NA
chr2_142879424_142879425	chr2	142879424	142879425	5	False	NA
chr2_142883722_142883723	chr2	142883722	142883723	7	False	NA
chr2_142958253_142958254	chr2	142958253	142958254	0	False	NA
chr2_143603735_143603736	chr2	143603735	143603736	0	False	NA
chr2_143947237_143947238	chr2	143947237	143947238	5	False	NA
chr2_147917976_147917977	chr2	147917976	147917977	6	False	NA
chr2_147935906_147935907	chr2	147935906	147935907	260	True	39
chr2_147938920_147938921	chr2	147938920	147938921	151	True	39
chr2_147945660_147945661	chr2	147945660	147945661	5	False	NA
chr2_147950917_147950918	chr2	147950917	147950918	26	False	NA
chr2_148712683_148712684	chr2	148712683	148712684	31	False	NA
chr2_148769636_148769637	chr2	148769636	148769637	0	False	NA
chr2_148984359_148984360	chr2	148984359	148984360	0	False	NA
chr2_149577195_149577196	chr2	149577195	149577196	128	True	39
chr2_150470688_150470689	chr2	150470688	150470689	0	False	NA
chr2_151272779_151272780	chr2	151272779	151272780	52	True	39
chr2_151430930_151430931	chr2	151430930	151430931	40	True	39
chr2_151446277_151446278	chr2	151446277	151446278	65	True	39
chr2_151457484_151457485	chr2	151457484	151457485	38	False	NA
chr2_151460320_151460321	chr2	151460320	151460321	76	True	39
chr2_151470388_151470389	chr2	151470388	151470389	72	True	39
chr2_151534492_151534493	chr2	151534492	151534493	0	False	NA
chr2_151535402_151535403	chr2	151535402	151535403	0	False	NA
chr2_151538013_151538014	chr2	151538013	151538014	0	False	NA
chr2_151541257_151541258	chr2	151541257	151541258	0	False	NA
chr2_151557668_151557669	chr2	151557668	151557669	0	False	NA
chr2_151681709_151681710	chr2	151681709	151681710	0	False	NA
chr2_151688006_151688007	chr2	151688006	151688007	0	False	NA
chr2_151725124_151725125	chr2	151725124	151725125	0	False	NA
chr2_151725134_151725135	chr2	151725134	151725135	0	False	NA
chr2_151812163_151812164	chr2	151812163	151812164	94	True	39
chr2_151864156_151864157	chr2	151864156	151864157	0	False	NA
chr2_152126954_152126955	chr2	152126954	152126955	0	False	NA
chr2_152134879_152134880	chr2	152134879	152134880	0	False	NA
chr2_152580739_152580740	chr2	152580739	152580740	0	False	NA
chr2_152613224_152613225	chr2	152613224	152613225	91	True	39
chr2_152615742_152615743	chr2	152615742	152615743	170	True	39
chr2_152631948_152631949	chr2	152631948	152631949	243	True	39
chr2_152632328_152632329	chr2	152632328	152632329	72	True	39
chr2_152657066_152657067	chr2	152657066	152657067	567	True	39
chr2_152664074_152664075	chr2	152664074	152664075	1155	True	39
chr2_152673320_152673321	chr2	152673320	152673321	85	True	39
chr2_152673355_152673356	chr2	152673355	152673356	96	True	39
chr2_154244673_154244674	chr2	154244673	154244674	0	False	NA
chr2_156326515_156326516	chr2	156326515	156326516	0	False	NA
chr2_156513227_156513228	chr2	156513227	156513228	11	False	NA
chr2_156569285_156569286	chr2	156569285	156569286	21	False	NA
chr2_157309632_157309633	chr2	157309632	157309633	0	False	NA
chr2_157323229_157323230	chr2	157323229	157323230	0	False	NA
chr2_157552979_157552980	chr2	157552979	157552980	0	False	NA
chr2_157737964_157737965	chr2	157737964	157737965	0	False	NA
chr2_157780121_157780122	chr2	157780121	157780122	38	False	NA
chr2_157780130_157780131	chr2	157780130	157780131	75	True	39
chr2_158174598_158174599	chr2	158174598	158174599	0	False	NA
chr2_158339904_158339905	chr2	158339904	158339905	0	False	NA
chr2_159196950_159196951	chr2	159196950	159196951	5	False	NA
chr2_159250489_159250490	chr2	159250489	159250490	18	False	NA
chr2_159258173_159258174	chr2	159258173	159258174	139	True	39
chr2_159281711_159281712	chr2	159281711	159281712	0	False	NA
chr2_159411906_159411907	chr2	159411906	159411907	0	False	NA
chr2_159746677_159746678	chr2	159746677	159746678	16	False	NA
chr2_159762802_159762803	chr2	159762802	159762803	1516	True	39
chr2_159780617_159780618	chr2	159780617	159780618	0	False	NA
chr2_159875190_159875191	chr2	159875190	159875191	0	False	NA
chr2_159886625_159886626	chr2	159886625	159886626	0	False	NA
chr2_159892698_159892699	chr2	159892698	159892699	0	False	NA
chr2_159973137_159973138	chr2	159973137	159973138	0	False	NA
chr2_159982620_159982621	chr2	159982620	159982621	0	False	NA
chr2_159984478_159984479	chr2	159984478	159984479	0	False	NA
chr2_159986098_159986099	chr2	159986098	159986099	0	False	NA
chr2_160017857_160017858	chr2	160017857	160017858	0	False	NA
chr2_160038821_160038822	chr2	160038821	160038822	0	False	NA
chr2_160044544_160044545	chr2	160044544	160044545	0	False	NA
chr2_160111518_160111519	chr2	160111518	160111519	0	False	NA
chr2_160198513_160198514	chr2	160198513	160198514	0	False	NA
chr2_161228751_161228752	chr2	161228751	161228752	84	True	39
chr2_161393162_161393163	chr2	161393162	161393163	18	False	NA
chr2_161903461_161903462	chr2	161903461	161903462	0	False	NA
chr2_161945074_161945075	chr2	161945074	161945075	0	False	NA
chr2_162012049_162012050	chr2	162012049	162012050	44	True	39
chr2_162013255_162013256	chr2	162013255	162013256	5	False	NA
chr2_162044247_162044248	chr2	162044247	162044248	68	True	39
chr2_162199493_162199494	chr2	162199493	162199494	0	False	NA
chr2_162214248_162214249	chr2	162214248	162214249	0	False	NA
chr2_162215625_162215626	chr2	162215625	162215626	0	False	NA
chr2_162284947_162284948	chr2	162284947	162284948	0	False	NA
chr2_162308906_162308907	chr2	162308906	162308907	0	False	NA
chr2_162372831_162372832	chr2	162372831	162372832	0	False	NA
chr2_162380215_162380216	chr2	162380215	162380216	0	False	NA
chr2_164525241_164525242	chr2	164525241	164525242	0	False	NA
chr2_164699183_164699184	chr2	164699183	164699184	109	True	39
chr2_165099905_165099906	chr2	165099905	165099906	0	False	NA
chr2_165131040_165131041	chr2	165131040	165131041	0	False	NA
chr2_165141622_165141623	chr2	165141622	165141623	0	False	NA
chr2_165169637_165169638	chr2	165169637	165169638	0	False	NA
chr2_165172570_165172571	chr2	165172570	165172571	0	False	NA
chr2_165309163_165309164	chr2	165309163	165309164	0	False	NA
chr2_165368164_165368165	chr2	165368164	165368165	0	False	NA
chr2_166000477_166000478	chr2	166000477	166000478	21	False	NA
chr2_166054190_166054191	chr2	166054190	166054191	19	False	NA
chr2_166076641_166076642	chr2	166076641	166076642	0	False	NA
chr2_166237252_166237253	chr2	166237252	166237253	5	False	NA
chr2_166240786_166240787	chr2	166240786	166240787	0	False	NA
chr2_166280021_166280022	chr2	166280021	166280022	24	False	NA
chr2_166286267_166286268	chr2	166286267	166286268	305	True	39
chr2_166287256_166287257	chr2	166287256	166287257	5	False	NA
chr2_166426540_166426541	chr2	166426540	166426541	0	False	NA
chr2_166471080_166471081	chr2	166471080	166471081	0	False	NA
chr2_166473588_166473589	chr2	166473588	166473589	0	False	NA
chr2_167217066_167217067	chr2	167217066	167217067	0	False	NA
chr2_167240030_167240031	chr2	167240030	167240031	0	False	NA
chr2_167252209_167252210	chr2	167252209	167252210	0	False	NA
chr2_168016474_168016475	chr2	168016474	168016475	5	False	NA
chr2_168133187_168133188	chr2	168133187	168133188	67	True	39
chr2_168645340_168645341	chr2	168645340	168645341	5	False	NA
chr2_168691396_168691397	chr2	168691396	168691397	0	False	NA
chr2_168848110_168848111	chr2	168848110	168848111	0	False	NA
chr2_168862542_168862543	chr2	168862542	168862543	5	False	NA
chr2_168862546_168862547	chr2	168862546	168862547	5	False	NA
chr2_168873683_168873684	chr2	168873683	168873684	607	True	39
chr2_168901668_168901669	chr2	168901668	168901669	0	False	NA
chr2_168926299_168926300	chr2	168926299	168926300	0	False	NA
chr2_168933498_168933499	chr2	168933498	168933499	0	False	NA
chr2_168969608_168969609	chr2	168969608	168969609	0	False	NA
chr2_169013717_169013718	chr2	169013717	169013718	0	False	NA
chr2_169015189_169015190	chr2	169015189	169015190	0	False	NA
chr2_169140191_169140192	chr2	169140191	169140192	6	False	NA
chr2_169183001_169183002	chr2	169183001	169183002	0	False	NA
chr2_169204672_169204673	chr2	169204672	169204673	0	False	NA
chr2_169213442_169213443	chr2	169213442	169213443	0	False	NA
chr2_169275457_169275458	chr2	169275457	169275458	0	False	NA
chr2_169291510_169291511	chr2	169291510	169291511	0	False	NA
chr2_169480542_169480543	chr2	169480542	169480543	0	False	NA
chr2_169483648_169483649	chr2	169483648	169483649	0	False	NA
chr2_169488238_169488239	chr2	169488238	169488239	6	False	NA
chr2_169488244_169488245	chr2	169488244	169488245	6	False	NA
chr2_169492073_169492074	chr2	169492073	169492074	0	False	NA
chr2_169498072_169498073	chr2	169498072	169498073	11	False	NA
chr2_169511574_169511575	chr2	169511574	169511575	5	False	NA
chr2_169604442_169604443	chr2	169604442	169604443	216	True	39
chr2_169607749_169607750	chr2	169607749	169607750	46	True	39
chr2_169676933_169676934	chr2	169676933	169676934	0	False	NA
chr2_169892210_169892211	chr2	169892210	169892211	109	True	39
chr2_169924500_169924501	chr2	169924500	169924501	31	False	NA
chr2_169927550_169927551	chr2	169927550	169927551	42	True	39
chr2_170000493_170000494	chr2	170000493	170000494	11	False	NA
chr2_170078738_170078739	chr2	170078738	170078739	32	False	NA
chr2_170399957_170399958	chr2	170399957	170399958	0	False	NA
chr2_170499259_170499260	chr2	170499259	170499260	0	False	NA
chr2_170518758_170518759	chr2	170518758	170518759	0	False	NA
chr2_170543737_170543738	chr2	170543737	170543738	0	False	NA
chr2_170715767_170715768	chr2	170715767	170715768	2075	True	39
chr2_170965429_170965430	chr2	170965429	170965430	21	False	NA
chr2_171055635_171055636	chr2	171055635	171055636	80	True	39
chr2_171059425_171059426	chr2	171059425	171059426	0	False	NA
chr2_171452355_171452356	chr2	171452355	171452356	0	False	NA
chr2_171456314_171456315	chr2	171456314	171456315	46	True	39
chr2_171457943_171457944	chr2	171457943	171457944	174	True	39
chr2_171470421_171470422	chr2	171470421	171470422	84	True	39
chr2_171711399_171711400	chr2	171711399	171711400	49	True	39
chr2_171790950_171790951	chr2	171790950	171790951	7	False	NA
chr2_171835547_171835548	chr2	171835547	171835548	7	False	NA
chr2_171838635_171838636	chr2	171838635	171838636	27	False	NA
chr2_172481186_172481187	chr2	172481186	172481187	0	False	NA
chr2_172502106_172502107	chr2	172502106	172502107	16	False	NA
chr2_172502375_172502376	chr2	172502375	172502376	11	False	NA
chr2_172560080_172560081	chr2	172560080	172560081	110	True	39
chr2_172567258_172567259	chr2	172567258	172567259	506	True	39
chr2_172965740_172965741	chr2	172965740	172965741	0	False	NA
chr2_172987797_172987798	chr2	172987797	172987798	5	False	NA
chr2_172996911_172996912	chr2	172996911	172996912	0	False	NA
chr2_173029905_173029906	chr2	173029905	173029906	0	False	NA
chr2_173032859_173032860	chr2	173032859	173032860	0	False	NA
chr2_173261503_173261504	chr2	173261503	173261504	0	False	NA
chr2_173898509_173898510	chr2	173898509	173898510	10	False	NA
chr2_174349306_174349307	chr2	174349306	174349307	0	False	NA
chr2_174390740_174390741	chr2	174390740	174390741	9	False	NA
chr2_174393615_174393616	chr2	174393615	174393616	6	False	NA
chr2_174444832_174444833	chr2	174444832	174444833	0	False	NA
chr2_174470583_174470584	chr2	174470583	174470584	0	False	NA
chr2_174760989_174760990	chr2	174760989	174760990	0	False	NA
chr2_174810798_174810799	chr2	174810798	174810799	0	False	NA
chr2_175179529_175179530	chr2	175179529	175179530	89	True	39
chr2_175943378_175943379	chr2	175943378	175943379	244	True	39
chr2_175968056_175968057	chr2	175968056	175968057	120	True	39
chr2_176082949_176082950	chr2	176082949	176082950	0	False	NA
chr2_176328099_176328100	chr2	176328099	176328100	101	True	39
chr2_176331682_176331683	chr2	176331682	176331683	175	True	39
chr2_177215329_177215330	chr2	177215329	177215330	128	True	39
chr2_177440639_177440640	chr2	177440639	177440640	128	True	39
chr2_177493503_177493504	chr2	177493503	177493504	10	False	NA
chr2_177819811_177819812	chr2	177819811	177819812	0	False	NA
chr2_178120238_178120239	chr2	178120238	178120239	0	False	NA
chr2_178122395_178122396	chr2	178122395	178122396	0	False	NA
chr2_178128926_178128927	chr2	178128926	178128927	39	False	NA
chr2_178388417_178388418	chr2	178388417	178388418	0	False	NA
chr2_178485491_178485492	chr2	178485491	178485492	5	False	NA
chr2_178486199_178486200	chr2	178486199	178486200	0	False	NA
chr2_178495985_178495986	chr2	178495985	178495986	5	False	NA
chr2_178802363_178802364	chr2	178802363	178802364	0	False	NA
chr2_178804950_178804951	chr2	178804950	178804951	0	False	NA
chr2_178838994_178838995	chr2	178838994	178838995	0	False	NA
chr2_178848653_178848654	chr2	178848653	178848654	0	False	NA
chr2_178853306_178853307	chr2	178853306	178853307	0	False	NA
chr2_178869493_178869494	chr2	178869493	178869494	0	False	NA
chr2_178870642_178870643	chr2	178870642	178870643	0	False	NA
chr2_179112199_179112200	chr2	179112199	179112200	25	False	NA
chr2_179146066_179146067	chr2	179146066	179146067	13	False	NA
chr2_179174233_179174234	chr2	179174233	179174234	23	False	NA
chr2_179179421_179179422	chr2	179179421	179179422	11	False	NA
chr2_179978869_179978870	chr2	179978869	179978870	6	False	NA
chr2_179988147_179988148	chr2	179988147	179988148	5	False	NA
chr2_179991074_179991075	chr2	179991074	179991075	47	True	39
chr2_180982771_180982772	chr2	180982771	180982772	0	False	NA
chr2_180982968_180982969	chr2	180982968	180982969	0	False	NA
chr2_181541252_181541253	chr2	181541252	181541253	0	False	NA
chr2_181896622_181896623	chr2	181896622	181896623	0	False	NA
chr2_181902644_181902645	chr2	181902644	181902645	106	True	39
chr2_181903491_181903492	chr2	181903491	181903492	35	False	NA
chr2_181904040_181904041	chr2	181904040	181904041	31	False	NA
chr2_181914818_181914819	chr2	181914818	181914819	10	False	NA
chr2_181924553_181924554	chr2	181924553	181924554	10	False	NA
chr2_182230378_182230379	chr2	182230378	182230379	0	False	NA
chr2_182233850_182233851	chr2	182233850	182233851	7	False	NA
chr2_182724904_182724905	chr2	182724904	182724905	61	True	39
chr2_182753026_182753027	chr2	182753026	182753027	11	False	NA
chr2_182776680_182776681	chr2	182776680	182776681	0	False	NA
chr2_182957746_182957747	chr2	182957746	182957747	622	True	39
chr2_182982403_182982404	chr2	182982403	182982404	19	False	NA
chr2_182995267_182995268	chr2	182995267	182995268	77	True	39
chr2_183084587_183084588	chr2	183084587	183084588	0	False	NA
chr2_183158676_183158677	chr2	183158676	183158677	92	True	39
chr2_185755936_185755937	chr2	185755936	185755937	0	False	NA
chr2_185786653_185786654	chr2	185786653	185786654	0	False	NA
chr2_186495564_186495565	chr2	186495564	186495565	162	True	39
chr2_186645012_186645013	chr2	186645012	186645013	43	True	39
chr2_186653657_186653658	chr2	186653657	186653658	8	False	NA
chr2_186660430_186660431	chr2	186660430	186660431	0	False	NA
chr2_186745419_186745420	chr2	186745419	186745420	0	False	NA
chr2_186751920_186751921	chr2	186751920	186751921	0	False	NA
chr2_186834387_186834388	chr2	186834387	186834388	0	False	NA
chr2_186841205_186841206	chr2	186841205	186841206	0	False	NA
chr2_188478759_188478760	chr2	188478759	188478760	19	False	NA
chr2_188523315_188523316	chr2	188523315	188523316	7	False	NA
chr2_188585950_188585951	chr2	188585950	188585951	0	False	NA
chr2_188986295_188986296	chr2	188986295	188986296	0	False	NA
chr2_188996029_188996030	chr2	188996029	188996030	0	False	NA
chr2_189036166_189036167	chr2	189036166	189036167	0	False	NA
chr2_189050115_189050116	chr2	189050115	189050116	0	False	NA
chr2_189069045_189069046	chr2	189069045	189069046	0	False	NA
chr2_189069049_189069050	chr2	189069049	189069050	0	False	NA
chr2_189454882_189454883	chr2	189454882	189454883	16	False	NA
chr2_189469982_189469983	chr2	189469982	189469983	848	True	39
chr2_189473888_189473889	chr2	189473888	189473889	119	True	39
chr2_189665144_189665145	chr2	189665144	189665145	8	False	NA
chr2_189676154_189676155	chr2	189676154	189676155	25	False	NA
chr2_189695669_189695670	chr2	189695669	189695670	20	False	NA
chr2_189698850_189698851	chr2	189698850	189698851	21	False	NA
chr2_189706118_189706119	chr2	189706118	189706119	0	False	NA
chr2_189709984_189709985	chr2	189709984	189709985	6	False	NA
chr2_189734586_189734587	chr2	189734586	189734587	0	False	NA
chr2_189739838_189739839	chr2	189739838	189739839	0	False	NA
chr2_189743273_189743274	chr2	189743273	189743274	22	False	NA
chr2_189844167_189844168	chr2	189844167	189844168	45	True	39
chr2_189856928_189856929	chr2	189856928	189856929	52	True	39
chr2_189867106_189867107	chr2	189867106	189867107	176	True	39
chr2_189868099_189868100	chr2	189868099	189868100	25	False	NA
chr2_190293130_190293131	chr2	190293130	190293131	18	False	NA
chr2_190365183_190365184	chr2	190365183	190365184	44	True	39
chr2_190489226_190489227	chr2	190489226	190489227	0	False	NA
chr2_190489246_190489247	chr2	190489246	190489247	0	False	NA
chr2_190515904_190515905	chr2	190515904	190515905	5	False	NA
chr2_190896855_190896856	chr2	190896855	190896856	2017	True	39
chr2_190897259_190897260	chr2	190897259	190897260	1299	True	39
chr2_190924120_190924121	chr2	190924120	190924121	398	True	39
chr2_190930336_190930337	chr2	190930336	190930337	240	True	39
chr2_190931345_190931346	chr2	190931345	190931346	57	True	39
chr2_190984802_190984803	chr2	190984802	190984803	0	False	NA
chr2_190990180_190990181	chr2	190990180	190990181	0	False	NA
chr2_191011600_191011601	chr2	191011600	191011601	5	False	NA
chr2_191032315_191032316	chr2	191032315	191032316	0	False	NA
chr2_191033733_191033734	chr2	191033733	191033734	0	False	NA
chr2_191063505_191063506	chr2	191063505	191063506	0	False	NA
chr2_191290232_191290233	chr2	191290232	191290233	23	False	NA
chr2_191344930_191344931	chr2	191344930	191344931	15	False	NA
chr2_191389521_191389522	chr2	191389521	191389522	60	True	39
chr2_191392491_191392492	chr2	191392491	191392492	32	False	NA
chr2_191395303_191395304	chr2	191395303	191395304	60	True	39
chr2_191411789_191411790	chr2	191411789	191411790	0	False	NA
chr2_195682318_195682319	chr2	195682318	195682319	0	False	NA
chr2_195739714_195739715	chr2	195739714	195739715	0	False	NA
chr2_195814008_195814009	chr2	195814008	195814009	0	False	NA
chr2_195878839_195878840	chr2	195878839	195878840	0	False	NA
chr2_195907773_195907774	chr2	195907773	195907774	0	False	NA
chr2_196023538_196023539	chr2	196023538	196023539	0	False	NA
chr2_196024878_196024879	chr2	196024878	196024879	0	False	NA
chr2_196140069_196140070	chr2	196140069	196140070	0	False	NA
chr2_196274844_196274845	chr2	196274844	196274845	0	False	NA
chr2_196321064_196321065	chr2	196321064	196321065	0	False	NA
chr2_196325838_196325839	chr2	196325838	196325839	0	False	NA
chr2_196337779_196337780	chr2	196337779	196337780	0	False	NA
chr2_196664245_196664246	chr2	196664245	196664246	22	False	NA
chr2_196720758_196720759	chr2	196720758	196720759	0	False	NA
chr2_196842440_196842441	chr2	196842440	196842441	6	False	NA
chr2_196875541_196875542	chr2	196875541	196875542	21	False	NA
chr2_196891592_196891593	chr2	196891592	196891593	34	False	NA
chr2_196908435_196908436	chr2	196908435	196908436	0	False	NA
chr2_196915931_196915932	chr2	196915931	196915932	0	False	NA
chr2_196915935_196915936	chr2	196915935	196915936	17	False	NA
chr2_196996301_196996302	chr2	196996301	196996302	0	False	NA
chr2_197001473_197001474	chr2	197001473	197001474	0	False	NA
chr2_197084966_197084967	chr2	197084966	197084967	0	False	NA
chr2_197300346_197300347	chr2	197300346	197300347	0	False	NA
chr2_197416935_197416936	chr2	197416935	197416936	3636	True	39
chr2_197423616_197423617	chr2	197423616	197423617	87	True	39
chr2_197548799_197548800	chr2	197548799	197548800	27	False	NA
chr2_197759187_197759188	chr2	197759187	197759188	0	False	NA
chr2_197776476_197776477	chr2	197776476	197776477	0	False	NA
chr2_197778129_197778130	chr2	197778129	197778130	0	False	NA
chr2_197780360_197780361	chr2	197780360	197780361	0	False	NA
chr2_199846654_199846655	chr2	199846654	199846655	0	False	NA
chr2_199936624_199936625	chr2	199936624	199936625	65	True	39
chr2_199958927_199958928	chr2	199958927	199958928	5	False	NA
chr2_200417863_200417864	chr2	200417863	200417864	28	False	NA
chr2_200471668_200471669	chr2	200471668	200471669	0	False	NA
chr2_200499645_200499646	chr2	200499645	200499646	0	False	NA
chr2_200499649_200499650	chr2	200499649	200499650	0	False	NA
chr2_200506295_200506296	chr2	200506295	200506296	0	False	NA
chr2_200534066_200534067	chr2	200534066	200534067	6	False	NA
chr2_200593988_200593989	chr2	200593988	200593989	0	False	NA
chr2_200595596_200595597	chr2	200595596	200595597	0	False	NA
chr2_200603457_200603458	chr2	200603457	200603458	0	False	NA
chr2_200614708_200614709	chr2	200614708	200614709	0	False	NA
chr2_200814538_200814539	chr2	200814538	200814539	26	False	NA
chr2_200894982_200894983	chr2	200894982	200894983	11	False	NA
chr2_200898501_200898502	chr2	200898501	200898502	0	False	NA
chr2_200933290_200933291	chr2	200933290	200933291	0	False	NA
chr2_200933295_200933296	chr2	200933295	200933296	0	False	NA
chr2_200937378_200937379	chr2	200937378	200937379	8	False	NA
chr2_200988865_200988866	chr2	200988865	200988866	0	False	NA
chr2_201010886_201010887	chr2	201010886	201010887	26	False	NA
chr2_201013620_201013621	chr2	201013620	201013621	5	False	NA
chr2_201204844_201204845	chr2	201204844	201204845	40	True	39
chr2_201307770_201307771	chr2	201307770	201307771	0	False	NA
chr2_201392113_201392114	chr2	201392113	201392114	0	False	NA
chr2_201396666_201396667	chr2	201396666	201396667	5	False	NA
chr2_201458176_201458177	chr2	201458176	201458177	0	False	NA
chr2_201537168_201537169	chr2	201537168	201537169	6	False	NA
chr2_201568015_201568016	chr2	201568015	201568016	0	False	NA
chr2_201569922_201569923	chr2	201569922	201569923	0	False	NA
chr2_201683959_201683960	chr2	201683959	201683960	0	False	NA
chr2_201685178_201685179	chr2	201685178	201685179	0	False	NA
chr2_201687770_201687771	chr2	201687770	201687771	0	False	NA
chr2_201717683_201717684	chr2	201717683	201717684	12	False	NA
chr2_201742539_201742540	chr2	201742539	201742540	13	False	NA
chr2_202292268_202292269	chr2	202292268	202292269	82	True	39
chr2_202292270_202292271	chr2	202292270	202292271	82	True	39
chr2_202726159_202726160	chr2	202726159	202726160	90	True	39
chr2_202823132_202823133	chr2	202823132	202823133	5	False	NA
chr2_202825206_202825207	chr2	202825206	202825207	0	False	NA
chr2_202825208_202825209	chr2	202825208	202825209	0	False	NA
chr2_202828046_202828047	chr2	202828046	202828047	0	False	NA
chr2_202898145_202898146	chr2	202898145	202898146	9	False	NA
chr2_202971137_202971138	chr2	202971137	202971138	0	False	NA
chr2_203046599_203046600	chr2	203046599	203046600	5	False	NA
chr2_203079358_203079359	chr2	203079358	203079359	0	False	NA
chr2_203080763_203080764	chr2	203080763	203080764	0	False	NA
chr2_203104543_203104544	chr2	203104543	203104544	6	False	NA
chr2_203113712_203113713	chr2	203113712	203113713	0	False	NA
chr2_203132646_203132647	chr2	203132646	203132647	0	False	NA
chr2_203137382_203137383	chr2	203137382	203137383	20	False	NA
chr2_203139842_203139843	chr2	203139842	203139843	10	False	NA
chr2_203159855_203159856	chr2	203159855	203159856	17	False	NA
chr2_203176391_203176392	chr2	203176391	203176392	5	False	NA
chr2_203185689_203185690	chr2	203185689	203185690	0	False	NA
chr2_203201032_203201033	chr2	203201032	203201033	6	False	NA
chr2_203205030_203205031	chr2	203205030	203205031	26	False	NA
chr2_203279518_203279519	chr2	203279518	203279519	0	False	NA
chr2_203390145_203390146	chr2	203390145	203390146	47	True	39
chr2_203958385_203958386	chr2	203958385	203958386	0	False	NA
chr2_205173389_205173390	chr2	205173389	205173390	0	False	NA
chr2_205179450_205179451	chr2	205179450	205179451	0	False	NA
chr2_205765948_205765949	chr2	205765948	205765949	0	False	NA
chr2_205793240_205793241	chr2	205793240	205793241	0	False	NA
chr2_206014846_206014847	chr2	206014846	206014847	0	False	NA
chr2_206018983_206018984	chr2	206018983	206018984	7	False	NA
chr2_206022980_206022981	chr2	206022980	206022981	0	False	NA
chr2_206132262_206132263	chr2	206132262	206132263	13	False	NA
chr2_206138758_206138759	chr2	206138758	206138759	71	True	39
chr2_206145819_206145820	chr2	206145819	206145820	71	True	39
chr2_206160267_206160268	chr2	206160267	206160268	343	True	39
chr2_206215170_206215171	chr2	206215170	206215171	0	False	NA
chr2_206281146_206281147	chr2	206281146	206281147	0	False	NA
chr2_206568021_206568022	chr2	206568021	206568022	0	False	NA
chr2_206571685_206571686	chr2	206571685	206571686	0	False	NA
chr2_206694601_206694602	chr2	206694601	206694602	0	False	NA
chr2_206712841_206712842	chr2	206712841	206712842	0	False	NA
chr2_206744847_206744848	chr2	206744847	206744848	0	False	NA
chr2_206764536_206764537	chr2	206764536	206764537	0	False	NA
chr2_206769915_206769916	chr2	206769915	206769916	226	True	39
chr2_206772703_206772704	chr2	206772703	206772704	38	False	NA
chr2_206956548_206956549	chr2	206956548	206956549	0	False	NA
chr2_206962410_206962411	chr2	206962410	206962411	0	False	NA
chr2_206966310_206966311	chr2	206966310	206966311	0	False	NA
chr2_207726125_207726126	chr2	207726125	207726126	76	True	39
chr2_207743076_207743077	chr2	207743076	207743077	17	False	NA
chr2_208143370_208143371	chr2	208143370	208143371	0	False	NA
chr2_208169587_208169588	chr2	208169587	208169588	0	False	NA
chr2_208171746_208171747	chr2	208171746	208171747	0	False	NA
chr2_208286379_208286380	chr2	208286379	208286380	17	False	NA
chr2_208286398_208286399	chr2	208286398	208286399	17	False	NA
chr2_208306282_208306283	chr2	208306282	208306283	292	True	39
chr2_208309734_208309735	chr2	208309734	208309735	234	True	39
chr2_208329738_208329739	chr2	208329738	208329739	44	True	39
chr2_208344844_208344845	chr2	208344844	208344845	25	False	NA
chr2_208344848_208344849	chr2	208344848	208344849	25	False	NA
chr2_208351969_208351970	chr2	208351969	208351970	22	False	NA
chr2_209679144_209679145	chr2	209679144	209679145	0	False	NA
chr2_209696886_209696887	chr2	209696886	209696887	0	False	NA
chr2_209698521_209698522	chr2	209698521	209698522	0	False	NA
chr2_209709206_209709207	chr2	209709206	209709207	0	False	NA
chr2_209788024_209788025	chr2	209788024	209788025	0	False	NA
chr2_209788909_209788910	chr2	209788909	209788910	0	False	NA
chr2_210028011_210028012	chr2	210028011	210028012	0	False	NA
chr2_210030082_210030083	chr2	210030082	210030083	0	False	NA
chr2_210031867_210031868	chr2	210031867	210031868	0	False	NA
chr2_210191629_210191630	chr2	210191629	210191630	0	False	NA
chr2_210207366_210207367	chr2	210207366	210207367	0	False	NA
chr2_210290585_210290586	chr2	210290585	210290586	0	False	NA
chr2_210439462_210439463	chr2	210439462	210439463	0	False	NA
chr2_210575186_210575187	chr2	210575186	210575187	44	True	39
chr2_210579035_210579036	chr2	210579035	210579036	63	True	39
chr2_210582547_210582548	chr2	210582547	210582548	1038	True	39
chr2_210584385_210584386	chr2	210584385	210584386	33	False	NA
chr2_210600081_210600082	chr2	210600081	210600082	38	False	NA
chr2_210601405_210601406	chr2	210601405	210601406	14	False	NA
chr2_210602543_210602544	chr2	210602543	210602544	24	False	NA
chr2_210613422_210613423	chr2	210613422	210613423	46	True	39
chr2_210638064_210638065	chr2	210638064	210638065	87	True	39
chr2_210662192_210662193	chr2	210662192	210662193	37	False	NA
chr2_211670887_211670888	chr2	211670887	211670888	0	False	NA
chr2_211723841_211723842	chr2	211723841	211723842	0	False	NA
chr2_213016888_213016889	chr2	213016888	213016889	0	False	NA
chr2_213051340_213051341	chr2	213051340	213051341	0	False	NA
chr2_214412517_214412518	chr2	214412517	214412518	0	False	NA
chr2_214729112_214729113	chr2	214729112	214729113	29	False	NA
chr2_214794729_214794730	chr2	214794729	214794730	5	False	NA
chr2_214976907_214976908	chr2	214976907	214976908	0	False	NA
chr2_214976909_214976910	chr2	214976909	214976910	0	False	NA
chr2_214980172_214980173	chr2	214980172	214980173	0	False	NA
chr2_215018913_215018914	chr2	215018913	215018914	0	False	NA
chr2_215050793_215050794	chr2	215050793	215050794	0	False	NA
chr2_215320031_215320032	chr2	215320031	215320032	61	True	39
chr2_215334335_215334336	chr2	215334335	215334336	0	False	NA
chr2_215347344_215347345	chr2	215347344	215347345	728	True	39
chr2_215365237_215365238	chr2	215365237	215365238	538	True	39
chr2_215370662_215370663	chr2	215370662	215370663	1351	True	39
chr2_215370666_215370667	chr2	215370666	215370667	1490	True	39
chr2_215373479_215373480	chr2	215373479	215373480	2284	True	39
chr2_215425925_215425926	chr2	215425925	215425926	1437	True	39
chr2_216041048_216041049	chr2	216041048	216041049	38	False	NA
chr2_216108083_216108084	chr2	216108083	216108084	0	False	NA
chr2_216108426_216108427	chr2	216108426	216108427	0	False	NA
chr2_216124614_216124615	chr2	216124614	216124615	163	True	39
chr2_216132192_216132193	chr2	216132192	216132193	84	True	39
chr2_216137795_216137796	chr2	216137795	216137796	73	True	39
chr2_216161763_216161764	chr2	216161763	216161764	45	True	39
chr2_216194150_216194151	chr2	216194150	216194151	58	True	39
chr2_216433877_216433878	chr2	216433877	216433878	10	False	NA
chr2_216475511_216475512	chr2	216475511	216475512	64	True	39
chr2_216481781_216481782	chr2	216481781	216481782	0	False	NA
chr2_217814326_217814327	chr2	217814326	217814327	42	True	39
chr2_217817024_217817025	chr2	217817024	217817025	73	True	39
chr2_218076065_218076066	chr2	218076065	218076066	0	False	NA
chr2_218077744_218077745	chr2	218077744	218077745	0	False	NA
chr2_218228669_218228670	chr2	218228669	218228670	698	True	39
chr2_218229387_218229388	chr2	218229387	218229388	23	False	NA
chr2_218245639_218245640	chr2	218245639	218245640	89	True	39
chr2_218431716_218431717	chr2	218431716	218431717	2615	True	39
chr2_218437923_218437924	chr2	218437923	218437924	15	False	NA
chr2_218465587_218465588	chr2	218465587	218465588	0	False	NA
chr2_218482385_218482386	chr2	218482385	218482386	15	False	NA
chr2_218483028_218483029	chr2	218483028	218483029	26	False	NA
chr2_218496033_218496034	chr2	218496033	218496034	0	False	NA
chr2_218581510_218581511	chr2	218581510	218581511	15	False	NA
chr2_218591115_218591116	chr2	218591115	218591116	8	False	NA
chr2_218619119_218619120	chr2	218619119	218619120	7	False	NA
chr2_218632492_218632493	chr2	218632492	218632493	0	False	NA
chr2_218682341_218682342	chr2	218682341	218682342	0	False	NA
chr2_218688626_218688627	chr2	218688626	218688627	74	True	39
chr2_218744228_218744229	chr2	218744228	218744229	117	True	39
chr2_218830515_218830516	chr2	218830515	218830516	0	False	NA
chr2_218991821_218991822	chr2	218991821	218991822	0	False	NA
chr2_218991825_218991826	chr2	218991825	218991826	0	False	NA
chr2_219003646_219003647	chr2	219003646	219003647	0	False	NA
chr2_219013204_219013205	chr2	219013204	219013205	0	False	NA
chr2_219021046_219021047	chr2	219021046	219021047	0	False	NA
chr2_219039477_219039478	chr2	219039477	219039478	0	False	NA
chr2_219227692_219227693	chr2	219227692	219227693	83	True	39
chr2_219241521_219241522	chr2	219241521	219241522	0	False	NA
chr2_219553417_219553418	chr2	219553417	219553418	0	False	NA
chr2_219608482_219608483	chr2	219608482	219608483	91	True	39
chr2_219615705_219615706	chr2	219615705	219615706	5	False	NA
chr2_219629070_219629071	chr2	219629070	219629071	13	False	NA
chr2_219637544_219637545	chr2	219637544	219637545	0	False	NA
chr2_222623389_222623390	chr2	222623389	222623390	43	True	39
chr2_222624102_222624103	chr2	222624102	222624103	28	False	NA
chr2_222629424_222629425	chr2	222629424	222629425	68	True	39
chr2_222631962_222631963	chr2	222631962	222631963	17	False	NA
chr2_222688782_222688783	chr2	222688782	222688783	0	False	NA
chr2_222693800_222693801	chr2	222693800	222693801	0	False	NA
chr2_222907196_222907197	chr2	222907196	222907197	682	True	39
chr2_222912752_222912753	chr2	222912752	222912753	376	True	39
chr2_223966654_223966655	chr2	223966654	223966655	0	False	NA
chr2_224476911_224476912	chr2	224476911	224476912	21	False	NA
chr2_224505430_224505431	chr2	224505430	224505431	5	False	NA
chr2_224509661_224509662	chr2	224509661	224509662	11	False	NA
chr2_224798131_224798132	chr2	224798131	224798132	0	False	NA
chr2_224802852_224802853	chr2	224802852	224802853	0	False	NA
chr2_224842795_224842796	chr2	224842795	224842796	0	False	NA
chr2_224862880_224862881	chr2	224862880	224862881	0	False	NA
chr2_227059735_227059736	chr2	227059735	227059736	0	False	NA
chr2_227103617_227103618	chr2	227103617	227103618	0	False	NA
chr2_227107700_227107701	chr2	227107700	227107701	0	False	NA
chr2_227257458_227257459	chr2	227257458	227257459	0	False	NA
chr2_227301995_227301996	chr2	227301995	227301996	0	False	NA
chr2_227302793_227302794	chr2	227302793	227302794	0	False	NA
chr2_227335729_227335730	chr2	227335729	227335730	20	False	NA
chr2_227370320_227370321	chr2	227370320	227370321	0	False	NA
chr2_227509353_227509354	chr2	227509353	227509354	30	False	NA
chr2_227524154_227524155	chr2	227524154	227524155	636	True	39
chr2_227534560_227534561	chr2	227534560	227534561	153	True	39
chr2_227888600_227888601	chr2	227888600	227888601	0	False	NA
chr2_227902716_227902717	chr2	227902716	227902717	0	False	NA
chr2_227903453_227903454	chr2	227903453	227903454	0	False	NA
chr2_228024518_228024519	chr2	228024518	228024519	0	False	NA
chr2_229586237_229586238	chr2	229586237	229586238	0	False	NA
chr2_229789142_229789143	chr2	229789142	229789143	48	True	39
chr2_229791506_229791507	chr2	229791506	229791507	25	False	NA
chr2_229800049_229800050	chr2	229800049	229800050	29	False	NA
chr2_229838137_229838138	chr2	229838137	229838138	16	False	NA
chr2_230245807_230245808	chr2	230245807	230245808	0	False	NA
chr2_230249149_230249150	chr2	230249149	230249150	0	False	NA
chr2_230443582_230443583	chr2	230443582	230443583	0	False	NA
chr2_230467751_230467752	chr2	230467751	230467752	0	False	NA
chr2_230468087_230468088	chr2	230468087	230468088	0	False	NA
chr2_230469859_230469860	chr2	230469859	230469860	15	False	NA
chr2_230499777_230499778	chr2	230499777	230499778	0	False	NA
chr2_230503754_230503755	chr2	230503754	230503755	0	False	NA
chr2_230511615_230511616	chr2	230511615	230511616	6	False	NA
chr2_230511626_230511627	chr2	230511626	230511627	6	False	NA
chr2_230768666_230768667	chr2	230768666	230768667	114	True	39
chr2_231013194_231013195	chr2	231013194	231013195	0	False	NA
chr2_231015997_231015998	chr2	231015997	231015998	0	False	NA
chr2_231073379_231073380	chr2	231073379	231073380	92	True	39
chr2_231206879_231206880	chr2	231206879	231206880	0	False	NA
chr2_231210479_231210480	chr2	231210479	231210480	0	False	NA
chr2_231271582_231271583	chr2	231271582	231271583	0	False	NA
chr2_231709399_231709400	chr2	231709399	231709400	2851	True	39
chr2_231733564_231733565	chr2	231733564	231733565	0	False	NA
chr2_232521571_232521572	chr2	232521571	232521572	17	False	NA
chr2_232534685_232534686	chr2	232534685	232534686	0	False	NA
chr2_232542190_232542191	chr2	232542190	232542191	0	False	NA
chr2_232697583_232697584	chr2	232697583	232697584	294	True	39
chr2_232769749_232769750	chr2	232769749	232769750	0	False	NA
chr2_232770092_232770093	chr2	232770092	232770093	0	False	NA
chr2_232792270_232792271	chr2	232792270	232792271	41	True	39
chr2_232794248_232794249	chr2	232794248	232794249	46	True	39
chr2_232808604_232808605	chr2	232808604	232808605	166	True	39
chr2_232816802_232816803	chr2	232816802	232816803	604	True	39
chr2_232880755_232880756	chr2	232880755	232880756	0	False	NA
chr2_233132424_233132425	chr2	233132424	233132425	7	False	NA
chr2_233272584_233272585	chr2	233272584	233272585	12	False	NA
chr2_233291982_233291983	chr2	233291982	233291983	64	True	39
chr2_233309047_233309048	chr2	233309047	233309048	0	False	NA
chr2_233337932_233337933	chr2	233337932	233337933	0	False	NA
chr2_233390281_233390282	chr2	233390281	233390282	6	False	NA
chr2_233455203_233455204	chr2	233455203	233455204	13	False	NA
chr2_233468019_233468020	chr2	233468019	233468020	42	True	39
chr2_233468199_233468200	chr2	233468199	233468200	546	True	39
chr2_233491478_233491479	chr2	233491478	233491479	0	False	NA
chr2_233497583_233497584	chr2	233497583	233497584	0	False	NA
chr2_233498179_233498180	chr2	233498179	233498180	0	False	NA
chr2_233529069_233529070	chr2	233529069	233529070	6	False	NA
chr2_233554143_233554144	chr2	233554143	233554144	391	True	39
chr2_233563375_233563376	chr2	233563375	233563376	0	False	NA
chr2_233819643_233819644	chr2	233819643	233819644	0	False	NA
chr2_233832502_233832503	chr2	233832502	233832503	0	False	NA
chr2_233843384_233843385	chr2	233843384	233843385	23	False	NA
chr2_233847218_233847219	chr2	233847218	233847219	59	True	39
chr2_233849063_233849064	chr2	233849063	233849064	179	True	39
chr2_233850371_233850372	chr2	233850371	233850372	147	True	39
chr2_233926984_233926985	chr2	233926984	233926985	0	False	NA
chr2_233928643_233928644	chr2	233928643	233928644	0	False	NA
chr2_233938045_233938046	chr2	233938045	233938046	0	False	NA
chr2_233962325_233962326	chr2	233962325	233962326	0	False	NA
chr2_234007110_234007111	chr2	234007110	234007111	0	False	NA
chr2_234010348_234010349	chr2	234010348	234010349	0	False	NA
chr2_234014895_234014896	chr2	234014895	234014896	0	False	NA
chr2_234066854_234066855	chr2	234066854	234066855	0	False	NA
chr2_235039894_235039895	chr2	235039894	235039895	40	True	39
chr2_236195845_236195846	chr2	236195845	236195846	0	False	NA
chr2_236240457_236240458	chr2	236240457	236240458	0	False	NA
chr2_236342379_236342380	chr2	236342379	236342380	0	False	NA
chr2_237334303_237334304	chr2	237334303	237334304	0	False	NA
chr2_237338892_237338893	chr2	237338892	237338893	0	False	NA
chr2_237356652_237356653	chr2	237356652	237356653	0	False	NA
chr2_237379695_237379696	chr2	237379695	237379696	0	False	NA
chr2_237395355_237395356	chr2	237395355	237395356	6	False	NA
chr2_237541836_237541837	chr2	237541836	237541837	0	False	NA
chr2_237546843_237546844	chr2	237546843	237546844	0	False	NA
chr2_237748551_237748552	chr2	237748551	237748552	11	False	NA
chr2_237755584_237755585	chr2	237755584	237755585	10	False	NA
chr2_237760684_237760685	chr2	237760684	237760685	455	True	39
chr2_237822372_237822373	chr2	237822372	237822373	0	False	NA
chr2_237824227_237824228	chr2	237824227	237824228	0	False	NA
chr2_238028293_238028294	chr2	238028293	238028294	6	False	NA
chr2_238251116_238251117	chr2	238251116	238251117	0	False	NA
chr2_238267510_238267511	chr2	238267510	238267511	16	False	NA
chr2_238277501_238277502	chr2	238277501	238277502	6	False	NA
chr2_238344180_238344181	chr2	238344180	238344181	31	False	NA
chr2_239067347_239067348	chr2	239067347	239067348	0	False	NA
chr2_240142042_240142043	chr2	240142042	240142043	0	False	NA
chr2_240507838_240507839	chr2	240507838	240507839	455	True	39
chr2_240507842_240507843	chr2	240507842	240507843	455	True	39
chr2_240598517_240598518	chr2	240598517	240598518	258	True	39
chr2_241050088_241050089	chr2	241050088	241050089	14	False	NA
chr2_241068090_241068091	chr2	241068090	241068091	0	False	NA
chr2_241083790_241083791	chr2	241083790	241083791	0	False	NA
chr2_241122899_241122900	chr2	241122899	241122900	43	True	39
chr2_241213617_241213618	chr2	241213617	241213618	0	False	NA
chr2_241217556_241217557	chr2	241217556	241217557	30	False	NA
chr2_241240390_241240391	chr2	241240390	241240391	99	True	39
chr2_241240400_241240401	chr2	241240400	241240401	99	True	39
chr2_241247468_241247469	chr2	241247468	241247469	267	True	39
chr2_241262588_241262589	chr2	241262588	241262589	144	True	39
chr2_241324112_241324113	chr2	241324112	241324113	1290	True	39
chr2_241337143_241337144	chr2	241337143	241337144	708	True	39
chr2_241462970_241462971	chr2	241462970	241462971	0	False	NA
chr2_241466388_241466389	chr2	241466388	241466389	22	False	NA
chr2_241490334_241490335	chr2	241490334	241490335	0	False	NA
chr2_241498925_241498926	chr2	241498925	241498926	1121	True	39
chr2_241507857_241507858	chr2	241507857	241507858	3405	True	39
chr2_241677402_241677403	chr2	241677402	241677403	125	True	39
chr2_241684501_241684502	chr2	241684501	241684502	327	True	39
chr2_241702328_241702329	chr2	241702328	241702329	763	True	39
chr2_241744677_241744678	chr2	241744677	241744678	586	True	39
chr2_241791533_241791534	chr2	241791533	241791534	0	False	NA
chr2_241801462_241801463	chr2	241801462	241801463	61	True	39
chr2_241803229_241803230	chr2	241803229	241803230	21	False	NA
chr2_241897368_241897369	chr2	241897368	241897369	0	False	NA
chr20_92667_92668	chr20	92667	92668	0	False	NA
chr20_489328_489329	chr20	489328	489329	27	False	NA
chr20_876749_876750	chr20	876749	876750	0	False	NA
chr20_880089_880090	chr20	880089	880090	0	False	NA
chr20_1233177_1233178	chr20	1233177	1233178	0	False	NA
chr20_1236275_1236276	chr20	1236275	1236276	0	False	NA
chr20_1245758_1245759	chr20	1245758	1245759	0	False	NA
chr20_1296998_1296999	chr20	1296998	1296999	0	False	NA
chr20_1318911_1318912	chr20	1318911	1318912	0	False	NA
chr20_2399513_2399514	chr20	2399513	2399514	0	False	NA
chr20_2493687_2493688	chr20	2493687	2493688	232	True	39
chr20_2493691_2493692	chr20	2493691	2493692	232	True	39
chr20_2493692_2493693	chr20	2493692	2493693	232	True	39
chr20_2497448_2497449	chr20	2497448	2497449	13	False	NA
chr20_3018086_3018087	chr20	3018086	3018087	0	False	NA
chr20_3035480_3035481	chr20	3035480	3035481	208	True	39
chr20_3221726_3221727	chr20	3221726	3221727	1487	True	39
chr20_3264105_3264106	chr20	3264105	3264106	81	True	39
chr20_3267365_3267366	chr20	3267365	3267366	0	False	NA
chr20_3287163_3287164	chr20	3287163	3287164	10	False	NA
chr20_3288683_3288684	chr20	3288683	3288684	11	False	NA
chr20_3292960_3292961	chr20	3292960	3292961	18	False	NA
chr20_3297843_3297844	chr20	3297843	3297844	5	False	NA
chr20_3341447_3341448	chr20	3341447	3341448	239	True	39
chr20_3381022_3381023	chr20	3381022	3381023	0	False	NA
chr20_3381678_3381679	chr20	3381678	3381679	0	False	NA
chr20_3381684_3381685	chr20	3381684	3381685	0	False	NA
chr20_3574052_3574053	chr20	3574052	3574053	0	False	NA
chr20_3598125_3598126	chr20	3598125	3598126	28	False	NA
chr20_3702325_3702326	chr20	3702325	3702326	0	False	NA
chr20_3751388_3751389	chr20	3751388	3751389	0	False	NA
chr20_3800937_3800938	chr20	3800937	3800938	502	True	39
chr20_3822930_3822931	chr20	3822930	3822931	8	False	NA
chr20_3823595_3823596	chr20	3823595	3823596	14	False	NA
chr20_3854476_3854477	chr20	3854476	3854477	444	True	39
chr20_3947559_3947560	chr20	3947559	3947560	32	False	NA
chr20_4823314_4823315	chr20	4823314	4823315	0	False	NA
chr20_4858191_4858192	chr20	4858191	4858192	27	False	NA
chr20_4862400_4862401	chr20	4862400	4862401	0	False	NA
chr20_5107041_5107042	chr20	5107041	5107042	62	True	39
chr20_5156558_5156559	chr20	5156558	5156559	74	True	39
chr20_5178815_5178816	chr20	5178815	5178816	839	True	39
chr20_5180073_5180074	chr20	5180073	5180074	37	False	NA
chr20_5573491_5573492	chr20	5573491	5573492	168	True	39
chr20_5574211_5574212	chr20	5574211	5574212	209	True	39
chr20_5601054_5601055	chr20	5601054	5601055	73	True	39
chr20_5924475_5924476	chr20	5924475	5924476	0	False	NA
chr20_5944327_5944328	chr20	5944327	5944328	32	False	NA
chr20_5952804_5952805	chr20	5952804	5952805	42	True	39
chr20_5970643_5970644	chr20	5970643	5970644	77	True	39
chr20_5989732_5989733	chr20	5989732	5989733	0	False	NA
chr20_5994209_5994210	chr20	5994209	5994210	21	False	NA
chr20_6044314_6044315	chr20	6044314	6044315	0	False	NA
chr20_6087277_6087278	chr20	6087277	6087278	11	False	NA
chr20_6089352_6089353	chr20	6089352	6089353	12	False	NA
chr20_6769045_6769046	chr20	6769045	6769046	0	False	NA
chr20_7884101_7884102	chr20	7884101	7884102	0	False	NA
chr20_7937906_7937907	chr20	7937906	7937907	0	False	NA
chr20_8000304_8000305	chr20	8000304	8000305	0	False	NA
chr20_8000308_8000309	chr20	8000308	8000309	0	False	NA
chr20_8004255_8004256	chr20	8004255	8004256	7	False	NA
chr20_8648455_8648456	chr20	8648455	8648456	0	False	NA
chr20_8650362_8650363	chr20	8650362	8650363	183	True	39
chr20_9381554_9381555	chr20	9381554	9381555	0	False	NA
chr20_9390887_9390888	chr20	9390887	9390888	0	False	NA
chr20_9404287_9404288	chr20	9404287	9404288	0	False	NA
chr20_10036451_10036452	chr20	10036451	10036452	0	False	NA
chr20_10052652_10052653	chr20	10052652	10052653	0	False	NA
chr20_10409633_10409634	chr20	10409633	10409634	0	False	NA
chr20_10647605_10647606	chr20	10647605	10647606	85	True	39
chr20_10655354_10655355	chr20	10655354	10655355	15	False	NA
chr20_11921503_11921504	chr20	11921503	11921504	9	False	NA
chr20_13287437_13287438	chr20	13287437	13287438	0	False	NA
chr20_13531040_13531041	chr20	13531040	13531041	13	False	NA
chr20_13776852_13776853	chr20	13776852	13776853	65	True	39
chr20_13813738_13813739	chr20	13813738	13813739	22	False	NA
chr20_13883216_13883217	chr20	13883216	13883217	0	False	NA
chr20_14622807_14622808	chr20	14622807	14622808	0	False	NA
chr20_16374018_16374019	chr20	16374018	16374019	0	False	NA
chr20_16507607_16507608	chr20	16507607	16507608	11	False	NA
chr20_16737467_16737468	chr20	16737467	16737468	136	True	39
chr20_16739229_16739230	chr20	16739229	16739230	5	False	NA
chr20_17454163_17454164	chr20	17454163	17454164	0	False	NA
chr20_17509325_17509326	chr20	17509325	17509326	0	False	NA
chr20_17514215_17514216	chr20	17514215	17514216	0	False	NA
chr20_17615596_17615597	chr20	17615596	17615597	698	True	39
chr20_17615692_17615693	chr20	17615692	17615693	1801	True	39
chr20_17615737_17615738	chr20	17615737	17615738	1787	True	39
chr20_17615771_17615772	chr20	17615771	17615772	2434	True	39
chr20_17615856_17615857	chr20	17615856	17615857	2236	True	39
chr20_17620457_17620458	chr20	17620457	17620458	2025	True	39
chr20_17620462_17620463	chr20	17620462	17620463	1950	True	39
chr20_17621208_17621209	chr20	17621208	17621209	489	True	39
chr20_17625691_17625692	chr20	17625691	17625692	4847	True	29
chr20_17952711_17952712	chr20	17952711	17952712	4067	True	19
chr20_17972275_17972276	chr20	17972275	17972276	320	True	39
chr20_18154243_18154244	chr20	18154243	18154244	29	False	NA
chr20_18160178_18160179	chr20	18160178	18160179	0	False	NA
chr20_18385189_18385190	chr20	18385189	18385190	0	False	NA
chr20_18385193_18385194	chr20	18385193	18385194	0	False	NA
chr20_18385202_18385203	chr20	18385202	18385203	0	False	NA
chr20_18395502_18395503	chr20	18395502	18395503	0	False	NA
chr20_18490072_18490073	chr20	18490072	18490073	145	True	39
chr20_18526328_18526329	chr20	18526328	18526329	384	True	39
chr20_19697808_19697809	chr20	19697808	19697809	0	False	NA
chr20_19958413_19958414	chr20	19958413	19958414	0	False	NA
chr20_19959243_19959244	chr20	19959243	19959244	0	False	NA
chr20_20022987_20022988	chr20	20022987	20022988	126	True	39
chr20_20024634_20024635	chr20	20024634	20024635	209	True	39
chr20_20027640_20027641	chr20	20027640	20027641	53	True	39
chr20_20038825_20038826	chr20	20038825	20038826	11	False	NA
chr20_20039257_20039258	chr20	20039257	20039258	0	False	NA
chr20_20040956_20040957	chr20	20040956	20040957	0	False	NA
chr20_20046815_20046816	chr20	20046815	20046816	32	False	NA
chr20_20047147_20047148	chr20	20047147	20047148	72	True	39
chr20_20395017_20395018	chr20	20395017	20395018	49	True	39
chr20_21230996_21230997	chr20	21230996	21230997	29	False	NA
chr20_21332224_21332225	chr20	21332224	21332225	638	True	39
chr20_21344940_21344941	chr20	21344940	21344941	455	True	39
chr20_21348053_21348054	chr20	21348053	21348054	348	True	39
chr20_21349113_21349114	chr20	21349113	21349114	283	True	39
chr20_21355042_21355043	chr20	21355042	21355043	65	True	39
chr20_21359959_21359960	chr20	21359959	21359960	178	True	39
chr20_21366789_21366790	chr20	21366789	21366790	148	True	39
chr20_21387370_21387371	chr20	21387370	21387371	0	False	NA
chr20_23369747_23369748	chr20	23369747	23369748	51	True	39
chr20_23491408_23491409	chr20	23491408	23491409	0	False	NA
chr20_23494025_23494026	chr20	23494025	23494026	0	False	NA
chr20_23605099_23605100	chr20	23605099	23605100	0	False	NA
chr20_25012741_25012742	chr20	25012741	25012742	449	True	39
chr20_25012751_25012752	chr20	25012751	25012752	498	True	39
chr20_25081267_25081268	chr20	25081267	25081268	0	False	NA
chr20_25281288_25281289	chr20	25281288	25281289	6	False	NA
chr20_25290295_25290296	chr20	25290295	25290296	36	False	NA
chr20_25290299_25290300	chr20	25290299	25290300	36	False	NA
chr20_25416075_25416076	chr20	25416075	25416076	78	True	39
chr20_25459181_25459182	chr20	25459181	25459182	191	True	39
chr20_25500696_25500697	chr20	25500696	25500697	571	True	39
chr20_25520204_25520205	chr20	25520204	25520205	21	False	NA
chr20_31258076_31258077	chr20	31258076	31258077	0	False	NA
chr20_31477112_31477113	chr20	31477112	31477113	0	False	NA
chr20_31559232_31559233	chr20	31559232	31559233	195	True	39
chr20_31638667_31638668	chr20	31638667	31638668	0	False	NA
chr20_31771167_31771168	chr20	31771167	31771168	32	False	NA
chr20_31779222_31779223	chr20	31779222	31779223	35	False	NA
chr20_31920718_31920719	chr20	31920718	31920719	0	False	NA
chr20_31948300_31948301	chr20	31948300	31948301	44	True	39
chr20_32074038_32074039	chr20	32074038	32074039	0	False	NA
chr20_32084312_32084313	chr20	32084312	32084313	0	False	NA
chr20_32091299_32091300	chr20	32091299	32091300	0	False	NA
chr20_32101212_32101213	chr20	32101212	32101213	0	False	NA
chr20_32150944_32150945	chr20	32150944	32150945	910	True	39
chr20_32455767_32455768	chr20	32455767	32455768	553	True	39
chr20_32705871_32705872	chr20	32705871	32705872	0	False	NA
chr20_32786476_32786477	chr20	32786476	32786477	440	True	39
chr20_32835458_32835459	chr20	32835458	32835459	80	True	39
chr20_32839200_32839201	chr20	32839200	32839201	29	False	NA
chr20_32847201_32847202	chr20	32847201	32847202	313	True	39
chr20_32860838_32860839	chr20	32860838	32860839	10	False	NA
chr20_32882446_32882447	chr20	32882446	32882447	0	False	NA
chr20_32894630_32894631	chr20	32894630	32894631	8	False	NA
chr20_33008372_33008373	chr20	33008372	33008373	2863	True	39
chr20_33011285_33011286	chr20	33011285	33011286	6334	True	22
chr20_33013662_33013663	chr20	33013662	33013663	2353	True	39
chr20_33018909_33018910	chr20	33018909	33018910	10522	True	5
chr20_33019425_33019426	chr20	33019425	33019426	10674	True	5
chr20_33021000_33021001	chr20	33021000	33021001	14861	True	5
chr20_33021047_33021048	chr20	33021047	33021048	15362	True	5
chr20_33021448_33021449	chr20	33021448	33021449	4211	True	7
chr20_33032897_33032898	chr20	33032897	33032898	6	False	NA
chr20_33062070_33062071	chr20	33062070	33062071	0	False	NA
chr20_33177677_33177678	chr20	33177677	33177678	0	False	NA
chr20_33238551_33238552	chr20	33238551	33238552	0	False	NA
chr20_33303671_33303672	chr20	33303671	33303672	0	False	NA
chr20_33304119_33304120	chr20	33304119	33304120	0	False	NA
chr20_33304377_33304378	chr20	33304377	33304378	0	False	NA
chr20_33607598_33607599	chr20	33607598	33607599	27	False	NA
chr20_33629520_33629521	chr20	33629520	33629521	23	False	NA
chr20_33659083_33659084	chr20	33659083	33659084	2715	True	39
chr20_33659124_33659125	chr20	33659124	33659125	2515	True	39
chr20_33715389_33715390	chr20	33715389	33715390	0	False	NA
chr20_33753683_33753684	chr20	33753683	33753684	11	False	NA
chr20_33763717_33763718	chr20	33763717	33763718	5	False	NA
chr20_33852007_33852008	chr20	33852007	33852008	408	True	39
chr20_34092807_34092808	chr20	34092807	34092808	108	True	39
chr20_34104310_34104311	chr20	34104310	34104311	83	True	39
chr20_34104631_34104632	chr20	34104631	34104632	150	True	39
chr20_34438691_34438692	chr20	34438691	34438692	430	True	39
chr20_34478299_34478300	chr20	34478299	34478300	30	False	NA
chr20_34539052_34539053	chr20	34539052	34539053	10	False	NA
chr20_34539056_34539057	chr20	34539056	34539057	10	False	NA
chr20_34728848_34728849	chr20	34728848	34728849	37	False	NA
chr20_34738858_34738859	chr20	34738858	34738859	64	True	39
chr20_34776758_34776759	chr20	34776758	34776759	5	False	NA
chr20_34926789_34926790	chr20	34926789	34926790	311	True	39
chr20_34954091_34954092	chr20	34954091	34954092	0	False	NA
chr20_35011329_35011330	chr20	35011329	35011330	217	True	39
chr20_35126972_35126973	chr20	35126972	35126973	8	False	NA
chr20_35247133_35247134	chr20	35247133	35247134	0	False	NA
chr20_35248205_35248206	chr20	35248205	35248206	0	False	NA
chr20_35269248_35269249	chr20	35269248	35269249	0	False	NA
chr20_35465711_35465712	chr20	35465711	35465712	831	True	39
chr20_35466856_35466857	chr20	35466856	35466857	51	True	39
chr20_35476794_35476795	chr20	35476794	35476795	29	False	NA
chr20_35527443_35527444	chr20	35527443	35527444	0	False	NA
chr20_35547585_35547586	chr20	35547585	35547586	694	True	39
chr20_35631173_35631174	chr20	35631173	35631174	3907	True	39
chr20_35801439_35801440	chr20	35801439	35801440	282	True	39
chr20_35975866_35975867	chr20	35975866	35975867	0	False	NA
chr20_36184675_36184676	chr20	36184675	36184676	0	False	NA
chr20_36185645_36185646	chr20	36185645	36185646	0	False	NA
chr20_36238358_36238359	chr20	36238358	36238359	0	False	NA
chr20_36606820_36606821	chr20	36606820	36606821	107	True	39
chr20_36671109_36671110	chr20	36671109	36671110	57	True	39
chr20_37005486_37005487	chr20	37005486	37005487	43	True	39
chr20_37034558_37034559	chr20	37034558	37034559	7	False	NA
chr20_37036039_37036040	chr20	37036039	37036040	49	True	39
chr20_37043846_37043847	chr20	37043846	37043847	0	False	NA
chr20_37048751_37048752	chr20	37048751	37048752	0	False	NA
chr20_37064483_37064484	chr20	37064483	37064484	10	False	NA
chr20_37138660_37138661	chr20	37138660	37138661	0	False	NA
chr20_37145077_37145078	chr20	37145077	37145078	0	False	NA
chr20_37238985_37238986	chr20	37238985	37238986	68	True	39
chr20_37251855_37251856	chr20	37251855	37251856	0	False	NA
chr20_37765119_37765120	chr20	37765119	37765120	260	True	39
chr20_38007251_38007252	chr20	38007251	38007252	10	False	NA
chr20_38016126_38016127	chr20	38016126	38016127	6	False	NA
chr20_38034279_38034280	chr20	38034279	38034280	269	True	39
chr20_38225531_38225532	chr20	38225531	38225532	0	False	NA
chr20_38322137_38322138	chr20	38322137	38322138	0	False	NA
chr20_38327250_38327251	chr20	38327250	38327251	0	False	NA
chr20_38375743_38375744	chr20	38375743	38375744	0	False	NA
chr20_38510578_38510579	chr20	38510578	38510579	23	False	NA
chr20_38553502_38553503	chr20	38553502	38553503	6	False	NA
chr20_38554596_38554597	chr20	38554596	38554597	0	False	NA
chr20_38564459_38564460	chr20	38564459	38564460	77	True	39
chr20_38587476_38587477	chr20	38587476	38587477	0	False	NA
chr20_38626901_38626902	chr20	38626901	38626902	53	True	39
chr20_38750392_38750393	chr20	38750392	38750393	30	False	NA
chr20_38962112_38962113	chr20	38962112	38962113	0	False	NA
chr20_38987915_38987916	chr20	38987915	38987916	23	False	NA
chr20_39002416_39002417	chr20	39002416	39002417	35	False	NA
chr20_39004425_39004426	chr20	39004425	39004426	5	False	NA
chr20_39004826_39004827	chr20	39004826	39004827	18	False	NA
chr20_39018157_39018158	chr20	39018157	39018158	0	False	NA
chr20_39024964_39024965	chr20	39024964	39024965	88	True	39
chr20_41078881_41078882	chr20	41078881	41078882	30	False	NA
chr20_41079930_41079931	chr20	41079930	41079931	128	True	39
chr20_41081626_41081627	chr20	41081626	41081627	57	True	39
chr20_41089341_41089342	chr20	41089341	41089342	46	True	39
chr20_41162940_41162941	chr20	41162940	41162941	4550	True	29
chr20_41163919_41163920	chr20	41163919	41163920	2229	True	39
chr20_41206269_41206270	chr20	41206269	41206270	7	False	NA
chr20_41238886_41238887	chr20	41238886	41238887	0	False	NA
chr20_41348560_41348561	chr20	41348560	41348561	181	True	39
chr20_41352312_41352313	chr20	41352312	41352313	562	True	39
chr20_41453953_41453954	chr20	41453953	41453954	186	True	39
chr20_41486235_41486236	chr20	41486235	41486236	99	True	39
chr20_41490109_41490110	chr20	41490109	41490110	55	True	39
chr20_41494670_41494671	chr20	41494670	41494671	26	False	NA
chr20_41495962_41495963	chr20	41495962	41495963	50	True	39
chr20_42103863_42103864	chr20	42103863	42103864	0	False	NA
chr20_42105458_42105459	chr20	42105458	42105459	0	False	NA
chr20_42111495_42111496	chr20	42111495	42111496	0	False	NA
chr20_42772097_42772098	chr20	42772097	42772098	0	False	NA
chr20_43458286_43458287	chr20	43458286	43458287	6214	True	30
chr20_43458359_43458360	chr20	43458359	43458360	7765	True	30
chr20_43514844_43514845	chr20	43514844	43514845	1101	True	39
chr20_43605608_43605609	chr20	43605608	43605609	8	False	NA
chr20_43611127_43611128	chr20	43611127	43611128	7	False	NA
chr20_43638033_43638034	chr20	43638033	43638034	5	False	NA
chr20_43700457_43700458	chr20	43700457	43700458	429	True	39
chr20_43710809_43710810	chr20	43710809	43710810	49	True	39
chr20_44511764_44511765	chr20	44511764	44511765	89	True	39
chr20_44534070_44534071	chr20	44534070	44534071	0	False	NA
chr20_44616486_44616487	chr20	44616486	44616487	5	False	NA
chr20_44634741_44634742	chr20	44634741	44634742	0	False	NA
chr20_44921935_44921936	chr20	44921935	44921936	75	True	39
chr20_44957136_44957137	chr20	44957136	44957137	5	False	NA
chr20_45111668_45111669	chr20	45111668	45111669	0	False	NA
chr20_45176208_45176209	chr20	45176208	45176209	0	False	NA
chr20_45253833_45253834	chr20	45253833	45253834	0	False	NA
chr20_45374176_45374177	chr20	45374176	45374177	0	False	NA
chr20_45552367_45552368	chr20	45552367	45552368	0	False	NA
chr20_45609757_45609758	chr20	45609757	45609758	0	False	NA
chr20_45704664_45704665	chr20	45704664	45704665	0	False	NA
chr20_45707370_45707371	chr20	45707370	45707371	0	False	NA
chr20_45813410_45813411	chr20	45813410	45813411	462	True	39
chr20_45946983_45946984	chr20	45946983	45946984	140	True	39
chr20_46572183_46572184	chr20	46572183	46572184	0	False	NA
chr20_47228604_47228605	chr20	47228604	47228605	726	True	39
chr20_47638845_47638846	chr20	47638845	47638846	77	True	39
chr20_47638849_47638850	chr20	47638849	47638850	77	True	39
chr20_47646804_47646805	chr20	47646804	47646805	86	True	39
chr20_47658852_47658853	chr20	47658852	47658853	5	False	NA
chr20_47664584_47664585	chr20	47664584	47664585	0	False	NA
chr20_47669348_47669349	chr20	47669348	47669349	11	False	NA
chr20_48640380_48640381	chr20	48640380	48640381	0	False	NA
chr20_48641526_48641527	chr20	48641526	48641527	14	False	NA
chr20_48651329_48651330	chr20	48651329	48651330	5	False	NA
chr20_48676998_48676999	chr20	48676998	48676999	0	False	NA
chr20_48684622_48684623	chr20	48684622	48684623	0	False	NA
chr20_48706198_48706199	chr20	48706198	48706199	0	False	NA
chr20_48972189_48972190	chr20	48972189	48972190	193	True	39
chr20_48982888_48982889	chr20	48982888	48982889	196	True	39
chr20_49001565_49001566	chr20	49001565	49001566	28	False	NA
chr20_49017944_49017945	chr20	49017944	49017945	9	False	NA
chr20_49068607_49068608	chr20	49068607	49068608	610	True	39
chr20_49076107_49076108	chr20	49076107	49076108	35	False	NA
chr20_49084878_49084879	chr20	49084878	49084879	95	True	39
chr20_49096070_49096071	chr20	49096070	49096071	620	True	39
chr20_49239694_49239695	chr20	49239694	49239695	11	False	NA
chr20_49256499_49256500	chr20	49256499	49256500	0	False	NA
chr20_49266392_49266393	chr20	49266392	49266393	18	False	NA
chr20_49642152_49642153	chr20	49642152	49642153	33	False	NA
chr20_49854434_49854435	chr20	49854434	49854435	28	False	NA
chr20_49946038_49946039	chr20	49946038	49946039	252	True	39
chr20_50581229_50581230	chr20	50581229	50581230	1011	True	39
chr20_50896812_50896813	chr20	50896812	50896813	249	True	39
chr20_51609493_51609494	chr20	51609493	51609494	259	True	39
chr20_51617598_51617599	chr20	51617598	51617599	145	True	39
chr20_52095656_52095657	chr20	52095656	52095657	6	False	NA
chr20_53569363_53569364	chr20	53569363	53569364	319	True	39
chr20_54215113_54215114	chr20	54215113	54215114	0	False	NA
chr20_54217928_54217929	chr20	54217928	54217929	5	False	NA
chr20_54649566_54649567	chr20	54649566	54649567	0	False	NA
chr20_56372223_56372224	chr20	56372223	56372224	135	True	39
chr20_56385242_56385243	chr20	56385242	56385243	129	True	39
chr20_56494011_56494012	chr20	56494011	56494012	0	False	NA
chr20_56502890_56502891	chr20	56502890	56502891	0	False	NA
chr20_56637389_56637390	chr20	56637389	56637390	0	False	NA
chr20_57332183_57332184	chr20	57332183	57332184	0	False	NA
chr20_57335678_57335679	chr20	57335678	57335679	0	False	NA
chr20_57342594_57342595	chr20	57342594	57342595	0	False	NA
chr20_57342601_57342602	chr20	57342601	57342602	0	False	NA
chr20_57343310_57343311	chr20	57343310	57343311	0	False	NA
chr20_57503063_57503064	chr20	57503063	57503064	0	False	NA
chr20_57611958_57611959	chr20	57611958	57611959	0	False	NA
chr20_57613551_57613552	chr20	57613551	57613552	0	False	NA
chr20_58153954_58153955	chr20	58153954	58153955	0	False	NA
chr20_58219981_58219982	chr20	58219981	58219982	0	False	NA
chr20_58219987_58219988	chr20	58219987	58219988	0	False	NA
chr20_58354089_58354090	chr20	58354089	58354090	45	True	39
chr20_58358463_58358464	chr20	58358463	58358464	0	False	NA
chr20_58668282_58668283	chr20	58668282	58668283	163	True	39
chr20_58668286_58668287	chr20	58668286	58668287	163	True	39
chr20_58675522_58675523	chr20	58675522	58675523	671	True	39
chr20_58703070_58703071	chr20	58703070	58703071	312	True	39
chr20_58705402_58705403	chr20	58705402	58705403	59	True	39
chr20_58709502_58709503	chr20	58709502	58709503	54	True	39
chr20_59845410_59845411	chr20	59845410	59845411	0	False	NA
chr20_59875821_59875822	chr20	59875821	59875822	0	False	NA
chr20_59879618_59879619	chr20	59879618	59879619	0	False	NA
chr20_59882272_59882273	chr20	59882272	59882273	0	False	NA
chr20_59894727_59894728	chr20	59894727	59894728	0	False	NA
chr20_59903687_59903688	chr20	59903687	59903688	0	False	NA
chr20_59983228_59983229	chr20	59983228	59983229	0	False	NA
chr20_59986181_59986182	chr20	59986181	59986182	0	False	NA
chr20_60010035_60010036	chr20	60010035	60010036	0	False	NA
chr20_61850754_61850755	chr20	61850754	61850755	0	False	NA
chr20_62133710_62133711	chr20	62133710	62133711	150	True	39
chr20_62163387_62163388	chr20	62163387	62163388	579	True	39
chr20_62174770_62174771	chr20	62174770	62174771	95	True	39
chr20_62306486_62306487	chr20	62306486	62306487	491	True	39
chr20_62306646_62306647	chr20	62306646	62306647	1031	True	39
chr20_62319140_62319141	chr20	62319140	62319141	3093	True	39
chr20_62322505_62322506	chr20	62322505	62322506	5566	True	29
chr20_62322893_62322894	chr20	62322893	62322894	6717	True	29
chr20_62323380_62323381	chr20	62323380	62323381	5358	True	29
chr20_62326437_62326438	chr20	62326437	62326438	1611	True	39
chr20_62327095_62327096	chr20	62327095	62327096	626	True	39
chr20_62328653_62328654	chr20	62328653	62328654	2517	True	39
chr20_62395341_62395342	chr20	62395341	62395342	0	False	NA
chr20_62418138_62418139	chr20	62418138	62418139	0	False	NA
chr20_62798947_62798948	chr20	62798947	62798948	434	True	39
chr20_62804643_62804644	chr20	62804643	62804644	0	False	NA
chr20_62826966_62826967	chr20	62826966	62826967	192	True	39
chr20_62838503_62838504	chr20	62838503	62838504	30	False	NA
chr20_62962501_62962502	chr20	62962501	62962502	4085	True	29
chr20_62963424_62963425	chr20	62963424	62963425	5376	True	29
chr20_62964133_62964134	chr20	62964133	62964134	16130	True	5
chr20_63283985_63283986	chr20	63283985	63283986	10176	True	26
chr20_63284017_63284018	chr20	63284017	63284018	9369	True	26
chr20_63308351_63308352	chr20	63308351	63308352	0	False	NA
chr20_63326655_63326656	chr20	63326655	63326656	0	False	NA
chr20_63541801_63541802	chr20	63541801	63541802	0	False	NA
chr20_63642400_63642401	chr20	63642400	63642401	169	True	39
chr20_63681704_63681705	chr20	63681704	63681705	2236	True	39
chr20_63689402_63689403	chr20	63689402	63689403	134	True	39
chr20_63738551_63738552	chr20	63738551	63738552	1252	True	39
chr20_63739398_63739399	chr20	63739398	63739399	1923	True	39
chr20_63740169_63740170	chr20	63740169	63740170	2774	True	39
chr20_63923451_63923452	chr20	63923451	63923452	120	True	39
chr20_63931339_63931340	chr20	63931339	63931340	2472	True	39
chr20_63943988_63943989	chr20	63943988	63943989	4067	True	39
chr20_63969494_63969495	chr20	63969494	63969495	1412	True	39
chr20_63985964_63985965	chr20	63985964	63985965	7	False	NA
chr20_63990130_63990131	chr20	63990130	63990131	0	False	NA
chr20_64038449_64038450	chr20	64038449	64038450	2035	True	39
chr21_10522043_10522044	chr21	10522043	10522044	6	False	NA
chr21_10539312_10539313	chr21	10539312	10539313	0	False	NA
chr21_10598318_10598319	chr21	10598318	10598319	0	False	NA
chr21_10604289_10604290	chr21	10604289	10604290	0	False	NA
chr21_10605311_10605312	chr21	10605311	10605312	0	False	NA
chr21_14165765_14165766	chr21	14165765	14165766	0	False	NA
chr21_14186849_14186850	chr21	14186849	14186850	0	False	NA
chr21_14216430_14216431	chr21	14216430	14216431	0	False	NA
chr21_14223631_14223632	chr21	14223631	14223632	0	False	NA
chr21_14225419_14225420	chr21	14225419	14225420	9	False	NA
chr21_14375013_14375014	chr21	14375013	14375014	35	False	NA
chr21_14597834_14597835	chr21	14597834	14597835	0	False	NA
chr21_15764883_15764884	chr21	15764883	15764884	0	False	NA
chr21_15822410_15822411	chr21	15822410	15822411	29	False	NA
chr21_15825482_15825483	chr21	15825482	15825483	89	True	39
chr21_15831833_15831834	chr21	15831833	15831834	287	True	39
chr21_15839241_15839242	chr21	15839241	15839242	68	True	39
chr21_15864874_15864875	chr21	15864874	15864875	6	False	NA
chr21_17600020_17600021	chr21	17600020	17600021	66	True	39
chr21_17607230_17607231	chr21	17607230	17607231	70	True	39
chr21_17796171_17796172	chr21	17796171	17796172	0	False	NA
chr21_18258047_18258048	chr21	18258047	18258048	0	False	NA
chr21_18275914_18275915	chr21	18275914	18275915	0	False	NA
chr21_25590263_25590264	chr21	25590263	25590264	40	True	39
chr21_25597611_25597612	chr21	25597611	25597612	74	True	39
chr21_25602055_25602056	chr21	25602055	25602056	50	True	39
chr21_25698522_25698523	chr21	25698522	25698523	0	False	NA
chr21_25701331_25701332	chr21	25701331	25701332	0	False	NA
chr21_25760450_25760451	chr21	25760450	25760451	23	False	NA
chr21_25765211_25765212	chr21	25765211	25765212	0	False	NA
chr21_25894661_25894662	chr21	25894661	25894662	0	False	NA
chr21_26943223_26943224	chr21	26943223	26943224	0	False	NA
chr21_28878333_28878334	chr21	28878333	28878334	44	True	39
chr21_28880342_28880343	chr21	28880342	28880343	0	False	NA
chr21_28956460_28956461	chr21	28956460	28956461	22	False	NA
chr21_28982590_28982591	chr21	28982590	28982591	15	False	NA
chr21_29060780_29060781	chr21	29060780	29060781	30	False	NA
chr21_29323592_29323593	chr21	29323592	29323593	81	True	39
chr21_29352485_29352486	chr21	29352485	29352486	30	False	NA
chr21_29373204_29373205	chr21	29373204	29373205	0	False	NA
chr21_29497162_29497163	chr21	29497162	29497163	5	False	NA
chr21_29588491_29588492	chr21	29588491	29588492	0	False	NA
chr21_31133809_31133810	chr21	31133809	31133810	0	False	NA
chr21_31185224_31185225	chr21	31185224	31185225	0	False	NA
chr21_31195405_31195406	chr21	31195405	31195406	8	False	NA
chr21_31211867_31211868	chr21	31211867	31211868	0	False	NA
chr21_32320229_32320230	chr21	32320229	32320230	25	False	NA
chr21_32367061_32367062	chr21	32367061	32367062	150	True	39
chr21_32577383_32577384	chr21	32577383	32577384	0	False	NA
chr21_32654436_32654437	chr21	32654436	32654437	0	False	NA
chr21_32665416_32665417	chr21	32665416	32665417	0	False	NA
chr21_32670756_32670757	chr21	32670756	32670757	0	False	NA
chr21_32677528_32677529	chr21	32677528	32677529	18	False	NA
chr21_32679815_32679816	chr21	32679815	32679816	10	False	NA
chr21_32735447_32735448	chr21	32735447	32735448	125	True	39
chr21_32737041_32737042	chr21	32737041	32737042	203	True	39
chr21_33281043_33281044	chr21	33281043	33281044	0	False	NA
chr21_33294954_33294955	chr21	33294954	33294955	33	False	NA
chr21_33434018_33434019	chr21	33434018	33434019	46	True	39
chr21_33459949_33459950	chr21	33459949	33459950	201	True	39
chr21_33532893_33532894	chr21	33532893	33532894	132	True	39
chr21_33581541_33581542	chr21	33581541	33581542	186	True	39
chr21_33620221_33620222	chr21	33620221	33620222	50	True	39
chr21_33646266_33646267	chr21	33646266	33646267	18	False	NA
chr21_33814927_33814928	chr21	33814927	33814928	50	True	39
chr21_33822408_33822409	chr21	33822408	33822409	6	False	NA
chr21_33835034_33835035	chr21	33835034	33835035	0	False	NA
chr21_33867862_33867863	chr21	33867862	33867863	0	False	NA
chr21_33913305_33913306	chr21	33913305	33913306	31	False	NA
chr21_33914083_33914084	chr21	33914083	33914084	49	True	39
chr21_36036320_36036321	chr21	36036320	36036321	46	True	39
chr21_36046226_36046227	chr21	36046226	36046227	8	False	NA
chr21_36046951_36046952	chr21	36046951	36046952	40	True	39
chr21_36136644_36136645	chr21	36136644	36136645	0	False	NA
chr21_36260430_36260431	chr21	36260430	36260431	0	False	NA
chr21_36260434_36260435	chr21	36260434	36260435	0	False	NA
chr21_36262498_36262499	chr21	36262498	36262499	0	False	NA
chr21_36266530_36266531	chr21	36266530	36266531	0	False	NA
chr21_36360601_36360602	chr21	36360601	36360602	420	True	39
chr21_36362653_36362654	chr21	36362653	36362654	78	True	39
chr21_36367106_36367107	chr21	36367106	36367107	7	False	NA
chr21_36371141_36371142	chr21	36371141	36371142	32	False	NA
chr21_36408540_36408541	chr21	36408540	36408541	13	False	NA
chr21_36746421_36746422	chr21	36746421	36746422	0	False	NA
chr21_36754993_36754994	chr21	36754993	36754994	0	False	NA
chr21_36759493_36759494	chr21	36759493	36759494	0	False	NA
chr21_37069217_37069218	chr21	37069217	37069218	11	False	NA
chr21_37125167_37125168	chr21	37125167	37125168	37	False	NA
chr21_37127131_37127132	chr21	37127131	37127132	33	False	NA
chr21_37134483_37134484	chr21	37134483	37134484	0	False	NA
chr21_37148001_37148002	chr21	37148001	37148002	14	False	NA
chr21_37154611_37154612	chr21	37154611	37154612	34	False	NA
chr21_37185251_37185252	chr21	37185251	37185252	41	True	39
chr21_37190655_37190656	chr21	37190655	37190656	6	False	NA
chr21_37200796_37200797	chr21	37200796	37200797	88	True	39
chr21_37240117_37240118	chr21	37240117	37240118	5	False	NA
chr21_37479140_37479141	chr21	37479140	37479141	51	True	39
chr21_37491018_37491019	chr21	37491018	37491019	45	True	39
chr21_38008910_38008911	chr21	38008910	38008911	24	False	NA
chr21_38395948_38395949	chr21	38395948	38395949	0	False	NA
chr21_38819476_38819477	chr21	38819476	38819477	525	True	39
chr21_39176758_39176759	chr21	39176758	39176759	47	True	39
chr21_39183061_39183062	chr21	39183061	39183062	189	True	39
chr21_39197716_39197717	chr21	39197716	39197717	18	False	NA
chr21_39202154_39202155	chr21	39202154	39202155	0	False	NA
chr21_39214102_39214103	chr21	39214102	39214103	44	True	39
chr21_39230240_39230241	chr21	39230240	39230241	525	True	39
chr21_39248351_39248352	chr21	39248351	39248352	137	True	39
chr21_39256328_39256329	chr21	39256328	39256329	15	False	NA
chr21_39267974_39267975	chr21	39267974	39267975	109	True	39
chr21_39278255_39278256	chr21	39278255	39278256	237	True	39
chr21_39425221_39425222	chr21	39425221	39425222	0	False	NA
chr21_39512417_39512418	chr21	39512417	39512418	0	False	NA
chr21_39786786_39786787	chr21	39786786	39786787	0	False	NA
chr21_39788732_39788733	chr21	39788732	39788733	0	False	NA
chr21_39793129_39793130	chr21	39793129	39793130	0	False	NA
chr21_40042711_40042712	chr21	40042711	40042712	0	False	NA
chr21_40086259_40086260	chr21	40086259	40086260	0	False	NA
chr21_40188244_40188245	chr21	40188244	40188245	0	False	NA
chr21_41245416_41245417	chr21	41245416	41245417	0	False	NA
chr21_41345132_41345133	chr21	41345132	41345133	106	True	39
chr21_41349674_41349675	chr21	41349674	41349675	5	False	NA
chr21_41466484_41466485	chr21	41466484	41466485	0	False	NA
chr21_41841320_41841321	chr21	41841320	41841321	0	False	NA
chr21_41869919_41869920	chr21	41869919	41869920	0	False	NA
chr21_41870968_41870969	chr21	41870968	41870969	0	False	NA
chr21_41910338_41910339	chr21	41910338	41910339	26	False	NA
chr21_41917481_41917482	chr21	41917481	41917482	0	False	NA
chr21_41918338_41918339	chr21	41918338	41918339	5	False	NA
chr21_42005961_42005962	chr21	42005961	42005962	83	True	39
chr21_42112225_42112226	chr21	42112225	42112226	0	False	NA
chr21_42279891_42279892	chr21	42279891	42279892	0	False	NA
chr21_42287591_42287592	chr21	42287591	42287592	0	False	NA
chr21_42290025_42290026	chr21	42290025	42290026	0	False	NA
chr21_42380802_42380803	chr21	42380802	42380803	6	False	NA
chr21_42424284_42424285	chr21	42424284	42424285	0	False	NA
chr21_42443966_42443967	chr21	42443966	42443967	0	False	NA
chr21_42539333_42539334	chr21	42539333	42539334	6	False	NA
chr21_42567419_42567420	chr21	42567419	42567420	0	False	NA
chr21_42768819_42768820	chr21	42768819	42768820	0	False	NA
chr21_42923159_42923160	chr21	42923159	42923160	0	False	NA
chr21_43005301_43005302	chr21	43005301	43005302	0	False	NA
chr21_43016412_43016413	chr21	43016412	43016413	0	False	NA
chr21_43740262_43740263	chr21	43740262	43740263	271	True	39
chr21_43801721_43801722	chr21	43801721	43801722	1153	True	39
chr21_44033082_44033083	chr21	44033082	44033083	381	True	39
chr21_44055696_44055697	chr21	44055696	44055697	387	True	39
chr21_44074778_44074779	chr21	44074778	44074779	6	False	NA
chr21_44079392_44079393	chr21	44079392	44079393	86	True	39
chr21_44079396_44079397	chr21	44079396	44079397	86	True	39
chr21_44107859_44107860	chr21	44107859	44107860	0	False	NA
chr21_44114541_44114542	chr21	44114541	44114542	0	False	NA
chr21_44120629_44120630	chr21	44120629	44120630	0	False	NA
chr21_44120946_44120947	chr21	44120946	44120947	0	False	NA
chr21_44258345_44258346	chr21	44258345	44258346	0	False	NA
chr21_44319124_44319125	chr21	44319124	44319125	138	True	39
chr21_44393824_44393825	chr21	44393824	44393825	0	False	NA
chr21_44399724_44399725	chr21	44399724	44399725	0	False	NA
chr21_44425448_44425449	chr21	44425448	44425449	0	False	NA
chr21_44425452_44425453	chr21	44425452	44425453	0	False	NA
chr21_44527904_44527905	chr21	44527904	44527905	0	False	NA
chr21_44771641_44771642	chr21	44771641	44771642	46	True	39
chr21_45181231_45181232	chr21	45181231	45181232	445	True	39
chr21_45183960_45183961	chr21	45183960	45183961	71	True	39
chr21_45475381_45475382	chr21	45475381	45475382	6298	True	31
chr21_45476019_45476020	chr21	45476019	45476020	3277	True	39
chr21_45478165_45478166	chr21	45478165	45478166	343	True	39
chr21_45492913_45492914	chr21	45492913	45492914	3073	True	39
chr21_45526429_45526430	chr21	45526429	45526430	375	True	39
chr21_45905951_45905952	chr21	45905951	45905952	0	False	NA
chr21_45918760_45918761	chr21	45918760	45918761	0	False	NA
chr21_45940849_45940850	chr21	45940849	45940850	0	False	NA
chr21_46145947_46145948	chr21	46145947	46145948	10459	True	27
chr21_46146045_46146046	chr21	46146045	46146046	12148	True	27
chr21_46147354_46147355	chr21	46147354	46147355	4981	True	44
chr21_46151176_46151177	chr21	46151176	46151177	7261	True	7
chr21_46194374_46194375	chr21	46194374	46194375	13350	True	18
chr21_46194431_46194432	chr21	46194431	46194432	12411	True	18
chr21_46225795_46225796	chr21	46225795	46225796	187	True	39
chr21_46272262_46272263	chr21	46272262	46272263	201	True	39
chr21_46288036_46288037	chr21	46288036	46288037	0	False	NA
chr21_46391539_46391540	chr21	46391539	46391540	54	True	39
chr21_46404482_46404483	chr21	46404482	46404483	20	False	NA
chr21_46418836_46418837	chr21	46418836	46418837	28	False	NA
chr21_46490262_46490263	chr21	46490262	46490263	5	False	NA
chr21_46535844_46535845	chr21	46535844	46535845	92	True	39
chr21_46549641_46549642	chr21	46549641	46549642	219	True	39
chr21_46647825_46647826	chr21	46647825	46647826	29	False	NA
chr21_46663792_46663793	chr21	46663792	46663793	14	False	NA
chr22_16989527_16989528	chr22	16989527	16989528	0	False	NA
chr22_17099309_17099310	chr22	17099309	17099310	35	False	NA
chr22_17552365_17552366	chr22	17552365	17552366	0	False	NA
chr22_17597546_17597547	chr22	17597546	17597547	5	False	NA
chr22_17692180_17692181	chr22	17692180	17692181	18	False	NA
chr22_17699503_17699504	chr22	17699503	17699504	17	False	NA
chr22_17699977_17699978	chr22	17699977	17699978	52	True	39
chr22_17743126_17743127	chr22	17743126	17743127	10	False	NA
chr22_17749010_17749011	chr22	17749010	17749011	27	False	NA
chr22_17890564_17890565	chr22	17890564	17890565	29	False	NA
chr22_17895578_17895579	chr22	17895578	17895579	25	False	NA
chr22_17897591_17897592	chr22	17897591	17897592	63	True	39
chr22_17899841_17899842	chr22	17899841	17899842	5	False	NA
chr22_18158979_18158980	chr22	18158979	18158980	18	False	NA
chr22_19138160_19138161	chr22	19138160	19138161	405	True	39
chr22_19188250_19188251	chr22	19188250	19188251	27	False	NA
chr22_19216625_19216626	chr22	19216625	19216626	0	False	NA
chr22_19228199_19228200	chr22	19228199	19228200	5	False	NA
chr22_19408273_19408274	chr22	19408273	19408274	1560	True	39
chr22_19409690_19409691	chr22	19409690	19409691	25	False	NA
chr22_19432877_19432878	chr22	19432877	19432878	25	False	NA
chr22_19433692_19433693	chr22	19433692	19433693	6	False	NA
chr22_19481649_19481650	chr22	19481649	19481650	139	True	39
chr22_19482899_19482900	chr22	19482899	19482900	715	True	39
chr22_19499099_19499100	chr22	19499099	19499100	2367	True	39
chr22_19499368_19499369	chr22	19499368	19499369	751	True	39
chr22_19719804_19719805	chr22	19719804	19719805	857	True	39
chr22_19757130_19757131	chr22	19757130	19757131	0	False	NA
chr22_19971048_19971049	chr22	19971048	19971049	581	True	39
chr22_19978436_19978437	chr22	19978436	19978437	125	True	39
chr22_19978441_19978442	chr22	19978441	19978442	143	True	39
chr22_20140309_20140310	chr22	20140309	20140310	2927	True	39
chr22_20431676_20431677	chr22	20431676	20431677	227	True	39
chr22_20565853_20565854	chr22	20565853	20565854	34	False	NA
chr22_20568948_20568949	chr22	20568948	20568949	1355	True	39
chr22_20745345_20745346	chr22	20745345	20745346	50	True	39
chr22_20750953_20750954	chr22	20750953	20750954	36	False	NA
chr22_20765531_20765532	chr22	20765531	20765532	908	True	39
chr22_20805930_20805931	chr22	20805930	20805931	48	True	39
chr22_20810800_20810801	chr22	20810800	20810801	58	True	39
chr22_20823639_20823640	chr22	20823639	20823640	29	False	NA
chr22_21022913_21022914	chr22	21022913	21022914	5	False	NA
chr22_21587577_21587578	chr22	21587577	21587578	207	True	39
chr22_21642758_21642759	chr22	21642758	21642759	1424	True	39
chr22_22490202_22490203	chr22	22490202	22490203	25	False	NA
chr22_22517146_22517147	chr22	22517146	22517147	52	True	39
chr22_23152992_23152993	chr22	23152992	23152993	0	False	NA
chr22_23776534_23776535	chr22	23776534	23776535	5	False	NA
chr22_23780781_23780782	chr22	23780781	23780782	69	True	39
chr22_24113382_24113383	chr22	24113382	24113383	1660	True	39
chr22_24233305_24233306	chr22	24233305	24233306	0	False	NA
chr22_24364059_24364060	chr22	24364059	24364060	19	False	NA
chr22_24499903_24499904	chr22	24499903	24499904	0	False	NA
chr22_24500972_24500973	chr22	24500972	24500973	0	False	NA
chr22_24517428_24517429	chr22	24517428	24517429	0	False	NA
chr22_24604553_24604554	chr22	24604553	24604554	55	True	39
chr22_24722742_24722743	chr22	24722742	24722743	0	False	NA
chr22_24734661_24734662	chr22	24734661	24734662	0	False	NA
chr22_24749990_24749991	chr22	24749990	24749991	0	False	NA
chr22_24752274_24752275	chr22	24752274	24752275	0	False	NA
chr22_24757447_24757448	chr22	24757447	24757448	0	False	NA
chr22_24758197_24758198	chr22	24758197	24758198	0	False	NA
chr22_24762072_24762073	chr22	24762072	24762073	0	False	NA
chr22_24866205_24866206	chr22	24866205	24866206	0	False	NA
chr22_24943262_24943263	chr22	24943262	24943263	0	False	NA
chr22_25200806_25200807	chr22	25200806	25200807	0	False	NA
chr22_25203596_25203597	chr22	25203596	25203597	0	False	NA
chr22_25221820_25221821	chr22	25221820	25221821	0	False	NA
chr22_25707645_25707646	chr22	25707645	25707646	5	False	NA
chr22_25720101_25720102	chr22	25720101	25720102	6	False	NA
chr22_26375060_26375061	chr22	26375060	26375061	0	False	NA
chr22_26461631_26461632	chr22	26461631	26461632	0	False	NA
chr22_26489720_26489721	chr22	26489720	26489721	5	False	NA
chr22_26601191_26601192	chr22	26601191	26601192	0	False	NA
chr22_26625050_26625051	chr22	26625050	26625051	0	False	NA
chr22_27911903_27911904	chr22	27911903	27911904	183	True	39
chr22_28097328_28097329	chr22	28097328	28097329	0	False	NA
chr22_28102417_28102418	chr22	28102417	28102418	0	False	NA
chr22_28784303_28784304	chr22	28784303	28784304	62	True	39
chr22_29059682_29059683	chr22	29059682	29059683	0	False	NA
chr22_29123848_29123849	chr22	29123848	29123849	0	False	NA
chr22_29234202_29234203	chr22	29234202	29234203	6	False	NA
chr22_29272823_29272824	chr22	29272823	29272824	182	True	39
chr22_29287742_29287743	chr22	29287742	29287743	556	True	39
chr22_29637607_29637608	chr22	29637607	29637608	9	False	NA
chr22_29661754_29661755	chr22	29661754	29661755	0	False	NA
chr22_29669790_29669791	chr22	29669790	29669791	7	False	NA
chr22_29669794_29669795	chr22	29669794	29669795	7	False	NA
chr22_29740351_29740352	chr22	29740351	29740352	0	False	NA
chr22_29806162_29806163	chr22	29806162	29806163	81	True	39
chr22_29994169_29994170	chr22	29994169	29994170	0	False	NA
chr22_30017145_30017146	chr22	30017145	30017146	18	False	NA
chr22_30342350_30342351	chr22	30342350	30342351	1641	True	39
chr22_30368761_30368762	chr22	30368761	30368762	0	False	NA
chr22_30928915_30928916	chr22	30928915	30928916	6	False	NA
chr22_31288619_31288620	chr22	31288619	31288620	0	False	NA
chr22_31431779_31431780	chr22	31431779	31431780	36	False	NA
chr22_31440912_31440913	chr22	31440912	31440913	25	False	NA
chr22_31456069_31456070	chr22	31456069	31456070	65	True	39
chr22_31529265_31529266	chr22	31529265	31529266	51	True	39
chr22_31551486_31551487	chr22	31551486	31551487	10	False	NA
chr22_31578558_31578559	chr22	31578558	31578559	6	False	NA
chr22_31585973_31585974	chr22	31585973	31585974	0	False	NA
chr22_31608235_31608236	chr22	31608235	31608236	5	False	NA
chr22_31620269_31620270	chr22	31620269	31620270	80	True	39
chr22_31724787_31724788	chr22	31724787	31724788	5	False	NA
chr22_31761365_31761366	chr22	31761365	31761366	7	False	NA
chr22_31765565_31765566	chr22	31765565	31765566	0	False	NA
chr22_31766508_31766509	chr22	31766508	31766509	0	False	NA
chr22_31788990_31788991	chr22	31788990	31788991	34	False	NA
chr22_31846297_31846298	chr22	31846297	31846298	0	False	NA
chr22_31872502_31872503	chr22	31872502	31872503	0	False	NA
chr22_31875098_31875099	chr22	31875098	31875099	0	False	NA
chr22_32100202_32100203	chr22	32100202	32100203	7	False	NA
chr22_32150036_32150037	chr22	32150036	32150037	0	False	NA
chr22_32150039_32150040	chr22	32150039	32150040	0	False	NA
chr22_32202587_32202588	chr22	32202587	32202588	0	False	NA
chr22_32220651_32220652	chr22	32220651	32220652	0	False	NA
chr22_32400181_32400182	chr22	32400181	32400182	46	True	39
chr22_32439490_32439491	chr22	32439490	32439491	0	False	NA
chr22_32455961_32455962	chr22	32455961	32455962	0	False	NA
chr22_32485705_32485706	chr22	32485705	32485706	56	True	39
chr22_32485709_32485710	chr22	32485709	32485710	56	True	39
chr22_32496009_32496010	chr22	32496009	32496010	21	False	NA
chr22_32514326_32514327	chr22	32514326	32514327	0	False	NA
chr22_32536834_32536835	chr22	32536834	32536835	0	False	NA
chr22_33382624_33382625	chr22	33382624	33382625	0	False	NA
chr22_35325204_35325205	chr22	35325204	35325205	0	False	NA
chr22_35408370_35408371	chr22	35408370	35408371	895	True	39
chr22_35728549_35728550	chr22	35728549	35728550	0	False	NA
chr22_35744589_35744590	chr22	35744589	35744590	75	True	39
chr22_36202873_36202874	chr22	36202873	36202874	0	False	NA
chr22_36472994_36472995	chr22	36472994	36472995	13	False	NA
chr22_36815973_36815974	chr22	36815973	36815974	0	False	NA
chr22_36927619_36927620	chr22	36927619	36927620	0	False	NA
chr22_36934097_36934098	chr22	36934097	36934098	0	False	NA
chr22_36934101_36934102	chr22	36934101	36934102	0	False	NA
chr22_36936833_36936834	chr22	36936833	36936834	0	False	NA
chr22_37651175_37651176	chr22	37651175	37651176	0	False	NA
chr22_37655187_37655188	chr22	37655187	37655188	107	True	39
chr22_37697527_37697528	chr22	37697527	37697528	67	True	39
chr22_37709585_37709586	chr22	37709585	37709586	6	False	NA
chr22_37714942_37714943	chr22	37714942	37714943	7	False	NA
chr22_37717160_37717161	chr22	37717160	37717161	0	False	NA
chr22_37756638_37756639	chr22	37756638	37756639	15	False	NA
chr22_37763026_37763027	chr22	37763026	37763027	11	False	NA
chr22_37859034_37859035	chr22	37859034	37859035	141	True	39
chr22_37929632_37929633	chr22	37929632	37929633	0	False	NA
chr22_37960080_37960081	chr22	37960080	37960081	36	False	NA
chr22_38228322_38228323	chr22	38228322	38228323	0	False	NA
chr22_38499669_38499670	chr22	38499669	38499670	618	True	39
chr22_38521228_38521229	chr22	38521228	38521229	0	False	NA
chr22_38598801_38598802	chr22	38598801	38598802	0	False	NA
chr22_38599192_38599193	chr22	38599192	38599193	0	False	NA
chr22_38622494_38622495	chr22	38622494	38622495	0	False	NA
chr22_38627442_38627443	chr22	38627442	38627443	0	False	NA
chr22_38638336_38638337	chr22	38638336	38638337	0	False	NA
chr22_38641206_38641207	chr22	38641206	38641207	10	False	NA
chr22_38641604_38641605	chr22	38641604	38641605	6	False	NA
chr22_38780028_38780029	chr22	38780028	38780029	0	False	NA
chr22_38985134_38985135	chr22	38985134	38985135	5	False	NA
chr22_39429213_39429214	chr22	39429213	39429214	24	False	NA
chr22_39648478_39648479	chr22	39648478	39648479	0	False	NA
chr22_39658610_39658611	chr22	39658610	39658611	0	False	NA
chr22_40271222_40271223	chr22	40271222	40271223	6	False	NA
chr22_40274376_40274377	chr22	40274376	40274377	12	False	NA
chr22_40322124_40322125	chr22	40322124	40322125	66	True	39
chr22_40401977_40401978	chr22	40401977	40401978	75	True	39
chr22_40834603_40834604	chr22	40834603	40834604	6	False	NA
chr22_40925635_40925636	chr22	40925635	40925636	0	False	NA
chr22_40968500_40968501	chr22	40968500	40968501	22	False	NA
chr22_41137471_41137472	chr22	41137471	41137472	10	False	NA
chr22_41138006_41138007	chr22	41138006	41138007	24	False	NA
chr22_41144038_41144039	chr22	41144038	41144039	92	True	39
chr22_41152553_41152554	chr22	41152553	41152554	131	True	39
chr22_41161089_41161090	chr22	41161089	41161090	89	True	39
chr22_41215750_41215751	chr22	41215750	41215751	5	False	NA
chr22_41240480_41240481	chr22	41240480	41240481	0	False	NA
chr22_41272109_41272110	chr22	41272109	41272110	24	False	NA
chr22_41350095_41350096	chr22	41350095	41350096	51	True	39
chr22_41516395_41516396	chr22	41516395	41516396	44	True	39
chr22_41620687_41620688	chr22	41620687	41620688	727	True	39
chr22_41704062_41704063	chr22	41704062	41704063	0	False	NA
chr22_41714523_41714524	chr22	41714523	41714524	0	False	NA
chr22_41767469_41767470	chr22	41767469	41767470	0	False	NA
chr22_41795961_41795962	chr22	41795961	41795962	0	False	NA
chr22_41834067_41834068	chr22	41834067	41834068	3614	True	39
chr22_42019975_42019976	chr22	42019975	42019976	0	False	NA
chr22_42024452_42024453	chr22	42024452	42024453	0	False	NA
chr22_42069316_42069317	chr22	42069316	42069317	0	False	NA
chr22_42519411_42519412	chr22	42519411	42519412	140	True	39
chr22_42821260_42821261	chr22	42821260	42821261	39	False	NA
chr22_43042359_43042360	chr22	43042359	43042360	0	False	NA
chr22_43141315_43141316	chr22	43141315	43141316	0	False	NA
chr22_43161050_43161051	chr22	43161050	43161051	77	True	39
chr22_43171477_43171478	chr22	43171477	43171478	83	True	39
chr22_43579503_43579504	chr22	43579503	43579504	14	False	NA
chr22_43610270_43610271	chr22	43610270	43610271	0	False	NA
chr22_43631526_43631527	chr22	43631526	43631527	0	False	NA
chr22_43667430_43667431	chr22	43667430	43667431	0	False	NA
chr22_43670728_43670729	chr22	43670728	43670729	0	False	NA
chr22_43681875_43681876	chr22	43681875	43681876	0	False	NA
chr22_43684583_43684584	chr22	43684583	43684584	0	False	NA
chr22_43713012_43713013	chr22	43713012	43713013	5	False	NA
chr22_43927946_43927947	chr22	43927946	43927947	0	False	NA
chr22_43936556_43936557	chr22	43936556	43936557	43	True	39
chr22_43942503_43942504	chr22	43942503	43942504	263	True	39
chr22_43944596_43944597	chr22	43944596	43944597	398	True	39
chr22_43983179_43983180	chr22	43983179	43983180	0	False	NA
chr22_44132552_44132553	chr22	44132552	44132553	0	False	NA
chr22_44202713_44202714	chr22	44202713	44202714	0	False	NA
chr22_44733323_44733324	chr22	44733323	44733324	698	True	38
chr22_44894951_44894952	chr22	44894951	44894952	0	False	NA
chr22_45328390_45328391	chr22	45328390	45328391	2277	True	39
chr22_45346787_45346788	chr22	45346787	45346788	0	False	NA
chr22_45350805_45350806	chr22	45350805	45350806	0	False	NA
chr22_45367479_45367480	chr22	45367479	45367480	0	False	NA
chr22_45384962_45384963	chr22	45384962	45384963	0	False	NA
chr22_45388862_45388863	chr22	45388862	45388863	0	False	NA
chr22_45392287_45392288	chr22	45392287	45392288	0	False	NA
chr22_45393228_45393229	chr22	45393228	45393229	0	False	NA
chr22_45394380_45394381	chr22	45394380	45394381	0	False	NA
chr22_45398268_45398269	chr22	45398268	45398269	0	False	NA
chr22_45400181_45400182	chr22	45400181	45400182	0	False	NA
chr22_45401375_45401376	chr22	45401375	45401376	0	False	NA
chr22_45407420_45407421	chr22	45407420	45407421	0	False	NA
chr22_45541959_45541960	chr22	45541959	45541960	0	False	NA
chr22_45690946_45690947	chr22	45690946	45690947	7	False	NA
chr22_45737082_45737083	chr22	45737082	45737083	56	True	39
chr22_45739847_45739848	chr22	45739847	45739848	5	False	NA
chr22_46246331_46246332	chr22	46246331	46246332	11	False	NA
chr22_46268177_46268178	chr22	46268177	46268178	269	True	39
chr22_46278169_46278170	chr22	46278169	46278170	10	False	NA
chr22_46309765_46309766	chr22	46309765	46309766	5	False	NA
chr22_46315694_46315695	chr22	46315694	46315695	38	False	NA
chr22_46325888_46325889	chr22	46325888	46325889	0	False	NA
chr22_46328490_46328491	chr22	46328490	46328491	25	False	NA
chr22_46345689_46345690	chr22	46345689	46345690	102	True	39
chr22_46437961_46437962	chr22	46437961	46437962	0	False	NA
chr22_46663501_46663502	chr22	46663501	46663502	0	False	NA
chr22_46676211_46676212	chr22	46676211	46676212	77	True	39
chr22_46691869_46691870	chr22	46691869	46691870	137	True	39
chr22_46890997_46890998	chr22	46890997	46890998	5	False	NA
chr22_47009443_47009444	chr22	47009443	47009444	1283	True	38
chr22_47105815_47105816	chr22	47105815	47105816	0	False	NA
chr22_49909073_49909074	chr22	49909073	49909074	0	False	NA
chr22_49911155_49911156	chr22	49911155	49911156	14	False	NA
chr22_49922924_49922925	chr22	49922924	49922925	71	True	39
chr22_49962050_49962051	chr22	49962050	49962051	2668	True	39
chr22_49999502_49999503	chr22	49999502	49999503	0	False	NA
chr22_50069832_50069833	chr22	50069832	50069833	0	False	NA
chr22_50071521_50071522	chr22	50071521	50071522	0	False	NA
chr22_50080435_50080436	chr22	50080435	50080436	0	False	NA
chr22_50098720_50098721	chr22	50098720	50098721	0	False	NA
chr22_50140336_50140337	chr22	50140336	50140337	0	False	NA
chr22_50148559_50148560	chr22	50148559	50148560	0	False	NA
chr22_50209188_50209189	chr22	50209188	50209189	967	True	39
chr22_50212683_50212684	chr22	50212683	50212684	37	False	NA
chr22_50241736_50241737	chr22	50241736	50241737	0	False	NA
chr22_50407018_50407019	chr22	50407018	50407019	594	True	39
chr22_50415352_50415353	chr22	50415352	50415353	11	False	NA
chr22_50432440_50432441	chr22	50432440	50432441	3969	True	39
chr22_50432445_50432446	chr22	50432445	50432446	4015	True	39
chr22_50432447_50432448	chr22	50432447	50432448	4164	True	39
chr22_50437196_50437197	chr22	50437196	50437197	3098	True	39
chr22_50437208_50437209	chr22	50437208	50437209	3159	True	39
chr22_50516942_50516943	chr22	50516942	50516943	54	True	39
chr22_50551718_50551719	chr22	50551718	50551719	0	False	NA
chr3_362086_362087	chr3	362086	362087	0	False	NA
chr3_390297_390298	chr3	390297	390298	0	False	NA
chr3_392738_392739	chr3	392738	392739	0	False	NA
chr3_396581_396582	chr3	396581	396582	0	False	NA
chr3_402074_402075	chr3	402074	402075	0	False	NA
chr3_1224456_1224457	chr3	1224456	1224457	0	False	NA
chr3_1402836_1402837	chr3	1402836	1402837	0	False	NA
chr3_2742162_2742163	chr3	2742162	2742163	0	False	NA
chr3_3030134_3030135	chr3	3030134	3030135	0	False	NA
chr3_3041519_3041520	chr3	3041519	3041520	0	False	NA
chr3_3072012_3072013	chr3	3072012	3072013	0	False	NA
chr3_3100307_3100308	chr3	3100307	3100308	0	False	NA
chr3_3139221_3139222	chr3	3139221	3139222	58	True	39
chr3_3147078_3147079	chr3	3147078	3147079	77	True	39
chr3_3169222_3169223	chr3	3169222	3169223	0	False	NA
chr3_3173546_3173547	chr3	3173546	3173547	22	False	NA
chr3_3178236_3178237	chr3	3178236	3178237	25	False	NA
chr3_4518578_4518579	chr3	4518578	4518579	0	False	NA
chr3_4669551_4669552	chr3	4669551	4669552	41	True	39
chr3_4669557_4669558	chr3	4669557	4669558	104	True	39
chr3_4692720_4692721	chr3	4692720	4692721	0	False	NA
chr3_4702333_4702334	chr3	4702333	4702334	0	False	NA
chr3_5212275_5212276	chr3	5212275	5212276	31	False	NA
chr3_8628792_8628793	chr3	8628792	8628793	51	True	39
chr3_8884141_8884142	chr3	8884141	8884142	68	True	39
chr3_8937531_8937532	chr3	8937531	8937532	0	False	NA
chr3_8993283_8993284	chr3	8993283	8993284	0	False	NA
chr3_9447655_9447656	chr3	9447655	9447656	2364	True	39
chr3_9814884_9814885	chr3	9814884	9814885	554	True	39
chr3_9903976_9903977	chr3	9903976	9903977	24	False	NA
chr3_9928164_9928165	chr3	9928164	9928165	341	True	39
chr3_9972645_9972646	chr3	9972645	9972646	0	False	NA
chr3_10043048_10043049	chr3	10043048	10043049	907	True	39
chr3_10043441_10043442	chr3	10043441	10043442	283	True	39
chr3_10045030_10045031	chr3	10045030	10045031	2027	True	36
chr3_10066289_10066290	chr3	10066289	10066290	38	False	NA
chr3_10073637_10073638	chr3	10073637	10073638	40	True	39
chr3_10088417_10088418	chr3	10088417	10088418	659	True	39
chr3_10224922_10224923	chr3	10224922	10224923	101	True	39
chr3_10234383_10234384	chr3	10234383	10234384	45	True	39
chr3_10288972_10288973	chr3	10288972	10288973	0	False	NA
chr3_10316158_10316159	chr3	10316158	10316159	357	True	39
chr3_10379466_10379467	chr3	10379466	10379467	0	False	NA
chr3_10816812_10816813	chr3	10816812	10816813	0	False	NA
chr3_10933637_10933638	chr3	10933637	10933638	18	False	NA
chr3_10937380_10937381	chr3	10937380	10937381	10	False	NA
chr3_11016044_11016045	chr3	11016044	11016045	0	False	NA
chr3_11314520_11314521	chr3	11314520	11314521	15	False	NA
chr3_11344375_11344376	chr3	11344375	11344376	41	True	39
chr3_11361827_11361828	chr3	11361827	11361828	0	False	NA
chr3_11361835_11361836	chr3	11361835	11361836	0	False	NA
chr3_11361839_11361840	chr3	11361839	11361840	0	False	NA
chr3_11461317_11461318	chr3	11461317	11461318	26	False	NA
chr3_12141090_12141091	chr3	12141090	12141091	0	False	NA
chr3_12168767_12168768	chr3	12168767	12168768	0	False	NA
chr3_12494304_12494305	chr3	12494304	12494305	115	True	39
chr3_12494522_12494523	chr3	12494522	12494523	0	False	NA
chr3_12594575_12594576	chr3	12594575	12594576	424	True	39
chr3_12594581_12594582	chr3	12594581	12594582	418	True	39
chr3_12738049_12738050	chr3	12738049	12738050	0	False	NA
chr3_12738053_12738054	chr3	12738053	12738054	0	False	NA
chr3_12828166_12828167	chr3	12828166	12828167	0	False	NA
chr3_13325998_13325999	chr3	13325998	13325999	280	True	39
chr3_13329591_13329592	chr3	13329591	13329592	0	False	NA
chr3_13347089_13347090	chr3	13347089	13347090	801	True	39
chr3_13367623_13367624	chr3	13367623	13367624	226	True	39
chr3_14137410_14137411	chr3	14137410	14137411	114	True	39
chr3_14137410_14137411	chr3	14137410	14137411	114	True	39
chr3_14156872_14156873	chr3	14156872	14156873	23	False	NA
chr3_14177785_14177786	chr3	14177785	14177786	19	False	NA
chr3_14500291_14500292	chr3	14500291	14500292	0	False	NA
chr3_14681470_14681471	chr3	14681470	14681471	6	False	NA
chr3_14682498_14682499	chr3	14682498	14682499	5	False	NA
chr3_14682502_14682503	chr3	14682502	14682503	5	False	NA
chr3_14684528_14684529	chr3	14684528	14684529	0	False	NA
chr3_14703560_14703561	chr3	14703560	14703561	0	False	NA
chr3_14722566_14722567	chr3	14722566	14722567	0	False	NA
chr3_14727948_14727949	chr3	14727948	14727949	0	False	NA
chr3_14917479_14917480	chr3	14917479	14917480	0	False	NA
chr3_14926428_14926429	chr3	14926428	14926429	0	False	NA
chr3_14950623_14950624	chr3	14950623	14950624	68	True	39
chr3_15034995_15034996	chr3	15034995	15034996	37	False	NA
chr3_15057274_15057275	chr3	15057274	15057275	815	True	39
chr3_15211089_15211090	chr3	15211089	15211090	49	True	39
chr3_15231334_15231335	chr3	15231334	15231335	37	False	NA
chr3_15432044_15432045	chr3	15432044	15432045	34	False	NA
chr3_15474487_15474488	chr3	15474487	15474488	0	False	NA
chr3_15572766_15572767	chr3	15572766	15572767	31	False	NA
chr3_15581478_15581479	chr3	15581478	15581479	33	False	NA
chr3_15589772_15589773	chr3	15589772	15589773	17	False	NA
chr3_15636354_15636355	chr3	15636354	15636355	0	False	NA
chr3_15643550_15643551	chr3	15643550	15643551	0	False	NA
chr3_15677954_15677955	chr3	15677954	15677955	13	False	NA
chr3_15689536_15689537	chr3	15689536	15689537	34	False	NA
chr3_15715662_15715663	chr3	15715662	15715663	37	False	NA
chr3_16373514_16373515	chr3	16373514	16373515	0	False	NA
chr3_17163628_17163629	chr3	17163628	17163629	0	False	NA
chr3_18383208_18383209	chr3	18383208	18383209	0	False	NA
chr3_18395769_18395770	chr3	18395769	18395770	0	False	NA
chr3_19512858_19512859	chr3	19512858	19512859	0	False	NA
chr3_19903855_19903856	chr3	19903855	19903856	0	False	NA
chr3_19917108_19917109	chr3	19917108	19917109	0	False	NA
chr3_19917110_19917111	chr3	19917110	19917111	0	False	NA
chr3_20099113_20099114	chr3	20099113	20099114	16	False	NA
chr3_20100109_20100110	chr3	20100109	20100110	54	True	39
chr3_23888426_23888427	chr3	23888426	23888427	62	True	39
chr3_23898339_23898340	chr3	23898339	23898340	89	True	39
chr3_24151007_24151008	chr3	24151007	24151008	0	False	NA
chr3_24457254_24457255	chr3	24457254	24457255	62	True	39
chr3_25614452_25614453	chr3	25614452	25614453	75	True	39
chr3_25642079_25642080	chr3	25642079	25642080	266	True	39
chr3_25644747_25644748	chr3	25644747	25644748	0	False	NA
chr3_25731937_25731938	chr3	25731937	25731938	362	True	39
chr3_27112065_27112066	chr3	27112065	27112066	0	False	NA
chr3_27118637_27118638	chr3	27118637	27118638	5	False	NA
chr3_27215911_27215912	chr3	27215911	27215912	0	False	NA
chr3_27384264_27384265	chr3	27384264	27384265	17	False	NA
chr3_27416764_27416765	chr3	27416764	27416765	21	False	NA
chr3_28336010_28336011	chr3	28336010	28336011	16	False	NA
chr3_28338418_28338419	chr3	28338418	28338419	81	True	39
chr3_28339694_28339695	chr3	28339694	28339695	31	False	NA
chr3_28391945_28391946	chr3	28391945	28391946	0	False	NA
chr3_31576939_31576940	chr3	31576939	31576940	16	False	NA
chr3_31600216_31600217	chr3	31600216	31600217	90	True	39
chr3_31627186_31627187	chr3	31627186	31627187	265	True	39
chr3_31876679_31876680	chr3	31876679	31876680	0	False	NA
chr3_32449039_32449040	chr3	32449039	32449040	6	False	NA
chr3_32706619_32706620	chr3	32706619	32706620	40	True	39
chr3_32716413_32716414	chr3	32716413	32716414	40	True	39
chr3_32719510_32719511	chr3	32719510	32719511	23	False	NA
chr3_32868500_32868501	chr3	32868500	32868501	59	True	39
chr3_33055300_33055301	chr3	33055300	33055301	0	False	NA
chr3_33057801_33057802	chr3	33057801	33057802	36	False	NA
chr3_33066076_33066077	chr3	33066076	33066077	0	False	NA
chr3_33066481_33066482	chr3	33066481	33066482	8	False	NA
chr3_33141805_33141806	chr3	33141805	33141806	0	False	NA
chr3_33360424_33360425	chr3	33360424	33360425	0	False	NA
chr3_33381096_33381097	chr3	33381096	33381097	7	False	NA
chr3_33407974_33407975	chr3	33407974	33407975	88	True	39
chr3_33539161_33539162	chr3	33539161	33539162	39	False	NA
chr3_33593655_33593656	chr3	33593655	33593656	217	True	39
chr3_33605540_33605541	chr3	33605540	33605541	23	False	NA
chr3_33821831_33821832	chr3	33821831	33821832	40	True	39
chr3_33840399_33840400	chr3	33840399	33840400	17	False	NA
chr3_33845202_33845203	chr3	33845202	33845203	5	False	NA
chr3_33854458_33854459	chr3	33854458	33854459	35	False	NA
chr3_33865061_33865062	chr3	33865061	33865062	19	False	NA
chr3_35690583_35690584	chr3	35690583	35690584	0	False	NA
chr3_35720033_35720034	chr3	35720033	35720034	0	False	NA
chr3_36483336_36483337	chr3	36483336	36483337	0	False	NA
chr3_36718209_36718210	chr3	36718209	36718210	0	False	NA
chr3_36828904_36828905	chr3	36828904	36828905	9	False	NA
chr3_36846905_36846906	chr3	36846905	36846906	0	False	NA
chr3_36858531_36858532	chr3	36858531	36858532	0	False	NA
chr3_36859710_36859711	chr3	36859710	36859711	0	False	NA
chr3_36862281_36862282	chr3	36862281	36862282	0	False	NA
chr3_36890130_36890131	chr3	36890130	36890131	0	False	NA
chr3_37017748_37017749	chr3	37017748	37017749	56	True	39
chr3_37040815_37040816	chr3	37040815	37040816	68	True	39
chr3_37049974_37049975	chr3	37049974	37049975	5	False	NA
chr3_37069246_37069247	chr3	37069246	37069247	76	True	39
chr3_37282973_37282974	chr3	37282973	37282974	335	True	39
chr3_37315928_37315929	chr3	37315928	37315929	371	True	39
chr3_37316400_37316401	chr3	37316400	37316401	213	True	39
chr3_37333955_37333956	chr3	37333955	37333956	378	True	39
chr3_37350317_37350318	chr3	37350317	37350318	187	True	39
chr3_37472270_37472271	chr3	37472270	37472271	0	False	NA
chr3_37501603_37501604	chr3	37501603	37501604	0	False	NA
chr3_37742602_37742603	chr3	37742602	37742603	0	False	NA
chr3_37781600_37781601	chr3	37781600	37781601	0	False	NA
chr3_37959025_37959026	chr3	37959025	37959026	19	False	NA
chr3_38004784_38004785	chr3	38004784	38004785	429	True	39
chr3_38060114_38060115	chr3	38060114	38060115	0	False	NA
chr3_38098571_38098572	chr3	38098571	38098572	0	False	NA
chr3_38118531_38118532	chr3	38118531	38118532	0	False	NA
chr3_38120816_38120817	chr3	38120816	38120817	0	False	NA
chr3_38130997_38130998	chr3	38130997	38130998	273	True	39
chr3_38136801_38136802	chr3	38136801	38136802	1394	True	39
chr3_38136805_38136806	chr3	38136805	38136806	1384	True	39
chr3_38227850_38227851	chr3	38227850	38227851	68	True	39
chr3_38234759_38234760	chr3	38234759	38234760	139	True	39
chr3_38240351_38240352	chr3	38240351	38240352	135	True	39
chr3_38246855_38246856	chr3	38246855	38246856	26	False	NA
chr3_38347823_38347824	chr3	38347823	38347824	299	True	39
chr3_38363229_38363230	chr3	38363229	38363230	51	True	39
chr3_38363664_38363665	chr3	38363664	38363665	29	False	NA
chr3_38363670_38363671	chr3	38363670	38363671	29	False	NA
chr3_38367093_38367094	chr3	38367093	38367094	530	True	39
chr3_38372542_38372543	chr3	38372542	38372543	1858	True	39
chr3_38372547_38372548	chr3	38372547	38372548	1865	True	39
chr3_38372561_38372562	chr3	38372561	38372562	2011	True	39
chr3_38481229_38481230	chr3	38481229	38481230	5	False	NA
chr3_38503084_38503085	chr3	38503084	38503085	74	True	39
chr3_38503810_38503811	chr3	38503810	38503811	6	False	NA
chr3_38618972_38618973	chr3	38618972	38618973	0	False	NA
chr3_38728287_38728288	chr3	38728287	38728288	0	False	NA
chr3_38754493_38754494	chr3	38754493	38754494	0	False	NA
chr3_38762923_38762924	chr3	38762923	38762924	0	False	NA
chr3_38899150_38899151	chr3	38899150	38899151	0	False	NA
chr3_38904723_38904724	chr3	38904723	38904724	0	False	NA
chr3_38906238_38906239	chr3	38906238	38906239	0	False	NA
chr3_39066106_39066107	chr3	39066106	39066107	83	True	39
chr3_39067082_39067083	chr3	39067082	39067083	103	True	39
chr3_39067760_39067761	chr3	39067760	39067761	243	True	39
chr3_39073815_39073816	chr3	39073815	39073816	0	False	NA
chr3_39083061_39083062	chr3	39083061	39083062	36	False	NA
chr3_39093744_39093745	chr3	39093744	39093745	16	False	NA
chr3_39112121_39112122	chr3	39112121	39112122	0	False	NA
chr3_39331305_39331306	chr3	39331305	39331306	0	False	NA
chr3_40163516_40163517	chr3	40163516	40163517	0	False	NA
chr3_40167686_40167687	chr3	40167686	40167687	0	False	NA
chr3_40189126_40189127	chr3	40189126	40189127	0	False	NA
chr3_40310304_40310305	chr3	40310304	40310305	126	True	39
chr3_40388710_40388711	chr3	40388710	40388711	0	False	NA
chr3_40419072_40419073	chr3	40419072	40419073	0	False	NA
chr3_40457854_40457855	chr3	40457854	40457855	445	True	39
chr3_40514243_40514244	chr3	40514243	40514244	0	False	NA
chr3_40528699_40528700	chr3	40528699	40528700	88	True	39
chr3_41226164_41226165	chr3	41226164	41226165	12	False	NA
chr3_42558217_42558218	chr3	42558217	42558218	21	False	NA
chr3_42733033_42733034	chr3	42733033	42733034	0	False	NA
chr3_42740346_42740347	chr3	42740346	42740347	0	False	NA
chr3_42752113_42752114	chr3	42752113	42752114	21	False	NA
chr3_43338473_43338474	chr3	43338473	43338474	15	False	NA
chr3_44263728_44263729	chr3	44263728	44263729	0	False	NA
chr3_44264267_44264268	chr3	44264267	44264268	0	False	NA
chr3_44285122_44285123	chr3	44285122	44285123	0	False	NA
chr3_44287155_44287156	chr3	44287155	44287156	0	False	NA
chr3_44288320_44288321	chr3	44288320	44288321	0	False	NA
chr3_44326823_44326824	chr3	44326823	44326824	0	False	NA
chr3_44399909_44399910	chr3	44399909	44399910	0	False	NA
chr3_44455969_44455970	chr3	44455969	44455970	0	False	NA
chr3_44569036_44569037	chr3	44569036	44569037	5	False	NA
chr3_44716694_44716695	chr3	44716694	44716695	9	False	NA
chr3_44795592_44795593	chr3	44795592	44795593	0	False	NA
chr3_44841977_44841978	chr3	44841977	44841978	0	False	NA
chr3_44843297_44843298	chr3	44843297	44843298	212	True	39
chr3_44851620_44851621	chr3	44851620	44851621	31	False	NA
chr3_44886898_44886899	chr3	44886898	44886899	0	False	NA
chr3_44901264_44901265	chr3	44901264	44901265	0	False	NA
chr3_44989519_44989520	chr3	44989519	44989520	182	True	39
chr3_45489998_45489999	chr3	45489998	45489999	0	False	NA
chr3_45517501_45517502	chr3	45517501	45517502	0	False	NA
chr3_45826672_45826673	chr3	45826672	45826673	6	False	NA
chr3_45975036_45975037	chr3	45975036	45975037	5	False	NA
chr3_46438660_46438661	chr3	46438660	46438661	0	False	NA
chr3_46443716_46443717	chr3	46443716	46443717	0	False	NA
chr3_46445908_46445909	chr3	46445908	46445909	0	False	NA
chr3_46521760_46521761	chr3	46521760	46521761	0	False	NA
chr3_46678612_46678613	chr3	46678612	46678613	0	False	NA
chr3_46708571_46708572	chr3	46708571	46708572	0	False	NA
chr3_46744163_46744164	chr3	46744163	46744164	0	False	NA
chr3_46894771_46894772	chr3	46894771	46894772	0	False	NA
chr3_46897345_46897346	chr3	46897345	46897346	0	False	NA
chr3_46989787_46989788	chr3	46989787	46989788	1014	True	39
chr3_47003456_47003457	chr3	47003456	47003457	178	True	39
chr3_47043370_47043371	chr3	47043370	47043371	11	False	NA
chr3_47087522_47087523	chr3	47087522	47087523	91	True	39
chr3_47237867_47237868	chr3	47237867	47237868	0	False	NA
chr3_47246974_47246975	chr3	47246974	47246975	0	False	NA
chr3_47268549_47268550	chr3	47268549	47268550	0	False	NA
chr3_47424486_47424487	chr3	47424486	47424487	715	True	39
chr3_47430895_47430896	chr3	47430895	47430896	46	True	39
chr3_47439805_47439806	chr3	47439805	47439806	25	False	NA
chr3_47572364_47572365	chr3	47572364	47572365	8	False	NA
chr3_47688588_47688589	chr3	47688588	47688589	378	True	39
chr3_47709000_47709001	chr3	47709000	47709001	61	True	39
chr3_47715030_47715031	chr3	47715030	47715031	87	True	39
chr3_47828828_47828829	chr3	47828828	47828829	171	True	39
chr3_47872919_47872920	chr3	47872919	47872920	7	False	NA
chr3_48159810_48159811	chr3	48159810	48159811	45	True	39
chr3_48320744_48320745	chr3	48320744	48320745	0	False	NA
chr3_48406267_48406268	chr3	48406267	48406268	213	True	39
chr3_48417367_48417368	chr3	48417367	48417368	1547	True	39
chr3_48421616_48421617	chr3	48421616	48421617	1199	True	39
chr3_48463581_48463582	chr3	48463581	48463582	10	False	NA
chr3_48546533_48546534	chr3	48546533	48546534	1715	True	38
chr3_48554631_48554632	chr3	48554631	48554632	148	True	39
chr3_48588485_48588486	chr3	48588485	48588486	194	True	39
chr3_48634730_48634731	chr3	48634730	48634731	1392	True	39
chr3_48635211_48635212	chr3	48635211	48635212	3246	True	39
chr3_48654603_48654604	chr3	48654603	48654604	97	True	39
chr3_48790831_48790832	chr3	48790831	48790832	0	False	NA
chr3_48858893_48858894	chr3	48858893	48858894	10	False	NA
chr3_48859693_48859694	chr3	48859693	48859694	6	False	NA
chr3_48882333_48882334	chr3	48882333	48882334	0	False	NA
chr3_48967613_48967614	chr3	48967613	48967614	16	False	NA
chr3_49007850_49007851	chr3	49007850	49007851	2338	True	39
chr3_49031375_49031376	chr3	49031375	49031376	21	False	NA
chr3_49044863_49044864	chr3	49044863	49044864	22	False	NA
chr3_49109738_49109739	chr3	49109738	49109739	175	True	39
chr3_49132189_49132190	chr3	49132189	49132190	278	True	39
chr3_49238417_49238418	chr3	49238417	49238418	0	False	NA
chr3_49285879_49285880	chr3	49285879	49285880	0	False	NA
chr3_49300763_49300764	chr3	49300763	49300764	78	True	39
chr3_49300770_49300771	chr3	49300770	49300771	78	True	39
chr3_49307187_49307188	chr3	49307187	49307188	0	False	NA
chr3_49700940_49700941	chr3	49700940	49700941	105	True	39
chr3_49735594_49735595	chr3	49735594	49735595	0	False	NA
chr3_49813647_49813648	chr3	49813647	49813648	22	False	NA
chr3_49829508_49829509	chr3	49829508	49829509	23	False	NA
chr3_50063127_50063128	chr3	50063127	50063128	0	False	NA
chr3_50075654_50075655	chr3	50075654	50075655	8	False	NA
chr3_50173682_50173683	chr3	50173682	50173683	5	False	NA
chr3_50177327_50177328	chr3	50177327	50177328	43	True	39
chr3_50279461_50279462	chr3	50279461	50279462	17	False	NA
chr3_50282515_50282516	chr3	50282515	50282516	0	False	NA
chr3_51310835_51310836	chr3	51310835	51310836	0	False	NA
chr3_51313418_51313419	chr3	51313418	51313419	0	False	NA
chr3_51341812_51341813	chr3	51341812	51341813	0	False	NA
chr3_51356345_51356346	chr3	51356345	51356346	0	False	NA
chr3_51470789_51470790	chr3	51470789	51470790	6	False	NA
chr3_51632529_51632530	chr3	51632529	51632530	0	False	NA
chr3_51636486_51636487	chr3	51636486	51636487	7	False	NA
chr3_51710942_51710943	chr3	51710942	51710943	0	False	NA
chr3_52124608_52124609	chr3	52124608	52124609	7	False	NA
chr3_52153970_52153971	chr3	52153970	52153971	0	False	NA
chr3_52202924_52202925	chr3	52202924	52202925	0	False	NA
chr3_52268208_52268209	chr3	52268208	52268209	883	True	39
chr3_52455218_52455219	chr3	52455218	52455219	0	False	NA
chr3_52533501_52533502	chr3	52533501	52533502	2788	True	39
chr3_52552205_52552206	chr3	52552205	52552206	0	False	NA
chr3_52552209_52552210	chr3	52552209	52552210	0	False	NA
chr3_52582734_52582735	chr3	52582734	52582735	5	False	NA
chr3_52610517_52610518	chr3	52610517	52610518	33	False	NA
chr3_52668413_52668414	chr3	52668413	52668414	81	True	39
chr3_52745320_52745321	chr3	52745320	52745321	0	False	NA
chr3_52912891_52912892	chr3	52912891	52912892	0	False	NA
chr3_52918835_52918836	chr3	52918835	52918836	0	False	NA
chr3_52930490_52930491	chr3	52930490	52930491	24	False	NA
chr3_52933017_52933018	chr3	52933017	52933018	0	False	NA
chr3_53106633_53106634	chr3	53106633	53106634	7	False	NA
chr3_53115100_53115101	chr3	53115100	53115101	5	False	NA
chr3_53118620_53118621	chr3	53118620	53118621	0	False	NA
chr3_53121213_53121214	chr3	53121213	53121214	0	False	NA
chr3_53121217_53121218	chr3	53121217	53121218	0	False	NA
chr3_53125258_53125259	chr3	53125258	53125259	29	False	NA
chr3_53126430_53126431	chr3	53126430	53126431	0	False	NA
chr3_53229224_53229225	chr3	53229224	53229225	2051	True	39
chr3_53500786_53500787	chr3	53500786	53500787	0	False	NA
chr3_53666236_53666237	chr3	53666236	53666237	0	False	NA
chr3_53666885_53666886	chr3	53666885	53666886	0	False	NA
chr3_53721580_53721581	chr3	53721580	53721581	0	False	NA
chr3_53746684_53746685	chr3	53746684	53746685	0	False	NA
chr3_53783912_53783913	chr3	53783912	53783913	0	False	NA
chr3_53802563_53802564	chr3	53802563	53802564	0	False	NA
chr3_53802982_53802983	chr3	53802982	53802983	0	False	NA
chr3_53819188_53819189	chr3	53819188	53819189	3404	True	22
chr3_53856449_53856450	chr3	53856449	53856450	94	True	39
chr3_54919555_54919556	chr3	54919555	54919556	0	False	NA
chr3_55008271_55008272	chr3	55008271	55008272	0	False	NA
chr3_55017259_55017260	chr3	55017259	55017260	0	False	NA
chr3_55470986_55470987	chr3	55470986	55470987	0	False	NA
chr3_56615515_56615516	chr3	56615515	56615516	83	True	39
chr3_56615517_56615518	chr3	56615517	56615518	77	True	39
chr3_56629790_56629791	chr3	56629790	56629791	67	True	39
chr3_57101573_57101574	chr3	57101573	57101574	0	False	NA
chr3_57236732_57236733	chr3	57236732	57236733	0	False	NA
chr3_57249317_57249318	chr3	57249317	57249318	83	True	39
chr3_57252823_57252824	chr3	57252823	57252824	0	False	NA
chr3_57279171_57279172	chr3	57279171	57279172	0	False	NA
chr3_57281959_57281960	chr3	57281959	57281960	0	False	NA
chr3_57290197_57290198	chr3	57290197	57290198	0	False	NA
chr3_57583279_57583280	chr3	57583279	57583280	95	True	39
chr3_57633078_57633079	chr3	57633078	57633079	17	False	NA
chr3_57633479_57633480	chr3	57633479	57633480	5	False	NA
chr3_57860364_57860365	chr3	57860364	57860365	52	True	39
chr3_57861006_57861007	chr3	57861006	57861007	15	False	NA
chr3_57915831_57915832	chr3	57915831	57915832	18	False	NA
chr3_57919924_57919925	chr3	57919924	57919925	0	False	NA
chr3_58096436_58096437	chr3	58096436	58096437	110	True	39
chr3_58104467_58104468	chr3	58104467	58104468	21	False	NA
chr3_58128727_58128728	chr3	58128727	58128728	104	True	39
chr3_58130609_58130610	chr3	58130609	58130610	66	True	39
chr3_58203127_58203128	chr3	58203127	58203128	0	False	NA
chr3_58391962_58391963	chr3	58391962	58391963	0	False	NA
chr3_58396498_58396499	chr3	58396498	58396499	0	False	NA
chr3_58404725_58404726	chr3	58404725	58404726	14	False	NA
chr3_58529556_58529557	chr3	58529556	58529557	12	False	NA
chr3_58635834_58635835	chr3	58635834	58635835	0	False	NA
chr3_58646331_58646332	chr3	58646331	58646332	0	False	NA
chr3_58865386_58865387	chr3	58865386	58865387	0	False	NA
chr3_62256080_62256081	chr3	62256080	62256081	0	False	NA
chr3_62266357_62266358	chr3	62266357	62266358	0	False	NA
chr3_62269832_62269833	chr3	62269832	62269833	0	False	NA
chr3_62270496_62270497	chr3	62270496	62270497	0	False	NA
chr3_62321180_62321181	chr3	62321180	62321181	0	False	NA
chr3_62477117_62477118	chr3	62477117	62477118	0	False	NA
chr3_62533365_62533366	chr3	62533365	62533366	0	False	NA
chr3_63820323_63820324	chr3	63820323	63820324	0	False	NA
chr3_63828079_63828080	chr3	63828079	63828080	0	False	NA
chr3_63981218_63981219	chr3	63981218	63981219	26	False	NA
chr3_63993045_63993046	chr3	63993045	63993046	0	False	NA
chr3_64152818_64152819	chr3	64152818	64152819	0	False	NA
chr3_64159207_64159208	chr3	64159207	64159208	0	False	NA
chr3_64541620_64541621	chr3	64541620	64541621	0	False	NA
chr3_64620446_64620447	chr3	64620446	64620447	0	False	NA
chr3_64634716_64634717	chr3	64634716	64634717	24	False	NA
chr3_64658388_64658389	chr3	64658388	64658389	0	False	NA
chr3_65432629_65432630	chr3	65432629	65432630	16	False	NA
chr3_65438336_65438337	chr3	65438336	65438337	0	False	NA
chr3_66369860_66369861	chr3	66369860	66369861	0	False	NA
chr3_66377409_66377410	chr3	66377409	66377410	0	False	NA
chr3_66405305_66405306	chr3	66405305	66405306	149	True	39
chr3_67528289_67528290	chr3	67528289	67528290	31	False	NA
chr3_68542916_68542917	chr3	68542916	68542917	0	False	NA
chr3_68981224_68981225	chr3	68981224	68981225	24	False	NA
chr3_69037944_69037945	chr3	69037944	69037945	10	False	NA
chr3_69059309_69059310	chr3	69059309	69059310	408	True	39
chr3_69194327_69194328	chr3	69194327	69194328	0	False	NA
chr3_69950358_69950359	chr3	69950358	69950359	0	False	NA
chr3_69959669_69959670	chr3	69959669	69959670	0	False	NA
chr3_70965051_70965052	chr3	70965051	70965052	14	False	NA
chr3_71699471_71699472	chr3	71699471	71699472	0	False	NA
chr3_71776014_71776015	chr3	71776014	71776015	0	False	NA
chr3_72841552_72841553	chr3	72841552	72841553	0	False	NA
chr3_72997447_72997448	chr3	72997447	72997448	153	True	39
chr3_73386918_73386919	chr3	73386918	73386919	0	False	NA
chr3_74266676_74266677	chr3	74266676	74266677	0	False	NA
chr3_74301226_74301227	chr3	74301226	74301227	0	False	NA
chr3_77480675_77480676	chr3	77480675	77480676	0	False	NA
chr3_77559364_77559365	chr3	77559364	77559365	0	False	NA
chr3_77575255_77575256	chr3	77575255	77575256	0	False	NA
chr3_77590465_77590466	chr3	77590465	77590466	0	False	NA
chr3_78640762_78640763	chr3	78640762	78640763	79	True	39
chr3_78653533_78653534	chr3	78653533	78653534	21	False	NA
chr3_81579678_81579679	chr3	81579678	81579679	7	False	NA
chr3_81583079_81583080	chr3	81583079	81583080	0	False	NA
chr3_81583084_81583085	chr3	81583084	81583085	0	False	NA
chr3_87273745_87273746	chr3	87273745	87273746	0	False	NA
chr3_93925041_93925042	chr3	93925041	93925042	10	False	NA
chr3_94094565_94094566	chr3	94094565	94094566	0	False	NA
chr3_97785781_97785782	chr3	97785781	97785782	0	False	NA
chr3_97880628_97880629	chr3	97880628	97880629	0	False	NA
chr3_97892076_97892077	chr3	97892076	97892077	5	False	NA
chr3_97896586_97896587	chr3	97896586	97896587	0	False	NA
chr3_97896862_97896863	chr3	97896862	97896863	6	False	NA
chr3_97958688_97958689	chr3	97958688	97958689	35	False	NA
chr3_98014190_98014191	chr3	98014190	98014191	0	False	NA
chr3_98031830_98031831	chr3	98031830	98031831	0	False	NA
chr3_98590782_98590783	chr3	98590782	98590783	815	True	39
chr3_98773183_98773184	chr3	98773183	98773184	21	False	NA
chr3_98823613_98823614	chr3	98823613	98823614	15	False	NA
chr3_100165160_100165161	chr3	100165160	100165161	0	False	NA
chr3_100294961_100294962	chr3	100294961	100294962	153	True	39
chr3_100301429_100301430	chr3	100301429	100301430	147	True	39
chr3_100340680_100340681	chr3	100340680	100340681	0	False	NA
chr3_100342212_100342213	chr3	100342212	100342213	0	False	NA
chr3_100350737_100350738	chr3	100350737	100350738	0	False	NA
chr3_100354091_100354092	chr3	100354091	100354092	0	False	NA
chr3_100366163_100366164	chr3	100366163	100366164	107	True	39
chr3_100378578_100378579	chr3	100378578	100378579	22	False	NA
chr3_100557904_100557905	chr3	100557904	100557905	0	False	NA
chr3_100651280_100651281	chr3	100651280	100651281	0	False	NA
chr3_100655651_100655652	chr3	100655651	100655652	0	False	NA
chr3_100726756_100726757	chr3	100726756	100726757	111	True	39
chr3_100751410_100751411	chr3	100751410	100751411	0	False	NA
chr3_100775132_100775133	chr3	100775132	100775133	0	False	NA
chr3_100778073_100778074	chr3	100778073	100778074	0	False	NA
chr3_100799223_100799224	chr3	100799223	100799224	0	False	NA
chr3_100849620_100849621	chr3	100849620	100849621	0	False	NA
chr3_101243268_101243269	chr3	101243268	101243269	0	False	NA
chr3_101245009_101245010	chr3	101245009	101245010	0	False	NA
chr3_101272450_101272451	chr3	101272450	101272451	0	False	NA
chr3_101274959_101274960	chr3	101274959	101274960	5	False	NA
chr3_101275417_101275418	chr3	101275417	101275418	0	False	NA
chr3_101275469_101275470	chr3	101275469	101275470	0	False	NA
chr3_101337089_101337090	chr3	101337089	101337090	80	True	39
chr3_101337123_101337124	chr3	101337123	101337124	28	False	NA
chr3_101364388_101364389	chr3	101364388	101364389	15	False	NA
chr3_101371566_101371567	chr3	101371566	101371567	186	True	39
chr3_101803763_101803764	chr3	101803763	101803764	5	False	NA
chr3_102100432_102100433	chr3	102100432	102100433	0	False	NA
chr3_102228702_102228703	chr3	102228702	102228703	0	False	NA
chr3_102228706_102228707	chr3	102228706	102228707	0	False	NA
chr3_102466094_102466095	chr3	102466094	102466095	0	False	NA
chr3_105532241_105532242	chr3	105532241	105532242	10	False	NA
chr3_105547775_105547776	chr3	105547775	105547776	34	False	NA
chr3_105551709_105551710	chr3	105551709	105551710	16	False	NA
chr3_105551845_105551846	chr3	105551845	105551846	5	False	NA
chr3_105678571_105678572	chr3	105678571	105678572	111	True	39
chr3_105682483_105682484	chr3	105682483	105682484	10	False	NA
chr3_107656943_107656944	chr3	107656943	107656944	38	False	NA
chr3_107712742_107712743	chr3	107712742	107712743	24	False	NA
chr3_107730831_107730832	chr3	107730831	107730832	0	False	NA
chr3_107747473_107747474	chr3	107747473	107747474	10	False	NA
chr3_107792430_107792431	chr3	107792430	107792431	0	False	NA
chr3_108167383_108167384	chr3	108167383	108167384	5	False	NA
chr3_108382458_108382459	chr3	108382458	108382459	0	False	NA
chr3_108389813_108389814	chr3	108389813	108389814	0	False	NA
chr3_108397706_108397707	chr3	108397706	108397707	0	False	NA
chr3_108405842_108405843	chr3	108405842	108405843	5	False	NA
chr3_108409407_108409408	chr3	108409407	108409408	0	False	NA
chr3_108424265_108424266	chr3	108424265	108424266	0	False	NA
chr3_108441382_108441383	chr3	108441382	108441383	0	False	NA
chr3_108470847_108470848	chr3	108470847	108470848	0	False	NA
chr3_108499099_108499100	chr3	108499099	108499100	0	False	NA
chr3_108570666_108570667	chr3	108570666	108570667	29	False	NA
chr3_108628260_108628261	chr3	108628260	108628261	0	False	NA
chr3_108628910_108628911	chr3	108628910	108628911	0	False	NA
chr3_108634560_108634561	chr3	108634560	108634561	0	False	NA
chr3_108674689_108674690	chr3	108674689	108674690	0	False	NA
chr3_108690407_108690408	chr3	108690407	108690408	0	False	NA
chr3_108838087_108838088	chr3	108838087	108838088	0	False	NA
chr3_108983987_108983988	chr3	108983987	108983988	0	False	NA
chr3_109006059_109006060	chr3	109006059	109006060	0	False	NA
chr3_109033506_109033507	chr3	109033506	109033507	0	False	NA
chr3_109055206_109055207	chr3	109055206	109055207	0	False	NA
chr3_109058430_109058431	chr3	109058430	109058431	0	False	NA
chr3_109095897_109095898	chr3	109095897	109095898	0	False	NA
chr3_109112628_109112629	chr3	109112628	109112629	0	False	NA
chr3_109294622_109294623	chr3	109294622	109294623	0	False	NA
chr3_109302980_109302981	chr3	109302980	109302981	0	False	NA
chr3_109308685_109308686	chr3	109308685	109308686	0	False	NA
chr3_111116869_111116870	chr3	111116869	111116870	5	False	NA
chr3_111124108_111124109	chr3	111124108	111124109	0	False	NA
chr3_111918976_111918977	chr3	111918976	111918977	82	True	39
chr3_111946668_111946669	chr3	111946668	111946669	0	False	NA
chr3_111952295_111952296	chr3	111952295	111952296	0	False	NA
chr3_111953660_111953661	chr3	111953660	111953661	97	True	39
chr3_111973960_111973961	chr3	111973960	111973961	0	False	NA
chr3_111984446_111984447	chr3	111984446	111984447	10	False	NA
chr3_112061785_112061786	chr3	112061785	112061786	0	False	NA
chr3_112079653_112079654	chr3	112079653	112079654	0	False	NA
chr3_112200823_112200824	chr3	112200823	112200824	0	False	NA
chr3_112220739_112220740	chr3	112220739	112220740	0	False	NA
chr3_112268208_112268209	chr3	112268208	112268209	0	False	NA
chr3_112275869_112275870	chr3	112275869	112275870	0	False	NA
chr3_112277973_112277974	chr3	112277973	112277974	0	False	NA
chr3_112471517_112471518	chr3	112471517	112471518	0	False	NA
chr3_112571849_112571850	chr3	112571849	112571850	0	False	NA
chr3_112818856_112818857	chr3	112818856	112818857	0	False	NA
chr3_112930614_112930615	chr3	112930614	112930615	0	False	NA
chr3_112993448_112993449	chr3	112993448	112993449	58	True	39
chr3_113015646_113015647	chr3	113015646	113015647	59	True	39
chr3_113250251_113250252	chr3	113250251	113250252	0	False	NA
chr3_113275301_113275302	chr3	113275301	113275302	0	False	NA
chr3_113282513_113282514	chr3	113282513	113282514	0	False	NA
chr3_113364573_113364574	chr3	113364573	113364574	0	False	NA
chr3_113376437_113376438	chr3	113376437	113376438	0	False	NA
chr3_113400867_113400868	chr3	113400867	113400868	21	False	NA
chr3_113401489_113401490	chr3	113401489	113401490	0	False	NA
chr3_113426420_113426421	chr3	113426420	113426421	12	False	NA
chr3_113452558_113452559	chr3	113452558	113452559	0	False	NA
chr3_113498537_113498538	chr3	113498537	113498538	87	True	39
chr3_113607263_113607264	chr3	113607263	113607264	0	False	NA
chr3_113663581_113663582	chr3	113663581	113663582	8	False	NA
chr3_113723169_113723170	chr3	113723169	113723170	69	True	39
chr3_113782897_113782898	chr3	113782897	113782898	14	False	NA
chr3_113795710_113795711	chr3	113795710	113795711	51	True	39
chr3_113948461_113948462	chr3	113948461	113948462	0	False	NA
chr3_113953135_113953136	chr3	113953135	113953136	0	False	NA
chr3_113957484_113957485	chr3	113957484	113957485	0	False	NA
chr3_114003649_114003650	chr3	114003649	114003650	0	False	NA
chr3_114003664_114003665	chr3	114003664	114003665	0	False	NA
chr3_114009122_114009123	chr3	114009122	114009123	0	False	NA
chr3_114060283_114060284	chr3	114060283	114060284	23	False	NA
chr3_114067947_114067948	chr3	114067947	114067948	17	False	NA
chr3_118904383_118904384	chr3	118904383	118904384	0	False	NA
chr3_119217290_119217291	chr3	119217290	119217291	0	False	NA
chr3_119226204_119226205	chr3	119226204	119226205	0	False	NA
chr3_119386771_119386772	chr3	119386771	119386772	0	False	NA
chr3_119392804_119392805	chr3	119392804	119392805	0	False	NA
chr3_119449891_119449892	chr3	119449891	119449892	19	False	NA
chr3_119461667_119461668	chr3	119461667	119461668	927	True	39
chr3_119486635_119486636	chr3	119486635	119486636	0	False	NA
chr3_119544194_119544195	chr3	119544194	119544195	0	False	NA
chr3_119643048_119643049	chr3	119643048	119643049	0	False	NA
chr3_119650914_119650915	chr3	119650914	119650915	0	False	NA
chr3_119730491_119730492	chr3	119730491	119730492	0	False	NA
chr3_120408135_120408136	chr3	120408135	120408136	0	False	NA
chr3_120628896_120628897	chr3	120628896	120628897	1623	True	39
chr3_120644988_120644989	chr3	120644988	120644989	1433	True	39
chr3_120650350_120650351	chr3	120650350	120650351	100	True	39
chr3_120678253_120678254	chr3	120678253	120678254	5	False	NA
chr3_120690526_120690527	chr3	120690526	120690527	48	True	39
chr3_121044606_121044607	chr3	121044606	121044607	0	False	NA
chr3_121379103_121379104	chr3	121379103	121379104	0	False	NA
chr3_121380918_121380919	chr3	121380918	121380919	0	False	NA
chr3_121495369_121495370	chr3	121495369	121495370	12	False	NA
chr3_121539103_121539104	chr3	121539103	121539104	95	True	39
chr3_121635572_121635573	chr3	121635572	121635573	0	False	NA
chr3_121645308_121645309	chr3	121645308	121645309	0	False	NA
chr3_121774437_121774438	chr3	121774437	121774438	0	False	NA
chr3_121779982_121779983	chr3	121779982	121779983	0	False	NA
chr3_121783710_121783711	chr3	121783710	121783711	0	False	NA
chr3_121795704_121795705	chr3	121795704	121795705	16	False	NA
chr3_121854454_121854455	chr3	121854454	121854455	0	False	NA
chr3_121896728_121896729	chr3	121896728	121896729	0	False	NA
chr3_121916565_121916566	chr3	121916565	121916566	0	False	NA
chr3_122004106_122004107	chr3	122004106	122004107	0	False	NA
chr3_122362292_122362293	chr3	122362292	122362293	0	False	NA
chr3_122403819_122403820	chr3	122403819	122403820	14	False	NA
chr3_122449875_122449876	chr3	122449875	122449876	59	True	39
chr3_122453111_122453112	chr3	122453111	122453112	103	True	39
chr3_122453115_122453116	chr3	122453115	122453116	110	True	39
chr3_122563054_122563055	chr3	122563054	122563055	0	False	NA
chr3_122619690_122619691	chr3	122619690	122619691	0	False	NA
chr3_122630219_122630220	chr3	122630219	122630220	0	False	NA
chr3_122632084_122632085	chr3	122632084	122632085	0	False	NA
chr3_122691355_122691356	chr3	122691355	122691356	0	False	NA
chr3_122695098_122695099	chr3	122695098	122695099	0	False	NA
chr3_122705742_122705743	chr3	122705742	122705743	0	False	NA
chr3_122716553_122716554	chr3	122716553	122716554	0	False	NA
chr3_122722798_122722799	chr3	122722798	122722799	0	False	NA
chr3_122756989_122756990	chr3	122756989	122756990	5	False	NA
chr3_122827428_122827429	chr3	122827428	122827429	5	False	NA
chr3_122858842_122858843	chr3	122858842	122858843	0	False	NA
chr3_123090574_123090575	chr3	123090574	123090575	35	False	NA
chr3_123102693_123102694	chr3	123102693	123102694	781	True	39
chr3_123115609_123115610	chr3	123115609	123115610	11	False	NA
chr3_123705244_123705245	chr3	123705244	123705245	0	False	NA
chr3_124634618_124634619	chr3	124634618	124634619	5	False	NA
chr3_124659680_124659681	chr3	124659680	124659681	0	False	NA
chr3_124697500_124697501	chr3	124697500	124697501	0	False	NA
chr3_124697505_124697506	chr3	124697505	124697506	0	False	NA
chr3_124717905_124717906	chr3	124717905	124717906	0	False	NA
chr3_124908891_124908892	chr3	124908891	124908892	0	False	NA
chr3_124916818_124916819	chr3	124916818	124916819	0	False	NA
chr3_124920708_124920709	chr3	124920708	124920709	0	False	NA
chr3_125084793_125084794	chr3	125084793	125084794	0	False	NA
chr3_125282320_125282321	chr3	125282320	125282321	30	False	NA
chr3_125449296_125449297	chr3	125449296	125449297	0	False	NA
chr3_125453256_125453257	chr3	125453256	125453257	0	False	NA
chr3_125453261_125453262	chr3	125453261	125453262	0	False	NA
chr3_125469233_125469234	chr3	125469233	125469234	141	True	39
chr3_125479629_125479630	chr3	125479629	125479630	0	False	NA
chr3_125497476_125497477	chr3	125497476	125497477	49	True	39
chr3_125544658_125544659	chr3	125544658	125544659	0	False	NA
chr3_126011115_126011116	chr3	126011115	126011116	0	False	NA
chr3_126147296_126147297	chr3	126147296	126147297	11	False	NA
chr3_126153904_126153905	chr3	126153904	126153905	0	False	NA
chr3_126153908_126153909	chr3	126153908	126153909	0	False	NA
chr3_126157952_126157953	chr3	126157952	126157953	0	False	NA
chr3_126416046_126416047	chr3	126416046	126416047	0	False	NA
chr3_126469139_126469140	chr3	126469139	126469140	36	False	NA
chr3_126490056_126490057	chr3	126490056	126490057	0	False	NA
chr3_126492841_126492842	chr3	126492841	126492842	0	False	NA
chr3_126541265_126541266	chr3	126541265	126541266	275	True	39
chr3_126609136_126609137	chr3	126609136	126609137	0	False	NA
chr3_126617497_126617498	chr3	126617497	126617498	0	False	NA
chr3_127670090_127670091	chr3	127670090	127670091	0	False	NA
chr3_127721663_127721664	chr3	127721663	127721664	0	False	NA
chr3_127929284_127929285	chr3	127929284	127929285	0	False	NA
chr3_128059547_128059548	chr3	128059547	128059548	28	False	NA
chr3_128120138_128120139	chr3	128120138	128120139	0	False	NA
chr3_128727646_128727647	chr3	128727646	128727647	256	True	39
chr3_128810521_128810522	chr3	128810521	128810522	70	True	39
chr3_128885533_128885534	chr3	128885533	128885534	14	False	NA
chr3_128890362_128890363	chr3	128890362	128890363	16	False	NA
chr3_128901217_128901218	chr3	128901217	128901218	112	True	39
chr3_129038204_129038205	chr3	129038204	129038205	0	False	NA
chr3_129260173_129260174	chr3	129260173	129260174	325	True	39
chr3_129437515_129437516	chr3	129437515	129437516	90	True	39
chr3_129438251_129438252	chr3	129438251	129438252	0	False	NA
chr3_129492770_129492771	chr3	129492770	129492771	50	True	39
chr3_129550176_129550177	chr3	129550176	129550177	0	False	NA
chr3_129570589_129570590	chr3	129570589	129570590	118	True	39
chr3_130092447_130092448	chr3	130092447	130092448	0	False	NA
chr3_130378804_130378805	chr3	130378804	130378805	0	False	NA
chr3_130387177_130387178	chr3	130387177	130387178	0	False	NA
chr3_130392263_130392264	chr3	130392263	130392264	0	False	NA
chr3_130421591_130421592	chr3	130421591	130421592	0	False	NA
chr3_130592203_130592204	chr3	130592203	130592204	0	False	NA
chr3_130660622_130660623	chr3	130660622	130660623	0	False	NA
chr3_130662916_130662917	chr3	130662916	130662917	0	False	NA
chr3_130716784_130716785	chr3	130716784	130716785	52	True	39
chr3_130725307_130725308	chr3	130725307	130725308	77	True	39
chr3_130729973_130729974	chr3	130729973	130729974	25	False	NA
chr3_130731871_130731872	chr3	130731871	130731872	21	False	NA
chr3_130733269_130733270	chr3	130733269	130733270	48	True	39
chr3_130954913_130954914	chr3	130954913	130954914	88	True	39
chr3_130955606_130955607	chr3	130955606	130955607	39	False	NA
chr3_130962524_130962525	chr3	130962524	130962525	51	True	39
chr3_130966312_130966313	chr3	130966312	130966313	123	True	39
chr3_130975281_130975282	chr3	130975281	130975282	150	True	39
chr3_130995355_130995356	chr3	130995355	130995356	0	False	NA
chr3_131132887_131132888	chr3	131132887	131132888	0	False	NA
chr3_132333492_132333493	chr3	132333492	132333493	0	False	NA
chr3_132343855_132343856	chr3	132343855	132343856	0	False	NA
chr3_132447659_132447660	chr3	132447659	132447660	27	False	NA
chr3_132455385_132455386	chr3	132455385	132455386	23	False	NA
chr3_132473975_132473976	chr3	132473975	132473976	40	True	39
chr3_132483976_132483977	chr3	132483976	132483977	0	False	NA
chr3_132491550_132491551	chr3	132491550	132491551	5	False	NA
chr3_132503074_132503075	chr3	132503074	132503075	0	False	NA
chr3_132503078_132503079	chr3	132503078	132503079	0	False	NA
chr3_132509797_132509798	chr3	132509797	132509798	11	False	NA
chr3_132512500_132512501	chr3	132512500	132512501	0	False	NA
chr3_132513888_132513889	chr3	132513888	132513889	0	False	NA
chr3_132522611_132522612	chr3	132522611	132522612	10	False	NA
chr3_132524202_132524203	chr3	132524202	132524203	11	False	NA
chr3_132528103_132528104	chr3	132528103	132528104	14	False	NA
chr3_132535120_132535121	chr3	132535120	132535121	0	False	NA
chr3_132576774_132576775	chr3	132576774	132576775	0	False	NA
chr3_132604977_132604978	chr3	132604977	132604978	5	False	NA
chr3_132628546_132628547	chr3	132628546	132628547	0	False	NA
chr3_132638124_132638125	chr3	132638124	132638125	7	False	NA
chr3_132640506_132640507	chr3	132640506	132640507	0	False	NA
chr3_132669945_132669946	chr3	132669945	132669946	42	True	39
chr3_132704461_132704462	chr3	132704461	132704462	16	False	NA
chr3_132705589_132705590	chr3	132705589	132705590	38	False	NA
chr3_132710676_132710677	chr3	132710676	132710677	8	False	NA
chr3_132719289_132719290	chr3	132719289	132719290	0	False	NA
chr3_132719295_132719296	chr3	132719295	132719296	0	False	NA
chr3_133644487_133644488	chr3	133644487	133644488	96	True	39
chr3_133765489_133765490	chr3	133765489	133765490	626	True	39
chr3_133809306_133809307	chr3	133809306	133809307	14	False	NA
chr3_133813300_133813301	chr3	133813300	133813301	27	False	NA
chr3_133840838_133840839	chr3	133840838	133840839	0	False	NA
chr3_133938251_133938252	chr3	133938251	133938252	0	False	NA
chr3_133946496_133946497	chr3	133946496	133946497	0	False	NA
chr3_134158939_134158940	chr3	134158939	134158940	0	False	NA
chr3_134197079_134197080	chr3	134197079	134197080	45	True	39
chr3_134362846_134362847	chr3	134362846	134362847	0	False	NA
chr3_136103764_136103765	chr3	136103764	136103765	5	False	NA
chr3_136106115_136106116	chr3	136106115	136106116	5	False	NA
chr3_136344606_136344607	chr3	136344606	136344607	7	False	NA
chr3_136367559_136367560	chr3	136367559	136367560	0	False	NA
chr3_136419985_136419986	chr3	136419985	136419986	0	False	NA
chr3_136466127_136466128	chr3	136466127	136466128	11	False	NA
chr3_136994591_136994592	chr3	136994591	136994592	0	False	NA
chr3_138030539_138030540	chr3	138030539	138030540	0	False	NA
chr3_138100357_138100358	chr3	138100357	138100358	6	False	NA
chr3_138169208_138169209	chr3	138169208	138169209	109	True	39
chr3_138234537_138234538	chr3	138234537	138234538	0	False	NA
chr3_138236133_138236134	chr3	138236133	138236134	99	True	39
chr3_138236639_138236640	chr3	138236639	138236640	39	False	NA
chr3_138277208_138277209	chr3	138277208	138277209	23	False	NA
chr3_138291917_138291918	chr3	138291917	138291918	16	False	NA
chr3_138291922_138291923	chr3	138291922	138291923	47	True	39
chr3_138295715_138295716	chr3	138295715	138295716	34	False	NA
chr3_138316938_138316939	chr3	138316938	138316939	0	False	NA
chr3_138530601_138530602	chr3	138530601	138530602	58	True	39
chr3_138535680_138535681	chr3	138535680	138535681	93	True	39
chr3_138570685_138570686	chr3	138570685	138570686	0	False	NA
chr3_138628368_138628369	chr3	138628368	138628369	0	False	NA
chr3_138683882_138683883	chr3	138683882	138683883	120	True	39
chr3_138741474_138741475	chr3	138741474	138741475	43	True	39
chr3_139369031_139369032	chr3	139369031	139369032	61	True	39
chr3_140465205_140465206	chr3	140465205	140465206	0	False	NA
chr3_141515393_141515394	chr3	141515393	141515394	0	False	NA
chr3_141572410_141572411	chr3	141572410	141572411	13	False	NA
chr3_141572893_141572894	chr3	141572893	141572894	60	True	39
chr3_141581585_141581586	chr3	141581585	141581586	11	False	NA
chr3_141586228_141586229	chr3	141586228	141586229	38	False	NA
chr3_141611243_141611244	chr3	141611243	141611244	0	False	NA
chr3_141974440_141974441	chr3	141974440	141974441	6	False	NA
chr3_142098539_142098540	chr3	142098539	142098540	0	False	NA
chr3_142349198_142349199	chr3	142349198	142349199	0	False	NA
chr3_142368625_142368626	chr3	142368625	142368626	9	False	NA
chr3_142373727_142373728	chr3	142373727	142373728	78	True	39
chr3_142376661_142376662	chr3	142376661	142376662	260	True	39
chr3_142400683_142400684	chr3	142400683	142400684	0	False	NA
chr3_142400685_142400686	chr3	142400685	142400686	0	False	NA
chr3_142415447_142415448	chr3	142415447	142415448	28	False	NA
chr3_142415452_142415453	chr3	142415452	142415453	28	False	NA
chr3_142454120_142454121	chr3	142454120	142454121	0	False	NA
chr3_142464655_142464656	chr3	142464655	142464656	0	False	NA
chr3_142470768_142470769	chr3	142470768	142470769	37	False	NA
chr3_142494493_142494494	chr3	142494493	142494494	17	False	NA
chr3_142498095_142498096	chr3	142498095	142498096	0	False	NA
chr3_142515638_142515639	chr3	142515638	142515639	5	False	NA
chr3_142665030_142665031	chr3	142665030	142665031	13	False	NA
chr3_142670544_142670545	chr3	142670544	142670545	0	False	NA
chr3_142695546_142695547	chr3	142695546	142695547	0	False	NA
chr3_142701852_142701853	chr3	142701852	142701853	0	False	NA
chr3_142778247_142778248	chr3	142778247	142778248	20	False	NA
chr3_143001788_143001789	chr3	143001788	143001789	421	True	39
chr3_143024834_143024835	chr3	143024834	143024835	1167	True	39
chr3_143029093_143029094	chr3	143029093	143029094	71	True	39
chr3_143033801_143033802	chr3	143033801	143033802	336	True	39
chr3_143053106_143053107	chr3	143053106	143053107	83	True	39
chr3_143795836_143795837	chr3	143795836	143795837	0	False	NA
chr3_143989290_143989291	chr3	143989290	143989291	6	False	NA
chr3_146593534_146593535	chr3	146593534	146593535	0	False	NA
chr3_148843909_148843910	chr3	148843909	148843910	0	False	NA
chr3_148858657_148858658	chr3	148858657	148858658	0	False	NA
chr3_148865787_148865788	chr3	148865787	148865788	0	False	NA
chr3_148883263_148883264	chr3	148883263	148883264	0	False	NA
chr3_149040988_149040989	chr3	149040988	149040989	18	False	NA
chr3_149070248_149070249	chr3	149070248	149070249	63	True	39
chr3_149156200_149156201	chr3	149156200	149156201	0	False	NA
chr3_149163238_149163239	chr3	149163238	149163239	11	False	NA
chr3_149183067_149183068	chr3	149183067	149183068	40	True	39
chr3_149183792_149183793	chr3	149183792	149183793	563	True	39
chr3_149209954_149209955	chr3	149209954	149209955	183	True	39
chr3_149211028_149211029	chr3	149211028	149211029	10	False	NA
chr3_149214208_149214209	chr3	149214208	149214209	22	False	NA
chr3_149328818_149328819	chr3	149328818	149328819	0	False	NA
chr3_149500305_149500306	chr3	149500305	149500306	0	False	NA
chr3_149913841_149913842	chr3	149913841	149913842	97	True	39
chr3_150660868_150660869	chr3	150660868	150660869	0	False	NA
chr3_150699927_150699928	chr3	150699927	150699928	0	False	NA
chr3_150891988_150891989	chr3	150891988	150891989	0	False	NA
chr3_150900115_150900116	chr3	150900115	150900116	0	False	NA
chr3_151124360_151124361	chr3	151124360	151124361	0	False	NA
chr3_151199561_151199562	chr3	151199561	151199562	0	False	NA
chr3_151296527_151296528	chr3	151296527	151296528	0	False	NA
chr3_151372188_151372189	chr3	151372188	151372189	0	False	NA
chr3_151373286_151373287	chr3	151373286	151373287	0	False	NA
chr3_151383305_151383306	chr3	151383305	151383306	0	False	NA
chr3_151451271_151451272	chr3	151451271	151451272	0	False	NA
chr3_151736009_151736010	chr3	151736009	151736010	0	False	NA
chr3_151741299_151741300	chr3	151741299	151741300	0	False	NA
chr3_154127618_154127619	chr3	154127618	154127619	0	False	NA
chr3_154287910_154287911	chr3	154287910	154287911	79	True	39
chr3_154310479_154310480	chr3	154310479	154310480	102	True	39
chr3_154315559_154315560	chr3	154315559	154315560	29	False	NA
chr3_154323546_154323547	chr3	154323546	154323547	12	False	NA
chr3_154428067_154428068	chr3	154428067	154428068	0	False	NA
chr3_155139437_155139438	chr3	155139437	155139438	5	False	NA
chr3_155171342_155171343	chr3	155171342	155171343	0	False	NA
chr3_155291767_155291768	chr3	155291767	155291768	0	False	NA
chr3_155487836_155487837	chr3	155487836	155487837	0	False	NA
chr3_155550907_155550908	chr3	155550907	155550908	0	False	NA
chr3_155595924_155595925	chr3	155595924	155595925	0	False	NA
chr3_155905147_155905148	chr3	155905147	155905148	29	False	NA
chr3_155912186_155912187	chr3	155912186	155912187	33	False	NA
chr3_156462509_156462510	chr3	156462509	156462510	0	False	NA
chr3_156534426_156534427	chr3	156534426	156534427	0	False	NA
chr3_157315665_157315666	chr3	157315665	157315666	0	False	NA
chr3_157497920_157497921	chr3	157497920	157497921	0	False	NA
chr3_158595924_158595925	chr3	158595924	158595925	0	False	NA
chr3_158604064_158604065	chr3	158604064	158604065	0	False	NA
chr3_158648204_158648205	chr3	158648204	158648205	124	True	39
chr3_158672075_158672076	chr3	158672075	158672076	0	False	NA
chr3_158812951_158812952	chr3	158812951	158812952	6	False	NA
chr3_158828921_158828922	chr3	158828921	158828922	62	True	39
chr3_159249590_159249591	chr3	159249590	159249591	0	False	NA
chr3_160271568_160271569	chr3	160271568	160271569	6	False	NA
chr3_160278250_160278251	chr3	160278250	160278251	0	False	NA
chr3_160357213_160357214	chr3	160357213	160357214	0	False	NA
chr3_160380455_160380456	chr3	160380455	160380456	6	False	NA
chr3_160406462_160406463	chr3	160406462	160406463	835	True	39
chr3_160416030_160416031	chr3	160416030	160416031	39	False	NA
chr3_160416035_160416036	chr3	160416035	160416036	53	True	39
chr3_160423759_160423760	chr3	160423759	160423760	2073	True	39
chr3_160424809_160424810	chr3	160424809	160424810	403	True	39
chr3_160504513_160504514	chr3	160504513	160504514	6	False	NA
chr3_160508502_160508503	chr3	160508502	160508503	9	False	NA
chr3_160512605_160512606	chr3	160512605	160512606	0	False	NA
chr3_160533788_160533789	chr3	160533788	160533789	10	False	NA
chr3_161067700_161067701	chr3	161067700	161067701	0	False	NA
chr3_161497900_161497901	chr3	161497900	161497901	0	False	NA
chr3_164996194_164996195	chr3	164996194	164996195	0	False	NA
chr3_165017673_165017674	chr3	165017673	165017674	0	False	NA
chr3_165032741_165032742	chr3	165032741	165032742	0	False	NA
chr3_165038447_165038448	chr3	165038447	165038448	0	False	NA
chr3_165039486_165039487	chr3	165039486	165039487	0	False	NA
chr3_165064201_165064202	chr3	165064201	165064202	0	False	NA
chr3_165071829_165071830	chr3	165071829	165071830	0	False	NA
chr3_167327476_167327477	chr3	167327476	167327477	0	False	NA
chr3_167450160_167450161	chr3	167450160	167450161	0	False	NA
chr3_167451875_167451876	chr3	167451875	167451876	0	False	NA
chr3_167528993_167528994	chr3	167528993	167528994	0	False	NA
chr3_167823526_167823527	chr3	167823526	167823527	5	False	NA
chr3_168034822_168034823	chr3	168034822	168034823	24	False	NA
chr3_168042876_168042877	chr3	168042876	168042877	0	False	NA
chr3_168047196_168047197	chr3	168047196	168047197	5	False	NA
chr3_169768830_169768831	chr3	169768830	169768831	0	False	NA
chr3_169801429_169801430	chr3	169801429	169801430	0	False	NA
chr3_169808496_169808497	chr3	169808496	169808497	0	False	NA
chr3_169859355_169859356	chr3	169859355	169859356	0	False	NA
chr3_169912737_169912738	chr3	169912737	169912738	0	False	NA
chr3_169916004_169916005	chr3	169916004	169916005	0	False	NA
chr3_169926091_169926092	chr3	169926091	169926092	0	False	NA
chr3_170125961_170125962	chr3	170125961	170125962	53	True	39
chr3_170135109_170135110	chr3	170135109	170135110	30	False	NA
chr3_170272785_170272786	chr3	170272785	170272786	65	True	39
chr3_170296428_170296429	chr3	170296428	170296429	7	False	NA
chr3_170382996_170382997	chr3	170382996	170382997	0	False	NA
chr3_170482468_170482469	chr3	170482468	170482469	0	False	NA
chr3_171007660_171007661	chr3	171007660	171007661	5	False	NA
chr3_171022455_171022456	chr3	171022455	171022456	18	False	NA
chr3_171082810_171082811	chr3	171082810	171082811	5	False	NA
chr3_171085899_171085900	chr3	171085899	171085900	0	False	NA
chr3_171086336_171086337	chr3	171086336	171086337	0	False	NA
chr3_171696252_171696253	chr3	171696252	171696253	13	False	NA
chr3_171732019_171732020	chr3	171732019	171732020	79	True	39
chr3_171736874_171736875	chr3	171736874	171736875	101	True	39
chr3_172332994_172332995	chr3	172332994	172332995	846	True	39
chr3_172343184_172343185	chr3	172343184	172343185	385	True	39
chr3_172782714_172782715	chr3	172782714	172782715	232	True	39
chr3_172806919_172806920	chr3	172806919	172806920	10	False	NA
chr3_179351595_179351596	chr3	179351595	179351596	13	False	NA
chr3_179375670_179375671	chr3	179375670	179375671	310	True	39
chr3_179375820_179375821	chr3	179375820	179375821	215	True	39
chr3_179388801_179388802	chr3	179388801	179388802	26	False	NA
chr3_179416069_179416070	chr3	179416069	179416070	0	False	NA
chr3_179580049_179580050	chr3	179580049	179580050	0	False	NA
chr3_179604394_179604395	chr3	179604394	179604395	153	True	39
chr3_179753629_179753630	chr3	179753629	179753630	5	False	NA
chr3_179812308_179812309	chr3	179812308	179812309	0	False	NA
chr3_180661574_180661575	chr3	180661574	180661575	0	False	NA
chr3_180934135_180934136	chr3	180934135	180934136	59	True	39
chr3_180956424_180956425	chr3	180956424	180956425	233	True	39
chr3_180966034_180966035	chr3	180966034	180966035	15	False	NA
chr3_182869651_182869652	chr3	182869651	182869652	8	False	NA
chr3_182886204_182886205	chr3	182886204	182886205	8	False	NA
chr3_182890442_182890443	chr3	182890442	182890443	19	False	NA
chr3_182917637_182917638	chr3	182917637	182917638	249	True	39
chr3_183035466_183035467	chr3	183035466	183035467	0	False	NA
chr3_183039598_183039599	chr3	183039598	183039599	0	False	NA
chr3_183138827_183138828	chr3	183138827	183138828	0	False	NA
chr3_183223438_183223439	chr3	183223438	183223439	10	False	NA
chr3_183291719_183291720	chr3	183291719	183291720	8	False	NA
chr3_183318822_183318823	chr3	183318822	183318823	6	False	NA
chr3_183716432_183716433	chr3	183716432	183716433	19	False	NA
chr3_183718096_183718097	chr3	183718096	183718097	28	False	NA
chr3_183723020_183723021	chr3	183723020	183723021	27	False	NA
chr3_183723024_183723025	chr3	183723024	183723025	27	False	NA
chr3_183755652_183755653	chr3	183755652	183755653	12	False	NA
chr3_183790034_183790035	chr3	183790034	183790035	49	True	39
chr3_183800890_183800891	chr3	183800890	183800891	6	False	NA
chr3_183866283_183866284	chr3	183866283	183866284	15	False	NA
chr3_183966275_183966276	chr3	183966275	183966276	0	False	NA
chr3_183966279_183966280	chr3	183966279	183966280	0	False	NA
chr3_184034936_184034937	chr3	184034936	184034937	0	False	NA
chr3_184035521_184035522	chr3	184035521	184035522	0	False	NA
chr3_184037830_184037831	chr3	184037830	184037831	0	False	NA
chr3_184053679_184053680	chr3	184053679	184053680	0	False	NA
chr3_184054187_184054188	chr3	184054187	184054188	0	False	NA
chr3_184101666_184101667	chr3	184101666	184101667	0	False	NA
chr3_184103967_184103968	chr3	184103967	184103968	0	False	NA
chr3_184141151_184141152	chr3	184141151	184141152	81	True	39
chr3_184191671_184191672	chr3	184191671	184191672	92	True	39
chr3_184282362_184282363	chr3	184282362	184282363	0	False	NA
chr3_184357902_184357903	chr3	184357902	184357903	42	True	39
chr3_184573536_184573537	chr3	184573536	184573537	0	False	NA
chr3_184826053_184826054	chr3	184826053	184826054	13	False	NA
chr3_184826056_184826057	chr3	184826056	184826057	13	False	NA
chr3_184916230_184916231	chr3	184916230	184916231	0	False	NA
chr3_184936162_184936163	chr3	184936162	184936163	90	True	39
chr3_184938344_184938345	chr3	184938344	184938345	5	False	NA
chr3_185234790_185234791	chr3	185234790	185234791	5	False	NA
chr3_185249053_185249054	chr3	185249053	185249054	0	False	NA
chr3_185439631_185439632	chr3	185439631	185439632	0	False	NA
chr3_185479793_185479794	chr3	185479793	185479794	0	False	NA
chr3_185604431_185604432	chr3	185604431	185604432	26	False	NA
chr3_185604436_185604437	chr3	185604436	185604437	26	False	NA
chr3_185656247_185656248	chr3	185656247	185656248	808	True	39
chr3_186162914_186162915	chr3	186162914	186162915	0	False	NA
chr3_186270791_186270792	chr3	186270791	186270792	0	False	NA
chr3_186300382_186300383	chr3	186300382	186300383	0	False	NA
chr3_186618490_186618491	chr3	186618490	186618491	25696	True	2
chr3_186620073_186620074	chr3	186620073	186620074	4167	True	33
chr3_186652000_186652001	chr3	186652000	186652001	0	False	NA
chr3_186731915_186731916	chr3	186731915	186731916	0	False	NA
chr3_187050938_187050939	chr3	187050938	187050939	59	True	39
chr3_187224687_187224688	chr3	187224687	187224688	0	False	NA
chr3_187248553_187248554	chr3	187248553	187248554	0	False	NA
chr3_189867342_189867343	chr3	189867342	189867343	0	False	NA
chr3_189960628_189960629	chr3	189960628	189960629	0	False	NA
chr3_193267716_193267717	chr3	193267716	193267717	0	False	NA
chr3_193300763_193300764	chr3	193300763	193300764	0	False	NA
chr3_193314787_193314788	chr3	193314787	193314788	0	False	NA
chr3_193318510_193318511	chr3	193318510	193318511	0	False	NA
chr3_193325560_193325561	chr3	193325560	193325561	0	False	NA
chr3_193330551_193330552	chr3	193330551	193330552	0	False	NA
chr3_193341872_193341873	chr3	193341872	193341873	0	False	NA
chr3_193344288_193344289	chr3	193344288	193344289	0	False	NA
chr3_193351824_193351825	chr3	193351824	193351825	0	False	NA
chr3_193353734_193353735	chr3	193353734	193353735	0	False	NA
chr3_193411666_193411667	chr3	193411666	193411667	0	False	NA
chr3_193440887_193440888	chr3	193440887	193440888	0	False	NA
chr3_193440897_193440898	chr3	193440897	193440898	0	False	NA
chr3_193441789_193441790	chr3	193441789	193441790	0	False	NA
chr3_193446829_193446830	chr3	193446829	193446830	0	False	NA
chr3_193644401_193644402	chr3	193644401	193644402	26	False	NA
chr3_193654712_193654713	chr3	193654712	193654713	31	False	NA
chr3_193662515_193662516	chr3	193662515	193662516	5	False	NA
chr3_194429420_194429421	chr3	194429420	194429421	68	True	39
chr3_194643644_194643645	chr3	194643644	194643645	5	False	NA
chr3_194649788_194649789	chr3	194649788	194649789	47	True	39
chr3_194666922_194666923	chr3	194666922	194666923	0	False	NA
chr3_194668145_194668146	chr3	194668145	194668146	0	False	NA
chr3_194670297_194670298	chr3	194670297	194670298	0	False	NA
chr3_195286032_195286033	chr3	195286032	195286033	0	False	NA
chr3_195288411_195288412	chr3	195288411	195288412	60	True	39
chr3_195300756_195300757	chr3	195300756	195300757	0	False	NA
chr3_195317946_195317947	chr3	195317946	195317947	60	True	39
chr3_195330060_195330061	chr3	195330060	195330061	11	False	NA
chr3_195524610_195524611	chr3	195524610	195524611	123	True	39
chr3_195575963_195575964	chr3	195575963	195575964	0	False	NA
chr3_195770934_195770935	chr3	195770934	195770935	0	False	NA
chr3_196059363_196059364	chr3	196059363	196059364	704	True	39
chr3_196228616_196228617	chr3	196228616	196228617	423	True	39
chr3_196231229_196231230	chr3	196231229	196231230	12	False	NA
chr3_196239188_196239189	chr3	196239188	196239189	0	False	NA
chr3_196316285_196316286	chr3	196316285	196316286	211	True	39
chr3_196368617_196368618	chr3	196368617	196368618	5	False	NA
chr3_196483204_196483205	chr3	196483204	196483205	255	True	39
chr3_196582128_196582129	chr3	196582128	196582129	0	False	NA
chr3_196657383_196657384	chr3	196657383	196657384	0	False	NA
chr3_196713923_196713924	chr3	196713923	196713924	0	False	NA
chr3_196720363_196720364	chr3	196720363	196720364	0	False	NA
chr3_196813554_196813555	chr3	196813554	196813555	37	False	NA
chr3_197023794_197023795	chr3	197023794	197023795	37	False	NA
chr3_197023796_197023797	chr3	197023796	197023797	37	False	NA
chr3_197055127_197055128	chr3	197055127	197055128	35	False	NA
chr3_197141447_197141448	chr3	197141447	197141448	0	False	NA
chr3_197532647_197532648	chr3	197532647	197532648	6	False	NA
chr3_197675966_197675967	chr3	197675966	197675967	0	False	NA
chr3_197777163_197777164	chr3	197777163	197777164	7	False	NA
chr3_197821612_197821613	chr3	197821612	197821613	5	False	NA
chr3_197832055_197832056	chr3	197832055	197832056	159	True	39
chr3_197838466_197838467	chr3	197838466	197838467	166	True	39
chr3_197874455_197874456	chr3	197874455	197874456	39	False	NA
chr3_197934593_197934594	chr3	197934593	197934594	0	False	NA
chr3_197975596_197975597	chr3	197975596	197975597	6	False	NA
chr3_198036212_198036213	chr3	198036212	198036213	0	False	NA
chr4_514881_514882	chr4	514881	514882	140	True	39
chr4_521003_521004	chr4	521003	521004	241	True	39
chr4_735648_735649	chr4	735648	735649	12	False	NA
chr4_896876_896877	chr4	896876	896877	924	True	39
chr4_1011464_1011465	chr4	1011464	1011465	233	True	39
chr4_1079733_1079734	chr4	1079733	1079734	0	False	NA
chr4_1169616_1169617	chr4	1169616	1169617	149	True	39
chr4_1169620_1169621	chr4	1169620	1169621	136	True	39
chr4_1325045_1325046	chr4	1325045	1325046	1029	True	39
chr4_1348566_1348567	chr4	1348566	1348567	137	True	39
chr4_1354428_1354429	chr4	1354428	1354429	2972	True	39
chr4_1700369_1700370	chr4	1700369	1700370	95	True	39
chr4_1726195_1726196	chr4	1726195	1726196	51	True	39
chr4_1729405_1729406	chr4	1729405	1729406	807	True	39
chr4_1802693_1802694	chr4	1802693	1802694	8528	True	29
chr4_1804150_1804151	chr4	1804150	1804151	7654	True	29
chr4_1804203_1804204	chr4	1804203	1804204	6453	True	29
chr4_1804215_1804216	chr4	1804215	1804216	5234	True	29
chr4_1805123_1805124	chr4	1805123	1805124	1488	True	39
chr4_1805185_1805186	chr4	1805185	1805186	1330	True	39
chr4_1805189_1805190	chr4	1805189	1805190	1339	True	39
chr4_1807017_1807018	chr4	1807017	1807018	498	True	39
chr4_1820541_1820542	chr4	1820541	1820542	0	False	NA
chr4_1902500_1902501	chr4	1902500	1902501	78	True	39
chr4_1903177_1903178	chr4	1903177	1903178	35	False	NA
chr4_2158904_2158905	chr4	2158904	2158905	0	False	NA
chr4_2177032_2177033	chr4	2177032	2177033	0	False	NA
chr4_2210318_2210319	chr4	2210318	2210319	0	False	NA
chr4_2642653_2642654	chr4	2642653	2642654	50	True	39
chr4_2689947_2689948	chr4	2689947	2689948	0	False	NA
chr4_2696944_2696945	chr4	2696944	2696945	20	False	NA
chr4_2702736_2702737	chr4	2702736	2702737	82	True	39
chr4_2806614_2806615	chr4	2806614	2806615	315	True	39
chr4_2906633_2906634	chr4	2906633	2906634	903	True	39
chr4_2907175_2907176	chr4	2907175	2907176	193	True	39
chr4_2946706_2946707	chr4	2946706	2946707	39	False	NA
chr4_3005121_3005122	chr4	3005121	3005122	0	False	NA
chr4_3021668_3021669	chr4	3021668	3021669	0	False	NA
chr4_3026035_3026036	chr4	3026035	3026036	0	False	NA
chr4_3115227_3115228	chr4	3115227	3115228	265	True	39
chr4_3124671_3124672	chr4	3124671	3124672	159	True	39
chr4_3132104_3132105	chr4	3132104	3132105	32	False	NA
chr4_3140459_3140460	chr4	3140459	3140460	168	True	39
chr4_3160156_3160157	chr4	3160156	3160157	10	False	NA
chr4_3172724_3172725	chr4	3172724	3172725	0	False	NA
chr4_3174874_3174875	chr4	3174874	3174875	79	True	39
chr4_3184872_3184873	chr4	3184872	3184873	46	True	39
chr4_3204430_3204431	chr4	3204430	3204431	20	False	NA
chr4_3207570_3207571	chr4	3207570	3207571	5	False	NA
chr4_3215288_3215289	chr4	3215288	3215289	126	True	39
chr4_3223717_3223718	chr4	3223717	3223718	0	False	NA
chr4_3232033_3232034	chr4	3232033	3232034	46	True	39
chr4_3239605_3239606	chr4	3239605	3239606	30	False	NA
chr4_3524127_3524128	chr4	3524127	3524128	321	True	39
chr4_4239914_4239915	chr4	4239914	4239915	10	False	NA
chr4_4271905_4271906	chr4	4271905	4271906	5	False	NA
chr4_4275248_4275249	chr4	4275248	4275249	6	False	NA
chr4_4421849_4421850	chr4	4421849	4421850	0	False	NA
chr4_4424060_4424061	chr4	4424060	4424061	31	False	NA
chr4_5575899_5575900	chr4	5575899	5575900	0	False	NA
chr4_5624648_5624649	chr4	5624648	5624649	0	False	NA
chr4_5628122_5628123	chr4	5628122	5628123	0	False	NA
chr4_5696224_5696225	chr4	5696224	5696225	0	False	NA
chr4_5850078_5850079	chr4	5850078	5850079	0	False	NA
chr4_6055197_6055198	chr4	6055197	6055198	0	False	NA
chr4_6083689_6083690	chr4	6083689	6083690	0	False	NA
chr4_6291751_6291752	chr4	6291751	6291752	0	False	NA
chr4_6607597_6607598	chr4	6607597	6607598	0	False	NA
chr4_6857816_6857817	chr4	6857816	6857817	26	False	NA
chr4_6860451_6860452	chr4	6860451	6860452	42	True	39
chr4_6875574_6875575	chr4	6875574	6875575	22	False	NA
chr4_6879253_6879254	chr4	6879253	6879254	5	False	NA
chr4_7006511_7006512	chr4	7006511	7006512	71	True	39
chr4_7010077_7010078	chr4	7010077	7010078	80	True	39
chr4_7010968_7010969	chr4	7010968	7010969	20	False	NA
chr4_7734733_7734734	chr4	7734733	7734734	0	False	NA
chr4_7767598_7767599	chr4	7767598	7767599	8	False	NA
chr4_7797831_7797832	chr4	7797831	7797832	8	False	NA
chr4_8078886_8078887	chr4	8078886	8078887	0	False	NA
chr4_8373916_8373917	chr4	8373916	8373917	10	False	NA
chr4_8442131_8442132	chr4	8442131	8442132	0	False	NA
chr4_8442937_8442938	chr4	8442937	8442938	0	False	NA
chr4_8449272_8449273	chr4	8449272	8449273	11	False	NA
chr4_8449287_8449288	chr4	8449287	8449288	11	False	NA
chr4_8454179_8454180	chr4	8454179	8454180	21	False	NA
chr4_8859601_8859602	chr4	8859601	8859602	0	False	NA
chr4_9171868_9171869	chr4	9171868	9171869	0	False	NA
chr4_10085631_10085632	chr4	10085631	10085632	259	True	39
chr4_10527452_10527453	chr4	10527452	10527453	0	False	NA
chr4_13378348_13378349	chr4	13378348	13378349	57	True	39
chr4_13587427_13587428	chr4	13587427	13587428	0	False	NA
chr4_15008336_15008337	chr4	15008336	15008337	98	True	39
chr4_15055949_15055950	chr4	15055949	15055950	0	False	NA
chr4_15059004_15059005	chr4	15059004	15059005	0	False	NA
chr4_15060020_15060021	chr4	15060020	15060021	0	False	NA
chr4_15473949_15473950	chr4	15473949	15473950	0	False	NA
chr4_15515700_15515701	chr4	15515700	15515701	0	False	NA
chr4_15632497_15632498	chr4	15632497	15632498	71	True	39
chr4_15986716_15986717	chr4	15986716	15986717	0	False	NA
chr4_15989377_15989378	chr4	15989377	15989378	0	False	NA
chr4_15999892_15999893	chr4	15999892	15999893	0	False	NA
chr4_16016280_16016281	chr4	16016280	16016281	6	False	NA
chr4_16187092_16187093	chr4	16187092	16187093	26	False	NA
chr4_17594393_17594394	chr4	17594393	17594394	63	True	39
chr4_17597876_17597877	chr4	17597876	17597877	5	False	NA
chr4_17620312_17620313	chr4	17620312	17620313	83	True	39
chr4_17835704_17835705	chr4	17835704	17835705	44	True	39
chr4_20488570_20488571	chr4	20488570	20488571	75	True	39
chr4_22401891_22401892	chr4	22401891	22401892	53	True	39
chr4_22442264_22442265	chr4	22442264	22442265	22	False	NA
chr4_22443231_22443232	chr4	22443231	22443232	0	False	NA
chr4_24545136_24545137	chr4	24545136	24545137	60	True	39
chr4_25146028_25146029	chr4	25146028	25146029	5	False	NA
chr4_25268384_25268385	chr4	25268384	25268385	27	False	NA
chr4_25351312_25351313	chr4	25351312	25351313	6	False	NA
chr4_25391436_25391437	chr4	25391436	25391437	177	True	39
chr4_25669574_25669575	chr4	25669574	25669575	0	False	NA
chr4_25778361_25778362	chr4	25778361	25778362	74	True	39
chr4_25780283_25780284	chr4	25780283	25780284	11	False	NA
chr4_25789885_25789886	chr4	25789885	25789886	114	True	39
chr4_26427748_26427749	chr4	26427748	26427749	67	True	39
chr4_26664895_26664896	chr4	26664895	26664896	5	False	NA
chr4_26961145_26961146	chr4	26961145	26961146	0	False	NA
chr4_27004469_27004470	chr4	27004469	27004470	0	False	NA
chr4_27006509_27006510	chr4	27006509	27006510	0	False	NA
chr4_36068555_36068556	chr4	36068555	36068556	0	False	NA
chr4_36077255_36077256	chr4	36077255	36077256	0	False	NA
chr4_36125665_36125666	chr4	36125665	36125666	0	False	NA
chr4_37835233_37835234	chr4	37835233	37835234	5	False	NA
chr4_37846218_37846219	chr4	37846218	37846219	0	False	NA
chr4_38047912_38047913	chr4	38047912	38047913	0	False	NA
chr4_38049089_38049090	chr4	38049089	38049090	0	False	NA
chr4_38098111_38098112	chr4	38098111	38098112	0	False	NA
chr4_38117934_38117935	chr4	38117934	38117935	0	False	NA
chr4_38124253_38124254	chr4	38124253	38124254	0	False	NA
chr4_38687242_38687243	chr4	38687242	38687243	6	False	NA
chr4_38688185_38688186	chr4	38688185	38688186	60	True	39
chr4_38694551_38694552	chr4	38694551	38694552	317	True	39
chr4_38936975_38936976	chr4	38936975	38936976	0	False	NA
chr4_38968892_38968893	chr4	38968892	38968893	0	False	NA
chr4_39079580_39079581	chr4	39079580	39079581	0	False	NA
chr4_39189332_39189333	chr4	39189332	39189333	0	False	NA
chr4_39191752_39191753	chr4	39191752	39191753	0	False	NA
chr4_39233888_39233889	chr4	39233888	39233889	0	False	NA
chr4_39255579_39255580	chr4	39255579	39255580	0	False	NA
chr4_39301912_39301913	chr4	39301912	39301913	5	False	NA
chr4_39305343_39305344	chr4	39305343	39305344	25	False	NA
chr4_39305345_39305346	chr4	39305345	39305346	25	False	NA
chr4_39308377_39308378	chr4	39308377	39308378	135	True	39
chr4_39319365_39319366	chr4	39319365	39319366	127	True	39
chr4_39319762_39319763	chr4	39319762	39319763	22	False	NA
chr4_39325814_39325815	chr4	39325814	39325815	29	False	NA
chr4_39462563_39462564	chr4	39462563	39462564	0	False	NA
chr4_39463523_39463524	chr4	39463523	39463524	162	True	39
chr4_39839207_39839208	chr4	39839207	39839208	12	False	NA
chr4_39849256_39849257	chr4	39849256	39849257	171	True	39
chr4_39864463_39864464	chr4	39864463	39864464	60	True	39
chr4_39895496_39895497	chr4	39895496	39895497	384	True	39
chr4_40118934_40118935	chr4	40118934	40118935	10	False	NA
chr4_40796075_40796076	chr4	40796075	40796076	0	False	NA
chr4_40807622_40807623	chr4	40807622	40807623	0	False	NA
chr4_40822931_40822932	chr4	40822931	40822932	0	False	NA
chr4_40823381_40823382	chr4	40823381	40823382	0	False	NA
chr4_40824906_40824907	chr4	40824906	40824907	0	False	NA
chr4_40824910_40824911	chr4	40824910	40824911	0	False	NA
chr4_41264721_41264722	chr4	41264721	41264722	21	False	NA
chr4_41650310_41650311	chr4	41650310	41650311	43	True	39
chr4_41664227_41664228	chr4	41664227	41664228	0	False	NA
chr4_41675262_41675263	chr4	41675262	41675263	0	False	NA
chr4_41684095_41684096	chr4	41684095	41684096	0	False	NA
chr4_41689052_41689053	chr4	41689052	41689053	6	False	NA
chr4_42060035_42060036	chr4	42060035	42060036	154	True	39
chr4_42073783_42073784	chr4	42073783	42073784	31	False	NA
chr4_42122787_42122788	chr4	42122787	42122788	0	False	NA
chr4_44689635_44689636	chr4	44689635	44689636	100	True	39
chr4_44690405_44690406	chr4	44690405	44690406	120	True	39
chr4_44692793_44692794	chr4	44692793	44692794	65	True	39
chr4_44695493_44695494	chr4	44695493	44695494	36	False	NA
chr4_44709208_44709209	chr4	44709208	44709209	0	False	NA
chr4_44714595_44714596	chr4	44714595	44714596	10	False	NA
chr4_47568629_47568630	chr4	47568629	47568630	0	False	NA
chr4_47580317_47580318	chr4	47580317	47580318	5	False	NA
chr4_47603142_47603143	chr4	47603142	47603143	0	False	NA
chr4_47668078_47668079	chr4	47668078	47668079	0	False	NA
chr4_47674644_47674645	chr4	47674644	47674645	0	False	NA
chr4_47678234_47678235	chr4	47678234	47678235	0	False	NA
chr4_48022633_48022634	chr4	48022633	48022634	0	False	NA
chr4_48025971_48025972	chr4	48025971	48025972	7	False	NA
chr4_48083220_48083221	chr4	48083220	48083221	0	False	NA
chr4_48088967_48088968	chr4	48088967	48088968	0	False	NA
chr4_48109980_48109981	chr4	48109980	48109981	0	False	NA
chr4_48502159_48502160	chr4	48502159	48502160	7	False	NA
chr4_48503775_48503776	chr4	48503775	48503776	0	False	NA
chr4_48510405_48510406	chr4	48510405	48510406	0	False	NA
chr4_48528115_48528116	chr4	48528115	48528116	144	True	39
chr4_48543013_48543014	chr4	48543013	48543014	0	False	NA
chr4_48547239_48547240	chr4	48547239	48547240	111	True	39
chr4_48560965_48560966	chr4	48560965	48560966	5	False	NA
chr4_48588755_48588756	chr4	48588755	48588756	17	False	NA
chr4_48849384_48849385	chr4	48849384	48849385	349	True	39
chr4_48852813_48852814	chr4	48852813	48852814	460	True	39
chr4_48900953_48900954	chr4	48900953	48900954	0	False	NA
chr4_48902538_48902539	chr4	48902538	48902539	0	False	NA
chr4_49035554_49035555	chr4	49035554	49035555	0	False	NA
chr4_51912111_51912112	chr4	51912111	51912112	23	False	NA
chr4_52030725_52030726	chr4	52030725	52030726	0	False	NA
chr4_52080280_52080281	chr4	52080280	52080281	0	False	NA
chr4_52749906_52749907	chr4	52749906	52749907	0	False	NA
chr4_53392451_53392452	chr4	53392451	53392452	106	True	39
chr4_53500411_53500412	chr4	53500411	53500412	0	False	NA
chr4_53500415_53500416	chr4	53500415	53500416	0	False	NA
chr4_53507605_53507606	chr4	53507605	53507606	0	False	NA
chr4_54270914_54270915	chr4	54270914	54270915	0	False	NA
chr4_54287937_54287938	chr4	54287937	54287938	0	False	NA
chr4_54289795_54289796	chr4	54289795	54289796	0	False	NA
chr4_54290201_54290202	chr4	54290201	54290202	0	False	NA
chr4_54696825_54696826	chr4	54696825	54696826	0	False	NA
chr4_54704520_54704521	chr4	54704520	54704521	0	False	NA
chr4_54708969_54708970	chr4	54708969	54708970	0	False	NA
chr4_55100509_55100510	chr4	55100509	55100510	0	False	NA
chr4_55413256_55413257	chr4	55413256	55413257	446	True	39
chr4_55425329_55425330	chr4	55425329	55425330	798	True	39
chr4_55438617_55438618	chr4	55438617	55438618	145	True	39
chr4_55466173_55466174	chr4	55466173	55466174	36	False	NA
chr4_55600729_55600730	chr4	55600729	55600730	548	True	39
chr4_55609282_55609283	chr4	55609282	55609283	453	True	39
chr4_55859702_55859703	chr4	55859702	55859703	0	False	NA
chr4_55968956_55968957	chr4	55968956	55968957	126	True	39
chr4_55980756_55980757	chr4	55980756	55980757	0	False	NA
chr4_56308444_56308445	chr4	56308444	56308445	0	False	NA
chr4_56311872_56311873	chr4	56311872	56311873	0	False	NA
chr4_56311876_56311877	chr4	56311876	56311877	0	False	NA
chr4_56342407_56342408	chr4	56342407	56342408	0	False	NA
chr4_56346389_56346390	chr4	56346389	56346390	0	False	NA
chr4_56350624_56350625	chr4	56350624	56350625	0	False	NA
chr4_56401768_56401769	chr4	56401768	56401769	25	False	NA
chr4_56452619_56452620	chr4	56452619	56452620	78	True	39
chr4_56490913_56490914	chr4	56490913	56490914	207	True	39
chr4_56508662_56508663	chr4	56508662	56508663	0	False	NA
chr4_56521314_56521315	chr4	56521314	56521315	0	False	NA
chr4_56597326_56597327	chr4	56597326	56597327	7	False	NA
chr4_56972215_56972216	chr4	56972215	56972216	0	False	NA
chr4_56972578_56972579	chr4	56972578	56972579	13	False	NA
chr4_56987489_56987490	chr4	56987489	56987490	0	False	NA
chr4_57000026_57000027	chr4	57000026	57000027	12	False	NA
chr4_57025182_57025183	chr4	57025182	57025183	43	True	39
chr4_57038420_57038421	chr4	57038420	57038421	0	False	NA
chr4_61732645_61732646	chr4	61732645	61732646	0	False	NA
chr4_64306229_64306230	chr4	64306229	64306230	0	False	NA
chr4_67492312_67492313	chr4	67492312	67492313	366	True	39
chr4_67493386_67493387	chr4	67493386	67493387	155	True	39
chr4_67592270_67592271	chr4	67592270	67592271	0	False	NA
chr4_67624709_67624710	chr4	67624709	67624710	55	True	39
chr4_67627348_67627349	chr4	67627348	67627349	18	False	NA
chr4_67633917_67633918	chr4	67633917	67633918	5	False	NA
chr4_67639884_67639885	chr4	67639884	67639885	46	True	39
chr4_67666615_67666616	chr4	67666615	67666616	112	True	39
chr4_67668106_67668107	chr4	67668106	67668107	12	False	NA
chr4_67669206_67669207	chr4	67669206	67669207	37	False	NA
chr4_67677843_67677844	chr4	67677843	67677844	33	False	NA
chr4_67742589_67742590	chr4	67742589	67742590	0	False	NA
chr4_67913922_67913923	chr4	67913922	67913923	0	False	NA
chr4_67917635_67917636	chr4	67917635	67917636	0	False	NA
chr4_68061340_68061341	chr4	68061340	68061341	0	False	NA
chr4_68066385_68066386	chr4	68066385	68066386	0	False	NA
chr4_68069134_68069135	chr4	68069134	68069135	0	False	NA
chr4_68072719_68072720	chr4	68072719	68072720	0	False	NA
chr4_68233200_68233201	chr4	68233200	68233201	0	False	NA
chr4_68238318_68238319	chr4	68238318	68238319	0	False	NA
chr4_68322358_68322359	chr4	68322358	68322359	938	True	39
chr4_68948009_68948010	chr4	68948009	68948010	0	False	NA
chr4_69480978_69480979	chr4	69480978	69480979	0	False	NA
chr4_69490843_69490844	chr4	69490843	69490844	0	False	NA
chr4_69941738_69941739	chr4	69941738	69941739	0	False	NA
chr4_69956409_69956410	chr4	69956409	69956410	0	False	NA
chr4_70155317_70155318	chr4	70155317	70155318	0	False	NA
chr4_70202024_70202025	chr4	70202024	70202025	50	True	39
chr4_70472742_70472743	chr4	70472742	70472743	0	False	NA
chr4_70523167_70523168	chr4	70523167	70523168	0	False	NA
chr4_70530410_70530411	chr4	70530410	70530411	0	False	NA
chr4_70600539_70600540	chr4	70600539	70600540	0	False	NA
chr4_70602312_70602313	chr4	70602312	70602313	0	False	NA
chr4_70790341_70790342	chr4	70790341	70790342	320	True	39
chr4_70822031_70822032	chr4	70822031	70822032	84	True	39
chr4_70973811_70973812	chr4	70973811	70973812	0	False	NA
chr4_71567365_71567366	chr4	71567365	71567366	0	False	NA
chr4_72307413_72307414	chr4	72307413	72307414	5	False	NA
chr4_72313409_72313410	chr4	72313409	72313410	0	False	NA
chr4_73152513_73152514	chr4	73152513	73152514	107	True	39
chr4_73153109_73153110	chr4	73153109	73153110	51	True	39
chr4_73158891_73158892	chr4	73158891	73158892	87	True	39
chr4_73405338_73405339	chr4	73405338	73405339	1216	True	39
chr4_73439720_73439721	chr4	73439720	73439721	271	True	39
chr4_73441789_73441790	chr4	73441789	73441790	2001	True	39
chr4_73443069_73443070	chr4	73443069	73443070	889	True	39
chr4_73446097_73446098	chr4	73446097	73446098	4365	True	33
chr4_73446191_73446192	chr4	73446191	73446192	5149	True	33
chr4_73446886_73446887	chr4	73446886	73446887	5141	True	34
chr4_73453238_73453239	chr4	73453238	73453239	1111	True	39
chr4_73485277_73485278	chr4	73485277	73485278	0	False	NA
chr4_73486304_73486305	chr4	73486304	73486305	0	False	NA
chr4_73486492_73486493	chr4	73486492	73486493	0	False	NA
chr4_73487557_73487558	chr4	73487557	73487558	0	False	NA
chr4_73489174_73489175	chr4	73489174	73489175	0	False	NA
chr4_73498072_73498073	chr4	73498072	73498073	0	False	NA
chr4_73584684_73584685	chr4	73584684	73584685	0	False	NA
chr4_73592049_73592050	chr4	73592049	73592050	0	False	NA
chr4_73870218_73870219	chr4	73870218	73870219	0	False	NA
chr4_73870222_73870223	chr4	73870222	73870223	0	False	NA
chr4_74310977_74310978	chr4	74310977	74310978	7	False	NA
chr4_74447779_74447780	chr4	74447779	74447780	0	False	NA
chr4_75492215_75492216	chr4	75492215	75492216	0	False	NA
chr4_75599736_75599737	chr4	75599736	75599737	0	False	NA
chr4_75755080_75755081	chr4	75755080	75755081	0	False	NA
chr4_75806365_75806366	chr4	75806365	75806366	5	False	NA
chr4_75806383_75806384	chr4	75806383	75806384	24	False	NA
chr4_75809831_75809832	chr4	75809831	75809832	0	False	NA
chr4_75811013_75811014	chr4	75811013	75811014	0	False	NA
chr4_75861087_75861088	chr4	75861087	75861088	0	False	NA
chr4_75864707_75864708	chr4	75864707	75864708	0	False	NA
chr4_75864712_75864713	chr4	75864712	75864713	0	False	NA
chr4_75880382_75880383	chr4	75880382	75880383	0	False	NA
chr4_75891591_75891592	chr4	75891591	75891592	0	False	NA
chr4_75921654_75921655	chr4	75921654	75921655	0	False	NA
chr4_75933386_75933387	chr4	75933386	75933387	5	False	NA
chr4_75955793_75955794	chr4	75955793	75955794	21	False	NA
chr4_75974332_75974333	chr4	75974332	75974333	81	True	39
chr4_76079140_76079141	chr4	76079140	76079141	0	False	NA
chr4_76100882_76100883	chr4	76100882	76100883	0	False	NA
chr4_76128143_76128144	chr4	76128143	76128144	65	True	39
chr4_76328532_76328533	chr4	76328532	76328533	0	False	NA
chr4_76354705_76354706	chr4	76354705	76354706	0	False	NA
chr4_76354709_76354710	chr4	76354709	76354710	0	False	NA
chr4_76354727_76354728	chr4	76354727	76354728	0	False	NA
chr4_76355206_76355207	chr4	76355206	76355207	0	False	NA
chr4_76639483_76639484	chr4	76639483	76639484	0	False	NA
chr4_76772863_76772864	chr4	76772863	76772864	0	False	NA
chr4_76776903_76776904	chr4	76776903	76776904	0	False	NA
chr4_77033649_77033650	chr4	77033649	77033650	29	False	NA
chr4_77061977_77061978	chr4	77061977	77061978	40	True	39
chr4_77608919_77608920	chr4	77608919	77608920	0	False	NA
chr4_77730249_77730250	chr4	77730249	77730250	0	False	NA
chr4_78063264_78063265	chr4	78063264	78063265	5	False	NA
chr4_78248921_78248922	chr4	78248921	78248922	5	False	NA
chr4_78282156_78282157	chr4	78282156	78282157	105	True	39
chr4_78335668_78335669	chr4	78335668	78335669	0	False	NA
chr4_78380380_78380381	chr4	78380380	78380381	5	False	NA
chr4_78426690_78426691	chr4	78426690	78426691	0	False	NA
chr4_78584822_78584823	chr4	78584822	78584823	0	False	NA
chr4_78609921_78609922	chr4	78609921	78609922	5	False	NA
chr4_78844546_78844547	chr4	78844546	78844547	188	True	39
chr4_79981694_79981695	chr4	79981694	79981695	0	False	NA
chr4_79981699_79981700	chr4	79981699	79981700	0	False	NA
chr4_79984118_79984119	chr4	79984118	79984119	5	False	NA
chr4_80269150_80269151	chr4	80269150	80269151	0	False	NA
chr4_81091753_81091754	chr4	81091753	81091754	0	False	NA
chr4_81136156_81136157	chr4	81136156	81136157	0	False	NA
chr4_81169059_81169060	chr4	81169059	81169060	0	False	NA
chr4_82359319_82359320	chr4	82359319	82359320	144	True	39
chr4_82453668_82453669	chr4	82453668	82453669	0	False	NA
chr4_82501910_82501911	chr4	82501910	82501911	0	False	NA
chr4_82826045_82826046	chr4	82826045	82826046	282	True	39
chr4_82856126_82856127	chr4	82856126	82856127	47	True	39
chr4_82862595_82862596	chr4	82862595	82862596	1865	True	39
chr4_82916623_82916624	chr4	82916623	82916624	0	False	NA
chr4_82941725_82941726	chr4	82941725	82941726	51	True	39
chr4_83060137_83060138	chr4	83060137	83060138	0	False	NA
chr4_83067797_83067798	chr4	83067797	83067798	0	False	NA
chr4_83268688_83268689	chr4	83268688	83268689	0	False	NA
chr4_83305992_83305993	chr4	83305992	83305993	7	False	NA
chr4_83309596_83309597	chr4	83309596	83309597	0	False	NA
chr4_83316845_83316846	chr4	83316845	83316846	0	False	NA
chr4_83334908_83334909	chr4	83334908	83334909	0	False	NA
chr4_83423357_83423358	chr4	83423357	83423358	38	False	NA
chr4_83429005_83429006	chr4	83429005	83429006	7	False	NA
chr4_83451830_83451831	chr4	83451830	83451831	40	True	39
chr4_83451852_83451853	chr4	83451852	83451853	32	False	NA
chr4_83451857_83451858	chr4	83451857	83451858	37	False	NA
chr4_83470582_83470583	chr4	83470582	83470583	5	False	NA
chr4_83582195_83582196	chr4	83582195	83582196	10	False	NA
chr4_83593735_83593736	chr4	83593735	83593736	0	False	NA
chr4_83596166_83596167	chr4	83596166	83596167	7	False	NA
chr4_84607464_84607465	chr4	84607464	84607465	0	False	NA
chr4_84608585_84608586	chr4	84608585	84608586	6	False	NA
chr4_84634763_84634764	chr4	84634763	84634764	0	False	NA
chr4_84637166_84637167	chr4	84637166	84637167	5	False	NA
chr4_84641759_84641760	chr4	84641759	84641760	5	False	NA
chr4_84648029_84648030	chr4	84648029	84648030	38	False	NA
chr4_84676902_84676903	chr4	84676902	84676903	26	False	NA
chr4_84678375_84678376	chr4	84678375	84678376	37	False	NA
chr4_84678385_84678386	chr4	84678385	84678386	32	False	NA
chr4_84690763_84690764	chr4	84690763	84690764	13	False	NA
chr4_84695069_84695070	chr4	84695069	84695070	0	False	NA
chr4_84706650_84706651	chr4	84706650	84706651	0	False	NA
chr4_84737894_84737895	chr4	84737894	84737895	0	False	NA
chr4_84800904_84800905	chr4	84800904	84800905	0	False	NA
chr4_84806271_84806272	chr4	84806271	84806272	5	False	NA
chr4_85974241_85974242	chr4	85974241	85974242	0	False	NA
chr4_85996664_85996665	chr4	85996664	85996665	0	False	NA
chr4_86774271_86774272	chr4	86774271	86774272	0	False	NA
chr4_86833090_86833091	chr4	86833090	86833091	0	False	NA
chr4_87094658_87094659	chr4	87094658	87094659	88	True	39
chr4_87113147_87113148	chr4	87113147	87113148	0	False	NA
chr4_87119893_87119894	chr4	87119893	87119894	42	True	39
chr4_87168865_87168866	chr4	87168865	87168866	12	False	NA
chr4_87181167_87181168	chr4	87181167	87181168	7	False	NA
chr4_87312306_87312307	chr4	87312306	87312307	0	False	NA
chr4_87439795_87439796	chr4	87439795	87439796	0	False	NA
chr4_87461466_87461467	chr4	87461466	87461467	0	False	NA
chr4_87479872_87479873	chr4	87479872	87479873	0	False	NA
chr4_87801409_87801410	chr4	87801409	87801410	14	False	NA
chr4_87809050_87809051	chr4	87809050	87809051	0	False	NA
chr4_87811099_87811100	chr4	87811099	87811100	0	False	NA
chr4_87837570_87837571	chr4	87837570	87837571	0	False	NA
chr4_87838965_87838966	chr4	87838965	87838966	0	False	NA
chr4_88036469_88036470	chr4	88036469	88036470	71	True	39
chr4_88036479_88036480	chr4	88036479	88036480	81	True	39
chr4_88048756_88048757	chr4	88048756	88048757	8	False	NA
chr4_88053109_88053110	chr4	88053109	88053110	0	False	NA
chr4_88060047_88060048	chr4	88060047	88060048	5	False	NA
chr4_88263045_88263046	chr4	88263045	88263046	12	False	NA
chr4_88384225_88384226	chr4	88384225	88384226	0	False	NA
chr4_88386828_88386829	chr4	88386828	88386829	0	False	NA
chr4_88387950_88387951	chr4	88387950	88387951	0	False	NA
chr4_88393203_88393204	chr4	88393203	88393204	0	False	NA
chr4_88408178_88408179	chr4	88408178	88408179	0	False	NA
chr4_88415066_88415067	chr4	88415066	88415067	0	False	NA
chr4_88431034_88431035	chr4	88431034	88431035	0	False	NA
chr4_88434237_88434238	chr4	88434237	88434238	0	False	NA
chr4_88441368_88441369	chr4	88441368	88441369	0	False	NA
chr4_88459223_88459224	chr4	88459223	88459224	0	False	NA
chr4_88466897_88466898	chr4	88466897	88466898	0	False	NA
chr4_88665961_88665962	chr4	88665961	88665962	7	False	NA
chr4_88671265_88671266	chr4	88671265	88671266	0	False	NA
chr4_88678944_88678945	chr4	88678944	88678945	0	False	NA
chr4_88765691_88765692	chr4	88765691	88765692	91	True	39
chr4_89827404_89827405	chr4	89827404	89827405	0	False	NA
chr4_89910377_89910378	chr4	89910377	89910378	0	False	NA
chr4_90309945_90309946	chr4	90309945	90309946	0	False	NA
chr4_94266237_94266238	chr4	94266237	94266238	46	True	39
chr4_94301586_94301587	chr4	94301586	94301587	0	False	NA
chr4_94307408_94307409	chr4	94307408	94307409	0	False	NA
chr4_95127780_95127781	chr4	95127780	95127781	0	False	NA
chr4_95169942_95169943	chr4	95169942	95169943	0	False	NA
chr4_97386262_97386263	chr4	97386262	97386263	0	False	NA
chr4_98418177_98418178	chr4	98418177	98418178	0	False	NA
chr4_98419330_98419331	chr4	98419330	98419331	7	False	NA
chr4_98441461_98441462	chr4	98441461	98441462	0	False	NA
chr4_99058233_99058234	chr4	99058233	99058234	76	True	39
chr4_99073563_99073564	chr4	99073563	99073564	102	True	39
chr4_99079456_99079457	chr4	99079456	99079457	76	True	39
chr4_99080109_99080110	chr4	99080109	99080110	87	True	39
chr4_99124691_99124692	chr4	99124691	99124692	73	True	39
chr4_99215036_99215037	chr4	99215036	99215037	28	False	NA
chr4_99524931_99524932	chr4	99524931	99524932	0	False	NA
chr4_99539487_99539488	chr4	99539487	99539488	0	False	NA
chr4_99551613_99551614	chr4	99551613	99551614	0	False	NA
chr4_99577018_99577019	chr4	99577018	99577019	0	False	NA
chr4_99599241_99599242	chr4	99599241	99599242	0	False	NA
chr4_99619410_99619411	chr4	99619410	99619411	0	False	NA
chr4_99620681_99620682	chr4	99620681	99620682	0	False	NA
chr4_99856737_99856738	chr4	99856737	99856738	0	False	NA
chr4_99863543_99863544	chr4	99863543	99863544	0	False	NA
chr4_99893573_99893574	chr4	99893573	99893574	5	False	NA
chr4_99901393_99901394	chr4	99901393	99901394	39	False	NA
chr4_99901956_99901957	chr4	99901956	99901957	64	True	39
chr4_99908419_99908420	chr4	99908419	99908420	0	False	NA
chr4_100416747_100416748	chr4	100416747	100416748	0	False	NA
chr4_100662019_100662020	chr4	100662019	100662020	0	False	NA
chr4_101033922_101033923	chr4	101033922	101033923	0	False	NA
chr4_101081044_101081045	chr4	101081044	101081045	0	False	NA
chr4_102022284_102022285	chr4	102022284	102022285	0	False	NA
chr4_102583832_102583833	chr4	102583832	102583833	0	False	NA
chr4_102595756_102595757	chr4	102595756	102595757	0	False	NA
chr4_102606445_102606446	chr4	102606445	102606446	72	True	39
chr4_102608400_102608401	chr4	102608400	102608401	0	False	NA
chr4_102635314_102635315	chr4	102635314	102635315	0	False	NA
chr4_102672591_102672592	chr4	102672591	102672592	18	False	NA
chr4_102801256_102801257	chr4	102801256	102801257	185	True	39
chr4_102908525_102908526	chr4	102908525	102908526	0	False	NA
chr4_103027403_103027404	chr4	103027403	103027404	5	False	NA
chr4_103044140_103044141	chr4	103044140	103044141	17	False	NA
chr4_103048332_103048333	chr4	103048332	103048333	12	False	NA
chr4_103066904_103066905	chr4	103066904	103066905	5	False	NA
chr4_103074284_103074285	chr4	103074284	103074285	0	False	NA
chr4_103094125_103094126	chr4	103094125	103094126	0	False	NA
chr4_103110108_103110109	chr4	103110108	103110109	0	False	NA
chr4_103123148_103123149	chr4	103123148	103123149	271	True	39
chr4_103141592_103141593	chr4	103141592	103141593	25	False	NA
chr4_103142471_103142472	chr4	103142471	103142472	6	False	NA
chr4_103148736_103148737	chr4	103148736	103148737	114	True	39
chr4_103149538_103149539	chr4	103149538	103149539	27	False	NA
chr4_103152212_103152213	chr4	103152212	103152213	127	True	39
chr4_103175762_103175763	chr4	103175762	103175763	33	False	NA
chr4_105443242_105443243	chr4	105443242	105443243	104	True	39
chr4_105567671_105567672	chr4	105567671	105567672	0	False	NA
chr4_105640791_105640792	chr4	105640791	105640792	0	False	NA
chr4_105646521_105646522	chr4	105646521	105646522	0	False	NA
chr4_105658794_105658795	chr4	105658794	105658795	0	False	NA
chr4_106231867_106231868	chr4	106231867	106231868	374	True	39
chr4_106240407_106240408	chr4	106240407	106240408	199	True	39
chr4_106242940_106242941	chr4	106242940	106242941	0	False	NA
chr4_106250760_106250761	chr4	106250760	106250761	112	True	39
chr4_106333592_106333593	chr4	106333592	106333593	5	False	NA
chr4_107654967_107654968	chr4	107654967	107654968	307	True	39
chr4_107949953_107949954	chr4	107949953	107949954	0	False	NA
chr4_108074166_108074167	chr4	108074166	108074167	47	True	39
chr4_108752457_108752458	chr4	108752457	108752458	0	False	NA
chr4_108758489_108758490	chr4	108758489	108758490	0	False	NA
chr4_108940249_108940250	chr4	108940249	108940250	0	False	NA
chr4_109508113_109508114	chr4	109508113	109508114	0	False	NA
chr4_109511657_109511658	chr4	109511657	109511658	114	True	39
chr4_109742839_109742840	chr4	109742839	109742840	0	False	NA
chr4_109818706_109818707	chr4	109818706	109818707	216	True	39
chr4_109835135_109835136	chr4	109835135	109835136	6	False	NA
chr4_109994316_109994317	chr4	109994316	109994317	0	False	NA
chr4_110009213_110009214	chr4	110009213	110009214	0	False	NA
chr4_110490637_110490638	chr4	110490637	110490638	0	False	NA
chr4_110514032_110514033	chr4	110514032	110514033	0	False	NA
chr4_110545340_110545341	chr4	110545340	110545341	0	False	NA
chr4_110550346_110550347	chr4	110550346	110550347	0	False	NA
chr4_110561311_110561312	chr4	110561311	110561312	0	False	NA
chr4_110633293_110633294	chr4	110633293	110633294	0	False	NA
chr4_112428947_112428948	chr4	112428947	112428948	0	False	NA
chr4_112429952_112429953	chr4	112429952	112429953	0	False	NA
chr4_112433275_112433276	chr4	112433275	112433276	0	False	NA
chr4_112435051_112435052	chr4	112435051	112435052	18	False	NA
chr4_112609880_112609881	chr4	112609880	112609881	0	False	NA
chr4_112623086_112623087	chr4	112623086	112623087	17	False	NA
chr4_113289086_113289087	chr4	113289086	113289087	0	False	NA
chr4_113311048_113311049	chr4	113311048	113311049	0	False	NA
chr4_113458971_113458972	chr4	113458971	113458972	5	False	NA
chr4_114847074_114847075	chr4	114847074	114847075	0	False	NA
chr4_118235545_118235546	chr4	118235545	118235546	0	False	NA
chr4_118241188_118241189	chr4	118241188	118241189	0	False	NA
chr4_118253737_118253738	chr4	118253737	118253738	0	False	NA
chr4_118752381_118752382	chr4	118752381	118752382	0	False	NA
chr4_118800015_118800016	chr4	118800015	118800016	16	False	NA
chr4_119247465_119247466	chr4	119247465	119247466	25	False	NA
chr4_119254766_119254767	chr4	119254766	119254767	30	False	NA
chr4_119265145_119265146	chr4	119265145	119265146	10	False	NA
chr4_119503018_119503019	chr4	119503018	119503019	0	False	NA
chr4_119514148_119514149	chr4	119514148	119514149	0	False	NA
chr4_119520306_119520307	chr4	119520306	119520307	0	False	NA
chr4_119566440_119566441	chr4	119566440	119566441	0	False	NA
chr4_121041983_121041984	chr4	121041983	121041984	0	False	NA
chr4_121672302_121672303	chr4	121672302	121672303	45	True	39
chr4_121811300_121811301	chr4	121811300	121811301	32	False	NA
chr4_121836082_121836083	chr4	121836082	121836083	0	False	NA
chr4_121853171_121853172	chr4	121853171	121853172	39	False	NA
chr4_121853175_121853176	chr4	121853175	121853176	39	False	NA
chr4_121853179_121853180	chr4	121853179	121853180	39	False	NA
chr4_121909505_121909506	chr4	121909505	121909506	0	False	NA
chr4_121913354_121913355	chr4	121913354	121913355	0	False	NA
chr4_121927023_121927024	chr4	121927023	121927024	0	False	NA
chr4_122192811_122192812	chr4	122192811	122192812	8	False	NA
chr4_122210280_122210281	chr4	122210280	122210281	81	True	39
chr4_122220103_122220104	chr4	122220103	122220104	5	False	NA
chr4_122231747_122231748	chr4	122231747	122231748	6	False	NA
chr4_122235357_122235358	chr4	122235357	122235358	6	False	NA
chr4_122236993_122236994	chr4	122236993	122236994	0	False	NA
chr4_122244386_122244387	chr4	122244386	122244387	0	False	NA
chr4_122246016_122246017	chr4	122246016	122246017	0	False	NA
chr4_122249434_122249435	chr4	122249434	122249435	176	True	39
chr4_122253405_122253406	chr4	122253405	122253406	0	False	NA
chr4_122255779_122255780	chr4	122255779	122255780	5	False	NA
chr4_122261133_122261134	chr4	122261133	122261134	0	False	NA
chr4_122272081_122272082	chr4	122272081	122272082	187	True	39
chr4_122274024_122274025	chr4	122274024	122274025	16	False	NA
chr4_122275486_122275487	chr4	122275486	122275487	6	False	NA
chr4_122287390_122287391	chr4	122287390	122287391	12	False	NA
chr4_122304139_122304140	chr4	122304139	122304140	35	False	NA
chr4_122304672_122304673	chr4	122304672	122304673	5	False	NA
chr4_122307486_122307487	chr4	122307486	122307487	0	False	NA
chr4_122324733_122324734	chr4	122324733	122324734	19	False	NA
chr4_123179881_123179882	chr4	123179881	123179882	29	False	NA
chr4_125475937_125475938	chr4	125475937	125475938	0	False	NA
chr4_125482021_125482022	chr4	125482021	125482022	0	False	NA
chr4_127713030_127713031	chr4	127713030	127713031	0	False	NA
chr4_127772694_127772695	chr4	127772694	127772695	0	False	NA
chr4_127827622_127827623	chr4	127827622	127827623	6	False	NA
chr4_127931803_127931804	chr4	127931803	127931804	0	False	NA
chr4_128093030_128093031	chr4	128093030	128093031	65	True	39
chr4_128119198_128119199	chr4	128119198	128119199	6	False	NA
chr4_128177121_128177122	chr4	128177121	128177122	5	False	NA
chr4_128206840_128206841	chr4	128206840	128206841	0	False	NA
chr4_128950904_128950905	chr4	128950904	128950905	5	False	NA
chr4_129000840_129000841	chr4	129000840	129000841	0	False	NA
chr4_129001145_129001146	chr4	129001145	129001146	18	False	NA
chr4_129095293_129095294	chr4	129095293	129095294	7	False	NA
chr4_129098248_129098249	chr4	129098248	129098249	0	False	NA
chr4_129104452_129104453	chr4	129104452	129104453	53	True	39
chr4_133156491_133156492	chr4	133156491	133156492	0	False	NA
chr4_139017357_139017358	chr4	139017357	139017358	11	False	NA
chr4_139064579_139064580	chr4	139064579	139064580	122	True	39
chr4_139278469_139278470	chr4	139278469	139278470	0	False	NA
chr4_139292243_139292244	chr4	139292243	139292244	50	True	39
chr4_139295340_139295341	chr4	139295340	139295341	0	False	NA
chr4_139346178_139346179	chr4	139346178	139346179	17	False	NA
chr4_139360817_139360818	chr4	139360817	139360818	237	True	39
chr4_139529362_139529363	chr4	139529362	139529363	14	False	NA
chr4_139531482_139531483	chr4	139531482	139531483	0	False	NA
chr4_139700852_139700853	chr4	139700852	139700853	321	True	39
chr4_140396525_140396526	chr4	140396525	140396526	0	False	NA
chr4_140401269_140401270	chr4	140401269	140401270	0	False	NA
chr4_140530415_140530416	chr4	140530415	140530416	17	False	NA
chr4_140623450_140623451	chr4	140623450	140623451	5	False	NA
chr4_140625940_140625941	chr4	140625940	140625941	0	False	NA
chr4_140669296_140669297	chr4	140669296	140669297	5	False	NA
chr4_140669858_140669859	chr4	140669858	140669859	18	False	NA
chr4_140677147_140677148	chr4	140677147	140677148	71	True	39
chr4_140677571_140677572	chr4	140677571	140677572	0	False	NA
chr4_140686042_140686043	chr4	140686042	140686043	10	False	NA
chr4_141224336_141224337	chr4	141224336	141224337	161	True	39
chr4_141225808_141225809	chr4	141225808	141225809	96	True	39
chr4_141226706_141226707	chr4	141226706	141226707	313	True	39
chr4_141719899_141719900	chr4	141719899	141719900	0	False	NA
chr4_141720185_141720186	chr4	141720185	141720186	0	False	NA
chr4_142124031_142124032	chr4	142124031	142124032	0	False	NA
chr4_143197219_143197220	chr4	143197219	143197220	6	False	NA
chr4_143219531_143219532	chr4	143219531	143219532	5	False	NA
chr4_143439151_143439152	chr4	143439151	143439152	10	False	NA
chr4_143525191_143525192	chr4	143525191	143525192	20	False	NA
chr4_143525196_143525197	chr4	143525196	143525197	20	False	NA
chr4_143527300_143527301	chr4	143527300	143527301	183	True	39
chr4_143534276_143534277	chr4	143534276	143534277	0	False	NA
chr4_143538226_143538227	chr4	143538226	143538227	14	False	NA
chr4_143542135_143542136	chr4	143542135	143542136	17	False	NA
chr4_143623834_143623835	chr4	143623834	143623835	0	False	NA
chr4_144660627_144660628	chr4	144660627	144660628	0	False	NA
chr4_144711913_144711914	chr4	144711913	144711914	0	False	NA
chr4_145106783_145106784	chr4	145106783	145106784	5	False	NA
chr4_145111189_145111190	chr4	145111189	145111190	21	False	NA
chr4_145143760_145143761	chr4	145143760	145143761	23	False	NA
chr4_145532254_145532255	chr4	145532254	145532255	0	False	NA
chr4_145730260_145730261	chr4	145730260	145730261	0	False	NA
chr4_145769721_145769722	chr4	145769721	145769722	0	False	NA
chr4_145886776_145886777	chr4	145886776	145886777	0	False	NA
chr4_146943223_146943224	chr4	146943223	146943224	0	False	NA
chr4_147541478_147541479	chr4	147541478	147541479	0	False	NA
chr4_147666765_147666766	chr4	147666765	147666766	23	False	NA
chr4_147858641_147858642	chr4	147858641	147858642	5	False	NA
chr4_147907104_147907105	chr4	147907104	147907105	5	False	NA
chr4_149745474_149745475	chr4	149745474	149745475	0	False	NA
chr4_150241031_150241032	chr4	150241031	150241032	27	False	NA
chr4_150436363_150436364	chr4	150436363	150436364	27	False	NA
chr4_150490336_150490337	chr4	150490336	150490337	35	False	NA
chr4_150845180_150845181	chr4	150845180	150845181	30	False	NA
chr4_150849637_150849638	chr4	150849637	150849638	522	True	39
chr4_150850446_150850447	chr4	150850446	150850447	139	True	39
chr4_150872381_150872382	chr4	150872381	150872382	40	True	39
chr4_150909058_150909059	chr4	150909058	150909059	141	True	39
chr4_150920765_150920766	chr4	150920765	150920766	19	False	NA
chr4_151133481_151133482	chr4	151133481	151133482	16	False	NA
chr4_151149339_151149340	chr4	151149339	151149340	5	False	NA
chr4_151184548_151184549	chr4	151184548	151184549	119	True	39
chr4_151277700_151277701	chr4	151277700	151277701	0	False	NA
chr4_151280365_151280366	chr4	151280365	151280366	0	False	NA
chr4_151290754_151290755	chr4	151290754	151290755	0	False	NA
chr4_151671459_151671460	chr4	151671459	151671460	0	False	NA
chr4_151672462_151672463	chr4	151672462	151672463	0	False	NA
chr4_153350689_153350690	chr4	153350689	153350690	0	False	NA
chr4_153394706_153394707	chr4	153394706	153394707	7	False	NA
chr4_153467115_153467116	chr4	153467115	153467116	45	True	39
chr4_153606040_153606041	chr4	153606040	153606041	6	False	NA
chr4_153617649_153617650	chr4	153617649	153617650	5	False	NA
chr4_153635940_153635941	chr4	153635940	153635941	0	False	NA
chr4_153711334_153711335	chr4	153711334	153711335	0	False	NA
chr4_153726670_153726671	chr4	153726670	153726671	0	False	NA
chr4_153783523_153783524	chr4	153783523	153783524	0	False	NA
chr4_153787938_153787939	chr4	153787938	153787939	0	False	NA
chr4_154241482_154241483	chr4	154241482	154241483	0	False	NA
chr4_154337601_154337602	chr4	154337601	154337602	0	False	NA
chr4_154590271_154590272	chr4	154590271	154590272	124	True	39
chr4_154628664_154628665	chr4	154628664	154628665	0	False	NA
chr4_155706359_155706360	chr4	155706359	155706360	0	False	NA
chr4_155718882_155718883	chr4	155718882	155718883	5	False	NA
chr4_155794605_155794606	chr4	155794605	155794606	17	False	NA
chr4_155800712_155800713	chr4	155800712	155800713	0	False	NA
chr4_155805532_155805533	chr4	155805532	155805533	0	False	NA
chr4_155844386_155844387	chr4	155844386	155844387	6	False	NA
chr4_155937581_155937582	chr4	155937581	155937582	0	False	NA
chr4_156765962_156765963	chr4	156765962	156765963	0	False	NA
chr4_157149342_157149343	chr4	157149342	157149343	0	False	NA
chr4_157333520_157333521	chr4	157333520	157333521	0	False	NA
chr4_158128351_158128352	chr4	158128351	158128352	0	False	NA
chr4_158239582_158239583	chr4	158239582	158239583	0	False	NA
chr4_158244699_158244700	chr4	158244699	158244700	13	False	NA
chr4_158604611_158604612	chr4	158604611	158604612	0	False	NA
chr4_158605289_158605290	chr4	158605289	158605290	0	False	NA
chr4_158614311_158614312	chr4	158614311	158614312	0	False	NA
chr4_158627756_158627757	chr4	158627756	158627757	0	False	NA
chr4_158630154_158630155	chr4	158630154	158630155	0	False	NA
chr4_158689366_158689367	chr4	158689366	158689367	0	False	NA
chr4_158719360_158719361	chr4	158719360	158719361	160	True	39
chr4_158859921_158859922	chr4	158859921	158859922	7	False	NA
chr4_159326174_159326175	chr4	159326174	159326175	0	False	NA
chr4_159333632_159333633	chr4	159333632	159333633	5	False	NA
chr4_159341396_159341397	chr4	159341396	159341397	39	False	NA
chr4_159351517_159351518	chr4	159351517	159351518	0	False	NA
chr4_161464211_161464212	chr4	161464211	161464212	0	False	NA
chr4_163143974_163143975	chr4	163143974	163143975	0	False	NA
chr4_163147320_163147321	chr4	163147320	163147321	5	False	NA
chr4_163510826_163510827	chr4	163510826	163510827	31	False	NA
chr4_165086104_165086105	chr4	165086104	165086105	0	False	NA
chr4_165225673_165225674	chr4	165225673	165225674	0	False	NA
chr4_165303158_165303159	chr4	165303158	165303159	0	False	NA
chr4_165309922_165309923	chr4	165309922	165309923	0	False	NA
chr4_165320851_165320852	chr4	165320851	165320852	6	False	NA
chr4_165336750_165336751	chr4	165336750	165336751	691	True	39
chr4_165487174_165487175	chr4	165487174	165487175	0	False	NA
chr4_165487178_165487179	chr4	165487178	165487179	0	False	NA
chr4_166002135_166002136	chr4	166002135	166002136	19	False	NA
chr4_166004742_166004743	chr4	166004742	166004743	0	False	NA
chr4_166057090_166057091	chr4	166057090	166057091	24	False	NA
chr4_166735719_166735720	chr4	166735719	166735720	0	False	NA
chr4_168184209_168184210	chr4	168184209	168184210	0	False	NA
chr4_168251483_168251484	chr4	168251483	168251484	0	False	NA
chr4_168268117_168268118	chr4	168268117	168268118	0	False	NA
chr4_168268135_168268136	chr4	168268135	168268136	0	False	NA
chr4_168288784_168288785	chr4	168288784	168288785	0	False	NA
chr4_168298295_168298296	chr4	168298295	168298296	0	False	NA
chr4_168309093_168309094	chr4	168309093	168309094	0	False	NA
chr4_168401157_168401158	chr4	168401157	168401158	0	False	NA
chr4_168406524_168406525	chr4	168406524	168406525	6	False	NA
chr4_168425902_168425903	chr4	168425902	168425903	0	False	NA
chr4_168428978_168428979	chr4	168428978	168428979	0	False	NA
chr4_168451608_168451609	chr4	168451608	168451609	0	False	NA
chr4_168453290_168453291	chr4	168453290	168453291	6	False	NA
chr4_168894013_168894014	chr4	168894013	168894014	0	False	NA
chr4_168914498_168914499	chr4	168914498	168914499	0	False	NA
chr4_168920166_168920167	chr4	168920166	168920167	0	False	NA
chr4_169113887_169113888	chr4	169113887	169113888	0	False	NA
chr4_169121883_169121884	chr4	169121883	169121884	6	False	NA
chr4_169582329_169582330	chr4	169582329	169582330	56	True	39
chr4_169589015_169589016	chr4	169589015	169589016	75	True	39
chr4_169589019_169589020	chr4	169589019	169589020	75	True	39
chr4_169589023_169589024	chr4	169589023	169589024	75	True	39
chr4_169590468_169590469	chr4	169590468	169590469	37	False	NA
chr4_169739958_169739959	chr4	169739958	169739959	0	False	NA
chr4_169747652_169747653	chr4	169747652	169747653	0	False	NA
chr4_169756127_169756128	chr4	169756127	169756128	15	False	NA
chr4_170069353_170069354	chr4	170069353	170069354	39	False	NA
chr4_172721361_172721362	chr4	172721361	172721362	0	False	NA
chr4_173293944_173293945	chr4	173293944	173293945	0	False	NA
chr4_173300638_173300639	chr4	173300638	173300639	0	False	NA
chr4_173302747_173302748	chr4	173302747	173302748	0	False	NA
chr4_174240901_174240902	chr4	174240901	174240902	0	False	NA
chr4_174310418_174310419	chr4	174310418	174310419	38	False	NA
chr4_174310551_174310552	chr4	174310551	174310552	78	True	39
chr4_176113300_176113301	chr4	176113300	176113301	0	False	NA
chr4_176118380_176118381	chr4	176118380	176118381	5	False	NA
chr4_176136603_176136604	chr4	176136603	176136604	7	False	NA
chr4_176144238_176144239	chr4	176144238	176144239	0	False	NA
chr4_176148580_176148581	chr4	176148580	176148581	0	False	NA
chr4_176151245_176151246	chr4	176151245	176151246	8	False	NA
chr4_176153388_176153389	chr4	176153388	176153389	0	False	NA
chr4_176164093_176164094	chr4	176164093	176164094	0	False	NA
chr4_176172717_176172718	chr4	176172717	176172718	0	False	NA
chr4_176174272_176174273	chr4	176174272	176174273	0	False	NA
chr4_176176542_176176543	chr4	176176542	176176543	0	False	NA
chr4_176190684_176190685	chr4	176190684	176190685	0	False	NA
chr4_176327834_176327835	chr4	176327834	176327835	5	False	NA
chr4_176684378_176684379	chr4	176684378	176684379	0	False	NA
chr4_182740278_182740279	chr4	182740278	182740279	0	False	NA
chr4_182789925_182789926	chr4	182789925	182789926	0	False	NA
chr4_182791613_182791614	chr4	182791613	182791614	13	False	NA
chr4_183208294_183208295	chr4	183208294	183208295	130	True	39
chr4_183253637_183253638	chr4	183253637	183253638	24	False	NA
chr4_183263194_183263195	chr4	183263194	183263195	29	False	NA
chr4_183267584_183267585	chr4	183267584	183267585	207	True	39
chr4_183282277_183282278	chr4	183282277	183282278	115	True	39
chr4_183288758_183288759	chr4	183288758	183288759	171	True	39
chr4_183647351_183647352	chr4	183647351	183647352	0	False	NA
chr4_183649984_183649985	chr4	183649984	183649985	0	False	NA
chr4_183683749_183683750	chr4	183683749	183683750	8	False	NA
chr4_183702514_183702515	chr4	183702514	183702515	0	False	NA
chr4_183712221_183712222	chr4	183712221	183712222	33	False	NA
chr4_184636953_184636954	chr4	184636953	184636954	0	False	NA
chr4_184688784_184688785	chr4	184688784	184688785	5	False	NA
chr4_184715132_184715133	chr4	184715132	184715133	42	True	39
chr4_184764346_184764347	chr4	184764346	184764347	0	False	NA
chr4_184767818_184767819	chr4	184767818	184767819	0	False	NA
chr4_184770770_184770771	chr4	184770770	184770771	14	False	NA
chr4_184778302_184778303	chr4	184778302	184778303	5	False	NA
chr4_185146501_185146502	chr4	185146501	185146502	0	False	NA
chr4_185341944_185341945	chr4	185341944	185341945	114	True	39
chr4_185352744_185352745	chr4	185352744	185352745	20	False	NA
chr4_185352748_185352749	chr4	185352748	185352749	25	False	NA
chr4_185354283_185354284	chr4	185354283	185354284	31	False	NA
chr4_185369729_185369730	chr4	185369729	185369730	0	False	NA
chr4_185401833_185401834	chr4	185401833	185401834	25	False	NA
chr4_185446994_185446995	chr4	185446994	185446995	0	False	NA
chr4_185647131_185647132	chr4	185647131	185647132	0	False	NA
chr4_185662021_185662022	chr4	185662021	185662022	80	True	39
chr4_186151735_186151736	chr4	186151735	186151736	0	False	NA
chr4_186169413_186169414	chr4	186169413	186169414	0	False	NA
chr4_186199227_186199228	chr4	186199227	186199228	0	False	NA
chr4_186228423_186228424	chr4	186228423	186228424	0	False	NA
chr4_186251411_186251412	chr4	186251411	186251412	0	False	NA
chr4_186271508_186271509	chr4	186271508	186271509	35	False	NA
chr4_186272003_186272004	chr4	186272003	186272004	7	False	NA
chr4_186286667_186286668	chr4	186286667	186286668	34	False	NA
chr4_186610133_186610134	chr4	186610133	186610134	11	False	NA
chr4_186613368_186613369	chr4	186613368	186613369	913	True	39
chr4_186622867_186622868	chr4	186622867	186622868	43	True	39
chr4_187998734_187998735	chr4	187998734	187998735	0	False	NA
chr5_232046_232047	chr5	232046	232047	24	False	NA
chr5_454404_454405	chr5	454404	454405	71	True	39
chr5_460385_460386	chr5	460385	460386	90	True	39
chr5_490253_490254	chr5	490253	490254	0	False	NA
chr5_612600_612601	chr5	612600	612601	819	True	39
chr5_623298_623299	chr5	623298	623299	139	True	39
chr5_643668_643669	chr5	643668	643669	180	True	39
chr5_647115_647116	chr5	647115	647116	6	False	NA
chr5_647119_647120	chr5	647119	647120	6	False	NA
chr5_895219_895220	chr5	895219	895220	19	False	NA
chr5_912597_912598	chr5	912597	912598	33	False	NA
chr5_1052488_1052489	chr5	1052488	1052489	361	True	39
chr5_1052982_1052983	chr5	1052982	1052983	144	True	39
chr5_1078429_1078430	chr5	1078429	1078430	2086	True	39
chr5_1079140_1079141	chr5	1079140	1079141	582	True	39
chr5_1245485_1245486	chr5	1245485	1245486	0	False	NA
chr5_1458281_1458282	chr5	1458281	1458282	18	False	NA
chr5_1460504_1460505	chr5	1460504	1460505	83	True	39
chr5_1460808_1460809	chr5	1460808	1460809	101	True	39
chr5_5143909_5143910	chr5	5143909	5143910	0	False	NA
chr5_5241570_5241571	chr5	5241570	5241571	0	False	NA
chr5_5241574_5241575	chr5	5241574	5241575	0	False	NA
chr5_5466177_5466178	chr5	5466177	5466178	63	True	39
chr5_5473306_5473307	chr5	5473306	5473307	108	True	39
chr5_5487953_5487954	chr5	5487953	5487954	32	False	NA
chr5_6372723_6372724	chr5	6372723	6372724	199	True	39
chr5_6619315_6619316	chr5	6619315	6619316	15	False	NA
chr5_6622396_6622397	chr5	6622396	6622397	269	True	39
chr5_6624057_6624058	chr5	6624057	6624058	47	True	39
chr5_6624967_6624968	chr5	6624967	6624968	64	True	39
chr5_6653805_6653806	chr5	6653805	6653806	6	False	NA
chr5_6659603_6659604	chr5	6659603	6659604	6	False	NA
chr5_6663343_6663344	chr5	6663343	6663344	0	False	NA
chr5_6740919_6740920	chr5	6740919	6740920	122	True	39
chr5_6753638_6753639	chr5	6753638	6753639	50	True	39
chr5_7708822_7708823	chr5	7708822	7708823	0	False	NA
chr5_7711218_7711219	chr5	7711218	7711219	0	False	NA
chr5_7717843_7717844	chr5	7717843	7717844	0	False	NA
chr5_7819185_7819186	chr5	7819185	7819186	0	False	NA
chr5_7865658_7865659	chr5	7865658	7865659	0	False	NA
chr5_7898715_7898716	chr5	7898715	7898716	78	True	39
chr5_9043733_9043734	chr5	9043733	9043734	0	False	NA
chr5_9060131_9060132	chr5	9060131	9060132	0	False	NA
chr5_9196417_9196418	chr5	9196417	9196418	0	False	NA
chr5_10257290_10257291	chr5	10257290	10257291	30	False	NA
chr5_10262728_10262729	chr5	10262728	10262729	250	True	39
chr5_10378128_10378129	chr5	10378128	10378129	271	True	39
chr5_10420340_10420341	chr5	10420340	10420341	534	True	39
chr5_10975814_10975815	chr5	10975814	10975815	0	False	NA
chr5_13693568_13693569	chr5	13693568	13693569	0	False	NA
chr5_13751557_13751558	chr5	13751557	13751558	0	False	NA
chr5_13763385_13763386	chr5	13763385	13763386	0	False	NA
chr5_13767984_13767985	chr5	13767984	13767985	0	False	NA
chr5_13828153_13828154	chr5	13828153	13828154	0	False	NA
chr5_13840736_13840737	chr5	13840736	13840737	0	False	NA
chr5_13843762_13843763	chr5	13843762	13843763	0	False	NA
chr5_13859772_13859773	chr5	13859772	13859773	0	False	NA
chr5_13870519_13870520	chr5	13870519	13870520	0	False	NA
chr5_13890797_13890798	chr5	13890797	13890798	0	False	NA
chr5_13896915_13896916	chr5	13896915	13896916	0	False	NA
chr5_13920074_13920075	chr5	13920074	13920075	0	False	NA
chr5_14365067_14365068	chr5	14365067	14365068	10	False	NA
chr5_14390559_14390560	chr5	14390559	14390560	60	True	39
chr5_14396243_14396244	chr5	14396243	14396244	0	False	NA
chr5_14399905_14399906	chr5	14399905	14399906	187	True	39
chr5_14753592_14753593	chr5	14753592	14753593	0	False	NA
chr5_14757977_14757978	chr5	14757977	14757978	0	False	NA
chr5_16674125_16674126	chr5	16674125	16674126	0	False	NA
chr5_16682977_16682978	chr5	16682977	16682978	5	False	NA
chr5_16707703_16707704	chr5	16707703	16707704	11	False	NA
chr5_16707712_16707713	chr5	16707712	16707713	11	False	NA
chr5_16760804_16760805	chr5	16760804	16760805	0	False	NA
chr5_16760811_16760812	chr5	16760811	16760812	0	False	NA
chr5_16793424_16793425	chr5	16793424	16793425	0	False	NA
chr5_24492369_24492370	chr5	24492369	24492370	0	False	NA
chr5_24509097_24509098	chr5	24509097	24509098	0	False	NA
chr5_26890019_26890020	chr5	26890019	26890020	0	False	NA
chr5_26903824_26903825	chr5	26903824	26903825	0	False	NA
chr5_31295421_31295422	chr5	31295421	31295422	0	False	NA
chr5_31434464_31434465	chr5	31434464	31434465	25	False	NA
chr5_31513182_31513183	chr5	31513182	31513183	0	False	NA
chr5_31549362_31549363	chr5	31549362	31549363	0	False	NA
chr5_32076578_32076579	chr5	32076578	32076579	0	False	NA
chr5_32095162_32095163	chr5	32095162	32095163	0	False	NA
chr5_32100966_32100967	chr5	32100966	32100967	0	False	NA
chr5_32105672_32105673	chr5	32105672	32105673	0	False	NA
chr5_32242881_32242882	chr5	32242881	32242882	12	False	NA
chr5_32243654_32243655	chr5	32243654	32243655	84	True	39
chr5_32269746_32269747	chr5	32269746	32269747	0	False	NA
chr5_32272812_32272813	chr5	32272812	32272813	0	False	NA
chr5_32395621_32395622	chr5	32395621	32395622	10	False	NA
chr5_32399548_32399549	chr5	32399548	32399549	141	True	39
chr5_32402546_32402547	chr5	32402546	32402547	206	True	39
chr5_32419127_32419128	chr5	32419127	32419128	245	True	39
chr5_33588852_33588853	chr5	33588852	33588853	0	False	NA
chr5_33649903_33649904	chr5	33649903	33649904	0	False	NA
chr5_34005183_34005184	chr5	34005183	34005184	0	False	NA
chr5_34806481_34806482	chr5	34806481	34806482	6	False	NA
chr5_34840353_34840354	chr5	34840353	34840354	0	False	NA
chr5_34840358_34840359	chr5	34840358	34840359	0	False	NA
chr5_34912240_34912241	chr5	34912240	34912241	60	True	39
chr5_34931760_34931761	chr5	34931760	34931761	29	False	NA
chr5_35033860_35033861	chr5	35033860	35033861	0	False	NA
chr5_35039648_35039649	chr5	35039648	35039649	0	False	NA
chr5_35644968_35644969	chr5	35644968	35644969	5	False	NA
chr5_35646487_35646488	chr5	35646487	35646488	0	False	NA
chr5_35647090_35647091	chr5	35647090	35647091	0	False	NA
chr5_35647094_35647095	chr5	35647094	35647095	0	False	NA
chr5_35669428_35669429	chr5	35669428	35669429	7	False	NA
chr5_35669433_35669434	chr5	35669433	35669434	7	False	NA
chr5_35697431_35697432	chr5	35697431	35697432	0	False	NA
chr5_35704496_35704497	chr5	35704496	35704497	0	False	NA
chr5_35704779_35704780	chr5	35704779	35704780	0	False	NA
chr5_35708740_35708741	chr5	35708740	35708741	14	False	NA
chr5_35793920_35793921	chr5	35793920	35793921	0	False	NA
chr5_36039369_36039370	chr5	36039369	36039370	0	False	NA
chr5_36110147_36110148	chr5	36110147	36110148	55	True	39
chr5_36110152_36110153	chr5	36110152	36110153	55	True	39
chr5_36115284_36115285	chr5	36115284	36115285	0	False	NA
chr5_36118062_36118063	chr5	36118062	36118063	12	False	NA
chr5_36118067_36118068	chr5	36118067	36118068	21	False	NA
chr5_36200659_36200660	chr5	36200659	36200660	0	False	NA
chr5_36225256_36225257	chr5	36225256	36225257	52	True	39
chr5_36226260_36226261	chr5	36226260	36226261	0	False	NA
chr5_36253155_36253156	chr5	36253155	36253156	0	False	NA
chr5_36264296_36264297	chr5	36264296	36264297	0	False	NA
chr5_36959446_36959447	chr5	36959446	36959447	37	False	NA
chr5_36975232_36975233	chr5	36975232	36975233	5	False	NA
chr5_36999371_36999372	chr5	36999371	36999372	27	False	NA
chr5_37025689_37025690	chr5	37025689	37025690	20	False	NA
chr5_37048353_37048354	chr5	37048353	37048354	31	False	NA
chr5_37150002_37150003	chr5	37150002	37150003	0	False	NA
chr5_37168400_37168401	chr5	37168400	37168401	0	False	NA
chr5_37186047_37186048	chr5	37186047	37186048	0	False	NA
chr5_37191272_37191273	chr5	37191272	37191273	0	False	NA
chr5_37198537_37198538	chr5	37198537	37198538	20	False	NA
chr5_37221510_37221511	chr5	37221510	37221511	47	True	39
chr5_37302051_37302052	chr5	37302051	37302052	15	False	NA
chr5_37310902_37310903	chr5	37310902	37310903	39	False	NA
chr5_37336731_37336732	chr5	37336731	37336732	60	True	39
chr5_37337108_37337109	chr5	37337108	37337109	7	False	NA
chr5_37362036_37362037	chr5	37362036	37362037	111	True	39
chr5_37697617_37697618	chr5	37697617	37697618	70	True	39
chr5_38414059_38414060	chr5	38414059	38414060	0	False	NA
chr5_38450951_38450952	chr5	38450951	38450952	0	False	NA
chr5_38493979_38493980	chr5	38493979	38493980	42	True	39
chr5_38499215_38499216	chr5	38499215	38499216	50	True	39
chr5_38499219_38499220	chr5	38499219	38499220	50	True	39
chr5_38528535_38528536	chr5	38528535	38528536	45	True	39
chr5_38904243_38904244	chr5	38904243	38904244	348	True	39
chr5_38952510_38952511	chr5	38952510	38952511	358	True	39
chr5_38953114_38953115	chr5	38953114	38953115	589	True	39
chr5_38956440_38956441	chr5	38956440	38956441	53	True	39
chr5_38960724_38960725	chr5	38960724	38960725	223	True	39
chr5_39113138_39113139	chr5	39113138	39113139	0	False	NA
chr5_39121796_39121797	chr5	39121796	39121797	0	False	NA
chr5_39312613_39312614	chr5	39312613	39312614	0	False	NA
chr5_39382326_39382327	chr5	39382326	39382327	114	True	39
chr5_39394151_39394152	chr5	39394151	39394152	12	False	NA
chr5_40735505_40735506	chr5	40735505	40735506	52	True	39
chr5_40846551_40846552	chr5	40846551	40846552	0	False	NA
chr5_40933381_40933382	chr5	40933381	40933382	0	False	NA
chr5_40947241_40947242	chr5	40947241	40947242	0	False	NA
chr5_40957042_40957043	chr5	40957042	40957043	0	False	NA
chr5_40963791_40963792	chr5	40963791	40963792	0	False	NA
chr5_40975802_40975803	chr5	40975802	40975803	0	False	NA
chr5_40998366_40998367	chr5	40998366	40998367	0	False	NA
chr5_41043547_41043548	chr5	41043547	41043548	0	False	NA
chr5_41049746_41049747	chr5	41049746	41049747	0	False	NA
chr5_41065819_41065820	chr5	41065819	41065820	0	False	NA
chr5_41066903_41066904	chr5	41066903	41066904	10	False	NA
chr5_41070498_41070499	chr5	41070498	41070499	0	False	NA
chr5_41185504_41185505	chr5	41185504	41185505	0	False	NA
chr5_41853989_41853990	chr5	41853989	41853990	39	False	NA
chr5_41905479_41905480	chr5	41905479	41905480	18	False	NA
chr5_41910372_41910373	chr5	41910372	41910373	63	True	39
chr5_41913513_41913514	chr5	41913513	41913514	28	False	NA
chr5_41931558_41931559	chr5	41931558	41931559	15	False	NA
chr5_41934074_41934075	chr5	41934074	41934075	29	False	NA
chr5_41937729_41937730	chr5	41937729	41937730	7	False	NA
chr5_42781142_42781143	chr5	42781142	42781143	0	False	NA
chr5_42799159_42799160	chr5	42799159	42799160	0	False	NA
chr5_43535442_43535443	chr5	43535442	43535443	134	True	39
chr5_43621807_43621808	chr5	43621807	43621808	91	True	39
chr5_43652090_43652091	chr5	43652090	43652091	0	False	NA
chr5_45265663_45265664	chr5	45265663	45265664	0	False	NA
chr5_50791231_50791232	chr5	50791231	50791232	0	False	NA
chr5_50830902_50830903	chr5	50830902	50830903	6	False	NA
chr5_52883090_52883091	chr5	52883090	52883091	0	False	NA
chr5_52888086_52888087	chr5	52888086	52888087	0	False	NA
chr5_52897350_52897351	chr5	52897350	52897351	143	True	39
chr5_52897354_52897355	chr5	52897354	52897355	143	True	39
chr5_52949170_52949171	chr5	52949170	52949171	0	False	NA
chr5_53057893_53057894	chr5	53057893	53057894	23	False	NA
chr5_53058382_53058383	chr5	53058382	53058383	0	False	NA
chr5_53059386_53059387	chr5	53059386	53059387	26	False	NA
chr5_53060297_53060298	chr5	53060297	53060298	0	False	NA
chr5_53071550_53071551	chr5	53071550	53071551	0	False	NA
chr5_53073700_53073701	chr5	53073700	53073701	6	False	NA
chr5_53099311_53099312	chr5	53099311	53099312	0	False	NA
chr5_53101746_53101747	chr5	53101746	53101747	14	False	NA
chr5_55127766_55127767	chr5	55127766	55127767	0	False	NA
chr5_55223256_55223257	chr5	55223256	55223257	0	False	NA
chr5_55271057_55271058	chr5	55271057	55271058	13	False	NA
chr5_55326604_55326605	chr5	55326604	55326605	61	True	39
chr5_55342552_55342553	chr5	55342552	55342553	22	False	NA
chr5_55359532_55359533	chr5	55359532	55359533	52	True	39
chr5_55385424_55385425	chr5	55385424	55385425	5	False	NA
chr5_55397727_55397728	chr5	55397727	55397728	0	False	NA
chr5_55406565_55406566	chr5	55406565	55406566	17	False	NA
chr5_55421787_55421788	chr5	55421787	55421788	9	False	NA
chr5_55647223_55647224	chr5	55647223	55647224	7	False	NA
chr5_55658545_55658546	chr5	55658545	55658546	0	False	NA
chr5_55760620_55760621	chr5	55760620	55760621	0	False	NA
chr5_55764591_55764592	chr5	55764591	55764592	0	False	NA
chr5_55816106_55816107	chr5	55816106	55816107	0	False	NA
chr5_55897456_55897457	chr5	55897456	55897457	0	False	NA
chr5_55910832_55910833	chr5	55910832	55910833	0	False	NA
chr5_55914574_55914575	chr5	55914574	55914575	0	False	NA
chr5_55949216_55949217	chr5	55949216	55949217	232	True	39
chr5_56232974_56232975	chr5	56232974	56232975	0	False	NA
chr5_56878083_56878084	chr5	56878083	56878084	0	False	NA
chr5_56912257_56912258	chr5	56912257	56912258	0	False	NA
chr5_56934986_56934987	chr5	56934986	56934987	0	False	NA
chr5_57233762_57233763	chr5	57233762	57233763	27	False	NA
chr5_57237807_57237808	chr5	57237807	57237808	462	True	39
chr5_59186317_59186318	chr5	59186317	59186318	21	False	NA
chr5_60598510_60598511	chr5	60598510	60598511	194	True	39
chr5_60639757_60639758	chr5	60639757	60639758	0	False	NA
chr5_61525146_61525147	chr5	61525146	61525147	0	False	NA
chr5_62355557_62355558	chr5	62355557	62355558	9	False	NA
chr5_62448692_62448693	chr5	62448692	62448693	19	False	NA
chr5_62448694_62448695	chr5	62448694	62448695	19	False	NA
chr5_62506102_62506103	chr5	62506102	62506103	128	True	39
chr5_62528386_62528387	chr5	62528386	62528387	40	True	39
chr5_64329985_64329986	chr5	64329985	64329986	0	False	NA
chr5_64783019_64783020	chr5	64783019	64783020	0	False	NA
chr5_65171769_65171770	chr5	65171769	65171770	0	False	NA
chr5_65262117_65262118	chr5	65262117	65262118	0	False	NA
chr5_65566323_65566324	chr5	65566323	65566324	150	True	39
chr5_65568661_65568662	chr5	65568661	65568662	158	True	39
chr5_65586919_65586920	chr5	65586919	65586920	0	False	NA
chr5_65615300_65615301	chr5	65615300	65615301	23	False	NA
chr5_65711464_65711465	chr5	65711464	65711465	0	False	NA
chr5_65789248_65789249	chr5	65789248	65789249	0	False	NA
chr5_66018934_66018935	chr5	66018934	66018935	88	True	39
chr5_66046199_66046200	chr5	66046199	66046200	23	False	NA
chr5_66078179_66078180	chr5	66078179	66078180	263	True	39
chr5_67112885_67112886	chr5	67112885	67112886	0	False	NA
chr5_67124921_67124922	chr5	67124921	67124922	0	False	NA
chr5_67131449_67131450	chr5	67131449	67131450	0	False	NA
chr5_67143688_67143689	chr5	67143688	67143689	5	False	NA
chr5_67150583_67150584	chr5	67150583	67150584	0	False	NA
chr5_67161147_67161148	chr5	67161147	67161148	0	False	NA
chr5_67163145_67163146	chr5	67163145	67163146	34	False	NA
chr5_67185135_67185136	chr5	67185135	67185136	0	False	NA
chr5_69101996_69101997	chr5	69101996	69101997	78	True	39
chr5_69102395_69102396	chr5	69102395	69102396	80	True	39
chr5_69119477_69119478	chr5	69119477	69119478	50	True	39
chr5_69127725_69127726	chr5	69127725	69127726	7	False	NA
chr5_69128580_69128581	chr5	69128580	69128581	5	False	NA
chr5_69261457_69261458	chr5	69261457	69261458	47	True	39
chr5_69263219_69263220	chr5	69263219	69263220	21	False	NA
chr5_69385506_69385507	chr5	69385506	69385507	0	False	NA
chr5_69506361_69506362	chr5	69506361	69506362	0	False	NA
chr5_70987409_70987410	chr5	70987409	70987410	0	False	NA
chr5_71002881_71002882	chr5	71002881	71002882	0	False	NA
chr5_71022487_71022488	chr5	71022487	71022488	0	False	NA
chr5_71463469_71463470	chr5	71463469	71463470	0	False	NA
chr5_71488570_71488571	chr5	71488570	71488571	0	False	NA
chr5_71587712_71587713	chr5	71587712	71587713	16	False	NA
chr5_71593664_71593665	chr5	71593664	71593665	25	False	NA
chr5_71600730_71600731	chr5	71600730	71600731	11	False	NA
chr5_71646852_71646853	chr5	71646852	71646853	0	False	NA
chr5_72224895_72224896	chr5	72224895	72224896	0	False	NA
chr5_72225385_72225386	chr5	72225385	72225386	47	True	39
chr5_72849485_72849486	chr5	72849485	72849486	34	False	NA
chr5_72860005_72860006	chr5	72860005	72860006	181	True	39
chr5_73081586_73081587	chr5	73081586	73081587	0	False	NA
chr5_73575269_73575270	chr5	73575269	73575270	16	False	NA
chr5_73776226_73776227	chr5	73776226	73776227	63	True	39
chr5_73839756_73839757	chr5	73839756	73839757	57	True	39
chr5_73854230_73854231	chr5	73854230	73854231	51	True	39
chr5_73860674_73860675	chr5	73860674	73860675	266	True	39
chr5_74630186_74630187	chr5	74630186	74630187	450	True	39
chr5_74714173_74714174	chr5	74714173	74714174	12	False	NA
chr5_74716366_74716367	chr5	74716366	74716367	0	False	NA
chr5_74733420_74733421	chr5	74733420	74733421	95	True	39
chr5_74744117_74744118	chr5	74744117	74744118	86	True	39
chr5_74761440_74761441	chr5	74761440	74761441	18	False	NA
chr5_74834895_74834896	chr5	74834895	74834896	268	True	39
chr5_75105640_75105641	chr5	75105640	75105641	0	False	NA
chr5_75111883_75111884	chr5	75111883	75111884	0	False	NA
chr5_75189613_75189614	chr5	75189613	75189614	0	False	NA
chr5_75194166_75194167	chr5	75194166	75194167	0	False	NA
chr5_75198124_75198125	chr5	75198124	75198125	0	False	NA
chr5_75223955_75223956	chr5	75223955	75223956	0	False	NA
chr5_75351766_75351767	chr5	75351766	75351767	448	True	39
chr5_75352551_75352552	chr5	75352551	75352552	93	True	39
chr5_75405505_75405506	chr5	75405505	75405506	10	False	NA
chr5_75580596_75580597	chr5	75580596	75580597	27	False	NA
chr5_75581179_75581180	chr5	75581179	75581180	149	True	39
chr5_75657599_75657600	chr5	75657599	75657600	0	False	NA
chr5_75707465_75707466	chr5	75707465	75707466	0	False	NA
chr5_76293537_76293538	chr5	76293537	76293538	0	False	NA
chr5_76297665_76297666	chr5	76297665	76297666	0	False	NA
chr5_76631201_76631202	chr5	76631201	76631202	0	False	NA
chr5_76672802_76672803	chr5	76672802	76672803	31	False	NA
chr5_76673279_76673280	chr5	76673279	76673280	5	False	NA
chr5_76675092_76675093	chr5	76675092	76675093	0	False	NA
chr5_77415963_77415964	chr5	77415963	77415964	0	False	NA
chr5_77436519_77436520	chr5	77436519	77436520	32	False	NA
chr5_77450668_77450669	chr5	77450668	77450669	11	False	NA
chr5_78036326_78036327	chr5	78036326	78036327	0	False	NA
chr5_78115291_78115292	chr5	78115291	78115292	12	False	NA
chr5_78128254_78128255	chr5	78128254	78128255	33	False	NA
chr5_78165346_78165347	chr5	78165346	78165347	43	True	39
chr5_78176109_78176110	chr5	78176109	78176110	8	False	NA
chr5_78177899_78177900	chr5	78177899	78177900	10	False	NA
chr5_78417714_78417715	chr5	78417714	78417715	0	False	NA
chr5_78421518_78421519	chr5	78421518	78421519	10	False	NA
chr5_78967231_78967232	chr5	78967231	78967232	5	False	NA
chr5_79027731_79027732	chr5	79027731	79027732	0	False	NA
chr5_79030391_79030392	chr5	79030391	79030392	0	False	NA
chr5_79044162_79044163	chr5	79044162	79044163	0	False	NA
chr5_79055671_79055672	chr5	79055671	79055672	0	False	NA
chr5_79125585_79125586	chr5	79125585	79125586	0	False	NA
chr5_79130639_79130640	chr5	79130639	79130640	0	False	NA
chr5_79301791_79301792	chr5	79301791	79301792	0	False	NA
chr5_79309837_79309838	chr5	79309837	79309838	29	False	NA
chr5_79312942_79312943	chr5	79312942	79312943	39	False	NA
chr5_79455314_79455315	chr5	79455314	79455315	0	False	NA
chr5_79646232_79646233	chr5	79646232	79646233	295	True	39
chr5_79744933_79744934	chr5	79744933	79744934	7	False	NA
chr5_79759381_79759382	chr5	79759381	79759382	14	False	NA
chr5_79790781_79790782	chr5	79790781	79790782	0	False	NA
chr5_80072256_80072257	chr5	80072256	80072257	0	False	NA
chr5_80077297_80077298	chr5	80077297	80077298	0	False	NA
chr5_80080414_80080415	chr5	80080414	80080415	0	False	NA
chr5_80440954_80440955	chr5	80440954	80440955	349	True	39
chr5_80450078_80450079	chr5	80450078	80450079	0	False	NA
chr5_80474563_80474564	chr5	80474563	80474564	110	True	39
chr5_80475230_80475231	chr5	80475230	80475231	78	True	39
chr5_80520043_80520044	chr5	80520043	80520044	0	False	NA
chr5_80666683_80666684	chr5	80666683	80666684	5	False	NA
chr5_80672436_80672437	chr5	80672436	80672437	39	False	NA
chr5_80672440_80672441	chr5	80672440	80672441	39	False	NA
chr5_80673125_80673126	chr5	80673125	80673126	15	False	NA
chr5_80762126_80762127	chr5	80762126	80762127	0	False	NA
chr5_80777955_80777956	chr5	80777955	80777956	0	False	NA
chr5_81069607_81069608	chr5	81069607	81069608	356	True	39
chr5_81111371_81111372	chr5	81111371	81111372	0	False	NA
chr5_81257359_81257360	chr5	81257359	81257360	0	False	NA
chr5_81258631_81258632	chr5	81258631	81258632	0	False	NA
chr5_81264284_81264285	chr5	81264284	81264285	0	False	NA
chr5_81344653_81344654	chr5	81344653	81344654	0	False	NA
chr5_81344657_81344658	chr5	81344657	81344658	0	False	NA
chr5_81346155_81346156	chr5	81346155	81346156	0	False	NA
chr5_81346204_81346205	chr5	81346204	81346205	0	False	NA
chr5_81360681_81360682	chr5	81360681	81360682	0	False	NA
chr5_81426335_81426336	chr5	81426335	81426336	0	False	NA
chr5_83108759_83108760	chr5	83108759	83108760	16	False	NA
chr5_83492681_83492682	chr5	83492681	83492682	0	False	NA
chr5_83547101_83547102	chr5	83547101	83547102	0	False	NA
chr5_87363125_87363126	chr5	87363125	87363126	10	False	NA
chr5_87401179_87401180	chr5	87401179	87401180	14	False	NA
chr5_88226856_88226857	chr5	88226856	88226857	5	False	NA
chr5_90394656_90394657	chr5	90394656	90394657	38	False	NA
chr5_90406491_90406492	chr5	90406491	90406492	11	False	NA
chr5_90644299_90644300	chr5	90644299	90644300	6	False	NA
chr5_90652861_90652862	chr5	90652861	90652862	35	False	NA
chr5_90652868_90652869	chr5	90652868	90652869	18	False	NA
chr5_90680949_90680950	chr5	90680949	90680950	16	False	NA
chr5_90698766_90698767	chr5	90698766	90698767	16	False	NA
chr5_90750848_90750849	chr5	90750848	90750849	32	False	NA
chr5_90757951_90757952	chr5	90757951	90757952	0	False	NA
chr5_90775754_90775755	chr5	90775754	90775755	6	False	NA
chr5_90780276_90780277	chr5	90780276	90780277	5	False	NA
chr5_90853624_90853625	chr5	90853624	90853625	11	False	NA
chr5_91380260_91380261	chr5	91380260	91380261	192	True	39
chr5_94388281_94388282	chr5	94388281	94388282	0	False	NA
chr5_94392731_94392732	chr5	94392731	94392732	0	False	NA
chr5_94397259_94397260	chr5	94397259	94397260	0	False	NA
chr5_94466459_94466460	chr5	94466459	94466460	0	False	NA
chr5_94472380_94472381	chr5	94472380	94472381	0	False	NA
chr5_94657847_94657848	chr5	94657847	94657848	130	True	39
chr5_94670601_94670602	chr5	94670601	94670602	59	True	39
chr5_95394460_95394461	chr5	95394460	95394461	0	False	NA
chr5_95418266_95418267	chr5	95418266	95418267	0	False	NA
chr5_95519018_95519019	chr5	95519018	95519019	130	True	39
chr5_95538890_95538891	chr5	95538890	95538891	5	False	NA
chr5_95548106_95548107	chr5	95548106	95548107	68	True	39
chr5_95567291_95567292	chr5	95567291	95567292	0	False	NA
chr5_95653247_95653248	chr5	95653247	95653248	0	False	NA
chr5_95681404_95681405	chr5	95681404	95681405	0	False	NA
chr5_95896578_95896579	chr5	95896578	95896579	132	True	39
chr5_95900153_95900154	chr5	95900153	95900154	72	True	39
chr5_96396005_96396006	chr5	96396005	96396006	0	False	NA
chr5_96410257_96410258	chr5	96410257	96410258	0	False	NA
chr5_96753748_96753749	chr5	96753748	96753749	7	False	NA
chr5_96765547_96765548	chr5	96765547	96765548	0	False	NA
chr5_96792564_96792565	chr5	96792564	96792565	6	False	NA
chr5_96793006_96793007	chr5	96793006	96793007	0	False	NA
chr5_96879355_96879356	chr5	96879355	96879356	0	False	NA
chr5_96897964_96897965	chr5	96897964	96897965	0	False	NA
chr5_96910689_96910690	chr5	96910689	96910690	5	False	NA
chr5_96985453_96985454	chr5	96985453	96985454	0	False	NA
chr5_96991995_96991996	chr5	96991995	96991996	69	True	39
chr5_96994202_96994203	chr5	96994202	96994203	44	True	39
chr5_97011088_97011089	chr5	97011088	97011089	20	False	NA
chr5_97011095_97011096	chr5	97011095	97011096	20	False	NA
chr5_97096051_97096052	chr5	97096051	97096052	0	False	NA
chr5_98861122_98861123	chr5	98861122	98861123	200	True	39
chr5_98861128_98861129	chr5	98861128	98861129	200	True	39
chr5_98874827_98874828	chr5	98874827	98874828	122	True	39
chr5_98891550_98891551	chr5	98891550	98891551	33	False	NA
chr5_98897670_98897671	chr5	98897670	98897671	0	False	NA
chr5_98901808_98901809	chr5	98901808	98901809	78	True	39
chr5_98904194_98904195	chr5	98904194	98904195	11	False	NA
chr5_98904459_98904460	chr5	98904459	98904460	14	False	NA
chr5_102262897_102262898	chr5	102262897	102262898	0	False	NA
chr5_103016702_103016703	chr5	103016702	103016703	0	False	NA
chr5_103019354_103019355	chr5	103019354	103019355	0	False	NA
chr5_103155907_103155908	chr5	103155907	103155908	389	True	39
chr5_103181230_103181231	chr5	103181230	103181231	105	True	39
chr5_103192172_103192173	chr5	103192172	103192173	6	False	NA
chr5_103554303_103554304	chr5	103554303	103554304	0	False	NA
chr5_103557774_103557775	chr5	103557774	103557775	6	False	NA
chr5_108365647_108365648	chr5	108365647	108365648	0	False	NA
chr5_109339005_109339006	chr5	109339005	109339006	96	True	39
chr5_109361228_109361229	chr5	109361228	109361229	40	True	39
chr5_109773519_109773520	chr5	109773519	109773520	13	False	NA
chr5_109848370_109848371	chr5	109848370	109848371	101	True	39
chr5_109866433_109866434	chr5	109866433	109866434	0	False	NA
chr5_110626703_110626704	chr5	110626703	110626704	0	False	NA
chr5_110641787_110641788	chr5	110641787	110641788	0	False	NA
chr5_111073023_111073024	chr5	111073023	111073024	0	False	NA
chr5_111096165_111096166	chr5	111096165	111096166	141	True	39
chr5_111105683_111105684	chr5	111105683	111105684	143	True	39
chr5_111475793_111475794	chr5	111475793	111475794	0	False	NA
chr5_112169387_112169388	chr5	112169387	112169388	16	False	NA
chr5_112837067_112837068	chr5	112837067	112837068	28	False	NA
chr5_112863474_112863475	chr5	112863474	112863475	86	True	39
chr5_112987750_112987751	chr5	112987750	112987751	193	True	39
chr5_112992586_112992587	chr5	112992586	112992587	576	True	39
chr5_113027899_113027900	chr5	113027899	113027900	0	False	NA
chr5_113050363_113050364	chr5	113050363	113050364	5	False	NA
chr5_113525482_113525483	chr5	113525482	113525483	38	False	NA
chr5_113531068_113531069	chr5	113531068	113531069	13	False	NA
chr5_113539856_113539857	chr5	113539856	113539857	5	False	NA
chr5_113559401_113559402	chr5	113559401	113559402	77	True	39
chr5_113560858_113560859	chr5	113560858	113560859	251	True	39
chr5_113562663_113562664	chr5	113562663	113562664	16	False	NA
chr5_114361688_114361689	chr5	114361688	114361689	0	False	NA
chr5_115136169_115136170	chr5	115136169	115136170	12	False	NA
chr5_115213244_115213245	chr5	115213244	115213245	6	False	NA
chr5_115240447_115240448	chr5	115240447	115240448	7	False	NA
chr5_115240736_115240737	chr5	115240736	115240737	21	False	NA
chr5_115269325_115269326	chr5	115269325	115269326	0	False	NA
chr5_115269890_115269891	chr5	115269890	115269891	0	False	NA
chr5_115832319_115832320	chr5	115832319	115832320	7	False	NA
chr5_115995178_115995179	chr5	115995178	115995179	7	False	NA
chr5_116000143_116000144	chr5	116000143	116000144	0	False	NA
chr5_116002314_116002315	chr5	116002314	116002315	0	False	NA
chr5_116003932_116003933	chr5	116003932	116003933	0	False	NA
chr5_116011180_116011181	chr5	116011180	116011181	5	False	NA
chr5_116487548_116487549	chr5	116487548	116487549	0	False	NA
chr5_116494549_116494550	chr5	116494549	116494550	0	False	NA
chr5_119099415_119099416	chr5	119099415	119099416	20	False	NA
chr5_119103174_119103175	chr5	119103174	119103175	32	False	NA
chr5_119118235_119118236	chr5	119118235	119118236	17	False	NA
chr5_119220792_119220793	chr5	119220792	119220793	0	False	NA
chr5_119238812_119238813	chr5	119238812	119238813	23	False	NA
chr5_119632495_119632496	chr5	119632495	119632496	0	False	NA
chr5_122073686_122073687	chr5	122073686	122073687	0	False	NA
chr5_122801099_122801100	chr5	122801099	122801100	12	False	NA
chr5_122802601_122802602	chr5	122802601	122802602	8	False	NA
chr5_122818457_122818458	chr5	122818457	122818458	94	True	39
chr5_123007577_123007578	chr5	123007577	123007578	69	True	39
chr5_123024345_123024346	chr5	123024345	123024346	0	False	NA
chr5_123347571_123347572	chr5	123347571	123347572	0	False	NA
chr5_123378118_123378119	chr5	123378118	123378119	11	False	NA
chr5_123386853_123386854	chr5	123386853	123386854	0	False	NA
chr5_123417131_123417132	chr5	123417131	123417132	0	False	NA
chr5_126472701_126472702	chr5	126472701	126472702	0	False	NA
chr5_126473892_126473893	chr5	126473892	126473893	5	False	NA
chr5_126480945_126480946	chr5	126480945	126480946	0	False	NA
chr5_126622767_126622768	chr5	126622767	126622768	0	False	NA
chr5_126633228_126633229	chr5	126633228	126633229	0	False	NA
chr5_126810139_126810140	chr5	126810139	126810140	794	True	39
chr5_126813349_126813350	chr5	126813349	126813350	110	True	39
chr5_126832953_126832954	chr5	126832953	126832954	61	True	39
chr5_127407222_127407223	chr5	127407222	127407223	0	False	NA
chr5_127440220_127440221	chr5	127440220	127440221	0	False	NA
chr5_127442738_127442739	chr5	127442738	127442739	0	False	NA
chr5_127456038_127456039	chr5	127456038	127456039	0	False	NA
chr5_127650589_127650590	chr5	127650589	127650590	0	False	NA
chr5_127707017_127707018	chr5	127707017	127707018	0	False	NA
chr5_128141674_128141675	chr5	128141674	128141675	16	False	NA
chr5_128149444_128149445	chr5	128149444	128149445	0	False	NA
chr5_128150957_128150958	chr5	128150957	128150958	0	False	NA
chr5_128172316_128172317	chr5	128172316	128172317	0	False	NA
chr5_128186166_128186167	chr5	128186166	128186167	0	False	NA
chr5_128315750_128315751	chr5	128315750	128315751	0	False	NA
chr5_128342482_128342483	chr5	128342482	128342483	0	False	NA
chr5_128377245_128377246	chr5	128377245	128377246	0	False	NA
chr5_128534826_128534827	chr5	128534826	128534827	12	False	NA
chr5_128645900_128645901	chr5	128645900	128645901	0	False	NA
chr5_128985456_128985457	chr5	128985456	128985457	0	False	NA
chr5_129620870_129620871	chr5	129620870	129620871	0	False	NA
chr5_131386940_131386941	chr5	131386940	131386941	5	False	NA
chr5_131454637_131454638	chr5	131454637	131454638	69	True	39
chr5_131461244_131461245	chr5	131461244	131461245	0	False	NA
chr5_131490568_131490569	chr5	131490568	131490569	0	False	NA
chr5_131490572_131490573	chr5	131490572	131490573	5	False	NA
chr5_131492189_131492190	chr5	131492189	131492190	21	False	NA
chr5_131506641_131506642	chr5	131506641	131506642	6	False	NA
chr5_131509023_131509024	chr5	131509023	131509024	14	False	NA
chr5_131702935_131702936	chr5	131702935	131702936	246	True	39
chr5_131706108_131706109	chr5	131706108	131706109	66	True	39
chr5_131916430_131916431	chr5	131916430	131916431	0	False	NA
chr5_131956476_131956477	chr5	131956476	131956477	0	False	NA
chr5_131970279_131970280	chr5	131970279	131970280	0	False	NA
chr5_132209430_132209431	chr5	132209430	132209431	5	False	NA
chr5_132216382_132216383	chr5	132216382	132216383	0	False	NA
chr5_132343373_132343374	chr5	132343373	132343374	0	False	NA
chr5_132542813_132542814	chr5	132542813	132542814	0	False	NA
chr5_132558955_132558956	chr5	132558955	132558956	28	False	NA
chr5_132578668_132578669	chr5	132578668	132578669	10	False	NA
chr5_132641509_132641510	chr5	132641509	132641510	5	False	NA
chr5_132888460_132888461	chr5	132888460	132888461	68	True	39
chr5_133065680_133065681	chr5	133065680	133065681	24	False	NA
chr5_133068355_133068356	chr5	133068355	133068356	0	False	NA
chr5_133088343_133088344	chr5	133088343	133088344	1753	True	39
chr5_133101582_133101583	chr5	133101582	133101583	157	True	39
chr5_133208237_133208238	chr5	133208237	133208238	5	False	NA
chr5_133219568_133219569	chr5	133219568	133219569	0	False	NA
chr5_134170749_134170750	chr5	134170749	134170750	130	True	39
chr5_134199635_134199636	chr5	134199635	134199636	37	False	NA
chr5_134202531_134202532	chr5	134202531	134202532	27	False	NA
chr5_134306234_134306235	chr5	134306234	134306235	0	False	NA
chr5_134307150_134307151	chr5	134307150	134307151	0	False	NA
chr5_134313410_134313411	chr5	134313410	134313411	0	False	NA
chr5_134537171_134537172	chr5	134537171	134537172	0	False	NA
chr5_134622820_134622821	chr5	134622820	134622821	24	False	NA
chr5_134673330_134673331	chr5	134673330	134673331	0	False	NA
chr5_134676746_134676747	chr5	134676746	134676747	0	False	NA
chr5_134679864_134679865	chr5	134679864	134679865	10	False	NA
chr5_134712192_134712193	chr5	134712192	134712193	124	True	39
chr5_134785140_134785141	chr5	134785140	134785141	375	True	39
chr5_134817907_134817908	chr5	134817907	134817908	12	False	NA
chr5_134892145_134892146	chr5	134892145	134892146	20	False	NA
chr5_134906553_134906554	chr5	134906553	134906554	42	True	39
chr5_135342517_135342518	chr5	135342517	135342518	93	True	39
chr5_135850787_135850788	chr5	135850787	135850788	0	False	NA
chr5_135892581_135892582	chr5	135892581	135892582	0	False	NA
chr5_136173317_136173318	chr5	136173317	136173318	28	False	NA
chr5_136221565_136221566	chr5	136221565	136221566	0	False	NA
chr5_136221570_136221571	chr5	136221570	136221571	0	False	NA
chr5_137869538_137869539	chr5	137869538	137869539	0	False	NA
chr5_137876343_137876344	chr5	137876343	137876344	0	False	NA
chr5_137897333_137897334	chr5	137897333	137897334	0	False	NA
chr5_137922320_137922321	chr5	137922320	137922321	0	False	NA
chr5_137936074_137936075	chr5	137936074	137936075	0	False	NA
chr5_138007496_138007497	chr5	138007496	138007497	43	True	39
chr5_138090371_138090372	chr5	138090371	138090372	0	False	NA
chr5_138092009_138092010	chr5	138092009	138092010	0	False	NA
chr5_138291289_138291290	chr5	138291289	138291290	6	False	NA
chr5_138569097_138569098	chr5	138569097	138569098	2705	True	39
chr5_138569118_138569119	chr5	138569118	138569119	2397	True	39
chr5_138781847_138781848	chr5	138781847	138781848	230	True	39
chr5_139274613_139274614	chr5	139274613	139274614	78	True	39
chr5_139368685_139368686	chr5	139368685	139368686	0	False	NA
chr5_139368685_139368686	chr5	139368685	139368686	0	False	NA
chr5_139379354_139379355	chr5	139379354	139379355	54	True	39
chr5_139417977_139417978	chr5	139417977	139417978	0	False	NA
chr5_139421842_139421843	chr5	139421842	139421843	0	False	NA
chr5_139431490_139431491	chr5	139431490	139431491	0	False	NA
chr5_139672682_139672683	chr5	139672682	139672683	220	True	39
chr5_139838138_139838139	chr5	139838138	139838139	0	False	NA
chr5_139838145_139838146	chr5	139838145	139838146	0	False	NA
chr5_139852096_139852097	chr5	139852096	139852097	0	False	NA
chr5_140447634_140447635	chr5	140447634	140447635	59	True	39
chr5_140483002_140483003	chr5	140483002	140483003	273	True	39
chr5_140498191_140498192	chr5	140498191	140498192	102	True	39
chr5_140498195_140498196	chr5	140498195	140498196	102	True	39
chr5_140640146_140640147	chr5	140640146	140640147	209	True	39
chr5_140640837_140640838	chr5	140640837	140640838	137	True	39
chr5_140643132_140643133	chr5	140643132	140643133	383	True	39
chr5_140643732_140643733	chr5	140643732	140643733	383	True	39
chr5_140659386_140659387	chr5	140659386	140659387	990	True	39
chr5_140695310_140695311	chr5	140695310	140695311	0	False	NA
chr5_140698228_140698229	chr5	140698228	140698229	36	False	NA
chr5_141580637_141580638	chr5	141580637	141580638	277	True	39
chr5_141630342_141630343	chr5	141630342	141630343	39	False	NA
chr5_141630347_141630348	chr5	141630347	141630348	39	False	NA
chr5_141645169_141645170	chr5	141645169	141645170	244	True	39
chr5_141646722_141646723	chr5	141646722	141646723	107	True	39
chr5_141938206_141938207	chr5	141938206	141938207	88	True	39
chr5_141948354_141948355	chr5	141948354	141948355	0	False	NA
chr5_141950301_141950302	chr5	141950301	141950302	0	False	NA
chr5_142004600_142004601	chr5	142004600	142004601	0	False	NA
chr5_142883705_142883706	chr5	142883705	142883706	5	False	NA
chr5_143208691_143208692	chr5	143208691	143208692	5	False	NA
chr5_143210428_143210429	chr5	143210428	143210429	0	False	NA
chr5_146048713_146048714	chr5	146048713	146048714	0	False	NA
chr5_146137681_146137682	chr5	146137681	146137682	101	True	39
chr5_146143151_146143152	chr5	146143151	146143152	1066	True	39
chr5_146150019_146150020	chr5	146150019	146150020	126	True	39
chr5_146223273_146223274	chr5	146223273	146223274	131	True	39
chr5_146231159_146231160	chr5	146231159	146231160	42	True	39
chr5_146256829_146256830	chr5	146256829	146256830	17	False	NA
chr5_146270907_146270908	chr5	146270907	146270908	586	True	39
chr5_146455906_146455907	chr5	146455906	146455907	21	False	NA
chr5_146458084_146458085	chr5	146458084	146458085	5	False	NA
chr5_146470280_146470281	chr5	146470280	146470281	16	False	NA
chr5_146471215_146471216	chr5	146471215	146471216	35	False	NA
chr5_146499522_146499523	chr5	146499522	146499523	334	True	39
chr5_147373852_147373853	chr5	147373852	147373853	0	False	NA
chr5_147394247_147394248	chr5	147394247	147394248	0	False	NA
chr5_147397901_147397902	chr5	147397901	147397902	6	False	NA
chr5_147399660_147399661	chr5	147399660	147399661	0	False	NA
chr5_147413113_147413114	chr5	147413113	147413114	0	False	NA
chr5_147413119_147413120	chr5	147413119	147413120	0	False	NA
chr5_147413433_147413434	chr5	147413433	147413434	0	False	NA
chr5_147628172_147628173	chr5	147628172	147628173	0	False	NA
chr5_147642864_147642865	chr5	147642864	147642865	0	False	NA
chr5_147829227_147829228	chr5	147829227	147829228	0	False	NA
chr5_147881986_147881987	chr5	147881986	147881987	0	False	NA
chr5_148068093_148068094	chr5	148068093	148068094	0	False	NA
chr5_148070898_148070899	chr5	148070898	148070899	0	False	NA
chr5_148095287_148095288	chr5	148095287	148095288	0	False	NA
chr5_148096662_148096663	chr5	148096662	148096663	0	False	NA
chr5_148106706_148106707	chr5	148106706	148106707	0	False	NA
chr5_148122424_148122425	chr5	148122424	148122425	0	False	NA
chr5_148127231_148127232	chr5	148127231	148127232	0	False	NA
chr5_148174581_148174582	chr5	148174581	148174582	0	False	NA
chr5_148269918_148269919	chr5	148269918	148269919	0	False	NA
chr5_148281281_148281282	chr5	148281281	148281282	15	False	NA
chr5_148312771_148312772	chr5	148312771	148312772	0	False	NA
chr5_148416700_148416701	chr5	148416700	148416701	37	False	NA
chr5_148549355_148549356	chr5	148549355	148549356	0	False	NA
chr5_149031371_149031372	chr5	149031371	149031372	0	False	NA
chr5_149042207_149042208	chr5	149042207	149042208	0	False	NA
chr5_149048819_149048820	chr5	149048819	149048820	0	False	NA
chr5_149231238_149231239	chr5	149231238	149231239	0	False	NA
chr5_149245504_149245505	chr5	149245504	149245505	0	False	NA
chr5_149318134_149318135	chr5	149318134	149318135	0	False	NA
chr5_149346597_149346598	chr5	149346597	149346598	54	True	39
chr5_149504680_149504681	chr5	149504680	149504681	1361	True	39
chr5_149508042_149508043	chr5	149508042	149508043	59	True	39
chr5_149511063_149511064	chr5	149511063	149511064	83	True	39
chr5_149512044_149512045	chr5	149512044	149512045	201	True	39
chr5_149620275_149620276	chr5	149620275	149620276	0	False	NA
chr5_149626500_149626501	chr5	149626500	149626501	0	False	NA
chr5_149628646_149628647	chr5	149628646	149628647	0	False	NA
chr5_149631673_149631674	chr5	149631673	149631674	0	False	NA
chr5_149829628_149829629	chr5	149829628	149829629	0	False	NA
chr5_149832558_149832559	chr5	149832558	149832559	5	False	NA
chr5_149934189_149934190	chr5	149934189	149934190	0	False	NA
chr5_150001511_150001512	chr5	150001511	150001512	29	False	NA
chr5_150058400_150058401	chr5	150058400	150058401	0	False	NA
chr5_150116721_150116722	chr5	150116721	150116722	0	False	NA
chr5_150228771_150228772	chr5	150228771	150228772	0	False	NA
chr5_150527616_150527617	chr5	150527616	150527617	290	True	39
chr5_150540416_150540417	chr5	150540416	150540417	90	True	39
chr5_150542756_150542757	chr5	150542756	150542757	147	True	39
chr5_150693561_150693562	chr5	150693561	150693562	0	False	NA
chr5_151027430_151027431	chr5	151027430	151027431	1233	True	39
chr5_151461495_151461496	chr5	151461495	151461496	0	False	NA
chr5_151506474_151506475	chr5	151506474	151506475	0	False	NA
chr5_151506478_151506479	chr5	151506478	151506479	0	False	NA
chr5_151770772_151770773	chr5	151770772	151770773	0	False	NA
chr5_153493086_153493087	chr5	153493086	153493087	0	False	NA
chr5_154379654_154379655	chr5	154379654	154379655	0	False	NA
chr5_154411469_154411470	chr5	154411469	154411470	5	False	NA
chr5_154756216_154756217	chr5	154756216	154756217	4296	True	39
chr5_154826686_154826687	chr5	154826686	154826687	48	True	39
chr5_154865885_154865886	chr5	154865885	154865886	116	True	39
chr5_154907338_154907339	chr5	154907338	154907339	0	False	NA
chr5_154926074_154926075	chr5	154926074	154926075	277	True	39
chr5_154959485_154959486	chr5	154959485	154959486	20	False	NA
chr5_156758504_156758505	chr5	156758504	156758505	0	False	NA
chr5_156921951_156921952	chr5	156921951	156921952	0	False	NA
chr5_156959350_156959351	chr5	156959350	156959351	0	False	NA
chr5_157034658_157034659	chr5	157034658	157034659	0	False	NA
chr5_157047903_157047904	chr5	157047903	157047904	0	False	NA
chr5_157101669_157101670	chr5	157101669	157101670	0	False	NA
chr5_157104103_157104104	chr5	157104103	157104104	0	False	NA
chr5_157226919_157226920	chr5	157226919	157226920	0	False	NA
chr5_157232826_157232827	chr5	157232826	157232827	0	False	NA
chr5_157301914_157301915	chr5	157301914	157301915	0	False	NA
chr5_157305831_157305832	chr5	157305831	157305832	0	False	NA
chr5_157361335_157361336	chr5	157361335	157361336	0	False	NA
chr5_157493643_157493644	chr5	157493643	157493644	0	False	NA
chr5_157511459_157511460	chr5	157511459	157511460	0	False	NA
chr5_157674046_157674047	chr5	157674046	157674047	0	False	NA
chr5_157810031_157810032	chr5	157810031	157810032	282	True	39
chr5_159162823_159162824	chr5	159162823	159162824	10	False	NA
chr5_159271679_159271680	chr5	159271679	159271680	55	True	39
chr5_159283633_159283634	chr5	159283633	159283634	10	False	NA
chr5_159327227_159327228	chr5	159327227	159327228	0	False	NA
chr5_160253923_160253924	chr5	160253923	160253924	0	False	NA
chr5_160277362_160277363	chr5	160277362	160277363	0	False	NA
chr5_160349974_160349975	chr5	160349974	160349975	0	False	NA
chr5_160408108_160408109	chr5	160408108	160408109	176	True	39
chr5_160643454_160643455	chr5	160643454	160643455	0	False	NA
chr5_162101012_162101013	chr5	162101012	162101013	0	False	NA
chr5_163470297_163470298	chr5	163470297	163470298	7	False	NA
chr5_163478527_163478528	chr5	163478527	163478528	14	False	NA
chr5_163482253_163482254	chr5	163482253	163482254	0	False	NA
chr5_168122897_168122898	chr5	168122897	168122898	0	False	NA
chr5_168126326_168126327	chr5	168126326	168126327	0	False	NA
chr5_168212803_168212804	chr5	168212803	168212804	0	False	NA
chr5_168261733_168261734	chr5	168261733	168261734	0	False	NA
chr5_168425981_168425982	chr5	168425981	168425982	0	False	NA
chr5_168503270_168503271	chr5	168503270	168503271	38	False	NA
chr5_168503281_168503282	chr5	168503281	168503282	38	False	NA
chr5_168508851_168508852	chr5	168508851	168508852	146	True	39
chr5_168667091_168667092	chr5	168667091	168667092	0	False	NA
chr5_168787823_168787824	chr5	168787823	168787824	0	False	NA
chr5_168794428_168794429	chr5	168794428	168794429	0	False	NA
chr5_169598196_169598197	chr5	169598196	169598197	58	True	39
chr5_169598200_169598201	chr5	169598200	169598201	22	False	NA
chr5_170050722_170050723	chr5	170050722	170050723	0	False	NA
chr5_170270376_170270377	chr5	170270376	170270377	0	False	NA
chr5_170720004_170720005	chr5	170720004	170720005	0	False	NA
chr5_170734864_170734865	chr5	170734864	170734865	0	False	NA
chr5_170783628_170783629	chr5	170783628	170783629	0	False	NA
chr5_170793220_170793221	chr5	170793220	170793221	0	False	NA
chr5_170881294_170881295	chr5	170881294	170881295	13	False	NA
chr5_170922586_170922587	chr5	170922586	170922587	0	False	NA
chr5_171241726_171241727	chr5	171241726	171241727	0	False	NA
chr5_171242187_171242188	chr5	171242187	171242188	0	False	NA
chr5_171294168_171294169	chr5	171294168	171294169	0	False	NA
chr5_171869162_171869163	chr5	171869162	171869163	33	False	NA
chr5_171871514_171871515	chr5	171871514	171871515	0	False	NA
chr5_172194889_172194890	chr5	172194889	172194890	0	False	NA
chr5_172200297_172200298	chr5	172200297	172200298	0	False	NA
chr5_172956972_172956973	chr5	172956972	172956973	0	False	NA
chr5_173085084_173085085	chr5	173085084	173085085	5	False	NA
chr5_174104716_174104717	chr5	174104716	174104717	0	False	NA
chr5_174174748_174174749	chr5	174174748	174174749	0	False	NA
chr5_175510447_175510448	chr5	175510447	175510448	175	True	39
chr5_175512701_175512702	chr5	175512701	175512702	346	True	39
chr5_175525042_175525043	chr5	175525042	175525043	204	True	39
chr5_176358839_176358840	chr5	176358839	176358840	101	True	39
chr5_176385929_176385930	chr5	176385929	176385930	97	True	39
chr5_176485992_176485993	chr5	176485992	176485993	24	False	NA
chr5_176882764_176882765	chr5	176882764	176882765	0	False	NA
chr5_176884743_176884744	chr5	176884743	176884744	0	False	NA
chr5_176907470_176907471	chr5	176907470	176907471	10	False	NA
chr5_176969365_176969366	chr5	176969365	176969366	537	True	39
chr5_177042463_177042464	chr5	177042463	177042464	49	True	39
chr5_177043275_177043276	chr5	177043275	177043276	46	True	39
chr5_177271485_177271486	chr5	177271485	177271486	0	False	NA
chr5_177280563_177280564	chr5	177280563	177280564	218	True	39
chr5_177311660_177311661	chr5	177311660	177311661	567	True	39
chr5_177552708_177552709	chr5	177552708	177552709	252	True	39
chr5_178206546_178206547	chr5	178206546	178206547	1020	True	39
chr5_178206554_178206555	chr5	178206554	178206555	1035	True	39
chr5_178249353_178249354	chr5	178249353	178249354	0	False	NA
chr5_178257151_178257152	chr5	178257151	178257152	0	False	NA
chr5_178440340_178440341	chr5	178440340	178440341	0	False	NA
chr5_178991613_178991614	chr5	178991613	178991614	0	False	NA
chr5_179344507_179344508	chr5	179344507	179344508	0	False	NA
chr5_179344511_179344512	chr5	179344511	179344512	0	False	NA
chr5_179586562_179586563	chr5	179586562	179586563	24	False	NA
chr5_179595476_179595477	chr5	179595476	179595477	38	False	NA
chr5_179620582_179620583	chr5	179620582	179620583	18184	True	11
chr5_179622785_179622786	chr5	179622785	179622786	22621	True	17
chr5_179705965_179705966	chr5	179705965	179705966	114	True	39
chr5_179710775_179710776	chr5	179710775	179710776	118	True	39
chr5_179713045_179713046	chr5	179713045	179713046	222	True	39
chr5_179798858_179798859	chr5	179798858	179798859	784	True	39
chr5_179800845_179800846	chr5	179800845	179800846	527	True	39
chr5_179825094_179825095	chr5	179825094	179825095	2227	True	39
chr5_179833419_179833420	chr5	179833419	179833420	746	True	39
chr5_179856779_179856780	chr5	179856779	179856780	39	False	NA
chr5_179876945_179876946	chr5	179876945	179876946	5	False	NA
chr5_179892225_179892226	chr5	179892225	179892226	0	False	NA
chr5_179897836_179897837	chr5	179897836	179897837	0	False	NA
chr5_179958555_179958556	chr5	179958555	179958556	17	False	NA
chr5_180116917_180116918	chr5	180116917	180116918	0	False	NA
chr5_180242291_180242292	chr5	180242291	180242292	29	False	NA
chr5_180324541_180324542	chr5	180324541	180324542	0	False	NA
chr5_180569991_180569992	chr5	180569991	180569992	421	True	39
chr5_180910062_180910063	chr5	180910062	180910063	0	False	NA
chr6_1393534_1393535	chr6	1393534	1393535	5	False	NA
chr6_2117171_2117172	chr6	2117171	2117172	6	False	NA
chr6_2839334_2839335	chr6	2839334	2839335	43	True	39
chr6_2899952_2899953	chr6	2899952	2899953	35	False	NA
chr6_2953186_2953187	chr6	2953186	2953187	396	True	39
chr6_3737616_3737617	chr6	3737616	3737617	15	False	NA
chr6_4055675_4055676	chr6	4055675	4055676	315	True	39
chr6_4060097_4060098	chr6	4060097	4060098	279	True	39
chr6_4071650_4071651	chr6	4071650	4071651	0	False	NA
chr6_4117008_4117009	chr6	4117008	4117009	0	False	NA
chr6_4123843_4123844	chr6	4123843	4123844	0	False	NA
chr6_4134122_4134123	chr6	4134122	4134123	209	True	39
chr6_4936306_4936307	chr6	4936306	4936307	0	False	NA
chr6_4936310_4936311	chr6	4936310	4936311	0	False	NA
chr6_6196138_6196139	chr6	6196138	6196139	0	False	NA
chr6_7291560_7291561	chr6	7291560	7291561	48	True	39
chr6_7298528_7298529	chr6	7298528	7298529	63	True	39
chr6_7332695_7332696	chr6	7332695	7332696	0	False	NA
chr6_7375476_7375477	chr6	7375476	7375477	0	False	NA
chr6_7399020_7399021	chr6	7399020	7399021	20	False	NA
chr6_7413197_7413198	chr6	7413197	7413198	71	True	39
chr6_7879751_7879752	chr6	7879751	7879752	0	False	NA
chr6_7883512_7883513	chr6	7883512	7883513	22	False	NA
chr6_7885431_7885432	chr6	7885431	7885432	0	False	NA
chr6_8098744_8098745	chr6	8098744	8098745	124	True	39
chr6_8428680_8428681	chr6	8428680	8428681	96	True	39
chr6_10707109_10707110	chr6	10707109	10707110	42	True	39
chr6_10766049_10766050	chr6	10766049	10766050	0	False	NA
chr6_10805134_10805135	chr6	10805134	10805135	0	False	NA
chr6_10882990_10882991	chr6	10882990	10882991	0	False	NA
chr6_10893605_10893606	chr6	10893605	10893606	0	False	NA
chr6_10927181_10927182	chr6	10927181	10927182	344	True	39
chr6_11111262_11111263	chr6	11111262	11111263	0	False	NA
chr6_11187466_11187467	chr6	11187466	11187467	221	True	39
chr6_12146051_12146052	chr6	12146051	12146052	39	False	NA
chr6_12162535_12162536	chr6	12162535	12162536	0	False	NA
chr6_12162539_12162540	chr6	12162539	12162540	0	False	NA
chr6_13281735_13281736	chr6	13281735	13281736	0	False	NA
chr6_13282530_13282531	chr6	13282530	13282531	0	False	NA
chr6_13282554_13282555	chr6	13282554	13282555	0	False	NA
chr6_13580309_13580310	chr6	13580309	13580310	40	True	39
chr6_13617163_13617164	chr6	13617163	13617164	74	True	39
chr6_13792254_13792255	chr6	13792254	13792255	16	False	NA
chr6_13976374_13976375	chr6	13976374	13976375	0	False	NA
chr6_15509429_15509430	chr6	15509429	15509430	321	True	39
chr6_16129735_16129736	chr6	16129735	16129736	401	True	39
chr6_16142862_16142863	chr6	16142862	16142863	117	True	39
chr6_17114798_17114799	chr6	17114798	17114799	0	False	NA
chr6_17551810_17551811	chr6	17551810	17551811	0	False	NA
chr6_17603068_17603069	chr6	17603068	17603069	23	False	NA
chr6_17644080_17644081	chr6	17644080	17644081	98	True	39
chr6_17780172_17780173	chr6	17780172	17780173	10	False	NA
chr6_17798505_17798506	chr6	17798505	17798506	34	False	NA
chr6_17804236_17804237	chr6	17804236	17804237	45	True	39
chr6_17807399_17807400	chr6	17807399	17807400	0	False	NA
chr6_17853520_17853521	chr6	17853520	17853521	147	True	39
chr6_18134209_18134210	chr6	18134209	18134210	5	False	NA
chr6_18139427_18139428	chr6	18139427	18139428	12	False	NA
chr6_18145591_18145592	chr6	18145591	18145592	0	False	NA
chr6_18148546_18148547	chr6	18148546	18148547	16	False	NA
chr6_18199514_18199515	chr6	18199514	18199515	7	False	NA
chr6_18208331_18208332	chr6	18208331	18208332	70	True	39
chr6_18212795_18212796	chr6	18212795	18212796	12	False	NA
chr6_18212799_18212800	chr6	18212799	18212800	12	False	NA
chr6_18252649_18252650	chr6	18252649	18252650	74	True	39
chr6_18457505_18457506	chr6	18457505	18457506	0	False	NA
chr6_20119000_20119001	chr6	20119000	20119001	5	False	NA
chr6_20125797_20125798	chr6	20125797	20125798	318	True	39
chr6_20126163_20126164	chr6	20126163	20126164	0	False	NA
chr6_20151262_20151263	chr6	20151262	20151263	50	True	39
chr6_20480675_20480676	chr6	20480675	20480676	36	False	NA
chr6_24467274_24467275	chr6	24467274	24467275	12	False	NA
chr6_24485073_24485074	chr6	24485073	24485074	0	False	NA
chr6_24552258_24552259	chr6	24552258	24552259	0	False	NA
chr6_24559233_24559234	chr6	24559233	24559234	0	False	NA
chr6_24579152_24579153	chr6	24579152	24579153	0	False	NA
chr6_24588352_24588353	chr6	24588352	24588353	0	False	NA
chr6_24712410_24712411	chr6	24712410	24712411	691	True	39
chr6_24775296_24775297	chr6	24775296	24775297	1144	True	39
chr6_24779933_24779934	chr6	24779933	24779934	505	True	39
chr6_24838141_24838142	chr6	24838141	24838142	0	False	NA
chr6_24849614_24849615	chr6	24849614	24849615	0	False	NA
chr6_24851427_24851428	chr6	24851427	24851428	0	False	NA
chr6_24866822_24866823	chr6	24866822	24866823	0	False	NA
chr6_25491946_25491947	chr6	25491946	25491947	42	True	39
chr6_25493816_25493817	chr6	25493816	25493817	0	False	NA
chr6_25517842_25517843	chr6	25517842	25517843	5	False	NA
chr6_25522625_25522626	chr6	25522625	25522626	0	False	NA
chr6_25768021_25768022	chr6	25768021	25768022	0	False	NA
chr6_25774897_25774898	chr6	25774897	25774898	0	False	NA
chr6_25854826_25854827	chr6	25854826	25854827	0	False	NA
chr6_25914449_25914450	chr6	25914449	25914450	13	False	NA
chr6_25969812_25969813	chr6	25969812	25969813	0	False	NA
chr6_26093682_26093683	chr6	26093682	26093683	0	False	NA
chr6_26386470_26386471	chr6	26386470	26386471	0	False	NA
chr6_26462249_26462250	chr6	26462249	26462250	14	False	NA
chr6_27455840_27455841	chr6	27455840	27455841	5	False	NA
chr6_27471173_27471174	chr6	27471173	27471174	5	False	NA
chr6_28276193_28276194	chr6	28276193	28276194	304	True	39
chr6_28383328_28383329	chr6	28383328	28383329	101	True	39
chr6_28438578_28438579	chr6	28438578	28438579	9	False	NA
chr6_28505802_28505803	chr6	28505802	28505803	0	False	NA
chr6_28532319_28532320	chr6	28532319	28532320	0	False	NA
chr6_28532590_28532591	chr6	28532590	28532591	0	False	NA
chr6_29427970_29427971	chr6	29427970	29427971	0	False	NA
chr6_29459368_29459369	chr6	29459368	29459369	0	False	NA
chr6_29941741_29941742	chr6	29941741	29941742	0	False	NA
chr6_30104815_30104816	chr6	30104815	30104816	0	False	NA
chr6_30170019_30170020	chr6	30170019	30170020	80	True	39
chr6_30332705_30332706	chr6	30332705	30332706	0	False	NA
chr6_30658861_30658862	chr6	30658861	30658862	0	False	NA
chr6_30714988_30714989	chr6	30714988	30714989	482	True	39
chr6_31627676_31627677	chr6	31627676	31627677	2983	True	39
chr6_31692577_31692578	chr6	31692577	31692578	222	True	39
chr6_31720249_31720250	chr6	31720249	31720250	0	False	NA
chr6_31761668_31761669	chr6	31761668	31761669	613	True	39
chr6_31786540_31786541	chr6	31786540	31786541	65	True	39
chr6_31867443_31867444	chr6	31867443	31867444	0	False	NA
chr6_31869257_31869258	chr6	31869257	31869258	0	False	NA
chr6_31888792_31888793	chr6	31888792	31888793	1120	True	39
chr6_31897328_31897329	chr6	31897328	31897329	913	True	39
chr6_32042606_32042607	chr6	32042606	32042607	102	True	39
chr6_32063618_32063619	chr6	32063618	32063619	0	False	NA
chr6_32087247_32087248	chr6	32087247	32087248	0	False	NA
chr6_32089971_32089972	chr6	32089971	32089972	0	False	NA
chr6_32121822_32121823	chr6	32121822	32121823	5	False	NA
chr6_32152562_32152563	chr6	32152562	32152563	6	False	NA
chr6_32178794_32178795	chr6	32178794	32178795	327	True	39
chr6_32196448_32196449	chr6	32196448	32196449	0	False	NA
chr6_32209178_32209179	chr6	32209178	32209179	0	False	NA
chr6_32219000_32219001	chr6	32219000	32219001	0	False	NA
chr6_32221750_32221751	chr6	32221750	32221751	0	False	NA
chr6_32222834_32222835	chr6	32222834	32222835	0	False	NA
chr6_32441626_32441627	chr6	32441626	32441627	0	False	NA
chr6_32970569_32970570	chr6	32970569	32970570	1031	True	39
chr6_33404477_33404478	chr6	33404477	33404478	337	True	39
chr6_33666184_33666185	chr6	33666184	33666185	0	False	NA
chr6_33685141_33685142	chr6	33685141	33685142	1135	True	39
chr6_33725988_33725989	chr6	33725988	33725989	0	False	NA
chr6_33726219_33726220	chr6	33726219	33726220	0	False	NA
chr6_33796394_33796395	chr6	33796394	33796395	0	False	NA
chr6_34649331_34649332	chr6	34649331	34649332	139	True	39
chr6_34855869_34855870	chr6	34855869	34855870	67	True	39
chr6_35293749_35293750	chr6	35293749	35293750	28	False	NA
chr6_35590441_35590442	chr6	35590441	35590442	27	False	NA
chr6_35640426_35640427	chr6	35640426	35640427	53	True	39
chr6_35944410_35944411	chr6	35944410	35944411	0	False	NA
chr6_35950843_35950844	chr6	35950843	35950844	0	False	NA
chr6_35967088_35967089	chr6	35967088	35967089	0	False	NA
chr6_35977061_35977062	chr6	35977061	35977062	0	False	NA
chr6_36075592_36075593	chr6	36075592	36075593	91	True	39
chr6_36103032_36103033	chr6	36103032	36103033	68	True	39
chr6_36199160_36199161	chr6	36199160	36199161	5	False	NA
chr6_36205419_36205420	chr6	36205419	36205420	83	True	39
chr6_36318094_36318095	chr6	36318094	36318095	0	False	NA
chr6_36334008_36334009	chr6	36334008	36334009	0	False	NA
chr6_36399992_36399993	chr6	36399992	36399993	0	False	NA
chr6_36520716_36520717	chr6	36520716	36520717	95	True	39
chr6_36748728_36748729	chr6	36748728	36748729	0	False	NA
chr6_36798396_36798397	chr6	36798396	36798397	0	False	NA
chr6_36799910_36799911	chr6	36799910	36799911	0	False	NA
chr6_36918726_36918727	chr6	36918726	36918727	262	True	39
chr6_37173661_37173662	chr6	37173661	37173662	1960	True	39
chr6_37283012_37283013	chr6	37283012	37283013	186	True	39
chr6_37288220_37288221	chr6	37288220	37288221	70	True	39
chr6_37380192_37380193	chr6	37380192	37380193	31	False	NA
chr6_37380194_37380195	chr6	37380194	37380195	31	False	NA
chr6_37478626_37478627	chr6	37478626	37478627	34	False	NA
chr6_38579291_38579292	chr6	38579291	38579292	0	False	NA
chr6_38595668_38595669	chr6	38595668	38595669	0	False	NA
chr6_38740353_38740354	chr6	38740353	38740354	29	False	NA
chr6_38753664_38753665	chr6	38753664	38753665	0	False	NA
chr6_38767764_38767765	chr6	38767764	38767765	5	False	NA
chr6_38773550_38773551	chr6	38773550	38773551	7	False	NA
chr6_38774392_38774393	chr6	38774392	38774393	68	True	39
chr6_38782516_38782517	chr6	38782516	38782517	23	False	NA
chr6_38783946_38783947	chr6	38783946	38783947	0	False	NA
chr6_38814787_38814788	chr6	38814787	38814788	15	False	NA
chr6_38817378_38817379	chr6	38817378	38817379	0	False	NA
chr6_38839026_38839027	chr6	38839026	38839027	0	False	NA
chr6_38847781_38847782	chr6	38847781	38847782	0	False	NA
chr6_38851439_38851440	chr6	38851439	38851440	0	False	NA
chr6_38862871_38862872	chr6	38862871	38862872	0	False	NA
chr6_38905695_38905696	chr6	38905695	38905696	0	False	NA
chr6_38930726_38930727	chr6	38930726	38930727	0	False	NA
chr6_38936582_38936583	chr6	38936582	38936583	0	False	NA
chr6_38942265_38942266	chr6	38942265	38942266	0	False	NA
chr6_38983916_38983917	chr6	38983916	38983917	0	False	NA
chr6_38987850_38987851	chr6	38987850	38987851	0	False	NA
chr6_39065097_39065098	chr6	39065097	39065098	0	False	NA
chr6_39337885_39337886	chr6	39337885	39337886	0	False	NA
chr6_39344056_39344057	chr6	39344056	39344057	0	False	NA
chr6_39864676_39864677	chr6	39864676	39864677	0	False	NA
chr6_41195652_41195653	chr6	41195652	41195653	0	False	NA
chr6_41341222_41341223	chr6	41341222	41341223	0	False	NA
chr6_41578192_41578193	chr6	41578192	41578193	1493	True	39
chr6_41584600_41584601	chr6	41584600	41584601	410	True	39
chr6_41652087_41652088	chr6	41652087	41652088	0	False	NA
chr6_41782161_41782162	chr6	41782161	41782162	0	False	NA
chr6_42073946_42073947	chr6	42073946	42073947	5	False	NA
chr6_42256581_42256582	chr6	42256581	42256582	0	False	NA
chr6_42592613_42592614	chr6	42592613	42592614	11	False	NA
chr6_42633316_42633317	chr6	42633316	42633317	88	True	39
chr6_42637948_42637949	chr6	42637948	42637949	101	True	39
chr6_42647939_42647940	chr6	42647939	42647940	298	True	39
chr6_42664481_42664482	chr6	42664481	42664482	31	False	NA
chr6_42689142_42689143	chr6	42689142	42689143	10	False	NA
chr6_42823398_42823399	chr6	42823398	42823399	11	False	NA
chr6_42856650_42856651	chr6	42856650	42856651	0	False	NA
chr6_42864551_42864552	chr6	42864551	42864552	42	True	39
chr6_43063330_43063331	chr6	43063330	43063331	56	True	39
chr6_43069386_43069387	chr6	43069386	43069387	5	False	NA
chr6_43201040_43201041	chr6	43201040	43201041	5	False	NA
chr6_43204931_43204932	chr6	43204931	43204932	209	True	39
chr6_43300516_43300517	chr6	43300516	43300517	64	True	39
chr6_43300549_43300550	chr6	43300549	43300550	266	True	39
chr6_43342468_43342469	chr6	43342468	43342469	202	True	39
chr6_43342470_43342471	chr6	43342470	43342471	199	True	39
chr6_43358111_43358112	chr6	43358111	43358112	0	False	NA
chr6_43499828_43499829	chr6	43499828	43499829	38	False	NA
chr6_43528974_43528975	chr6	43528974	43528975	352	True	39
chr6_43531387_43531388	chr6	43531387	43531388	107	True	39
chr6_43563793_43563794	chr6	43563793	43563794	73	True	39
chr6_43611214_43611215	chr6	43611214	43611215	5	False	NA
chr6_44137448_44137449	chr6	44137448	44137449	55	True	39
chr6_44152502_44152503	chr6	44152502	44152503	353	True	39
chr6_44169819_44169820	chr6	44169819	44169820	0	False	NA
chr6_44287189_44287190	chr6	44287189	44287190	0	False	NA
chr6_44307928_44307929	chr6	44307928	44307929	215	True	39
chr6_45546135_45546136	chr6	45546135	45546136	0	False	NA
chr6_46140614_46140615	chr6	46140614	46140615	0	False	NA
chr6_46166858_46166859	chr6	46166858	46166859	0	False	NA
chr6_46248061_46248062	chr6	46248061	46248062	0	False	NA
chr6_46552156_46552157	chr6	46552156	46552157	0	False	NA
chr6_46658527_46658528	chr6	46658527	46658528	42	True	39
chr6_46707553_46707554	chr6	46707553	46707554	0	False	NA
chr6_46854709_46854710	chr6	46854709	46854710	0	False	NA
chr6_46854714_46854715	chr6	46854714	46854715	0	False	NA
chr6_46880102_46880103	chr6	46880102	46880103	0	False	NA
chr6_47023737_47023738	chr6	47023737	47023738	0	False	NA
chr6_47028152_47028153	chr6	47028152	47028153	0	False	NA
chr6_47285395_47285396	chr6	47285395	47285396	190	True	39
chr6_47575205_47575206	chr6	47575205	47575206	119	True	39
chr6_47711056_47711057	chr6	47711056	47711057	5	False	NA
chr6_47712978_47712979	chr6	47712978	47712979	5	False	NA
chr6_47719276_47719277	chr6	47719276	47719277	0	False	NA
chr6_47811388_47811389	chr6	47811388	47811389	0	False	NA
chr6_49452986_49452987	chr6	49452986	49452987	0	False	NA
chr6_49464754_49464755	chr6	49464754	49464755	36	False	NA
chr6_49516507_49516508	chr6	49516507	49516508	0	False	NA
chr6_49516557_49516558	chr6	49516557	49516558	0	False	NA
chr6_49524118_49524119	chr6	49524118	49524119	0	False	NA
chr6_49617085_49617086	chr6	49617085	49617086	203	True	39
chr6_49693016_49693017	chr6	49693016	49693017	0	False	NA
chr6_49730780_49730781	chr6	49730780	49730781	0	False	NA
chr6_49733971_49733972	chr6	49733971	49733972	0	False	NA
chr6_49838158_49838159	chr6	49838158	49838159	0	False	NA
chr6_49840097_49840098	chr6	49840097	49840098	0	False	NA
chr6_50821476_50821477	chr6	50821476	50821477	0	False	NA
chr6_51774818_51774819	chr6	51774818	51774819	0	False	NA
chr6_51831748_51831749	chr6	51831748	51831749	0	False	NA
chr6_51855134_51855135	chr6	51855134	51855135	0	False	NA
chr6_51904383_51904384	chr6	51904383	51904384	0	False	NA
chr6_52022436_52022437	chr6	52022436	52022437	0	False	NA
chr6_52055429_52055430	chr6	52055429	52055430	0	False	NA
chr6_52069621_52069622	chr6	52069621	52069622	0	False	NA
chr6_52079411_52079412	chr6	52079411	52079412	0	False	NA
chr6_52466479_52466480	chr6	52466479	52466480	0	False	NA
chr6_52679768_52679769	chr6	52679768	52679769	0	False	NA
chr6_52983626_52983627	chr6	52983626	52983627	5	False	NA
chr6_53006604_53006605	chr6	53006604	53006605	14	False	NA
chr6_53010184_53010185	chr6	53010184	53010185	6	False	NA
chr6_53016666_53016667	chr6	53016666	53016667	0	False	NA
chr6_53033515_53033516	chr6	53033515	53033516	6	False	NA
chr6_53074993_53074994	chr6	53074993	53074994	10	False	NA
chr6_53080383_53080384	chr6	53080383	53080384	51	True	39
chr6_53081662_53081663	chr6	53081662	53081663	0	False	NA
chr6_53095947_53095948	chr6	53095947	53095948	0	False	NA
chr6_53148221_53148222	chr6	53148221	53148222	0	False	NA
chr6_53272606_53272607	chr6	53272606	53272607	13	False	NA
chr6_54001679_54001680	chr6	54001679	54001680	0	False	NA
chr6_54164387_54164388	chr6	54164387	54164388	0	False	NA
chr6_54265156_54265157	chr6	54265156	54265157	0	False	NA
chr6_54265746_54265747	chr6	54265746	54265747	0	False	NA
chr6_55280538_55280539	chr6	55280538	55280539	0	False	NA
chr6_55280869_55280870	chr6	55280869	55280870	0	False	NA
chr6_55352498_55352499	chr6	55352498	55352499	0	False	NA
chr6_55498114_55498115	chr6	55498114	55498115	0	False	NA
chr6_56163411_56163412	chr6	56163411	56163412	0	False	NA
chr6_56166320_56166321	chr6	56166320	56166321	0	False	NA
chr6_56167554_56167555	chr6	56167554	56167555	0	False	NA
chr6_56480472_56480473	chr6	56480472	56480473	22	False	NA
chr6_56533782_56533783	chr6	56533782	56533783	16	False	NA
chr6_56599580_56599581	chr6	56599580	56599581	0	False	NA
chr6_56628451_56628452	chr6	56628451	56628452	49	True	39
chr6_56641177_56641178	chr6	56641177	56641178	5	False	NA
chr6_57137257_57137258	chr6	57137257	57137258	170	True	39
chr6_57494342_57494343	chr6	57494342	57494343	5	False	NA
chr6_57495505_57495506	chr6	57495505	57495506	5	False	NA
chr6_57534183_57534184	chr6	57534183	57534184	0	False	NA
chr6_57534190_57534191	chr6	57534190	57534191	0	False	NA
chr6_61679500_61679501	chr6	61679500	61679501	0	False	NA
chr6_61679868_61679869	chr6	61679868	61679869	0	False	NA
chr6_63293653_63293654	chr6	63293653	63293654	0	False	NA
chr6_63693698_63693699	chr6	63693698	63693699	162	True	39
chr6_63701711_63701712	chr6	63701711	63701712	94	True	39
chr6_63704782_63704783	chr6	63704782	63704783	144	True	39
chr6_63705396_63705397	chr6	63705396	63705397	32	False	NA
chr6_64436696_64436697	chr6	64436696	64436697	0	False	NA
chr6_65402675_65402676	chr6	65402675	65402676	0	False	NA
chr6_68638066_68638067	chr6	68638066	68638067	21	False	NA
chr6_69015605_69015606	chr6	69015605	69015606	0	False	NA
chr6_69337780_69337781	chr6	69337780	69337781	0	False	NA
chr6_69698225_69698226	chr6	69698225	69698226	14	False	NA
chr6_69738401_69738402	chr6	69738401	69738402	32	False	NA
chr6_70034630_70034631	chr6	70034630	70034631	0	False	NA
chr6_70034635_70034636	chr6	70034635	70034636	0	False	NA
chr6_70135143_70135144	chr6	70135143	70135144	0	False	NA
chr6_70139669_70139670	chr6	70139669	70139670	0	False	NA
chr6_70143959_70143960	chr6	70143959	70143960	0	False	NA
chr6_70150405_70150406	chr6	70150405	70150406	0	False	NA
chr6_70154944_70154945	chr6	70154944	70154945	0	False	NA
chr6_70174675_70174676	chr6	70174675	70174676	0	False	NA
chr6_70188589_70188590	chr6	70188589	70188590	0	False	NA
chr6_70252401_70252402	chr6	70252401	70252402	0	False	NA
chr6_70264941_70264942	chr6	70264941	70264942	0	False	NA
chr6_70280622_70280623	chr6	70280622	70280623	0	False	NA
chr6_70300601_70300602	chr6	70300601	70300602	0	False	NA
chr6_70478551_70478552	chr6	70478551	70478552	6	False	NA
chr6_70535479_70535480	chr6	70535479	70535480	0	False	NA
chr6_70557887_70557888	chr6	70557887	70557888	20	False	NA
chr6_70837591_70837592	chr6	70837591	70837592	0	False	NA
chr6_72098617_72098618	chr6	72098617	72098618	0	False	NA
chr6_72251665_72251666	chr6	72251665	72251666	0	False	NA
chr6_73417100_73417101	chr6	73417100	73417101	0	False	NA
chr6_73478447_73478448	chr6	73478447	73478448	21	False	NA
chr6_73640501_73640502	chr6	73640501	73640502	0	False	NA
chr6_73765490_73765491	chr6	73765490	73765491	0	False	NA
chr6_73766429_73766430	chr6	73766429	73766430	0	False	NA
chr6_73807559_73807560	chr6	73807559	73807560	0	False	NA
chr6_73811991_73811992	chr6	73811991	73811992	0	False	NA
chr6_73819362_73819363	chr6	73819362	73819363	23	False	NA
chr6_75100201_75100202	chr6	75100201	75100202	0	False	NA
chr6_75105579_75105580	chr6	75105579	75105580	0	False	NA
chr6_75115384_75115385	chr6	75115384	75115385	0	False	NA
chr6_75116592_75116593	chr6	75116592	75116593	0	False	NA
chr6_75125072_75125073	chr6	75125072	75125073	0	False	NA
chr6_75127571_75127572	chr6	75127571	75127572	0	False	NA
chr6_75130015_75130016	chr6	75130015	75130016	0	False	NA
chr6_75205012_75205013	chr6	75205012	75205013	0	False	NA
chr6_75832017_75832018	chr6	75832017	75832018	0	False	NA
chr6_75837487_75837488	chr6	75837487	75837488	0	False	NA
chr6_75843001_75843002	chr6	75843001	75843002	0	False	NA
chr6_75856210_75856211	chr6	75856210	75856211	5	False	NA
chr6_75913420_75913421	chr6	75913420	75913421	55	True	39
chr6_75947919_75947920	chr6	75947919	75947920	0	False	NA
chr6_76022542_76022543	chr6	76022542	76022543	0	False	NA
chr6_78892958_78892959	chr6	78892958	78892959	0	False	NA
chr6_78943860_78943861	chr6	78943860	78943861	18	False	NA
chr6_78969955_78969956	chr6	78969955	78969956	553	True	39
chr6_78982421_78982422	chr6	78982421	78982422	21	False	NA
chr6_78989851_78989852	chr6	78989851	78989852	83	True	39
chr6_79023192_79023193	chr6	79023192	79023193	54	True	39
chr6_79921152_79921153	chr6	79921152	79921153	7	False	NA
chr6_79925340_79925341	chr6	79925340	79925341	0	False	NA
chr6_80009547_80009548	chr6	80009547	80009548	47	True	39
chr6_80033159_80033160	chr6	80033159	80033160	7	False	NA
chr6_80036959_80036960	chr6	80036959	80036960	72	True	39
chr6_82177052_82177053	chr6	82177052	82177053	140	True	39
chr6_83020906_83020907	chr6	83020906	83020907	39	False	NA
chr6_83126210_83126211	chr6	83126210	83126211	10	False	NA
chr6_83214819_83214820	chr6	83214819	83214820	0	False	NA
chr6_83346880_83346881	chr6	83346880	83346881	0	False	NA
chr6_83591707_83591708	chr6	83591707	83591708	0	False	NA
chr6_83595635_83595636	chr6	83595635	83595636	0	False	NA
chr6_83606363_83606364	chr6	83606363	83606364	0	False	NA
chr6_83659963_83659964	chr6	83659963	83659964	0	False	NA
chr6_83922029_83922030	chr6	83922029	83922030	31	False	NA
chr6_83936707_83936708	chr6	83936707	83936708	18	False	NA
chr6_83936910_83936911	chr6	83936910	83936911	13	False	NA
chr6_84148166_84148167	chr6	84148166	84148167	0	False	NA
chr6_84150830_84150831	chr6	84150830	84150831	0	False	NA
chr6_84150834_84150835	chr6	84150834	84150835	0	False	NA
chr6_84171106_84171107	chr6	84171106	84171107	16	False	NA
chr6_84171111_84171112	chr6	84171111	84171112	16	False	NA
chr6_84174416_84174417	chr6	84174416	84174417	0	False	NA
chr6_84215590_84215591	chr6	84215590	84215591	0	False	NA
chr6_84752664_84752665	chr6	84752664	84752665	8	False	NA
chr6_84756869_84756870	chr6	84756869	84756870	98	True	39
chr6_85533537_85533538	chr6	85533537	85533538	236	True	39
chr6_85623303_85623304	chr6	85623303	85623304	102	True	39
chr6_85642343_85642344	chr6	85642343	85642344	1599	True	39
chr6_87346973_87346974	chr6	87346973	87346974	35	False	NA
chr6_87359992_87359993	chr6	87359992	87359993	0	False	NA
chr6_87544473_87544474	chr6	87544473	87544474	256	True	39
chr6_87635114_87635115	chr6	87635114	87635115	16	False	NA
chr6_87679270_87679271	chr6	87679270	87679271	28	False	NA
chr6_89151597_89151598	chr6	89151597	89151598	0	False	NA
chr6_89337823_89337824	chr6	89337823	89337824	0	False	NA
chr6_89372032_89372033	chr6	89372032	89372033	6	False	NA
chr6_89381908_89381909	chr6	89381908	89381909	8	False	NA
chr6_89612185_89612186	chr6	89612185	89612186	0	False	NA
chr6_89780392_89780393	chr6	89780392	89780393	557	True	39
chr6_89859841_89859842	chr6	89859841	89859842	20	False	NA
chr6_90552221_90552222	chr6	90552221	90552222	370	True	39
chr6_90562473_90562474	chr6	90562473	90562474	60	True	39
chr6_93411593_93411594	chr6	93411593	93411594	0	False	NA
chr6_95601972_95601973	chr6	95601972	95601973	27	False	NA
chr6_96527046_96527047	chr6	96527046	96527047	6	False	NA
chr6_96541046_96541047	chr6	96541046	96541047	87	True	39
chr6_97166420_97166421	chr6	97166420	97166421	204	True	39
chr6_97167203_97167204	chr6	97167203	97167204	45	True	39
chr6_97179133_97179134	chr6	97179133	97179134	31	False	NA
chr6_97229576_97229577	chr6	97229576	97229577	35	False	NA
chr6_97233287_97233288	chr6	97233287	97233288	44	True	39
chr6_97253367_97253368	chr6	97253367	97253368	0	False	NA
chr6_98899765_98899766	chr6	98899765	98899766	140	True	39
chr6_99607751_99607752	chr6	99607751	99607752	0	False	NA
chr6_99943143_99943144	chr6	99943143	99943144	0	False	NA
chr6_100449699_100449700	chr6	100449699	100449700	0	False	NA
chr6_100514927_100514928	chr6	100514927	100514928	12	False	NA
chr6_100602480_100602481	chr6	100602480	100602481	6	False	NA
chr6_100639621_100639622	chr6	100639621	100639622	8	False	NA
chr6_100643691_100643692	chr6	100643691	100643692	43	True	39
chr6_100651921_100651922	chr6	100651921	100651922	94	True	39
chr6_100803853_100803854	chr6	100803853	100803854	34	False	NA
chr6_100866724_100866725	chr6	100866724	100866725	0	False	NA
chr6_101623383_101623384	chr6	101623383	101623384	0	False	NA
chr6_104730053_104730054	chr6	104730053	104730054	0	False	NA
chr6_104747244_104747245	chr6	104747244	104747245	10	False	NA
chr6_104957786_104957787	chr6	104957786	104957787	15	False	NA
chr6_105125578_105125579	chr6	105125578	105125579	0	False	NA
chr6_105284271_105284272	chr6	105284271	105284272	6	False	NA
chr6_105330170_105330171	chr6	105330170	105330171	0	False	NA
chr6_106090356_106090357	chr6	106090356	106090357	0	False	NA
chr6_106522553_106522554	chr6	106522553	106522554	0	False	NA
chr6_106523134_106523135	chr6	106523134	106523135	0	False	NA
chr6_106557341_106557342	chr6	106557341	106557342	11	False	NA
chr6_106559144_106559145	chr6	106559144	106559145	0	False	NA
chr6_106565475_106565476	chr6	106565475	106565476	0	False	NA
chr6_106586894_106586895	chr6	106586894	106586895	5	False	NA
chr6_106591196_106591197	chr6	106591196	106591197	0	False	NA
chr6_106656257_106656258	chr6	106656257	106656258	30	False	NA
chr6_107881978_107881979	chr6	107881978	107881979	12	False	NA
chr6_107905864_107905865	chr6	107905864	107905865	28	False	NA
chr6_107908504_107908505	chr6	107908504	107908505	45	True	39
chr6_108175445_108175446	chr6	108175445	108175446	0	False	NA
chr6_108185666_108185667	chr6	108185666	108185667	0	False	NA
chr6_108905212_108905213	chr6	108905212	108905213	0	False	NA
chr6_108911418_108911419	chr6	108911418	108911419	0	False	NA
chr6_108953967_108953968	chr6	108953967	108953968	0	False	NA
chr6_108997181_108997182	chr6	108997181	108997182	5	False	NA
chr6_108999742_108999743	chr6	108999742	108999743	22	False	NA
chr6_109145661_109145662	chr6	109145661	109145662	8	False	NA
chr6_109432308_109432309	chr6	109432308	109432309	0	False	NA
chr6_109794431_109794432	chr6	109794431	109794432	0	False	NA
chr6_110110312_110110313	chr6	110110312	110110313	0	False	NA
chr6_110193736_110193737	chr6	110193736	110193737	6	False	NA
chr6_110194303_110194304	chr6	110194303	110194304	16	False	NA
chr6_110225663_110225664	chr6	110225663	110225664	24	False	NA
chr6_110407146_110407147	chr6	110407146	110407147	0	False	NA
chr6_110409050_110409051	chr6	110409050	110409051	0	False	NA
chr6_110623656_110623657	chr6	110623656	110623657	11	False	NA
chr6_111006084_111006085	chr6	111006084	111006085	41	True	39
chr6_111332894_111332895	chr6	111332894	111332895	41	True	39
chr6_111380991_111380992	chr6	111380991	111380992	42	True	39
chr6_111383993_111383994	chr6	111383993	111383994	170	True	39
chr6_111412247_111412248	chr6	111412247	111412248	240	True	39
chr6_111696927_111696928	chr6	111696927	111696928	46	True	39
chr6_111705280_111705281	chr6	111705280	111705281	11	False	NA
chr6_112065069_112065070	chr6	112065069	112065070	0	False	NA
chr6_112065076_112065077	chr6	112065076	112065077	0	False	NA
chr6_112073673_112073674	chr6	112073673	112073674	24	False	NA
chr6_112080439_112080440	chr6	112080439	112080440	7	False	NA
chr6_112143952_112143953	chr6	112143952	112143953	0	False	NA
chr6_112146684_112146685	chr6	112146684	112146685	0	False	NA
chr6_112157468_112157469	chr6	112157468	112157469	7	False	NA
chr6_112188107_112188108	chr6	112188107	112188108	0	False	NA
chr6_112203932_112203933	chr6	112203932	112203933	0	False	NA
chr6_113943233_113943234	chr6	113943233	113943234	49	True	39
chr6_116514341_116514342	chr6	116514341	116514342	0	False	NA
chr6_116584692_116584693	chr6	116584692	116584693	296	True	39
chr6_116592201_116592202	chr6	116592201	116592202	6	False	NA
chr6_116631753_116631754	chr6	116631753	116631754	0	False	NA
chr6_116729363_116729364	chr6	116729363	116729364	41	True	39
chr6_116731947_116731948	chr6	116731947	116731948	0	False	NA
chr6_116915905_116915906	chr6	116915905	116915906	0	False	NA
chr6_116916933_116916934	chr6	116916933	116916934	0	False	NA
chr6_116916947_116916948	chr6	116916947	116916948	0	False	NA
chr6_116925297_116925298	chr6	116925297	116925298	0	False	NA
chr6_116930940_116930941	chr6	116930940	116930941	0	False	NA
chr6_117338694_117338695	chr6	117338694	117338695	0	False	NA
chr6_117355027_117355028	chr6	117355027	117355028	0	False	NA
chr6_117362141_117362142	chr6	117362141	117362142	0	False	NA
chr6_117364796_117364797	chr6	117364796	117364797	0	False	NA
chr6_117380153_117380154	chr6	117380153	117380154	0	False	NA
chr6_117385078_117385079	chr6	117385078	117385079	0	False	NA
chr6_117393648_117393649	chr6	117393648	117393649	0	False	NA
chr6_117406340_117406341	chr6	117406340	117406341	0	False	NA
chr6_117413622_117413623	chr6	117413622	117413623	0	False	NA
chr6_117520901_117520902	chr6	117520901	117520902	10	False	NA
chr6_117693598_117693599	chr6	117693598	117693599	27	False	NA
chr6_117705987_117705988	chr6	117705987	117705988	93	True	39
chr6_117706677_117706678	chr6	117706677	117706678	22	False	NA
chr6_118267452_118267453	chr6	118267452	118267453	0	False	NA
chr6_118278303_118278304	chr6	118278303	118278304	13	False	NA
chr6_118281652_118281653	chr6	118281652	118281653	0	False	NA
chr6_118483198_118483199	chr6	118483198	118483199	50	True	39
chr6_118486916_118486917	chr6	118486916	118486917	10	False	NA
chr6_118974714_118974715	chr6	118974714	118974715	0	False	NA
chr6_118976735_118976736	chr6	118976735	118976736	16	False	NA
chr6_118979780_118979781	chr6	118979780	118979781	0	False	NA
chr6_119004678_119004679	chr6	119004678	119004679	0	False	NA
chr6_119016495_119016496	chr6	119016495	119016496	0	False	NA
chr6_121111994_121111995	chr6	121111994	121111995	160	True	39
chr6_121299728_121299729	chr6	121299728	121299729	0	False	NA
chr6_121306132_121306133	chr6	121306132	121306133	6	False	NA
chr6_121314564_121314565	chr6	121314564	121314565	7	False	NA
chr6_121321310_121321311	chr6	121321310	121321311	0	False	NA
chr6_122451169_122451170	chr6	122451169	122451170	130	True	39
chr6_122473263_122473264	chr6	122473263	122473264	0	False	NA
chr6_122799256_122799257	chr6	122799256	122799257	0	False	NA
chr6_122801636_122801637	chr6	122801636	122801637	0	False	NA
chr6_122804429_122804430	chr6	122804429	122804430	0	False	NA
chr6_123050310_123050311	chr6	123050310	123050311	0	False	NA
chr6_123055093_123055094	chr6	123055093	123055094	0	False	NA
chr6_123268537_123268538	chr6	123268537	123268538	0	False	NA
chr6_123386461_123386462	chr6	123386461	123386462	0	False	NA
chr6_123508545_123508546	chr6	123508545	123508546	0	False	NA
chr6_123515833_123515834	chr6	123515833	123515834	0	False	NA
chr6_125986878_125986879	chr6	125986878	125986879	153	True	39
chr6_125998473_125998474	chr6	125998473	125998474	203	True	39
chr6_126010628_126010629	chr6	126010628	126010629	430	True	39
chr6_126011576_126011577	chr6	126011576	126011577	30	False	NA
chr6_126346806_126346807	chr6	126346806	126346807	70	True	39
chr6_127448100_127448101	chr6	127448100	127448101	0	False	NA
chr6_127574047_127574048	chr6	127574047	127574048	0	False	NA
chr6_129148795_129148796	chr6	129148795	129148796	0	False	NA
chr6_129153566_129153567	chr6	129153566	129153567	0	False	NA
chr6_129253891_129253892	chr6	129253891	129253892	0	False	NA
chr6_129281403_129281404	chr6	129281403	129281404	0	False	NA
chr6_129289814_129289815	chr6	129289814	129289815	0	False	NA
chr6_129317173_129317174	chr6	129317173	129317174	0	False	NA
chr6_129343467_129343468	chr6	129343467	129343468	0	False	NA
chr6_129450877_129450878	chr6	129450877	129450878	0	False	NA
chr6_129582294_129582295	chr6	129582294	129582295	94	True	39
chr6_129638946_129638947	chr6	129638946	129638947	13	False	NA
chr6_129832754_129832755	chr6	129832754	129832755	0	False	NA
chr6_130054174_130054175	chr6	130054174	130054175	8	False	NA
chr6_130061794_130061795	chr6	130061794	130061795	0	False	NA
chr6_130079833_130079834	chr6	130079833	130079834	0	False	NA
chr6_130093895_130093896	chr6	130093895	130093896	0	False	NA
chr6_130093899_130093900	chr6	130093899	130093900	0	False	NA
chr6_130866111_130866112	chr6	130866111	130866112	30	False	NA
chr6_130875339_130875340	chr6	130875339	130875340	200	True	39
chr6_130902598_130902599	chr6	130902598	130902599	6	False	NA
chr6_131160680_131160681	chr6	131160680	131160681	0	False	NA
chr6_131166341_131166342	chr6	131166341	131166342	0	False	NA
chr6_131575965_131575966	chr6	131575965	131575966	0	False	NA
chr6_131580722_131580723	chr6	131580722	131580723	0	False	NA
chr6_131606288_131606289	chr6	131606288	131606289	475	True	39
chr6_131607773_131607774	chr6	131607773	131607774	99	True	39
chr6_131614069_131614070	chr6	131614069	131614070	150	True	39
chr6_131622447_131622448	chr6	131622447	131622448	126	True	39
chr6_131635674_131635675	chr6	131635674	131635675	1472	True	39
chr6_131644202_131644203	chr6	131644202	131644203	0	False	NA
chr6_131685102_131685103	chr6	131685102	131685103	0	False	NA
chr6_131691694_131691695	chr6	131691694	131691695	174	True	39
chr6_131848405_131848406	chr6	131848405	131848406	8	False	NA
chr6_131849101_131849102	chr6	131849101	131849102	118	True	39
chr6_131850178_131850179	chr6	131850178	131850179	91	True	39
chr6_131860148_131860149	chr6	131860148	131860149	23	False	NA
chr6_131881070_131881071	chr6	131881070	131881071	24	False	NA
chr6_131886030_131886031	chr6	131886030	131886031	5	False	NA
chr6_131886408_131886409	chr6	131886408	131886409	67	True	39
chr6_131886418_131886419	chr6	131886418	131886419	67	True	39
chr6_132316974_132316975	chr6	132316974	132316975	0	False	NA
chr6_132325968_132325969	chr6	132325968	132325969	0	False	NA
chr6_132693604_132693605	chr6	132693604	132693605	0	False	NA
chr6_132713538_132713539	chr6	132713538	132713539	0	False	NA
chr6_132781425_132781426	chr6	132781425	132781426	11	False	NA
chr6_132816370_132816371	chr6	132816370	132816371	1082	True	39
chr6_133457415_133457416	chr6	133457415	133457416	76	True	39
chr6_133463039_133463040	chr6	133463039	133463040	0	False	NA
chr6_133467066_133467067	chr6	133467066	133467067	10	False	NA
chr6_134930121_134930122	chr6	134930121	134930122	0	False	NA
chr6_134939064_134939065	chr6	134939064	134939065	5	False	NA
chr6_134943129_134943130	chr6	134943129	134943130	0	False	NA
chr6_135446661_135446662	chr6	135446661	135446662	9	False	NA
chr6_136175082_136175083	chr6	136175082	136175083	9	False	NA
chr6_136184157_136184158	chr6	136184157	136184158	0	False	NA
chr6_136247021_136247022	chr6	136247021	136247022	0	False	NA
chr6_136248326_136248327	chr6	136248326	136248327	5	False	NA
chr6_136270547_136270548	chr6	136270547	136270548	1231	True	39
chr6_136284888_136284889	chr6	136284888	136284889	472	True	39
chr6_136357988_136357989	chr6	136357988	136357989	15	False	NA
chr6_136361216_136361217	chr6	136361216	136361217	14	False	NA
chr6_136618882_136618883	chr6	136618882	136618883	0	False	NA
chr6_136640806_136640807	chr6	136640806	136640807	0	False	NA
chr6_136694565_136694566	chr6	136694565	136694566	5	False	NA
chr6_136699587_136699588	chr6	136699587	136699588	10	False	NA
chr6_136867411_136867412	chr6	136867411	136867412	0	False	NA
chr6_137010529_137010530	chr6	137010529	137010530	0	False	NA
chr6_137152878_137152879	chr6	137152878	137152879	0	False	NA
chr6_137200286_137200287	chr6	137200286	137200287	70	True	39
chr6_138237764_138237765	chr6	138237764	138237765	0	False	NA
chr6_138300028_138300029	chr6	138300028	138300029	0	False	NA
chr6_138319671_138319672	chr6	138319671	138319672	5	False	NA
chr6_138324425_138324426	chr6	138324425	138324426	0	False	NA
chr6_138332414_138332415	chr6	138332414	138332415	0	False	NA
chr6_138335401_138335402	chr6	138335401	138335402	0	False	NA
chr6_138404673_138404674	chr6	138404673	138404674	89	True	39
chr6_138782517_138782518	chr6	138782517	138782518	154	True	39
chr6_138813758_138813759	chr6	138813758	138813759	0	False	NA
chr6_138872945_138872946	chr6	138872945	138872946	0	False	NA
chr6_138910233_138910234	chr6	138910233	138910234	27	False	NA
chr6_138917243_138917244	chr6	138917243	138917244	93	True	39
chr6_138946456_138946457	chr6	138946456	138946457	27	False	NA
chr6_139040784_139040785	chr6	139040784	139040785	0	False	NA
chr6_139259364_139259365	chr6	139259364	139259365	0	False	NA
chr6_142195295_142195296	chr6	142195295	142195296	32	False	NA
chr6_142399363_142399364	chr6	142399363	142399364	373	True	39
chr6_142760818_142760819	chr6	142760818	142760819	0	False	NA
chr6_142767089_142767090	chr6	142767089	142767090	0	False	NA
chr6_143464610_143464611	chr6	143464610	143464611	0	False	NA
chr6_143466395_143466396	chr6	143466395	143466396	18	False	NA
chr6_143472419_143472420	chr6	143472419	143472420	69	True	39
chr6_143768695_143768696	chr6	143768695	143768696	0	False	NA
chr6_143861664_143861665	chr6	143861664	143861665	82	True	39
chr6_144454520_144454521	chr6	144454520	144454521	58	True	39
chr6_144460971_144460972	chr6	144460971	144460972	172	True	39
chr6_144474439_144474440	chr6	144474439	144474440	0	False	NA
chr6_144515360_144515361	chr6	144515360	144515361	10	False	NA
chr6_144524856_144524857	chr6	144524856	144524857	155	True	39
chr6_144532872_144532873	chr6	144532872	144532873	161	True	39
chr6_144548479_144548480	chr6	144548479	144548480	55	True	39
chr6_144553002_144553003	chr6	144553002	144553003	12	False	NA
chr6_144771735_144771736	chr6	144771735	144771736	5	False	NA
chr6_144789487_144789488	chr6	144789487	144789488	74	True	39
chr6_145888679_145888680	chr6	145888679	145888680	177	True	39
chr6_145911720_145911721	chr6	145911720	145911721	0	False	NA
chr6_146728385_146728386	chr6	146728385	146728386	0	False	NA
chr6_146736397_146736398	chr6	146736397	146736398	0	False	NA
chr6_146736749_146736750	chr6	146736749	146736750	0	False	NA
chr6_147263695_147263696	chr6	147263695	147263696	114	True	39
chr6_147266105_147266106	chr6	147266105	147266106	180	True	39
chr6_147298832_147298833	chr6	147298832	147298833	723	True	39
chr6_147318463_147318464	chr6	147318463	147318464	39	False	NA
chr6_147357335_147357336	chr6	147357335	147357336	40	True	39
chr6_147734861_147734862	chr6	147734861	147734862	210	True	39
chr6_148542179_148542180	chr6	148542179	148542180	0	False	NA
chr6_149519441_149519442	chr6	149519441	149519442	82	True	39
chr6_149532115_149532116	chr6	149532115	149532116	28	False	NA
chr6_149573564_149573565	chr6	149573564	149573565	74	True	39
chr6_149678599_149678600	chr6	149678599	149678600	103	True	39
chr6_149680666_149680667	chr6	149680666	149680667	312	True	39
chr6_149701491_149701492	chr6	149701491	149701492	25	False	NA
chr6_149728378_149728379	chr6	149728378	149728379	910	True	39
chr6_149735711_149735712	chr6	149735711	149735712	220	True	39
chr6_149738972_149738973	chr6	149738972	149738973	18	False	NA
chr6_149917103_149917104	chr6	149917103	149917104	0	False	NA
chr6_150066359_150066360	chr6	150066359	150066360	0	False	NA
chr6_150390864_150390865	chr6	150390864	150390865	0	False	NA
chr6_150392946_150392947	chr6	150392946	150392947	0	False	NA
chr6_150603567_150603568	chr6	150603567	150603568	0	False	NA
chr6_150625298_150625299	chr6	150625298	150625299	0	False	NA
chr6_151035154_151035155	chr6	151035154	151035155	0	False	NA
chr6_151371985_151371986	chr6	151371985	151371986	0	False	NA
chr6_151425821_151425822	chr6	151425821	151425822	0	False	NA
chr6_151427679_151427680	chr6	151427679	151427680	46	True	39
chr6_151540225_151540226	chr6	151540225	151540226	0	False	NA
chr6_151547973_151547974	chr6	151547973	151547974	0	False	NA
chr6_152131777_152131778	chr6	152131777	152131778	0	False	NA
chr6_152132777_152132778	chr6	152132777	152132778	0	False	NA
chr6_152279455_152279456	chr6	152279455	152279456	5	False	NA
chr6_152313811_152313812	chr6	152313811	152313812	0	False	NA
chr6_152345331_152345332	chr6	152345331	152345332	0	False	NA
chr6_152375721_152375722	chr6	152375721	152375722	0	False	NA
chr6_152385861_152385862	chr6	152385861	152385862	0	False	NA
chr6_152393201_152393202	chr6	152393201	152393202	0	False	NA
chr6_152395906_152395907	chr6	152395906	152395907	0	False	NA
chr6_152429157_152429158	chr6	152429157	152429158	0	False	NA
chr6_152431181_152431182	chr6	152431181	152431182	0	False	NA
chr6_152439964_152439965	chr6	152439964	152439965	0	False	NA
chr6_152459578_152459579	chr6	152459578	152459579	0	False	NA
chr6_152461855_152461856	chr6	152461855	152461856	0	False	NA
chr6_153025953_153025954	chr6	153025953	153025954	0	False	NA
chr6_154407055_154407056	chr6	154407055	154407056	176	True	39
chr6_154424716_154424717	chr6	154424716	154424717	5	False	NA
chr6_154430900_154430901	chr6	154430900	154430901	23	False	NA
chr6_154792589_154792590	chr6	154792589	154792590	272	True	39
chr6_154792594_154792595	chr6	154792594	154792595	272	True	39
chr6_154825332_154825333	chr6	154825332	154825333	27	False	NA
chr6_154825790_154825791	chr6	154825790	154825791	32	False	NA
chr6_154829913_154829914	chr6	154829913	154829914	18	False	NA
chr6_155132929_155132930	chr6	155132929	155132930	0	False	NA
chr6_155181087_155181088	chr6	155181087	155181088	0	False	NA
chr6_155409460_155409461	chr6	155409460	155409461	0	False	NA
chr6_155433263_155433264	chr6	155433263	155433264	0	False	NA
chr6_155453907_155453908	chr6	155453907	155453908	0	False	NA
chr6_157196468_157196469	chr6	157196468	157196469	10	False	NA
chr6_157200112_157200113	chr6	157200112	157200113	0	False	NA
chr6_157404306_157404307	chr6	157404306	157404307	48	True	39
chr6_157922124_157922125	chr6	157922124	157922125	23	False	NA
chr6_158061254_158061255	chr6	158061254	158061255	460	True	39
chr6_158062220_158062221	chr6	158062220	158062221	1038	True	39
chr6_158115530_158115531	chr6	158115530	158115531	0	False	NA
chr6_158117956_158117957	chr6	158117956	158117957	0	False	NA
chr6_158149869_158149870	chr6	158149869	158149870	7	False	NA
chr6_158437756_158437757	chr6	158437756	158437757	0	False	NA
chr6_158449327_158449328	chr6	158449327	158449328	18	False	NA
chr6_158584313_158584314	chr6	158584313	158584314	81	True	39
chr6_158607199_158607200	chr6	158607199	158607200	1865	True	39
chr6_158626054_158626055	chr6	158626054	158626055	2790	True	38
chr6_158626340_158626341	chr6	158626340	158626341	3469	True	38
chr6_158629977_158629978	chr6	158629977	158629978	971	True	39
chr6_158663624_158663625	chr6	158663624	158663625	0	False	NA
chr6_158786566_158786567	chr6	158786566	158786567	162	True	39
chr6_158985018_158985019	chr6	158985018	158985019	0	False	NA
chr6_159250724_159250725	chr6	159250724	159250725	0	False	NA
chr6_159251211_159251212	chr6	159251211	159251212	0	False	NA
chr6_159251215_159251216	chr6	159251215	159251216	0	False	NA
chr6_159764268_159764269	chr6	159764268	159764269	28	False	NA
chr6_159778480_159778481	chr6	159778480	159778481	0	False	NA
chr6_159783227_159783228	chr6	159783227	159783228	265	True	39
chr6_159900486_159900487	chr6	159900486	159900487	0	False	NA
chr6_160026680_160026681	chr6	160026680	160026681	34	False	NA
chr6_160043780_160043781	chr6	160043780	160043781	52	True	39
chr6_160057797_160057798	chr6	160057797	160057798	83	True	39
chr6_160087432_160087433	chr6	160087432	160087433	34	False	NA
chr6_160103048_160103049	chr6	160103048	160103049	12	False	NA
chr6_160133818_160133819	chr6	160133818	160133819	44	True	39
chr6_160407975_160407976	chr6	160407975	160407976	5	False	NA
chr6_160449341_160449342	chr6	160449341	160449342	7	False	NA
chr6_160532311_160532312	chr6	160532311	160532312	0	False	NA
chr6_160537515_160537516	chr6	160537515	160537516	0	False	NA
chr6_160540407_160540408	chr6	160540407	160540408	0	False	NA
chr6_160547172_160547173	chr6	160547172	160547173	0	False	NA
chr6_160557010_160557011	chr6	160557010	160557011	0	False	NA
chr6_160721153_160721154	chr6	160721153	160721154	0	False	NA
chr6_160731415_160731416	chr6	160731415	160731416	5	False	NA
chr6_160734481_160734482	chr6	160734481	160734482	8	False	NA
chr6_160741061_160741062	chr6	160741061	160741062	0	False	NA
chr6_161097689_161097690	chr6	161097689	161097690	409	True	39
chr6_161098106_161098107	chr6	161098106	161098107	63	True	39
chr6_161116492_161116493	chr6	161116492	161116493	18	False	NA
chr6_161147038_161147039	chr6	161147038	161147039	10	False	NA
chr6_165337346_165337347	chr6	165337346	165337347	0	False	NA
chr6_166326595_166326596	chr6	166326595	166326596	323	True	39
chr6_166418498_166418499	chr6	166418498	166418499	0	False	NA
chr6_166419452_166419453	chr6	166419452	166419453	0	False	NA
chr6_166464912_166464913	chr6	166464912	166464913	9	False	NA
chr6_167015519_167015520	chr6	167015519	167015520	879	True	39
chr6_167036255_167036256	chr6	167036255	167036256	99	True	39
chr6_167295104_167295105	chr6	167295104	167295105	5	False	NA
chr6_167295108_167295109	chr6	167295108	167295109	5	False	NA
chr6_167297195_167297196	chr6	167297195	167297196	53	True	39
chr6_167299989_167299990	chr6	167299989	167299990	111	True	39
chr6_167897046_167897047	chr6	167897046	167897047	696	True	39
chr6_167909695_167909696	chr6	167909695	167909696	175	True	39
chr6_167920121_167920122	chr6	167920121	167920122	1080	True	39
chr6_167944246_167944247	chr6	167944246	167944247	97	True	39
chr6_167949216_167949217	chr6	167949216	167949217	0	False	NA
chr6_168042274_168042275	chr6	168042274	168042275	0	False	NA
chr6_168312160_168312161	chr6	168312160	168312161	0	False	NA
chr6_169249313_169249314	chr6	169249313	169249314	0	False	NA
chr6_169634185_169634186	chr6	169634185	169634186	10	False	NA
chr6_169718401_169718402	chr6	169718401	169718402	83	True	39
chr6_169743392_169743393	chr6	169743392	169743393	0	False	NA
chr6_169745572_169745573	chr6	169745572	169745573	0	False	NA
chr6_169747058_169747059	chr6	169747058	169747059	0	False	NA
chr6_169763463_169763464	chr6	169763463	169763464	29	False	NA
chr6_170285699_170285700	chr6	170285699	170285700	0	False	NA
chr6_170390052_170390053	chr6	170390052	170390053	19	False	NA
chr6_170570207_170570208	chr6	170570207	170570208	447	True	39
chr7_740729_740730	chr7	740729	740730	323	True	39
chr7_757708_757709	chr7	757708	757709	23	False	NA
chr7_783183_783184	chr7	783183	783184	22	False	NA
chr7_841518_841519	chr7	841518	841519	28	False	NA
chr7_986181_986182	chr7	986181	986182	1884	True	39
chr7_986294_986295	chr7	986294	986295	1610	True	39
chr7_987617_987618	chr7	987617	987618	3706	True	29
chr7_988168_988169	chr7	988168	988169	2345	True	29
chr7_1448924_1448925	chr7	1448924	1448925	1591	True	39
chr7_1476952_1476953	chr7	1476952	1476953	173	True	39
chr7_1531079_1531080	chr7	1531079	1531080	1206	True	39
chr7_2263412_2263413	chr7	2263412	2263413	29	False	NA
chr7_2271335_2271336	chr7	2271335	2271336	5	False	NA
chr7_2355478_2355479	chr7	2355478	2355479	1398	True	39
chr7_2608201_2608202	chr7	2608201	2608202	0	False	NA
chr7_2639462_2639463	chr7	2639462	2639463	2037	True	39
chr7_2651590_2651591	chr7	2651590	2651591	162	True	39
chr7_2653470_2653471	chr7	2653470	2653471	18	False	NA
chr7_2659156_2659157	chr7	2659156	2659157	203	True	39
chr7_2937388_2937389	chr7	2937388	2937389	0	False	NA
chr7_2939399_2939400	chr7	2939399	2939400	0	False	NA
chr7_3968467_3968468	chr7	3968467	3968468	0	False	NA
chr7_4158915_4158916	chr7	4158915	4158916	0	False	NA
chr7_4207853_4207854	chr7	4207853	4207854	0	False	NA
chr7_5294313_5294314	chr7	5294313	5294314	0	False	NA
chr7_5315148_5315149	chr7	5315148	5315149	648	True	39
chr7_5322594_5322595	chr7	5322594	5322595	652	True	39
chr7_5530194_5530195	chr7	5530194	5530195	28877	True	1
chr7_5530224_5530225	chr7	5530224	5530225	28863	True	1
chr7_5727852_5727853	chr7	5727852	5727853	6	False	NA
chr7_6032750_6032751	chr7	6032750	6032751	0	False	NA
chr7_6044797_6044798	chr7	6044797	6044798	233	True	39
chr7_6052706_6052707	chr7	6052706	6052707	0	False	NA
chr7_6146936_6146937	chr7	6146936	6146937	0	False	NA
chr7_6158246_6158247	chr7	6158246	6158247	71	True	39
chr7_6388648_6388649	chr7	6388648	6388649	15	False	NA
chr7_6427272_6427273	chr7	6427272	6427273	29	False	NA
chr7_6433401_6433402	chr7	6433401	6433402	0	False	NA
chr7_6509548_6509549	chr7	6509548	6509549	0	False	NA
chr7_6516890_6516891	chr7	6516890	6516891	0	False	NA
chr7_6693656_6693657	chr7	6693656	6693657	59	True	39
chr7_7235816_7235817	chr7	7235816	7235817	328	True	39
chr7_7359746_7359747	chr7	7359746	7359747	0	False	NA
chr7_7371378_7371379	chr7	7371378	7371379	0	False	NA
chr7_7439798_7439799	chr7	7439798	7439799	0	False	NA
chr7_7535655_7535656	chr7	7535655	7535656	0	False	NA
chr7_7573834_7573835	chr7	7573834	7573835	115	True	39
chr7_7575120_7575121	chr7	7575120	7575121	10	False	NA
chr7_7606654_7606655	chr7	7606654	7606655	0	False	NA
chr7_8140184_8140185	chr7	8140184	8140185	0	False	NA
chr7_8141380_8141381	chr7	8141380	8141381	0	False	NA
chr7_10986738_10986739	chr7	10986738	10986739	6	False	NA
chr7_10992532_10992533	chr7	10992532	10992533	0	False	NA
chr7_11039796_11039797	chr7	11039796	11039797	53	True	39
chr7_11419627_11419628	chr7	11419627	11419628	0	False	NA
chr7_11446605_11446606	chr7	11446605	11446606	0	False	NA
chr7_11461563_11461564	chr7	11461563	11461564	0	False	NA
chr7_12217206_12217207	chr7	12217206	12217207	0	False	NA
chr7_12219975_12219976	chr7	12219975	12219976	0	False	NA
chr7_12337711_12337712	chr7	12337711	12337712	113	True	39
chr7_12352677_12352678	chr7	12352677	12352678	561	True	39
chr7_12366071_12366072	chr7	12366071	12366072	46	True	39
chr7_12538758_12538759	chr7	12538758	12538759	0	False	NA
chr7_13897852_13897853	chr7	13897852	13897853	0	False	NA
chr7_13908659_13908660	chr7	13908659	13908660	0	False	NA
chr7_14626247_14626248	chr7	14626247	14626248	0	False	NA
chr7_14694786_14694787	chr7	14694786	14694787	0	False	NA
chr7_15561665_15561666	chr7	15561665	15561666	0	False	NA
chr7_16533236_16533237	chr7	16533236	16533237	0	False	NA
chr7_16799083_16799084	chr7	16799083	16799084	0	False	NA
chr7_17340507_17340508	chr7	17340507	17340508	5	False	NA
chr7_17449462_17449463	chr7	17449462	17449463	0	False	NA
chr7_17801288_17801289	chr7	17801288	17801289	181	True	39
chr7_17802197_17802198	chr7	17802197	17802198	5	False	NA
chr7_17802203_17802204	chr7	17802203	17802204	5	False	NA
chr7_17818171_17818172	chr7	17818171	17818172	10	False	NA
chr7_17819962_17819963	chr7	17819962	17819963	36	False	NA
chr7_17829257_17829258	chr7	17829257	17829258	155	True	39
chr7_17833803_17833804	chr7	17833803	17833804	119	True	39
chr7_17848646_17848647	chr7	17848646	17848647	25	False	NA
chr7_17868681_17868682	chr7	17868681	17868682	51	True	39
chr7_17895869_17895870	chr7	17895869	17895870	12	False	NA
chr7_18585678_18585679	chr7	18585678	18585679	0	False	NA
chr7_18631316_18631317	chr7	18631316	18631317	0	False	NA
chr7_18645173_18645174	chr7	18645173	18645174	0	False	NA
chr7_18646727_18646728	chr7	18646727	18646728	0	False	NA
chr7_18648228_18648229	chr7	18648228	18648229	0	False	NA
chr7_19727722_19727723	chr7	19727722	19727723	0	False	NA
chr7_20402484_20402485	chr7	20402484	20402485	0	False	NA
chr7_20786386_20786387	chr7	20786386	20786387	0	False	NA
chr7_21560707_21560708	chr7	21560707	21560708	0	False	NA
chr7_21569664_21569665	chr7	21569664	21569665	0	False	NA
chr7_21617209_21617210	chr7	21617209	21617210	0	False	NA
chr7_21619522_21619523	chr7	21619522	21619523	0	False	NA
chr7_21684654_21684655	chr7	21684654	21684655	0	False	NA
chr7_21706698_21706699	chr7	21706698	21706699	0	False	NA
chr7_21715681_21715682	chr7	21715681	21715682	0	False	NA
chr7_21746991_21746992	chr7	21746991	21746992	0	False	NA
chr7_21786469_21786470	chr7	21786469	21786470	0	False	NA
chr7_21786594_21786595	chr7	21786594	21786595	0	False	NA
chr7_21787649_21787650	chr7	21787649	21787650	0	False	NA
chr7_21788027_21788028	chr7	21788027	21788028	0	False	NA
chr7_21816923_21816924	chr7	21816923	21816924	0	False	NA
chr7_21853410_21853411	chr7	21853410	21853411	0	False	NA
chr7_21893155_21893156	chr7	21893155	21893156	0	False	NA
chr7_21898739_21898740	chr7	21898739	21898740	0	False	NA
chr7_22154906_22154907	chr7	22154906	22154907	21	False	NA
chr7_22166702_22166703	chr7	22166702	22166703	11	False	NA
chr7_23146138_23146139	chr7	23146138	23146139	17	False	NA
chr7_23184989_23184990	chr7	23184989	23184990	45	True	39
chr7_23248595_23248596	chr7	23248595	23248596	0	False	NA
chr7_23260206_23260207	chr7	23260206	23260207	5	False	NA
chr7_23264285_23264286	chr7	23264285	23264286	0	False	NA
chr7_23266905_23266906	chr7	23266905	23266906	0	False	NA
chr7_23268422_23268423	chr7	23268422	23268423	0	False	NA
chr7_23313468_23313469	chr7	23313468	23313469	226	True	39
chr7_23318866_23318867	chr7	23318866	23318867	31	False	NA
chr7_23713726_23713727	chr7	23713726	23713727	0	False	NA
chr7_23729055_23729056	chr7	23729055	23729056	0	False	NA
chr7_23763194_23763195	chr7	23763194	23763195	0	False	NA
chr7_23783410_23783411	chr7	23783410	23783411	0	False	NA
chr7_23787487_23787488	chr7	23787487	23787488	0	False	NA
chr7_24290467_24290468	chr7	24290467	24290468	0	False	NA
chr7_24646316_24646317	chr7	24646316	24646317	64	True	39
chr7_24701333_24701334	chr7	24701333	24701334	0	False	NA
chr7_24841903_24841904	chr7	24841903	24841904	38	False	NA
chr7_24850107_24850108	chr7	24850107	24850108	78	True	39
chr7_25140059_25140060	chr7	25140059	25140060	12	False	NA
chr7_25154814_25154815	chr7	25154814	25154815	0	False	NA
chr7_25163448_25163449	chr7	25163448	25163449	0	False	NA
chr7_26206695_26206696	chr7	26206695	26206696	54	True	39
chr7_26361651_26361652	chr7	26361651	26361652	0	False	NA
chr7_26726054_26726055	chr7	26726054	26726055	22	False	NA
chr7_27786577_27786578	chr7	27786577	27786578	0	False	NA
chr7_27828510_27828511	chr7	27828510	27828511	104	True	39
chr7_29399124_29399125	chr7	29399124	29399125	6	False	NA
chr7_29511167_29511168	chr7	29511167	29511168	0	False	NA
chr7_30022217_30022218	chr7	30022217	30022218	72	True	39
chr7_30053319_30053320	chr7	30053319	30053320	0	False	NA
chr7_30430519_30430520	chr7	30430519	30430520	0	False	NA
chr7_30784585_30784586	chr7	30784585	30784586	0	False	NA
chr7_30838995_30838996	chr7	30838995	30838996	5	False	NA
chr7_30839562_30839563	chr7	30839562	30839563	0	False	NA
chr7_30840673_30840674	chr7	30840673	30840674	18	False	NA
chr7_30853227_30853228	chr7	30853227	30853228	0	False	NA
chr7_30975775_30975776	chr7	30975775	30975776	0	False	NA
chr7_31573443_31573444	chr7	31573443	31573444	0	False	NA
chr7_31821922_31821923	chr7	31821922	31821923	0	False	NA
chr7_31825757_31825758	chr7	31825757	31825758	0	False	NA
chr7_32552919_32552920	chr7	32552919	32552920	49	True	39
chr7_32557425_32557426	chr7	32557425	32557426	42	True	39
chr7_32994610_32994611	chr7	32994610	32994611	0	False	NA
chr7_33003740_33003741	chr7	33003740	33003741	69	True	39
chr7_33021692_33021693	chr7	33021692	33021693	96	True	39
chr7_33339883_33339884	chr7	33339883	33339884	0	False	NA
chr7_34054572_34054573	chr7	34054572	34054573	0	False	NA
chr7_34082707_34082708	chr7	34082707	34082708	0	False	NA
chr7_34829418_34829419	chr7	34829418	34829419	0	False	NA
chr7_34945370_34945371	chr7	34945370	34945371	0	False	NA
chr7_34953481_34953482	chr7	34953481	34953482	0	False	NA
chr7_34953485_34953486	chr7	34953485	34953486	0	False	NA
chr7_34958324_34958325	chr7	34958324	34958325	27	False	NA
chr7_34967990_34967991	chr7	34967990	34967991	5	False	NA
chr7_35016217_35016218	chr7	35016217	35016218	0	False	NA
chr7_35241596_35241597	chr7	35241596	35241597	6	False	NA
chr7_35249568_35249569	chr7	35249568	35249569	0	False	NA
chr7_35249572_35249573	chr7	35249572	35249573	0	False	NA
chr7_36411629_36411630	chr7	36411629	36411630	31	False	NA
chr7_36441531_36441532	chr7	36441531	36441532	367	True	39
chr7_36451809_36451810	chr7	36451809	36451810	22	False	NA
chr7_37315152_37315153	chr7	37315152	37315153	0	False	NA
chr7_37865003_37865004	chr7	37865003	37865004	0	False	NA
chr7_37867283_37867284	chr7	37867283	37867284	0	False	NA
chr7_37868991_37868992	chr7	37868991	37868992	0	False	NA
chr7_37885978_37885979	chr7	37885978	37885979	0	False	NA
chr7_38213382_38213383	chr7	38213382	38213383	0	False	NA
chr7_38393326_38393327	chr7	38393326	38393327	0	False	NA
chr7_38465025_38465026	chr7	38465025	38465026	0	False	NA
chr7_38727222_38727223	chr7	38727222	38727223	19	False	NA
chr7_38752120_38752121	chr7	38752120	38752121	755	True	39
chr7_38758959_38758960	chr7	38758959	38758960	11	False	NA
chr7_39567409_39567410	chr7	39567409	39567410	82	True	39
chr7_39688027_39688028	chr7	39688027	39688028	27	False	NA
chr7_40091588_40091589	chr7	40091588	40091589	5	False	NA
chr7_43316509_43316510	chr7	43316509	43316510	0	False	NA
chr7_43318960_43318961	chr7	43318960	43318961	0	False	NA
chr7_43443631_43443632	chr7	43443631	43443632	0	False	NA
chr7_43497153_43497154	chr7	43497153	43497154	0	False	NA
chr7_43621881_43621882	chr7	43621881	43621882	21	False	NA
chr7_43790319_43790320	chr7	43790319	43790320	10	False	NA
chr7_43797409_43797410	chr7	43797409	43797410	0	False	NA
chr7_44053563_44053564	chr7	44053563	44053564	14	False	NA
chr7_44054054_44054055	chr7	44054054	44054055	21	False	NA
chr7_44233973_44233974	chr7	44233973	44233974	0	False	NA
chr7_44389322_44389323	chr7	44389322	44389323	61	True	39
chr7_44533970_44533971	chr7	44533970	44533971	87	True	39
chr7_44796847_44796848	chr7	44796847	44796848	9754	True	14
chr7_45039534_45039535	chr7	45039534	45039535	79	True	C0
chr7_47284414_47284415	chr7	47284414	47284415	111	True	39
chr7_47293455_47293456	chr7	47293455	47293456	19	False	NA
chr7_47398670_47398671	chr7	47398670	47398671	0	False	NA
chr7_47415206_47415207	chr7	47415206	47415207	1031	True	39
chr7_47814920_47814921	chr7	47814920	47814921	0	False	NA
chr7_47826069_47826070	chr7	47826069	47826070	0	False	NA
chr7_47828295_47828296	chr7	47828295	47828296	0	False	NA
chr7_47848166_47848167	chr7	47848166	47848167	0	False	NA
chr7_47881283_47881284	chr7	47881283	47881284	0	False	NA
chr7_47903799_47903800	chr7	47903799	47903800	0	False	NA
chr7_47942753_47942754	chr7	47942753	47942754	0	False	NA
chr7_48043323_48043324	chr7	48043323	48043324	0	False	NA
chr7_48044552_48044553	chr7	48044552	48044553	0	False	NA
chr7_48051614_48051615	chr7	48051614	48051615	0	False	NA
chr7_48247709_48247710	chr7	48247709	48247710	0	False	NA
chr7_48280005_48280006	chr7	48280005	48280006	0	False	NA
chr7_48338183_48338184	chr7	48338183	48338184	0	False	NA
chr7_48373531_48373532	chr7	48373531	48373532	0	False	NA
chr7_48374700_48374701	chr7	48374700	48374701	0	False	NA
chr7_48484311_48484312	chr7	48484311	48484312	0	False	NA
chr7_48510287_48510288	chr7	48510287	48510288	0	False	NA
chr7_48517853_48517854	chr7	48517853	48517854	0	False	NA
chr7_48584459_48584460	chr7	48584459	48584460	0	False	NA
chr7_50090789_50090790	chr7	50090789	50090790	0	False	NA
chr7_50394357_50394358	chr7	50394357	50394358	46	True	39
chr7_50466683_50466684	chr7	50466683	50466684	0	False	NA
chr7_50473960_50473961	chr7	50473960	50473961	0	False	NA
chr7_50541645_50541646	chr7	50541645	50541646	0	False	NA
chr7_54753029_54753030	chr7	54753029	54753030	24	False	NA
chr7_54756289_54756290	chr7	54756289	54756290	50	True	39
chr7_55152121_55152122	chr7	55152121	55152122	0	False	NA
chr7_55155520_55155521	chr7	55155520	55155521	5	False	NA
chr7_55155828_55155829	chr7	55155828	55155829	18	False	NA
chr7_55160750_55160751	chr7	55160750	55160751	0	False	NA
chr7_55396256_55396257	chr7	55396256	55396257	0	False	NA
chr7_55799773_55799774	chr7	55799773	55799774	0	False	NA
chr7_55845153_55845154	chr7	55845153	55845154	0	False	NA
chr7_55862592_55862593	chr7	55862592	55862593	0	False	NA
chr7_55909344_55909345	chr7	55909344	55909345	0	False	NA
chr7_55983682_55983683	chr7	55983682	55983683	305	True	39
chr7_55997281_55997282	chr7	55997281	55997282	243	True	39
chr7_56013866_56013867	chr7	56013866	56013867	13	False	NA
chr7_56062495_56062496	chr7	56062495	56062496	337	True	39
chr7_56090689_56090690	chr7	56090689	56090690	0	False	NA
chr7_65963891_65963892	chr7	65963891	65963892	11	False	NA
chr7_66081076_66081077	chr7	66081076	66081077	37	False	NA
chr7_66796732_66796733	chr7	66796732	66796733	0	False	NA
chr7_66803469_66803470	chr7	66803469	66803470	10	False	NA
chr7_66806242_66806243	chr7	66806242	66806243	89	True	39
chr7_66948746_66948747	chr7	66948746	66948747	489	True	39
chr7_66951938_66951939	chr7	66951938	66951939	134	True	39
chr7_66955358_66955359	chr7	66955358	66955359	12	False	NA
chr7_66998480_66998481	chr7	66998480	66998481	0	False	NA
chr7_73304036_73304037	chr7	73304036	73304037	110	True	39
chr7_73341565_73341566	chr7	73341565	73341566	0	False	NA
chr7_73443091_73443092	chr7	73443091	73443092	11	False	NA
chr7_73445095_73445096	chr7	73445095	73445096	75	True	39
chr7_73447806_73447807	chr7	73447806	73447807	15	False	NA
chr7_73449689_73449690	chr7	73449689	73449690	1808	True	39
chr7_73459851_73459852	chr7	73459851	73459852	163	True	39
chr7_73496874_73496875	chr7	73496874	73496875	283	True	39
chr7_73595969_73595970	chr7	73595969	73595970	3671	True	39
chr7_74191080_74191081	chr7	74191080	74191081	456	True	39
chr7_74226706_74226707	chr7	74226706	74226707	0	False	NA
chr7_74236664_74236665	chr7	74236664	74236665	15	False	NA
chr7_74706061_74706062	chr7	74706061	74706062	47	True	39
chr7_74737550_74737551	chr7	74737550	74737551	0	False	NA
chr7_75055305_75055306	chr7	75055305	75055306	10	False	NA
chr7_75055311_75055312	chr7	75055311	75055312	10	False	NA
chr7_75883203_75883204	chr7	75883203	75883204	9	False	NA
chr7_75886320_75886321	chr7	75886320	75886321	38	False	NA
chr7_76006427_76006428	chr7	76006427	76006428	0	False	NA
chr7_76391746_76391747	chr7	76391746	76391747	0	False	NA
chr7_77275228_77275229	chr7	77275228	77275229	0	False	NA
chr7_77281307_77281308	chr7	77281307	77281308	0	False	NA
chr7_77357255_77357256	chr7	77357255	77357256	14	False	NA
chr7_77362112_77362113	chr7	77362112	77362113	6	False	NA
chr7_77607679_77607680	chr7	77607679	77607680	253	True	39
chr7_77927641_77927642	chr7	77927641	77927642	17	False	NA
chr7_78196059_78196060	chr7	78196059	78196060	0	False	NA
chr7_78197898_78197899	chr7	78197898	78197899	0	False	NA
chr7_80459991_80459992	chr7	80459991	80459992	0	False	NA
chr7_80486965_80486966	chr7	80486965	80486966	0	False	NA
chr7_80491745_80491746	chr7	80491745	80491746	0	False	NA
chr7_80794853_80794854	chr7	80794853	80794854	0	False	NA
chr7_80798692_80798693	chr7	80798692	80798693	5	False	NA
chr7_80799223_80799224	chr7	80799223	80799224	0	False	NA
chr7_80810100_80810101	chr7	80810100	80810101	0	False	NA
chr7_81704966_81704967	chr7	81704966	81704967	0	False	NA
chr7_81708347_81708348	chr7	81708347	81708348	0	False	NA
chr7_81719267_81719268	chr7	81719267	81719268	0	False	NA
chr7_81744520_81744521	chr7	81744520	81744521	0	False	NA
chr7_81994049_81994050	chr7	81994049	81994050	0	False	NA
chr7_82010475_82010476	chr7	82010475	82010476	0	False	NA
chr7_82062318_82062319	chr7	82062318	82062319	0	False	NA
chr7_82066066_82066067	chr7	82066066	82066067	0	False	NA
chr7_82759400_82759401	chr7	82759400	82759401	0	False	NA
chr7_82834315_82834316	chr7	82834315	82834316	0	False	NA
chr7_82836088_82836089	chr7	82836088	82836089	0	False	NA
chr7_82836117_82836118	chr7	82836117	82836118	0	False	NA
chr7_82840604_82840605	chr7	82840604	82840605	0	False	NA
chr7_82842864_82842865	chr7	82842864	82842865	0	False	NA
chr7_82908154_82908155	chr7	82908154	82908155	0	False	NA
chr7_83466701_83466702	chr7	83466701	83466702	0	False	NA
chr7_83962996_83962997	chr7	83962996	83962997	0	False	NA
chr7_83963004_83963005	chr7	83963004	83963005	0	False	NA
chr7_83984314_83984315	chr7	83984314	83984315	0	False	NA
chr7_84133790_84133791	chr7	84133790	84133791	6	False	NA
chr7_85016401_85016402	chr7	85016401	85016402	0	False	NA
chr7_85074275_85074276	chr7	85074275	85074276	0	False	NA
chr7_86909145_86909146	chr7	86909145	86909146	5	False	NA
chr7_86917603_86917604	chr7	86917603	86917604	0	False	NA
chr7_86918701_86918702	chr7	86918701	86918702	23	False	NA
chr7_86942440_86942441	chr7	86942440	86942441	63	True	39
chr7_86943148_86943149	chr7	86943148	86943149	20	False	NA
chr7_87182743_87182744	chr7	87182743	87182744	17	False	NA
chr7_87396133_87396134	chr7	87396133	87396134	0	False	NA
chr7_87418851_87418852	chr7	87418851	87418852	30	False	NA
chr7_87421156_87421157	chr7	87421156	87421157	0	False	NA
chr7_87518685_87518686	chr7	87518685	87518686	0	False	NA
chr7_87539363_87539364	chr7	87539363	87539364	142	True	39
chr7_87545644_87545645	chr7	87545644	87545645	0	False	NA
chr7_87555888_87555889	chr7	87555888	87555889	6	False	NA
chr7_87597682_87597683	chr7	87597682	87597683	0	False	NA
chr7_87849640_87849641	chr7	87849640	87849641	16	False	NA
chr7_87857412_87857413	chr7	87857412	87857413	22	False	NA
chr7_87887797_87887798	chr7	87887797	87887798	205	True	39
chr7_87896942_87896943	chr7	87896942	87896943	41	True	39
chr7_87906489_87906490	chr7	87906489	87906490	27	False	NA
chr7_88117548_88117549	chr7	88117548	88117549	0	False	NA
chr7_88122608_88122609	chr7	88122608	88122609	0	False	NA
chr7_88159564_88159565	chr7	88159564	88159565	0	False	NA
chr7_88163776_88163777	chr7	88163776	88163777	0	False	NA
chr7_88217833_88217834	chr7	88217833	88217834	10	False	NA
chr7_90262210_90262211	chr7	90262210	90262211	5	False	NA
chr7_90265068_90265069	chr7	90265068	90265069	0	False	NA
chr7_90265070_90265071	chr7	90265070	90265071	0	False	NA
chr7_90287323_90287324	chr7	90287323	90287324	0	False	NA
chr7_90297949_90297950	chr7	90297949	90297950	0	False	NA
chr7_90309055_90309056	chr7	90309055	90309056	0	False	NA
chr7_91974273_91974274	chr7	91974273	91974274	60	True	39
chr7_91998189_91998190	chr7	91998189	91998190	11	False	NA
chr7_92027559_92027560	chr7	92027559	92027560	5	False	NA
chr7_92045006_92045007	chr7	92045006	92045007	1266	True	39
chr7_92066134_92066135	chr7	92066134	92066135	21	False	NA
chr7_92067752_92067753	chr7	92067752	92067753	0	False	NA
chr7_92105882_92105883	chr7	92105882	92105883	21	False	NA
chr7_92230558_92230559	chr7	92230558	92230559	313	True	39
chr7_92322435_92322436	chr7	92322435	92322436	93	True	39
chr7_92448560_92448561	chr7	92448560	92448561	247	True	39
chr7_92533186_92533187	chr7	92533186	92533187	0	False	NA
chr7_92580592_92580593	chr7	92580592	92580593	33	False	NA
chr7_92621292_92621293	chr7	92621292	92621293	10	False	NA
chr7_93210997_93210998	chr7	93210997	93210998	0	False	NA
chr7_93235493_93235494	chr7	93235493	93235494	6	False	NA
chr7_94523039_94523040	chr7	94523039	94523040	16	False	NA
chr7_94528740_94528741	chr7	94528740	94528741	235	True	39
chr7_94545306_94545307	chr7	94545306	94545307	227	True	39
chr7_95251286_95251287	chr7	95251286	95251287	43	True	39
chr7_95286702_95286703	chr7	95286702	95286703	11	False	NA
chr7_95368104_95368105	chr7	95368104	95368105	0	False	NA
chr7_95418911_95418912	chr7	95418911	95418912	80	True	39
chr7_95983763_95983764	chr7	95983763	95983764	0	False	NA
chr7_97738358_97738359	chr7	97738358	97738359	0	False	NA
chr7_97854181_97854182	chr7	97854181	97854182	139	True	39
chr7_97856126_97856127	chr7	97856126	97856127	23	False	NA
chr7_97859574_97859575	chr7	97859574	97859575	226	True	39
chr7_98153094_98153095	chr7	98153094	98153095	0	False	NA
chr7_98153096_98153097	chr7	98153096	98153097	0	False	NA
chr7_98236921_98236922	chr7	98236921	98236922	53	True	39
chr7_98315761_98315762	chr7	98315761	98315762	8	False	NA
chr7_98315766_98315767	chr7	98315766	98315767	8	False	NA
chr7_98898358_98898359	chr7	98898358	98898359	122	True	39
chr7_98934650_98934651	chr7	98934650	98934651	145	True	39
chr7_98934665_98934666	chr7	98934665	98934666	134	True	39
chr7_98952013_98952014	chr7	98952013	98952014	17	False	NA
chr7_98977435_98977436	chr7	98977435	98977436	0	False	NA
chr7_98979805_98979806	chr7	98979805	98979806	0	False	NA
chr7_99039762_99039763	chr7	99039762	99039763	23	False	NA
chr7_99051665_99051666	chr7	99051665	99051666	23	False	NA
chr7_99058958_99058959	chr7	99058958	99058959	10	False	NA
chr7_99184706_99184707	chr7	99184706	99184707	0	False	NA
chr7_99202356_99202357	chr7	99202356	99202357	0	False	NA
chr7_99402306_99402307	chr7	99402306	99402307	160	True	39
chr7_99406706_99406707	chr7	99406706	99406707	75	True	39
chr7_99444687_99444688	chr7	99444687	99444688	116	True	39
chr7_99453373_99453374	chr7	99453373	99453374	222	True	39
chr7_99453375_99453376	chr7	99453375	99453376	217	True	39
chr7_99454388_99454389	chr7	99454388	99454389	421	True	39
chr7_99473505_99473506	chr7	99473505	99473506	395	True	39
chr7_99516828_99516829	chr7	99516828	99516829	13	False	NA
chr7_99674641_99674642	chr7	99674641	99674642	88	True	39
chr7_99713787_99713788	chr7	99713787	99713788	0	False	NA
chr7_99767347_99767348	chr7	99767347	99767348	0	False	NA
chr7_99778945_99778946	chr7	99778945	99778946	0	False	NA
chr7_99852209_99852210	chr7	99852209	99852210	0	False	NA
chr7_99909268_99909269	chr7	99909268	99909269	55	True	39
chr7_100030183_100030184	chr7	100030183	100030184	1029	True	39
chr7_100164007_100164008	chr7	100164007	100164008	0	False	NA
chr7_100171436_100171437	chr7	100171436	100171437	72	True	39
chr7_100176365_100176366	chr7	100176365	100176366	0	False	NA
chr7_100373787_100373788	chr7	100373787	100373788	5	False	NA
chr7_100612532_100612533	chr7	100612532	100612533	59	True	39
chr7_100613855_100613856	chr7	100613855	100613856	0	False	NA
chr7_100678008_100678009	chr7	100678008	100678009	459	True	39
chr7_100733991_100733992	chr7	100733991	100733992	0	False	NA
chr7_100763789_100763790	chr7	100763789	100763790	0	False	NA
chr7_100767008_100767009	chr7	100767008	100767009	0	False	NA
chr7_100773999_100774000	chr7	100773999	100774000	0	False	NA
chr7_100774003_100774004	chr7	100774003	100774004	0	False	NA
chr7_100792548_100792549	chr7	100792548	100792549	0	False	NA
chr7_100853517_100853518	chr7	100853517	100853518	13	False	NA
chr7_100861735_100861736	chr7	100861735	100861736	122	True	39
chr7_100883104_100883105	chr7	100883104	100883105	1414	True	39
chr7_100951133_100951134	chr7	100951133	100951134	0	False	NA
chr7_101131873_101131874	chr7	101131873	101131874	3539	True	20
chr7_101197496_101197497	chr7	101197496	101197497	21	False	NA
chr7_101232720_101232721	chr7	101232720	101232721	201	True	39
chr7_101623365_101623366	chr7	101623365	101623366	0	False	NA
chr7_102099080_102099081	chr7	102099080	102099081	0	False	NA
chr7_102105981_102105982	chr7	102105981	102105982	0	False	NA
chr7_102173742_102173743	chr7	102173742	102173743	41	True	39
chr7_102399395_102399396	chr7	102399395	102399396	89	True	39
chr7_102406281_102406282	chr7	102406281	102406282	47	True	39
chr7_102437763_102437764	chr7	102437763	102437764	0	False	NA
chr7_102438718_102438719	chr7	102438718	102438719	11	False	NA
chr7_102773260_102773261	chr7	102773260	102773261	0	False	NA
chr7_102773914_102773915	chr7	102773914	102773915	0	False	NA
chr7_103083064_103083065	chr7	103083064	103083065	106	True	39
chr7_103093796_103093797	chr7	103093796	103093797	28	False	NA
chr7_103124552_103124553	chr7	103124552	103124553	21	False	NA
chr7_103308705_103308706	chr7	103308705	103308706	15	False	NA
chr7_103317598_103317599	chr7	103317598	103317599	0	False	NA
chr7_103389532_103389533	chr7	103389532	103389533	0	False	NA
chr7_103394982_103394983	chr7	103394982	103394983	0	False	NA
chr7_103489076_103489077	chr7	103489076	103489077	35	False	NA
chr7_103517069_103517070	chr7	103517069	103517070	5	False	NA
chr7_103564425_103564426	chr7	103564425	103564426	11	False	NA
chr7_103574550_103574551	chr7	103574550	103574551	10	False	NA
chr7_103596017_103596018	chr7	103596017	103596018	18	False	NA
chr7_103661024_103661025	chr7	103661024	103661025	11	False	NA
chr7_103699317_103699318	chr7	103699317	103699318	0	False	NA
chr7_104166164_104166165	chr7	104166164	104166165	153	True	39
chr7_104184614_104184615	chr7	104184614	104184615	16	False	NA
chr7_104191869_104191870	chr7	104191869	104191870	0	False	NA
chr7_105078784_105078785	chr7	105078784	105078785	549	True	39
chr7_105108661_105108662	chr7	105108661	105108662	62	True	39
chr7_105123962_105123963	chr7	105123962	105123963	17	False	NA
chr7_105134542_105134543	chr7	105134542	105134543	5	False	NA
chr7_105464044_105464045	chr7	105464044	105464045	0	False	NA
chr7_105475997_105475998	chr7	105475997	105475998	0	False	NA
chr7_105505492_105505493	chr7	105505492	105505493	91	True	39
chr7_105533376_105533377	chr7	105533376	105533377	63	True	39
chr7_105546314_105546315	chr7	105546314	105546315	80	True	39
chr7_105548003_105548004	chr7	105548003	105548004	14	False	NA
chr7_105569059_105569060	chr7	105569059	105569060	0	False	NA
chr7_105878509_105878510	chr7	105878509	105878510	302	True	39
chr7_106880133_106880134	chr7	106880133	106880134	0	False	NA
chr7_107125269_107125270	chr7	107125269	107125270	43	True	39
chr7_107595190_107595191	chr7	107595190	107595191	116	True	39
chr7_107597166_107597167	chr7	107597166	107597167	14	False	NA
chr7_107674647_107674648	chr7	107674647	107674648	0	False	NA
chr7_107700599_107700600	chr7	107700599	107700600	0	False	NA
chr7_107712491_107712492	chr7	107712491	107712492	0	False	NA
chr7_107767253_107767254	chr7	107767253	107767254	0	False	NA
chr7_107788071_107788072	chr7	107788071	107788072	0	False	NA
chr7_107792634_107792635	chr7	107792634	107792635	0	False	NA
chr7_107951425_107951426	chr7	107951425	107951426	43	True	39
chr7_107953809_107953810	chr7	107953809	107953810	548	True	39
chr7_107983385_107983386	chr7	107983385	107983386	0	False	NA
chr7_108029736_108029737	chr7	108029736	108029737	0	False	NA
chr7_108079365_108079366	chr7	108079365	108079366	0	False	NA
chr7_108182522_108182523	chr7	108182522	108182523	0	False	NA
chr7_108194659_108194660	chr7	108194659	108194660	6	False	NA
chr7_108234376_108234377	chr7	108234376	108234377	0	False	NA
chr7_108234775_108234776	chr7	108234775	108234776	0	False	NA
chr7_108485693_108485694	chr7	108485693	108485694	41	True	39
chr7_108494622_108494623	chr7	108494622	108494623	0	False	NA
chr7_108497177_108497178	chr7	108497177	108497178	0	False	NA
chr7_111729146_111729147	chr7	111729146	111729147	0	False	NA
chr7_111746731_111746732	chr7	111746731	111746732	0	False	NA
chr7_111754929_111754930	chr7	111754929	111754930	5	False	NA
chr7_111769056_111769057	chr7	111769056	111769057	0	False	NA
chr7_111845063_111845064	chr7	111845063	111845064	0	False	NA
chr7_111943366_111943367	chr7	111943366	111943367	13	False	NA
chr7_111978643_111978644	chr7	111978643	111978644	0	False	NA
chr7_111996851_111996852	chr7	111996851	111996852	0	False	NA
chr7_112341988_112341989	chr7	112341988	112341989	0	False	NA
chr7_112459616_112459617	chr7	112459616	112459617	1100	True	39
chr7_112466598_112466599	chr7	112466598	112466599	32	False	NA
chr7_112486106_112486107	chr7	112486106	112486107	0	False	NA
chr7_112488404_112488405	chr7	112488404	112488405	18	False	NA
chr7_116758288_116758289	chr7	116758288	116758289	8	False	NA
chr7_116776805_116776806	chr7	116776805	116776806	0	False	NA
chr7_116886814_116886815	chr7	116886814	116886815	116	True	39
chr7_117135517_117135518	chr7	117135517	117135518	0	False	NA
chr7_117138169_117138170	chr7	117138169	117138170	5	False	NA
chr7_117189866_117189867	chr7	117189866	117189867	0	False	NA
chr7_117532201_117532202	chr7	117532201	117532202	0	False	NA
chr7_117532398_117532399	chr7	117532398	117532399	0	False	NA
chr7_117539037_117539038	chr7	117539037	117539038	0	False	NA
chr7_117543407_117543408	chr7	117543407	117543408	0	False	NA
chr7_117604049_117604050	chr7	117604049	117604050	0	False	NA
chr7_117612275_117612276	chr7	117612275	117612276	6	False	NA
chr7_118187320_118187321	chr7	118187320	118187321	87	True	39
chr7_118236586_118236587	chr7	118236586	118236587	0	False	NA
chr7_120839537_120839538	chr7	120839537	120839538	0	False	NA
chr7_120958623_120958624	chr7	120958623	120958624	93	True	39
chr7_121129996_121129997	chr7	121129996	121129997	161	True	39
chr7_121132519_121132520	chr7	121132519	121132520	12	False	NA
chr7_121134631_121134632	chr7	121134631	121134632	80	True	39
chr7_121138345_121138346	chr7	121138345	121138346	106	True	39
chr7_121238095_121238096	chr7	121238095	121238096	153	True	39
chr7_121996620_121996621	chr7	121996620	121996621	0	False	NA
chr7_122019023_122019024	chr7	122019023	122019024	0	False	NA
chr7_122060543_122060544	chr7	122060543	122060544	0	False	NA
chr7_122117323_122117324	chr7	122117323	122117324	0	False	NA
chr7_122385715_122385716	chr7	122385715	122385716	6	False	NA
chr7_122387668_122387669	chr7	122387668	122387669	0	False	NA
chr7_122389130_122389131	chr7	122389130	122389131	0	False	NA
chr7_123122067_123122068	chr7	123122067	123122068	0	False	NA
chr7_123125364_123125365	chr7	123125364	123125365	0	False	NA
chr7_123128946_123128947	chr7	123128946	123128947	0	False	NA
chr7_123510286_123510287	chr7	123510286	123510287	0	False	NA
chr7_123698851_123698852	chr7	123698851	123698852	41	True	39
chr7_123874130_123874131	chr7	123874130	123874131	0	False	NA
chr7_123955751_123955752	chr7	123955751	123955752	0	False	NA
chr7_124866192_124866193	chr7	124866192	124866193	36	False	NA
chr7_124897301_124897302	chr7	124897301	124897302	48	True	39
chr7_128082303_128082304	chr7	128082303	128082304	220	True	39
chr7_128088124_128088125	chr7	128088124	128088125	136	True	39
chr7_128315783_128315784	chr7	128315783	128315784	56	True	39
chr7_128320494_128320495	chr7	128320494	128320495	144	True	39
chr7_128336659_128336660	chr7	128336659	128336660	5	False	NA
chr7_128337528_128337529	chr7	128337528	128337529	282	True	39
chr7_128400963_128400964	chr7	128400963	128400964	424	True	39
chr7_128763874_128763875	chr7	128763874	128763875	88	True	39
chr7_128810686_128810687	chr7	128810686	128810687	14	False	NA
chr7_128815573_128815574	chr7	128815573	128815574	143	True	39
chr7_128885976_128885977	chr7	128885976	128885977	0	False	NA
chr7_129004139_129004140	chr7	129004139	129004140	32	False	NA
chr7_129211944_129211945	chr7	129211944	129211945	309	True	39
chr7_129403959_129403960	chr7	129403959	129403960	0	False	NA
chr7_129406706_129406707	chr7	129406706	129406707	0	False	NA
chr7_129410507_129410508	chr7	129410507	129410508	0	False	NA
chr7_129414897_129414898	chr7	129414897	129414898	33	False	NA
chr7_129460549_129460550	chr7	129460549	129460550	221	True	39
chr7_129469627_129469628	chr7	129469627	129469628	10	False	NA
chr7_129485063_129485064	chr7	129485063	129485064	49	True	39
chr7_129710238_129710239	chr7	129710238	129710239	0	False	NA
chr7_130121821_130121822	chr7	130121821	130121822	5	False	NA
chr7_130171103_130171104	chr7	130171103	130171104	7	False	NA
chr7_130183698_130183699	chr7	130183698	130183699	16	False	NA
chr7_130183702_130183703	chr7	130183702	130183703	16	False	NA
chr7_130268005_130268006	chr7	130268005	130268006	0	False	NA
chr7_130271163_130271164	chr7	130271163	130271164	0	False	NA
chr7_130275784_130275785	chr7	130275784	130275785	0	False	NA
chr7_130296199_130296200	chr7	130296199	130296200	0	False	NA
chr7_130347284_130347285	chr7	130347284	130347285	0	False	NA
chr7_130347289_130347290	chr7	130347289	130347290	0	False	NA
chr7_130410346_130410347	chr7	130410346	130410347	0	False	NA
chr7_130503434_130503435	chr7	130503434	130503435	0	False	NA
chr7_131351260_131351261	chr7	131351260	131351261	27	False	NA
chr7_131435622_131435623	chr7	131435622	131435623	92	True	39
chr7_131441232_131441233	chr7	131441232	131441233	169	True	39
chr7_131444691_131444692	chr7	131444691	131444692	13	False	NA
chr7_132130909_132130910	chr7	132130909	132130910	0	False	NA
chr7_132146763_132146764	chr7	132146763	132146764	0	False	NA
chr7_132193833_132193834	chr7	132193833	132193834	0	False	NA
chr7_133478822_133478823	chr7	133478822	133478823	0	False	NA
chr7_134144064_134144065	chr7	134144064	134144065	0	False	NA
chr7_134198826_134198827	chr7	134198826	134198827	0	False	NA
chr7_134299002_134299003	chr7	134299002	134299003	0	False	NA
chr7_134304624_134304625	chr7	134304624	134304625	33	False	NA
chr7_134838289_134838290	chr7	134838289	134838290	0	False	NA
chr7_134949529_134949530	chr7	134949529	134949530	6	False	NA
chr7_134986982_134986983	chr7	134986982	134986983	439	True	39
chr7_134989469_134989470	chr7	134989469	134989470	375	True	39
chr7_134989480_134989481	chr7	134989480	134989481	382	True	39
chr7_135035438_135035439	chr7	135035438	135035439	0	False	NA
chr7_135077199_135077200	chr7	135077199	135077200	0	False	NA
chr7_135420316_135420317	chr7	135420316	135420317	124	True	39
chr7_135578721_135578722	chr7	135578721	135578722	349	True	39
chr7_135585647_135585648	chr7	135585647	135585648	60	True	39
chr7_135609783_135609784	chr7	135609783	135609784	40	True	39
chr7_135622538_135622539	chr7	135622538	135622539	20	False	NA
chr7_135637400_135637401	chr7	135637400	135637401	89	True	39
chr7_135645239_135645240	chr7	135645239	135645240	132	True	39
chr7_135706600_135706601	chr7	135706600	135706601	0	False	NA
chr7_135725230_135725231	chr7	135725230	135725231	0	False	NA
chr7_137467460_137467461	chr7	137467460	137467461	0	False	NA
chr7_137577918_137577919	chr7	137577918	137577919	0	False	NA
chr7_137620427_137620428	chr7	137620427	137620428	0	False	NA
chr7_137620430_137620431	chr7	137620430	137620431	0	False	NA
chr7_137620434_137620435	chr7	137620434	137620435	0	False	NA
chr7_137882082_137882083	chr7	137882082	137882083	109	True	39
chr7_137908540_137908541	chr7	137908540	137908541	188	True	39
chr7_138099061_138099062	chr7	138099061	138099062	0	False	NA
chr7_138525081_138525082	chr7	138525081	138525082	525	True	39
chr7_138552736_138552737	chr7	138552736	138552737	282	True	39
chr7_138581391_138581392	chr7	138581391	138581392	104	True	39
chr7_138653541_138653542	chr7	138653541	138653542	0	False	NA
chr7_138733927_138733928	chr7	138733927	138733928	0	False	NA
chr7_138735725_138735726	chr7	138735725	138735726	0	False	NA
chr7_138770386_138770387	chr7	138770386	138770387	0	False	NA
chr7_138900524_138900525	chr7	138900524	138900525	0	False	NA
chr7_139028614_139028615	chr7	139028614	139028615	26	False	NA
chr7_139084400_139084401	chr7	139084400	139084401	12	False	NA
chr7_139135653_139135654	chr7	139135653	139135654	0	False	NA
chr7_139166628_139166629	chr7	139166628	139166629	5	False	NA
chr7_139344116_139344117	chr7	139344116	139344117	5	False	NA
chr7_139405459_139405460	chr7	139405459	139405460	192	True	39
chr7_139418008_139418009	chr7	139418008	139418009	1350	True	39
chr7_139543839_139543840	chr7	139543839	139543840	0	False	NA
chr7_139616116_139616117	chr7	139616116	139616117	218	True	39
chr7_139904198_139904199	chr7	139904198	139904199	0	False	NA
chr7_139958097_139958098	chr7	139958097	139958098	0	False	NA
chr7_140025582_140025583	chr7	140025582	140025583	18	False	NA
chr7_140038238_140038239	chr7	140038238	140038239	53	True	39
chr7_140100048_140100049	chr7	140100048	140100049	449	True	39
chr7_140100052_140100053	chr7	140100052	140100053	449	True	39
chr7_140132731_140132732	chr7	140132731	140132732	16	False	NA
chr7_140353125_140353126	chr7	140353125	140353126	35	False	NA
chr7_140544792_140544793	chr7	140544792	140544793	0	False	NA
chr7_140736421_140736422	chr7	140736421	140736422	0	False	NA
chr7_140777326_140777327	chr7	140777326	140777327	5	False	NA
chr7_140789514_140789515	chr7	140789514	140789515	92	True	39
chr7_141600724_141600725	chr7	141600724	141600725	100	True	39
chr7_141611885_141611886	chr7	141611885	141611886	0	False	NA
chr7_141665396_141665397	chr7	141665396	141665397	59	True	39
chr7_141723132_141723133	chr7	141723132	141723133	0	False	NA
chr7_141723346_141723347	chr7	141723346	141723347	0	False	NA
chr7_141934413_141934414	chr7	141934413	141934414	0	False	NA
chr7_142021482_142021483	chr7	142021482	142021483	0	False	NA
chr7_142031106_142031107	chr7	142031106	142031107	6	False	NA
chr7_142035771_142035772	chr7	142035771	142035772	0	False	NA
chr7_142063467_142063468	chr7	142063467	142063468	0	False	NA
chr7_142063472_142063473	chr7	142063472	142063473	0	False	NA
chr7_142097248_142097249	chr7	142097248	142097249	0	False	NA
chr7_142136809_142136810	chr7	142136809	142136810	0	False	NA
chr7_142863833_142863834	chr7	142863833	142863834	0	False	NA
chr7_142910719_142910720	chr7	142910719	142910720	0	False	NA
chr7_143267100_143267101	chr7	143267100	143267101	15	False	NA
chr7_143299745_143299746	chr7	143299745	143299746	96	True	39
chr7_143319956_143319957	chr7	143319956	143319957	0	False	NA
chr7_143343410_143343411	chr7	143343410	143343411	0	False	NA
chr7_143344343_143344344	chr7	143344343	143344344	0	False	NA
chr7_143348882_143348883	chr7	143348882	143348883	0	False	NA
chr7_143392155_143392156	chr7	143392155	143392156	0	False	NA
chr7_143854545_143854546	chr7	143854545	143854546	0	False	NA
chr7_143859800_143859801	chr7	143859800	143859801	0	False	NA
chr7_144378588_144378589	chr7	144378588	144378589	6	False	NA
chr7_147124373_147124374	chr7	147124373	147124374	0	False	NA
chr7_148785793_148785794	chr7	148785793	148785794	70	True	39
chr7_148797133_148797134	chr7	148797133	148797134	70	True	39
chr7_148798159_148798160	chr7	148798159	148798160	70	True	39
chr7_148826078_148826079	chr7	148826078	148826079	2387	True	39
chr7_149015567_149015568	chr7	149015567	149015568	74	True	39
chr7_149253076_149253077	chr7	149253076	149253077	41	True	39
chr7_149253080_149253081	chr7	149253080	149253081	41	True	39
chr7_149453617_149453618	chr7	149453617	149453618	0	False	NA
chr7_149493592_149493593	chr7	149493592	149493593	46	True	39
chr7_149724037_149724038	chr7	149724037	149724038	33	False	NA
chr7_149769333_149769334	chr7	149769333	149769334	0	False	NA
chr7_149845482_149845483	chr7	149845482	149845483	0	False	NA
chr7_149849077_149849078	chr7	149849077	149849078	0	False	NA
chr7_149874310_149874311	chr7	149874310	149874311	0	False	NA
chr7_150396073_150396074	chr7	150396073	150396074	31	False	NA
chr7_150476356_150476357	chr7	150476356	150476357	0	False	NA
chr7_150476957_150476958	chr7	150476957	150476958	0	False	NA
chr7_150854847_150854848	chr7	150854847	150854848	0	False	NA
chr7_150952255_150952256	chr7	150952255	150952256	928	True	39
chr7_151067649_151067650	chr7	151067649	151067650	27	False	NA
chr7_151128923_151128924	chr7	151128923	151128924	328	True	39
chr7_151222081_151222082	chr7	151222081	151222082	64	True	39
chr7_151349915_151349916	chr7	151349915	151349916	12	False	NA
chr7_151358432_151358433	chr7	151358432	151358433	51	True	39
chr7_151371707_151371708	chr7	151371707	151371708	66	True	39
chr7_151968622_151968623	chr7	151968622	151968623	0	False	NA
chr7_152102182_152102183	chr7	152102182	152102183	11	False	NA
chr7_152190135_152190136	chr7	152190135	152190136	55	True	39
chr7_152249090_152249091	chr7	152249090	152249091	429	True	39
chr7_152267605_152267606	chr7	152267605	152267606	10	False	NA
chr7_152311492_152311493	chr7	152311492	152311493	109	True	39
chr7_152819510_152819511	chr7	152819510	152819511	0	False	NA
chr7_154954510_154954511	chr7	154954510	154954511	163	True	39
chr7_154980304_154980305	chr7	154980304	154980305	38	False	NA
chr7_155307345_155307346	chr7	155307345	155307346	122	True	39
chr7_155505225_155505226	chr7	155505225	155505226	0	False	NA
chr7_156966043_156966044	chr7	156966043	156966044	473	True	39
chr7_157172663_157172664	chr7	157172663	157172664	92	True	39
chr7_157172963_157172964	chr7	157172963	157172964	49	True	39
chr7_157179225_157179226	chr7	157179225	157179226	113	True	39
chr7_157203815_157203816	chr7	157203815	157203816	219	True	39
chr7_157384062_157384063	chr7	157384062	157384063	119	True	39
chr7_157739925_157739926	chr7	157739925	157739926	43	True	39
chr7_158646613_158646614	chr7	158646613	158646614	562	True	39
chr7_158665491_158665492	chr7	158665491	158665492	185	True	39
chr7_158673363_158673364	chr7	158673363	158673364	12	False	NA
chr7_158683744_158683745	chr7	158683744	158683745	68	True	39
chr7_158734252_158734253	chr7	158734252	158734253	495	True	39
chr7_158734665_158734666	chr7	158734665	158734666	0	False	NA
chr7_158735861_158735862	chr7	158735861	158735862	11	False	NA
chr7_158735865_158735866	chr7	158735865	158735866	11	False	NA
chr7_158766380_158766381	chr7	158766380	158766381	260	True	39
chr7_158789916_158789917	chr7	158789916	158789917	332	True	39
chr7_158883494_158883495	chr7	158883494	158883495	46	True	39
chr7_158913637_158913638	chr7	158913637	158913638	0	False	NA
chr7_158932783_158932784	chr7	158932783	158932784	848	True	39
chr7_159036572_159036573	chr7	159036572	159036573	0	False	NA
chr8_244775_244776	chr8	244775	244776	0	False	NA
chr8_457140_457141	chr8	457140	457141	0	False	NA
chr8_459708_459709	chr8	459708	459709	0	False	NA
chr8_493301_493302	chr8	493301	493302	11	False	NA
chr8_1670268_1670269	chr8	1670268	1670269	0	False	NA
chr8_1694352_1694353	chr8	1694352	1694353	0	False	NA
chr8_2071798_2071799	chr8	2071798	2071799	0	False	NA
chr8_2124153_2124154	chr8	2124153	2124154	0	False	NA
chr8_2948468_2948469	chr8	2948468	2948469	0	False	NA
chr8_2950372_2950373	chr8	2950372	2950373	0	False	NA
chr8_2965191_2965192	chr8	2965191	2965192	0	False	NA
chr8_2966493_2966494	chr8	2966493	2966494	0	False	NA
chr8_2978302_2978303	chr8	2978302	2978303	5	False	NA
chr8_3087470_3087471	chr8	3087470	3087471	0	False	NA
chr8_3142851_3142852	chr8	3142851	3142852	0	False	NA
chr8_3392432_3392433	chr8	3392432	3392433	0	False	NA
chr8_6443121_6443122	chr8	6443121	6443122	0	False	NA
chr8_6503566_6503567	chr8	6503566	6503567	0	False	NA
chr8_6725156_6725157	chr8	6725156	6725157	128	True	39
chr8_6755942_6755943	chr8	6755942	6755943	116	True	39
chr8_6877384_6877385	chr8	6877384	6877385	0	False	NA
chr8_8378599_8378600	chr8	8378599	8378600	0	False	NA
chr8_9009209_9009210	chr8	9009209	9009210	18	False	NA
chr8_9012469_9012470	chr8	9012469	9012470	94	True	39
chr8_9017655_9017656	chr8	9017655	9017656	51	True	39
chr8_9721639_9721640	chr8	9721639	9721640	0	False	NA
chr8_9750673_9750674	chr8	9750673	9750674	0	False	NA
chr8_9763831_9763832	chr8	9763831	9763832	6	False	NA
chr8_10826651_10826652	chr8	10826651	10826652	0	False	NA
chr8_11125213_11125214	chr8	11125213	11125214	54	True	39
chr8_11300879_11300880	chr8	11300879	11300880	22	False	NA
chr8_11303164_11303165	chr8	11303164	11303165	11	False	NA
chr8_11306188_11306189	chr8	11306188	11306189	46	True	39
chr8_11835357_11835358	chr8	11835357	11835358	476	True	39
chr8_12426136_12426137	chr8	12426136	12426137	0	False	NA
chr8_12739900_12739901	chr8	12739900	12739901	0	False	NA
chr8_14879303_14879304	chr8	14879303	14879304	0	False	NA
chr8_16155627_16155628	chr8	16155627	16155628	0	False	NA
chr8_17075395_17075396	chr8	17075395	17075396	0	False	NA
chr8_17116134_17116135	chr8	17116134	17116135	28	False	NA
chr8_17117313_17117314	chr8	17117313	17117314	0	False	NA
chr8_17185044_17185045	chr8	17185044	17185045	0	False	NA
chr8_17215016_17215017	chr8	17215016	17215017	6	False	NA
chr8_17243721_17243722	chr8	17243721	17243722	27	False	NA
chr8_17243725_17243726	chr8	17243725	17243726	27	False	NA
chr8_17270941_17270942	chr8	17270941	17270942	41	True	39
chr8_17280691_17280692	chr8	17280691	17280692	0	False	NA
chr8_17300637_17300638	chr8	17300637	17300638	0	False	NA
chr8_17303553_17303554	chr8	17303553	17303554	0	False	NA
chr8_17372670_17372671	chr8	17372670	17372671	0	False	NA
chr8_17549379_17549380	chr8	17549379	17549380	5	False	NA
chr8_17559725_17559726	chr8	17559725	17559726	14	False	NA
chr8_17622319_17622320	chr8	17622319	17622320	0	False	NA
chr8_17647815_17647816	chr8	17647815	17647816	5	False	NA
chr8_17866967_17866968	chr8	17866967	17866968	72	True	39
chr8_17869340_17869341	chr8	17869340	17869341	83	True	39
chr8_17871232_17871233	chr8	17871232	17871233	153	True	39
chr8_17878461_17878462	chr8	17878461	17878462	570	True	39
chr8_17965143_17965144	chr8	17965143	17965144	196	True	39
chr8_17989399_17989400	chr8	17989399	17989400	1728	True	39
chr8_18026670_18026671	chr8	18026670	18026671	63	True	39
chr8_18799568_18799569	chr8	18799568	18799569	14	False	NA
chr8_18804051_18804052	chr8	18804051	18804052	0	False	NA
chr8_19334571_19334572	chr8	19334571	19334572	0	False	NA
chr8_19362991_19362992	chr8	19362991	19362992	48	True	39
chr8_19826394_19826395	chr8	19826394	19826395	243	True	39
chr8_19829519_19829520	chr8	19829519	19829520	0	False	NA
chr8_19831929_19831930	chr8	19831929	19831930	210	True	39
chr8_19835645_19835646	chr8	19835645	19835646	0	False	NA
chr8_19844484_19844485	chr8	19844484	19844485	75	True	39
chr8_19951366_19951367	chr8	19951366	19951367	0	False	NA
chr8_19957256_19957257	chr8	19957256	19957257	0	False	NA
chr8_20198171_20198172	chr8	20198171	20198172	15	False	NA
chr8_21977667_21977668	chr8	21977667	21977668	47	True	39
chr8_22028806_22028807	chr8	22028806	22028807	0	False	NA
chr8_22070520_22070521	chr8	22070520	22070521	7	False	NA
chr8_22074194_22074195	chr8	22074194	22074195	261	True	39
chr8_22203211_22203212	chr8	22203211	22203212	0	False	NA
chr8_22209219_22209220	chr8	22209219	22209220	0	False	NA
chr8_22280116_22280117	chr8	22280116	22280117	0	False	NA
chr8_22308238_22308239	chr8	22308238	22308239	0	False	NA
chr8_22310248_22310249	chr8	22310248	22310249	0	False	NA
chr8_22315688_22315689	chr8	22315688	22315689	0	False	NA
chr8_22408614_22408615	chr8	22408614	22408615	2558	True	39
chr8_22556131_22556132	chr8	22556131	22556132	11	False	NA
chr8_22692494_22692495	chr8	22692494	22692495	0	False	NA
chr8_23025675_23025676	chr8	23025675	23025676	10	False	NA
chr8_23027647_23027648	chr8	23027647	23027648	2955	True	39
chr8_23027651_23027652	chr8	23027651	23027652	2967	True	39
chr8_23115217_23115218	chr8	23115217	23115218	0	False	NA
chr8_23201154_23201155	chr8	23201154	23201155	6	False	NA
chr8_23244438_23244439	chr8	23244438	23244439	0	False	NA
chr8_23257669_23257670	chr8	23257669	23257670	0	False	NA
chr8_23259660_23259661	chr8	23259660	23259661	34	False	NA
chr8_23435650_23435651	chr8	23435650	23435651	78	True	39
chr8_23437504_23437505	chr8	23437504	23437505	19	False	NA
chr8_23446502_23446503	chr8	23446502	23446503	5	False	NA
chr8_23704057_23704058	chr8	23704057	23704058	0	False	NA
chr8_24332138_24332139	chr8	24332138	24332139	0	False	NA
chr8_24334597_24334598	chr8	24334597	24334598	0	False	NA
chr8_24334604_24334605	chr8	24334604	24334605	0	False	NA
chr8_24338944_24338945	chr8	24338944	24338945	0	False	NA
chr8_24348901_24348902	chr8	24348901	24348902	0	False	NA
chr8_24393946_24393947	chr8	24393946	24393947	0	False	NA
chr8_24393950_24393951	chr8	24393950	24393951	0	False	NA
chr8_24394713_24394714	chr8	24394713	24394714	0	False	NA
chr8_24399602_24399603	chr8	24399602	24399603	0	False	NA
chr8_24466599_24466600	chr8	24466599	24466600	0	False	NA
chr8_24471437_24471438	chr8	24471437	24471438	0	False	NA
chr8_24476691_24476692	chr8	24476691	24476692	0	False	NA
chr8_24507796_24507797	chr8	24507796	24507797	0	False	NA
chr8_25269428_25269429	chr8	25269428	25269429	314	True	39
chr8_25302887_25302888	chr8	25302887	25302888	0	False	NA
chr8_25309459_25309460	chr8	25309459	25309460	0	False	NA
chr8_25317576_25317577	chr8	25317576	25317577	5	False	NA
chr8_25325945_25325946	chr8	25325945	25325946	11	False	NA
chr8_25339612_25339613	chr8	25339612	25339613	220	True	39
chr8_25363381_25363382	chr8	25363381	25363382	5	False	NA
chr8_25378928_25378929	chr8	25378928	25378929	22	False	NA
chr8_25460171_25460172	chr8	25460171	25460172	619	True	39
chr8_26040204_26040205	chr8	26040204	26040205	0	False	NA
chr8_26364508_26364509	chr8	26364508	26364509	132	True	39
chr8_26422973_26422974	chr8	26422973	26422974	18	False	NA
chr8_27296048_27296049	chr8	27296048	27296049	0	False	NA
chr8_27505495_27505496	chr8	27505495	27505496	0	False	NA
chr8_27512804_27512805	chr8	27512804	27512805	395	True	39
chr8_27540185_27540186	chr8	27540185	27540186	538	True	39
chr8_27828978_27828979	chr8	27828978	27828979	0	False	NA
chr8_28052640_28052641	chr8	28052640	28052641	0	False	NA
chr8_28095954_28095955	chr8	28095954	28095955	16	False	NA
chr8_28098925_28098926	chr8	28098925	28098926	23	False	NA
chr8_28108341_28108342	chr8	28108341	28108342	0	False	NA
chr8_28110176_28110177	chr8	28110176	28110177	28	False	NA
chr8_28159170_28159171	chr8	28159170	28159171	30	False	NA
chr8_28350461_28350462	chr8	28350461	28350462	0	False	NA
chr8_28554255_28554256	chr8	28554255	28554256	0	False	NA
chr8_28714734_28714735	chr8	28714734	28714735	0	False	NA
chr8_28779645_28779646	chr8	28779645	28779646	23	False	NA
chr8_28932038_28932039	chr8	28932038	28932039	11	False	NA
chr8_28967032_28967033	chr8	28967032	28967033	28	False	NA
chr8_29112133_29112134	chr8	29112133	29112134	0	False	NA
chr8_29126186_29126187	chr8	29126186	29126187	5	False	NA
chr8_29144588_29144589	chr8	29144588	29144589	0	False	NA
chr8_29185617_29185618	chr8	29185617	29185618	0	False	NA
chr8_30179334_30179335	chr8	30179334	30179335	34	False	NA
chr8_30641300_30641301	chr8	30641300	30641301	0	False	NA
chr8_30755888_30755889	chr8	30755888	30755889	15	False	NA
chr8_30758789_30758790	chr8	30758789	30758790	0	False	NA
chr8_30764294_30764295	chr8	30764294	30764295	0	False	NA
chr8_30792421_30792422	chr8	30792421	30792422	5	False	NA
chr8_30794545_30794546	chr8	30794545	30794546	175	True	39
chr8_31065288_31065289	chr8	31065288	31065289	417	True	39
chr8_31089672_31089673	chr8	31089672	31089673	23	False	NA
chr8_31113460_31113461	chr8	31113460	31113461	6	False	NA
chr8_31119469_31119470	chr8	31119469	31119470	795	True	39
chr8_31119906_31119907	chr8	31119906	31119907	447	True	39
chr8_31142367_31142368	chr8	31142367	31142368	53	True	39
chr8_31156449_31156450	chr8	31156449	31156450	19	False	NA
chr8_33492702_33492703	chr8	33492702	33492703	0	False	NA
chr8_33592755_33592756	chr8	33592755	33592756	0	False	NA
chr8_33594161_33594162	chr8	33594161	33594162	0	False	NA
chr8_35730541_35730542	chr8	35730541	35730542	0	False	NA
chr8_36804971_36804972	chr8	36804971	36804972	0	False	NA
chr8_36836746_36836747	chr8	36836746	36836747	0	False	NA
chr8_36905854_36905855	chr8	36905854	36905855	0	False	NA
chr8_36933826_36933827	chr8	36933826	36933827	0	False	NA
chr8_37763212_37763213	chr8	37763212	37763213	10	False	NA
chr8_37777351_37777352	chr8	37777351	37777352	0	False	NA
chr8_37840334_37840335	chr8	37840334	37840335	0	False	NA
chr8_37840345_37840346	chr8	37840345	37840346	0	False	NA
chr8_38114693_38114694	chr8	38114693	38114694	41	True	39
chr8_38171188_38171189	chr8	38171188	38171189	7	False	NA
chr8_38289816_38289817	chr8	38289816	38289817	0	False	NA
chr8_38300853_38300854	chr8	38300853	38300854	46	True	39
chr8_38305018_38305019	chr8	38305018	38305019	15	False	NA
chr8_38841488_38841489	chr8	38841488	38841489	5	False	NA
chr8_38945881_38945882	chr8	38945881	38945882	43	True	39
chr8_38945886_38945887	chr8	38945886	38945887	43	True	39
chr8_38980027_38980028	chr8	38980027	38980028	0	False	NA
chr8_38982688_38982689	chr8	38982688	38982689	0	False	NA
chr8_39009103_39009104	chr8	39009103	39009104	10	False	NA
chr8_39012254_39012255	chr8	39012254	39012255	21	False	NA
chr8_39081461_39081462	chr8	39081461	39081462	0	False	NA
chr8_39678265_39678266	chr8	39678265	39678266	0	False	NA
chr8_39759209_39759210	chr8	39759209	39759210	0	False	NA
chr8_39765084_39765085	chr8	39765084	39765085	0	False	NA
chr8_39823481_39823482	chr8	39823481	39823482	0	False	NA
chr8_39830624_39830625	chr8	39830624	39830625	0	False	NA
chr8_39914581_39914582	chr8	39914581	39914582	0	False	NA
chr8_41307986_41307987	chr8	41307986	41307987	0	False	NA
chr8_41611699_41611700	chr8	41611699	41611700	324	True	39
chr8_41611703_41611704	chr8	41611703	41611704	324	True	39
chr8_41615214_41615215	chr8	41615214	41615215	208	True	39
chr8_41715259_41715260	chr8	41715259	41715260	44	True	39
chr8_41719368_41719369	chr8	41719368	41719369	85	True	39
chr8_41719372_41719373	chr8	41719372	41719373	85	True	39
chr8_41726064_41726065	chr8	41726064	41726065	214	True	39
chr8_41978975_41978976	chr8	41978975	41978976	18	False	NA
chr8_41978979_41978980	chr8	41978979	41978980	18	False	NA
chr8_41978981_41978982	chr8	41978981	41978982	18	False	NA
chr8_42160241_42160242	chr8	42160241	42160242	0	False	NA
chr8_42164143_42164144	chr8	42164143	42164144	23	False	NA
chr8_42402432_42402433	chr8	42402432	42402433	342	True	39
chr8_42436254_42436255	chr8	42436254	42436255	10	False	NA
chr8_42438605_42438606	chr8	42438605	42438606	0	False	NA
chr8_42960345_42960346	chr8	42960345	42960346	0	False	NA
chr8_43017913_43017914	chr8	43017913	43017914	0	False	NA
chr8_43167518_43167519	chr8	43167518	43167519	12	False	NA
chr8_43172817_43172818	chr8	43172817	43172818	5	False	NA
chr8_47289657_47289658	chr8	47289657	47289658	0	False	NA
chr8_47729195_47729196	chr8	47729195	47729196	19	False	NA
chr8_47824255_47824256	chr8	47824255	47824256	11	False	NA
chr8_47839093_47839094	chr8	47839093	47839094	541	True	39
chr8_47855534_47855535	chr8	47855534	47855535	28	False	NA
chr8_47878524_47878525	chr8	47878524	47878525	0	False	NA
chr8_47900005_47900006	chr8	47900005	47900006	459	True	39
chr8_47912935_47912936	chr8	47912935	47912936	19	False	NA
chr8_47915505_47915506	chr8	47915505	47915506	152	True	39
chr8_47930990_47930991	chr8	47930990	47930991	338	True	39
chr8_47937853_47937854	chr8	47937853	47937854	124	True	39
chr8_47956013_47956014	chr8	47956013	47956014	169	True	39
chr8_50394535_50394536	chr8	50394535	50394536	0	False	NA
chr8_50657687_50657688	chr8	50657687	50657688	0	False	NA
chr8_51833307_51833308	chr8	51833307	51833308	0	False	NA
chr8_52117171_52117172	chr8	52117171	52117172	0	False	NA
chr8_52164748_52164749	chr8	52164748	52164749	0	False	NA
chr8_52165517_52165518	chr8	52165517	52165518	0	False	NA
chr8_52175517_52175518	chr8	52175517	52175518	0	False	NA
chr8_52214421_52214422	chr8	52214421	52214422	0	False	NA
chr8_52214424_52214425	chr8	52214424	52214425	0	False	NA
chr8_52218866_52218867	chr8	52218866	52218867	0	False	NA
chr8_52629938_52629939	chr8	52629938	52629939	16	False	NA
chr8_52678158_52678159	chr8	52678158	52678159	79	True	39
chr8_53795994_53795995	chr8	53795994	53795995	52	True	39
chr8_53831454_53831455	chr8	53831454	53831455	156	True	39
chr8_54065332_54065333	chr8	54065332	54065333	14	False	NA
chr8_54139961_54139962	chr8	54139961	54139962	0	False	NA
chr8_54618201_54618202	chr8	54618201	54618202	0	False	NA
chr8_54618207_54618208	chr8	54618207	54618208	0	False	NA
chr8_54623886_54623887	chr8	54623886	54623887	0	False	NA
chr8_55798413_55798414	chr8	55798413	55798414	11	False	NA
chr8_55799530_55799531	chr8	55799530	55799531	8	False	NA
chr8_55895303_55895304	chr8	55895303	55895304	10	False	NA
chr8_56167772_56167773	chr8	56167772	56167773	21	False	NA
chr8_56168604_56168605	chr8	56168604	56168605	0	False	NA
chr8_56169228_56169229	chr8	56169228	56169229	8	False	NA
chr8_58444387_58444388	chr8	58444387	58444388	37	False	NA
chr8_58445244_58445245	chr8	58445244	58445245	42	True	39
chr8_58493435_58493436	chr8	58493435	58493436	0	False	NA
chr8_58568475_58568476	chr8	58568475	58568476	13	False	NA
chr8_58603027_58603028	chr8	58603027	58603028	51	True	39
chr8_58604351_58604352	chr8	58604351	58604352	62	True	39
chr8_60841371_60841372	chr8	60841371	60841372	30	False	NA
chr8_60846588_60846589	chr8	60846588	60846589	40	True	39
chr8_60857673_60857674	chr8	60857673	60857674	11	False	NA
chr8_61646954_61646955	chr8	61646954	61646955	970	True	39
chr8_61681198_61681199	chr8	61681198	61681199	570	True	39
chr8_63025427_63025428	chr8	63025427	63025428	0	False	NA
chr8_63170809_63170810	chr8	63170809	63170810	268	True	39
chr8_65611242_65611243	chr8	65611242	65611243	0	False	NA
chr8_65735209_65735210	chr8	65735209	65735210	36	False	NA
chr8_65744961_65744962	chr8	65744961	65744962	25	False	NA
chr8_66444023_66444024	chr8	66444023	66444024	0	False	NA
chr8_66448080_66448081	chr8	66448080	66448081	5	False	NA
chr8_66448475_66448476	chr8	66448475	66448476	5	False	NA
chr8_66450489_66450490	chr8	66450489	66450490	0	False	NA
chr8_66453047_66453048	chr8	66453047	66453048	0	False	NA
chr8_66512952_66512953	chr8	66512952	66512953	0	False	NA
chr8_66592891_66592892	chr8	66592891	66592892	0	False	NA
chr8_66593704_66593705	chr8	66593704	66593705	14	False	NA
chr8_66598795_66598796	chr8	66598795	66598796	13	False	NA
chr8_66677640_66677641	chr8	66677640	66677641	629	True	39
chr8_66678583_66678584	chr8	66678583	66678584	203	True	39
chr8_66815288_66815289	chr8	66815288	66815289	0	False	NA
chr8_66828494_66828495	chr8	66828494	66828495	0	False	NA
chr8_66839729_66839730	chr8	66839729	66839730	0	False	NA
chr8_66848295_66848296	chr8	66848295	66848296	8	False	NA
chr8_66878104_66878105	chr8	66878104	66878105	0	False	NA
chr8_66894015_66894016	chr8	66894015	66894016	0	False	NA
chr8_67016054_67016055	chr8	67016054	67016055	5	False	NA
chr8_67049664_67049665	chr8	67049664	67049665	0	False	NA
chr8_67076282_67076283	chr8	67076282	67076283	171	True	39
chr8_67090560_67090561	chr8	67090560	67090561	57	True	39
chr8_67150808_67150809	chr8	67150808	67150809	31	False	NA
chr8_67164239_67164240	chr8	67164239	67164240	121	True	39
chr8_67179102_67179103	chr8	67179102	67179103	6	False	NA
chr8_67185758_67185759	chr8	67185758	67185759	44	True	39
chr8_67256172_67256173	chr8	67256172	67256173	0	False	NA
chr8_67277065_67277066	chr8	67277065	67277066	14	False	NA
chr8_67483949_67483950	chr8	67483949	67483950	0	False	NA
chr8_67510979_67510980	chr8	67510979	67510980	0	False	NA
chr8_67515506_67515507	chr8	67515506	67515507	0	False	NA
chr8_68054150_68054151	chr8	68054150	68054151	0	False	NA
chr8_68061198_68061199	chr8	68061198	68061199	0	False	NA
chr8_68087244_68087245	chr8	68087244	68087245	0	False	NA
chr8_68109024_68109025	chr8	68109024	68109025	0	False	NA
chr8_68129182_68129183	chr8	68129182	68129183	0	False	NA
chr8_68226469_68226470	chr8	68226469	68226470	0	False	NA
chr8_68444017_68444018	chr8	68444017	68444018	0	False	NA
chr8_68817516_68817517	chr8	68817516	68817517	0	False	NA
chr8_69625682_69625683	chr8	69625682	69625683	0	False	NA
chr8_69627743_69627744	chr8	69627743	69627744	0	False	NA
chr8_69756916_69756917	chr8	69756916	69756917	0	False	NA
chr8_70052412_70052413	chr8	70052412	70052413	0	False	NA
chr8_70063129_70063130	chr8	70063129	70063130	0	False	NA
chr8_70068911_70068912	chr8	70068911	70068912	0	False	NA
chr8_70143779_70143780	chr8	70143779	70143780	10	False	NA
chr8_70164135_70164136	chr8	70164135	70164136	18	False	NA
chr8_70215452_70215453	chr8	70215452	70215453	12	False	NA
chr8_70667780_70667781	chr8	70667780	70667781	0	False	NA
chr8_70672147_70672148	chr8	70672147	70672148	0	False	NA
chr8_71216341_71216342	chr8	71216341	71216342	0	False	NA
chr8_72057270_72057271	chr8	72057270	72057271	0	False	NA
chr8_72066854_72066855	chr8	72066854	72066855	0	False	NA
chr8_73044693_73044694	chr8	73044693	73044694	9	False	NA
chr8_73070492_73070493	chr8	73070492	73070493	0	False	NA
chr8_73084830_73084831	chr8	73084830	73084831	0	False	NA
chr8_73959101_73959102	chr8	73959101	73959102	87	True	39
chr8_74359999_74360000	chr8	74359999	74360000	0	False	NA
chr8_74985788_74985789	chr8	74985788	74985789	0	False	NA
chr8_75018432_75018433	chr8	75018432	75018433	0	False	NA
chr8_75024991_75024992	chr8	75024991	75024992	0	False	NA
chr8_75030357_75030358	chr8	75030357	75030358	0	False	NA
chr8_75560041_75560042	chr8	75560041	75560042	0	False	NA
chr8_78601357_78601358	chr8	78601357	78601358	0	False	NA
chr8_78678076_78678077	chr8	78678076	78678077	0	False	NA
chr8_78737195_78737196	chr8	78737195	78737196	0	False	NA
chr8_78804008_78804009	chr8	78804008	78804009	0	False	NA
chr8_80982337_80982338	chr8	80982337	80982338	0	False	NA
chr8_81530664_81530665	chr8	81530664	81530665	0	False	NA
chr8_81673073_81673074	chr8	81673073	81673074	7	False	NA
chr8_81675125_81675126	chr8	81675125	81675126	112	True	39
chr8_81824925_81824926	chr8	81824925	81824926	0	False	NA
chr8_85131717_85131718	chr8	85131717	85131718	118	True	39
chr8_85257191_85257192	chr8	85257191	85257192	0	False	NA
chr8_85440458_85440459	chr8	85440458	85440459	0	False	NA
chr8_85443321_85443322	chr8	85443321	85443322	0	False	NA
chr8_86218375_86218376	chr8	86218375	86218376	0	False	NA
chr8_86370081_86370082	chr8	86370081	86370082	0	False	NA
chr8_86428752_86428753	chr8	86428752	86428753	74	True	39
chr8_86429469_86429470	chr8	86429469	86429470	6	False	NA
chr8_86552660_86552661	chr8	86552660	86552661	0	False	NA
chr8_88116877_88116878	chr8	88116877	88116878	0	False	NA
chr8_89764062_89764063	chr8	89764062	89764063	0	False	NA
chr8_89910180_89910181	chr8	89910180	89910181	0	False	NA
chr8_89920925_89920926	chr8	89920925	89920926	26	False	NA
chr8_89954024_89954025	chr8	89954024	89954025	0	False	NA
chr8_90036618_90036619	chr8	90036618	90036619	6	False	NA
chr8_91072083_91072084	chr8	91072083	91072084	176	True	39
chr8_91368136_91368137	chr8	91368136	91368137	0	False	NA
chr8_91389966_91389967	chr8	91389966	91389967	0	False	NA
chr8_93783858_93783859	chr8	93783858	93783859	10	False	NA
chr8_93799527_93799528	chr8	93799527	93799528	65	True	39
chr8_93802275_93802276	chr8	93802275	93802276	6	False	NA
chr8_93816050_93816051	chr8	93816050	93816051	6	False	NA
chr8_94129317_94129318	chr8	94129317	94129318	0	False	NA
chr8_94146893_94146894	chr8	94146893	94146894	0	False	NA
chr8_94149267_94149268	chr8	94149267	94149268	0	False	NA
chr8_94171379_94171380	chr8	94171379	94171380	0	False	NA
chr8_94392212_94392213	chr8	94392212	94392213	13	False	NA
chr8_94399708_94399709	chr8	94399708	94399709	28	False	NA
chr8_94408864_94408865	chr8	94408864	94408865	7	False	NA
chr8_94469245_94469246	chr8	94469245	94469246	14	False	NA
chr8_94492083_94492084	chr8	94492083	94492084	0	False	NA
chr8_94531173_94531174	chr8	94531173	94531174	43	True	39
chr8_94540390_94540391	chr8	94540390	94540391	112	True	39
chr8_94644380_94644381	chr8	94644380	94644381	0	False	NA
chr8_94693953_94693954	chr8	94693953	94693954	0	False	NA
chr8_94762369_94762370	chr8	94762369	94762370	0	False	NA
chr8_94767051_94767052	chr8	94767051	94767052	0	False	NA
chr8_94788890_94788891	chr8	94788890	94788891	131	True	39
chr8_94843053_94843054	chr8	94843053	94843054	22	False	NA
chr8_94874418_94874419	chr8	94874418	94874419	65	True	39
chr8_94892221_94892222	chr8	94892221	94892222	0	False	NA
chr8_94936358_94936359	chr8	94936358	94936359	21	False	NA
chr8_96240542_96240543	chr8	96240542	96240543	8	False	NA
chr8_96257710_96257711	chr8	96257710	96257711	17	False	NA
chr8_96305032_96305033	chr8	96305032	96305033	7	False	NA
chr8_97688008_97688009	chr8	97688008	97688009	5	False	NA
chr8_97702509_97702510	chr8	97702509	97702510	83	True	39
chr8_97818978_97818979	chr8	97818978	97818979	19	False	NA
chr8_98032401_98032402	chr8	98032401	98032402	0	False	NA
chr8_98034010_98034011	chr8	98034010	98034011	0	False	NA
chr8_98139170_98139171	chr8	98139170	98139171	10	False	NA
chr8_98149279_98149280	chr8	98149279	98149280	7	False	NA
chr8_98151590_98151591	chr8	98151590	98151591	7	False	NA
chr8_98195520_98195521	chr8	98195520	98195521	0	False	NA
chr8_98253760_98253761	chr8	98253760	98253761	0	False	NA
chr8_98377982_98377983	chr8	98377982	98377983	0	False	NA
chr8_98383087_98383088	chr8	98383087	98383088	0	False	NA
chr8_99298858_99298859	chr8	99298858	99298859	26	False	NA
chr8_99783007_99783008	chr8	99783007	99783008	0	False	NA
chr8_99823489_99823490	chr8	99823489	99823490	0	False	NA
chr8_99851751_99851752	chr8	99851751	99851752	0	False	NA
chr8_99875122_99875123	chr8	99875122	99875123	0	False	NA
chr8_100181834_100181835	chr8	100181834	100181835	6	False	NA
chr8_100221828_100221829	chr8	100221828	100221829	0	False	NA
chr8_100232074_100232075	chr8	100232074	100232075	0	False	NA
chr8_100232922_100232923	chr8	100232922	100232923	0	False	NA
chr8_100265911_100265912	chr8	100265911	100265912	68	True	39
chr8_100575471_100575472	chr8	100575471	100575472	0	False	NA
chr8_100613565_100613566	chr8	100613565	100613566	0	False	NA
chr8_101553039_101553040	chr8	101553039	101553040	0	False	NA
chr8_101646519_101646520	chr8	101646519	101646520	0	False	NA
chr8_102217907_102217908	chr8	102217907	102217908	19	False	NA
chr8_102219114_102219115	chr8	102219114	102219115	37	False	NA
chr8_102219118_102219119	chr8	102219118	102219119	37	False	NA
chr8_102254670_102254671	chr8	102254670	102254671	36	False	NA
chr8_102279746_102279747	chr8	102279746	102279747	40	True	39
chr8_102288808_102288809	chr8	102288808	102288809	61	True	39
chr8_102290857_102290858	chr8	102290857	102290858	93	True	39
chr8_103050672_103050673	chr8	103050672	103050673	8	False	NA
chr8_103066829_103066830	chr8	103066829	103066830	13	False	NA
chr8_103417231_103417232	chr8	103417231	103417232	0	False	NA
chr8_103432285_103432286	chr8	103432285	103432286	6	False	NA
chr8_103433246_103433247	chr8	103433246	103433247	0	False	NA
chr8_103488075_103488076	chr8	103488075	103488076	0	False	NA
chr8_103929977_103929978	chr8	103929977	103929978	0	False	NA
chr8_103938700_103938701	chr8	103938700	103938701	0	False	NA
chr8_103970505_103970506	chr8	103970505	103970506	0	False	NA
chr8_104350705_104350706	chr8	104350705	104350706	0	False	NA
chr8_105677874_105677875	chr8	105677874	105677875	28	False	NA
chr8_106708509_106708510	chr8	106708509	106708510	17	False	NA
chr8_106712692_106712693	chr8	106712692	106712693	0	False	NA
chr8_108235527_108235528	chr8	108235527	108235528	121	True	39
chr8_109274979_109274980	chr8	109274979	109274980	46	True	39
chr8_109337330_109337331	chr8	109337330	109337331	45	True	39
chr8_109363352_109363353	chr8	109363352	109363353	0	False	NA
chr8_109383707_109383708	chr8	109383707	109383708	0	False	NA
chr8_109401193_109401194	chr8	109401193	109401194	0	False	NA
chr8_109403263_109403264	chr8	109403263	109403264	0	False	NA
chr8_109404791_109404792	chr8	109404791	109404792	0	False	NA
chr8_109408944_109408945	chr8	109408944	109408945	0	False	NA
chr8_109418919_109418920	chr8	109418919	109418920	0	False	NA
chr8_109424919_109424920	chr8	109424919	109424920	0	False	NA
chr8_109439687_109439688	chr8	109439687	109439688	0	False	NA
chr8_109446413_109446414	chr8	109446413	109446414	0	False	NA
chr8_109452335_109452336	chr8	109452335	109452336	0	False	NA
chr8_109453119_109453120	chr8	109453119	109453120	0	False	NA
chr8_109489151_109489152	chr8	109489151	109489152	0	False	NA
chr8_109490742_109490743	chr8	109490742	109490743	0	False	NA
chr8_109513867_109513868	chr8	109513867	109513868	0	False	NA
chr8_109519485_109519486	chr8	109519485	109519486	0	False	NA
chr8_109555104_109555105	chr8	109555104	109555105	0	False	NA
chr8_109560044_109560045	chr8	109560044	109560045	34	False	NA
chr8_109578143_109578144	chr8	109578143	109578144	0	False	NA
chr8_112235105_112235106	chr8	112235105	112235106	0	False	NA
chr8_112286443_112286444	chr8	112286443	112286444	0	False	NA
chr8_112308439_112308440	chr8	112308439	112308440	0	False	NA
chr8_112339123_112339124	chr8	112339123	112339124	0	False	NA
chr8_112555121_112555122	chr8	112555121	112555122	0	False	NA
chr8_112643373_112643374	chr8	112643373	112643374	0	False	NA
chr8_115620722_115620723	chr8	115620722	115620723	0	False	NA
chr8_116649827_116649828	chr8	116649827	116649828	18	False	NA
chr8_116769909_116769910	chr8	116769909	116769910	15	False	NA
chr8_116860475_116860476	chr8	116860475	116860476	11	False	NA
chr8_116862258_116862259	chr8	116862258	116862259	588	True	39
chr8_117155052_117155053	chr8	117155052	117155053	0	False	NA
chr8_117530983_117530984	chr8	117530983	117530984	0	False	NA
chr8_117829126_117829127	chr8	117829126	117829127	8	False	NA
chr8_119105216_119105217	chr8	119105216	119105217	0	False	NA
chr8_119241178_119241179	chr8	119241178	119241179	0	False	NA
chr8_119558936_119558937	chr8	119558936	119558937	0	False	NA
chr8_119563013_119563014	chr8	119563013	119563014	0	False	NA
chr8_119582759_119582760	chr8	119582759	119582760	0	False	NA
chr8_119590874_119590875	chr8	119590874	119590875	0	False	NA
chr8_119609317_119609318	chr8	119609317	119609318	0	False	NA
chr8_119616946_119616947	chr8	119616946	119616947	0	False	NA
chr8_119619082_119619083	chr8	119619082	119619083	0	False	NA
chr8_119779073_119779074	chr8	119779073	119779074	23	False	NA
chr8_119783082_119783083	chr8	119783082	119783083	5	False	NA
chr8_119844945_119844946	chr8	119844945	119844946	0	False	NA
chr8_119848621_119848622	chr8	119848621	119848622	11	False	NA
chr8_120207774_120207775	chr8	120207774	120207775	0	False	NA
chr8_120211902_120211903	chr8	120211902	120211903	0	False	NA
chr8_120250190_120250191	chr8	120250190	120250191	0	False	NA
chr8_120256534_120256535	chr8	120256534	120256535	0	False	NA
chr8_120265055_120265056	chr8	120265055	120265056	0	False	NA
chr8_120282944_120282945	chr8	120282944	120282945	0	False	NA
chr8_120285620_120285621	chr8	120285620	120285621	0	False	NA
chr8_120285626_120285627	chr8	120285626	120285627	0	False	NA
chr8_120315680_120315681	chr8	120315680	120315681	0	False	NA
chr8_120342750_120342751	chr8	120342750	120342751	0	False	NA
chr8_120456167_120456168	chr8	120456167	120456168	25	False	NA
chr8_120460796_120460797	chr8	120460796	120460797	17	False	NA
chr8_120492367_120492368	chr8	120492367	120492368	0	False	NA
chr8_120494543_120494544	chr8	120494543	120494544	0	False	NA
chr8_120499908_120499909	chr8	120499908	120499909	31	False	NA
chr8_120507335_120507336	chr8	120507335	120507336	0	False	NA
chr8_120518652_120518653	chr8	120518652	120518653	30	False	NA
chr8_120543649_120543650	chr8	120543649	120543650	8	False	NA
chr8_123081411_123081412	chr8	123081411	123081412	45	True	39
chr8_123096480_123096481	chr8	123096480	123096481	0	False	NA
chr8_123107230_123107231	chr8	123107230	123107231	0	False	NA
chr8_123141310_123141311	chr8	123141310	123141311	5	False	NA
chr8_123235495_123235496	chr8	123235495	123235496	189	True	39
chr8_123322406_123322407	chr8	123322406	123322407	14	False	NA
chr8_123335257_123335258	chr8	123335257	123335258	78	True	39
chr8_123346916_123346917	chr8	123346916	123346917	59	True	39
chr8_123350555_123350556	chr8	123350555	123350556	157	True	39
chr8_123354990_123354991	chr8	123354990	123354991	197	True	39
chr8_123356933_123356934	chr8	123356933	123356934	118	True	39
chr8_123372028_123372029	chr8	123372028	123372029	842	True	39
chr8_123374917_123374918	chr8	123374917	123374918	309	True	39
chr8_123429531_123429532	chr8	123429531	123429532	0	False	NA
chr8_123512216_123512217	chr8	123512216	123512217	0	False	NA
chr8_123540690_123540691	chr8	123540690	123540691	0	False	NA
chr8_123691900_123691901	chr8	123691900	123691901	0	False	NA
chr8_123700459_123700460	chr8	123700459	123700460	0	False	NA
chr8_123788246_123788247	chr8	123788246	123788247	70	True	39
chr8_123798851_123798852	chr8	123798851	123798852	39	False	NA
chr8_123812429_123812430	chr8	123812429	123812430	266	True	39
chr8_123975469_123975470	chr8	123975469	123975470	0	False	NA
chr8_124040116_124040117	chr8	124040116	124040117	0	False	NA
chr8_124043797_124043798	chr8	124043797	124043798	0	False	NA
chr8_124068141_124068142	chr8	124068141	124068142	0	False	NA
chr8_124328556_124328557	chr8	124328556	124328557	0	False	NA
chr8_124508983_124508984	chr8	124508983	124508984	6	False	NA
chr8_124514736_124514737	chr8	124514736	124514737	13	False	NA
chr8_124557477_124557478	chr8	124557477	124557478	134	True	39
chr8_125010847_125010848	chr8	125010847	125010848	134	True	39
chr8_125015401_125015402	chr8	125015401	125015402	584	True	39
chr8_125017412_125017413	chr8	125017412	125017413	85	True	39
chr8_125040603_125040604	chr8	125040603	125040604	11	False	NA
chr8_125046998_125046999	chr8	125046998	125046999	24	False	NA
chr8_125074475_125074476	chr8	125074475	125074476	5	False	NA
chr8_125081913_125081914	chr8	125081913	125081914	11	False	NA
chr8_127737473_127737474	chr8	127737473	127737474	1116	True	39
chr8_129748740_129748741	chr8	129748740	129748741	0	False	NA
chr8_129764808_129764809	chr8	129764808	129764809	0	False	NA
chr8_129776674_129776675	chr8	129776674	129776675	0	False	NA
chr8_129849026_129849027	chr8	129849026	129849027	30	False	NA
chr8_129853153_129853154	chr8	129853153	129853154	0	False	NA
chr8_129878715_129878716	chr8	129878715	129878716	257	True	39
chr8_130120015_130120016	chr8	130120015	130120016	0	False	NA
chr8_130129763_130129764	chr8	130129763	130129764	10	False	NA
chr8_130132519_130132520	chr8	130132519	130132520	0	False	NA
chr8_130136682_130136683	chr8	130136682	130136683	0	False	NA
chr8_130166821_130166822	chr8	130166821	130166822	0	False	NA
chr8_130180222_130180223	chr8	130180222	130180223	15	False	NA
chr8_130785219_130785220	chr8	130785219	130785220	0	False	NA
chr8_130908923_130908924	chr8	130908923	130908924	0	False	NA
chr8_130948701_130948702	chr8	130948701	130948702	0	False	NA
chr8_131943319_131943320	chr8	131943319	131943320	5	False	NA
chr8_131969363_131969364	chr8	131969363	131969364	27	False	NA
chr8_131969655_131969656	chr8	131969655	131969656	89	True	39
chr8_131985832_131985833	chr8	131985832	131985833	29	False	NA
chr8_132002336_132002337	chr8	132002336	132002337	0	False	NA
chr8_132029264_132029265	chr8	132029264	132029265	0	False	NA
chr8_132071209_132071210	chr8	132071209	132071210	0	False	NA
chr8_132091190_132091191	chr8	132091190	132091191	0	False	NA
chr8_132100750_132100751	chr8	132100750	132100751	0	False	NA
chr8_132102564_132102565	chr8	132102564	132102565	0	False	NA
chr8_132130904_132130905	chr8	132130904	132130905	0	False	NA
chr8_132621539_132621540	chr8	132621539	132621540	0	False	NA
chr8_132631044_132631045	chr8	132631044	132631045	0	False	NA
chr8_132660492_132660493	chr8	132660492	132660493	0	False	NA
chr8_132753372_132753373	chr8	132753372	132753373	0	False	NA
chr8_132872679_132872680	chr8	132872679	132872680	0	False	NA
chr8_132879912_132879913	chr8	132879912	132879913	0	False	NA
chr8_132898117_132898118	chr8	132898117	132898118	0	False	NA
chr8_132907373_132907374	chr8	132907373	132907374	0	False	NA
chr8_132912668_132912669	chr8	132912668	132912669	0	False	NA
chr8_132927109_132927110	chr8	132927109	132927110	0	False	NA
chr8_132964957_132964958	chr8	132964957	132964958	0	False	NA
chr8_132970353_132970354	chr8	132970353	132970354	0	False	NA
chr8_133013051_133013052	chr8	133013051	133013052	0	False	NA
chr8_133115621_133115622	chr8	133115621	133115622	0	False	NA
chr8_133460210_133460211	chr8	133460210	133460211	0	False	NA
chr8_134603072_134603073	chr8	134603072	134603073	0	False	NA
chr8_134610149_134610150	chr8	134610149	134610150	0	False	NA
chr8_135547880_135547881	chr8	135547880	135547881	0	False	NA
chr8_138137753_138137754	chr8	138137753	138137754	0	False	NA
chr8_138148029_138148030	chr8	138148029	138148030	0	False	NA
chr8_138243335_138243336	chr8	138243335	138243336	0	False	NA
chr8_138253370_138253371	chr8	138253370	138253371	0	False	NA
chr8_138367469_138367470	chr8	138367469	138367470	0	False	NA
chr8_138604245_138604246	chr8	138604245	138604246	0	False	NA
chr8_138605925_138605926	chr8	138605925	138605926	0	False	NA
chr8_138621121_138621122	chr8	138621121	138621122	0	False	NA
chr8_138646891_138646892	chr8	138646891	138646892	0	False	NA
chr8_138650969_138650970	chr8	138650969	138650970	0	False	NA
chr8_138752021_138752022	chr8	138752021	138752022	0	False	NA
chr8_138801660_138801661	chr8	138801660	138801661	0	False	NA
chr8_138822643_138822644	chr8	138822643	138822644	0	False	NA
chr8_139614923_139614924	chr8	139614923	139614924	0	False	NA
chr8_140544091_140544092	chr8	140544091	140544092	152	True	39
chr8_140550416_140550417	chr8	140550416	140550417	16	False	NA
chr8_140558755_140558756	chr8	140558755	140558756	48	True	39
chr8_140558759_140558760	chr8	140558759	140558760	48	True	39
chr8_140703685_140703686	chr8	140703685	140703686	11	False	NA
chr8_140746391_140746392	chr8	140746391	140746392	384	True	39
chr8_140794638_140794639	chr8	140794638	140794639	66	True	39
chr8_140801299_140801300	chr8	140801299	140801300	12	False	NA
chr8_141253034_141253035	chr8	141253034	141253035	38	False	NA
chr8_141516441_141516442	chr8	141516441	141516442	0	False	NA
chr8_142314731_142314732	chr8	142314731	142314732	18	False	NA
chr8_142475794_142475795	chr8	142475794	142475795	0	False	NA
chr8_143309588_143309589	chr8	143309588	143309589	459	True	39
chr8_143325988_143325989	chr8	143325988	143325989	146	True	39
chr8_143571975_143571976	chr8	143571975	143571976	39	False	NA
chr8_143571978_143571979	chr8	143571978	143571979	39	False	NA
chr8_143572366_143572367	chr8	143572366	143572367	118	True	39
chr8_143799564_143799565	chr8	143799564	143799565	136	True	39
chr8_143836207_143836208	chr8	143836207	143836208	208	True	39
chr8_144052076_144052077	chr8	144052076	144052077	959	True	39
chr8_144056523_144056524	chr8	144056523	144056524	2051	True	39
chr8_144056782_144056783	chr8	144056782	144056783	1693	True	39
chr8_144115941_144115942	chr8	144115941	144115942	12	False	NA
chr8_144197146_144197147	chr8	144197146	144197147	39	False	NA
chr8_144354517_144354518	chr8	144354517	144354518	310	True	39
chr8_144354517_144354518	chr8	144354517	144354518	310	True	39
chr8_144414896_144414897	chr8	144414896	144414897	1350	True	39
chr8_144468968_144468969	chr8	144468968	144468969	0	False	NA
chr8_144510069_144510070	chr8	144510069	144510070	523	True	39
chr9_288352_288353	chr9	288352	288353	0	False	NA
chr9_333172_333173	chr9	333172	333173	0	False	NA
chr9_336424_336425	chr9	336424	336425	10	False	NA
chr9_377555_377556	chr9	377555	377556	0	False	NA
chr9_382457_382458	chr9	382457	382458	126	True	39
chr9_420883_420884	chr9	420883	420884	28	False	NA
chr9_421608_421609	chr9	421608	421609	0	False	NA
chr9_443904_443905	chr9	443904	443905	0	False	NA
chr9_450516_450517	chr9	450516	450517	0	False	NA
chr9_1053335_1053336	chr9	1053335	1053336	0	False	NA
chr9_1055288_1055289	chr9	1055288	1055289	0	False	NA
chr9_2184140_2184141	chr9	2184140	2184141	0	False	NA
chr9_2639208_2639209	chr9	2639208	2639209	0	False	NA
chr9_2642154_2642155	chr9	2642154	2642155	6	False	NA
chr9_2645461_2645462	chr9	2645461	2645462	0	False	NA
chr9_2646704_2646705	chr9	2646704	2646705	0	False	NA
chr9_2806378_2806379	chr9	2806378	2806379	0	False	NA
chr9_2826626_2826627	chr9	2826626	2826627	64	True	39
chr9_2832563_2832564	chr9	2832563	2832564	39	False	NA
chr9_2833507_2833508	chr9	2833507	2833508	98	True	39
chr9_4566232_4566233	chr9	4566232	4566233	0	False	NA
chr9_4584067_4584068	chr9	4584067	4584068	0	False	NA
chr9_4686319_4686320	chr9	4686319	4686320	16	False	NA
chr9_4699343_4699344	chr9	4699343	4699344	16	False	NA
chr9_4716670_4716671	chr9	4716670	4716671	73	True	39
chr9_4718681_4718682	chr9	4718681	4718682	0	False	NA
chr9_4722152_4722153	chr9	4722152	4722153	21	False	NA
chr9_4829846_4829847	chr9	4829846	4829847	224	True	39
chr9_4832914_4832915	chr9	4832914	4832915	77	True	39
chr9_4844465_4844466	chr9	4844465	4844466	518	True	39
chr9_5051170_5051171	chr9	5051170	5051171	5	False	NA
chr9_5056605_5056606	chr9	5056605	5056606	67	True	39
chr9_5125164_5125165	chr9	5125164	5125165	10	False	NA
chr9_5741033_5741034	chr9	5741033	5741034	18	False	NA
chr9_5757284_5757285	chr9	5757284	5757285	153	True	39
chr9_5928772_5928773	chr9	5928772	5928773	0	False	NA
chr9_5950745_5950746	chr9	5950745	5950746	33	False	NA
chr9_6497107_6497108	chr9	6497107	6497108	342	True	39
chr9_6500949_6500950	chr9	6500949	6500950	23	False	NA
chr9_6588870_6588871	chr9	6588870	6588871	0	False	NA
chr9_6594585_6594586	chr9	6594585	6594586	44	True	39
chr9_6989431_6989432	chr9	6989431	6989432	0	False	NA
chr9_12701407_12701408	chr9	12701407	12701408	0	False	NA
chr9_12708726_12708727	chr9	12708726	12708727	0	False	NA
chr9_13174998_13174999	chr9	13174998	13174999	0	False	NA
chr9_13189799_13189800	chr9	13189799	13189800	0	False	NA
chr9_13249453_13249454	chr9	13249453	13249454	0	False	NA
chr9_14796516_14796517	chr9	14796516	14796517	55	True	39
chr9_14820847_14820848	chr9	14820847	14820848	26	False	NA
chr9_14824603_14824604	chr9	14824603	14824604	94	True	39
chr9_14847179_14847180	chr9	14847179	14847180	690	True	39
chr9_14857870_14857871	chr9	14857870	14857871	1276	True	39
chr9_15189134_15189135	chr9	15189134	15189135	5	False	NA
chr9_15193949_15193950	chr9	15193949	15193950	6	False	NA
chr9_15445231_15445232	chr9	15445231	15445232	9	False	NA
chr9_15452930_15452931	chr9	15452930	15452931	16	False	NA
chr9_15452939_15452940	chr9	15452939	15452940	16	False	NA
chr9_15459471_15459472	chr9	15459471	15459472	11	False	NA
chr9_15576989_15576990	chr9	15576989	15576990	0	False	NA
chr9_15660683_15660684	chr9	15660683	15660684	0	False	NA
chr9_15726962_15726963	chr9	15726962	15726963	0	False	NA
chr9_15782482_15782483	chr9	15782482	15782483	0	False	NA
chr9_17458270_17458271	chr9	17458270	17458271	0	False	NA
chr9_17788646_17788647	chr9	17788646	17788647	0	False	NA
chr9_17791635_17791636	chr9	17791635	17791636	13	False	NA
chr9_18684633_18684634	chr9	18684633	18684634	0	False	NA
chr9_19062146_19062147	chr9	19062146	19062147	5	False	NA
chr9_19067325_19067326	chr9	19067325	19067326	23	False	NA
chr9_19083990_19083991	chr9	19083990	19083991	50	True	39
chr9_19088066_19088067	chr9	19088066	19088067	39	False	NA
chr9_19093074_19093075	chr9	19093074	19093075	81	True	39
chr9_19093608_19093609	chr9	19093608	19093609	5	False	NA
chr9_19287858_19287859	chr9	19287858	19287859	5	False	NA
chr9_19289289_19289290	chr9	19289289	19289290	0	False	NA
chr9_19299579_19299580	chr9	19299579	19299580	27	False	NA
chr9_19323982_19323983	chr9	19323982	19323983	101	True	39
chr9_19334667_19334668	chr9	19334667	19334668	11	False	NA
chr9_19343242_19343243	chr9	19343242	19343243	13	False	NA
chr9_19348540_19348541	chr9	19348540	19348541	0	False	NA
chr9_19370966_19370967	chr9	19370966	19370967	5	False	NA
chr9_19450354_19450355	chr9	19450354	19450355	5	False	NA
chr9_20353786_20353787	chr9	20353786	20353787	0	False	NA
chr9_20364132_20364133	chr9	20364132	20364133	0	False	NA
chr9_20448600_20448601	chr9	20448600	20448601	0	False	NA
chr9_20718607_20718608	chr9	20718607	20718608	8	False	NA
chr9_20820192_20820193	chr9	20820192	20820193	21	False	NA
chr9_20821782_20821783	chr9	20821782	20821783	0	False	NA
chr9_20865404_20865405	chr9	20865404	20865405	0	False	NA
chr9_20867233_20867234	chr9	20867233	20867234	0	False	NA
chr9_20925638_20925639	chr9	20925638	20925639	12	False	NA
chr9_20945395_20945396	chr9	20945395	20945396	0	False	NA
chr9_20950914_20950915	chr9	20950914	20950915	0	False	NA
chr9_20950924_20950925	chr9	20950924	20950925	0	False	NA
chr9_20977015_20977016	chr9	20977015	20977016	0	False	NA
chr9_20983152_20983153	chr9	20983152	20983153	0	False	NA
chr9_20988987_20988988	chr9	20988987	20988988	0	False	NA
chr9_21011695_21011696	chr9	21011695	21011696	0	False	NA
chr9_21031399_21031400	chr9	21031399	21031400	0	False	NA
chr9_23693201_23693202	chr9	23693201	23693202	0	False	NA
chr9_24544547_24544548	chr9	24544547	24544548	0	False	NA
chr9_26920737_26920738	chr9	26920737	26920738	11	False	NA
chr9_26927638_26927639	chr9	26927638	26927639	17	False	NA
chr9_26981067_26981068	chr9	26981067	26981068	0	False	NA
chr9_26987408_26987409	chr9	26987408	26987409	0	False	NA
chr9_26998765_26998766	chr9	26998765	26998766	0	False	NA
chr9_27061314_27061315	chr9	27061314	27061315	6	False	NA
chr9_27062118_27062119	chr9	27062118	27062119	0	False	NA
chr9_27172410_27172411	chr9	27172410	27172411	0	False	NA
chr9_27193343_27193344	chr9	27193343	27193344	0	False	NA
chr9_27203807_27203808	chr9	27203807	27203808	0	False	NA
chr9_27228712_27228713	chr9	27228712	27228713	0	False	NA
chr9_27229082_27229083	chr9	27229082	27229083	0	False	NA
chr9_27291255_27291256	chr9	27291255	27291256	0	False	NA
chr9_27295220_27295221	chr9	27295220	27295221	0	False	NA
chr9_27296040_27296041	chr9	27296040	27296041	0	False	NA
chr9_27525118_27525119	chr9	27525118	27525119	0	False	NA
chr9_32424041_32424042	chr9	32424041	32424042	0	False	NA
chr9_32435599_32435600	chr9	32435599	32435600	14	False	NA
chr9_32465930_32465931	chr9	32465930	32465931	5	False	NA
chr9_32552150_32552151	chr9	32552150	32552151	0	False	NA
chr9_33114938_33114939	chr9	33114938	33114939	5	False	NA
chr9_33276778_33276779	chr9	33276778	33276779	33	False	NA
chr9_33276806_33276807	chr9	33276806	33276807	28	False	NA
chr9_33292367_33292368	chr9	33292367	33292368	159	True	39
chr9_33342621_33342622	chr9	33342621	33342622	21	False	NA
chr9_33468009_33468010	chr9	33468009	33468010	319	True	39
chr9_33916747_33916748	chr9	33916747	33916748	5	False	NA
chr9_33956857_33956858	chr9	33956857	33956858	59	True	39
chr9_34094999_34095000	chr9	34094999	34095000	0	False	NA
chr9_34258679_34258680	chr9	34258679	34258680	0	False	NA
chr9_34260094_34260095	chr9	34260094	34260095	0	False	NA
chr9_34263456_34263457	chr9	34263456	34263457	0	False	NA
chr9_34291215_34291216	chr9	34291215	34291216	0	False	NA
chr9_34307781_34307782	chr9	34307781	34307782	19	False	NA
chr9_34308819_34308820	chr9	34308819	34308820	0	False	NA
chr9_34380336_34380337	chr9	34380336	34380337	0	False	NA
chr9_34485001_34485002	chr9	34485001	34485002	0	False	NA
chr9_34485004_34485005	chr9	34485004	34485005	0	False	NA
chr9_34490933_34490934	chr9	34490933	34490934	0	False	NA
chr9_34516427_34516428	chr9	34516427	34516428	0	False	NA
chr9_34890947_34890948	chr9	34890947	34890948	0	False	NA
chr9_34996031_34996032	chr9	34996031	34996032	0	False	NA
chr9_35230639_35230640	chr9	35230639	35230640	0	False	NA
chr9_35236829_35236830	chr9	35236829	35236830	5	False	NA
chr9_35380969_35380970	chr9	35380969	35380970	0	False	NA
chr9_35395781_35395782	chr9	35395781	35395782	0	False	NA
chr9_35558928_35558929	chr9	35558928	35558929	0	False	NA
chr9_35707576_35707577	chr9	35707576	35707577	164	True	39
chr9_35750656_35750657	chr9	35750656	35750657	129	True	39
chr9_35825373_35825374	chr9	35825373	35825374	0	False	NA
chr9_35834377_35834378	chr9	35834377	35834378	10	False	NA
chr9_35846467_35846468	chr9	35846467	35846468	5	False	NA
chr9_36059875_36059876	chr9	36059875	36059876	15	False	NA
chr9_36090959_36090960	chr9	36090959	36090960	0	False	NA
chr9_36108610_36108611	chr9	36108610	36108611	0	False	NA
chr9_36150375_36150376	chr9	36150375	36150376	0	False	NA
chr9_36207373_36207374	chr9	36207373	36207374	60	True	39
chr9_36227775_36227776	chr9	36227775	36227776	0	False	NA
chr9_36593659_36593660	chr9	36593659	36593660	80	True	39
chr9_36595508_36595509	chr9	36595508	36595509	64	True	39
chr9_36597939_36597940	chr9	36597939	36597940	18	False	NA
chr9_36631938_36631939	chr9	36631938	36631939	7	False	NA
chr9_36669814_36669815	chr9	36669814	36669815	0	False	NA
chr9_37017703_37017704	chr9	37017703	37017704	0	False	NA
chr9_37123965_37123966	chr9	37123965	37123966	99	True	39
chr9_37425662_37425663	chr9	37425662	37425663	10	False	NA
chr9_37494108_37494109	chr9	37494108	37494109	23	False	NA
chr9_37534951_37534952	chr9	37534951	37534952	0	False	NA
chr9_37724677_37724678	chr9	37724677	37724678	0	False	NA
chr9_37730762_37730763	chr9	37730762	37730763	0	False	NA
chr9_37734140_37734141	chr9	37734140	37734141	0	False	NA
chr9_37734160_37734161	chr9	37734160	37734161	0	False	NA
chr9_37741351_37741352	chr9	37741351	37741352	0	False	NA
chr9_37860799_37860800	chr9	37860799	37860800	0	False	NA
chr9_38594860_38594861	chr9	38594860	38594861	0	False	NA
chr9_38613143_38613144	chr9	38613143	38613144	9	False	NA
chr9_68919862_68919863	chr9	68919862	68919863	0	False	NA
chr9_69391451_69391452	chr9	69391451	69391452	0	False	NA
chr9_70139971_70139972	chr9	70139971	70139972	18	False	NA
chr9_70267671_70267672	chr9	70267671	70267672	13	False	NA
chr9_70267675_70267676	chr9	70267675	70267676	13	False	NA
chr9_70298809_70298810	chr9	70298809	70298810	10	False	NA
chr9_70845668_70845669	chr9	70845668	70845669	0	False	NA
chr9_71700537_71700538	chr9	71700537	71700538	165	True	39
chr9_71700541_71700542	chr9	71700541	71700542	165	True	39
chr9_71707657_71707658	chr9	71707657	71707658	96	True	39
chr9_71717506_71717507	chr9	71717506	71717507	21	False	NA
chr9_71732579_71732580	chr9	71732579	71732580	194	True	39
chr9_71736341_71736342	chr9	71736341	71736342	34	False	NA
chr9_71871819_71871820	chr9	71871819	71871820	8	False	NA
chr9_72227876_72227877	chr9	72227876	72227877	44	True	39
chr9_72227880_72227881	chr9	72227880	72227881	44	True	39
chr9_72695530_72695531	chr9	72695530	72695531	0	False	NA
chr9_72699343_72699344	chr9	72699343	72699344	0	False	NA
chr9_72751598_72751599	chr9	72751598	72751599	0	False	NA
chr9_72754099_72754100	chr9	72754099	72754100	0	False	NA
chr9_72915752_72915753	chr9	72915752	72915753	0	False	NA
chr9_73169717_73169718	chr9	73169717	73169718	0	False	NA
chr9_74730694_74730695	chr9	74730694	74730695	0	False	NA
chr9_74743010_74743011	chr9	74743010	74743011	0	False	NA
chr9_74783356_74783357	chr9	74783356	74783357	0	False	NA
chr9_74809108_74809109	chr9	74809108	74809109	0	False	NA
chr9_74950180_74950181	chr9	74950180	74950181	58	True	39
chr9_75061761_75061762	chr9	75061761	75061762	0	False	NA
chr9_75071981_75071982	chr9	75071981	75071982	0	False	NA
chr9_75131372_75131373	chr9	75131372	75131373	0	False	NA
chr9_75136901_75136902	chr9	75136901	75136902	0	False	NA
chr9_76170408_76170409	chr9	76170408	76170409	0	False	NA
chr9_76180722_76180723	chr9	76180722	76180723	0	False	NA
chr9_76185082_76185083	chr9	76185082	76185083	0	False	NA
chr9_76653764_76653765	chr9	76653764	76653765	0	False	NA
chr9_77210818_77210819	chr9	77210818	77210819	125	True	39
chr9_77339379_77339380	chr9	77339379	77339380	5	False	NA
chr9_77369553_77369554	chr9	77369553	77369554	49	True	39
chr9_77370019_77370020	chr9	77370019	77370020	95	True	39
chr9_78245327_78245328	chr9	78245327	78245328	12	False	NA
chr9_78252297_78252298	chr9	78252297	78252298	66	True	39
chr9_78328507_78328508	chr9	78328507	78328508	161	True	39
chr9_81990173_81990174	chr9	81990173	81990174	0	False	NA
chr9_82997847_82997848	chr9	82997847	82997848	0	False	NA
chr9_83001635_83001636	chr9	83001635	83001636	0	False	NA
chr9_83001640_83001641	chr9	83001640	83001641	0	False	NA
chr9_83004729_83004730	chr9	83004729	83004730	0	False	NA
chr9_83008478_83008479	chr9	83008478	83008479	0	False	NA
chr9_83740734_83740735	chr9	83740734	83740735	0	False	NA
chr9_83784450_83784451	chr9	83784450	83784451	0	False	NA
chr9_83851811_83851812	chr9	83851811	83851812	0	False	NA
chr9_83896831_83896832	chr9	83896831	83896832	5	False	NA
chr9_83898691_83898692	chr9	83898691	83898692	7	False	NA
chr9_83973220_83973221	chr9	83973220	83973221	1324	True	39
chr9_84291811_84291812	chr9	84291811	84291812	0	False	NA
chr9_84307742_84307743	chr9	84307742	84307743	0	False	NA
chr9_85977109_85977110	chr9	85977109	85977110	46	True	39
chr9_86016934_86016935	chr9	86016934	86016935	170	True	39
chr9_86021737_86021738	chr9	86021737	86021738	167	True	39
chr9_86032007_86032008	chr9	86032007	86032008	5	False	NA
chr9_86273739_86273740	chr9	86273739	86273740	0	False	NA
chr9_86301739_86301740	chr9	86301739	86301740	36	False	NA
chr9_86303948_86303949	chr9	86303948	86303949	0	False	NA
chr9_86334903_86334904	chr9	86334903	86334904	17	False	NA
chr9_87646924_87646925	chr9	87646924	87646925	0	False	NA
chr9_87684738_87684739	chr9	87684738	87684739	32	False	NA
chr9_89076681_89076682	chr9	89076681	89076682	0	False	NA
chr9_89319163_89319164	chr9	89319163	89319164	28	False	NA
chr9_89326207_89326208	chr9	89326207	89326208	5	False	NA
chr9_89338151_89338152	chr9	89338151	89338152	105	True	39
chr9_89354901_89354902	chr9	89354901	89354902	100	True	39
chr9_89394794_89394795	chr9	89394794	89394795	0	False	NA
chr9_90863702_90863703	chr9	90863702	90863703	0	False	NA
chr9_91214541_91214542	chr9	91214541	91214542	6	False	NA
chr9_91216840_91216841	chr9	91216840	91216841	21	False	NA
chr9_91219128_91219129	chr9	91219128	91219129	199	True	39
chr9_91725873_91725874	chr9	91725873	91725874	0	False	NA
chr9_91735362_91735363	chr9	91735362	91735363	0	False	NA
chr9_92245374_92245375	chr9	92245374	92245375	6	False	NA
chr9_92262553_92262554	chr9	92262553	92262554	285	True	39
chr9_92273902_92273903	chr9	92273902	92273903	122	True	39
chr9_92281928_92281929	chr9	92281928	92281929	5	False	NA
chr9_92401728_92401729	chr9	92401728	92401729	0	False	NA
chr9_92467231_92467232	chr9	92467231	92467232	0	False	NA
chr9_92503310_92503311	chr9	92503310	92503311	0	False	NA
chr9_92512769_92512770	chr9	92512769	92512770	0	False	NA
chr9_92648199_92648200	chr9	92648199	92648200	95	True	39
chr9_92853715_92853716	chr9	92853715	92853716	0	False	NA
chr9_92853719_92853720	chr9	92853719	92853720	0	False	NA
chr9_93035280_93035281	chr9	93035280	93035281	0	False	NA
chr9_93096581_93096582	chr9	93096581	93096582	19	False	NA
chr9_93259741_93259742	chr9	93259741	93259742	383	True	39
chr9_93268322_93268323	chr9	93268322	93268323	0	False	NA
chr9_93641412_93641413	chr9	93641412	93641413	0	False	NA
chr9_93659452_93659453	chr9	93659452	93659453	88	True	39
chr9_94103702_94103703	chr9	94103702	94103703	0	False	NA
chr9_94560439_94560440	chr9	94560439	94560440	0	False	NA
chr9_94604962_94604963	chr9	94604962	94604963	0	False	NA
chr9_95005367_95005368	chr9	95005367	95005368	500	True	39
chr9_95454423_95454424	chr9	95454423	95454424	14	False	NA
chr9_95460318_95460319	chr9	95460318	95460319	0	False	NA
chr9_95477200_95477201	chr9	95477200	95477201	0	False	NA
chr9_95481124_95481125	chr9	95481124	95481125	0	False	NA
chr9_95898465_95898466	chr9	95898465	95898466	11	False	NA
chr9_95909510_95909511	chr9	95909510	95909511	0	False	NA
chr9_95927967_95927968	chr9	95927967	95927968	188	True	39
chr9_96095947_96095948	chr9	96095947	96095948	0	False	NA
chr9_96097947_96097948	chr9	96097947	96097948	0	False	NA
chr9_96244621_96244622	chr9	96244621	96244622	0	False	NA
chr9_96356209_96356210	chr9	96356209	96356210	83	True	39
chr9_96361074_96361075	chr9	96361074	96361075	20	False	NA
chr9_96361826_96361827	chr9	96361826	96361827	58	True	39
chr9_96367502_96367503	chr9	96367502	96367503	0	False	NA
chr9_96391207_96391208	chr9	96391207	96391208	131	True	39
chr9_96451012_96451013	chr9	96451012	96451013	1188	True	39
chr9_96541494_96541495	chr9	96541494	96541495	0	False	NA
chr9_96775597_96775598	chr9	96775597	96775598	0	False	NA
chr9_96848162_96848163	chr9	96848162	96848163	507	True	39
chr9_97320071_97320072	chr9	97320071	97320072	25	False	NA
chr9_97321819_97321820	chr9	97321819	97321820	40	True	39
chr9_97327634_97327635	chr9	97327634	97327635	5	False	NA
chr9_97329247_97329248	chr9	97329247	97329248	7	False	NA
chr9_97345369_97345370	chr9	97345369	97345370	15	False	NA
chr9_97349064_97349065	chr9	97349064	97349065	11	False	NA
chr9_97429974_97429975	chr9	97429974	97429975	0	False	NA
chr9_97464840_97464841	chr9	97464840	97464841	50	True	39
chr9_97468615_97468616	chr9	97468615	97468616	9	False	NA
chr9_97485324_97485325	chr9	97485324	97485325	0	False	NA
chr9_97606342_97606343	chr9	97606342	97606343	136	True	39
chr9_97658569_97658570	chr9	97658569	97658570	572	True	39
chr9_97661979_97661980	chr9	97661979	97661980	236	True	39
chr9_97662346_97662347	chr9	97662346	97662347	44	True	39
chr9_97668690_97668691	chr9	97668690	97668691	5	False	NA
chr9_97670365_97670366	chr9	97670365	97670366	15	False	NA
chr9_97685355_97685356	chr9	97685355	97685356	7	False	NA
chr9_97693205_97693206	chr9	97693205	97693206	5	False	NA
chr9_97696097_97696098	chr9	97696097	97696098	85	True	39
chr9_97997460_97997461	chr9	97997460	97997461	127	True	39
chr9_98003346_98003347	chr9	98003346	98003347	85	True	39
chr9_98007701_98007702	chr9	98007701	98007702	311	True	39
chr9_98207798_98207799	chr9	98207798	98207799	0	False	NA
chr9_98299450_98299451	chr9	98299450	98299451	0	False	NA
chr9_98309749_98309750	chr9	98309749	98309750	0	False	NA
chr9_98773098_98773099	chr9	98773098	98773099	0	False	NA
chr9_98840372_98840373	chr9	98840372	98840373	73	True	39
chr9_98848485_98848486	chr9	98848485	98848486	167	True	39
chr9_99004408_99004409	chr9	99004408	99004409	0	False	NA
chr9_99037796_99037797	chr9	99037796	99037797	0	False	NA
chr9_99046411_99046412	chr9	99046411	99046412	0	False	NA
chr9_99050780_99050781	chr9	99050780	99050781	0	False	NA
chr9_99060362_99060363	chr9	99060362	99060363	0	False	NA
chr9_99062703_99062704	chr9	99062703	99062704	0	False	NA
chr9_99067656_99067657	chr9	99067656	99067657	0	False	NA
chr9_99130447_99130448	chr9	99130447	99130448	34	False	NA
chr9_99148202_99148203	chr9	99148202	99148203	7	False	NA
chr9_100229391_100229392	chr9	100229391	100229392	0	False	NA
chr9_100241555_100241556	chr9	100241555	100241556	0	False	NA
chr9_100268082_100268083	chr9	100268082	100268083	0	False	NA
chr9_100285105_100285106	chr9	100285105	100285106	0	False	NA
chr9_100342114_100342115	chr9	100342114	100342115	298	True	39
chr9_100548830_100548831	chr9	100548830	100548831	0	False	NA
chr9_101407304_101407305	chr9	101407304	101407305	1292	True	39
chr9_101425119_101425120	chr9	101425119	101425120	0	False	NA
chr9_101549261_101549262	chr9	101549261	101549262	0	False	NA
chr9_101550409_101550410	chr9	101550409	101550410	5	False	NA
chr9_101553022_101553023	chr9	101553022	101553023	0	False	NA
chr9_101560064_101560065	chr9	101560064	101560065	0	False	NA
chr9_101627572_101627573	chr9	101627572	101627573	0	False	NA
chr9_103012852_103012853	chr9	103012852	103012853	0	False	NA
chr9_104105931_104105932	chr9	104105931	104105932	0	False	NA
chr9_104115515_104115516	chr9	104115515	104115516	0	False	NA
chr9_104115525_104115526	chr9	104115525	104115526	0	False	NA
chr9_104118060_104118061	chr9	104118060	104118061	38	False	NA
chr9_104123026_104123027	chr9	104123026	104123027	42	True	39
chr9_104133663_104133664	chr9	104133663	104133664	6	False	NA
chr9_104765104_104765105	chr9	104765104	104765105	0	False	NA
chr9_105357254_105357255	chr9	105357254	105357255	0	False	NA
chr9_105501160_105501161	chr9	105501160	105501161	0	False	NA
chr9_105541883_105541884	chr9	105541883	105541884	0	False	NA
chr9_105564928_105564929	chr9	105564928	105564929	0	False	NA
chr9_105613422_105613423	chr9	105613422	105613423	0	False	NA
chr9_106923952_106923953	chr9	106923952	106923953	0	False	NA
chr9_106923957_106923958	chr9	106923957	106923958	0	False	NA
chr9_107003292_107003293	chr9	107003292	107003293	16	False	NA
chr9_107010109_107010110	chr9	107010109	107010110	0	False	NA
chr9_107321731_107321732	chr9	107321731	107321732	52	True	39
chr9_107486406_107486407	chr9	107486406	107486407	0	False	NA
chr9_108882059_108882060	chr9	108882059	108882060	1806	True	39
chr9_108904363_108904364	chr9	108904363	108904364	8	False	NA
chr9_108909062_108909063	chr9	108909062	108909063	44	True	39
chr9_108909524_108909525	chr9	108909524	108909525	95	True	39
chr9_108934841_108934842	chr9	108934841	108934842	7	False	NA
chr9_108951779_108951780	chr9	108951779	108951780	73	True	39
chr9_108971434_108971435	chr9	108971434	108971435	6	False	NA
chr9_108978378_108978379	chr9	108978378	108978379	5	False	NA
chr9_108982122_108982123	chr9	108982122	108982123	41	True	39
chr9_108991870_108991871	chr9	108991870	108991871	0	False	NA
chr9_109183447_109183448	chr9	109183447	109183448	0	False	NA
chr9_109193569_109193570	chr9	109193569	109193570	0	False	NA
chr9_109200364_109200365	chr9	109200364	109200365	0	False	NA
chr9_109206802_109206803	chr9	109206802	109206803	0	False	NA
chr9_109256003_109256004	chr9	109256003	109256004	10	False	NA
chr9_109407261_109407262	chr9	109407261	109407262	0	False	NA
chr9_109421233_109421234	chr9	109421233	109421234	11	False	NA
chr9_110204279_110204280	chr9	110204279	110204280	0	False	NA
chr9_110337436_110337437	chr9	110337436	110337437	0	False	NA
chr9_110693936_110693937	chr9	110693936	110693937	0	False	NA
chr9_110781710_110781711	chr9	110781710	110781711	0	False	NA
chr9_111370242_111370243	chr9	111370242	111370243	27	False	NA
chr9_111374919_111374920	chr9	111374919	111374920	533	True	39
chr9_111396422_111396423	chr9	111396422	111396423	6	False	NA
chr9_111410249_111410250	chr9	111410249	111410250	1123	True	39
chr9_111440854_111440855	chr9	111440854	111440855	6	False	NA
chr9_111533933_111533934	chr9	111533933	111533934	61	True	39
chr9_111584153_111584154	chr9	111584153	111584154	0	False	NA
chr9_111687696_111687697	chr9	111687696	111687697	0	False	NA
chr9_111715455_111715456	chr9	111715455	111715456	0	False	NA
chr9_111741267_111741268	chr9	111741267	111741268	0	False	NA
chr9_111742271_111742272	chr9	111742271	111742272	0	False	NA
chr9_111781645_111781646	chr9	111781645	111781646	0	False	NA
chr9_111915839_111915840	chr9	111915839	111915840	261	True	39
chr9_112273925_112273926	chr9	112273925	112273926	21	False	NA
chr9_112689831_112689832	chr9	112689831	112689832	0	False	NA
chr9_112833759_112833760	chr9	112833759	112833760	0	False	NA
chr9_112884710_112884711	chr9	112884710	112884711	0	False	NA
chr9_113003121_113003122	chr9	113003121	113003122	0	False	NA
chr9_113172977_113172978	chr9	113172977	113172978	0	False	NA
chr9_113259996_113259997	chr9	113259996	113259997	0	False	NA
chr9_113288093_113288094	chr9	113288093	113288094	47	True	39
chr9_113320228_113320229	chr9	113320228	113320229	0	False	NA
chr9_113320627_113320628	chr9	113320627	113320628	0	False	NA
chr9_113330551_113330552	chr9	113330551	113330552	0	False	NA
chr9_113332923_113332924	chr9	113332923	113332924	0	False	NA
chr9_113419505_113419506	chr9	113419505	113419506	0	False	NA
chr9_114060270_114060271	chr9	114060270	114060271	18925	True	3
chr9_114073962_114073963	chr9	114073962	114073963	7249	True	20
chr9_114209559_114209560	chr9	114209559	114209560	4082	True	28
chr9_114209582_114209583	chr9	114209582	114209583	4142	True	28
chr9_114209596_114209597	chr9	114209596	114209597	4314	True	28
chr9_114250450_114250451	chr9	114250450	114250451	3567	True	39
chr9_114267749_114267750	chr9	114267749	114267750	3282	True	39
chr9_114269749_114269750	chr9	114269749	114269750	626	True	39
chr9_114282805_114282806	chr9	114282805	114282806	5	False	NA
chr9_114283523_114283524	chr9	114283523	114283524	155	True	39
chr9_114283956_114283957	chr9	114283956	114283957	458	True	39
chr9_114285716_114285717	chr9	114285716	114285717	594	True	39
chr9_114288582_114288583	chr9	114288582	114288583	991	True	39
chr9_114360489_114360490	chr9	114360489	114360490	27	False	NA
chr9_114407125_114407126	chr9	114407125	114407126	10	False	NA
chr9_114667146_114667147	chr9	114667146	114667147	0	False	NA
chr9_115029633_115029634	chr9	115029633	115029634	0	False	NA
chr9_115046732_115046733	chr9	115046732	115046733	0	False	NA
chr9_115060696_115060697	chr9	115060696	115060697	0	False	NA
chr9_115060700_115060701	chr9	115060700	115060701	0	False	NA
chr9_115082372_115082373	chr9	115082372	115082373	0	False	NA
chr9_115084919_115084920	chr9	115084919	115084920	0	False	NA
chr9_116345053_116345054	chr9	116345053	116345054	0	False	NA
chr9_116353012_116353013	chr9	116353012	116353013	0	False	NA
chr9_116440921_116440922	chr9	116440921	116440922	0	False	NA
chr9_116731785_116731786	chr9	116731785	116731786	0	False	NA
chr9_119240399_119240400	chr9	119240399	119240400	0	False	NA
chr9_120775773_120775774	chr9	120775773	120775774	136	True	39
chr9_120830465_120830466	chr9	120830465	120830466	167	True	39
chr9_120874219_120874220	chr9	120874219	120874220	17	False	NA
chr9_120905436_120905437	chr9	120905436	120905437	0	False	NA
chr9_120965018_120965019	chr9	120965018	120965019	0	False	NA
chr9_120977010_120977011	chr9	120977010	120977011	17	False	NA
chr9_120982976_120982977	chr9	120982976	120982977	59	True	39
chr9_120984412_120984413	chr9	120984412	120984413	0	False	NA
chr9_120990957_120990958	chr9	120990957	120990958	8	False	NA
chr9_121013560_121013561	chr9	121013560	121013561	34	False	NA
chr9_121014255_121014256	chr9	121014255	121014256	135	True	39
chr9_121025660_121025661	chr9	121025660	121025661	746	True	39
chr9_121029924_121029925	chr9	121029924	121029925	46	True	39
chr9_121039527_121039528	chr9	121039527	121039528	15	False	NA
chr9_121138270_121138271	chr9	121138270	121138271	16	False	NA
chr9_121159843_121159844	chr9	121159843	121159844	0	False	NA
chr9_121169978_121169979	chr9	121169978	121169979	26	False	NA
chr9_121183890_121183891	chr9	121183890	121183891	155	True	39
chr9_121320842_121320843	chr9	121320842	121320843	0	False	NA
chr9_122207196_122207197	chr9	122207196	122207197	0	False	NA
chr9_122319096_122319097	chr9	122319096	122319097	60	True	39
chr9_122378219_122378220	chr9	122378219	122378220	12	False	NA
chr9_122864998_122864999	chr9	122864998	122864999	52	True	39
chr9_122996738_122996739	chr9	122996738	122996739	501	True	39
chr9_123100096_123100097	chr9	123100096	123100097	67	True	39
chr9_123166951_123166952	chr9	123166951	123166952	258	True	39
chr9_123173094_123173095	chr9	123173094	123173095	15	False	NA
chr9_124312384_124312385	chr9	124312384	124312385	143	True	39
chr9_124476087_124476088	chr9	124476087	124476088	0	False	NA
chr9_124870113_124870114	chr9	124870113	124870114	122	True	39
chr9_124903790_124903791	chr9	124903790	124903791	0	False	NA
chr9_124931548_124931549	chr9	124931548	124931549	0	False	NA
chr9_125152249_125152250	chr9	125152249	125152250	93	True	39
chr9_125160369_125160370	chr9	125160369	125160370	0	False	NA
chr9_125207287_125207288	chr9	125207287	125207288	15	False	NA
chr9_125873945_125873946	chr9	125873945	125873946	0	False	NA
chr9_125933382_125933383	chr9	125933382	125933383	0	False	NA
chr9_126381639_126381640	chr9	126381639	126381640	0	False	NA
chr9_127053169_127053170	chr9	127053169	127053170	0	False	NA
chr9_127340522_127340523	chr9	127340522	127340523	0	False	NA
chr9_127344550_127344551	chr9	127344550	127344551	10	False	NA
chr9_127355679_127355680	chr9	127355679	127355680	0	False	NA
chr9_127390382_127390383	chr9	127390382	127390383	0	False	NA
chr9_127462023_127462024	chr9	127462023	127462024	0	False	NA
chr9_127467388_127467389	chr9	127467388	127467389	6	False	NA
chr9_127489250_127489251	chr9	127489250	127489251	0	False	NA
chr9_127664743_127664744	chr9	127664743	127664744	27	False	NA
chr9_127668078_127668079	chr9	127668078	127668079	60	True	39
chr9_127671368_127671369	chr9	127671368	127671369	0	False	NA
chr9_127689906_127689907	chr9	127689906	127689907	15	False	NA
chr9_127717909_127717910	chr9	127717909	127717910	0	False	NA
chr9_127787848_127787849	chr9	127787848	127787849	1249	True	39
chr9_127894763_127894764	chr9	127894763	127894764	175	True	39
chr9_128185776_128185777	chr9	128185776	128185777	3145	True	39
chr9_128236220_128236221	chr9	128236220	128236221	35	False	NA
chr9_128277256_128277257	chr9	128277256	128277257	28	False	NA
chr9_128329018_128329019	chr9	128329018	128329019	476	True	39
chr9_128359068_128359069	chr9	128359068	128359069	11	False	NA
chr9_128505648_128505649	chr9	128505648	128505649	0	False	NA
chr9_128693371_128693372	chr9	128693371	128693372	46	True	39
chr9_128981709_128981710	chr9	128981709	128981710	0	False	NA
chr9_128984460_128984461	chr9	128984460	128984461	6	False	NA
chr9_128984468_128984469	chr9	128984468	128984469	6	False	NA
chr9_128989983_128989984	chr9	128989983	128989984	343	True	39
chr9_129085423_129085424	chr9	129085423	129085424	151	True	39
chr9_129805563_129805564	chr9	129805563	129805564	10	False	NA
chr9_129821041_129821042	chr9	129821041	129821042	17	False	NA
chr9_129864901_129864902	chr9	129864901	129864902	163	True	39
chr9_129880079_129880080	chr9	129880079	129880080	238	True	39
chr9_130127350_130127351	chr9	130127350	130127351	30	False	NA
chr9_130225799_130225800	chr9	130225799	130225800	0	False	NA
chr9_130225803_130225804	chr9	130225803	130225804	0	False	NA
chr9_130320120_130320121	chr9	130320120	130320121	0	False	NA
chr9_130326821_130326822	chr9	130326821	130326822	0	False	NA
chr9_130367063_130367064	chr9	130367063	130367064	5	False	NA
chr9_130367069_130367070	chr9	130367069	130367070	5	False	NA
chr9_130388178_130388179	chr9	130388178	130388179	0	False	NA
chr9_130415146_130415147	chr9	130415146	130415147	0	False	NA
chr9_130422270_130422271	chr9	130422270	130422271	0	False	NA
chr9_130626722_130626723	chr9	130626722	130626723	39	False	NA
chr9_130879751_130879752	chr9	130879751	130879752	374	True	39
chr9_130881645_130881646	chr9	130881645	130881646	85	True	39
chr9_130893898_130893899	chr9	130893898	130893899	0	False	NA
chr9_131097033_131097034	chr9	131097033	131097034	0	False	NA
chr9_131188157_131188158	chr9	131188157	131188158	96	True	39
chr9_131436894_131436895	chr9	131436894	131436895	609	True	39
chr9_131444111_131444112	chr9	131444111	131444112	977	True	39
chr9_131473378_131473379	chr9	131473378	131473379	52	True	39
chr9_131478430_131478431	chr9	131478430	131478431	3069	True	39
chr9_131486540_131486541	chr9	131486540	131486541	580	True	39
chr9_131486955_131486956	chr9	131486955	131486956	392	True	39
chr9_131493057_131493058	chr9	131493057	131493058	47	True	39
chr9_131589413_131589414	chr9	131589413	131589414	0	False	NA
chr9_131590460_131590461	chr9	131590460	131590461	6	False	NA
chr9_131596077_131596078	chr9	131596077	131596078	22	False	NA
chr9_131596559_131596560	chr9	131596559	131596560	0	False	NA
chr9_131628715_131628716	chr9	131628715	131628716	96	True	39
chr9_131645126_131645127	chr9	131645126	131645127	55	True	39
chr9_132334016_132334017	chr9	132334016	132334017	6	False	NA
chr9_132403390_132403391	chr9	132403390	132403391	23	False	NA
chr9_132540777_132540778	chr9	132540777	132540778	0	False	NA
chr9_132629007_132629008	chr9	132629007	132629008	5	False	NA
chr9_132682746_132682747	chr9	132682746	132682747	0	False	NA
chr9_132684660_132684661	chr9	132684660	132684661	49	True	39
chr9_132901168_132901169	chr9	132901168	132901169	33	False	NA
chr9_132901969_132901970	chr9	132901969	132901970	0	False	NA
chr9_132934779_132934780	chr9	132934779	132934780	29	False	NA
chr9_133352294_133352295	chr9	133352294	133352295	0	False	NA
chr9_133356912_133356913	chr9	133356912	133356913	65	True	39
chr9_133357511_133357512	chr9	133357511	133357512	49	True	39
chr9_133366943_133366944	chr9	133366943	133366944	117	True	39
chr9_133386371_133386372	chr9	133386371	133386372	0	False	NA
chr9_133410029_133410030	chr9	133410029	133410030	29	False	NA
chr9_133426137_133426138	chr9	133426137	133426138	15	False	NA
chr9_133456067_133456068	chr9	133456067	133456068	27	False	NA
chr9_133646071_133646072	chr9	133646071	133646072	0	False	NA
chr9_133711348_133711349	chr9	133711348	133711349	32	False	NA
chr9_133713355_133713356	chr9	133713355	133713356	227	True	39
chr9_133785230_133785231	chr9	133785230	133785231	102	True	39
chr9_133792849_133792850	chr9	133792849	133792850	1308	True	38
chr9_134050588_134050589	chr9	134050588	134050589	321	True	39
chr9_134430398_134430399	chr9	134430398	134430399	114	True	39
chr9_134697615_134697616	chr9	134697615	134697616	0	False	NA
chr9_134757190_134757191	chr9	134757190	134757191	0	False	NA
chr9_134768360_134768361	chr9	134768360	134768361	49	True	39
chr9_134784536_134784537	chr9	134784536	134784537	0	False	NA
chr9_134802486_134802487	chr9	134802486	134802487	0	False	NA
chr9_134822598_134822599	chr9	134822598	134822599	0	False	NA
chr9_134913359_134913360	chr9	134913359	134913360	3866	True	39
chr9_135664408_135664409	chr9	135664408	135664409	0	False	NA
chr9_135750603_135750604	chr9	135750603	135750604	0	False	NA
chr9_136380876_136380877	chr9	136380876	136380877	193	True	39
chr9_136403655_136403656	chr9	136403655	136403656	114	True	39
chr9_136410820_136410821	chr9	136410820	136410821	85	True	39
chr9_136507606_136507607	chr9	136507606	136507607	11	False	NA
chr9_136671319_136671320	chr9	136671319	136671320	5212	True	36
chr9_136823905_136823906	chr9	136823905	136823906	2076	True	39
chr9_136831408_136831409	chr9	136831408	136831409	3062	True	39
chr9_136915563_136915564	chr9	136915563	136915564	144	True	39
chr9_137215295_137215296	chr9	137215295	137215296	355	True	39
chr9_137215330_137215331	chr9	137215330	137215331	325	True	39
chr9_137331256_137331257	chr9	137331256	137331257	0	False	NA
chr9_137435714_137435715	chr9	137435714	137435715	0	False	NA
chr9_137483312_137483313	chr9	137483312	137483313	0	False	NA
chr9_137493853_137493854	chr9	137493853	137493854	0	False	NA
chr9_137546274_137546275	chr9	137546274	137546275	0	False	NA
chr9_137744866_137744867	chr9	137744866	137744867	32	False	NA
chr9_137749576_137749577	chr9	137749576	137749577	35	False	NA
chr9_137777544_137777545	chr9	137777544	137777545	74	True	39
chr9_137779104_137779105	chr9	137779104	137779105	119	True	39
chrX_340702_340703	chrX	340702	340703	0	False	NA
chrX_1195399_1195400	chrX	1195399	1195400	0	False	NA
chrX_1206059_1206060	chrX	1206059	1206060	0	False	NA
chrX_1286894_1286895	chrX	1286894	1286895	0	False	NA
chrX_1356391_1356392	chrX	1356391	1356392	0	False	NA
chrX_1633148_1633149	chrX	1633148	1633149	0	False	NA
chrX_2336332_2336333	chrX	2336332	2336333	0	False	NA
chrX_2770787_2770788	chrX	2770787	2770788	0	False	NA
chrX_2791419_2791420	chrX	2791419	2791420	0	False	NA
chrX_2813143_2813144	chrX	2813143	2813144	0	False	NA
chrX_2829379_2829380	chrX	2829379	2829380	208	True	39
chrX_2843141_2843142	chrX	2843141	2843142	43	True	39
chrX_2909979_2909980	chrX	2909979	2909980	10	False	NA
chrX_2925860_2925861	chrX	2925860	2925861	0	False	NA
chrX_2944857_2944858	chrX	2944857	2944858	49	True	39
chrX_2948866_2948867	chrX	2948866	2948867	6	False	NA
chrX_3018504_3018505	chrX	3018504	3018505	0	False	NA
chrX_3030044_3030045	chrX	3030044	3030045	0	False	NA
chrX_3318985_3318986	chrX	3318985	3318986	0	False	NA
chrX_7900962_7900963	chrX	7900962	7900963	0	False	NA
chrX_7921880_7921881	chrX	7921880	7921881	35	False	NA
chrX_8791686_8791687	chrX	8791686	8791687	0	False	NA
chrX_8797185_8797186	chrX	8797185	8797186	0	False	NA
chrX_9028627_9028628	chrX	9028627	9028628	0	False	NA
chrX_9029100_9029101	chrX	9029100	9029101	0	False	NA
chrX_10079357_10079358	chrX	10079357	10079358	0	False	NA
chrX_10120457_10120458	chrX	10120457	10120458	10	False	NA
chrX_10209160_10209161	chrX	10209160	10209161	5	False	NA
chrX_10457532_10457533	chrX	10457532	10457533	0	False	NA
chrX_10481906_10481907	chrX	10481906	10481907	0	False	NA
chrX_11113572_11113573	chrX	11113572	11113573	0	False	NA
chrX_11115959_11115960	chrX	11115959	11115960	0	False	NA
chrX_11141718_11141719	chrX	11141718	11141719	0	False	NA
chrX_11184759_11184760	chrX	11184759	11184760	11	False	NA
chrX_11763565_11763566	chrX	11763565	11763566	5	False	NA
chrX_12691598_12691599	chrX	12691598	12691599	0	False	NA
chrX_12693048_12693049	chrX	12693048	12693049	0	False	NA
chrX_12706375_12706376	chrX	12706375	12706376	0	False	NA
chrX_12706414_12706415	chrX	12706414	12706415	0	False	NA
chrX_13044198_13044199	chrX	13044198	13044199	0	False	NA
chrX_13748828_13748829	chrX	13748828	13748829	83	True	39
chrX_13757333_13757334	chrX	13757333	13757334	28	False	NA
chrX_14848847_14848848	chrX	14848847	14848848	12	False	NA
chrX_14873618_14873619	chrX	14873618	14873619	88	True	39
chrX_14905060_14905061	chrX	14905060	14905061	6	False	NA
chrX_14916733_14916734	chrX	14916733	14916734	0	False	NA
chrX_15245608_15245609	chrX	15245608	15245609	0	False	NA
chrX_15249328_15249329	chrX	15249328	15249329	0	False	NA
chrX_15251996_15251997	chrX	15251996	15251997	0	False	NA
chrX_15257741_15257742	chrX	15257741	15257742	0	False	NA
chrX_15299884_15299885	chrX	15299884	15299885	0	False	NA
chrX_15353956_15353957	chrX	15353956	15353957	0	False	NA
chrX_15354720_15354721	chrX	15354720	15354721	0	False	NA
chrX_15523486_15523487	chrX	15523486	15523487	0	False	NA
chrX_15542270_15542271	chrX	15542270	15542271	0	False	NA
chrX_15575294_15575295	chrX	15575294	15575295	0	False	NA
chrX_15593586_15593587	chrX	15593586	15593587	0	False	NA
chrX_15599754_15599755	chrX	15599754	15599755	0	False	NA
chrX_15810274_15810275	chrX	15810274	15810275	0	False	NA
chrX_15850286_15850287	chrX	15850286	15850287	0	False	NA
chrX_16610421_16610422	chrX	16610421	16610422	11	False	NA
chrX_16650968_16650969	chrX	16650968	16650969	0	False	NA
chrX_16671371_16671372	chrX	16671371	16671372	0	False	NA
chrX_16840824_16840825	chrX	16840824	16840825	23	False	NA
chrX_17134360_17134361	chrX	17134360	17134361	0	False	NA
chrX_17730305_17730306	chrX	17730305	17730306	0	False	NA
chrX_18165469_18165470	chrX	18165469	18165470	0	False	NA
chrX_18174331_18174332	chrX	18174331	18174332	0	False	NA
chrX_18191275_18191276	chrX	18191275	18191276	0	False	NA
chrX_18202086_18202087	chrX	18202086	18202087	0	False	NA
chrX_18212039_18212040	chrX	18212039	18212040	0	False	NA
chrX_18242819_18242820	chrX	18242819	18242820	55	True	39
chrX_18321114_18321115	chrX	18321114	18321115	22	False	NA
chrX_18321917_18321918	chrX	18321917	18321918	14	False	NA
chrX_18329378_18329379	chrX	18329378	18329379	0	False	NA
chrX_18624806_18624807	chrX	18624806	18624807	38	False	NA
chrX_18698454_18698455	chrX	18698454	18698455	0	False	NA
chrX_18804922_18804923	chrX	18804922	18804923	0	False	NA
chrX_18822100_18822101	chrX	18822100	18822101	0	False	NA
chrX_18909768_18909769	chrX	18909768	18909769	10	False	NA
chrX_18930762_18930763	chrX	18930762	18930763	54	True	39
chrX_19349198_19349199	chrX	19349198	19349199	40	True	39
chrX_19457987_19457988	chrX	19457987	19457988	0	False	NA
chrX_19592595_19592596	chrX	19592595	19592596	0	False	NA
chrX_19593120_19593121	chrX	19593120	19593121	0	False	NA
chrX_20205198_20205199	chrX	20205198	20205199	118	True	39
chrX_20207934_20207935	chrX	20207934	20207935	243	True	39
chrX_21881285_21881286	chrX	21881285	21881286	15	False	NA
chrX_22113166_22113167	chrX	22113166	22113167	0	False	NA
chrX_22218030_22218031	chrX	22218030	22218031	0	False	NA
chrX_23686050_23686051	chrX	23686050	23686051	6	False	NA
chrX_23875310_23875311	chrX	23875310	23875311	14	False	NA
chrX_23913905_23913906	chrX	23913905	23913906	0	False	NA
chrX_23937803_23937804	chrX	23937803	23937804	0	False	NA
chrX_24058283_24058284	chrX	24058283	24058284	230	True	39
chrX_24072560_24072561	chrX	24072560	24072561	39	False	NA
chrX_24208100_24208101	chrX	24208100	24208101	171	True	39
chrX_24500867_24500868	chrX	24500867	24500868	6	False	NA
chrX_24575430_24575431	chrX	24575430	24575431	0	False	NA
chrX_24730739_24730740	chrX	24730739	24730740	70	True	39
chrX_24733356_24733357	chrX	24733356	24733357	40	True	39
chrX_24740055_24740056	chrX	24740055	24740056	5	False	NA
chrX_24843368_24843369	chrX	24843368	24843369	5	False	NA
chrX_29919847_29919848	chrX	29919847	29919848	0	False	NA
chrX_29919851_29919852	chrX	29919851	29919852	0	False	NA
chrX_30306701_30306702	chrX	30306701	30306702	0	False	NA
chrX_30831837_30831838	chrX	30831837	30831838	15	False	NA
chrX_30852537_30852538	chrX	30852537	30852538	20	False	NA
chrX_31126062_31126063	chrX	31126062	31126063	13	False	NA
chrX_32385614_32385615	chrX	32385614	32385615	0	False	NA
chrX_32389035_32389036	chrX	32389035	32389036	0	False	NA
chrX_32453739_32453740	chrX	32453739	32453740	0	False	NA
chrX_32490422_32490423	chrX	32490422	32490423	0	False	NA
chrX_32569460_32569461	chrX	32569460	32569461	0	False	NA
chrX_36038051_36038052	chrX	36038051	36038052	0	False	NA
chrX_36099536_36099537	chrX	36099536	36099537	0	False	NA
chrX_36099540_36099541	chrX	36099540	36099541	0	False	NA
chrX_37669875_37669876	chrX	37669875	37669876	0	False	NA
chrX_37796845_37796846	chrX	37796845	37796846	0	False	NA
chrX_38121293_38121294	chrX	38121293	38121294	0	False	NA
chrX_38297937_38297938	chrX	38297937	38297938	7	False	NA
chrX_38302178_38302179	chrX	38302178	38302179	0	False	NA
chrX_38305087_38305088	chrX	38305087	38305088	0	False	NA
chrX_38319556_38319557	chrX	38319556	38319557	5	False	NA
chrX_38403190_38403191	chrX	38403190	38403191	0	False	NA
chrX_38405810_38405811	chrX	38405810	38405811	0	False	NA
chrX_38683814_38683815	chrX	38683814	38683815	0	False	NA
chrX_40053234_40053235	chrX	40053234	40053235	5	False	NA
chrX_40637333_40637334	chrX	40637333	40637334	0	False	NA
chrX_41129770_41129771	chrX	41129770	41129771	29	False	NA
chrX_41164731_41164732	chrX	41164731	41164732	41	True	39
chrX_41187235_41187236	chrX	41187235	41187236	21	False	NA
chrX_41201556_41201557	chrX	41201556	41201557	237	True	39
chrX_41225545_41225546	chrX	41225545	41225546	38	False	NA
chrX_41577569_41577570	chrX	41577569	41577570	0	False	NA
chrX_41693101_41693102	chrX	41693101	41693102	0	False	NA
chrX_43731665_43731666	chrX	43731665	43731666	29	False	NA
chrX_43769056_43769057	chrX	43769056	43769057	0	False	NA
chrX_43779643_43779644	chrX	43779643	43779644	0	False	NA
chrX_44237555_44237556	chrX	44237555	44237556	0	False	NA
chrX_44245780_44245781	chrX	44245780	44245781	0	False	NA
chrX_45057177_45057178	chrX	45057177	45057178	61	True	39
chrX_46669854_46669855	chrX	46669854	46669855	0	False	NA
chrX_46854294_46854295	chrX	46854294	46854295	7	False	NA
chrX_47055273_47055274	chrX	47055273	47055274	6	False	NA
chrX_47411644_47411645	chrX	47411644	47411645	0	False	NA
chrX_48465195_48465196	chrX	48465195	48465196	1063	True	39
chrX_48466178_48466179	chrX	48466178	48466179	746	True	39
chrX_48480154_48480155	chrX	48480154	48480155	32	False	NA
chrX_48540915_48540916	chrX	48540915	48540916	0	False	NA
chrX_48762043_48762044	chrX	48762043	48762044	0	False	NA
chrX_48814673_48814674	chrX	48814673	48814674	951	True	39
chrX_48943901_48943902	chrX	48943901	48943902	116	True	39
chrX_49245892_49245893	chrX	49245892	49245893	0	False	NA
chrX_49253302_49253303	chrX	49253302	49253303	0	False	NA
chrX_49695809_49695810	chrX	49695809	49695810	101	True	39
chrX_50072305_50072306	chrX	50072305	50072306	0	False	NA
chrX_50079337_50079338	chrX	50079337	50079338	0	False	NA
chrX_50082642_50082643	chrX	50082642	50082643	0	False	NA
chrX_50198529_50198530	chrX	50198529	50198530	0	False	NA
chrX_50313235_50313236	chrX	50313235	50313236	0	False	NA
chrX_50369330_50369331	chrX	50369330	50369331	0	False	NA
chrX_50380736_50380737	chrX	50380736	50380737	0	False	NA
chrX_50606861_50606862	chrX	50606861	50606862	0	False	NA
chrX_52369429_52369430	chrX	52369429	52369430	0	False	NA
chrX_52865906_52865907	chrX	52865906	52865907	0	False	NA
chrX_53539942_53539943	chrX	53539942	53539943	113	True	39
chrX_53597470_53597471	chrX	53597470	53597471	0	False	NA
chrX_53601653_53601654	chrX	53601653	53601654	11	False	NA
chrX_53683369_53683370	chrX	53683369	53683370	558	True	39
chrX_54251105_54251106	chrX	54251105	54251106	0	False	NA
chrX_54254969_54254970	chrX	54254969	54254970	0	False	NA
chrX_54305658_54305659	chrX	54305658	54305659	0	False	NA
chrX_54452006_54452007	chrX	54452006	54452007	0	False	NA
chrX_54550708_54550709	chrX	54550708	54550709	46	True	39
chrX_54789770_54789771	chrX	54789770	54789771	0	False	NA
chrX_55017114_55017115	chrX	55017114	55017115	38	False	NA
chrX_55718758_55718759	chrX	55718758	55718759	6	False	NA
chrX_55753732_55753733	chrX	55753732	55753733	5	False	NA
chrX_57290299_57290300	chrX	57290299	57290300	12	False	NA
chrX_57380073_57380074	chrX	57380073	57380074	0	False	NA
chrX_57447222_57447223	chrX	57447222	57447223	0	False	NA
chrX_64355259_64355260	chrX	64355259	64355260	0	False	NA
chrX_65499607_65499608	chrX	65499607	65499608	0	False	NA
chrX_65738059_65738060	chrX	65738059	65738060	6	False	NA
chrX_66023238_66023239	chrX	66023238	66023239	0	False	NA
chrX_66192851_66192852	chrX	66192851	66192852	11	False	NA
chrX_66202601_66202602	chrX	66202601	66202602	0	False	NA
chrX_66207559_66207560	chrX	66207559	66207560	0	False	NA
chrX_66603370_66603371	chrX	66603370	66603371	6	False	NA
chrX_68201840_68201841	chrX	68201840	68201841	0	False	NA
chrX_68212286_68212287	chrX	68212286	68212287	11	False	NA
chrX_68513268_68513269	chrX	68513268	68513269	85	True	39
chrX_68529121_68529122	chrX	68529121	68529122	137	True	39
chrX_68719974_68719975	chrX	68719974	68719975	0	False	NA
chrX_70031186_70031187	chrX	70031186	70031187	0	False	NA
chrX_70399204_70399205	chrX	70399204	70399205	12	False	NA
chrX_70424097_70424098	chrX	70424097	70424098	5	False	NA
chrX_70425312_70425313	chrX	70425312	70425313	0	False	NA
chrX_71101957_71101958	chrX	71101957	71101958	0	False	NA
chrX_71243108_71243109	chrX	71243108	71243109	629	True	39
chrX_71383823_71383824	chrX	71383823	71383824	71	True	39
chrX_71393767_71393768	chrX	71393767	71393768	121	True	39
chrX_71609402_71609403	chrX	71609402	71609403	11	False	NA
chrX_72275886_72275887	chrX	72275886	72275887	117	True	39
chrX_72276877_72276878	chrX	72276877	72276878	99	True	39
chrX_72602606_72602607	chrX	72602606	72602607	23	False	NA
chrX_72625249_72625250	chrX	72625249	72625250	28	False	NA
chrX_72652960_72652961	chrX	72652960	72652961	0	False	NA
chrX_73451984_73451985	chrX	73451984	73451985	0	False	NA
chrX_75067208_75067209	chrX	75067208	75067209	0	False	NA
chrX_75294093_75294094	chrX	75294093	75294094	0	False	NA
chrX_75297437_75297438	chrX	75297437	75297438	14	False	NA
chrX_75298768_75298769	chrX	75298768	75298769	5	False	NA
chrX_75298790_75298791	chrX	75298790	75298791	0	False	NA
chrX_77448137_77448138	chrX	77448137	77448138	0	False	NA
chrX_77687683_77687684	chrX	77687683	77687684	18	False	NA
chrX_77905064_77905065	chrX	77905064	77905065	622	True	39
chrX_78032930_78032931	chrX	78032930	78032931	0	False	NA
chrX_78119542_78119543	chrX	78119542	78119543	1323	True	39
chrX_78121629_78121630	chrX	78121629	78121630	1554	True	39
chrX_80023630_80023631	chrX	80023630	80023631	0	False	NA
chrX_80024639_80024640	chrX	80024639	80024640	0	False	NA
chrX_80025601_80025602	chrX	80025601	80025602	0	False	NA
chrX_80030205_80030206	chrX	80030205	80030206	0	False	NA
chrX_80442432_80442433	chrX	80442432	80442433	0	False	NA
chrX_80679080_80679081	chrX	80679080	80679081	30	False	NA
chrX_80688276_80688277	chrX	80688276	80688277	85	True	39
chrX_80688278_80688279	chrX	80688278	80688279	85	True	39
chrX_80691595_80691596	chrX	80691595	80691596	7	False	NA
chrX_80691603_80691604	chrX	80691603	80691604	7	False	NA
chrX_80692797_80692798	chrX	80692797	80692798	0	False	NA
chrX_80694597_80694598	chrX	80694597	80694598	0	False	NA
chrX_80724471_80724472	chrX	80724471	80724472	0	False	NA
chrX_84322159_84322160	chrX	84322159	84322160	0	False	NA
chrX_84327614_84327615	chrX	84327614	84327615	0	False	NA
chrX_84336360_84336361	chrX	84336360	84336361	0	False	NA
chrX_85268964_85268965	chrX	85268964	85268965	6	False	NA
chrX_85307351_85307352	chrX	85307351	85307352	0	False	NA
chrX_85307824_85307825	chrX	85307824	85307825	0	False	NA
chrX_85354330_85354331	chrX	85354330	85354331	0	False	NA
chrX_85956471_85956472	chrX	85956471	85956472	6	False	NA
chrX_87621245_87621246	chrX	87621245	87621246	0	False	NA
chrX_87626585_87626586	chrX	87626585	87626586	0	False	NA
chrX_87666380_87666381	chrX	87666380	87666381	0	False	NA
chrX_96936499_96936500	chrX	96936499	96936500	0	False	NA
chrX_96939062_96939063	chrX	96939062	96939063	0	False	NA
chrX_100406217_100406218	chrX	100406217	100406218	0	False	NA
chrX_100594965_100594966	chrX	100594965	100594966	0	False	NA
chrX_100598204_100598205	chrX	100598204	100598205	0	False	NA
chrX_100676324_100676325	chrX	100676324	100676325	7	False	NA
chrX_100678115_100678116	chrX	100678115	100678116	0	False	NA
chrX_100679412_100679413	chrX	100679412	100679413	0	False	NA
chrX_100690782_100690783	chrX	100690782	100690783	0	False	NA
chrX_100844925_100844926	chrX	100844925	100844926	0	False	NA
chrX_100923747_100923748	chrX	100923747	100923748	0	False	NA
chrX_101021020_101021021	chrX	101021020	101021021	37	False	NA
chrX_101129216_101129217	chrX	101129216	101129217	0	False	NA
chrX_101236451_101236452	chrX	101236451	101236452	0	False	NA
chrX_101243973_101243974	chrX	101243973	101243974	0	False	NA
chrX_101244777_101244778	chrX	101244777	101244778	0	False	NA
chrX_101251862_101251863	chrX	101251862	101251863	0	False	NA
chrX_101254393_101254394	chrX	101254393	101254394	0	False	NA
chrX_101401837_101401838	chrX	101401837	101401838	33	False	NA
chrX_101506441_101506442	chrX	101506441	101506442	0	False	NA
chrX_102461062_102461063	chrX	102461062	102461063	0	False	NA
chrX_102745917_102745918	chrX	102745917	102745918	0	False	NA
chrX_102746296_102746297	chrX	102746296	102746297	0	False	NA
chrX_103077561_103077562	chrX	103077561	103077562	0	False	NA
chrX_103576946_103576947	chrX	103576946	103576947	0	False	NA
chrX_104187421_104187422	chrX	104187421	104187422	0	False	NA
chrX_105898860_105898861	chrX	105898860	105898861	0	False	NA
chrX_105906148_105906149	chrX	105906148	105906149	0	False	NA
chrX_105918348_105918349	chrX	105918348	105918349	0	False	NA
chrX_105936584_105936585	chrX	105936584	105936585	0	False	NA
chrX_105946590_105946591	chrX	105946590	105946591	0	False	NA
chrX_106623175_106623176	chrX	106623175	106623176	0	False	NA
chrX_106633681_106633682	chrX	106633681	106633682	0	False	NA
chrX_106634699_106634700	chrX	106634699	106634700	18	False	NA
chrX_106786998_106786999	chrX	106786998	106786999	0	False	NA
chrX_106839967_106839968	chrX	106839967	106839968	0	False	NA
chrX_106847098_106847099	chrX	106847098	106847099	0	False	NA
chrX_106850689_106850690	chrX	106850689	106850690	0	False	NA
chrX_106867782_106867783	chrX	106867782	106867783	0	False	NA
chrX_106922573_106922574	chrX	106922573	106922574	0	False	NA
chrX_106957818_106957819	chrX	106957818	106957819	0	False	NA
chrX_106961865_106961866	chrX	106961865	106961866	0	False	NA
chrX_107118426_107118427	chrX	107118426	107118427	33	False	NA
chrX_107118430_107118431	chrX	107118430	107118431	33	False	NA
chrX_107918873_107918874	chrX	107918873	107918874	0	False	NA
chrX_108069303_108069304	chrX	108069303	108069304	0	False	NA
chrX_108073084_108073085	chrX	108073084	108073085	0	False	NA
chrX_108131610_108131611	chrX	108131610	108131611	0	False	NA
chrX_108135091_108135092	chrX	108135091	108135092	0	False	NA
chrX_108153387_108153388	chrX	108153387	108153388	0	False	NA
chrX_108178845_108178846	chrX	108178845	108178846	0	False	NA
chrX_108188233_108188234	chrX	108188233	108188234	0	False	NA
chrX_108196199_108196200	chrX	108196199	108196200	0	False	NA
chrX_108599371_108599372	chrX	108599371	108599372	245	True	39
chrX_108600367_108600368	chrX	108600367	108600368	33	False	NA
chrX_108615722_108615723	chrX	108615722	108615723	15	False	NA
chrX_108619415_108619416	chrX	108619415	108619416	5	False	NA
chrX_108624051_108624052	chrX	108624051	108624052	0	False	NA
chrX_108674899_108674900	chrX	108674899	108674900	10	False	NA
chrX_108692411_108692412	chrX	108692411	108692412	0	False	NA
chrX_109375078_109375079	chrX	109375078	109375079	0	False	NA
chrX_109375257_109375258	chrX	109375257	109375258	0	False	NA
chrX_109383116_109383117	chrX	109383116	109383117	0	False	NA
chrX_109388285_109388286	chrX	109388285	109388286	0	False	NA
chrX_109542058_109542059	chrX	109542058	109542059	0	False	NA
chrX_109676543_109676544	chrX	109676543	109676544	118	True	39
chrX_109676553_109676554	chrX	109676553	109676554	156	True	39
chrX_110199945_110199946	chrX	110199945	110199946	0	False	NA
chrX_110692288_110692289	chrX	110692288	110692289	0	False	NA
chrX_110759845_110759846	chrX	110759845	110759846	0	False	NA
chrX_111194184_111194185	chrX	111194184	111194185	0	False	NA
chrX_111194937_111194938	chrX	111194937	111194938	0	False	NA
chrX_111250651_111250652	chrX	111250651	111250652	0	False	NA
chrX_111253328_111253329	chrX	111253328	111253329	0	False	NA
chrX_111253330_111253331	chrX	111253330	111253331	0	False	NA
chrX_111409541_111409542	chrX	111409541	111409542	0	False	NA
chrX_111716097_111716098	chrX	111716097	111716098	26	False	NA
chrX_111721569_111721570	chrX	111721569	111721570	91	True	39
chrX_112676364_112676365	chrX	112676364	112676365	0	False	NA
chrX_112781868_112781869	chrX	112781868	112781869	0	False	NA
chrX_112782348_112782349	chrX	112782348	112782349	0	False	NA
chrX_112807757_112807758	chrX	112807757	112807758	0	False	NA
chrX_115123557_115123558	chrX	115123557	115123558	0	False	NA
chrX_115128551_115128552	chrX	115128551	115128552	18	False	NA
chrX_115128943_115128944	chrX	115128943	115128944	0	False	NA
chrX_115158192_115158193	chrX	115158192	115158193	26	False	NA
chrX_115164706_115164707	chrX	115164706	115164707	0	False	NA
chrX_115303102_115303103	chrX	115303102	115303103	0	False	NA
chrX_116446208_116446209	chrX	116446208	116446209	0	False	NA
chrX_116452484_116452485	chrX	116452484	116452485	10	False	NA
chrX_116458498_116458499	chrX	116458498	116458499	5	False	NA
chrX_118403095_118403096	chrX	118403095	118403096	0	False	NA
chrX_118408752_118408753	chrX	118408752	118408753	8	False	NA
chrX_118545128_118545129	chrX	118545128	118545129	12	False	NA
chrX_118566255_118566256	chrX	118566255	118566256	124	True	39
chrX_118570140_118570141	chrX	118570140	118570141	5	False	NA
chrX_118578316_118578317	chrX	118578316	118578317	53	True	39
chrX_118578321_118578322	chrX	118578321	118578322	53	True	39
chrX_118598531_118598532	chrX	118598531	118598532	0	False	NA
chrX_118608848_118608849	chrX	118608848	118608849	5	False	NA
chrX_118615810_118615811	chrX	118615810	118615811	148	True	39
chrX_118678209_118678210	chrX	118678209	118678210	5	False	NA
chrX_118680389_118680390	chrX	118680389	118680390	6	False	NA
chrX_118680393_118680394	chrX	118680393	118680394	6	False	NA
chrX_118683620_118683621	chrX	118683620	118683621	36	False	NA
chrX_119009493_119009494	chrX	119009493	119009494	0	False	NA
chrX_119014089_119014090	chrX	119014089	119014090	40	True	39
chrX_119014761_119014762	chrX	119014761	119014762	5	False	NA
chrX_119093893_119093894	chrX	119093893	119093894	0	False	NA
chrX_119107704_119107705	chrX	119107704	119107705	0	False	NA
chrX_119638169_119638170	chrX	119638169	119638170	17	False	NA
chrX_119844005_119844006	chrX	119844005	119844006	25	False	NA
chrX_119928454_119928455	chrX	119928454	119928455	20	False	NA
chrX_119942212_119942213	chrX	119942212	119942213	19	False	NA
chrX_120118012_120118013	chrX	120118012	120118013	0	False	NA
chrX_120372799_120372800	chrX	120372799	120372800	0	False	NA
chrX_120454743_120454744	chrX	120454743	120454744	20	False	NA
chrX_123399838_123399839	chrX	123399838	123399839	0	False	NA
chrX_123481752_123481753	chrX	123481752	123481753	0	False	NA
chrX_123638289_123638290	chrX	123638289	123638290	65	True	39
chrX_123638301_123638302	chrX	123638301	123638302	60	True	39
chrX_123666392_123666393	chrX	123666392	123666393	22	False	NA
chrX_123667478_123667479	chrX	123667478	123667479	69	True	39
chrX_123668490_123668491	chrX	123668490	123668491	54	True	39
chrX_123668503_123668504	chrX	123668503	123668504	54	True	39
chrX_123704186_123704187	chrX	123704186	123704187	122	True	39
chrX_123710656_123710657	chrX	123710656	123710657	0	False	NA
chrX_123904998_123904999	chrX	123904998	123904999	52	True	39
chrX_124027195_124027196	chrX	124027195	124027196	46	True	39
chrX_124043430_124043431	chrX	124043430	124043431	198	True	39
chrX_124066611_124066612	chrX	124066611	124066612	320	True	39
chrX_124082670_124082671	chrX	124082670	124082671	0	False	NA
chrX_124087257_124087258	chrX	124087257	124087258	46	True	39
chrX_124099347_124099348	chrX	124099347	124099348	103	True	39
chrX_124382345_124382346	chrX	124382345	124382346	0	False	NA
chrX_129467615_129467616	chrX	129467615	129467616	0	False	NA
chrX_129470603_129470604	chrX	129470603	129470604	0	False	NA
chrX_129470605_129470606	chrX	129470605	129470606	0	False	NA
chrX_129491367_129491368	chrX	129491367	129491368	108	True	39
chrX_129497552_129497553	chrX	129497552	129497553	59	True	39
chrX_129502497_129502498	chrX	129502497	129502498	280	True	39
chrX_129503282_129503283	chrX	129503282	129503283	155	True	39
chrX_129561766_129561767	chrX	129561766	129561767	0	False	NA
chrX_129566293_129566294	chrX	129566293	129566294	0	False	NA
chrX_129582470_129582471	chrX	129582470	129582471	0	False	NA
chrX_129588537_129588538	chrX	129588537	129588538	12	False	NA
chrX_129746559_129746560	chrX	129746559	129746560	0	False	NA
chrX_129754470_129754471	chrX	129754470	129754471	0	False	NA
chrX_129754849_129754850	chrX	129754849	129754850	0	False	NA
chrX_129761413_129761414	chrX	129761413	129761414	0	False	NA
chrX_129790739_129790740	chrX	129790739	129790740	0	False	NA
chrX_129812022_129812023	chrX	129812022	129812023	5	False	NA
chrX_129920941_129920942	chrX	129920941	129920942	30	False	NA
chrX_130023248_130023249	chrX	130023248	130023249	0	False	NA
chrX_130140122_130140123	chrX	130140122	130140123	10	False	NA
chrX_130140416_130140417	chrX	130140416	130140417	10	False	NA
chrX_130145726_130145727	chrX	130145726	130145727	5	False	NA
chrX_130145730_130145731	chrX	130145730	130145731	5	False	NA
chrX_130152745_130152746	chrX	130152745	130152746	17	False	NA
chrX_130341301_130341302	chrX	130341301	130341302	0	False	NA
chrX_131282138_131282139	chrX	131282138	131282139	0	False	NA
chrX_132070816_132070817	chrX	132070816	132070817	15	False	NA
chrX_132070820_132070821	chrX	132070820	132070821	16	False	NA
chrX_132083464_132083465	chrX	132083464	132083465	0	False	NA
chrX_133304921_133304922	chrX	133304921	133304922	0	False	NA
chrX_134374434_134374435	chrX	134374434	134374435	51	True	39
chrX_134415880_134415881	chrX	134415880	134415881	15	False	NA
chrX_134496556_134496557	chrX	134496556	134496557	13	False	NA
chrX_134784209_134784210	chrX	134784209	134784210	0	False	NA
chrX_134794043_134794044	chrX	134794043	134794044	0	False	NA
chrX_134847288_134847289	chrX	134847288	134847289	5	False	NA
chrX_134894610_134894611	chrX	134894610	134894611	13	False	NA
chrX_134898814_134898815	chrX	134898814	134898815	18	False	NA
chrX_135119332_135119333	chrX	135119332	135119333	12	False	NA
chrX_135165467_135165468	chrX	135165467	135165468	18	False	NA
chrX_135546550_135546551	chrX	135546550	135546551	100	True	39
chrX_135573686_135573687	chrX	135573686	135573687	0	False	NA
chrX_135912267_135912268	chrX	135912267	135912268	23	False	NA
chrX_135966969_135966970	chrX	135966969	135966970	6	False	NA
chrX_136221322_136221323	chrX	136221322	136221323	0	False	NA
chrX_136223423_136223424	chrX	136223423	136223424	5	False	NA
chrX_136234727_136234728	chrX	136234727	136234728	5	False	NA
chrX_136352922_136352923	chrX	136352922	136352923	0	False	NA
chrX_136356411_136356412	chrX	136356411	136356412	0	False	NA
chrX_136358504_136358505	chrX	136358504	136358505	0	False	NA
chrX_136359672_136359673	chrX	136359672	136359673	0	False	NA
chrX_136361873_136361874	chrX	136361873	136361874	0	False	NA
chrX_136369041_136369042	chrX	136369041	136369042	0	False	NA
chrX_136393003_136393004	chrX	136393003	136393004	0	False	NA
chrX_136401892_136401893	chrX	136401892	136401893	0	False	NA
chrX_136413603_136413604	chrX	136413603	136413604	0	False	NA
chrX_136657526_136657527	chrX	136657526	136657527	0	False	NA
chrX_136657531_136657532	chrX	136657531	136657532	0	False	NA
chrX_136668464_136668465	chrX	136668464	136668465	0	False	NA
chrX_136675096_136675097	chrX	136675096	136675097	73	True	39
chrX_136676103_136676104	chrX	136676103	136676104	0	False	NA
chrX_136688791_136688792	chrX	136688791	136688792	0	False	NA
chrX_136707253_136707254	chrX	136707253	136707254	0	False	NA
chrX_136710592_136710593	chrX	136710592	136710593	0	False	NA
chrX_139544237_139544238	chrX	139544237	139544238	0	False	NA
chrX_139589722_139589723	chrX	139589722	139589723	0	False	NA
chrX_139604106_139604107	chrX	139604106	139604107	0	False	NA
chrX_139610002_139610003	chrX	139610002	139610003	0	False	NA
chrX_139615778_139615779	chrX	139615778	139615779	0	False	NA
chrX_139617181_139617182	chrX	139617181	139617182	0	False	NA
chrX_139620064_139620065	chrX	139620064	139620065	29	False	NA
chrX_139775712_139775713	chrX	139775712	139775713	0	False	NA
chrX_139783397_139783398	chrX	139783397	139783398	0	False	NA
chrX_139785794_139785795	chrX	139785794	139785795	0	False	NA
chrX_139788982_139788983	chrX	139788982	139788983	0	False	NA
chrX_139793041_139793042	chrX	139793041	139793042	0	False	NA
chrX_139798021_139798022	chrX	139798021	139798022	18	False	NA
chrX_139804832_139804833	chrX	139804832	139804833	5	False	NA
chrX_139815373_139815374	chrX	139815373	139815374	0	False	NA
chrX_139824014_139824015	chrX	139824014	139824015	9	False	NA
chrX_142204897_142204898	chrX	142204897	142204898	0	False	NA
chrX_143034315_143034316	chrX	143034315	143034316	0	False	NA
chrX_143034317_143034318	chrX	143034317	143034318	0	False	NA
chrX_143034343_143034344	chrX	143034343	143034344	0	False	NA
chrX_143631719_143631720	chrX	143631719	143631720	0	False	NA
chrX_147929646_147929647	chrX	147929646	147929647	26	False	NA
chrX_147929650_147929651	chrX	147929650	147929651	26	False	NA
chrX_147937898_147937899	chrX	147937898	147937899	24	False	NA
chrX_148839072_148839073	chrX	148839072	148839073	0	False	NA
chrX_148966083_148966084	chrX	148966083	148966084	0	False	NA
chrX_149603059_149603060	chrX	149603059	149603060	27	False	NA
chrX_150728776_150728777	chrX	150728776	150728777	11	False	NA
chrX_150735335_150735336	chrX	150735335	150735336	51	True	39
chrX_150750448_150750449	chrX	150750448	150750449	5	False	NA
chrX_150754231_150754232	chrX	150754231	150754232	12	False	NA
chrX_151177343_151177344	chrX	151177343	151177344	0	False	NA
chrX_151397442_151397443	chrX	151397442	151397443	198	True	39
chrX_151961074_151961075	chrX	151961074	151961075	833	True	39
chrX_152919970_152919971	chrX	152919970	152919971	0	False	NA
chrX_152932208_152932209	chrX	152932208	152932209	0	False	NA
chrX_152936517_152936518	chrX	152936517	152936518	0	False	NA
chrX_153321157_153321158	chrX	153321157	153321158	0	False	NA
chrX_153538512_153538513	chrX	153538512	153538513	0	False	NA
chrX_153593679_153593680	chrX	153593679	153593680	20	False	NA
chrX_153729135_153729136	chrX	153729135	153729136	290	True	39
chrX_153782354_153782355	chrX	153782354	153782355	0	False	NA
chrX_153908402_153908403	chrX	153908402	153908403	0	False	NA
chrX_153958249_153958250	chrX	153958249	153958250	874	True	39
chrX_153980439_153980440	chrX	153980439	153980440	0	False	NA
chrX_154294907_154294908	chrX	154294907	154294908	0	False	NA
chrX_154315039_154315040	chrX	154315039	154315040	0	False	NA
chrX_154321301_154321302	chrX	154321301	154321302	0	False	NA
chrX_154324001_154324002	chrX	154324001	154324002	0	False	NA
chrX_154353860_154353861	chrX	154353860	154353861	2545	True	39
chrX_154399223_154399224	chrX	154399223	154399224	2968	True	42
chrX_154445375_154445376	chrX	154445375	154445376	111	True	39
chrX_154478531_154478532	chrX	154478531	154478532	34	False	NA
chrX_154767652_154767653	chrX	154767652	154767653	796	True	39
chrX_154829664_154829665	chrX	154829664	154829665	0	False	NA
chrX_154901687_154901688	chrX	154901687	154901688	0	False	NA
chrX_154902828_154902829	chrX	154902828	154902829	0	False	NA
chrX_154990823_154990824	chrX	154990823	154990824	0	False	NA
chrX_155063489_155063490	chrX	155063489	155063490	0	False	NA
chrX_155073069_155073070	chrX	155073069	155073070	31	False	NA
chrX_155075881_155075882	chrX	155075881	155075882	36	False	NA
chrX_155078401_155078402	chrX	155078401	155078402	20	False	NA
chrX_155095753_155095754	chrX	155095753	155095754	5	False	NA
chrX_155279490_155279491	chrX	155279490	155279491	0	False	NA
chrX_156006016_156006017	chrX	156006016	156006017	0	False	NA
chrY_6868490_6868491	chrY	6868490	6868491	0	False	NA
chrY_7065740_7065741	chrY	7065740	7065741	0	False	NA
chrY_7072176_7072177	chrY	7072176	7072177	0	False	NA
chrY_12663010_12663011	chrY	12663010	12663011	0	False	NA
chrY_12704132_12704133	chrY	12704132	12704133	24	False	NA
chrY_12709026_12709027	chrY	12709026	12709027	21	False	NA
chrY_12721513_12721514	chrY	12721513	12721514	5	False	NA
chrY_12779495_12779496	chrY	12779495	12779496	77	True	39
chrY_12787958_12787959	chrY	12787958	12787959	0	False	NA
chrY_12791269_12791270	chrY	12791269	12791270	0	False	NA
chrY_12810489_12810490	chrY	12810489	12810490	0	False	NA
chrY_12810493_12810494	chrY	12810493	12810494	0	False	NA
chrY_12812113_12812114	chrY	12812113	12812114	66	True	39
chrY_12908158_12908159	chrY	12908158	12908159	0	False	NA
chrY_13257001_13257002	chrY	13257001	13257002	0	False	NA
chrY_13304181_13304182	chrY	13304181	13304182	0	False	NA
chrY_13355637_13355638	chrY	13355637	13355638	0	False	NA
chrY_13356538_13356539	chrY	13356538	13356539	0	False	NA
chrY_13473681_13473682	chrY	13473681	13473682	0	False	NA
chrY_14720472_14720473	chrY	14720472	14720473	5	False	NA
chrY_20576134_20576135	chrY	20576134	20576135	0	False	NA
chrY_20580001_20580002	chrY	20580001	20580002	0	False	NA
chrY_20762979_20762980	chrY	20762979	20762980	0	False	NA
